symbol,date,open,high,low,close,usd_volume,crypto_volume,usd_volume_mil
ADA,2020-02-13,0.0681441346869451,0.0720592893730806,0.0655843625788926,0.0684966177249987,202028653.23271,2923128735.88339,202.02865323271
ADA,2020-02-14,0.0684966177249987,0.071085238275351,0.0670945025912256,0.0706541027300134,142250202.517911,2055684040.10077,142.250202517911
ADA,2020-02-15,0.0706541027300134,0.0712256904225327,0.0624206575483498,0.064162955355626,158861095.626329,2359346890.89579,158.86109562632902
ADA,2020-02-16,0.064162955355626,0.0669947526536045,0.056751855465997,0.0616011088466844,162332639.277767,2602882805.92482,162.33263927776702
ADA,2020-02-17,0.0616011088466844,0.0626144562190908,0.0559176240657392,0.0601757721876569,156938583.203115,2672693430.07365,156.93858320311497
ADA,2020-02-18,0.0601757721876569,0.0636414889000898,0.0579544686387171,0.0627236928867317,150383829.852393,2463982403.77208,150.383829852393
ADA,2020-02-19,0.0627236928867317,0.0630500727435806,0.0569356380566539,0.0574291952469346,17035657.2557481,278129754.311574,17.035657255748102
ADA,2020-02-20,0.0574291952469346,0.0588312771990107,0.0554425386705181,0.0582376725524797,17585849.6334987,306665008.867505,17.5858496334987
ADA,2020-02-21,0.0582376725524797,0.0600878732438543,0.0578170827086455,0.0587038086795371,1025532.57037374,17384179.8,1.0255325703737401
ADA,2020-02-22,0.0587038086795371,0.0592094145234266,0.0571551534528718,0.0584681495529211,2429452.10134129,41785809.1880093,2.42945210134129
ADA,2020-02-23,0.0584681495529211,0.062120794591211,0.0582768374748453,0.0617602422668343,4512474.25464832,74290273.827959,4.51247425464832
ADA,2020-02-24,0.0617602422668343,0.0619936136359823,0.057527104731355,0.0589542177461293,954925.071674493,16045324.7840666,0.954925071674493
ADA,2020-02-25,0.0589542177461293,0.0592163394712445,0.0561586459131324,0.0562346895399254,6676841.75491854,116234351.831097,6.67684175491854
ADA,2020-02-26,0.0562346895399254,0.0566278746085782,0.0491917482179683,0.0491917482179683,276749.0245985,5172818.67236679,0.2767490245985
ADA,2020-02-27,0.0491917482179683,0.0523924283734533,0.0479967566230402,0.0499640528859379,289817.055503735,5756509.51257524,0.28981705550373504
ADA,2020-02-28,0.0499640528859379,0.0510515587184531,0.0472545153101965,0.0491928445903756,527176.286955784,10761852.0649429,0.527176286955784
ADA,2020-02-29,0.0491928445903756,0.0499860883427091,0.0473839463929746,0.0473839463929746,157934.31715525,3259325.06725135,0.15793431715525
ADA,2020-03-01,0.0473839463929746,0.0484905205631711,0.0455652965016232,0.0460277697650004,7156408.10338372,151023680.569965,7.15640810338372
ADA,2020-03-02,0.0460277697650004,0.0499215668189629,0.0456274162150991,0.0493210346290953,71779881.8681943,1494507837.1464,71.7798818681943
ADA,2020-03-03,0.0493210346290953,0.0494972691412625,0.0476720903042116,0.0487098172116416,86651348.5151193,1782217682.56645,86.6513485151193
ADA,2020-03-04,0.0487098172116416,0.050391421604723,0.048227212077826,0.0491436015153936,101988614.888803,2068670563.51085,101.988614888803
ADA,2020-03-05,0.0491436015153936,0.0523791327253684,0.0491436015153936,0.0510272061798874,74573167.6217322,1463355232.71503,74.57316762173221
ADA,2020-03-06,0.0510272061798874,0.0518312173034711,0.0501026870132207,0.0518312173034711,66799223.3016462,1306674583.07449,66.79922330164621
ADA,2020-03-07,0.0518312173034711,0.0520075172036301,0.0483777722778776,0.0489033171119762,57812443.7086959,1144365848.62887,57.8124437086959
ADA,2020-03-08,0.0489033171119762,0.0489034724181495,0.0426153227495693,0.0430715989551943,78295613.9231616,1707889193.24462,78.2956139231616
ADA,2020-03-09,0.0430715989551943,0.0441386201793408,0.0392028975293698,0.041739977409235,89053005.6781232,2139128032.0885,89.0530056781232
ADA,2020-03-10,0.041739977409235,0.0431613832352816,0.0405901637539393,0.0415950321939458,72881313.4739318,1745628965.84074,72.8813134739318
ADA,2020-03-11,0.0415950321939458,0.0418823922294484,0.0374981450726006,0.0397661959396956,72405571.4239644,1807221264.09179,72.40557142396439
ADA,2020-03-12,0.0397661959396956,0.0398720286857297,0.0231211340594622,0.0238085204896085,141881994.944389,4576671429.18149,141.881994944389
ADA,2020-03-13,0.0238085204896085,0.0296750326432665,0.018384872608961,0.0288637880319365,122359179.79124,4805946233.23413,122.35917979124001
ADA,2020-03-14,0.0288637880319365,0.0291909252859357,0.0257568016882203,0.0261439757634387,50951154.8565828,1842490468.15141,50.9511548565828
ADA,2020-03-15,0.0261439757634387,0.0291268996273707,0.0259035657072357,0.0270558135824275,46233166.6626824,1714998231.45351,46.2331666626824
ADA,2020-03-16,0.0270558135824275,0.0270558135824275,0.0219488321734131,0.0243784806800826,64341371.6378832,2665051453.55995,64.3413716378832
ADA,2020-03-17,0.0243784806800826,0.0266075503251544,0.0240985321496952,0.0259246641721213,54743088.3790895,2118462200.04246,54.7430883790895
ADA,2020-03-18,0.0259246641721213,0.0265588928333229,0.0244319051587065,0.0261333729878094,53350558.9528282,2084033797.68351,53.3505589528282
ADA,2020-03-19,0.0261333729878094,0.0320308977713153,0.0258978602991386,0.030364510460022,72378267.0318931,2510911846.63223,72.3782670318931
ADA,2020-03-20,0.030364510460022,0.0338667983953357,0.0269472745559415,0.029447689966701,104594531.159772,3393241131.5031,104.59453115977199
ADA,2020-03-21,0.029447689966701,0.0306304228823563,0.028014212878093,0.0295044347433701,66240674.4820782,2261397843.11007,66.2406744820782
ADA,2020-03-22,0.0295044347433701,0.0304285346053159,0.0269371428664416,0.0270986391782613,63623814.7936332,2221866137.54872,63.6238147936332
ADA,2020-03-23,0.0270986391782613,0.0299357815347955,0.0267448854496059,0.0293462344377524,70460027.6662831,2506494454.3592,70.4600276662831
ADA,2020-03-24,0.0293462344377524,0.0304862095810821,0.0288866086820641,0.0303828512347169,66130322.7512288,2225421031.56042,66.1303227512288
ADA,2020-03-25,0.0303828512347169,0.0305402214794928,0.0289122061239067,0.0295346905756215,63685200.6499274,2147856068.0364,63.6852006499274
ADA,2020-03-26,0.0295346905756215,0.0310455403290667,0.0293596330225087,0.0310057817604739,60348499.1633666,2022731804.51632,60.348499163366604
ADA,2020-03-27,0.0310057817604739,0.031537863573817,0.0286641952949282,0.0289836302832064,69561476.4240069,2285241552.78307,69.5614764240069
ADA,2020-03-28,0.0289836302832064,0.0300560017873861,0.0278553344499715,0.0298934188095891,62699683.5057598,2173339500.81327,62.6996835057598
ADA,2020-03-29,0.0298934188095891,0.0300848220629612,0.0281540660952655,0.0281540660952655,56918015.9034022,1950291717.69526,56.9180159034022
ADA,2020-03-30,0.0281540660952655,0.030293812210145,0.028091267626671,0.0297104578127491,56409540.4293327,1920464476.28096,56.4095404293327
ADA,2020-03-31,0.0297104578127491,0.0306917056790886,0.0295269156892567,0.0305043933771793,59580351.839017,1975380228.70628,59.580351839017
ADA,2020-04-01,0.0305043933771793,0.0310301425218275,0.0295065586594012,0.0310301425218275,71011197.9697962,2345103874.17832,71.0111979697962
ADA,2020-04-02,0.0310301425218275,0.033463825134929,0.0309259603900461,0.0319341308625113,78966502.36944,2487970334.44543,78.96650236944001
ADA,2020-04-03,0.0319341308625113,0.0327491698601648,0.0316451886784544,0.0323306924372049,66487602.9428725,2065165807.17917,66.4876029428725
ADA,2020-04-04,0.0323306924372049,0.032559181631758,0.031802513254417,0.0324909040365905,65168513.5244578,2025141236.16746,65.1685135244578
ADA,2020-04-05,0.0324909040365905,0.0326088988563894,0.0316437700773034,0.0319326267218219,46005767.5450562,1431303353.17261,46.0057675450562
ADA,2020-04-06,0.0319326267218219,0.0360412129594592,0.0319326267218219,0.0359692053842036,84228480.9385536,2481694924.68907,84.2284809385536
ADA,2020-04-07,0.0359692053842036,0.0369287113623028,0.0345600309611354,0.035252046943398,89077175.8795704,2479029657.13945,89.07717587957039
ADA,2020-04-08,0.035252046943398,0.0368360470326778,0.035252046943398,0.0364360286041808,78581288.9273111,2169446864.84501,78.58128892731109
ADA,2020-04-09,0.0364360286041808,0.0366447025894211,0.0353965908982233,0.0361534873370074,68651892.4945288,1899740582.56998,68.6518924945288
ADA,2020-04-10,0.0361534873370074,0.0362273450125116,0.0323244556202149,0.0332905777070135,76313325.5782105,2265963530.92537,76.31332557821051
ADA,2020-04-11,0.0332905777070135,0.0341430788404814,0.0327452822819395,0.0334955061086467,59751543.877626,1779226869.32683,59.751543877626
ADA,2020-04-12,0.0334955061086467,0.0350111387320961,0.033033681606931,0.033539886687768,54865593.8838563,1615682256.64494,54.8655938838563
ADA,2020-04-13,0.033539886687768,0.0335695951297213,0.0319669671308093,0.0331993969402908,64989778.061428,1991288862.40193,64.989778061428
ADA,2020-04-14,0.0331993969402908,0.0338464159911821,0.0327619267571782,0.0331570425438043,60208972.771232,1809256041.50403,60.208972771232
ADA,2020-04-15,0.0331570425438043,0.0337557325438227,0.0318456365938861,0.0318829997027927,56156191.6935684,1703874494.13159,56.1561916935684
ADA,2020-04-16,0.0318829997027927,0.0349793719904329,0.0310627599597371,0.0344451557025992,76534087.9838385,2303004447.41108,76.5340879838385
ADA,2020-04-17,0.0344451557025992,0.0349024692623231,0.0341775409767914,0.0343555694192992,60816431.4162711,1764257120.33421,60.8164314162711
ADA,2020-04-18,0.0343555694192992,0.0370560389195881,0.0343555694192992,0.0366494896245994,68018999.0514084,1910462231.91852,68.0189990514084
ADA,2020-04-19,0.0366494896245994,0.0367890269031257,0.0352518446145081,0.0356082529474464,68237749.9063701,1893603777.70457,68.2377499063701
ADA,2020-04-20,0.0356082529474464,0.0366511671188853,0.0340199875011167,0.0340199875011167,73198050.4937537,2060866037.98161,73.1980504937537
ADA,2020-04-21,0.0340199875011167,0.0350744916303208,0.0338173349238906,0.0346278721855036,66571039.5255915,1932218486.8194,66.5710395255915
ADA,2020-04-22,0.0346278721855036,0.0367332189730789,0.0344106059204545,0.0367201045502773,57160567.9219374,1605232775.09407,57.1605679219374
ADA,2020-04-23,0.0367201045502773,0.0424975829804752,0.0364982254221584,0.0408403355818995,117699394.171277,3006273418.18528,117.699394171277
ADA,2020-04-24,0.0408403355818995,0.0438551519063488,0.0408403355818995,0.0416374197261935,136397190.865266,3185960043.73053,136.397190865266
ADA,2020-04-25,0.0416374197261935,0.0435242057999306,0.0410641585059255,0.0422746901525345,70873654.7326888,1667433611.48081,70.8736547326888
ADA,2020-04-26,0.0422746901525345,0.0461328243090085,0.0418886601366317,0.0459687306371501,112777426.803824,2553464560.79389,112.777426803824
ADA,2020-04-27,0.0459687306371501,0.0476149508953849,0.0443779327104557,0.0465250318953645,128317357.964633,2798383495.75949,128.317357964633
ADA,2020-04-28,0.0465250318953645,0.0480209897725179,0.0460435918914241,0.046897006880464,108326959.698929,2298052581.83611,108.326959698929
ADA,2020-04-29,0.046897006880464,0.0519546205614822,0.0468953595384551,0.05148991885132,138437263.235711,2782624392.97609,138.43726323571101
ADA,2020-04-30,0.05148991885132,0.0543037463579589,0.0472180528997175,0.0475815910934745,188891950.527617,3723713167.55666,188.891950527617
ADA,2020-05-01,0.0475815910934745,0.0518351030687327,0.0475448258020041,0.0509306789453753,125711965.30882,2496269638.93444,125.71196530882
ADA,2020-05-02,0.0509306789453753,0.051414769907202,0.0495417885724529,0.0509313350162696,98975926.5887134,1960017303.0389,98.97592658871339
ADA,2020-05-03,0.0509313350162696,0.0517299164857558,0.0478640043198548,0.0490508707971893,110536819.210166,2212179377.20977,110.536819210166
ADA,2020-05-04,0.0490508707971893,0.0501368688148177,0.0462023978579265,0.0495064696865547,129575185.928601,2680892241.33151,129.575185928601
ADA,2020-05-05,0.0495064696865547,0.0506110634093685,0.0487799528962747,0.0494854728625015,102287378.277337,2056792555.34955,102.287378277337
ADA,2020-05-06,0.0494854728625015,0.0511169198180635,0.0487575326219123,0.048927216629949,104553529.592223,2091992189.29809,104.553529592223
ADA,2020-05-07,0.048927216629949,0.0515087477767033,0.0485034903857927,0.0512577816878647,112329790.887394,2246040211.2181,112.329790887394
ADA,2020-05-08,0.0512577816878647,0.0536834714691687,0.0509815372042875,0.0520147471023476,136939188.955625,2628062824.25127,136.93918895562499
ADA,2020-05-09,0.0520147471023476,0.0530373240668197,0.051306773590077,0.0514915545618165,112795971.133045,2156840510.69521,112.795971133045
ADA,2020-05-10,0.0514915545618165,0.0515604441160675,0.0429999134828328,0.0476143632206081,169563514.516077,3610855001.91656,169.56351451607702
ADA,2020-05-11,0.0476143632206081,0.0499765247848018,0.0450868102978014,0.0478342857823581,154974561.894148,3266702122.91306,154.974561894148
ADA,2020-05-12,0.0478342857823581,0.0510152393983428,0.0477967047961027,0.0504470553338949,134696878.348646,2683230953.069,134.69687834864598
ADA,2020-05-13,0.0504470553338949,0.0522938813535128,0.049630672022228,0.051570924274205,114071527.333799,2241512298.72419,114.07152733379901
ADA,2020-05-14,0.051570924274205,0.0520065690874889,0.0504032687979157,0.0509372075417073,112968874.267957,2200934886.2517,112.968874267957
ADA,2020-05-15,0.0509372075417073,0.051865823685815,0.0496393094192201,0.0502309265322064,107804327.636445,2122263383.81045,107.804327636445
ADA,2020-05-16,0.0502309265322064,0.0513405703088915,0.0498698935293369,0.0510372821491797,90517337.0986093,1783509738.77678,90.5173370986093
ADA,2020-05-17,0.0510372821491797,0.0522227341980252,0.0509247749496711,0.0512440323704597,86509150.2894118,1684189547.47715,86.50915028941179
ADA,2020-05-18,0.0512440323704597,0.0549128876831445,0.0511344070992172,0.0542525161382114,132805569.21292,2468722629.58793,132.80556921292
ADA,2020-05-19,0.0542525161382114,0.0569223689648791,0.0525668192377331,0.0567458158136437,130492143.322803,2396980556.45367,130.492143322803
ADA,2020-05-20,0.0567458158136437,0.0575172688571968,0.0540390032672972,0.0568502473948961,132384631.999468,2353186354.79739,132.38463199946798
ADA,2020-05-21,0.0568502473948961,0.0574970536258225,0.0503357403148229,0.0520748450749094,148508901.003074,2734793440.61732,148.508901003074
ADA,2020-05-22,0.0520748450749094,0.0569547331163588,0.0512894641827332,0.0557548112148336,140725320.995919,2611933061.90258,140.725320995919
ADA,2020-05-23,0.0557548112148336,0.0564575049481668,0.0541756697199671,0.0549181420752053,77344177.0991099,1395819219.24199,77.3441770991099
ADA,2020-05-24,0.0549181420752053,0.0560735216754584,0.0513379026847851,0.0513379026847851,55546341.437193,1022409939.78859,55.546341437193
ADA,2020-05-25,0.0513379026847851,0.0543064911322732,0.051056464640968,0.053866682560663,114119764.334799,2161413588.52917,114.119764334799
ADA,2020-05-26,0.053866682560663,0.0541175682281828,0.0519888533915448,0.0535460766002031,105948257.040554,1995545459.61296,105.948257040554
ADA,2020-05-27,0.0535460766002031,0.0558413999253485,0.0530171201759467,0.0550036343302664,121237023.430996,2215223384.6573,121.237023430996
ADA,2020-05-28,0.0550036343302664,0.0673373812997326,0.054865677155816,0.0648707593102577,240270374.099571,3999389494.03887,240.270374099571
ADA,2020-05-29,0.0648707593102577,0.0664988000400651,0.0627176521089694,0.0646743034829292,258288663.212089,4009623074.50264,258.288663212089
ADA,2020-05-30,0.0646743034829292,0.0772026991767309,0.0637679639655691,0.076718497833199,366059653.689179,5139521152.917,366.059653689179
ADA,2020-05-31,0.076718497833199,0.0862246418248454,0.0723952429867746,0.0738765351867771,587462490.928473,7379799101.50375,587.462490928473
ADA,2020-06-01,0.0738765351867771,0.0826389533566949,0.0736153816758393,0.0808339370139103,436630274.28186,5525914994.79093,436.63027428186
ADA,2020-06-02,0.0808339370139103,0.0823359874716257,0.0731193145330661,0.0788242905806961,376679429.875964,4740485308.55001,376.679429875964
ADA,2020-06-03,0.0788242905806961,0.0855399561579595,0.0773559213889835,0.0853861767602253,349489103.608334,4259226935.50916,349.489103608334
ADA,2020-06-04,0.0853861767602253,0.0901258968299776,0.0843324312780032,0.0887693569230422,376940253.436906,4309212950.50619,376.940253436906
ADA,2020-06-05,0.0887693569230422,0.0890734443084252,0.0841259531597117,0.0851999077912102,239356457.929257,2762567681.0732,239.356457929257
ADA,2020-06-06,0.0851999077912102,0.0870632765015786,0.0849382517248948,0.086230287128425,127386615.132149,1481795659.24065,127.38661513214899
ADA,2020-06-07,0.086230287128425,0.0885249121233572,0.0828873913573877,0.0865606864031025,163478421.026557,1904851752.67604,163.478421026557
ADA,2020-06-08,0.0865606864031025,0.0869469596640779,0.084684292483088,0.08652808611563,122419464.03826,1426533310.86767,122.41946403826
ADA,2020-06-09,0.08652808611563,0.0867426893109863,0.0830054609721135,0.0830054609721135,123653553.860477,1459759399.74765,123.653553860477
ADA,2020-06-10,0.0830054609721135,0.0838385437512603,0.0797983365143261,0.0835771296489053,170692499.071686,2088426874.16873,170.692499071686
ADA,2020-06-11,0.0835771296489053,0.085004558505668,0.0740949107851191,0.0750895175867636,177537808.491286,2223944691.34505,177.537808491286
ADA,2020-06-12,0.0750895175867636,0.0805894867130186,0.0749485987549417,0.0794329088509702,137468132.976426,1750614132.27401,137.468132976426
ADA,2020-06-13,0.0794329088509702,0.0795084535298626,0.0773371491204197,0.0790711517560221,98796309.8264154,1261447916.09127,98.79630982641541
ADA,2020-06-14,0.0790711517560221,0.0791360266067891,0.075788177949081,0.0764181891878903,93327738.8973212,1204706396.2085,93.3277388973212
ADA,2020-06-15,0.0764181891878903,0.0797718418692665,0.0694842270898282,0.0783006838982748,172343517.168547,2337072288.62793,172.343517168547
ADA,2020-06-16,0.0783006838982748,0.0795731617083299,0.0767994137989542,0.0792065387791081,133432165.882904,1703292907.5026,133.432165882904
ADA,2020-06-17,0.0792065387791081,0.0835410875693817,0.077444822220377,0.0834033222285429,163113414.038324,2024562554.19887,163.113414038324
ADA,2020-06-18,0.0834033222285429,0.0843778228899038,0.0800834370151995,0.081794480409437,141307718.058165,1718286846.95691,141.30771805816502
ADA,2020-06-19,0.081794480409437,0.0818341354846273,0.0786518851181909,0.0798521791126746,122473693.945283,1527982835.17483,122.47369394528299
ADA,2020-06-20,0.0798521791126746,0.0801006549286037,0.077305623038425,0.0796125922479703,100837668.648983,1277932340.82812,100.837668648983
ADA,2020-06-21,0.0796125922479703,0.0808815260027107,0.0782065136132722,0.0783829313163952,93706524.5912062,1176614112.32167,93.70652459120619
ADA,2020-06-22,0.0783829313163952,0.0838745406263846,0.0782920329322913,0.0836028965142386,116750171.785804,1437251573.0404,116.750171785804
ADA,2020-06-23,0.0836028965142386,0.0843595330379942,0.0815426091330304,0.0827644483871768,113525045.283217,1370783966.80104,113.525045283217
ADA,2020-06-24,0.0827644483871768,0.087056339590947,0.0801394715766051,0.0824685784157129,164373700.366033,1967246201.90567,164.37370036603298
ADA,2020-06-25,0.0824685784157129,0.0834071121241666,0.0790162602823853,0.0816718088591072,129401020.843582,1585752729.21835,129.40102084358202
ADA,2020-06-26,0.0816718088591072,0.0818096848247046,0.0796031328901329,0.0805565336410195,105856669.411053,1311858034.18508,105.856669411053
ADA,2020-06-27,0.0805565336410195,0.0809641196101346,0.0752044940072321,0.0774549854650605,82515259.078489,1045708071.74587,82.51525907848901
ADA,2020-06-28,0.0774549854650605,0.0811238357166963,0.0761847754040659,0.0802251067695725,107733075.236374,1366003571.57834,107.733075236374
ADA,2020-06-29,0.0802251067695725,0.0843239714150879,0.0802251067695725,0.0838997301894071,156691430.957208,1900016640.88599,156.691430957208
ADA,2020-06-30,0.0838997301894071,0.084670935807428,0.0819123664930561,0.0830600057247046,132422062.093177,1589390690.59561,132.422062093177
ADA,2020-07-01,0.0830600057247046,0.0966891555175863,0.0825290979784417,0.0966891555175863,153567640.297161,1710701645.75948,153.567640297161
ADA,2020-07-02,0.0966891555175863,0.0966891555175863,0.0881675707581076,0.092965930274564,201422197.57786,2157354978.13281,201.42219757786
ADA,2020-07-03,0.092965930274564,0.10180052111956,0.0923703617960575,0.0965929443902122,206801234.928829,2132469457.079,206.80123492882902
ADA,2020-07-04,0.0965929443902122,0.100975120571044,0.0960722795545306,0.100122440901474,155153533.179019,1569667913.7044,155.153533179019
ADA,2020-07-05,0.100122440901474,0.100122440901474,0.0944324630342069,0.0982962083839708,128074320.797553,1323177656.21898,128.074320797553
ADA,2020-07-06,0.0982962083839708,0.105875431881673,0.0973907366624459,0.105105533957237,161746660.812565,1609037082.22883,161.746660812565
ADA,2020-07-07,0.105105533957237,0.118882382995666,0.103011660401,0.117609813752332,266608484.570694,2410743757.32983,266.608484570694
ADA,2020-07-08,0.117609813752332,0.137480655300615,0.115056132257226,0.129834656989948,567394082.710755,4399989421.92013,567.394082710755
ADA,2020-07-09,0.129834656989948,0.129834656989948,0.117652156048867,0.12404393908029,323474335.674553,2634248046.07143,323.474335674553
ADA,2020-07-10,0.12404393908029,0.124211397248508,0.11075916840136,0.118391903548628,242100569.842101,2074235823.55386,242.100569842101
ADA,2020-07-11,0.118391903548628,0.126865221062088,0.118008627046466,0.125107062452027,185950402.498404,1528725539.60674,185.950402498404
ADA,2020-07-12,0.125107062452027,0.128194295520303,0.12082427310497,0.126883235364629,163162543.011808,1314144140.84679,163.162543011808
ADA,2020-07-13,0.126883235364629,0.135174228268101,0.121898987990099,0.124209632926382,280083450.85851,2145877176.21801,280.08345085851
ADA,2020-07-14,0.124209632926382,0.134604744461186,0.121321910134301,0.132226263083732,219988216.272226,1723454528.96591,219.988216272226
ADA,2020-07-15,0.132226263083732,0.132534464265382,0.127461851911675,0.130459989866125,147104316.955421,1129753394.90044,147.104316955421
ADA,2020-07-16,0.130459989866125,0.132783498598819,0.118691757289241,0.125949148520235,194306061.753263,1546121760.03097,194.306061753263
ADA,2020-07-17,0.125949148520235,0.126518638261138,0.121904666953875,0.122213906658516,108739619.650773,876992349.204223,108.73961965077301
ADA,2020-07-18,0.122213906658516,0.124699159140841,0.118373107138348,0.122726668791835,97250897.298294,801207097.007553,97.25089729829399
ADA,2020-07-19,0.122726668791835,0.124594909111031,0.121367486832153,0.123988774508189,74307806.9321013,603922354.418597,74.3078069321013
ADA,2020-07-20,0.123988774508189,0.124161325774307,0.116412562449585,0.11786242603367,77570952.8269376,641440272.9616,77.5709528269376
ADA,2020-07-21,0.11786242603367,0.124516149129329,0.117111365173553,0.123263188163352,97947162.7283253,802059119.539331,97.94716272832531
ADA,2020-07-22,0.123263188163352,0.124647079188104,0.120735365073623,0.124028439214458,71075346.9406085,582040032.019671,71.0753469406085
ADA,2020-07-23,0.124028439214458,0.125992963975691,0.123764329191793,0.124155776687488,106253102.820454,852611975.467205,106.253102820454
ADA,2020-07-24,0.124155776687488,0.124285956578649,0.120992886618447,0.122204980149938,112101973.138871,913157115.494133,112.101973138871
ADA,2020-07-25,0.122204980149938,0.144954249068689,0.122204980149938,0.14338608604749,305013353.644211,2269080781.15387,305.013353644211
ADA,2020-07-26,0.14338608604749,0.154192759122247,0.141474410605958,0.148304574534373,401522481.599979,2721853639.48295,401.52248159997896
ADA,2020-07-27,0.148304574534373,0.149616173743304,0.130633310456186,0.138665375122551,412273916.782421,2950001587.77273,412.273916782421
ADA,2020-07-28,0.138665375122551,0.150532646456704,0.134865496384386,0.148814007044395,309517144.630541,2187652909.74617,309.51714463054105
ADA,2020-07-29,0.148814007044395,0.149706805879019,0.13893669114429,0.139955113017309,213358155.652288,1487800403.0995,213.358155652288
ADA,2020-07-30,0.139955113017309,0.142521619758617,0.137459962636816,0.140760006703303,116850870.74894,834683748.798236,116.85087074894001
ADA,2020-07-31,0.140760006703303,0.141191807646649,0.136466881834297,0.13907905632831,104597843.891038,751595888.130395,104.597843891038
ADA,2020-08-01,0.13907905632831,0.146792994161132,0.13868094624988,0.144060073279696,163965516.440817,1156302006.69319,163.965516440817
ADA,2020-08-02,0.144060073279696,0.147902992952128,0.129686403396576,0.133731032651701,201522780.161445,1471169797.69811,201.52278016144498
ADA,2020-08-03,0.133731032651701,0.138976895960449,0.13225789238893,0.137318845917085,115438605.230212,843648383.823358,115.438605230212
ADA,2020-08-04,0.137318845917085,0.147666292965076,0.136395723381496,0.143152640193384,176686211.603602,1247679030.3313,176.686211603602
ADA,2020-08-05,0.143152640193384,0.144956356096588,0.140488897751471,0.142335723335499,129676858.372373,906795548.89135,129.676858372373
ADA,2020-08-06,0.142335723335499,0.145599344003539,0.140115981828818,0.144339133062829,129297689.981218,906079751.634706,129.29768998121799
ADA,2020-08-07,0.144339133062829,0.146963706486766,0.131220801720164,0.13901765842456,464196408.161841,3281635947.01968,464.19640816184096
ADA,2020-08-08,0.13901765842456,0.147579322293018,0.137479393531812,0.146836639860898,132118017.971549,926423953.741548,132.118017971549
ADA,2020-08-09,0.146836639860898,0.152202542270185,0.142175177089386,0.145087515310592,175601877.487331,1196741930.31581,175.601877487331
ADA,2020-08-10,0.145087515310592,0.146220282226795,0.142190034318369,0.143832402219814,148049749.508222,1025670338.51897,148.04974950822202
ADA,2020-08-11,0.143832402219814,0.145754462053789,0.131194631479149,0.136848791420823,458907003.645908,3202717054.65825,458.907003645908
ADA,2020-08-12,0.136848791420823,0.137717031072553,0.124425048687788,0.136769384509444,149892051.238328,1126671380.27343,149.892051238328
ADA,2020-08-13,0.136769384509444,0.141736662764694,0.132337786337687,0.139482049405621,144579870.129932,1052387928.69674,144.57987012993198
ADA,2020-08-14,0.139482049405621,0.141182816573884,0.137707132358331,0.138419611883719,111400461.46452,800238295.954454,111.40046146452
ADA,2020-08-15,0.138419611883719,0.141585539477915,0.136450358581981,0.138401420611433,104636604.818232,755240875.406198,104.636604818232
ADA,2020-08-16,0.138401420611433,0.139439032011099,0.135114407679995,0.138783805292281,87809944.1508425,637677529.097638,87.8099441508425
ADA,2020-08-17,0.138783805292281,0.144684079341075,0.137473321405408,0.140512934582847,163063386.30725,1154904900.9795,163.06338630725
ADA,2020-08-18,0.140512934582847,0.143814643257487,0.134294042055957,0.137119024215791,119205857.052227,859479071.532328,119.205857052227
ADA,2020-08-19,0.137119024215791,0.138107419145481,0.126826762876761,0.129655708027417,132837953.29944,1006129025.95455,132.83795329944
ADA,2020-08-20,0.129655708027417,0.134483515391085,0.126249890456865,0.134141658259801,101461065.634153,779202974.109524,101.46106563415299
ADA,2020-08-21,0.134141658259801,0.13424187948456,0.121716184369091,0.123072247151799,118174319.381661,917588519.674266,118.174319381661
ADA,2020-08-22,0.123072247151799,0.126184309217849,0.118307808799049,0.125248726637026,96177070.5028846,781592795.277071,96.17707050288459
ADA,2020-08-23,0.125248726637026,0.125861526637083,0.119666352294702,0.121522897141684,78766214.2989603,643002859.334959,78.76621429896029
ADA,2020-08-24,0.121522897141684,0.126953624638986,0.12022217209778,0.123700941153937,93243354.3880414,750610047.616288,93.24335438804141
ADA,2020-08-25,0.123700941153937,0.12398322971606,0.106383964582124,0.112742447268366,157922325.710974,1378037045.63601,157.922325710974
ADA,2020-08-26,0.112742447268366,0.1180928079125,0.110468782907972,0.114416970392714,114777817.606451,1002900759.25181,114.77781760645101
ADA,2020-08-27,0.114416970392714,0.115642883680456,0.102671797635438,0.107182783513774,137700401.015881,1265489563.71951,137.700401015881
ADA,2020-08-28,0.107182783513774,0.111359636617386,0.106192239331156,0.109338973499891,96604726.4102555,886514391.129099,96.60472641025551
ADA,2020-08-29,0.109338973499891,0.117913807734502,0.108284427457804,0.116339655821638,84073765.2011114,744274715.052025,84.0737652011114
ADA,2020-08-30,0.116339655821638,0.118727440718785,0.114058594372526,0.117373932704645,94924568.1898924,816667683.088193,94.9245681898924
ADA,2020-08-31,0.117373932704645,0.126545312224821,0.113180045753565,0.12246520150955,136587231.41362,1139784181.84069,136.58723141362
ADA,2020-09-01,0.12246520150955,0.127867557681885,0.119310449414548,0.124381136475081,135354870.707926,1095099617.4176,135.354870707926
ADA,2020-09-02,0.124381136475081,0.126153592699871,0.110383185650643,0.11495749703353,123209699.990666,1046921787.3056,123.209699990666
ADA,2020-09-03,0.11495749703353,0.116711356712047,0.0932328325394151,0.0950567098125579,144247719.902186,1354704779.77246,144.24771990218602
ADA,2020-09-04,0.0950567098125579,0.104190940120333,0.0928687375956693,0.101985519215182,168872486.779999,1707503611.63447,168.87248677999898
ADA,2020-09-05,0.101985519215182,0.104026320658168,0.0867096166682597,0.0903381022496386,130604955.374575,1379921367.90844,130.604955374575
ADA,2020-09-06,0.0903381022496386,0.095491242707865,0.0859692967596053,0.0928683567980187,108443876.314534,1181959711.68677,108.443876314534
ADA,2020-09-07,0.0928683567980187,0.0943208572252581,0.0865839295571191,0.0936274681099209,96184636.5714577,1065067437.53872,96.1846365714577
ADA,2020-09-08,0.0936274681099209,0.0968736045879107,0.0885231187693509,0.0911234424853516,95440851.9223048,1035350049.59577,95.44085192230479
ADA,2020-09-09,0.0911234424853516,0.0957595242685593,0.0894504230239344,0.0934884222079997,63206269.565321,680302058.253376,63.206269565321
ADA,2020-09-10,0.0934884222079997,0.0994949010900932,0.0933754642674067,0.0972427639305193,87369562.2599741,900403038.054844,87.3695622599741
ADA,2020-09-11,0.0972427639305193,0.0975956470532089,0.0933285166110163,0.0970741133647859,68409196.8868043,715848498.550928,68.4091968868043
ADA,2020-09-12,0.0970741133647859,0.0984940838124727,0.0946597972485499,0.097658697532584,52107221.0216838,538706236.732919,52.1072210216838
ADA,2020-09-13,0.097658697532584,0.0998303098438619,0.0927538582048147,0.0951463425333062,71382428.2461802,741790972.800171,71.38242824618021
ADA,2020-09-14,0.0951463425333062,0.0978791417448697,0.0932020845579718,0.0967502082060866,77728192.5425044,810905965.380812,77.7281925425044
ADA,2020-09-15,0.0967502082060866,0.0979795867333396,0.093108501485124,0.0931711690993396,85024604.3582733,888737251.137203,85.0246043582733
ADA,2020-09-16,0.0931711690993396,0.0933573659908508,0.0897623116168591,0.0914898532347698,89541117.3636115,981864070.527334,89.5411173636115
ADA,2020-09-17,0.0914898532347698,0.0947240561171167,0.090932762434889,0.0941595261716463,77731891.9244611,838913004.183539,77.7318919244611
ADA,2020-09-18,0.0941595261716463,0.0941595261716463,0.0897861049727117,0.0910678891175523,64371683.3396351,697820702.279624,64.3716833396351
ADA,2020-09-19,0.0910678891175523,0.0930735417511953,0.0906414670717281,0.0914282127400483,51632118.8877791,562010044.210314,51.6321188877791
ADA,2020-09-20,0.0914282127400483,0.0922367245279867,0.0878407115682317,0.0893802409462043,56905593.4987169,629856018.700793,56.9055934987169
ADA,2020-09-21,0.0893802409462043,0.0901306143346576,0.07743472518132,0.0799351802381473,97115573.2835124,1173641029.46049,97.1155732835124
ADA,2020-09-22,0.0799351802381473,0.0833804555163916,0.0793926238108773,0.0816059756616513,63286717.4379919,774890733.739663,63.2867174379919
ADA,2020-09-23,0.0816059756616513,0.0827950692575281,0.0757990450253045,0.0766043108982574,56453481.6836097,708577336.05879,56.4534816836097
ADA,2020-09-24,0.0766043108982574,0.0836739753597915,0.0756818593756503,0.0826004821098372,66183832.2245556,831075292.079198,66.1838322245556
ADA,2020-09-25,0.0826004821098372,0.0984773695209987,0.0823989860431806,0.0968459775989803,157151796.810431,1711431927.66733,157.151796810431
ADA,2020-09-26,0.0968459775989803,0.0997329533231616,0.0925271195147017,0.0954210548880193,93945896.9365723,982600876.201359,93.9458969365723
ADA,2020-09-27,0.0954210548880193,0.102370083592498,0.0943252822398653,0.101189061250707,99890872.3883642,1013612635.90166,99.8908723883642
ADA,2020-09-28,0.101189061250707,0.106559023346725,0.100155651254924,0.100406110163024,116338366.000437,1120291672.27771,116.338366000437
ADA,2020-09-29,0.100406110163024,0.103373982901768,0.0975651839700571,0.101048166282359,90598878.8981727,898385427.980052,90.5988788981727
ADA,2020-09-30,0.101048166282359,0.10169335729897,0.0968135482859247,0.101317736278917,70118730.5298998,706912270.812316,70.1187305298998
ADA,2020-10-01,0.101317736278917,0.104607740517683,0.0952794823379316,0.0980743518169303,92097871.8345958,916219170.024686,92.0978718345958
ADA,2020-10-02,0.0980743518169303,0.10018518289204,0.0900585838713605,0.0930187002561167,113318691.934425,1203035639.56212,113.31869193442499
ADA,2020-10-03,0.0930187002561167,0.0952990471339598,0.0923351526576176,0.0934257557221223,56390834.944677,599313236.447374,56.390834944677
ADA,2020-10-04,0.0934257557221223,0.0981064779185928,0.09227559289338,0.0969455010412057,60986942.7613478,643423049.831355,60.9869427613478
ADA,2020-10-05,0.0969455010412057,0.0995291867689252,0.0960564601641233,0.0975373349417438,81848956.0107586,838288937.414559,81.8489560107586
ADA,2020-10-06,0.0975373349417438,0.0986273307296035,0.0915314405143648,0.0930235871195394,82492891.7380844,866700341.50402,82.49289173808441
ADA,2020-10-07,0.0930235871195394,0.0943948929279464,0.0896481131403638,0.0938350510562865,59897827.297822,646984463.116299,59.897827297822
ADA,2020-10-08,0.0938350510562865,0.0971068097017138,0.0900891998127147,0.0962493288251474,71986742.7902102,767239923.443747,71.9867427902102
ADA,2020-10-09,0.0962493288251474,0.102572940785982,0.0950706454454676,0.101371328807536,91040059.8343456,929142659.669987,91.0400598343456
ADA,2020-10-10,0.101371328807536,0.111129078447819,0.101371328807536,0.105036517295136,157341977.022168,1469994430.18426,157.341977022168
ADA,2020-10-11,0.105036517295136,0.10899838365955,0.104257983631509,0.106552396906502,98600643.6365012,924668938.997581,98.60064363650119
ADA,2020-10-12,0.106552396906502,0.113085645549242,0.102358693768768,0.109592737729721,118806095.347726,1105855697.623,118.806095347726
ADA,2020-10-13,0.109592737729721,0.114252097089816,0.107893293656587,0.109407085832989,137790690.870954,1241410183.2379,137.790690870954
ADA,2020-10-14,0.109407085832989,0.112393098070861,0.105544678749865,0.107243431769951,102264460.628512,936199573.140048,102.264460628512
ADA,2020-10-15,0.107243431769951,0.107755718343707,0.104766054943015,0.10680310352806,70932463.6996826,666373771.63731,70.9324636996826
ADA,2020-10-16,0.10680310352806,0.107440206141254,0.102478550002671,0.104288491968573,64985643.3452916,623156394.307555,64.9856433452916
ADA,2020-10-17,0.104288491968573,0.107367857763468,0.103383711104403,0.106071278003366,53196038.8517942,502193959.302632,53.1960388517942
ADA,2020-10-18,0.106071278003366,0.107700328509747,0.105259354186533,0.107510999171009,39136382.8693936,368020503.009711,39.1363828693936
ADA,2020-10-19,0.107510999171009,0.111118553615068,0.106170750669956,0.108696148116303,59651026.1808816,549425003.17211,59.651026180881594
ADA,2020-10-20,0.108696148116303,0.108873609904669,0.101070211232912,0.102466824327616,96293020.4303314,925034291.413059,96.2930204303314
ADA,2020-10-21,0.102466824327616,0.108532487317417,0.101532544364952,0.106071520458496,105091374.176584,995047753.134757,105.09137417658401
ADA,2020-10-22,0.106071520458496,0.112674323291006,0.105349220769664,0.110753818075675,90530913.3459466,831405420.634969,90.5309133459466
ADA,2020-10-23,0.110753818075675,0.112077552229253,0.105575002358586,0.108123613241363,70875846.0751288,649576115.5591,70.87584607512879
ADA,2020-10-24,0.108123613241363,0.1098996738138,0.107469887174868,0.108069776360306,60270557.1553632,554176868.50266,60.2705571553632
ADA,2020-10-25,0.108069776360306,0.108837514871465,0.106181095997915,0.106498342381964,46521385.8072981,433195400.226906,46.5213858072981
ADA,2020-10-26,0.106498342381964,0.107517590855821,0.0991634496940315,0.103108584729034,76279796.678583,735002343.906769,76.279796678583
ADA,2020-10-27,0.103108584729034,0.105606539689909,0.101897636268323,0.102557114299229,69806833.4504805,672000495.95119,69.80683345048051
ADA,2020-10-28,0.102557114299229,0.103216204375599,0.0953420062577175,0.0988133032131261,83114352.466711,840447241.75812,83.114352466711
ADA,2020-10-29,0.0988133032131261,0.100703230411403,0.0949462574433934,0.0954216153855323,81278630.9999247,830553080.258776,81.2786309999247
ADA,2020-10-30,0.0954216153855323,0.0955451928098345,0.0900722841843884,0.0933354094375946,87273385.1560441,941616123.833182,87.2733851560441
ADA,2020-10-31,0.0933354094375946,0.0954130093857548,0.0922309664516629,0.0929737417800521,60920715.2776812,650302825.276547,60.920715277681204
ADA,2020-11-01,0.0929737417800521,0.0985343760257392,0.0926042292085111,0.098174274146538,49818649.7175587,523115892.836814,49.8186497175587
ADA,2020-11-02,0.098174274146538,0.0999359218060453,0.0916991222214849,0.0924541419421804,67824013.3374512,710425708.42552,67.8240133374512
ADA,2020-11-03,0.0924541419421804,0.0940573588303719,0.0883828403306453,0.0937202413251164,59622674.5208854,651813954.942447,59.6226745208854
ADA,2020-11-04,0.0937202413251164,0.096173403778001,0.0918244009866404,0.0954294890333616,78179963.8112622,832012497.629944,78.17996381126221
ADA,2020-11-05,0.0954294890333616,0.0981018016628568,0.0921318713580764,0.097484852063987,78977304.9483169,827436360.111418,78.9773049483169
ADA,2020-11-06,0.097484852063987,0.109961073816514,0.0969826162801462,0.109073684808494,122667288.589285,1167889314.77131,122.66728858928501
ADA,2020-11-07,0.109073684808494,0.113605943284787,0.0993699724286019,0.101465565073869,150903040.656686,1418261780.42542,150.90304065668602
ADA,2020-11-08,0.101465565073869,0.108306230693218,0.100222967932785,0.106606531667334,74034369.7354676,702422352.905394,74.03436973546759
ADA,2020-11-09,0.106606531667334,0.108037577836485,0.101592506496395,0.105558986484757,81678568.7555254,779604101.803877,81.67856875552539
ADA,2020-11-10,0.105558986484757,0.109106262870065,0.103871234028369,0.105991271754537,65927633.9692196,620356922.601969,65.9276339692196
ADA,2020-11-11,0.105991271754537,0.108876850625173,0.105653581960244,0.10607360637639,63067317.9032494,586611544.714818,63.067317903249396
ADA,2020-11-12,0.10607360637639,0.106619463872236,0.102788580450232,0.104545263385578,59091175.087744,562922285.555405,59.091175087744
ADA,2020-11-13,0.104545263385578,0.10791065581815,0.104096928882235,0.106332558722216,61441732.0843318,578992324.669306,61.441732084331804
ADA,2020-11-14,0.106332558722216,0.107169439734237,0.101558290657365,0.104069468456305,87741124.3960581,844477292.469193,87.7411243960581
ADA,2020-11-15,0.104069468456305,0.105228133476156,0.0986353087687487,0.100550254761787,53455619.7397152,519909763.272291,53.4556197397152
ADA,2020-11-16,0.100550254761787,0.10493422710208,0.0996889132151534,0.103824612955276,45527638.8944329,442088180.376589,45.527638894432904
ADA,2020-11-17,0.103824612955276,0.112016709046426,0.103589164050041,0.109489042111902,102473499.336447,940593738.64965,102.473499336447
ADA,2020-11-18,0.109489042111902,0.11147333587793,0.102568615288491,0.106648303418988,95993552.2435793,897657831.983489,95.9935522435793
ADA,2020-11-19,0.106648303418988,0.108004437397888,0.104483758547648,0.105921928035223,70558570.1157759,664052999.154343,70.5585701157759
ADA,2020-11-20,0.105921928035223,0.118323819728675,0.105615980707742,0.11806844796871,114319768.218563,1030986417.88595,114.319768218563
ADA,2020-11-21,0.11806844796871,0.133939385062628,0.116158029011337,0.132760768666649,221426149.442836,1775209989.28531,221.426149442836
ADA,2020-11-22,0.132760768666649,0.152937505962843,0.120117049217412,0.145662065596963,433499052.241668,3196423171.82333,433.499052241668
ADA,2020-11-23,0.145662065596963,0.158382051874015,0.141419102390382,0.154633890202933,382428545.974115,2531230415.64367,382.428545974115
ADA,2020-11-24,0.154633890202933,0.182484831460213,0.151949497453714,0.167837199591451,577284430.498056,3469389161.91332,577.284430498056
ADA,2020-11-25,0.167837199591451,0.175059675109336,0.148961968578264,0.155913645382055,369194237.888396,2224073868.87983,369.194237888396
ADA,2020-11-26,0.155913645382055,0.16040680030446,0.124317330648774,0.138983725288723,361657828.525859,2644162968.23272,361.657828525859
ADA,2020-11-27,0.138983725288723,0.145622784074652,0.131264951270328,0.142126759247628,239326373.794452,1737812993.41069,239.32637379445202
ADA,2020-11-28,0.142126759247628,0.17202121826862,0.139546354615726,0.165110963107101,394210607.857777,2503358289.58656,394.210607857777
ADA,2020-11-29,0.165110963107101,0.170988895394515,0.157577152733441,0.166648495378085,321589752.639844,1960054160.62689,321.589752639844
ADA,2020-11-30,0.166648495378085,0.173033488632694,0.160203869017395,0.171606455185471,350718066.144428,2095405514.47988,350.718066144428
ADA,2020-12-01,0.171606455185471,0.173557258662387,0.146780629904792,0.155866685235693,341480140.800782,2115555895.40229,341.480140800782
ADA,2020-12-02,0.155866685235693,0.159765273085691,0.151156442535605,0.158788402440933,180348687.518343,1153874921.43623,180.348687518343
ADA,2020-12-03,0.158788402440933,0.168289315060132,0.155884589167242,0.164110521104129,163015397.035467,1008040598.24255,163.015397035467
ADA,2020-12-04,0.164110521104129,0.164746752434983,0.146591600638092,0.148229483678595,162081339.952003,1032969664.32907,162.081339952003
ADA,2020-12-05,0.148229483678595,0.161850379130147,0.146571517147833,0.159951360483402,129307192.5089,825989200.615852,129.3071925089
ADA,2020-12-06,0.159951360483402,0.162677340425173,0.153701773852102,0.158909675802957,109512760.14052,694707012.894282,109.51276014052
ADA,2020-12-07,0.158909675802957,0.158918832742551,0.151795446524395,0.15425307322116,95021254.9842273,611725673.321782,95.0212549842273
ADA,2020-12-08,0.15425307322116,0.154960431785183,0.138593656209563,0.14133975473682,133714607.094866,911028754.082379,133.71460709486598
ADA,2020-12-09,0.14133975473682,0.150135571111232,0.130097354631789,0.148137739066292,170209678.414362,1212749643.49767,170.209678414362
ADA,2020-12-10,0.148137739066292,0.148712076006063,0.139839023614504,0.141976384493507,104660522.324781,725386763.599532,104.660522324781
ADA,2020-12-11,0.141976384493507,0.142844472716959,0.135108337875139,0.139351192042907,102454441.551915,737232849.750867,102.45444155191501
ADA,2020-12-12,0.139351192042907,0.147288152627171,0.139053339121536,0.144577362859611,92723948.7093988,639746685.203303,92.72394870939881
ADA,2020-12-13,0.144577362859611,0.156371745745124,0.143225224766787,0.153852012805538,109238268.610429,721022286.237597,109.238268610429
ADA,2020-12-14,0.153852012805538,0.158327051741518,0.149508871833794,0.158327051741518,93535477.1358008,610843611.856016,93.53547713580079
ADA,2020-12-15,0.158327051741518,0.159859975666715,0.153062030040887,0.153966396047336,101329406.631481,650084416.645302,101.329406631481
ADA,2020-12-16,0.153966396047336,0.167768365073379,0.149330851697218,0.167766121447586,166607581.670881,1054070037.59406,166.607581670881
ADA,2020-12-17,0.167766121447586,0.175242813728665,0.161314249235851,0.163416356989015,266621354.069477,1591131801.08649,266.621354069477
ADA,2020-12-18,0.163416356989015,0.168965300616983,0.158532585595128,0.164970216583305,168288145.318176,1025153148.39937,168.288145318176
ADA,2020-12-19,0.164970216583305,0.170595641577866,0.163019057750636,0.16443435365258,140051303.50522,837145006.487104,140.05130350522
ADA,2020-12-20,0.16443435365258,0.168599833494752,0.158224325952896,0.162078155694851,136946542.423299,833519481.654515,136.946542423299
ADA,2020-12-21,0.162078155694851,0.165946699529214,0.147894243135147,0.153000100897127,232329913.821374,1489510196.91272,232.329913821374
ADA,2020-12-22,0.153000100897127,0.160906728533096,0.149365973045389,0.15685903243685,257091684.719671,1648187099.2416,257.09168471967104
ADA,2020-12-23,0.15685903243685,0.158103892830121,0.127641370711987,0.136749528960696,341273969.381432,2338712954.66435,341.273969381432
ADA,2020-12-24,0.136749528960696,0.154787375066395,0.13191139175432,0.153164105258079,307266782.314226,2146677790.78931,307.26678231422596
ADA,2020-12-25,0.153164105258079,0.166920645059222,0.150574601747465,0.157553089288685,320588928.143552,2030317041.09127,320.588928143552
ADA,2020-12-26,0.157553089288685,0.162178214508613,0.149328440850091,0.158176714478346,295106819.522744,1901748837.72756,295.106819522744
ADA,2020-12-27,0.158176714478346,0.165590274504326,0.149416075656014,0.154757194157648,400096704.572603,2526205814.82587,400.09670457260296
ADA,2020-12-28,0.154757194157648,0.180053431018518,0.153452405535758,0.176453344819561,445877233.175748,2664054954.7436,445.877233175748
ADA,2020-12-29,0.176453344819561,0.196905405547679,0.17405912071392,0.191176432921556,828862461.683018,4456350565.38748,828.862461683018
ADA,2020-12-30,0.191176432921556,0.193563479687282,0.175774735901939,0.184455808787703,496050786.372801,2713487873.57747,496.050786372801
ADA,2020-12-31,0.184455808787703,0.186503363590729,0.176188021703649,0.181862460959231,278085115.574762,1538790447.18572,278.08511557476197
ADA,2021-01-01,0.181862460959231,0.185047591848984,0.170932000356914,0.175659670723469,283049008.988692,1575358133.03879,283.049008988692
ADA,2021-01-02,0.175659670723469,0.184788239432691,0.169061620626226,0.177878704639339,377829844.710804,2126974260.9857,377.82984471080397
ADA,2021-01-03,0.177878704639339,0.210442727926287,0.173791614839823,0.207211843045632,670797228.559537,3490274875.31895,670.7972285595371
ADA,2021-01-04,0.207211843045632,0.241351408593796,0.195401916238242,0.226603808978484,1004481196.7624,4638112475.66087,1004.4811967624
ADA,2021-01-05,0.226603808978484,0.265380602310384,0.20873390544308,0.259954615203754,1113767062.77666,4711830035.30329,1113.76706277666
ADA,2021-01-06,0.259954615203754,0.34806476499778,0.255534882769571,0.334016019083291,1960941053.97473,6591386351.81952,1960.94105397473
ADA,2021-01-07,0.334016019083291,0.355502545313136,0.280603183063947,0.299931636392513,1712600776.54299,5319300291.20415,1712.60077654299
ADA,2021-01-08,0.299931636392513,0.321402150864267,0.265638734295726,0.305267557570252,1376190661.84586,4632356342.37434,1376.19066184586
ADA,2021-01-09,0.305267557570252,0.339996580629056,0.297871964941312,0.332758126423118,965662615.49975,3037019178.36348,965.66261549975
ADA,2021-01-10,0.332758126423118,0.342571641356392,0.282481901499309,0.303027454119144,974721457.337305,3075364720.54179,974.721457337305
ADA,2021-01-11,0.303027454119144,0.304497350448224,0.230619049756904,0.276533083289832,1265020274.09153,4766283406.31907,1265.0202740915302
ADA,2021-01-12,0.276533083289832,0.314694810834712,0.264958696694035,0.289674298105238,1121089034.57581,3896835499.93747,1121.08903457581
ADA,2021-01-13,0.289674298105238,0.315491553663942,0.272788106606995,0.312831647056281,743509726.680156,2552094336.38499,743.509726680156
ADA,2021-01-14,0.312831647056281,0.324058440161245,0.29734531392015,0.311701926950738,710819629.692055,2280445166.77326,710.819629692055
ADA,2021-01-15,0.311701926950738,0.330751095022939,0.27875971088318,0.302442210568757,862181239.133878,2783159308.45937,862.181239133878
ADA,2021-01-16,0.302442210568757,0.366607198919413,0.30236417956498,0.350980958178925,1395407653.91169,4097906546.97772,1395.40765391169
ADA,2021-01-17,0.350980958178925,0.396760235082608,0.342212567314954,0.381041477428648,1778392177.69021,4768770042.34339,1778.39217769021
ADA,2021-01-18,0.381041477428648,0.396999880923702,0.364575835140934,0.371002417795048,1049074082.8459,2782993104.96149,1049.0740828459
ADA,2021-01-19,0.371002417795048,0.384109449768055,0.363208547252226,0.367444888153124,798243398.643397,2141948102.179,798.243398643397
ADA,2021-01-20,0.367444888153124,0.376732746074252,0.331771559915624,0.375981222806496,832552914.671246,2340105869.25578,832.5529146712461
ADA,2021-01-21,0.375981222806496,0.379270518282731,0.301205958438441,0.308254263510532,959314408.312455,2804284575.88106,959.314408312455
ADA,2021-01-22,0.308254263510532,0.359428058477756,0.281899867968196,0.349457923927375,1068164225.32201,3302095525.29988,1068.16422532201
ADA,2021-01-23,0.349457923927375,0.358050933259111,0.336556151059851,0.346129323656649,680388618.547101,1956214541.72519,680.388618547101
ADA,2021-01-24,0.346129323656649,0.368638991426695,0.338204633272369,0.353945038766146,623855875.880644,1768246729.42553,623.8558758806439
ADA,2021-01-25,0.353945038766146,0.364010583268305,0.340903323127006,0.343570454615017,588262139.327829,1655229575.11576,588.262139327829
ADA,2021-01-26,0.343570454615017,0.351072801318845,0.32545721985233,0.343760701507864,452585637.799004,1328688167.4716,452.585637799004
ADA,2021-01-27,0.343760701507864,0.343840451507037,0.30550458248668,0.312652846086453,516047486.313978,1604044613.89572,516.047486313978
ADA,2021-01-28,0.312652846086453,0.355127837730247,0.30569732257079,0.344338418908855,590399630.506823,1757310831.41391,590.399630506823
ADA,2021-01-29,0.344338418908855,0.366398241321089,0.331477710261943,0.347018938057312,880742223.661255,2495933677.54007,880.742223661255
ADA,2021-01-30,0.347018938057312,0.375084425674252,0.337211483151902,0.362960851914349,697924094.849821,1978985951.65918,697.924094849821
ADA,2021-01-31,0.362960851914349,0.376485977491744,0.338468596528794,0.34457566378463,535172589.064382,1513120863.52974,535.172589064382
ADA,2021-02-01,0.34457566378463,0.421604420521221,0.333774727274641,0.408162436920983,1082411037.88436,2933537298.93669,1082.41103788436
ADA,2021-02-02,0.408162436920983,0.454692048831744,0.388213851018377,0.424501865160909,2074418532.11236,4909134294.77515,2074.41853211236
ADA,2021-02-03,0.424501865160909,0.446944155385206,0.414551807745254,0.439824286982611,1093039250.10618,2546363012.45875,1093.03925010618
ADA,2021-02-04,0.439824286982611,0.446351155866475,0.408750226381484,0.438158106477114,864891874.038898,2011266853.51118,864.891874038898
ADA,2021-02-05,0.438158106477114,0.556950834056897,0.435927175073162,0.536984371275796,2127939173.78044,4209025472.50041,2127.93917378044
ADA,2021-02-06,0.536984371275796,0.661251011992123,0.518948492845495,0.632551826734893,2553728699.81933,4401411234.35784,2553.7286998193304
ADA,2021-02-07,0.632551826734893,0.704897654710763,0.583063070526149,0.660922538133584,3492012973.64718,5418227244.46035,3492.01297364718
ADA,2021-02-08,0.660922538133584,0.719709693945997,0.633645659808588,0.674908844758131,2834174759.23404,4180554489.31118,2834.17475923404
ADA,2021-02-09,0.674908844758131,0.70992513755193,0.666301867939458,0.703784923337825,1740135960.8181,2540144176.08087,1740.1359608180999
ADA,2021-02-10,0.703784923337825,0.948245609697152,0.703784923337825,0.939101180886904,4109167166.69546,4977872152.93148,4109.16716669546
ADA,2021-02-11,0.939101180886904,0.97908493555289,0.87022931979939,0.926884086267674,3506579533.96752,3792548155.60409,3506.57953396752
ADA,2021-02-12,0.926884086267674,0.946989638948213,0.868165826310946,0.924213642562764,2191768279.62637,2401768500.64782,2191.76827962637
ADA,2021-02-13,0.924213642562764,0.949880696538608,0.827772710959122,0.91115415028095,1918288975.33494,2129684058.18912,1918.28897533494
ADA,2021-02-14,0.91115415028095,0.916710882766658,0.807264849615336,0.843142520018264,1732577538.12801,2010456924.52228,1732.57753812801
ADA,2021-02-15,0.843142520018264,0.908848032281503,0.695366649588772,0.860658536762609,2421718470.61512,2910077524.6518,2421.7184706151197
ADA,2021-02-16,0.860658536762609,0.903942653211348,0.838434918670901,0.870979401601367,1772294546.92993,2024076421.90826,1772.29454692993
ADA,2021-02-17,0.870979401601367,0.89719958364555,0.824550261264352,0.891686994989939,1409870546.46711,1633327044.2576,1409.87054646711
ADA,2021-02-18,0.891686994989939,0.958086555317165,0.891686994989939,0.914961201942419,1795564887.83013,1941010858.77186,1795.5648878301301
ADA,2021-02-19,0.914961201942419,0.946195961533325,0.884206896236458,0.92780039077522,1621075930.86067,1762068160.53073,1621.07593086067
ADA,2021-02-20,0.92780039077522,1.20082575146589,0.915453538489923,1.11833289041676,4589223987.9275,4222792959.6726,4589.223987927499
ADA,2021-02-21,1.11833289041676,1.15184571215075,1.0780923126114,1.10080478446644,2654269331.62674,2382130336.27879,2654.26933162674
ADA,2021-02-22,1.10080478446644,1.14079359659023,0.845360808497548,1.09839679409246,3773367770.84673,3682535878.07403,3773.3677708467303
ADA,2021-02-23,1.09839679409246,1.13889966190852,0.816596532723516,0.963096963805235,4649049935.31617,4813294995.35102,4649.0499353161695
ADA,2021-02-24,0.963096963805235,1.07604022330001,0.901765767238007,1.05147947166822,3260412032.45659,3205595397.2667,3260.41203245659
ADA,2021-02-25,1.05147947166822,1.17518062393548,1.01515251649285,1.07769476963293,3316052055.31851,3035421440.01494,3316.05205531851
ADA,2021-02-26,1.07769476963293,1.29462544874344,0.992465627183506,1.24505884137126,5965233608.94196,5185733254.13327,5965.2336089419605
ADA,2021-02-27,1.24505884137126,1.48479128247122,1.23222953885094,1.31883131438407,8055242422.89816,5890368377.90492,8055.24242289816
ADA,2021-02-28,1.31883131438407,1.36278634954104,1.16287261851908,1.31595009571585,5883356799.63657,4685084647.74463,5883.35679963657
ADA,2021-03-01,1.31595009571585,1.34818296677611,1.2384610003894,1.29862493854301,4061613624.88087,3159755279.41314,4061.61362488087
ADA,2021-03-02,1.29862493854301,1.29886365776262,1.18568541671174,1.22612130477658,2656336568.41391,2162460910.28326,2656.33656841391
ADA,2021-03-03,1.22612130477658,1.26382580296458,1.2136280868947,1.21488236709184,1835811405.25995,1481308611.84541,1835.8114052599499
ADA,2021-03-04,1.21488236709184,1.23055562308647,1.07097372705718,1.11416463611996,2624438046.64322,2276828529.4316,2624.43804664322
ADA,2021-03-05,1.11416463611996,1.1983921860784,1.03876090261353,1.16146057201419,2824762549.9527,2506400846.59914,2824.7625499527003
ADA,2021-03-06,1.16146057201419,1.18384559122753,1.0894536672349,1.1337125822124,2136434128.60876,1892784105.18684,2136.43412860876
ADA,2021-03-07,1.1337125822124,1.14680972118814,1.11175038222109,1.13162801570585,1449167925.67723,1282322870.81583,1449.16792567723
ADA,2021-03-08,1.13162801570585,1.17634999054479,1.10704520460779,1.11848634282345,1477205007.90123,1306889313.01519,1477.2050079012301
ADA,2021-03-09,1.11848634282345,1.2185823805153,1.11334345285655,1.19822518702255,2127087031.94659,1825219925.63749,2127.08703194659
ADA,2021-03-10,1.19822518702255,1.20726261075436,1.12213037886711,1.13427864672453,1615466012.79734,1388068478.17852,1615.46601279734
ADA,2021-03-11,1.13427864672453,1.14073874315771,1.11094435549841,1.12650082994875,1212291113.62145,1077820730.3269,1212.29111362145
ADA,2021-03-12,1.12650082994875,1.12870957898429,1.02875557443676,1.03412463249205,1551936525.05824,1444104547.24523,1551.93652505824
ADA,2021-03-13,1.03412463249205,1.19166909560687,0.990181982157916,1.10158702653023,2248658803.41247,2050035674.88166,2248.6588034124698
ADA,2021-03-14,1.10158702653023,1.10255214009373,1.05452974229135,1.05452974229135,1305358236.38628,1207939893.72668,1305.3582363862802
ADA,2021-03-15,1.05452974229135,1.06962886212515,1.0045221019794,1.03268724189472,1475869954.24618,1421802069.81767,1475.86995424618
ADA,2021-03-16,1.03268724189472,1.26175392450956,1.00473447688511,1.25103343872421,4030577676.74308,3481840790.64895,4030.5776767430802
ADA,2021-03-17,1.25103343872421,1.42670750849688,1.20740047844646,1.37876862469072,4420085883.35441,3444607913.52723,4420.08588335441
ADA,2021-03-18,1.37876862469072,1.47385121960165,1.22794737831914,1.23117385886009,5889852341.61918,4311702824.25074,5889.85234161918
ADA,2021-03-19,1.23117385886009,1.34352927081831,1.18608807473502,1.29777968148922,3529223365.49766,2767278715.79144,3529.2233654976603
ADA,2021-03-20,1.29777968148922,1.31052187188328,1.20271231054616,1.20276328081239,2007540216.13449,1592978944.00178,2007.54021613449
ADA,2021-03-21,1.20276328081239,1.24315313966675,1.16346138150315,1.18803103176612,1391808539.65484,1154942387.82239,1391.80853965484
ADA,2021-03-22,1.18803103176612,1.20911773441303,1.07171819409182,1.10519058010054,1615589262.56984,1389923638.91786,1615.58926256984
ADA,2021-03-23,1.10519058010054,1.17529317602363,1.08630832402931,1.11986455700323,1425612505.26443,1256191728.32924,1425.61250526443
ADA,2021-03-24,1.11986455700323,1.16646847051501,1.05197472221696,1.07409256228504,1262186667.19423,1126678823.55803,1262.18666719423
ADA,2021-03-25,1.07409256228504,1.15449630934778,1.05303326068896,1.10077736274488,1780363270.83659,1604383391.82277,1780.3632708365901
ADA,2021-03-26,1.10077736274488,1.28773651164899,1.10077736274488,1.21634495524145,2783916799.00602,2318492498.28281,2783.91679900602
ADA,2021-03-27,1.21634495524145,1.24004767880933,1.16132108560834,1.17943321966526,1242282856.56524,1041313084.5892,1242.2828565652399
ADA,2021-03-28,1.17943321966526,1.22017684850806,1.17031300358817,1.19258742332068,1015716688.83257,852486118.840533,1015.71668883257
ADA,2021-03-29,1.19258742332068,1.23169520505519,1.18194614987257,1.2045550963814,1052781609.40524,873341067.911261,1052.78160940524
ADA,2021-03-30,1.2045550963814,1.23783114183734,1.19209614450648,1.21626356464281,1055873894.01757,867598276.635141,1055.87389401757
ADA,2021-03-31,1.21626356464281,1.21626356464281,1.15964232434607,1.19685706189219,1192992013.99155,999392995.141188,1192.99201399155
ADA,2021-04-01,1.19685706189219,1.21289112709481,1.17650071853142,1.19141487158882,990244642.491845,826337940.617562,990.244642491845
ADA,2021-04-02,1.19141487158882,1.24721246497337,1.18610539468603,1.19013857797327,1257317925.43414,1037495455.42992,1257.31792543414
ADA,2021-04-03,1.19013857797327,1.23933091758795,1.16164342271864,1.16336554150315,1289353376.71687,1065981400.5412,1289.3533767168701
ADA,2021-04-04,1.16336554150315,1.19302048264466,1.15438728634153,1.18227339944204,847074386.587631,719251872.710282,847.074386587631
ADA,2021-04-05,1.18227339944204,1.22547472029485,1.16320774775576,1.21249033525907,1155303240.99449,969739425.129478,1155.30324099449
ADA,2021-04-06,1.21249033525907,1.33962908254384,1.19232336438365,1.25293427879453,2582731302.89136,2059658380.20352,2582.73130289136
ADA,2021-04-07,1.25293427879453,1.28960960894625,1.1621901855694,1.17373648928512,1764417651.43703,1452779358.62392,1764.4176514370301
ADA,2021-04-08,1.17373648928512,1.22479036673192,1.17114648486208,1.21919248156669,982889030.591758,817875481.876701,982.889030591758
ADA,2021-04-09,1.21919248156669,1.22853590608221,1.19328210409807,1.20233666115617,696156870.083119,575429769.04408,696.1568700831191
ADA,2021-04-10,1.20233666115617,1.25135311859623,1.19543564045755,1.21782814060487,1103602016.65678,903959247.19275,1103.60201665678
ADA,2021-04-11,1.21782814060487,1.28979277372049,1.20024723189812,1.26368498596874,1674252156.19473,1343161372.45829,1674.25215619473
ADA,2021-04-12,1.26368498596874,1.3477771894117,1.26368498596874,1.31494046733348,2320360293.25101,1776427858.18241,2320.36029325101
ADA,2021-04-13,1.31494046733348,1.43651436618045,1.28318231602124,1.41231634973647,2701865157.76411,1981701604.74146,2701.86515776411
ADA,2021-04-14,1.41231634973647,1.55590007826583,1.35300650737682,1.45151604831534,4257084403.26247,2923167610.23132,4257.08440326247
ADA,2021-04-15,1.45151604831534,1.49412768139367,1.41252892787733,1.47965044245866,2293747949.55904,1571392394.59552,2293.74794955904
ADA,2021-04-16,1.47965044245866,1.51778273277859,1.34104840089115,1.41222683657089,2313779654.15989,1628954268.18206,2313.77965415989
ADA,2021-04-17,1.41222683657089,1.45590227085385,1.36066571748211,1.37007123275045,1512500368.1375,1071176073.13859,1512.5003681375001
ADA,2021-04-18,1.37007123275045,1.38188918410897,1.09676416578955,1.27899726893303,2819109133.62796,2291743886.43934,2819.10913362796
ADA,2021-04-19,1.27899726893303,1.3241532443925,1.17248441565007,1.19743990699945,2366833188.87939,1883193786.31502,2366.8331888793896
ADA,2021-04-20,1.19743990699945,1.28171239738656,1.12953199354753,1.26843193749938,1781727595.01703,1484631487.73703,1781.72759501703
ADA,2021-04-21,1.26843193749938,1.28752821157179,1.199276698313,1.20373434893151,1640375596.55579,1312722651.96722,1640.37559655579
ADA,2021-04-22,1.20373434893151,1.28234983494006,1.11622499603654,1.1462323297223,1956961379.73971,1619374011.59658,1956.96137973971
ADA,2021-04-23,1.1462323297223,1.16896885172789,0.937440040083147,1.16264570128013,2968071306.84386,2764887305.35431,2968.07130684386
ADA,2021-04-24,1.16264570128013,1.20188415232944,1.10044168420829,1.10807715259445,1792746601.19653,1566403218.47724,1792.74660119653
ADA,2021-04-25,1.10807715259445,1.15187348984443,1.02673581635341,1.09656368179595,1063897738.7836,963721178.137196,1063.8977387836
ADA,2021-04-26,1.09656368179595,1.25558067524154,1.08656631335652,1.24236052201276,1602001278.67536,1327783065.2363,1602.00127867536
ADA,2021-04-27,1.24236052201276,1.33634668191482,1.22976387050858,1.31079178788334,1446692274.95308,1122492883.06438,1446.69227495308
ADA,2021-04-28,1.31079178788334,1.35293681722004,1.23748414347535,1.34166845297128,1462861881.74674,1120179537.61532,1462.8618817467402
ADA,2021-04-29,1.34166845297128,1.41476196337114,1.27307043958576,1.31057384919332,2156245428.6306,1600403497.71418,2156.2454286306
ADA,2021-04-30,1.31057384919332,1.37368401455573,1.29225043042683,1.35663141902604,1376107211.69358,1021531068.60835,1376.10721169358
ADA,2021-05-01,1.35663141902604,1.37222936240723,1.32418111430556,1.35708989135871,991349743.357108,736161611.517347,991.349743357108
ADA,2021-05-02,1.35708989135871,1.35981641423623,1.30069100138891,1.33256333313759,958059887.700816,718994262.575405,958.059887700816
ADA,2021-05-03,1.33256333313759,1.3863578276884,1.32848440213478,1.36826326697031,1255889473.49383,924299289.077205,1255.8894734938299
ADA,2021-05-04,1.36826326697031,1.37247373618494,1.25948989142922,1.27181356742357,1645810144.97599,1255887419.60683,1645.8101449759902
ADA,2021-05-05,1.27181356742357,1.49904991631695,1.26326252034783,1.48474071688377,2480300990.5386,1771297308.05378,2480.3009905385998
ADA,2021-05-06,1.48474071688377,1.70609539748421,1.4398562905256,1.65545587187084,5611860267.65336,3544062053.10954,5611.86026765336
ADA,2021-05-07,1.65545587187084,1.75161073151457,1.53489684095959,1.66028428082112,3825334054.91024,2309865811.14083,3825.33405491024
ADA,2021-05-08,1.66028428082112,1.66028428082112,1.57101661169612,1.62920717964248,2089592918.36907,1291491933.47497,2089.59291836907
ADA,2021-05-09,1.62920717964248,1.83282589426382,1.57760972205609,1.77708785222855,4347656347.64213,2493508321.11938,4347.65634764213
ADA,2021-05-10,1.77708785222855,1.83211057772689,1.5512238174285,1.64447732907548,3567498006.27968,2069334856.42642,3567.49800627968
ADA,2021-05-11,1.64447732907548,1.78666578778583,1.59795201637243,1.77291724561525,2698750464.83211,1585515507.48278,2698.75046483211
ADA,2021-05-12,1.77291724561525,1.82705925993875,1.55893505012293,1.57302412220627,2970840009.47375,1713127665.11302,2970.84000947375
ADA,2021-05-13,1.57302412220627,1.97775686276561,1.51664211147423,1.93199850441965,7473427156.46286,4129128399.20795,7473.42715646286
ADA,2021-05-14,1.93199850441965,2.05013811786213,1.81911360730733,2.01645829225858,4033276092.36849,2101465833.34245,4033.27609236849
ADA,2021-05-15,2.01645829225858,2.38796486588822,1.97643041356569,2.18157019501682,8374122500.01412,3792502709.70396,8374.12250001412
ADA,2021-05-16,2.18157019501682,2.46930606308716,2.01662585096624,2.31470489262561,7264652628.3063,3205322177.98846,7264.6526283063
ADA,2021-05-17,2.31470489262561,2.32718348584046,1.93352612240975,2.03986028086743,6579906385.89319,3123806411.88104,6579.90638589319
ADA,2021-05-18,2.03986028086743,2.15154898259983,1.98441319031414,2.01416335525934,3778584245.28382,1832480310.81892,3778.58424528382
ADA,2021-05-19,2.01416335525934,2.03719097969639,1.06573115676434,1.47394203729589,9175762617.41997,5668901539.56032,9175.76261741997
ADA,2021-05-20,1.47394203729589,1.94597355664657,1.33880536466067,1.80457502194242,6125345130.81154,3592381365.46943,6125.34513081154
ADA,2021-05-21,1.80457502194242,1.8685420052046,1.32752426569058,1.55252735488196,4787258266.21284,2974140779.19501,4787.25826621284
ADA,2021-05-22,1.55252735488196,1.59863515052135,1.38475469568825,1.4657284894181,3238578383.26932,2161839192.98188,3238.57838326932
ADA,2021-05-23,1.4657284894181,1.53906682157712,1.06052766501269,1.32080616088347,4700621669.48314,3721864965.07944,4700.62166948314
ADA,2021-05-24,1.32080616088347,1.60189773278688,1.27219161940725,1.5571837144853,4073104572.78902,2782972299.13837,4073.10457278902
ADA,2021-05-25,1.5571837144853,1.65677145851492,1.44855539409242,1.56124186418587,3347784387.09586,2168456399.55984,3347.78438709586
ADA,2021-05-26,1.56124186418587,1.83756896719547,1.56124186418587,1.78586097242488,4155319105.82264,2410652857.75914,4155.31910582264
ADA,2021-05-27,1.78586097242488,1.7944250213692,1.61922065588107,1.66183830606218,2687051510.60518,1581136881.95138,2687.05151060518
ADA,2021-05-28,1.66183830606218,1.6821574764514,1.45647008149621,1.51926991703018,3243327570.00538,2088604812.76044,3243.32757000538
ADA,2021-05-29,1.51926991703018,1.56597968243543,1.33703871032716,1.40352911377746,2315039075.37388,1599608859.5069,2315.0390753738798
ADA,2021-05-30,1.40352911377746,1.69546793177526,1.35675935013884,1.58241969813396,3228265179.17721,2040038712.62198,3228.26517917721
ADA,2021-05-31,1.58241969813396,1.75395587078444,1.53404306449617,1.74245435547299,2728910635.44434,1670984761.51638,2728.91063544434
ADA,2021-06-01,1.74245435547299,1.78279776008823,1.66659052322484,1.74053484039534,2529620460.08366,1465123568.83985,2529.62046008366
ADA,2021-06-02,1.74053484039534,1.80605666964666,1.72425575043916,1.75730944827545,2160921092.94949,1219719883.05764,2160.9210929494902
ADA,2021-06-03,1.75730944827545,1.89029860643197,1.72065375511964,1.84775692136356,2099615612.78778,1154664675.26338,2099.6156127877803
ADA,2021-06-04,1.84775692136356,1.8508243698886,1.61845162667308,1.71260326271337,2696001712.68204,1575780582.10817,2696.0017126820403
ADA,2021-06-05,1.71260326271337,1.78499299818156,1.61588800997382,1.66036531456841,1786069385.13326,1047975693.50705,1786.06938513326
ADA,2021-06-06,1.66036531456841,1.70996441904686,1.6510244651641,1.68118887099743,983109637.866945,584885723.971024,983.109637866945
ADA,2021-06-07,1.68118887099743,1.74344296326554,1.55673832770889,1.56967099863881,1620384739.86365,968738546.908283,1620.38473986365
ADA,2021-06-08,1.56967099863881,1.59702173175111,1.40731541979934,1.58562357222126,2595707664.49544,1710415690.05778,2595.70766449544
ADA,2021-06-09,1.58562357222126,1.6304041891927,1.48742221873783,1.63032911629161,2070448547.5349,1320238065.69863,2070.4485475349
ADA,2021-06-10,1.63032911629161,1.63871188141327,1.5125567178169,1.53607337704424,1439450963.45799,918425461.438719,1439.45096345799
ADA,2021-06-11,1.53607337704424,1.54808720828704,1.42272448130706,1.44002058857822,1421113133.58355,951423018.804091,1421.11313358355
ADA,2021-06-12,1.44002058857822,1.49445418136748,1.35992345618183,1.48112408705571,1692404758.68084,1182270279.26291,1692.40475868084
ADA,2021-06-13,1.48112408705571,1.58070808007006,1.40386318609174,1.55908714038555,1841255944.27329,1243363166.37256,1841.25594427329
ADA,2021-06-14,1.55908714038555,1.59499202866062,1.51076062589071,1.57784616147194,1684143190.33697,1084662379.67897,1684.14319033697
ADA,2021-06-15,1.57784616147194,1.61178899064913,1.54772851068977,1.55754534226137,1292211689.58958,820230539.076839,1292.2116895895801
ADA,2021-06-16,1.55754534226137,1.57520079843728,1.4778207183323,1.48663628807541,1217925554.01624,798913582.817881,1217.9255540162399
ADA,2021-06-17,1.48663628807541,1.53941467409955,1.46056821378852,1.4838425020998,991587928.302327,660969766.905119,991.587928302327
ADA,2021-06-18,1.4838425020998,1.4936526365019,1.3810810203563,1.41869493097624,1182337595.60999,823147992.148213,1182.3375956099899
ADA,2021-06-19,1.41869493097624,1.44323217998975,1.38750549451681,1.38764111606294,978874343.007247,689926120.977716,978.8743430072469
ADA,2021-06-20,1.38764111606294,1.46194149129552,1.31022940456919,1.42916150378291,1338203994.52562,963275837.197169,1338.20399452562
ADA,2021-06-21,1.42916150378291,1.43881578539935,1.1712087949182,1.17703465768202,2504639066.38448,1931802675.2125,2504.63906638448
ADA,2021-06-22,1.17703465768202,1.26602287315166,1.00453410392537,1.15809317530748,3505523767.03095,3066134002.2456,3505.5237670309502
ADA,2021-06-23,1.15809317530748,1.30652468038276,1.11162816913537,1.25169213935455,2745700049.85869,2210447469.70053,2745.70004985869
ADA,2021-06-24,1.25169213935455,1.3988601397265,1.20599826592135,1.36053937120319,2157096872.13959,1623844478.70585,2157.09687213959
ADA,2021-06-25,1.36053937120319,1.39373399426975,1.24706898482328,1.25480787817543,2725516481.63091,2066251347.16746,2725.5164816309098
ADA,2021-06-26,1.25480787817543,1.29227634637313,1.20026730525258,1.25435970036517,1858473035.49016,1497010688.71409,1858.47303549016
ADA,2021-06-27,1.25435970036517,1.34936557140738,1.24417493145097,1.3394350033421,1309509218.21358,1019751547.81619,1309.50921821358
ADA,2021-06-28,1.3394350033421,1.35102696011258,1.30703015064816,1.32736657500591,1294711659.52553,974348579.579198,1294.7116595255302
ADA,2021-06-29,1.32736657500591,1.42101660438923,1.32164431078372,1.37433227744894,1539243844.5879,1122191468.06279,1539.2438445879
ADA,2021-06-30,1.37433227744894,1.39927459147727,1.28697486407046,1.38586740294976,1502759115.04376,1117168143.40454,1502.75911504376
ADA,2021-07-01,1.38586740294976,1.38586740294976,1.30436786203685,1.33384474773073,1173698196.60152,878710123.581205,1173.69819660152
ADA,2021-07-02,1.33384474773073,1.39647943201994,1.28776991824706,1.39647943201994,1242178594.01006,927728284.443649,1242.1785940100601
ADA,2021-07-03,1.39647943201994,1.44339321243186,1.36107778389533,1.40744598712119,1174575694.21019,834342261.85514,1174.57569421019
ADA,2021-07-04,1.40744598712119,1.49542194799324,1.38460159227571,1.46292387111394,1042002006.29796,722397460.080974,1042.00200629796
ADA,2021-07-05,1.46292387111394,1.46292387111394,1.38063460819442,1.40628795706982,1058396955.6714,747045765.560642,1058.3969556714
ADA,2021-07-06,1.40628795706982,1.45773413726953,1.39525106816463,1.41818162238518,844366608.564159,593025704.383303,844.366608564159
ADA,2021-07-07,1.41818162238518,1.44142084406638,1.40226837838854,1.40546448787829,810869559.282846,569013595.115331,810.869559282846
ADA,2021-07-08,1.40546448787829,1.40699637352357,1.32212921921914,1.32936236314247,901377616.408611,659734621.571374,901.3776164086111
ADA,2021-07-09,1.32936236314247,1.37384536789323,1.28921761194436,1.3515354111924,894062444.653096,669642649.710434,894.062444653096
ADA,2021-07-10,1.3515354111924,1.36597126246506,1.32055304584739,1.33670398878248,577831635.757043,431668415.779857,577.831635757043
ADA,2021-07-11,1.33670398878248,1.36713122684222,1.32497813019692,1.34915286042632,477188281.158537,355392840.566641,477.188281158537
ADA,2021-07-12,1.34915286042632,1.374110371961,1.2937659024943,1.31456246677129,715742957.341999,535310088.33985,715.742957341999
ADA,2021-07-13,1.31456246677129,1.32172463164612,1.25187227845868,1.26654062460501,744799707.425064,578170447.227979,744.799707425064
ADA,2021-07-14,1.26654062460501,1.28953742327676,1.20046073240269,1.26470662979097,884250302.599208,709965338.061073,884.250302599208
ADA,2021-07-15,1.26470662979097,1.2889368972662,1.20812297623692,1.22659292903876,774091832.196504,625404662.016073,774.091832196504
ADA,2021-07-16,1.22659292903876,1.24459638758563,1.16815017346091,1.17360568621427,800503600.842383,666043634.528845,800.503600842383
ADA,2021-07-17,1.17360568621427,1.19521568379947,1.15299061763239,1.17414654231947,688662726.335494,587658794.349641,688.6627263354941
ADA,2021-07-18,1.17414654231947,1.21841762559914,1.17084342513373,1.18392458848188,584707246.647665,489616713.641296,584.707246647665
ADA,2021-07-19,1.18392458848188,1.19176635313837,1.11805465832967,1.12344405972805,663109383.141971,578665964.797537,663.109383141971
ADA,2021-07-20,1.12344405972805,1.1352300053152,1.02323474672848,1.05522563287851,1270170783.78831,1198084685.13775,1270.17078378831
ADA,2021-07-21,1.05522563287851,1.22205112189294,1.03919303102842,1.17113556638275,1381062734.35793,1205533346.81479,1381.06273435793
ADA,2021-07-22,1.17113556638275,1.20624203079165,1.15198476543957,1.1866408489778,917339254.088472,778480816.546823,917.339254088472
ADA,2021-07-23,1.1866408489778,1.20771292891139,1.14866960204817,1.20765922659191,715079224.762479,605978436.392649,715.0792247624789
ADA,2021-07-24,1.20765922659191,1.24947075210336,1.19926160438652,1.23442857374847,732078215.679846,601137622.962626,732.078215679846
ADA,2021-07-25,1.23442857374847,1.23925603967572,1.19327028088334,1.22956875945928,584961855.538561,480535984.644195,584.9618555385609
ADA,2021-07-26,1.22956875945928,1.39845028438522,1.22486962235208,1.25537836784774,1980898251.24314,1500115367.63189,1980.89825124314
ADA,2021-07-27,1.25537836784774,1.31476513883426,1.2148986677826,1.2799158617368,1331747134.672,1057074075.24093,1331.747134672
ADA,2021-07-28,1.2799158617368,1.31748194724285,1.25962811138168,1.28695475798799,1095548284.54686,851220335.458334,1095.54828454686
ADA,2021-07-29,1.28695475798799,1.29872847330299,1.26140972272239,1.28565789852003,856681557.01147,669912583.967499,856.68155701147
ADA,2021-07-30,1.28565789852003,1.31701281162705,1.24917211586972,1.31074272145885,935753930.252443,727667493.554298,935.753930252443
ADA,2021-07-31,1.31074272145885,1.33222380767578,1.28953430996095,1.31964096953916,758124044.154649,578225669.657935,758.124044154649
ADA,2021-08-01,1.31964096953916,1.38712095490846,1.30307960649131,1.31601706575708,1141050612.71781,843895835.013989,1141.0506127178098
ADA,2021-08-02,1.31601706575708,1.34919764181597,1.29753305385508,1.30927533355442,827017477.945126,625758295.643855,827.0174779451261
ADA,2021-08-03,1.30927533355442,1.38377081250511,1.26397419051268,1.37080046014783,1270009063.6324,954024468.570593,1270.0090636324
ADA,2021-08-04,1.37080046014783,1.39281276798192,1.32505970008176,1.37679710348514,1118208582.29416,821864345.471228,1118.20858229416
ADA,2021-08-05,1.37679710348514,1.3975949679576,1.34094473606847,1.38677134082502,950749701.775764,692217536.251137,950.749701775764
ADA,2021-08-06,1.38677134082502,1.42461563261282,1.36411166655152,1.40233826617266,1020404639.85234,733827586.148018,1020.40463985234
ADA,2021-08-07,1.40233826617266,1.48520941332415,1.39697314024348,1.47314481617068,1434530674.50089,990461306.50828,1434.53067450089
ADA,2021-08-08,1.47314481617068,1.49356338239176,1.40918019529399,1.42684570131221,1237343145.24687,850599064.885086,1237.34314524687
ADA,2021-08-09,1.42684570131221,1.49816251569237,1.39475412831748,1.47495949269743,1222486680.274,841071702.384847,1222.486680274
ADA,2021-08-10,1.47495949269743,1.69811957456651,1.45835406076684,1.67722635755108,2240414035.04711,1426795311.62416,2240.4140350471102
ADA,2021-08-11,1.67722635755108,1.89073298888218,1.67113804697849,1.79558487874292,3762017116.9917,2093355232.23523,3762.0171169917003
ADA,2021-08-12,1.79558487874292,1.86645495348488,1.68341456120847,1.83225334663105,3322995489.26097,1871970775.8837,3322.9954892609703
ADA,2021-08-13,1.83225334663105,2.14690104041294,1.82440862331394,2.1379466398185,4887468922.78929,2445990061.05303,4887.46892278929
ADA,2021-08-14,2.1379466398185,2.24897619495804,2.09206883585113,2.19045166783913,5383877506.51831,2487171501.36475,5383.87750651831
ADA,2021-08-15,2.19045166783913,2.24884128215556,2.04663758769897,2.16879767690911,3729713548.07001,1740247303.52255,3729.7135480700103
ADA,2021-08-16,2.16879767690911,2.19428621317133,2.05135288983877,2.0728324413508,2672267926.90439,1250086962.4208,2672.2679269043897
ADA,2021-08-17,2.0728324413508,2.13932630073567,1.9145312463974,1.92463878939693,2389742107.52568,1169838830.96481,2389.7421075256802
ADA,2021-08-18,1.92463878939693,2.15958164934669,1.88717329312136,2.10564459693898,3035517140.74586,1488719101.05049,3035.51714074586
ADA,2021-08-19,2.10564459693898,2.44835188519137,2.05032405088256,2.4411367466737,5054714067.23376,2268800950.61743,5054.71406723376
ADA,2021-08-20,2.4411367466737,2.57611291954299,2.37434372942629,2.45509499732984,5042198257.37018,2029266063.3181,5042.19825737018
ADA,2021-08-21,2.45509499732984,2.52653159977587,2.39076117988956,2.43831419110209,4288520539.44909,1750509068.48815,4288.52053944909
ADA,2021-08-22,2.43831419110209,2.71812952459934,2.43382074484766,2.71584848969569,12309116499.9155,4782494797.98126,12309.1164999155
ADA,2021-08-23,2.71584848969569,2.96492420327052,2.70108535553582,2.92011132323181,17271632463.5213,6048617924.66248,17271.632463521302
ADA,2021-08-24,2.92011132323181,2.94647455210395,2.60674691579814,2.71900583030125,10398960539.0585,3675135170.36792,10398.9605390585
ADA,2021-08-25,2.71900583030125,2.79542124671445,2.60956553207955,2.74014552688264,4083522319.55727,1502153143.06623,4083.52231955727
ADA,2021-08-26,2.74014552688264,2.78266310810729,2.47429097132145,2.53072451038662,4006070127.85819,1544311453.52875,4006.07012785819
ADA,2021-08-27,2.53072451038662,2.9490519056176,2.50003963509341,2.9490519056176,4680773519.81688,1711325264.17331,4680.77351981688
ADA,2021-08-28,2.9490519056176,2.95114463106121,2.78302507478421,2.85129381702458,3138820032.03353,1102409236.34706,3138.8200320335304
ADA,2021-08-29,2.85129381702458,2.93576791434679,2.73167584637364,2.85516051256926,3064757711.07023,1074011685.13751,3064.75771107023
ADA,2021-08-30,2.85516051256926,2.88674324800408,2.72708105955841,2.73722761693254,3016743181.13796,1072464059.03516,3016.74318113796
ADA,2021-08-31,2.73722761693254,2.87536159933164,2.70804119666822,2.77102736650567,3035455164.39321,1089214705.08163,3035.45516439321
ADA,2021-09-01,2.77102736650567,2.90178454053736,2.7287511133051,2.86967492573672,2718922976.03101,963725290.454205,2718.92297603101
ADA,2021-09-02,2.86967492573672,3.09795172524242,2.83711205831909,2.96150824208225,4577330395.69351,1528086747.53439,4577.33039569351
ADA,2021-09-03,2.96150824208225,3.02749083614512,2.90917116084844,2.96647237750154,3086353558.75971,1039997062.65592,3086.35355875971
ADA,2021-09-04,2.96647237750154,2.96647237750154,2.81041096959513,2.83188924774756,2662259311.47528,918155643.082767,2662.25931147528
ADA,2021-09-05,2.83188924774756,2.95346253914937,2.82573910048749,2.91000726809707,2366752767.1798,820580457.718933,2366.7527671798002
ADA,2021-09-06,2.91000726809707,2.92482820495604,2.80625593813044,2.83384029262747,2582504195.66567,901431740.071326,2582.50419566567
ADA,2021-09-07,2.83384029262747,2.87270484190439,2.05017373214105,2.51765404284197,7270748372.30786,2876285499.99159,7270.74837230786
ADA,2021-09-08,2.51765404284197,2.56473475673428,2.21113275817792,2.47393355125966,5106719833.81004,2119753684.69605,5106.719833810041
ADA,2021-09-09,2.47393355125966,2.61990100005421,2.39590952314947,2.52083511121701,3956148229.3189,1559940169.2159,3956.1482293189
ADA,2021-09-10,2.52083511121701,2.58696080943965,2.29694487235034,2.38654104773596,3890501881.35812,1595428357.0749,3890.50188135812
ADA,2021-09-11,2.38654104773596,2.79772300626793,2.37584333668321,2.63926103806163,5684774610.63512,2152890030.2653,5684.774610635121
ADA,2021-09-12,2.63926103806163,2.7890297277127,2.50870664586619,2.58365388576133,5307207893.79681,2020245336.54949,5307.20789379681
ADA,2021-09-13,2.58365388576133,2.59270141215658,2.32059819628443,2.40464860887303,4063796888.38638,1673437410.86515,4063.79688838638
ADA,2021-09-14,2.40464860887303,2.43421681719774,2.32884362973102,2.40020284812592,2638417609.7286,1104264512.25021,2638.4176097286
ADA,2021-09-15,2.40020284812592,2.58168647490737,2.36818187342529,2.50544666966712,2858003130.2735,1157605537.19902,2858.0031302735
ADA,2021-09-16,2.50544666966712,2.51141979677484,2.38523773815678,2.41878862170767,2221366278.8572,906290904.754485,2221.3662788572
ADA,2021-09-17,2.41878862170767,2.44030835244377,2.32911140398136,2.35189593889102,1574036604.94475,660422297.236723,1574.03660494475
ADA,2021-09-18,2.35189593889102,2.43901683314958,2.31887110085581,2.37427533497574,1368321703.76954,573026080.288581,1368.3217037695401
ADA,2021-09-19,2.37427533497574,2.3982394610544,2.2688980660697,2.28648245431765,1432091903.28257,612081845.378357,1432.0919032825698
ADA,2021-09-20,2.28648245431765,2.29381287021627,1.99123508138657,2.08214599466526,4057034298.65345,1909766311.48468,4057.03429865345
ADA,2021-09-21,2.08214599466526,2.22648897905159,1.92343213009142,1.98862180735484,4258252975.28236,2036380420.39575,4258.25297528236
ADA,2021-09-22,1.98862180735484,2.26708365769092,1.97278442602763,2.26147588776807,3200044486.74425,1494637844.70911,3200.0444867442498
ADA,2021-09-23,2.26147588776807,2.3463690539943,2.18587784036535,2.33193497125815,2350145550.56308,1043678102.67745,2350.1455505630797
ADA,2021-09-24,2.33193497125815,2.34716987065027,2.08525488079017,2.28246783333661,3868732467.90411,1728731710.04538,3868.73246790411
ADA,2021-09-25,2.28246783333661,2.4606466749124,2.24368912379806,2.30601726779139,4044520786.00021,1715739484.40601,4044.5207860002097
ADA,2021-09-26,2.30601726779139,2.30601726779139,2.15617201179443,2.21272836595683,2678593554.68077,1191802580.87067,2678.59355468077
ADA,2021-09-27,2.21272836595683,2.27694392779671,2.1349832826107,2.1349832826107,2018384021.63394,910671265.416164,2018.38402163394
ADA,2021-09-28,2.1349832826107,2.17377152216156,2.0328153244861,2.03936356214137,1884912733.58082,895449334.581385,1884.91273358082
ADA,2021-09-29,2.03936356214137,2.14456178913014,2.02610455161323,2.06799224616343,1865813721.81785,897483217.153331,1865.8137218178501
ADA,2021-09-30,2.06799224616343,2.1373240897155,2.05528275535508,2.11799026163819,1784545001.29509,849598368.941243,1784.54500129509
ADA,2021-10-01,2.11799026163819,2.27623800294321,2.09884635309071,2.25816603604478,2200028707.37692,1001508785.83213,2200.02870737692
ADA,2021-10-02,2.25816603604478,2.32386736459235,2.19689641449787,2.25103769594914,1913776508.40131,847787413.988705,1913.77650840131
ADA,2021-10-03,2.25103769594914,2.31007712069239,2.22736154279976,2.25563855223167,1491147649.91622,656750808.716634,1491.14764991622
ADA,2021-10-04,2.25563855223167,2.25599153257464,2.1577776808533,2.19403445030963,1443271338.87611,657629869.636432,1443.2713388761101
ADA,2021-10-05,2.19403445030963,2.25806873580881,2.18419972899034,2.23591008563825,1396666522.75764,629793650.042111,1396.66652275764
ADA,2021-10-06,2.23591008563825,2.25036469494767,2.11794443434482,2.21138819149642,1938333204.31396,880599854.728016,1938.33320431396
ADA,2021-10-07,2.21138819149642,2.36555168445085,2.15483845244511,2.27956429004991,2372823224.61236,1044266011.18136,2372.82322461236
ADA,2021-10-08,2.27956429004991,2.31060196277983,2.22335031956007,2.23857626671073,1512480610.21941,665753200.590936,1512.48061021941
ADA,2021-10-09,2.23857626671073,2.29929848652911,2.22385742886804,2.27000599833841,1450878287.85485,640454260.072519,1450.87828785485
ADA,2021-10-10,2.27000599833841,2.27724913659213,2.17688619247827,2.19220057440227,1578898936.01626,705836677.004528,1578.89893601626
ADA,2021-10-11,2.19220057440227,2.24950859403025,2.11971272720532,2.17280812649837,1862711085.55458,848641492.946907,1862.71108555458
ADA,2021-10-12,2.17280812649837,2.173210145937,2.07587681779283,2.11941761500964,2073652934.86642,977233971.942114,2073.65293486642
ADA,2021-10-13,2.11941761500964,2.19736643108501,2.08707683615274,2.19046181053904,1894642960.78626,888077885.325355,1894.64296078626
ADA,2021-10-14,2.19046181053904,2.22277016904731,2.15960221954395,2.17360498403391,1690134498.43733,773410411.281224,1690.13449843733
ADA,2021-10-15,2.17360498403391,2.24259131447218,2.14139734093999,2.21903073374291,2619954800.20223,1195246918.21359,2619.9548002022298
ADA,2021-10-16,2.21903073374291,2.24999797410511,2.17329261046066,2.18004953735309,1982836842.22098,896939859.371548,1982.8368422209799
ADA,2021-10-17,2.18004953735309,2.18928174944642,2.09810180595277,2.16072475320704,1595919997.47674,738759354.102639,1595.9199974767398
ADA,2021-10-18,2.16072475320704,2.17248169223528,2.11178899735531,2.13058494734074,1594061131.11041,745282170.484907,1594.06113111041
ADA,2021-10-19,2.13058494734074,2.15771208319687,2.09521162776103,2.11135738112402,1712381288.36126,805997234.680497,1712.38128836126
ADA,2021-10-20,2.11135738112402,2.20783796048757,2.09418519019588,2.19085457933391,1970899625.98574,914373828.257597,1970.89962598574
ADA,2021-10-21,2.19085457933391,2.29745845844047,2.13849437018479,2.13980711048135,2988735341.24294,1347011743.61993,2988.7353412429397
ADA,2021-10-22,2.13980711048135,2.21065676675111,2.13497209592202,2.15806881132766,2065305824.11437,951334906.275592,2065.30582411437
ADA,2021-10-23,2.15806881132766,2.17535556098856,2.13575457398949,2.16747144337963,1509177467.22057,699690844.097136,1509.1774672205702
ADA,2021-10-24,2.16747144337963,2.16919493405381,2.09706825955988,2.1207890584414,1509013753.79768,707895501.24124,1509.01375379768
ADA,2021-10-25,2.1207890584414,2.17833287867471,2.11669654289794,2.14612209255016,1648839314.43791,767550024.682317,1648.8393144379102
ADA,2021-10-26,2.14612209255016,2.20124171176445,2.12940441453224,2.13956908922795,1925468968.23255,887335149.240448,1925.46896823255
ADA,2021-10-27,2.13956908922795,2.15608049399929,1.83732521967129,1.91485707832028,3493708879.3246,1750665114.52338,3493.7088793246003
ADA,2021-10-28,1.91485707832028,2.05578109687986,1.91198462509166,1.9882230019334,3222097274.84215,1623902195.002,3222.09727484215
ADA,2021-10-29,1.9882230019334,2.04681290191841,1.98275260139379,2.01606125745944,2088639023.43807,1039338343.6698,2088.63902343807
ADA,2021-10-30,2.01606125745944,2.01849460840946,1.93072631727696,1.95712194980518,1738646794.48679,878401438.989893,1738.64679448679
ADA,2021-10-31,1.95712194980518,2.02359797041641,1.9220972514064,1.96722537689627,1852436550.32191,943715507.219898,1852.4365503219099
ADA,2021-11-01,1.96722537689627,2.01634849841958,1.91965441021612,1.95043889633944,1995632702.90407,1018438257.48423,1995.63270290407
ADA,2021-11-02,1.95043889633944,1.99704771538673,1.93723689355166,1.97196208889818,1842227293.77141,936349366.849733,1842.22729377141
ADA,2021-11-03,1.97196208889818,2.14344514115481,1.95194031875169,2.06367914138885,3576158375.91291,1733067092.66096,3576.15837591291
ADA,2021-11-04,2.06367914138885,2.09858033366828,1.94849614230836,1.9851257064176,2469003382.29383,1224914200.39519,2469.00338229383
ADA,2021-11-05,1.9851257064176,2.01942007145723,1.96507862001141,1.98451148100146,1754344481.26869,881662409.683453,1754.34448126869
ADA,2021-11-06,1.98451148100146,2.0393970564659,1.94761123756604,2.0069543150128,1503524812.82725,755658872.57413,1503.5248128272501
ADA,2021-11-07,2.0069543150128,2.03736200422394,1.97961327080688,2.02270650826297,1498468879.80051,747739553.298993,1498.46887980051
ADA,2021-11-08,2.02270650826297,2.13768085893668,2.0108804418016,2.12617321390083,2451634260.12886,1185265881.00588,2451.63426012886
ADA,2021-11-09,2.12617321390083,2.37610265570093,2.10871053960602,2.27090457797792,5570887781.6896,2463953782.67914,5570.8877816896
ADA,2021-11-10,2.27090457797792,2.32766028893242,1.94871469512121,2.09175659483018,4840825253.33565,2208836077.4387,4840.825253335651
ADA,2021-11-11,2.09175659483018,2.15309879010041,2.05659494314791,2.08239748761953,2629793246.30231,1252065299.8591,2629.79324630231
ADA,2021-11-12,2.08239748761953,2.11549477605943,1.99496546787929,2.04759529406172,2185789165.20558,1067984379.26136,2185.78916520558
ADA,2021-11-13,2.04759529406172,2.07979801484036,2.02389901505687,2.05191447001524,1552090992.51874,756268972.700093,1552.09099251874
ADA,2021-11-14,2.05191447001524,2.0697923109283,2.01195452360169,2.04183618091447,1192705207.10442,584846112.20439,1192.70520710442
ADA,2021-11-15,2.04183618091447,2.09333162573967,2.01722185993505,2.01947009189447,1099754499.99396,536061757.86539,1099.7544999939598
ADA,2021-11-16,2.01947009189447,2.01947009189447,1.78495523114878,1.87734536674,2637720159.82287,1379126585.24714,2637.72015982287
ADA,2021-11-17,1.87734536674,1.89338294368692,1.80432754915784,1.8800747690211,2222758660.88181,1199599874.86652,2222.75866088181
ADA,2021-11-18,1.8800747690211,1.90963939425074,1.71495401294097,1.79134368636316,1926694984.61486,1056851062.01453,1926.69498461486
ADA,2021-11-19,1.79134368636316,1.89690375213566,1.76000035956762,1.86742295591794,1453643306.29835,793053846.229812,1453.6433062983501
ADA,2021-11-20,1.86742295591794,1.95914933393266,1.86528348593684,1.92652354891037,1211996112.01201,637191473.237442,1211.9961120120101
ADA,2021-11-21,1.92652354891037,1.92767031051176,1.8398160388375,1.84269221958411,953519796.076095,507359515.667912,953.519796076095
ADA,2021-11-22,1.84269221958411,1.84333682931064,1.76517350614505,1.7818923846733,1226737531.63515,680706655.412647,1226.73753163515
ADA,2021-11-23,1.7818923846733,1.8192109473147,1.7490091246693,1.7539234857897,1334337799.56399,748619329.021954,1334.33779956399
ADA,2021-11-24,1.7539234857897,1.75504165096781,1.59712273633562,1.6698410003655,2425910890.84111,1457341526.18267,2425.9108908411104
ADA,2021-11-25,1.6698410003655,1.75214974673955,1.62496307176356,1.67966384830367,1988753925.71122,1173855371.90086,1988.75392571122
ADA,2021-11-26,1.67966384830367,1.68810477632862,1.50515433665325,1.53714309534798,2226393953.30707,1415634342.94512,2226.3939533070698
ADA,2021-11-27,1.53714309534798,1.58881188303332,1.53591353710999,1.54848778810205,1128749976.79643,721703871.876283,1128.74997679643
ADA,2021-11-28,1.54848778810205,1.60284491958034,1.43521576853596,1.59830691340909,1591040550.7162,1053042306.20213,1591.0405507162002
ADA,2021-11-29,1.59830691340909,1.63781032948929,1.56258152399499,1.60502379539818,1334558720.45158,835020881.599864,1334.55872045158
ADA,2021-11-30,1.60502379539818,1.63000070575088,1.55017490105792,1.55713222646033,1395422715.94791,879955584.815621,1395.42271594791
ADA,2021-12-01,1.55713222646033,1.62434137817807,1.53785552033621,1.5511324826844,1263657042.60794,797822660.322038,1263.65704260794
ADA,2021-12-02,1.5511324826844,1.7608913958943,1.52319600752435,1.72335948786297,2776562814.41365,1660653102.32248,2776.56281441365
ADA,2021-12-03,1.72335948786297,1.73056116309138,1.54215052281141,1.56151182215771,2052698630.15291,1257425233.83725,2052.69863015291
ADA,2021-12-04,1.56151182215771,1.56231392432069,1.22521627578998,1.42402190540428,2893477565.75142,2101752115.82075,2893.47756575142
ADA,2021-12-05,1.42402190540428,1.43709510887737,1.28983981161211,1.38092898232326,2236841467.61338,1631121739.98005,2236.84146761338
ADA,2021-12-06,1.38092898232326,1.4410073991831,1.26088792906074,1.42397780880049,1986239691.72724,1486330547.7104,1986.2396917272401
ADA,2021-12-07,1.42397780880049,1.47976377614825,1.37284829789254,1.38191601363664,1754410105.34652,1221325092.54083,1754.41010534652
ADA,2021-12-08,1.38191601363664,1.42458998493401,1.34691358034435,1.39970661518807,1349221242.8578,973489553.951115,1349.2212428578
ADA,2021-12-09,1.39970661518807,1.41139404216003,1.29285051884763,1.29285051884763,1326640181.02823,983301832.330837,1326.64018102823
ADA,2021-12-10,1.29285051884763,1.33373399603498,1.21124396330508,1.21341627150626,1390500001.37706,1081718452.86092,1390.50000137706
ADA,2021-12-11,1.21341627150626,1.36324803311513,1.19636215986571,1.35620820981901,1194344164.13839,934767912.108437,1194.3441641383902
ADA,2021-12-12,1.35620820981901,1.4157570084213,1.3253709645781,1.3497683905241,1087992518.98495,799451038.476958,1087.99251898495
ADA,2021-12-13,1.3497683905241,1.35899789834211,1.20653708501095,1.22688548824224,1105969486.12724,870392974.413443,1105.9694861272399
ADA,2021-12-14,1.22688548824224,1.28326497389732,1.20326824210799,1.26822664090469,1171013732.1729,944884612.330318,1171.0137321729
ADA,2021-12-15,1.26822664090469,1.33242472563813,1.20861548367367,1.31459437618632,1120073882.06127,885083606.83474,1120.07388206127
ADA,2021-12-16,1.31459437618632,1.33186079526428,1.24041827711984,1.24213296259494,916569989.268585,707566317.147608,916.569989268585
ADA,2021-12-17,1.24213296259494,1.25941527340918,1.18862559857599,1.21999874442419,994562456.30375,807525539.902277,994.5624563037501
ADA,2021-12-18,1.21999874442419,1.26763990428945,1.20318370977368,1.24476274599278,765718887.535137,617890063.262579,765.718887535137
ADA,2021-12-19,1.24476274599278,1.3129433188928,1.24312700875076,1.24597353339221,921229770.517775,721713375.967009,921.229770517775
ADA,2021-12-20,1.24597353339221,1.26188576036258,1.2052685711649,1.23940138302569,975976251.56785,793196113.616137,975.97625156785
ADA,2021-12-21,1.23940138302569,1.29027431142618,1.22985391464555,1.28209492745287,827963472.791105,656181682.196612,827.963472791105
ADA,2021-12-22,1.28209492745287,1.36824734152252,1.27850484053088,1.32930106673504,1086433774.12645,817805640.890006,1086.43377412645
ADA,2021-12-23,1.32930106673504,1.4898744175967,1.31246425275548,1.47531148559648,1419983878.74173,1018234582.97689,1419.98387874173
ADA,2021-12-24,1.47531148559648,1.49128327569739,1.38547846128717,1.39347947433178,967535359.234737,670215067.148464,967.535359234737
ADA,2021-12-25,1.39347947433178,1.46056232762109,1.38634128178559,1.45490049442106,721097416.679164,503933780.739717,721.0974166791641
ADA,2021-12-26,1.45490049442106,1.46819053890783,1.41154413214136,1.45660140743048,823200339.888625,570097118.196872,823.2003398886251
ADA,2021-12-27,1.45660140743048,1.59188905065627,1.45260335924157,1.51684821583171,1369591009.445,890112756.298191,1369.5910094449998
ADA,2021-12-28,1.51684821583171,1.53932622579815,1.38105397479503,1.40120125976416,1536100225.40454,1050676428.63773,1536.10022540454
ADA,2021-12-29,1.40120125976416,1.43790805626876,1.32873973061621,1.33384819110682,1106302840.67284,798547210.096333,1106.3028406728401
ADA,2021-12-30,1.33384819110682,1.37726566621923,1.30134613346956,1.3594609371691,922696045.292222,687636589.201742,922.696045292222
ADA,2021-12-31,1.3594609371691,1.38287955058492,1.28385655673649,1.30997446197403,940208436.081579,702080628.863214,940.208436081579
ADA,2022-01-01,1.30997446197403,1.38056267830206,1.30781146844156,1.38056267830206,598901732.266587,448273568.198649,598.901732266587
ADA,2022-01-02,1.38056267830206,1.39086630474816,1.34480775993606,1.37933498206783,630383519.126238,461301723.135638,630.383519126238
ADA,2022-01-03,1.37933498206783,1.37933498206783,1.31396795515552,1.3206470057082,693483962.725639,514815462.191527,693.483962725639
ADA,2022-01-04,1.3206470057082,1.35118512199721,1.29752590336838,1.31022116319383,737269480.828796,556981100.656681,737.2694808287961
ADA,2022-01-05,1.31022116319383,1.35174711243617,1.19708807402643,1.23172525853881,966971737.31922,748916772.427541,966.97173731922
ADA,2022-01-06,1.23172525853881,1.29607325609351,1.18852937046747,1.28113318193878,1041354040.39171,843505876.463686,1041.35404039171
ADA,2022-01-07,1.28113318193878,1.28531899731577,1.19269379345658,1.20982443282244,1204960711.6307,983004421.665819,1204.9607116307002
ADA,2022-01-08,1.20982443282244,1.2542571817192,1.1333621639266,1.18368809082061,1028358080.92728,860557864.247967,1028.3580809272798
ADA,2022-01-09,1.18368809082061,1.20637792833885,1.15072159035242,1.17169716917367,718330688.598024,608732212.893609,718.330688598024
ADA,2022-01-10,1.17169716917367,1.18128819294249,1.0747617781542,1.1245058039247,1008068488.23812,891969866.038369,1008.0684882381199
ADA,2022-01-11,1.1245058039247,1.19590487820699,1.12405977566379,1.18866029222579,741663664.970583,638101225.982751,741.663664970583
ADA,2022-01-12,1.18866029222579,1.312970877936,1.18866029222579,1.312970877936,997855561.196201,797178823.352168,997.8555611962009
ADA,2022-01-13,1.312970877936,1.3536144141081,1.23016045260366,1.23376234479235,1222793947.94497,948811474.662649,1222.79394794497
ADA,2022-01-14,1.23376234479235,1.30834272104312,1.2245331402537,1.29349455087213,1086393501.19489,858017082.69617,1086.39350119489
ADA,2022-01-15,1.29349455087213,1.31699175378099,1.25390837267735,1.29315686497724,634196243.04102,494352976.231989,634.19624304102
ADA,2022-01-16,1.29315686497724,1.42214710052223,1.28888755952629,1.41195623507114,1767651819.12583,1279385070.18058,1767.65181912583
ADA,2022-01-17,1.41195623507114,1.60335524914424,1.38914920381574,1.60335524914424,3766920747.78669,2495022580.24093,3766.9207477866903
ADA,2022-01-18,1.60335524914424,1.6337759314146,1.41505537985693,1.4596260310689,3208185367.30599,2118179187.27121,3208.1853673059904
ADA,2022-01-19,1.4596260310689,1.53425166538294,1.32888124101286,1.33817782804815,2507555762.78135,1770951171.78952,2507.55576278135
ADA,2022-01-20,1.33817782804815,1.42628867249452,1.25450571313684,1.26158266345614,1943335885.8663,1440424623.89805,1943.3358858663
ADA,2022-01-21,1.26158266345614,1.28290242371871,1.10615167896743,1.12273322994305,2255952789.5049,1875947730.47541,2255.9527895049
ADA,2022-01-22,1.12273322994305,1.15585470111976,0.933229296686265,1.07362165001016,2833762621.61681,2663208333.07229,2833.76262161681
ADA,2022-01-23,1.07362165001016,1.17049185814976,1.05407385815291,1.12553427528542,1753118853.30481,1587748198.20864,1753.11885330481
ADA,2022-01-24,1.12553427528542,1.12553427528542,0.955044868027599,1.06713904336196,2197601602.06494,2139930785.79225,2197.60160206494
ADA,2022-01-25,1.06713904336196,1.07472920699069,0.996161773674707,1.04452402131903,1247055147.40782,1203198047.01476,1247.05514740782
ADA,2022-01-26,1.04452402131903,1.15418029244645,1.0255019261011,1.07874446394941,1708947595.49167,1572086661.10943,1708.94759549167
ADA,2022-01-27,1.07874446394941,1.08144358827764,1.00835492758306,1.04382345671447,1072635129.96512,1029975444.23589,1072.6351299651199
ADA,2022-01-28,1.04382345671447,1.06007266705004,1.01230143127413,1.05002188827666,848325879.491079,818398068.10646,848.3258794910789
ADA,2022-01-29,1.05002188827666,1.08425861381117,1.04022461688896,1.06150921740429,632446043.752588,595594170.85201,632.446043752588
ADA,2022-01-30,1.06150921740429,1.07812589148956,1.02725559084599,1.03764288172732,511525563.266814,485314517.345234,511.525563266814
ADA,2022-01-31,1.03764288172732,1.05987520365818,1.01189333776074,1.05350135128823,640555658.659987,619979551.588511,640.555658659987
ADA,2022-02-01,1.05350135128823,1.09791024459746,1.03734823408254,1.09791024459746,791693279.39175,744227005.688259,791.69327939175
ADA,2022-02-02,1.09791024459746,1.10326417780244,1.02683647086107,1.02941923192894,796093666.58247,748034120.94227,796.0936665824701
ADA,2022-02-03,1.02941923192894,1.06134942058832,1.01928645616542,1.06134942058832,627341979.50732,603539759.979992,627.34197950732
ADA,2022-02-04,1.06134942058832,1.14007791534198,1.04788041307685,1.14007791534198,789539366.246673,729461342.6812,789.539366246673
ADA,2022-02-05,1.14007791534198,1.17797330069613,1.10188161781681,1.1276881847813,953385171.08535,834051827.220402,953.3851710853501
ADA,2022-02-06,1.1276881847813,1.15145348616281,1.10352628059972,1.14547693867352,618703634.97806,548965690.787234,618.70363497806
ADA,2022-02-07,1.14547693867352,1.20967968969196,1.12888292773303,1.20086647124817,1478099779.18027,1249722737.44219,1478.09977918027
ADA,2022-02-08,1.20086647124817,1.26171855709536,1.13655257771291,1.17793113279102,1556194120.15061,1297155069.61064,1556.19412015061
ADA,2022-02-09,1.17793113279102,1.21507336339514,1.15516517202148,1.19640219662031,875251006.701571,734923619.745281,875.251006701571
ADA,2022-02-10,1.19640219662031,1.22151337862391,1.14868867855307,1.15240719714228,1090606498.91781,920315832.933211,1090.6064989178099
ADA,2022-02-11,1.15240719714228,1.16430069889509,1.06996312399601,1.08136054589934,852560332.528929,752076061.641233,852.5603325289289
ADA,2022-02-12,1.08136054589934,1.09333667420681,1.03290463299366,1.06027066513113,855505774.41345,803544537.708852,855.50577441345
ADA,2022-02-13,1.06027066513113,1.07671915678152,1.03459527056611,1.04419124862499,654681104.77287,619820205.328436,654.68110477287
ADA,2022-02-14,1.04419124862499,1.0548103705489,1.02079306676829,1.05025237609626,765158854.296839,737314964.073253,765.158854296839
ADA,2022-02-15,1.05025237609626,1.11514775431178,1.05025237609626,1.1088368095064,812205021.074232,746716735.920319,812.205021074232
ADA,2022-02-16,1.1088368095064,1.11258544100051,1.06903208432289,1.08421006698553,607592636.719412,557180249.530792,607.592636719412
ADA,2022-02-17,1.08421006698553,1.09407488672264,1.01273233505316,1.02172385360627,661077002.450123,626943303.591938,661.0770024501229
ADA,2022-02-18,1.02172385360627,1.04281806884692,0.988278444102266,0.997326131954285,820810840.721917,808904653.350567,820.8108407219171
ADA,2022-02-19,0.997326131954285,1.01913048456092,0.975899176156727,0.997331244464355,729600690.237731,731455514.283721,729.600690237731
ADA,2022-02-20,0.997331244464355,0.998143030864839,0.921076975883238,0.93273560151694,935111428.454957,987042613.767733,935.111428454957
ADA,2022-02-21,0.93273560151694,0.992781654920759,0.855321834294259,0.858525245137283,1272624130.97409,1367503645.79698,1272.6241309740901
ADA,2022-02-22,0.858525245137283,0.895864473410174,0.817519891062023,0.88934565371618,1240930681.02461,1445832965.21529,1240.93068102461
ADA,2022-02-23,0.88934565371618,0.957475546472412,0.866057975105918,0.866983617440548,1122664833.30689,1227590784.1468,1122.66483330689
ADA,2022-02-24,0.866983617440548,0.886431163648129,0.750748699054994,0.854266089129635,2038712562.21045,2530527117.7191,2038.71256221045
ADA,2022-02-25,0.854266089129635,0.909290527263557,0.826367924393817,0.900006172236696,925184100.620508,1068307964.4835,925.1841006205079
ADA,2022-02-26,0.900006172236696,0.929983858408812,0.884605111037259,0.888265476974129,661945199.460303,730861938.476899,661.945199460303
ADA,2022-02-27,0.888265476974129,0.914247690358473,0.836237890258851,0.858541115326156,745303373.185841,852878243.10488,745.303373185841
ADA,2022-02-28,0.858541115326156,0.968774075033133,0.845360518823165,0.963335216433128,1023231842.37344,1130451596.92505,1023.23184237344
ADA,2022-03-01,0.963335216433128,1.00769978561011,0.941927417153011,0.963847264517338,1019509506.014,1051534961.2644,1019.5095060140001
ADA,2022-03-02,0.963847264517338,0.975486238362063,0.928961504762926,0.939935116525252,699028640.140577,732968037.15119,699.028640140577
ADA,2022-03-03,0.939935116525252,0.945445540652368,0.886816103528671,0.90338417697229,576512263.627343,630668710.371107,576.512263627343
ADA,2022-03-04,0.90338417697229,0.90338417697229,0.829242586825121,0.84556589410038,657637523.474394,756128757.756389,657.637523474394
ADA,2022-03-05,0.84556589410038,0.882338144758702,0.82378617027729,0.864833284918873,428153650.798275,500994769.700871,428.153650798275
ADA,2022-03-06,0.864833284918873,0.870453204025738,0.821263700250688,0.822785363003307,327937319.713763,388993827.418105,327.937319713763
ADA,2022-03-07,0.822785363003307,0.845615144797963,0.780305361488666,0.793645054647485,556969413.570795,685238103.021565,556.969413570795
ADA,2022-03-08,0.793645054647485,0.819951819729961,0.78899521127083,0.802142910158994,594030387.120667,739203680.996502,594.030387120667
ADA,2022-03-09,0.802142910158994,0.862613985095118,0.801032661191906,0.849898659651361,587132978.027352,698444934.402748,587.132978027352
ADA,2022-03-10,0.849898659651361,0.851783339047128,0.789858612188671,0.807728683591743,538995462.220213,664365897.862968,538.9954622202131
ADA,2022-03-11,0.807728683591743,0.818833273922151,0.784621974618856,0.78969154712577,482834554.229034,604566093.893663,482.834554229034
ADA,2022-03-12,0.78969154712577,0.802109827939065,0.787941465756381,0.791064869530393,290830544.545284,365309490.339987,290.830544545284
ADA,2022-03-13,0.791064869530393,0.819917753590223,0.783315340232148,0.787943135295011,431069505.998587,538309144.434142,431.06950599858703
ADA,2022-03-14,0.787943135295011,0.812355660402132,0.780517815965804,0.802782032472485,497913782.767826,623944860.103152,497.91378276782604
ADA,2022-03-15,0.802782032472485,0.815659502176349,0.785095780337457,0.79955129404867,449816260.623922,563451901.376424,449.816260623922
ADA,2022-03-16,0.79955129404867,0.838571243062056,0.796771195312089,0.838147245750598,665833656.950967,817311426.805343,665.833656950967
ADA,2022-03-17,0.838147245750598,0.857322729494555,0.829568257131272,0.836738080192512,492201269.785488,583359569.29502,492.201269785488
ADA,2022-03-18,0.836738080192512,0.859170707811748,0.822893155381043,0.85229282679545,416434339.214368,496004592.347665,416.434339214368
ADA,2022-03-19,0.85229282679545,0.913768129930285,0.851867990585633,0.902986589688159,587335266.387402,664712257.797614,587.335266387402
ADA,2022-03-20,0.902986589688159,0.915667617538614,0.865924806666453,0.878671918015506,536203476.248008,603475163.560931,536.203476248008
ADA,2022-03-21,0.878671918015506,0.929298343831235,0.865389596905696,0.917467888737687,687102569.641657,763577918.099324,687.1025696416569
ADA,2022-03-22,0.917467888737687,0.987331212197983,0.9083074981626,0.975301639065178,997611567.077489,1043494445.92891,997.611567077489
ADA,2022-03-23,0.975301639065178,1.10860881872934,0.957729944035289,1.1073923799506,2019202121.27505,1949088158.04178,2019.2021212750499
ADA,2022-03-24,1.1073923799506,1.18784119219883,1.08284677541713,1.13042391730377,2222936889.08455,1952058704.63761,2222.93688908455
ADA,2022-03-25,1.13042391730377,1.164262959755,1.0750931025073,1.09594110557625,1613915283.46993,1441435408.40208,1613.91528346993
ADA,2022-03-26,1.09594110557625,1.15773589578685,1.08039559411244,1.15192905365321,985784515.790656,876769755.435079,985.784515790656
ADA,2022-03-27,1.15192905365321,1.18409727899932,1.1057577608398,1.18253049527715,908811978.411111,795438760.833264,908.811978411111
ADA,2022-03-28,1.18253049527715,1.24288426432993,1.16091863769717,1.16866786766489,1638601347.55056,1364101407.54179,1638.60134755056
ADA,2022-03-29,1.16866786766489,1.24054269816125,1.16866786766489,1.19025124972938,1221008979.57407,1014095963.10099,1221.00897957407
ADA,2022-03-30,1.19025124972938,1.2165393724418,1.16464327982601,1.18936069529306,959897466.513219,806889802.186653,959.897466513219
ADA,2022-03-31,1.18936069529306,1.2267806524111,1.13575684324724,1.14202790947712,1217706188.48079,1031327270.31609,1217.70618848079
ADA,2022-04-01,1.14202790947712,1.17416278945672,1.10711321002623,1.16537855243942,1157860263.56602,1011322611.90159,1157.86026356602
ADA,2022-04-02,1.16537855243942,1.19466033089458,1.15036465352406,1.15569161665229,835986451.961374,711936633.789159,835.9864519613741
ADA,2022-04-03,1.15569161665229,1.19895913944054,1.14552836834839,1.18593273778052,635118685.450093,541382778.518098,635.118685450093
ADA,2022-04-04,1.18593273778052,1.24209310589975,1.16403660872885,1.21315874886042,1652294303.80254,1372206948.38763,1652.29430380254
ADA,2022-04-05,1.21315874886042,1.21858830669101,1.16562732598253,1.17145250127285,813105695.525867,678771225.958978,813.105695525867
ADA,2022-04-06,1.17145250127285,1.17283134130889,1.04920404454598,1.05319171601941,1210582607.22687,1088012413.83451,1210.58260722687
ADA,2022-04-07,1.05319171601941,1.10116541190876,1.04244607822267,1.0901269110891,783505033.233929,728433640.997614,783.505033233929
ADA,2022-04-08,1.0901269110891,1.099101301234,1.02084478110843,1.02600337795566,657106794.970245,614143157.960113,657.106794970245
ADA,2022-04-09,1.02600337795566,1.04684927692932,1.02344919855925,1.04570837528462,416495571.933891,402609244.503199,416.495571933891
ADA,2022-04-10,1.04570837528462,1.0692422976593,1.02579602626713,1.02734544288229,420580237.969824,402333551.233821,420.580237969824
ADA,2022-04-11,1.02734544288229,1.03185429430518,0.918971571399053,0.920724926843933,987428774.5358,1018228833.01988,987.4287745358
ADA,2022-04-12,0.920724926843933,0.982528524892048,0.918079920690047,0.955309932900063,725174552.418076,763294135.453218,725.174552418076
ADA,2022-04-13,0.955309932900063,0.979738808812005,0.93661590751651,0.975406071620055,576745069.497871,600919504.963419,576.745069497871
ADA,2022-04-14,0.975406071620055,0.984913674966907,0.924761041917593,0.933487733153492,567968043.760184,595521320.007896,567.9680437601841
ADA,2022-04-15,0.933487733153492,0.959259594696808,0.93115018451987,0.956908548911765,483893131.645095,509585967.980114,483.89313164509497
ADA,2022-04-16,0.956908548911765,0.963256122656491,0.938446147734235,0.95174730284083,303825877.801046,319090274.952798,303.82587780104603
ADA,2022-04-17,0.95174730284083,0.962874663076249,0.914774188440767,0.915517553661558,356338576.847122,377287678.392336,356.338576847122
ADA,2022-04-18,0.915517553661558,0.938189878826701,0.876527579041024,0.93708261982971,763368466.548017,843927555.394622,763.3684665480171
ADA,2022-04-19,0.93708261982971,0.955677901091835,0.927631982389296,0.952502200159105,513503931.361135,546513461.492804,513.503931361135
ADA,2022-04-20,0.952502200159105,0.975072951427471,0.931764695319347,0.937021986463985,541684527.350753,569644095.435674,541.684527350753
ADA,2022-04-21,0.937021986463985,0.969994653382222,0.89566260000363,0.910204013157159,580320079.793413,616647706.493385,580.320079793413
ADA,2022-04-22,0.910204013157159,0.923780793958643,0.892703164926439,0.906688005733898,477914554.368078,524808432.064495,477.914554368078
ADA,2022-04-23,0.906688005733898,0.911843711681595,0.882610070916026,0.886955291058012,269829379.734354,300576676.39037,269.829379734354
ADA,2022-04-24,0.886955291058012,0.898431854159939,0.879188244258456,0.886016109510745,290529700.600965,326651820.785889,290.52970060096504
ADA,2022-04-25,0.886016109510745,0.902738142091719,0.828216977923265,0.897669088332503,769916967.621299,893934346.025775,769.916967621299
ADA,2022-04-26,0.897669088332503,0.901264884097707,0.818410589562408,0.826275929842185,700925837.26287,818149935.780722,700.92583726287
ADA,2022-04-27,0.826275929842185,0.855001416050819,0.820789448871259,0.840309674828516,624672648.340246,745113236.480162,624.6726483402459
ADA,2022-04-28,0.840309674828516,0.852459592832037,0.826959116754729,0.84323341520562,561758350.913341,667456271.516403,561.758350913341
ADA,2022-04-29,0.84323341520562,0.849304130570635,0.791060319997543,0.805330561822795,573514680.309547,700501428.772609,573.514680309547
ADA,2022-04-30,0.805330561822795,0.817955902330171,0.739461279900117,0.756726569199537,589789926.519644,750410565.822648,589.789926519644
ADA,2022-05-01,0.756726569199537,0.800446083877474,0.748189679772959,0.790033798732584,621737381.752704,802947876.485588,621.737381752704
ADA,2022-05-02,0.790033798732584,0.796859249257813,0.765392964427467,0.781285238696273,540963042.121506,691942904.897794,540.963042121506
ADA,2022-05-03,0.781285238696273,0.798927678152155,0.761512479426501,0.771720159874829,436361982.453291,557660285.73118,436.361982453291
ADA,2022-05-04,0.771720159874829,0.898915894690242,0.769180018797192,0.898915894690242,990892295.608757,1190627591.07823,990.892295608757
ADA,2022-05-05,0.898915894690242,0.904267628309437,0.775523795477791,0.789248400349546,1263714010.39101,1514833240.66362,1263.71401039101
ADA,2022-05-06,0.789248400349546,0.798810327901317,0.764655947414732,0.783732106173499,876534990.038531,1116510376.3347,876.534990038531
ADA,2022-05-07,0.783732106173499,0.786156029690403,0.75115924445487,0.761066394354246,522938285.790727,675737698.535437,522.938285790727
ADA,2022-05-08,0.761066394354246,0.764663864663884,0.728853997625319,0.741576792638921,1292957110.88197,966040852.857537,1292.95711088197
ADA,2022-05-09,0.741576792638921,0.754753480626715,0.604380745460306,0.604380745460306,1617181323.93525,2413473980.06538,1617.18132393525
ADA,2022-05-10,0.604380745460306,0.70025024298677,0.589182123685361,0.629514782294583,1552776293.16396,2382814439.9416,1552.77629316396
ADA,2022-05-11,0.629514782294583,0.658501607282883,0.476496487556138,0.517949029896928,1826411314.54727,3145276807.40317,1826.41131454727
ADA,2022-05-12,0.517949029896928,0.547413036909742,0.38911807514479,0.4727054504841,1709248572.35713,3713618897.30227,1709.2485723571301
ADA,2022-05-13,0.4727054504841,0.60321705151985,0.469270742482639,0.529797865010543,1258337281.88961,2263855327.84523,1258.33728188961
ADA,2022-05-14,0.529797865010543,0.556933593427421,0.491356657536436,0.538309522214349,687634740.327718,1313447437.93437,687.634740327718
ADA,2022-05-15,0.538309522214349,0.598765902434244,0.516363631528476,0.59822731056449,625760264.71561,1128738459.43292,625.76026471561
ADA,2022-05-16,0.59822731056449,0.610281768443453,0.546367317341958,0.556760129246976,784140120.260981,1376680994.61133,784.140120260981
ADA,2022-05-17,0.556760129246976,0.598811842222595,0.552826498910166,0.577833227821667,571697370.293273,993113934.983843,571.697370293273
ADA,2022-05-18,0.577833227821667,0.584949971708455,0.503234909678854,0.5051244471758,584469964.996132,1085158086.19147,584.469964996132
ADA,2022-05-19,0.5051244471758,0.545546768297614,0.492733398773678,0.533217748363126,560133414.733387,1073397679.55357,560.133414733387
ADA,2022-05-20,0.533217748363126,0.543449927969629,0.502144855698104,0.516253896124023,449256119.512834,858412926.726381,449.256119512834
ADA,2022-05-21,0.516253896124023,0.538042754152121,0.509572462290547,0.528459592782244,254230597.183756,483099799.866023,254.230597183756
ADA,2022-05-22,0.528459592782244,0.547307507296269,0.522044703901438,0.541844047876831,296543266.520278,552073896.050379,296.543266520278
ADA,2022-05-23,0.541844047876831,0.558578123487801,0.506637329244022,0.513486164631899,476352213.402529,883301037.333816,476.352213402529
ADA,2022-05-24,0.513486164631899,0.524514239612472,0.4932839327664,0.521767735801936,391109864.74902,762887686.768286,391.10986474902
ADA,2022-05-25,0.521767735801936,0.531745410842195,0.507292698736254,0.514650753105687,343440997.375503,664808098.084363,343.440997375503
ADA,2022-05-26,0.514650753105687,0.520802977556438,0.464995986188393,0.479239026334336,530898082.055166,1082823792.91019,530.898082055166
ADA,2022-05-27,0.479239026334336,0.483792237574503,0.446113125126755,0.456663175946819,551013584.628716,1192289920.41294,551.013584628716
ADA,2022-05-28,0.456663175946819,0.468388026922839,0.448643227267328,0.464666679143367,263012254.87802,572104551.555424,263.01225487802
ADA,2022-05-29,0.464666679143367,0.482662495782959,0.456970793508307,0.482196466529721,261900970.508526,557269489.299285,261.900970508526
ADA,2022-05-30,0.482196466529721,0.575829579482627,0.478163374995964,0.569680409959815,666396413.068351,1255610569.61062,666.3964130683511
ADA,2022-05-31,0.569680409959815,0.683896602305878,0.568284425095547,0.626651521382568,1807116618.87014,2864389652.98867,1807.11661887014
ADA,2022-06-01,0.626651521382568,0.630417278013432,0.540060137424792,0.552247564341362,901288043.715764,1539698595.81457,901.288043715764
ADA,2022-06-02,0.552247564341362,0.595536811106809,0.550720973480646,0.587485281397111,746656279.683885,1300703599.10666,746.656279683885
ADA,2022-06-03,0.587485281397111,0.60276755325734,0.539998055327709,0.560415750745683,583060775.408991,1028282780.72695,583.0607754089909
ADA,2022-06-04,0.560415750745683,0.570993042799961,0.546773415347208,0.567012884565914,323757438.593047,578450522.930922,323.757438593047
ADA,2022-06-05,0.567012884565914,0.580414688590151,0.555237596509972,0.567772104625798,281362721.331161,496388793.446531,281.362721331161
ADA,2022-06-06,0.567772104625798,0.644274733905154,0.565589761352623,0.608694759192987,941530976.357948,1532469444.61773,941.5309763579479
ADA,2022-06-07,0.608694759192987,0.641357755711173,0.573368037404525,0.613768736522116,944350883.195814,1560867474.70063,944.350883195814
ADA,2022-06-08,0.613768736522116,0.666590547739454,0.609850365393256,0.641150631346022,1037228239.26164,1613155970.07153,1037.22823926164
ADA,2022-06-09,0.641150631346022,0.656389067829075,0.626185460482891,0.632286420591449,607856752.060602,948133396.228538,607.8567520606019
ADA,2022-06-10,0.632286420591449,0.634792980027213,0.571566019119924,0.573904343491948,736249515.425292,1232423202.69235,736.249515425292
ADA,2022-06-11,0.573904343491948,0.612889310942365,0.545910436513355,0.554534689842756,768754918.102158,1336802365.27023,768.754918102158
ADA,2022-06-12,0.554534689842756,0.561242865334821,0.491304072419288,0.491304072419288,915163696.05814,1755435481.31086,915.1636960581401
ADA,2022-06-13,0.491304072419288,0.49727684413169,0.438644246753387,0.464084480699443,1541939578.32021,3327423608.25195,1541.9395783202099
ADA,2022-06-14,0.464084480699443,0.51755403626498,0.438086961319131,0.483036534236772,1366362464.47752,2829163138.54861,1366.36246447752
ADA,2022-06-15,0.483036534236772,0.537993560738898,0.449791471409147,0.534896725596884,1371938604.60035,2833127677.01703,1371.93860460035
ADA,2022-06-16,0.534896725596884,0.545331831458503,0.468545254439307,0.476715699739597,822329981.663394,1641545454.30767,822.3299816633939
ADA,2022-06-17,0.476715699739597,0.503318918462671,0.472201624275473,0.487616960842403,586655817.565781,1197932862.90254,586.655817565781
ADA,2022-06-18,0.487616960842403,0.495383508766571,0.424001948477354,0.455559133950513,802609774.791315,1752605287.79082,802.609774791315
ADA,2022-06-19,0.455559133950513,0.487913566682312,0.437011500523275,0.484521752560199,687396825.17685,1486628784.65505,687.3968251768499
ADA,2022-06-20,0.484521752560199,0.507435486538915,0.461792052039296,0.491151535114753,672087172.286227,1385093179.37605,672.087172286227
ADA,2022-06-21,0.491151535114753,0.510355606359293,0.476522523263173,0.481228683052657,650326878.650648,1312063727.25364,650.326878650648
ADA,2022-06-22,0.481228683052657,0.481228683052657,0.456869458210627,0.459303995751911,545415555.31517,1165594107.51142,545.4155553151701
ADA,2022-06-23,0.459303995751911,0.481912894651929,0.458408683572154,0.479429980239567,461940507.429807,980112911.036297,461.940507429807
ADA,2022-06-24,0.479429980239567,0.508476227333399,0.477059590660991,0.49804829447582,659612674.753609,1329201878.86451,659.612674753609
ADA,2022-06-25,0.49804829447582,0.507164580597058,0.479452249671082,0.498352800356641,462517282.810341,935095428.34073,462.517282810341
ADA,2022-06-26,0.498352800356641,0.52464607709039,0.489535761948131,0.490707789962494,614375732.323352,1208653418.35685,614.3757323233519
ADA,2022-06-27,0.490707789962494,0.508374414909264,0.477908164312827,0.48559883180976,509526794.776235,1031694875.99586,509.52679477623496
ADA,2022-06-28,0.48559883180976,0.496706809244309,0.467853755519581,0.469424165030064,520746984.208394,1079459035.58389,520.746984208394
ADA,2022-06-29,0.469424165030064,0.475968395806086,0.459806041828233,0.465989502756661,553093340.136414,1181777970.74159,553.0933401364141
ADA,2022-06-30,0.465989502756661,0.467550104923717,0.436154430840606,0.460039853562073,632551629.044343,1410818500.60819,632.551629044343
ADA,2022-07-01,0.460039853562073,0.471556444464847,0.443906227681331,0.448776460699816,584073427.655269,1286354717.58838,584.073427655269
ADA,2022-07-02,0.448776460699816,0.461094562826038,0.441622684051909,0.455818185285754,357620926.757874,793680535.427118,357.62092675787403
ADA,2022-07-03,0.455818185285754,0.459669672320378,0.445094803725642,0.456469402927183,322988044.71728,714464039.42205,322.98804471728
ADA,2022-07-04,0.456469402927183,0.474009450212794,0.444943509357564,0.469118480214237,578991548.394819,1263539439.56852,578.991548394819
ADA,2022-07-05,0.469118480214237,0.470498045278601,0.444995404717316,0.457078201695828,545957103.418316,1194482111.99196,545.957103418316
ADA,2022-07-06,0.457078201695828,0.464326292793285,0.447988560035357,0.461981036563403,426261930.759508,932104165.683166,426.261930759508
ADA,2022-07-07,0.461981036563403,0.48210192702079,0.460951496351952,0.477594045736159,437954506.38947,931960590.298813,437.95450638947
ADA,2022-07-08,0.477594045736159,0.491574928446574,0.461163024432484,0.466434841542864,606374148.587054,1281738790.12537,606.374148587054
ADA,2022-07-09,0.466434841542864,0.485289486990832,0.46604308005881,0.478597925250343,471052449.637452,984367762.068687,471.052449637452
ADA,2022-07-10,0.478597925250343,0.480057325093725,0.457459050928958,0.463025905513803,441992940.089533,945836482.673963,441.99294008953296
ADA,2022-07-11,0.463025905513803,0.463025905513803,0.432766104587867,0.435214045696259,483951374.478335,1079361864.1587,483.951374478335
ADA,2022-07-12,0.435214045696259,0.441938765223092,0.417352634879623,0.418171971448643,403475564.316644,933742065.321653,403.475564316644
ADA,2022-07-13,0.418171971448643,0.440217713519974,0.406144852099249,0.438646340896519,596872537.878022,1415158865.96035,596.872537878022
ADA,2022-07-14,0.438646340896519,0.445289238038071,0.417783043993598,0.441385339097535,516202406.156359,1196832045.84065,516.202406156359
ADA,2022-07-15,0.441385339097535,0.452334370105207,0.433085467645245,0.441967289325788,496842832.90586,1125348794.49609,496.84283290586
ADA,2022-07-16,0.441967289325788,0.458268233060617,0.432057725126801,0.457535359610571,394229844.434903,885039639.110837,394.22984443490304
ADA,2022-07-17,0.457535359610571,0.465152774951263,0.442133491651197,0.447702494249041,442926052.513815,978392669.710728,442.92605251381497
ADA,2022-07-18,0.447702494249041,0.497100612683577,0.445945719963868,0.490015025306251,973006047.961436,2033973790.86397,973.006047961436
ADA,2022-07-19,0.490015025306251,0.525503926821582,0.474371857417327,0.515596312450035,967382995.69734,1940718338.15079,967.38299569734
ADA,2022-07-20,0.515596312450035,0.547588566507078,0.488244705865215,0.490943053045357,1021744688.71804,1965118594.70574,1021.74468871804
ADA,2022-07-21,0.490943053045357,0.502127184510722,0.476508093416924,0.499790343274811,663662340.709203,1356947004.5076,663.662340709203
ADA,2022-07-22,0.499790343274811,0.511309778133108,0.477976440090477,0.483218641549055,561457084.896749,1130101036.35967,561.457084896749
ADA,2022-07-23,0.483218641549055,0.518573381436466,0.474597863128512,0.517574344584204,582721227.208098,1185740453.65525,582.7212272080981
ADA,2022-07-24,0.517574344584204,0.534912340928144,0.510340683856302,0.512591780035819,633927000.83008,1216176132.10512,633.92700083008
ADA,2022-07-25,0.512591780035819,0.515398098002652,0.475682493586165,0.47600756880868,538097951.237276,1091637359.79566,538.097951237276
ADA,2022-07-26,0.47600756880868,0.477523423846752,0.452113292108312,0.469060056990614,542998167.710135,1169742513.68502,542.998167710135
ADA,2022-07-27,0.469060056990614,0.511573932342453,0.460744261719182,0.51134202070631,690639021.397152,1429896891.98739,690.639021397152
ADA,2022-07-28,0.51134202070631,0.524239659911927,0.490953101791255,0.513830680929856,838794621.695323,1648480815.92079,838.794621695323
ADA,2022-07-29,0.513830680929856,0.545244483149599,0.508378205374107,0.522473476767796,919714074.546619,1745470634.79449,919.714074546619
ADA,2022-07-30,0.522473476767796,0.554875208633177,0.511254504997674,0.52684091864581,742194858.708479,1396968489.07662,742.194858708479
ADA,2022-07-31,0.52684091864581,0.543075615364128,0.514582521471535,0.517054066237995,514312678.958265,970302322.033437,514.312678958265
ADA,2022-08-01,0.517054066237995,0.526292997203742,0.501974566996168,0.513461091268821,443572413.328706,862425858.63366,443.57241332870603
ADA,2022-08-02,0.513461091268821,0.515180679431742,0.489735947249067,0.497838632801925,478938703.184188,958739939.285762,478.938703184188
ADA,2022-08-03,0.497838632801925,0.517374891416139,0.491690094013644,0.502321277823534,361602181.739555,712681730.339074,361.602181739555
ADA,2022-08-04,0.502321277823534,0.512011624347144,0.496423457166993,0.501982270923796,348185804.972487,691136898.888507,348.18580497248695
ADA,2022-08-05,0.501982270923796,0.51948346782137,0.501553539254703,0.518635828591516,360464708.081046,703914980.735588,360.464708081046
ADA,2022-08-06,0.518635828591516,0.523650976610694,0.511652073036109,0.512481562486061,236190612.205524,456033150.201229,236.190612205524
ADA,2022-08-07,0.512481562486061,0.538050626488292,0.507818231921174,0.528218044135819,321745323.35033,615586029.774064,321.74532335033
ADA,2022-08-08,0.528218044135819,0.552422394383615,0.52439403686377,0.537864002806729,515786507.620235,957699152.511073,515.786507620235
ADA,2022-08-09,0.537864002806729,0.537864002806729,0.507858797428239,0.514203361651362,425098715.981062,813449603.179916,425.098715981062
ADA,2022-08-10,0.514203361651362,0.538134857973106,0.504600950586441,0.538134857973106,503016781.988609,958583474.403602,503.016781988609
ADA,2022-08-11,0.538134857973106,0.547824465847075,0.529235098566333,0.530724835541576,497485279.645,921222295.293851,497.485279645
ADA,2022-08-12,0.530724835541576,0.542515789737551,0.522453028741498,0.541267203061626,358319242.558226,673068979.708538,358.319242558226
ADA,2022-08-13,0.541267203061626,0.568488136277364,0.538456757549031,0.560533072781556,596358150.353895,1070171416.3566,596.358150353895
ADA,2022-08-14,0.560533072781556,0.595927698006137,0.558233344174608,0.571204161366652,720746890.257927,1239943027.09147,720.7468902579269
ADA,2022-08-15,0.571204161366652,0.582232390805787,0.545491510864389,0.551218805018541,573380780.140387,1021160439.61149,573.3807801403871
ADA,2022-08-16,0.551218805018541,0.57093006386444,0.549181679029588,0.558765227060872,477582498.789775,851337609.909311,477.582498789775
ADA,2022-08-17,0.558765227060872,0.58149827451511,0.532756367493107,0.538943173833912,690421603.801825,1246205346.93183,690.4216038018251
ADA,2022-08-18,0.538943173833912,0.543972428590918,0.511499201378942,0.513268807837234,429623387.445437,806747504.201254,429.623387445437
ADA,2022-08-19,0.513268807837234,0.513268807837234,0.448888987939758,0.451386689555907,880162557.090332,1856040957.90312,880.162557090332
ADA,2022-08-20,0.451386689555907,0.464426449584756,0.436916462599911,0.452221537445186,528000059.30234,1162915132.88815,528.00005930234
ADA,2022-08-21,0.452221537445186,0.473140023411279,0.448281979216449,0.463519577256113,415718127.770394,902266926.819102,415.718127770394
ADA,2022-08-22,0.463519577256113,0.463519577256113,0.438712703981518,0.4621673424954,475315342.975726,1051444226.43152,475.315342975726
ADA,2022-08-23,0.4621673424954,0.470030521422728,0.447035325238667,0.466022385847148,370568312.096265,806120795.201035,370.568312096265
ADA,2022-08-24,0.466022385847148,0.468248858527383,0.454470080579371,0.458496004697149,332340035.181006,721021794.75065,332.340035181006
ADA,2022-08-25,0.458496004697149,0.474361588432877,0.458496004697149,0.465232279945181,354670828.235389,762483113.545212,354.67082823538897
ADA,2022-08-26,0.465232279945181,0.482566039615747,0.427725217427956,0.433021050415965,903383218.75618,1956044437.65022,903.3832187561801
ADA,2022-08-27,0.433021050415965,0.452543819688923,0.428184898344121,0.450956098446571,499020753.09601,1131736895.49267,499.02075309601
ADA,2022-08-28,0.450956098446571,0.454610191755472,0.429227925960843,0.430270500719905,366073854.770758,823823760.995511,366.073854770758
ADA,2022-08-29,0.430270500719905,0.453450514506093,0.426809781328645,0.451177050980383,382931520.56676,871951453.657985,382.93152056676
ADA,2022-08-30,0.451177050980383,0.463415488796886,0.440421639136422,0.453844019198628,421880764.885473,934927276.115768,421.880764885473
ADA,2022-08-31,0.453844019198628,0.463490635514843,0.445910148699106,0.447050351735369,358692580.590181,785528285.561984,358.69258059018097
ADA,2022-09-01,0.447050351735369,0.45941565116521,0.441645806223398,0.457889817688171,367677232.547583,816436103.197579,367.677232547583
ADA,2022-09-02,0.457889817688171,0.466064079523986,0.449724596819489,0.454937271941547,347639355.830023,759077426.300247,347.63935583002296
ADA,2022-09-03,0.454937271941547,0.486615401862468,0.454169756463078,0.481089092395838,516532381.933958,1088774043.02564,516.532381933958
ADA,2022-09-04,0.481089092395838,0.508074065803306,0.476899427095048,0.504341971347866,588020712.478593,1183050873.098,588.0207124785929
ADA,2022-09-05,0.504341971347866,0.506205476290159,0.483485141596074,0.498936811837213,422533250.014779,857209648.248074,422.53325001477896
ADA,2022-09-06,0.498936811837213,0.511199944781787,0.462863555826222,0.463443814159497,638873928.50434,1306492161.80117,638.87392850434
ADA,2022-09-07,0.463443814159497,0.482217467695644,0.456173756141866,0.479121007310918,437561906.405879,936909051.695506,437.56190640587903
ADA,2022-09-08,0.479121007310918,0.482409500524665,0.463864716399954,0.479088731632879,402361520.135108,849585988.400142,402.361520135108
ADA,2022-09-09,0.479088731632879,0.503723565841027,0.478870994215059,0.502277454542851,542601756.675343,1100736852.66706,542.601756675343
ADA,2022-09-10,0.502277454542851,0.524002855928063,0.495345927895368,0.512032806785592,638461419.121091,1243510093.88808,638.461419121091
ADA,2022-09-11,0.512032806785592,0.519395581890587,0.501221611752332,0.509837815120752,462532039.252625,903942023.811239,462.532039252625
ADA,2022-09-12,0.509837815120752,0.5190885247106,0.496576067125115,0.501315746146151,552053860.832979,1085815999.98517,552.053860832979
ADA,2022-09-13,0.501315746146151,0.50703239871383,0.46209656550384,0.464085689222208,668728584.321174,1386141523.53554,668.728584321174
ADA,2022-09-14,0.464085689222208,0.486586068331204,0.462974622800949,0.481299502337054,482408831.510222,1011893159.20811,482.408831510222
ADA,2022-09-15,0.481299502337054,0.481756223344603,0.463296895291356,0.466993131692371,434354632.468729,920570492.698274,434.354632468729
ADA,2022-09-16,0.466993131692371,0.475327456546875,0.455635139196145,0.475327456546875,359139286.15342,773331893.372443,359.13928615341996
ADA,2022-09-17,0.475327456546875,0.488447276598127,0.473276471981142,0.486525771473421,337666072.841231,703030146.985899,337.66607284123097
ADA,2022-09-18,0.486525771473421,0.490480685957719,0.443205209841948,0.448788952310336,443521288.125405,945769816.861835,443.521288125405
ADA,2022-09-19,0.448788952310336,0.456805003571818,0.434842003250309,0.45337373143777,500927307.698187,1127903071.76347,500.927307698187
ADA,2022-09-20,0.45337373143777,0.454615632584298,0.438866824643182,0.442934682773078,358086924.126041,804108721.165551,358.08692412604097
ADA,2022-09-21,0.442934682773078,0.464017055687652,0.433080405528324,0.440763900849611,769894885.584741,1714722501.02465,769.894885584741
ADA,2022-09-22,0.440763900849611,0.46703218488445,0.436149306802906,0.459168405782616,496044809.881629,1094356598.99677,496.04480988162896
ADA,2022-09-23,0.459168405782616,0.479903892839833,0.447421923492453,0.463220115261034,665537892.491546,1444218984.6513,665.537892491546
ADA,2022-09-24,0.463220115261034,0.468360256121315,0.452071867376852,0.452618134363866,387982079.348893,840029659.580358,387.98207934889297
ADA,2022-09-25,0.452618134363866,0.462988900015093,0.440598906317933,0.447307134917867,351782974.600901,776318158.391012,351.782974600901
ADA,2022-09-26,0.447307134917867,0.450571679775115,0.437476019463072,0.447412322945214,415853845.298268,935408566.821938,415.853845298268
ADA,2022-09-27,0.447412322945214,0.462954365850394,0.438096020153232,0.441717249227895,460429970.669911,1019040849.02026,460.42997066991103
ADA,2022-09-28,0.441717249227895,0.443320551382782,0.426859983098148,0.43662820652261,399404584.047595,919822012.710109,399.40458404759505
ADA,2022-09-29,0.43662820652261,0.438926455709086,0.428723782085123,0.438012039770848,352758105.25775,812079811.106868,352.75810525775
ADA,2022-09-30,0.438012039770848,0.440656072900501,0.429800425830894,0.434641526140868,376470891.11531,865900893.237537,376.47089111531
ADA,2022-10-01,0.434641526140868,0.436215383134546,0.428286157107089,0.430051525209674,214759527.2106,497217762.619997,214.7595272106
ADA,2022-10-02,0.430051525209674,0.432685608509537,0.418567025435988,0.419755656690001,275767160.904126,647296801.652708,275.767160904126
ADA,2022-10-03,0.419755656690001,0.428879483378667,0.41766103092684,0.427713959313807,303160460.364727,714661439.839947,303.16046036472704
ADA,2022-10-04,0.427713959313807,0.437740731522896,0.425961684910185,0.435784241593429,308252217.823024,712697941.432235,308.25221782302395
ADA,2022-10-05,0.435784241593429,0.436710014166494,0.424563553769968,0.431031589847635,304312524.138,707183194.346108,304.312524138
ADA,2022-10-06,0.431031589847635,0.436678229743272,0.425968091300555,0.428719910978779,305514048.780334,708500203.696974,305.514048780334
ADA,2022-10-07,0.428719910978779,0.429759752814802,0.421584560789177,0.423916219156788,297715775.238354,699993583.236265,297.715775238354
ADA,2022-10-08,0.423916219156788,0.427030064332855,0.420059329221281,0.421966841547075,215884637.563597,508753075.135561,215.88463756359698
ADA,2022-10-09,0.421966841547075,0.42430846997982,0.419523449453256,0.423094917468436,204412703.624617,483977876.829419,204.41270362461702
ADA,2022-10-10,0.423094917468436,0.426694533237366,0.400921391521933,0.401312609362427,367805980.568194,886949844.214053,367.80598056819395
ADA,2022-10-11,0.401312609362427,0.401405102192932,0.385310972827701,0.391026740367971,464078073.664087,1174495852.5312,464.078073664087
ADA,2022-10-12,0.391026740367971,0.395483443961661,0.377024077898428,0.381399897365676,341530548.03103,878506265.627791,341.53054803103
ADA,2022-10-13,0.381399897365676,0.382372640359605,0.350687969829219,0.377130121928364,713133572.031813,1935740899.6613,713.1335720318131
ADA,2022-10-14,0.377130121928364,0.388141985127126,0.360995805862109,0.366815189198884,413174233.487229,1094502039.74666,413.174233487229
ADA,2022-10-15,0.366815189198884,0.369744736316561,0.36151490836885,0.364144987567574,257612839.989483,703332339.613407,257.612839989483
ADA,2022-10-16,0.364144987567574,0.374721919880227,0.363993498888361,0.370167191918149,247202724.885922,672516437.381555,247.202724885922
ADA,2022-10-17,0.370167191918149,0.375791507832682,0.366383922696265,0.372359893498797,272421323.932376,735020540.597431,272.421323932376
ADA,2022-10-18,0.372359893498797,0.374086012769828,0.358069512436835,0.362518611510751,318901316.399269,870108504.576152,318.901316399269
ADA,2022-10-19,0.362518611510751,0.362518611510751,0.348188345236124,0.349854293165654,313702707.765525,880465107.98708,313.70270776552496
ADA,2022-10-20,0.349854293165654,0.355757751401137,0.337314411343771,0.340417252410023,356064889.524736,1022973775.5682,356.064889524736
ADA,2022-10-21,0.340417252410023,0.349946495549687,0.330875160106519,0.349391048761442,363707381.472952,1068027133.07948,363.707381472952
ADA,2022-10-22,0.349391048761442,0.354160147953317,0.343636192878823,0.351392111007897,255461868.066684,731106551.888875,255.46186806668402
ADA,2022-10-23,0.351392111007897,0.363398931842133,0.346403430228037,0.362163160157415,283404508.504427,801698454.539105,283.40450850442704
ADA,2022-10-24,0.362163160157415,0.364899332531248,0.353882578037627,0.357289964329381,277503128.755049,771858680.660075,277.503128755049
ADA,2022-10-25,0.357289964329381,0.416374863167091,0.357289964329381,0.399830264322915,838249785.809724,2138231436.27986,838.249785809724
ADA,2022-10-26,0.399830264322915,0.410944808853119,0.395547494869426,0.403008783090842,582939426.143665,1445177849.5008,582.939426143665
ADA,2022-10-27,0.403008783090842,0.416006538672297,0.387109180896667,0.388051069399924,496933786.901145,1233466457.35332,496.93378690114497
ADA,2022-10-28,0.388051069399924,0.410798353966795,0.379366245691265,0.404080476490513,419361672.751293,1068142594.41722,419.361672751293
ADA,2022-10-29,0.404080476490513,0.438739404355276,0.401312259924681,0.419162890323568,587834461.119555,1411388446.40632,587.834461119555
ADA,2022-10-30,0.419162890323568,0.420451509819508,0.399022667711357,0.405183098220461,388059449.996577,944317620.706376,388.05944999657703
ADA,2022-10-31,0.405183098220461,0.414939910850452,0.397223055752522,0.405349779606679,417154278.340056,1029736141.02233,417.154278340056
ADA,2022-11-01,0.405349779606679,0.414400668568231,0.398720547033099,0.401064452284712,324338906.144672,798327303.907115,324.33890614467197
ADA,2022-11-02,0.401064452284712,0.407857029313553,0.380714780971187,0.385806926585417,506436891.143899,1283528764.64179,506.436891143899
ADA,2022-11-03,0.385806926585417,0.398567700567839,0.384711708662789,0.389415072195861,302836477.970166,769691339.487835,302.836477970166
ADA,2022-11-04,0.389415072195861,0.425690418664973,0.388978086326652,0.421338306554697,618620248.020652,1504188921.13874,618.6202480206521
ADA,2022-11-05,0.421338306554697,0.437313601945134,0.420141028343434,0.426310182200844,474498890.618072,1108991606.22514,474.498890618072
ADA,2022-11-06,0.426310182200844,0.430450239056301,0.402126093212608,0.402496135173932,336701424.780702,801525835.469004,336.701424780702
ADA,2022-11-07,0.402496135173932,0.416100592146756,0.398662156331586,0.40444903094049,378462177.798422,929683870.527939,378.462177798422
ADA,2022-11-08,0.40444903094049,0.414785352770414,0.350808979734129,0.373496372574683,954771229.449818,2485599218.82963,954.7712294498181
ADA,2022-11-09,0.373496372574683,0.376858695460486,0.312401001575748,0.318514973328112,930171045.884706,2643050825.03259,930.171045884706
ADA,2022-11-10,0.318514973328112,0.37765463081814,0.314713534143172,0.369127806889792,859451612.608989,2418197324.55686,859.451612608989
ADA,2022-11-11,0.369127806889792,0.375340065251804,0.343547632083111,0.356682514772476,473812710.124398,1322025691.18666,473.812710124398
ADA,2022-11-12,0.356682514772476,0.357275007678228,0.338364200953015,0.340362918523008,272876903.258527,791346341.13662,272.87690325852697
ADA,2022-11-13,0.340362918523008,0.345635121968173,0.326531971331324,0.33048228224118,262980419.693697,783707066.336537,262.980419693697
ADA,2022-11-14,0.33048228224118,0.342220804177153,0.315056592473555,0.332870005854944,325997112.561516,993700487.539939,325.99711256151596
ADA,2022-11-15,0.332870005854944,0.345191557040006,0.330609222323149,0.337790715386987,219484773.192736,649129648.755669,219.484773192736
ADA,2022-11-16,0.337790715386987,0.344324460424716,0.324824251668307,0.33223210141579,204857311.173028,613576143.134885,204.857311173028
ADA,2022-11-17,0.33223210141579,0.334379220729682,0.319924815528434,0.325482485408467,166813416.471241,511595347.335206,166.813416471241
ADA,2022-11-18,0.325482485408467,0.332752856616036,0.321659237215261,0.326544926234357,155126105.858598,472848916.789054,155.12610585859798
ADA,2022-11-19,0.326544926234357,0.332576300321422,0.322324847327558,0.328745195508061,107243915.910614,328430192.478827,107.24391591061399
ADA,2022-11-20,0.328745195508061,0.331441958294432,0.311261308066584,0.312910655418251,172182400.765602,536459793.778218,172.18240076560198
ADA,2022-11-21,0.312910655418251,0.31318645284591,0.297214121939774,0.305038293460229,287144109.950148,940163489.832393,287.144109950148
ADA,2022-11-22,0.305038293460229,0.316670574939262,0.299224088532705,0.312685799595257,218180563.681857,708049149.906464,218.180563681857
ADA,2022-11-23,0.312685799595257,0.319994256944734,0.310039338876437,0.319255436754377,228462352.257184,722438437.623936,228.462352257184
ADA,2022-11-24,0.319255436754377,0.321875955842602,0.312520263757139,0.317274229272194,158130693.845397,498516076.528725,158.130693845397
ADA,2022-11-25,0.317274229272194,0.317658010634036,0.308439443711087,0.31539048866961,151406100.066762,483173049.569579,151.406100066762
ADA,2022-11-26,0.31539048866961,0.322761782530366,0.311987471252567,0.314383429597806,140772408.665383,442356245.139867,140.772408665383
ADA,2022-11-27,0.314383429597806,0.319919764811306,0.312742709571354,0.313235509385802,110334308.153706,347867324.052884,110.334308153706
ADA,2022-11-28,0.313235509385802,0.314245170375041,0.301255659366891,0.306919365294944,208611329.580247,681714245.46141,208.611329580247
ADA,2022-11-29,0.306919365294944,0.31286236621205,0.305122508859958,0.309664623179821,133597115.009232,431448895.959229,133.597115009232
ADA,2022-11-30,0.309664623179821,0.321491051250905,0.309573483874333,0.319708715481871,208301871.872817,659153903.90102,208.301871872817
ADA,2022-12-01,0.319708715481871,0.32056072079379,0.31400498982612,0.315392451905044,148486967.76975,468364410.265121,148.48696776975
ADA,2022-12-02,0.315392451905044,0.320671675486659,0.311998823308332,0.319971891142634,134177927.82357,423656955.284258,134.17792782357
ADA,2022-12-03,0.319971891142634,0.326666047836133,0.317368093551705,0.320612611651582,164238269.457271,509416645.361716,164.238269457271
ADA,2022-12-04,0.320612611651582,0.324576606909636,0.319247286931296,0.323023214212943,124372073.921575,386790450.158763,124.372073921575
ADA,2022-12-05,0.323023214212943,0.329085765048859,0.317311283039447,0.320047272837539,149425888.223734,461433262.242488,149.42588822373398
ADA,2022-12-06,0.320047272837539,0.321233043036178,0.314395026802845,0.318563380081947,110478562.008341,347978997.110561,110.478562008341
ADA,2022-12-07,0.318563380081947,0.319555593219786,0.307925868551578,0.310604843116911,153215207.142713,491709198.256059,153.215207142713
ADA,2022-12-08,0.310604843116911,0.315842835924792,0.308003408415545,0.314698298808821,121497554.613934,390094721.896063,121.497554613934
ADA,2022-12-09,0.314698298808821,0.316778302637739,0.309423744045511,0.31230898614693,117955359.177586,376700168.979948,117.955359177586
ADA,2022-12-10,0.31230898614693,0.315079127838841,0.311289250991,0.312870085692646,64807405.2161406,207128112.808577,64.8074052161406
ADA,2022-12-11,0.312870085692646,0.315230687776994,0.306455146703516,0.307809332305392,87144500.3329691,279799600.903062,87.1445003329691
ADA,2022-12-12,0.307809332305392,0.308209186699348,0.301827708306862,0.307305491752776,134363611.159067,440341408.874453,134.363611159067
ADA,2022-12-13,0.307305491752776,0.318627473630683,0.300221162532861,0.314150644789197,253912395.26372,821502235.044908,253.91239526372001
ADA,2022-12-14,0.314150644789197,0.315718640604487,0.305823461950458,0.308188736761182,212644530.38646,684174321.132328,212.64453038646002
ADA,2022-12-15,0.308188736761182,0.308274650344832,0.297563761340267,0.300303285560813,172012589.663386,570039449.357922,172.012589663386
ADA,2022-12-16,0.300303285560813,0.301153831105612,0.258455029269981,0.263819890212869,343484309.059834,1221881789.21203,343.484309059834
ADA,2022-12-17,0.263819890212869,0.267740983231597,0.259182741725865,0.267315465860424,269679772.611982,1022329014.49622,269.679772611982
ADA,2022-12-18,0.267315465860424,0.271199254750259,0.263447798407459,0.266184651657042,140975768.31655,527533074.12369,140.97576831655
ADA,2022-12-19,0.266184651657042,0.269544515900031,0.250144978144299,0.253017714713866,182696083.738305,700926475.742318,182.696083738305
ADA,2022-12-20,0.253017714713866,0.261994990982833,0.252087048296819,0.258992425212849,144775183.457738,559922718.344229,144.77518345773802
ADA,2022-12-21,0.258992425212849,0.259471076451982,0.248684267265613,0.253681255911293,162864625.300549,638019119.505368,162.864625300549
ADA,2022-12-22,0.253681255911293,0.256907213097044,0.247482669340378,0.25676162252083,139110321.448237,543679865.27126,139.110321448237
ADA,2022-12-23,0.25676162252083,0.263176845743042,0.255767934428432,0.259699404208595,146795465.980548,563355254.239145,146.795465980548
ADA,2022-12-24,0.259699404208595,0.260573827024731,0.25711240662195,0.259361258143176,67946072.9431916,259560475.912747,67.94607294319161
ADA,2022-12-25,0.259361258143176,0.259999325492971,0.255293879173614,0.259262503179355,93435343.6497446,360320457.12694,93.4353436497446
ADA,2022-12-26,0.259262503179355,0.26552479696329,0.2578165659793,0.265285030945805,120337096.577597,451148499.821126,120.33709657759701
ADA,2022-12-27,0.265285030945805,0.266298520208858,0.256957201169115,0.260293807800975,136353461.761906,518367077.226615,136.353461761906
ADA,2022-12-28,0.260293807800975,0.260776593489555,0.247046880014509,0.248244983909096,174423420.307969,683942335.424606,174.423420307969
ADA,2022-12-29,0.248244983909096,0.248345351128076,0.240134877233711,0.243964433037576,173948207.420255,706824277.835821,173.94820742025502
ADA,2022-12-30,0.243964433037576,0.24604288379572,0.239910062003114,0.245667920187394,128975382.670623,528644824.005954,128.975382670623
ADA,2022-12-31,0.245667920187394,0.252010645495914,0.244158873647689,0.24578825499102,118933620.784513,476197032.773206,118.933620784513
ADA,2023-01-01,0.24578825499102,0.249862151687642,0.243825964836659,0.249862151687642,88306403.9280985,354382887.636143,88.3064039280985
ADA,2023-01-02,0.249862151687642,0.255846751716467,0.246874543110744,0.253652990792047,127898722.260708,486133960.77066,127.898722260708
ADA,2023-01-03,0.253652990792047,0.255189262818659,0.25026806799312,0.252774504521027,116116304.748461,457130264.75009,116.11630474846099
ADA,2023-01-04,0.252774504521027,0.269930520720254,0.25216312634622,0.267892494565507,236885149.643743,892351550.857576,236.885149643743
ADA,2023-01-05,0.267892494565507,0.270627001970207,0.263378703136433,0.269166593286747,139942422.723102,520216174.896964,139.942422723102
ADA,2023-01-06,0.269166593286747,0.279479097727558,0.267827669754863,0.278338767798116,363819767.406169,1322236273.9867,363.819767406169
ADA,2023-01-07,0.278338767798116,0.279994446354861,0.272488908823229,0.276771309141673,170755634.215219,610860220.084383,170.755634215219
ADA,2023-01-08,0.276771309141673,0.297539239504417,0.274675913027434,0.29735668246049,407584519.56558,1404736148.83635,407.58451956558
ADA,2023-01-09,0.29735668246049,0.343913051192691,0.296691247895881,0.317093116960569,902163424.394034,2770424688.94418,902.163424394034
ADA,2023-01-10,0.317093116960569,0.32450275653773,0.308221904905135,0.32251660852361,429675019.521363,1340442609.02303,429.675019521363
ADA,2023-01-11,0.32251660852361,0.323445172714023,0.308138689464527,0.323413632218135,319412509.330909,992098892.879972,319.412509330909
ADA,2023-01-12,0.323413632218135,0.335526240911495,0.317925958305641,0.329113217885069,597517627.205418,1824723292.94246,597.517627205418
ADA,2023-01-13,0.329113217885069,0.350905918496125,0.323842344125698,0.345340183403299,397708076.931683,1183427103.35114,397.708076931683
ADA,2023-01-14,0.345340183403299,0.369810597952262,0.334747676868823,0.352086193765473,892816402.63093,2510838467.9284,892.8164026309299
ADA,2023-01-15,0.352086193765473,0.353960978187245,0.339231321403735,0.350298165788635,405399014.608779,1166514923.03392,405.399014608779
ADA,2023-01-16,0.350298165788635,0.363103709668515,0.339145149804555,0.35016032351264,402361537.114099,1131821220.58082,402.361537114099
ADA,2023-01-17,0.35016032351264,0.356579668370709,0.344982424728569,0.345290202262536,279681197.437929,795192613.519904,279.681197437929
ADA,2023-01-18,0.345290202262536,0.354931141365879,0.325453100190443,0.326577256147923,417042058.467442,1222482664.63841,417.04205846744196
ADA,2023-01-19,0.326577256147923,0.342451018611234,0.326577256147923,0.337901254403947,235016100.520983,699359851.971582,235.016100520983
ADA,2023-01-20,0.337901254403947,0.365690789687804,0.334055559993079,0.365503893502828,311025246.214612,888157277.699209,311.025246214612
ADA,2023-01-21,0.365503893502828,0.380550305722004,0.358444277752382,0.368669304689226,523971438.695771,1412764869.45867,523.971438695771
ADA,2023-01-22,0.368669304689226,0.386374948818146,0.364126332317356,0.376273905039743,592337612.500767,1540816347.04034,592.337612500767
ADA,2023-01-23,0.376273905039743,0.383945100143924,0.370229832458996,0.374825438426597,504425191.681175,1308200186.43195,504.42519168117497
ADA,2023-01-24,0.374825438426597,0.383157351157884,0.356518549299805,0.358919858474857,325439212.087633,866806775.102827,325.439212087633
ADA,2023-01-25,0.358919858474857,0.378986403437332,0.347789243278371,0.373190156308723,343282821.550289,948740566.331882,343.282821550289
ADA,2023-01-26,0.373190156308723,0.386814221964035,0.371868359914701,0.379755524539934,452372753.878014,1188087518.1814,452.372753878014
ADA,2023-01-27,0.379755524539934,0.390544053610351,0.369375392426066,0.38982662602182,321055035.635603,833525482.147781,321.055035635603
ADA,2023-01-28,0.38982662602182,0.397712192668484,0.378750818504487,0.382149611926732,322803185.048477,825110384.792131,322.803185048477
ADA,2023-01-29,0.382149611926732,0.398954465330487,0.378525354002362,0.397597250770694,291329182.073268,743411112.751869,291.329182073268
ADA,2023-01-30,0.397597250770694,0.397597250770694,0.367252830303243,0.372590928541382,367109306.841535,958335639.181897,367.109306841535
ADA,2023-01-31,0.372590928541382,0.398806745440382,0.369151338648741,0.390200660271536,552296253.429874,1417379389.31029,552.2962534298739
ADA,2023-02-01,0.390200660271536,0.402583987911041,0.372950238509524,0.397046077123747,652496012.811669,1686338039.34867,652.496012811669
ADA,2023-02-02,0.397046077123747,0.414057986256057,0.395824571411487,0.398881474615312,740904381.010433,1827376005.25429,740.904381010433
ADA,2023-02-03,0.398881474615312,0.407038494296648,0.394073088580392,0.403208940763287,672622518.862732,1672390577.28935,672.622518862732
ADA,2023-02-04,0.403208940763287,0.406073560041997,0.397357613354653,0.399946363054985,561877263.001706,1394133045.98531,561.877263001706
ADA,2023-02-05,0.399946363054985,0.402419048467552,0.383422354152444,0.393054626518602,594593328.982256,1509777810.48216,594.593328982256
ADA,2023-02-06,0.393054626518602,0.402836497035838,0.379504827950887,0.382832028955076,598523838.290653,1525573306.00403,598.523838290653
ADA,2023-02-07,0.382832028955076,0.400142526225727,0.381363671851657,0.399549857104938,597781335.121052,1532401659.24665,597.781335121052
ADA,2023-02-08,0.399549857104938,0.402795304544664,0.386363284496626,0.395047956410409,655442911.101748,1649268010.82212,655.442911101748
ADA,2023-02-09,0.395047956410409,0.396490146726894,0.356727462249281,0.362804169213008,979947589.301083,2573242981.23484,979.947589301083
ADA,2023-02-10,0.362804169213008,0.366483787843545,0.354160453262889,0.357685675855795,861727842.533752,2385064634.60837,861.727842533752
ADA,2023-02-11,0.357685675855795,0.3707529446527,0.356811603117391,0.367877885028928,611012853.156487,1687945990.76888,611.012853156487
ADA,2023-02-12,0.367877885028928,0.374153495815597,0.3601257180701,0.365007968795666,632755531.875775,1716245302.38278,632.755531875775
ADA,2023-02-13,0.365007968795666,0.366513978466608,0.346660393336146,0.360074853377673,857962431.782274,2405458125.51723,857.962431782274
ADA,2023-02-14,0.360074853377673,0.392794063772761,0.354246585921029,0.386370486339028,905018128.393688,2435110522.40804,905.018128393688
ADA,2023-02-15,0.386370486339028,0.420168257052536,0.381327606343345,0.420034902306653,948669688.548368,2415371014.15067,948.669688548368
ADA,2023-02-16,0.420034902306653,0.420034902306653,0.386674562806667,0.387998590290366,1076345220.7704,2653530097.60975,1076.3452207704001
ADA,2023-02-17,0.387998590290366,0.410421115966486,0.386368750349152,0.402910773067488,934622417.663336,2340121956.94613,934.622417663336
ADA,2023-02-18,0.402910773067488,0.41869947543029,0.397507095824725,0.405449747495046,762046559.712657,1883178780.72556,762.046559712657
ADA,2023-02-19,0.405449747495046,0.412346534326521,0.397688851482043,0.398982914102642,849285730.122746,2098452228.36327,849.285730122746
ADA,2023-02-20,0.398982914102642,0.410245670858662,0.391400761500337,0.403077750693176,935520770.396079,2296177065.84666,935.5207703960789
ADA,2023-02-21,0.403077750693176,0.405832891056352,0.38649008615062,0.391826089863858,961479650.506569,2423495999.9301,961.479650506569
ADA,2023-02-22,0.391826089863858,0.39300413754198,0.376554547237894,0.388288209563037,952927141.081967,2476535900.0172,952.927141081967
ADA,2023-02-23,0.388288209563037,0.39530207986339,0.379117314446311,0.38320797443781,817529662.81703,2105558676.27175,817.5296628170299
ADA,2023-02-24,0.38320797443781,0.385109896612357,0.359787408442206,0.365427091875719,925604778.719988,2469129259.96564,925.604778719988
ADA,2023-02-25,0.365427091875719,0.368290416090438,0.352305112331071,0.362642664705993,755588627.004415,2084692984.12425,755.588627004415
ADA,2023-02-26,0.362642664705993,0.371036356440237,0.357361683899087,0.36842552017839,611679952.569111,1660811207.62829,611.679952569111
ADA,2023-02-27,0.36842552017839,0.37108057885455,0.357781787226813,0.364221393425956,685179789.248162,1879496458.42425,685.179789248162
ADA,2023-02-28,0.364221393425956,0.367619838193441,0.348530536724303,0.352600198516148,708033737.467652,1962420597.73226,708.0337374676519
ADA,2023-03-01,0.352600198516148,0.365174832712255,0.349933569557814,0.359799259694636,685187478.17724,1901958673.1532,685.18747817724
ADA,2023-03-02,0.359799259694636,0.361552936417443,0.345351718613305,0.350079932839207,733725545.513365,2080614844.30149,733.725545513365
ADA,2023-03-03,0.350079932839207,0.352547242503405,0.325508504499515,0.343870096554079,834778230.805542,2470071618.12317,834.778230805542
ADA,2023-03-04,0.343870096554079,0.345385932805273,0.330677537000003,0.336108156902036,539631901.57552,1588999339.38421,539.63190157552
ADA,2023-03-05,0.336108156902036,0.343334374788964,0.33392737889068,0.336352396525774,564697567.821221,1666506278.8241,564.697567821221
ADA,2023-03-06,0.336352396525774,0.339460445400474,0.329624087442562,0.330122214442071,688502657.911789,2062593655.8549,688.5026579117889
ADA,2023-03-07,0.330122214442071,0.334198586263345,0.320646391008566,0.331212377284361,765423257.292972,2328688219.19043,765.4232572929719
ADA,2023-03-08,0.331212377284361,0.333219738906929,0.315251134503999,0.317657233482169,483819737.244015,1484856742.91985,483.81973724401496
ADA,2023-03-09,0.317657233482169,0.321953118931809,0.303002928083099,0.310583054494502,372515552.348111,1186687663.94912,372.515552348111
ADA,2023-03-10,0.310583054494502,0.318401532174591,0.298497679544175,0.316244726204307,379795011.989836,1226746904.38287,379.795011989836
ADA,2023-03-11,0.316244726204307,0.325162751311804,0.303870890636096,0.307302524504147,346053117.768306,1101688978.38409,346.05311776830604
ADA,2023-03-12,0.307302524504147,0.331883037730222,0.303857488963641,0.331831099031014,296226514.946261,942048700.667732,296.226514946261
ADA,2023-03-13,0.331831099031014,0.352213700983035,0.328753831502569,0.34475762350449,460534232.674664,1345076876.67921,460.534232674664
ADA,2023-03-14,0.34475762350449,0.368675822169708,0.338131486777135,0.344366901617481,428001764.136052,1214067681.15964,428.00176413605203
ADA,2023-03-15,0.344366901617481,0.347669325258475,0.317176959804553,0.325572905731343,416579680.68982,1243488409.69917,416.57968068982
ADA,2023-03-16,0.325572905731343,0.32994761057939,0.319263078096489,0.3258366560187,237860133.352991,723480832.884423,237.86013335299103
ADA,2023-03-17,0.3258366560187,0.350854587398601,0.322599954857617,0.350319578685634,295128211.764165,870062488.576562,295.128211764165
ADA,2023-03-18,0.350319578685634,0.35681910475208,0.336927102097958,0.338310554680959,266238146.478929,745123661.453931,266.238146478929
ADA,2023-03-19,0.338310554680959,0.353502456355197,0.338018593646731,0.346064454010671,187245507.675489,539746815.80508,187.245507675489
ADA,2023-03-20,0.346064454010671,0.347275456078344,0.332364225790916,0.33364767527199,229454518.802446,671420090.253656,229.45451880244602
ADA,2023-03-21,0.33364767527199,0.387100802941102,0.331770765350739,0.37127589685303,492594359.956706,1362772333.07494,492.594359956706
ADA,2023-03-22,0.37127589685303,0.388706699541269,0.351794717495753,0.361643230675908,600670530.752813,1592194901.23013,600.670530752813
ADA,2023-03-23,0.361643230675908,0.385802564307024,0.355832392578921,0.37303316560614,320331957.277441,848918212.530777,320.331957277441
ADA,2023-03-24,0.37303316560614,0.373380432492926,0.35706496470143,0.360812754256954,216369162.385569,588278124.164112,216.369162385569
ADA,2023-03-25,0.360812754256954,0.363797577625369,0.35047649592422,0.352788718531661,153924009.368865,411694501.770732,153.924009368865
ADA,2023-03-26,0.352788718531661,0.362085241507828,0.350179640313769,0.356564318680577,153034799.079734,422650054.333642,153.034799079734
ADA,2023-03-27,0.356564318680577,0.35773793676915,0.338445857684555,0.346452866407713,217626220.426033,617416470.703206,217.626220426033
ADA,2023-03-28,0.346452866407713,0.370563739623848,0.344028478600956,0.368855245141806,238395329.492341,642063294.350314,238.395329492341
ADA,2023-03-29,0.368855245141806,0.392672566303884,0.36754976935881,0.381585445487842,349023470.260791,901384450.462692,349.023470260791
ADA,2023-03-30,0.381585445487842,0.388257153907984,0.370211447673769,0.376688458021915,279238563.973817,730866775.74805,279.238563973817
ADA,2023-03-31,0.376688458021915,0.408492817664749,0.374731298454523,0.39820849013629,456382199.467205,1135881424.69146,456.382199467205
ADA,2023-04-01,0.39820849013629,0.401067939722513,0.38930240523328,0.392470819394731,247903972.527469,619908320.389754,247.90397252746902
ADA,2023-04-02,0.392470819394731,0.393141259611421,0.375721559314257,0.382086216332685,200939559.581456,519143080.702443,200.939559581456
ADA,2023-04-03,0.382086216332685,0.405282025604576,0.372489664188368,0.387812838828828,441794488.27102,1115010200.70722,441.79448827102
ADA,2023-04-04,0.387812838828828,0.400104009259939,0.385634037952776,0.389794916720982,259258955.672193,655522901.487282,259.258955672193
ADA,2023-04-05,0.389794916720982,0.400009945615873,0.387131961508778,0.392519689787619,193971375.108536,487157974.900038,193.971375108536
ADA,2023-04-06,0.392519689787619,0.392519689787619,0.374739820344669,0.383267115731927,188317031.567125,484220392.193123,188.31703156712499
ADA,2023-04-07,0.383267115731927,0.385225980823723,0.374842233782752,0.383783754703599,130029404.366821,336290147.454777,130.029404366821
ADA,2023-04-08,0.383783754703599,0.390422514014228,0.380939152662727,0.385759130539052,140995310.078979,359010387.816582,140.99531007897897
ADA,2023-04-09,0.385759130539052,0.392878577196964,0.385032627610559,0.390493841116777,137599098.214965,348625534.422845,137.59909821496498
ADA,2023-04-10,0.390493841116777,0.398568258660711,0.384110758017896,0.398236131993596,174148049.784331,441519835.112424,174.148049784331
ADA,2023-04-11,0.398236131993596,0.413652871862737,0.396940786173017,0.401790407927686,306562231.789213,745924524.716891,306.562231789213
ADA,2023-04-12,0.401790407927686,0.407590053972105,0.389538281135556,0.405876991219464,288371907.297892,706057674.192987,288.371907297892
ADA,2023-04-13,0.405876991219464,0.428366889398607,0.400497413659396,0.425026823888667,350478570.626405,835076791.879035,350.478570626405
ADA,2023-04-14,0.425026823888667,0.443492927869371,0.423237213959835,0.437791767756524,506532560.802182,1126541254.72466,506.53256080218205
ADA,2023-04-15,0.437791767756524,0.460541450664749,0.431468860625427,0.452349227285848,401345243.675709,881499648.88988,401.345243675709
ADA,2023-04-16,0.452349227285848,0.457492279734274,0.442753382673684,0.450981658443085,246709073.321102,545586386.639473,246.70907332110198
ADA,2023-04-17,0.450981658443085,0.450981658443085,0.431846310595567,0.433738560197419,309342577.26295,698484571.018286,309.34257726295
ADA,2023-04-18,0.433738560197419,0.447060419291397,0.428234346439601,0.442824779580682,233957904.04861,528446497.685449,233.95790404861
ADA,2023-04-19,0.442824779580682,0.442824779580682,0.409427359838274,0.415943132203474,398498823.282952,942074528.672402,398.498823282952
ADA,2023-04-20,0.415943132203474,0.421565681961116,0.395505850920204,0.399970057758626,303222553.598475,734677758.771398,303.222553598475
ADA,2023-04-21,0.399970057758626,0.406117884992467,0.378930403383729,0.382192825861099,296153320.365715,735786894.95289,296.15332036571505
ADA,2023-04-22,0.382192825861099,0.398394835416449,0.380784369910556,0.39503139527648,172589333.454053,438770260.183254,172.58933345405302
ADA,2023-04-23,0.39503139527648,0.39503139527648,0.380460647109097,0.387972618635172,159778070.718701,408812638.723982,159.778070718701
ADA,2023-04-24,0.387972618635172,0.396318389612994,0.380050333609533,0.383092728086425,190125282.920153,488276202.957748,190.12528292015298
ADA,2023-04-25,0.383092728086425,0.394805664788728,0.376699729230137,0.394092820479445,192248955.766067,492600118.836986,192.24895576606698
ADA,2023-04-26,0.394092820479445,0.416080269478669,0.380023558059482,0.401058060515512,332617284.066486,826415483.343501,332.617284066486
ADA,2023-04-27,0.401058060515512,0.417810682354411,0.400678356977919,0.409710756303669,272593648.352627,662526694.755646,272.593648352627
ADA,2023-04-28,0.409710756303669,0.410612047797047,0.39839816525285,0.404308620883767,163169413.558341,398304794.336949,163.169413558341
ADA,2023-04-29,0.404308620883767,0.407569407894941,0.400374126336468,0.402453818403862,107552124.437149,264620830.652808,107.552124437149
ADA,2023-04-30,0.402453818403862,0.414702487398082,0.395139178792332,0.395627809556051,160299493.221047,393144485.58689,160.29949322104702
ADA,2023-05-01,0.395627809556051,0.397513485942067,0.380231554340347,0.386362177603302,186593256.569396,478909925.726865,186.59325656939598
ADA,2023-05-02,0.386362177603302,0.394293220647304,0.382165193873115,0.391405694341697,142662777.561323,365376896.468678,142.662777561323
ADA,2023-05-03,0.391405694341697,0.395976872204962,0.37860145808764,0.393563025632393,183832881.287522,471402823.183759,183.83288128752199
ADA,2023-05-04,0.393563025632393,0.395940459715237,0.385027217286789,0.387233000312612,132517310.910362,337855103.366231,132.517310910362
ADA,2023-05-05,0.387233000312612,0.396845347235692,0.384667393673094,0.394355229593379,186652329.517441,474349515.963872,186.65232951744102
ADA,2023-05-06,0.394355229593379,0.396765896463946,0.375493731588108,0.379585116071342,192523580.816106,498814251.779474,192.523580816106
ADA,2023-05-07,0.379585116071342,0.383375111493042,0.37560096095859,0.376624893795233,140768177.34113,368278266.669831,140.76817734112998
ADA,2023-05-08,0.376624893795233,0.37997434389328,0.35537313526913,0.365928600798615,260535077.960829,705175959.290979,260.53507796082897
ADA,2023-05-09,0.365928600798615,0.370242762780682,0.360789186643819,0.363503222850447,174213065.411531,475463920.015387,174.213065411531
ADA,2023-05-10,0.363503222850447,0.37279699857537,0.354857589355421,0.369464150561275,272589970.566931,738544343.441547,272.589970566931
ADA,2023-05-11,0.369464150561275,0.369531436182581,0.350282659554894,0.359685245122789,180035088.82363,482921717.395335,180.03508882363002
ADA,2023-05-12,0.359685245122789,0.370445251105024,0.354511712627208,0.370180946707553,173021984.325896,473990375.454177,173.021984325896
ADA,2023-05-13,0.370180946707553,0.370593410971894,0.362620833737461,0.364529077644409,83611718.869008,227762221.085227,83.611718869008
ADA,2023-05-14,0.364529077644409,0.373087990998806,0.362805371747894,0.370792398890278,77798848.0570506,210779789.428739,77.7988480570506
ADA,2023-05-15,0.370792398890278,0.375713335906889,0.366599819513986,0.366893697545849,115234175.142523,308913102.949105,115.234175142523
ADA,2023-05-16,0.366893697545849,0.370076617214711,0.361882178669107,0.367969229322573,114052488.528317,301367163.104145,114.052488528317
ADA,2023-05-17,0.367969229322573,0.379715558839801,0.364761249641496,0.375099710221477,145547509.780908,389355033.15759,145.547509780908
ADA,2023-05-18,0.375099710221477,0.379510051192553,0.365945513780334,0.37107648236409,135729039.184636,361032673.364159,135.729039184636
ADA,2023-05-19,0.37107648236409,0.372579776346436,0.366235046447082,0.368185248343103,84683253.8630452,226947327.918581,84.6832538630452
ADA,2023-05-20,0.368185248343103,0.368185248343103,0.363986812162678,0.36627801379057,76543992.9076695,197440352.86188,76.5439929076695
ADA,2023-05-21,0.36627801379057,0.367370852614285,0.357939830818933,0.360410118057299,73669548.0493314,202138170.992251,73.6695480493314
ADA,2023-05-22,0.360410118057299,0.373604102128602,0.356780393750437,0.368073046533142,117163750.556246,315069074.845603,117.163750556246
ADA,2023-05-23,0.368073046533142,0.375098271041047,0.366158692698014,0.370313664616839,90298576.2827718,242390440.73162,90.29857628277179
ADA,2023-05-24,0.370313664616839,0.370313664616839,0.360747155370383,0.36399708752968,117442394.537237,319084144.629913,117.442394537237
ADA,2023-05-25,0.36399708752968,0.364584183213611,0.355224421156687,0.358083289268291,107775779.822128,294745278.927415,107.775779822128
ADA,2023-05-26,0.358083289268291,0.366496127202251,0.354133642327146,0.362614427429989,116340741.416288,322173763.626161,116.340741416288
ADA,2023-05-27,0.362614427429989,0.367306103673807,0.3614190423206,0.366792981853122,70375122.3671224,191231514.805906,70.3751223671224
ADA,2023-05-28,0.366792981853122,0.38353062027219,0.366210216628833,0.382529495232307,151022634.338112,398772865.256234,151.022634338112
ADA,2023-05-29,0.382529495232307,0.385695751204274,0.37582345229397,0.378605385812424,121510723.210325,315421393.465149,121.510723210325
ADA,2023-05-30,0.378605385812424,0.383181247735364,0.374885739115127,0.377710374583905,114609223.246104,301032172.149707,114.60922324610401
ADA,2023-05-31,0.377710374583905,0.380294823446909,0.37053884773239,0.374372780983452,120164202.947595,317098628.891263,120.164202947595
ADA,2023-06-01,0.374372780983452,0.37548810563381,0.361281602238565,0.364518619338605,151632175.714524,400986494.328715,151.632175714524
ADA,2023-06-02,0.364518619338605,0.379227795454012,0.362529523669594,0.378079916000877,131115438.791865,347485167.274479,131.11543879186502
ADA,2023-06-03,0.378079916000877,0.378079916000877,0.373489498131016,0.375953963229767,65381892.0590948,171443197.467546,65.3818920590948
ADA,2023-06-04,0.375953963229767,0.381591141135837,0.37485707852981,0.377142311508035,86073106.7773079,224583867.908138,86.0731067773079
ADA,2023-06-05,0.377142311508035,0.378851121131789,0.347300436481967,0.35167625891056,201217664.240853,550941578.083699,201.21766424085303
ADA,2023-06-06,0.35167625891056,0.364354259799306,0.337609549830993,0.353319031785315,177272671.536146,500092846.311521,177.272671536146
ADA,2023-06-07,0.353319031785315,0.353319031785315,0.319486866326145,0.32243925915966,265673728.995058,788363336.216381,265.673728995058
ADA,2023-06-08,0.32243925915966,0.330385362498746,0.320153295126441,0.322901100942696,163052677.764495,497370054.334638,163.05267776449497
ADA,2023-06-09,0.322901100942696,0.323631972781855,0.290831532006265,0.295124544766037,370044054.983206,1162181862.48918,370.04405498320597
ADA,2023-06-10,0.295124544766037,0.295124544766037,0.223526464334904,0.275354291546724,931393587.365868,3532811572.82998,931.3935873658679
ADA,2023-06-11,0.275354291546724,0.279614928227823,0.259656491949001,0.272265642652883,365203841.340717,1310006152.68077,365.203841340717
ADA,2023-06-12,0.272265642652883,0.286197281306002,0.266001123050824,0.27482147196036,303280113.60229,1070746223.3571,303.28011360229
ADA,2023-06-13,0.27482147196036,0.288437369527334,0.269666997693173,0.27524068378526,215125538.249637,764216484.380713,215.125538249637
ADA,2023-06-14,0.27524068378526,0.277227395858472,0.25808283535506,0.263406655207982,167430605.214374,608661277.435228,167.430605214374
ADA,2023-06-15,0.263406655207982,0.26587396205654,0.252534574550107,0.261937851018077,173577493.666667,664692776.14479,173.577493666667
ADA,2023-06-16,0.261937851018077,0.267085137362789,0.255085506320833,0.263149411764629,119346798.875247,449222780.819483,119.346798875247
ADA,2023-06-17,0.263149411764629,0.273161526392816,0.260817026894939,0.266690352892211,111180621.194023,412054292.007627,111.180621194023
ADA,2023-06-18,0.266690352892211,0.268839709629194,0.259978637544833,0.260968678762178,88476240.2755861,331616616.691894,88.4762402755861
ADA,2023-06-19,0.260968678762178,0.263319085732381,0.257382900479281,0.263203277536157,94721279.7806088,361900728.53901,94.7212797806088
ADA,2023-06-20,0.263203277536157,0.270356549812764,0.252664436468311,0.27031034948144,148105132.249229,556841881.920319,148.105132249229
ADA,2023-06-21,0.27031034948144,0.288559272151824,0.268751830434229,0.286014964234998,240422889.211125,847147275.676949,240.42288921112498
ADA,2023-06-22,0.286014964234998,0.304110253451306,0.285290246011325,0.289622094343656,238276569.237187,792839690.358181,238.276569237187
ADA,2023-06-23,0.289622094343656,0.302037148538055,0.286928679172985,0.296783057466272,171587160.447493,576699682.555528,171.58716044749298
ADA,2023-06-24,0.296783057466272,0.297507702702045,0.285596672602384,0.289666501469375,148115187.373292,502265861.547652,148.115187373292
ADA,2023-06-25,0.289666501469375,0.304542372560421,0.288822197553622,0.292067563653526,161184009.122293,536327730.78736,161.184009122293
ADA,2023-06-26,0.292067563653526,0.292306320945812,0.277771310874292,0.28072274662029,153456926.315933,533027767.299846,153.45692631593298
ADA,2023-06-27,0.28072274662029,0.289526395010237,0.278914963986747,0.286833672956867,138900801.400926,478256479.822561,138.90080140092599
ADA,2023-06-28,0.286833672956867,0.286833672956867,0.261782164510249,0.266883554737429,199423134.234076,715690775.343394,199.423134234076
ADA,2023-06-29,0.266883554737429,0.277772598722503,0.266542391708368,0.275085438800236,136306483.62383,494856589.758142,136.30648362383
ADA,2023-06-30,0.275085438800236,0.29870104401262,0.270139452165496,0.286751046595276,380404110.813341,1313763049.34252,380.40411081334105
ADA,2023-07-01,0.286751046595276,0.293393469071826,0.28174039217258,0.292637057291696,158014430.543015,543378604.15618,158.014430543015
ADA,2023-07-02,0.292637057291696,0.293679109476935,0.286989471969538,0.291693198010334,137317443.225772,464418124.330351,137.317443225772
ADA,2023-07-03,0.291693198010334,0.299264282170025,0.290738965678036,0.296638681896056,141480130.135374,471109859.713136,141.480130135374
ADA,2023-07-04,0.296638681896056,0.301309660605069,0.290763730986391,0.292399981695654,162180884.789185,522197703.938478,162.180884789185
ADA,2023-07-05,0.292399981695654,0.296007379601311,0.280243573149986,0.284053025237322,147776672.347892,511072747.099769,147.77667234789197
ADA,2023-07-06,0.284053025237322,0.29327992336494,0.276682941614225,0.278469508338112,195627193.863572,667666742.540861,195.627193863572
ADA,2023-07-07,0.278469508338112,0.285136090533084,0.277189992499049,0.284445459427361,133376626.87209,456353557.423719,133.37662687209
ADA,2023-07-08,0.284445459427361,0.292980225000207,0.281899521353618,0.290635543808276,135295700.296899,456766047.606057,135.29570029689899
ADA,2023-07-09,0.290635543808276,0.291499690857644,0.283260008451491,0.284384613685722,114163859.089043,394659108.397601,114.163859089043
ADA,2023-07-10,0.284384613685722,0.292334240710659,0.27900942038447,0.287757144975766,170723639.452026,585867803.596361,170.72363945202602
ADA,2023-07-11,0.287757144975766,0.293747413096953,0.2877136988879,0.292650596828406,130698925.461807,439338895.566512,130.698925461807
ADA,2023-07-12,0.292650596828406,0.295286064244726,0.285497197612655,0.289159846509689,117489508.41395,396053222.335128,117.48950841394999
ADA,2023-07-13,0.289159846509689,0.363619998620125,0.286176278298827,0.356618650430787,806312748.661992,2363322596.98998,806.3127486619919
ADA,2023-07-14,0.356618650430787,0.377500112205439,0.318663094010026,0.3284357942552,659063973.675758,1866820034.6118,659.063973675758
ADA,2023-07-15,0.3284357942552,0.337239787493093,0.324605920908906,0.326231932796835,194708458.298435,585589029.079877,194.708458298435
ADA,2023-07-16,0.326231932796835,0.327803357398959,0.313074284925119,0.314821884826569,226236428.26502,700307878.085911,226.23642826502
ADA,2023-07-17,0.314821884826569,0.319747617445354,0.306144966287019,0.311863768070921,197759437.513803,625697704.812735,197.759437513803
ADA,2023-07-18,0.311863768070921,0.313959551750701,0.300959955465919,0.309628125209666,225668030.555768,694613293.762496,225.668030555768
ADA,2023-07-19,0.309628125209666,0.326422665308261,0.307417660531928,0.323224435377997,349308841.300633,1087919009.88489,349.308841300633
ADA,2023-07-20,0.323224435377997,0.33176562303955,0.314359614894731,0.316623631407654,327642940.450733,991665571.824828,327.642940450733
ADA,2023-07-21,0.316623631407654,0.318108795489315,0.310665572247785,0.312961995980763,152070348.586015,479635889.375652,152.07034858601497
ADA,2023-07-22,0.312961995980763,0.314883986189772,0.306870098375823,0.310141932342173,127902500.553148,408095133.655367,127.902500553148
ADA,2023-07-23,0.310141932342173,0.318576517677325,0.307767137359354,0.317046925995968,119780218.89695,374506441.062245,119.78021889695
ADA,2023-07-24,0.317046925995968,0.318878116676874,0.300829339566009,0.305318721489448,181190719.126676,583819657.985827,181.190719126676
ADA,2023-07-25,0.305318721489448,0.307869865931046,0.301926019341042,0.303909993297269,126003036.961969,410215704.270789,126.003036961969
ADA,2023-07-26,0.303909993297269,0.310502212348113,0.300555057729968,0.306849882639114,150582450.527109,488440096.017552,150.582450527109
ADA,2023-07-27,0.306849882639114,0.312950553854753,0.305470970449724,0.307748289559706,118635088.649253,379467338.094564,118.63508864925299
ADA,2023-07-28,0.307748289559706,0.312952092859999,0.306472811668543,0.310019750312811,100179521.245934,318558019.268954,100.179521245934
ADA,2023-07-29,0.310019750312811,0.314333980561101,0.30890067697244,0.312930564580364,108742088.489706,343394951.650529,108.74208848970599
ADA,2023-07-30,0.312930564580364,0.318113667541713,0.306152191566647,0.315875620370688,133941235.136846,423265675.50604,133.94123513684602
ADA,2023-07-31,0.315875620370688,0.318342731002037,0.306528111646342,0.30717808899005,130383282.678767,414806200.885736,130.383282678767
ADA,2023-08-01,0.30717808899005,0.31000922489549,0.296988301557187,0.31000922489549,177838516.565305,573814676.327156,177.83851656530499
ADA,2023-08-02,0.31000922489549,0.311462158855683,0.298475483986949,0.299192917893915,159753101.603828,521318083.545961,159.75310160382801
ADA,2023-08-03,0.299192917893915,0.301032710765856,0.290391840953847,0.292096202723262,246788180.502206,804014532.155069,246.788180502206
ADA,2023-08-04,0.292096202723262,0.296930500220512,0.290720180014648,0.293165798544028,152700716.071321,513421265.42586,152.700716071321
ADA,2023-08-05,0.293165798544028,0.29390221220222,0.290245972302908,0.293672544985343,125006879.424598,425743699.173141,125.006879424598
ADA,2023-08-06,0.293672544985343,0.295587289456845,0.290559850746821,0.29197990444439,113496624.769826,383286275.368295,113.496624769826
ADA,2023-08-07,0.29197990444439,0.295492231583537,0.282968407075186,0.29075196951687,166843449.337237,571805487.930715,166.843449337237
ADA,2023-08-08,0.29075196951687,0.302153514332499,0.28955835880613,0.297237894021504,203437970.527417,676437765.958723,203.437970527417
ADA,2023-08-09,0.297237894021504,0.302086256098393,0.296223358490223,0.301164054398614,145822562.281986,486124313.854744,145.822562281986
ADA,2023-08-10,0.301164054398614,0.301427520028065,0.295784505607338,0.296115278712492,135329332.701927,451660233.492265,135.329332701927
ADA,2023-08-11,0.296115278712492,0.297095308383219,0.292073332038892,0.292975177836603,85141271.3171103,288143129.241109,85.1412713171103
ADA,2023-08-12,0.292975177836603,0.294272415370926,0.290575285676543,0.29174098469433,71489249.4095267,242799949.178083,71.4892494095267
ADA,2023-08-13,0.29174098469433,0.293120772568515,0.287296589043353,0.289176150016506,84020779.732222,288733967.039798,84.02077973222201
ADA,2023-08-14,0.289176150016506,0.292078722772435,0.287079576181838,0.290274272095636,83478586.271798,284230691.331778,83.478586271798
ADA,2023-08-15,0.290274272095636,0.290597353630893,0.27668288479672,0.281748058144158,121450587.783017,422379610.281099,121.450587783017
ADA,2023-08-16,0.281748058144158,0.282506738465634,0.267112680553318,0.274434887827116,165254342.092064,594967470.346302,165.254342092064
ADA,2023-08-17,0.274434887827116,0.277979049247637,0.242038329470601,0.255560265243207,250595368.945515,930920963.955482,250.59536894551502
ADA,2023-08-18,0.255560265243207,0.267298922342254,0.255094679657171,0.263914628266322,192421966.739672,706619950.68583,192.421966739672
ADA,2023-08-19,0.263914628266322,0.269659251416029,0.260449492869703,0.269010461352426,100306354.557122,372754817.921029,100.306354557122
ADA,2023-08-20,0.269010461352426,0.272844530370899,0.265033879029797,0.270571194309688,102823928.769927,380680275.432902,102.823928769927
ADA,2023-08-21,0.270571194309688,0.272379474272472,0.259447894818091,0.262880057144242,129602223.356104,482597580.713433,129.602223356104
ADA,2023-08-22,0.262880057144242,0.2632297788549,0.251011405832011,0.258590337500299,151484573.660831,582499809.502341,151.48457366083102
ADA,2023-08-23,0.258590337500299,0.269709398378017,0.258164318746194,0.268153459472841,134955076.27921,508350870.375023,134.95507627921
ADA,2023-08-24,0.268153459472841,0.271227388964316,0.262434273946755,0.265882510823605,117485110.576115,436717193.332751,117.48511057611499
ADA,2023-08-25,0.265882510823605,0.270493410661443,0.259172693163734,0.261109554262547,163360932.631963,605779406.493636,163.360932631963
ADA,2023-08-26,0.261109554262547,0.26172890228855,0.258269863741704,0.260901680728864,94196226.178763,360994237.617694,94.196226178763
ADA,2023-08-27,0.260901680728864,0.265178854753653,0.260081999306334,0.263258482949159,106122843.286663,401420613.715375,106.122843286663
ADA,2023-08-28,0.263258482949159,0.267671441702188,0.258477475279364,0.267479455581232,117058351.691165,432871899.767012,117.058351691165
ADA,2023-08-29,0.267479455581232,0.279441463469217,0.260202451000177,0.272703315047201,239646214.146619,875022292.716358,239.646214146619
ADA,2023-08-30,0.272703315047201,0.272866090088181,0.261132679363344,0.265668269631533,165496671.72696,613827449.714999,165.49667172696002
ADA,2023-08-31,0.265668269631533,0.266272401983319,0.250681467767765,0.255620792211182,153997374.251987,581080886.442706,153.997374251987
ADA,2023-09-01,0.255620792211182,0.258832341271331,0.252095194565131,0.255156603833089,131066124.118952,504710375.840248,131.06612411895202
ADA,2023-09-02,0.255156603833089,0.25736431817305,0.253940920529316,0.256344154720237,86529770.08225,338129111.764299,86.52977008225
ADA,2023-09-03,0.256344154720237,0.256849300291251,0.253558049585723,0.255916950433649,68587190.7107707,267862638.831551,68.5871907107707
ADA,2023-09-04,0.255916950433649,0.259861559145506,0.25393081077662,0.256196330529554,64034295.2859529,240936386.463517,64.03429528595291
ADA,2023-09-05,0.256196330529554,0.258544449026988,0.254020624589814,0.257718608285403,63006825.8866768,219758091.972778,63.0068258866768
ADA,2023-09-06,0.257718608285403,0.259514205613687,0.252910308225574,0.257581760807398,67972237.0144837,262434224.755882,67.97223701448371
ADA,2023-09-07,0.257581760807398,0.259173619107523,0.253053066227019,0.2578813740407,71368974.3673594,274624912.356499,71.3689743673594
ADA,2023-09-08,0.2578813740407,0.259245533765476,0.2529604855271,0.254470249485663,66212202.9008087,252537968.141217,66.2122029008087
ADA,2023-09-09,0.254470249485663,0.25581739372857,0.253338475972836,0.253418028917844,34247175.1898668,133796288.496183,34.2471751898668
ADA,2023-09-10,0.253418028917844,0.253418028917844,0.244852946413268,0.24907819144752,91719528.2494631,351884726.71553,91.7195282494631
ADA,2023-09-11,0.24907819144752,0.249657726194907,0.237198457210516,0.242274509510481,93645046.154173,380952943.669359,93.645046154173
ADA,2023-09-12,0.242274509510481,0.251651959530262,0.241152968842597,0.245575051694938,85446533.0075784,332049716.914275,85.44653300757841
ADA,2023-09-13,0.245575051694938,0.24967659490263,0.243664787932452,0.248665780460859,70504240.0211757,279719551.238853,70.5042400211757
ADA,2023-09-14,0.248665780460859,0.252410337087584,0.246538890111545,0.25137223684556,77056293.2770537,305816233.847916,77.0562932770537
ADA,2023-09-15,0.25137223684556,0.254639400949746,0.245424315578026,0.250583177161501,92262556.467235,352738683.920371,92.262556467235
ADA,2023-09-16,0.250583177161501,0.253864564391623,0.248662260529528,0.25063479819653,59604991.9583084,236457323.387714,59.604991958308396
ADA,2023-09-17,0.25063479819653,0.251292172291162,0.245201452597852,0.247229082027135,58241441.0250593,232021466.248292,58.241441025059295
ADA,2023-09-18,0.247229082027135,0.25599185702041,0.24496288120313,0.251676855728347,81305824.1140412,320515826.76516,81.3058241140412
ADA,2023-09-19,0.251676855728347,0.257563851381054,0.250931431288587,0.254849579104749,71696932.6726372,278052910.671887,71.69693267263719
ADA,2023-09-20,0.254849579104749,0.256308362864978,0.250337702839233,0.251639168818766,73278798.5290392,288384293.516558,73.27879852903921
ADA,2023-09-21,0.251639168818766,0.25298559373701,0.24504887740367,0.245058739983741,78500126.2727699,305922927.092532,78.5001262727699
ADA,2023-09-22,0.245058739983741,0.246465214071321,0.242997359068441,0.245083610418301,86588384.7334375,347907029.565033,86.5883847334375
ADA,2023-09-23,0.245083610418301,0.246943738414789,0.243910990077698,0.246409459502335,44101039.6968625,178200915.558578,44.10103969686249
ADA,2023-09-24,0.246409459502335,0.246409459502335,0.242328413480931,0.243010547970723,49787189.3534335,201173863.015454,49.7871893534335
ADA,2023-09-25,0.243010547970723,0.246072023811349,0.241331482472279,0.245803986596184,84653388.0989192,344017337.933628,84.6533880989192
ADA,2023-09-26,0.245803986596184,0.247456851320573,0.24334219188001,0.245305824209429,77133060.0509191,313743713.241876,77.1330600509191
ADA,2023-09-27,0.245305824209429,0.248008065268935,0.242757648730471,0.244472225832072,92479128.136105,376393782.826374,92.479128136105
ADA,2023-09-28,0.244472225832072,0.250418762263006,0.243262470513635,0.248866420899217,110820912.457293,446043050.176077,110.820912457293
ADA,2023-09-29,0.248866420899217,0.255686496666289,0.247686803210666,0.249314794087081,138996529.391313,547162535.780278,138.99652939131298
ADA,2023-09-30,0.249314794087081,0.254767324369052,0.249024100643702,0.253860791749006,89464420.9656096,355004383.78867,89.46442096560959
ADA,2023-10-01,0.253860791749006,0.267507113360194,0.253756772404427,0.265777543176986,130615000.621675,499104336.948242,130.615000621675
ADA,2023-10-02,0.265777543176986,0.269527663342059,0.257869096802638,0.259140287990552,173018834.337741,643477484.858696,173.018834337741
ADA,2023-10-03,0.259140287990552,0.264474738230833,0.257597846100792,0.260942890837533,126538134.883968,480583407.906586,126.538134883968
ADA,2023-10-04,0.260942890837533,0.2611274072752,0.253474793356229,0.258960769097706,103405329.081364,400109990.495054,103.405329081364
ADA,2023-10-05,0.258960769097706,0.263905786532562,0.256672447213157,0.260303986077027,76014645.1826289,288439521.184913,76.0146451826289
ADA,2023-10-06,0.260303986077027,0.26671821356642,0.260303986077027,0.264826355731934,68627617.1912595,256935261.968273,68.6276171912595
ADA,2023-10-07,0.264826355731934,0.265783843005033,0.256998012544929,0.258778567347167,98215062.7534006,353430037.534824,98.21506275340059
ADA,2023-10-08,0.258778567347167,0.259173490952216,0.255665287710179,0.256627433207254,55664029.3806407,215406349.45793,55.6640293806407
ADA,2023-10-09,0.256627433207254,0.258782660601382,0.249286375808468,0.251522697804922,99898658.565629,391361399.074039,99.898658565629
ADA,2023-10-10,0.251522697804922,0.253208079756143,0.247343951557655,0.249104860114783,79007284.5983361,313002241.106598,79.0072845983361
ADA,2023-10-11,0.249104860114783,0.249547089218691,0.245317873475051,0.248124399245535,82005701.5103857,319278320.235187,82.0057015103857
ADA,2023-10-12,0.248124399245535,0.248124399245535,0.242953135018618,0.245964436415523,68332367.733631,275863693.546911,68.332367733631
ADA,2023-10-13,0.245964436415523,0.249422618220138,0.245071000779727,0.245851561329257,68428061.8419443,270962608.585946,68.42806184194431
ADA,2023-10-14,0.245851561329257,0.247716598907374,0.244998064987657,0.247061475966099,51038321.7965795,205413591.04121,51.0383217965795
ADA,2023-10-15,0.247061475966099,0.24826111196646,0.245472849784013,0.247340689718192,53380730.6919022,214957194.16163,53.3807306919022
ADA,2023-10-16,0.247340689718192,0.258488418584929,0.247314469939294,0.251427689095549,131692738.23993,514249168.972694,131.69273823993
ADA,2023-10-17,0.251427689095549,0.251841736447631,0.245606245247157,0.246478348895843,102030284.342834,408037555.311148,102.030284342834
ADA,2023-10-18,0.246478348895843,0.247667755805354,0.242445021397171,0.243106052856724,84002617.6506214,341635155.19878,84.0026176506214
ADA,2023-10-19,0.243106052856724,0.247017190098689,0.240204530636319,0.247017190098689,90449013.5727193,369985589.047048,90.44901357271931
ADA,2023-10-20,0.247017190098689,0.252869552214952,0.245615045402674,0.25136115390713,100486726.325655,400538436.825571,100.486726325655
ADA,2023-10-21,0.25136115390713,0.262295075550237,0.249742805514658,0.25862316168314,103573043.926177,400150869.992923,103.573043926177
ADA,2023-10-22,0.25862316168314,0.264154129774052,0.256253142567826,0.263858744434208,89901667.7479745,344951630.36873,89.9016677479745
ADA,2023-10-23,0.263858744434208,0.280715040225283,0.262026424419158,0.280583681511311,225924988.775177,802281286.808639,225.924988775177
ADA,2023-10-24,0.280583681511311,0.293428049360091,0.2740182389432,0.279210121586212,278189809.062386,973112165.973148,278.18980906238596
ADA,2023-10-25,0.279210121586212,0.289638187577478,0.276584679492223,0.280734326905174,170456657.945606,601930182.951501,170.456657945606
ADA,2023-10-26,0.280734326905174,0.297048498294836,0.280263759711969,0.287129983947716,229831757.245157,754896756.220997,229.831757245157
ADA,2023-10-27,0.287129983947716,0.292147066397053,0.280811864940063,0.289380924252494,128120106.115997,442043220.132085,128.120106115997
ADA,2023-10-28,0.289380924252494,0.297346238658228,0.288868303115258,0.291058795293431,99745316.6769788,338612537.028829,99.7453166769788
ADA,2023-10-29,0.291058795293431,0.298597771124684,0.288878294654676,0.295382607579749,93693925.3649983,316859750.311174,93.6939253649983
ADA,2023-10-30,0.295382607579749,0.303142226653357,0.292473480700116,0.303131988261637,159589619.994484,517607564.08359,159.589619994484
ADA,2023-10-31,0.303131988261637,0.304687987997537,0.286815258066972,0.293206210012632,238856926.931114,772860468.078856,238.85692693111397
ADA,2023-11-01,0.293206210012632,0.308683018865199,0.285004723359153,0.307353224792565,250720662.045028,826707702.879159,250.720662045028
ADA,2023-11-02,0.307353224792565,0.329664767107154,0.300788222040471,0.323447636612504,354204222.26281,1102600657.62644,354.20422226281
ADA,2023-11-03,0.323447636612504,0.329990689523698,0.312597006128319,0.329990689523698,274083086.676406,834886786.67705,274.083086676406
ADA,2023-11-04,0.329990689523698,0.330822883024739,0.321978019645488,0.328717230601928,154976531.456916,439204337.454463,154.976531456916
ADA,2023-11-05,0.328717230601928,0.350957004209938,0.327289811652722,0.342906708352542,232735352.53618,660126238.117049,232.73535253618
ADA,2023-11-06,0.342906708352542,0.376424941123845,0.339529513671827,0.363446551519048,310835381.827714,846152013.947102,310.835381827714
ADA,2023-11-07,0.363446551519048,0.366079867112243,0.335270155763329,0.351996054131866,326303166.682664,883565438.521733,326.30316668266397
ADA,2023-11-08,0.351996054131866,0.360076427313458,0.349612764117536,0.358197055394106,215441029.725391,582187416.163453,215.441029725391
ADA,2023-11-09,0.358197055394106,0.386097024663056,0.351717535036907,0.369103583229308,493646895.581375,1307936329.56749,493.646895581375
ADA,2023-11-10,0.369103583229308,0.388612554063447,0.364657300052642,0.386568209094023,388526698.197681,1008497997.10827,388.526698197681
ADA,2023-11-11,0.386568209094023,0.39509585925118,0.37120094046817,0.384786415537458,392694791.737198,982678688.982589,392.694791737198
ADA,2023-11-12,0.384786415537458,0.391275803218998,0.372661576011161,0.383698469722474,271854441.860158,702917900.340179,271.85444186015803
ADA,2023-11-13,0.383698469722474,0.388623595751153,0.355572391506959,0.357649096465132,308734250.523155,822104720.686485,308.73425052315497
ADA,2023-11-14,0.357649096465132,0.372460187879066,0.343216452271458,0.358880041218324,301184478.010954,822050839.068534,301.184478010954
ADA,2023-11-15,0.358880041218324,0.379845508204392,0.354309223621981,0.379359388890393,274973488.566837,730251805.148131,274.97348856683703
ADA,2023-11-16,0.379359388890393,0.402271562569344,0.359769257193895,0.371284817323382,264063163.806897,671295704.210433,264.063163806897
ADA,2023-11-17,0.371284817323382,0.378362072894262,0.353809639404896,0.367624396736643,256759113.363048,693919411.471344,256.75911336304796
ADA,2023-11-18,0.367624396736643,0.378253737912544,0.349933431382085,0.377879043134075,220468545.82532,600562315.194469,220.46854582532
ADA,2023-11-19,0.377879043134075,0.385857920472457,0.369641892242704,0.384516508542855,186249558.687252,490036357.099544,186.249558687252
ADA,2023-11-20,0.384516508542855,0.399722314793689,0.378879580928315,0.380928788100143,275041243.672342,669972156.226132,275.041243672342
ADA,2023-11-21,0.380928788100143,0.390041619138153,0.356414697164955,0.357591675961601,290190784.160829,769918877.645756,290.190784160829
ADA,2023-11-22,0.357591675961601,0.387385621066993,0.356540738618511,0.380956466536853,190941793.077692,510493191.124636,190.941793077692
ADA,2023-11-23,0.380956466536853,0.386997447440926,0.377360776239702,0.386850878376757,150184902.433659,389216020.068117,150.18490243365898
ADA,2023-11-24,0.386850878376757,0.39723924445631,0.384344240801052,0.386275898662047,231005155.057542,587551142.345386,231.005155057542
ADA,2023-11-25,0.386275898662047,0.395568003848052,0.385110039242506,0.394067080187783,133247032.583093,338598668.488959,133.24703258309302
ADA,2023-11-26,0.394067080187783,0.39535524095302,0.379773694063027,0.387575256727099,145544575.227609,367458065.040822,145.54457522760902
ADA,2023-11-27,0.387575256727099,0.39201326918035,0.371745477247883,0.378218429718835,156537847.984287,411650633.474359,156.537847984287
ADA,2023-11-28,0.378218429718835,0.387977268845351,0.369849773549577,0.385741751130928,167348655.453465,440993344.232117,167.34865545346503
ADA,2023-11-29,0.385741751130928,0.388913033563162,0.377858430006081,0.381775615131332,165485850.126166,430599022.975228,165.48585012616599
ADA,2023-11-30,0.381775615131332,0.382684053703982,0.371955035132955,0.375998421120936,168923582.508204,449126417.220898,168.92358250820402
ADA,2023-12-01,0.375998421120936,0.385410369466439,0.374050478131455,0.384492093213599,161970631.977857,425103603.875893,161.97063197785698
ADA,2023-12-02,0.384492093213599,0.397626014553171,0.383001086415867,0.397398838517313,176241047.442209,452130717.144735,176.241047442209
ADA,2023-12-03,0.397398838517313,0.402587774764399,0.387879430172662,0.394996086762811,213043111.523615,540142584.52656,213.043111523615
ADA,2023-12-04,0.394996086762811,0.414572844795602,0.39462204420583,0.406788388813781,402720729.891617,997543455.146759,402.720729891617
ADA,2023-12-05,0.406788388813781,0.425756052567799,0.397344457862921,0.425517765049418,363116384.120501,884763117.498906,363.116384120501
ADA,2023-12-06,0.425517765049418,0.454783373255079,0.41719802765729,0.442720398206906,583005591.035891,1336945577.14517,583.005591035891
ADA,2023-12-07,0.442720398206906,0.459099417406814,0.432717882218448,0.455879808371806,393538172.865303,880986948.125247,393.53817286530295
ADA,2023-12-08,0.455879808371806,0.569871625131455,0.452659524582583,0.545551917919252,1100740437.04721,2114821588.1021,1100.74043704721
ADA,2023-12-09,0.545551917919252,0.64515686302361,0.544557438626352,0.578946349959637,1744860976.15311,2899278351.17876,1744.86097615311
ADA,2023-12-10,0.578946349959637,0.613310903035177,0.570487260468196,0.594989351777837,765435768.33682,1289900843.06583,765.43576833682
ADA,2023-12-11,0.594989351777837,0.598188070713592,0.523964615274063,0.551075737093691,920109505.952214,1672476742.5374,920.109505952214
ADA,2023-12-12,0.551075737093691,0.606364340631314,0.551073917785911,0.578004501574975,831570614.296831,1434998919.17909,831.570614296831
ADA,2023-12-13,0.578004501574975,0.677742521198334,0.545365621192499,0.667169888928477,1167890611.83079,1914868873.71843,1167.89061183079
ADA,2023-12-14,0.667169888928477,0.678532833811933,0.619658679286332,0.644183490626995,874869471.100851,1349414115.31436,874.8694711008511
ADA,2023-12-15,0.644183490626995,0.653917612486622,0.600419082736815,0.600624934356559,555265068.863471,884031000.589936,555.265068863471
ADA,2023-12-16,0.600624934356559,0.624109651501645,0.58816355386784,0.607299613926126,376647483.255002,617274769.592481,376.64748325500204
ADA,2023-12-17,0.607299613926126,0.616264890804461,0.577198736382588,0.579870107591916,342014311.450382,573542562.742163,342.01431145038197
ADA,2023-12-18,0.579870107591916,0.60281518176549,0.544485799444513,0.602344682389315,425126753.861063,743729401.398357,425.126753861063
ADA,2023-12-19,0.602344682389315,0.616853305446943,0.567313153852384,0.576958857781243,414211521.982782,697585291.557014,414.211521982782
ADA,2023-12-20,0.576958857781243,0.61061740782331,0.570137919689239,0.589911665309326,405304587.795461,684867494.737424,405.304587795461
ADA,2023-12-21,0.589911665309326,0.639877794891982,0.582695259834689,0.636239664992185,507109114.939743,831348873.104845,507.109114939743
ADA,2023-12-22,0.636239664992185,0.651814732075487,0.607858460285323,0.623745581885466,525883464.034777,838980422.270735,525.883464034777
ADA,2023-12-23,0.623745581885466,0.623978434366175,0.598530643118111,0.614126332718178,311215377.904932,512981850.080916,311.21537790493204
ADA,2023-12-24,0.614126332718178,0.628899042107747,0.590569325393021,0.593013173391401,500243228.834161,816166804.309591,500.24322883416096
ADA,2023-12-25,0.593013173391401,0.634746309539307,0.59116842429129,0.624882394590274,377284581.354345,614971946.624782,377.28458135434505
ADA,2023-12-26,0.624882394590274,0.627767008165805,0.574325581269377,0.609022327366377,564480291.837838,934742198.883873,564.4802918378381
ADA,2023-12-27,0.609022327366377,0.643114108038588,0.584827412606053,0.634089259616598,588904141.866748,951033813.989508,588.904141866748
ADA,2023-12-28,0.634089259616598,0.676704218716442,0.611040048043444,0.616796368491941,900451138.471816,1402134034.75492,900.451138471816
ADA,2023-12-29,0.616796368491941,0.625572189122354,0.594676840545347,0.608568119800225,509482333.354795,834842312.580325,509.482333354795
ADA,2023-12-30,0.608568119800225,0.613191462885689,0.594219320474515,0.60008130598947,260171751.42064,430156646.176262,260.17175142063996
ADA,2023-12-31,0.60008130598947,0.608629016691151,0.582882387703038,0.594368510144159,269858555.56327,449833792.234711,269.85855556327
ADA,2024-01-01,0.594368510144159,0.62389221018123,0.591430595087408,0.623309093061755,257101428.717121,424365042.369587,257.101428717121
ADA,2024-01-02,0.623309093061755,0.63620998775891,0.602553643641301,0.60535342906038,426795737.177731,687072658.225566,426.795737177731
ADA,2024-01-03,0.60535342906038,0.625887687450731,0.513041266634062,0.55768056690921,789171761.36735,1393918863.7833,789.17176136735
ADA,2024-01-04,0.55768056690921,0.578299864089849,0.550663136516962,0.570440737264368,417952366.527274,739858169.179389,417.952366527274
ADA,2024-01-05,0.570440737264368,0.572871393214284,0.525015191819641,0.541778738203547,467150970.377223,859767837.793156,467.150970377223
ADA,2024-01-06,0.541778738203547,0.542704326374317,0.508514102175004,0.523062999955442,320479773.61925,611844258.801686,320.47977361925
ADA,2024-01-07,0.523062999955442,0.530126504142423,0.488982959520485,0.494870348253888,278091759.800583,540293216.857199,278.091759800583
ADA,2024-01-08,0.494870348253888,0.544209507674309,0.466084834197276,0.541856414615388,526190536.55572,1041004745.84741,526.19053655572
ADA,2024-01-09,0.541856414615388,0.543724397385189,0.497419944580939,0.512635911148593,489387640.702597,948643844.274868,489.387640702597
ADA,2024-01-10,0.512635911148593,0.589017794367415,0.49021826311008,0.565986940301295,737723153.530322,1397153828.18869,737.723153530322
ADA,2024-01-11,0.565986940301295,0.617196879214018,0.561861335120911,0.582517532403753,887537130.8719,1517126549.76138,887.5371308719
ADA,2024-01-12,0.582517532403753,0.588998344944022,0.532107875114161,0.547783077287394,516301522.304922,910287600.724656,516.301522304922
ADA,2024-01-13,0.547783077287394,0.554432918108546,0.533006023804355,0.548993743089805,262366940.314067,479518147.258557,262.366940314067
ADA,2024-01-14,0.548993743089805,0.549853532513729,0.525060448713869,0.525482228609786,241950894.834478,447051858.54719,241.950894834478
ADA,2024-01-15,0.525482228609786,0.54151617899713,0.523163727626245,0.527780929940431,228432302.808146,428259395.840398,228.432302808146
ADA,2024-01-16,0.527780929940431,0.547688020838983,0.526080471484885,0.535790231060103,222245242.766697,413700608.522073,222.24524276669698
ADA,2024-01-17,0.535790231060103,0.53944302747692,0.522082903553086,0.527824660373769,208037798.425605,392152337.347891,208.037798425605
ADA,2024-01-18,0.527824660373769,0.527824660373769,0.496740489474164,0.502357927603543,274181639.306411,534769914.05855,274.181639306411
ADA,2024-01-19,0.502357927603543,0.504800686681754,0.471933239542244,0.504264464706125,313716666.240769,636933646.419726,313.71666624076903
ADA,2024-01-20,0.504264464706125,0.517554728297368,0.498973171326158,0.51586099866001,242436539.186903,474172789.348195,242.436539186903
ADA,2024-01-21,0.51586099866001,0.520081956134642,0.503047169800202,0.503047169800202,129598878.814726,252072293.77163,129.598878814726
ADA,2024-01-22,0.503047169800202,0.505552679197134,0.477015318958141,0.478351186458916,318023306.736174,648287552.536559,318.023306736174
ADA,2024-01-23,0.478351186458916,0.486019943203939,0.448191460195315,0.477361965587332,404083960.877779,867008641.549789,404.083960877779
ADA,2024-01-24,0.477361965587332,0.480179315692275,0.46448095109667,0.476594650433323,289401671.098424,613241430.788066,289.401671098424
ADA,2024-01-25,0.476594650433323,0.483813354889814,0.459118434344512,0.466663033454167,251651791.242591,534163418.179149,251.651791242591
ADA,2024-01-26,0.466663033454167,0.490201157997394,0.463275716571867,0.485114578865588,262872359.252707,547855124.704657,262.872359252707
ADA,2024-01-27,0.485114578865588,0.490123980087964,0.476078977909836,0.486250180831169,167513976.054106,345950857.450655,167.513976054106
ADA,2024-01-28,0.486250180831169,0.500303095827547,0.483818707651162,0.490442701972962,245629132.213639,498358075.789254,245.629132213639
ADA,2024-01-29,0.490442701972962,0.528126147427523,0.484372549614959,0.526254575008448,335816255.815308,664617217.604733,335.81625581530795
ADA,2024-01-30,0.526254575008448,0.536571225976857,0.513002842171165,0.514163647986463,374114452.559223,711928323.997413,374.11445255922297
ADA,2024-01-31,0.514163647986463,0.520204980250035,0.493966887417655,0.497785761474623,357621176.168702,705268393.955051,357.621176168702
ADA,2024-02-01,0.497785761474623,0.508291142771564,0.485999912893761,0.507830838198402,277094048.762894,560404215.075927,277.094048762894
ADA,2024-02-02,0.507830838198402,0.524234924565147,0.504366412113278,0.514532829426565,311444112.477849,607439400.323682,311.444112477849
ADA,2024-02-03,0.514532829426565,0.525609226673825,0.511786859943199,0.512350028306424,196236518.245394,378210969.337158,196.236518245394
ADA,2024-02-04,0.512350028306424,0.512352150705737,0.493714800616982,0.493807808123547,164276502.441497,325667659.194917,164.276502441497
ADA,2024-02-05,0.493807808123547,0.505780454990417,0.487356085156625,0.494036985450567,195727939.370381,394029244.222161,195.727939370381
ADA,2024-02-06,0.494036985450567,0.504081588392618,0.489153371052658,0.498415854952273,194668159.368021,392711274.629588,194.668159368021
ADA,2024-02-07,0.498415854952273,0.502397965189007,0.474584975065102,0.502291003247119,366352207.996963,752314221.093978,366.35220799696305
ADA,2024-02-08,0.502291003247119,0.535729500554725,0.502243668184578,0.530451419432072,505195265.876432,964501840.02227,505.195265876432
ADA,2024-02-09,0.530451419432072,0.548600787433344,0.528166910312668,0.540832938690848,391546710.126603,725961852.122108,391.546710126603
ADA,2024-02-10,0.540832938690848,0.557600103537871,0.528758594596319,0.551695272605926,291509467.631784,538168770.02298,291.50946763178405
ADA,2024-02-11,0.551695272605926,0.565561766069451,0.536036077840004,0.541871812781726,394419909.168689,712406387.252261,394.419909168689
ADA,2024-02-12,0.541871812781726,0.56532018707804,0.531358542268506,0.559668189519657,360279319.294846,656111536.947648,360.279319294846
ADA,2024-02-13,0.559668189519657,0.564524657645978,0.534812794793412,0.545330791376531,340007653.792084,619280892.384718,340.007653792084
ADA,2024-02-14,0.545330791376531,0.58285684602231,0.540296853127843,0.577541864982315,419934904.257511,739718019.494092,419.934904257511
ADA,2024-02-15,0.577541864982315,0.612456797260696,0.57249099344229,0.60957955870428,563941127.979276,949736978.33871,563.941127979276
ADA,2024-02-16,0.60957955870428,0.612696783955886,0.584402421516372,0.59880369541065,390813847.997547,652294837.803951,390.813847997547
ADA,2024-02-17,0.59880369541065,0.610642521816657,0.569281675582881,0.609519266214152,325099838.122387,551419530.628296,325.099838122387
ADA,2024-02-18,0.609519266214152,0.637869819918507,0.609518628777092,0.619798923896795,498506909.33938,799088024.082089,498.50690933938
ADA,2024-02-19,0.619798923896795,0.638436521442797,0.615991829710557,0.631767583507737,451611854.094822,720289348.768543,451.611854094822
ADA,2024-02-20,0.631767583507737,0.640853545629144,0.599311729375878,0.622042557838097,607809352.1589,975493936.379263,607.8093521589
ADA,2024-02-21,0.622042557838097,0.623489216678271,0.575414847879121,0.599028024123805,410018151.443365,690525735.511476,410.01815144336496
ADA,2024-02-22,0.599028024123805,0.607694717162163,0.581903997001935,0.587080037040882,371955309.211233,624590794.015163,371.95530921123304
ADA,2024-02-23,0.587080037040882,0.5957205874783,0.569018382749089,0.58289647083053,331648587.574747,567319697.893968,331.648587574747
ADA,2024-02-24,0.58289647083053,0.600129804572473,0.570434028522439,0.596957644752111,266769653.063294,454567817.92782,266.769653063294
ADA,2024-02-25,0.596957644752111,0.600608014104943,0.580739278224142,0.591777459775373,232651075.785466,394073657.118962,232.651075785466
ADA,2024-02-26,0.591777459775373,0.622567465658641,0.574366524635867,0.619842383786322,420495657.064415,702405336.797818,420.49565706441496
ADA,2024-02-27,0.619842383786322,0.629851554773906,0.609583347536223,0.624493769340847,548380813.047631,880443520.233589,548.380813047631
ADA,2024-02-28,0.624493769340847,0.661217255735427,0.599878522675658,0.630275233283477,870233721.571872,1380644153.37378,870.233721571872
ADA,2024-02-29,0.630275233283477,0.708092675797785,0.624777415064073,0.654316293669721,1204707192.65144,1782680529.77401,1204.70719265144
ADA,2024-03-01,0.654316293669721,0.719950958370515,0.65400040241869,0.719736409244096,663718248.99348,971083451.470333,663.71824899348
ADA,2024-03-02,0.719736409244096,0.763256151832153,0.718247841512355,0.742668550403942,897899669.487198,1209321448.67788,897.899669487198
ADA,2024-03-03,0.742668550403942,0.742823931124762,0.697322606521826,0.729011817802229,657538321.051825,906367725.728935,657.538321051825
ADA,2024-03-04,0.729011817802229,0.799180238938736,0.724987131689087,0.770402910766962,1208720249.63582,1565976361.90815,1208.72024963582
ADA,2024-03-05,0.770402910766962,0.782925038838668,0.59142083122627,0.694038831327088,1496905907.14729,2074806620.36962,1496.90590714729
ADA,2024-03-06,0.694038831327088,0.756845868065935,0.66635304024982,0.735163131532399,866271888.736775,1208473272.75909,866.271888736775
ADA,2024-03-07,0.735163131532399,0.755135332486394,0.719539496410935,0.74394495503225,648887087.629928,876556095.510124,648.887087629928
ADA,2024-03-08,0.74394495503225,0.754867221117818,0.701442104005566,0.724446515473069,636005643.169039,873164437.537913,636.005643169039
ADA,2024-03-09,0.724446515473069,0.74695779177274,0.722343844723096,0.742978764108995,414527724.330493,563933609.244877,414.52772433049296
ADA,2024-03-10,0.742978764108995,0.745228857616314,0.702147247192328,0.717468666808738,432404014.370646,594832927.55263,432.404014370646
ADA,2024-03-11,0.717468666808738,0.787843702587077,0.691356941556482,0.774077786347536,925575969.392304,1241088889.14539,925.5759693923039
ADA,2024-03-12,0.774077786347536,0.775456646545581,0.708546019769499,0.748110743145478,702514814.207441,943057238.938378,702.514814207441
ADA,2024-03-13,0.748110743145478,0.772906305909486,0.736970795313623,0.764672563364057,565435267.469801,748870025.043127,565.4352674698009
ADA,2024-03-14,0.764672563364057,0.809220776192556,0.714352045289999,0.750718225374312,1161172957.10263,1516289443.9526,1161.1729571026299
ADA,2024-03-15,0.750718225374312,0.763629490068891,0.672127206557129,0.727328194903639,1006529407.40324,1409717436.16318,1006.5294074032399
ADA,2024-03-16,0.727328194903639,0.73451825521381,0.651041040776075,0.658762807092091,695028751.903352,999683350.864561,695.028751903352
ADA,2024-03-17,0.658762807092091,0.687584869812033,0.630077185139477,0.681045222982318,564384739.050713,844851855.512084,564.3847390507129
ADA,2024-03-18,0.681045222982318,0.697936752605407,0.642752989479186,0.66020348360345,569982898.300356,852454263.063184,569.982898300356
ADA,2024-03-19,0.66020348360345,0.665522715814824,0.58037695413339,0.586716547787491,836601349.423496,1358178968.87018,836.601349423496
ADA,2024-03-20,0.586716547787491,0.644179368467277,0.570328533253302,0.639810215135843,692483968.730857,1143104367.1906,692.483968730857
ADA,2024-03-21,0.639810215135843,0.647962451661316,0.6184684486121,0.631859238690105,466710881.915053,735899844.788759,466.710881915053
ADA,2024-03-22,0.631859238690105,0.642601587999477,0.59952520904055,0.614955755217455,421991272.179272,680968519.271779,421.991272179272
ADA,2024-03-23,0.614955755217455,0.63921759216237,0.610896127238058,0.623370127492047,293471653.412073,467477303.773147,293.471653412073
ADA,2024-03-24,0.623370127492047,0.647970950452344,0.622911944176007,0.646769562097317,273402449.729652,429855470.964694,273.402449729652
ADA,2024-03-25,0.646769562097317,0.668089779376623,0.638442793001212,0.656745787756421,406349391.350834,621427620.320495,406.349391350834
ADA,2024-03-26,0.656745787756421,0.683500605077188,0.652589390534859,0.665034834504857,434464052.159597,651130719.029499,434.464052159597
ADA,2024-03-27,0.665034834504857,0.67085427364632,0.630639740360396,0.647646697253357,466765605.399331,717862441.675129,466.765605399331
ADA,2024-03-28,0.647646697253357,0.657884369241492,0.63508539664128,0.650919794868629,314861841.9712,485181504.444018,314.86184197119996
ADA,2024-03-29,0.650919794868629,0.667525790592949,0.635682158889867,0.664680205608181,393605502.087872,603625379.943604,393.605502087872
ADA,2024-03-30,0.664680205608181,0.669525471208582,0.642145667762471,0.643970296803469,275098463.18284,420135471.858635,275.09846318283996
ADA,2024-03-31,0.643970296803469,0.653557675293968,0.642361588636835,0.650308883064956,204019743.912397,314951223.846506,204.019743912397
ADA,2024-04-01,0.650308883064956,0.651563957082454,0.605919811359852,0.621524429868977,432300828.031959,692077163.50586,432.300828031959
ADA,2024-04-02,0.621524429868977,0.621693899170414,0.574343229686558,0.580927978903975,493382703.294052,836262553.33656,493.382703294052
ADA,2024-04-03,0.580927978903975,0.594695193639257,0.563659095461371,0.569660367812162,344047577.763765,591819050.356367,344.047577763765
ADA,2024-04-04,0.569660367812162,0.597000383468457,0.559821978097629,0.583508187112419,346969348.256356,598773420.871687,346.969348256356
ADA,2024-04-05,0.583508187112419,0.584963913474608,0.560249300187321,0.574425748301306,317279220.830827,554362207.792933,317.279220830827
ADA,2024-04-06,0.574425748301306,0.589260844977489,0.572024549769064,0.583986917031301,168216984.62866,289356256.513107,168.21698462866
ADA,2024-04-07,0.583986917031301,0.597177412930456,0.58223749780715,0.589123781276017,201853308.363066,342044795.206075,201.853308363066
ADA,2024-04-08,0.589123781276017,0.617014073061419,0.579507965391324,0.614021968779704,298750978.839708,495023685.120041,298.75097883970795
ADA,2024-04-09,0.614021968779704,0.62435899702698,0.590324535483469,0.591170183264429,355618782.777444,586376568.049831,355.618782777444
ADA,2024-04-10,0.591170183264429,0.593916354105219,0.560413663912659,0.586688681251078,363811117.666358,629235793.044351,363.811117666358
ADA,2024-04-11,0.586688681251078,0.594659280869396,0.576092168321098,0.586443849664383,242743589.378254,414421867.619126,242.743589378254
ADA,2024-04-12,0.586443849664383,0.592687232277618,0.460412693238152,0.503174072914732,826603922.891482,1590740600.16636,826.603922891482
ADA,2024-04-13,0.503174072914732,0.516491116100283,0.401888466480485,0.44552299623585,910740319.673263,1951237396.15413,910.740319673263
ADA,2024-04-14,0.44552299623585,0.477913640222691,0.433880456507654,0.468028622635356,736941987.445138,1615011819.20706,736.941987445138
ADA,2024-04-15,0.468028622635356,0.49547326161365,0.439838233039452,0.461183305171679,548730301.701915,1169427659.23003,548.730301701915
ADA,2024-04-16,0.461183305171679,0.478152844754563,0.439936589860782,0.458687220375198,385431195.166555,842609403.031345,385.43119516655497
ADA,2024-04-17,0.458687220375198,0.464776642532004,0.428397168265529,0.444205309185305,356668098.779407,796310410.79561,356.66809877940705
ADA,2024-04-18,0.444205309185305,0.461031983542816,0.434799834358291,0.458244055516089,293619458.868467,653859080.356646,293.61945886846695
ADA,2024-04-19,0.458244055516089,0.475877362846309,0.423734478944007,0.468250495290289,434876883.290292,951114521.419398,434.876883290292
ADA,2024-04-20,0.468250495290289,0.508166378065207,0.464916006998544,0.5073674188506,389519955.62937,797287305.756448,389.51995562937
ADA,2024-04-21,0.5073674188506,0.512613390806046,0.48809498154731,0.499462858810099,253129256.463709,504718231.628561,253.129256463709
ADA,2024-04-22,0.499462858810099,0.522517358074064,0.49528190350799,0.516911160983037,295904688.228214,578507022.819974,295.904688228214
ADA,2024-04-23,0.516911160983037,0.521579992128269,0.497416027262686,0.500080733151644,301292028.835619,589909211.433013,301.29202883561896
ADA,2024-04-24,0.500080733151644,0.511137944765519,0.469256238870648,0.47461175441524,365597712.963885,746952266.603362,365.597712963885
ADA,2024-04-25,0.47461175441524,0.479651108643275,0.463099256174369,0.470787406196437,248404939.478489,526468245.443416,248.404939478489
ADA,2024-04-26,0.470787406196437,0.478967706649805,0.461078285688173,0.463195521084203,224951219.656754,479791576.818976,224.95121965675398
ADA,2024-04-27,0.463195521084203,0.469723991581287,0.447778792160567,0.467252032773294,224080840.222851,488849908.473436,224.080840222851
ADA,2024-04-28,0.467252032773294,0.478055416668739,0.458810082705969,0.460389936922352,171865365.627638,365609769.338076,171.865365627638
ADA,2024-04-29,0.460389936922352,0.463738121291014,0.447186100767186,0.457218668290551,207167560.263952,455670681.594986,207.167560263952
ADA,2024-04-30,0.457218668290551,0.462943562294983,0.426473426107227,0.440981142454051,297264042.276928,675409004.556307,297.264042276928
ADA,2024-05-01,0.440981142454051,0.457230792062405,0.418411104385166,0.449995371723722,395732227.071868,904147687.688037,395.732227071868
ADA,2024-05-02,0.449995371723722,0.461918785012615,0.43912431230958,0.458436143770893,277761142.163679,614648554.376387,277.761142163679
ADA,2024-05-03,0.458436143770893,0.474630214706815,0.447435234263357,0.468669336574038,258352184.341452,560360368.83529,258.352184341452
ADA,2024-05-04,0.468669336574038,0.476809356515124,0.462727862060586,0.463348426726479,182980240.538855,389841157.102962,182.98024053885499
ADA,2024-05-05,0.463348426726479,0.466056129115995,0.452422650282448,0.459200508040198,167643363.162501,365360121.159314,167.643363162501
ADA,2024-05-06,0.459200508040198,0.475871070482095,0.453023554260125,0.455217920154762,264635607.890721,571492215.731652,264.635607890721
ADA,2024-05-07,0.455217920154762,0.457052717544498,0.441742232409768,0.442277026682117,231132593.76533,512481542.736558,231.13259376533
ADA,2024-05-08,0.442277026682117,0.470143245299048,0.437598145148197,0.453355244409126,381461553.229383,840807294.880073,381.461553229383
ADA,2024-05-09,0.453355244409126,0.465702755208823,0.448496040372047,0.464590686678818,235296322.419885,514009893.330546,235.296322419885
ADA,2024-05-10,0.464590686678818,0.469259879300091,0.444613899449681,0.449001590238711,234214059.691261,512289856.532556,234.21405969126099
ADA,2024-05-11,0.449001590238711,0.451818589667525,0.438204583142597,0.439006137749969,135605027.393291,304853898.907461,135.605027393291
ADA,2024-05-12,0.439006137749969,0.443217474353963,0.434729398976661,0.438393755105213,105090279.401751,239018877.715317,105.09027940175099
ADA,2024-05-13,0.438393755105213,0.453641743563638,0.426475323305446,0.437624946609278,295239818.702232,668488591.708464,295.239818702232
ADA,2024-05-14,0.437624946609278,0.438998417924394,0.426903018200807,0.428978981819452,208663133.792675,481179850.953387,208.66313379267498
ADA,2024-05-15,0.428978981819452,0.455892082940568,0.426905000291783,0.453548030811638,237261572.402002,536650135.891686,237.261572402002
ADA,2024-05-16,0.453548030811638,0.46342982094257,0.449594501147819,0.460489731462635,244194468.078072,534302134.300122,244.19446807807202
ADA,2024-05-17,0.460489731462635,0.491110223659691,0.455955554653637,0.483042318649727,305725983.017187,640328902.358019,305.725983017187
ADA,2024-05-18,0.483042318649727,0.48676147570658,0.476722706288586,0.482309649629953,156981519.680983,325205473.758958,156.981519680983
ADA,2024-05-19,0.482309649629953,0.483635550362589,0.464943475609343,0.467953883037199,154469633.818679,326032543.178006,154.469633818679
ADA,2024-05-20,0.467953883037199,0.502671793028797,0.461563423657277,0.501908994878802,359002813.502101,751393889.457327,359.002813502101
ADA,2024-05-21,0.501908994878802,0.509864003729733,0.490986241474621,0.494851709203504,369880241.964829,738488521.387037,369.88024196482905
ADA,2024-05-22,0.494851709203504,0.495277464627572,0.475234312653532,0.483436601974249,272962031.735896,563296148.166564,272.962031735896
ADA,2024-05-23,0.483436601974249,0.488540053931213,0.447073809441541,0.465982069270161,411949349.744459,877529512.349242,411.94934974445897
ADA,2024-05-24,0.465982069270161,0.469839866589341,0.454901317038355,0.460395028612442,235369397.717521,509533215.713079,235.36939771752103
ADA,2024-05-25,0.460395028612442,0.4649830033712,0.457997528438858,0.46232505802228,150011810.120752,325014782.478934,150.01181012075202
ADA,2024-05-26,0.46232505802228,0.462705525001763,0.455855280445395,0.458518421407266,135613347.388323,295032629.899638,135.613347388323
ADA,2024-05-27,0.458518421407266,0.474954240366083,0.457214845849185,0.468590358168184,205402299.083676,441262244.830654,205.402299083676
ADA,2024-05-28,0.468590358168184,0.469311236400447,0.452377711296765,0.457483439199177,274706905.964614,598671676.831863,274.70690596461395
ADA,2024-05-29,0.457483439199177,0.463749534782075,0.450638955547228,0.4510214623475,224948107.906588,491068119.817748,224.94810790658798
ADA,2024-05-30,0.4510214623475,0.455078526475876,0.443546769194041,0.446652700291539,230859344.718908,513324752.736323,230.859344718908
ADA,2024-05-31,0.446652700291539,0.455563518813785,0.443866045881896,0.446877073551827,188935267.321512,420703494.743377,188.93526732151201
ADA,2024-06-01,0.446877073551827,0.452949961047787,0.444974056299739,0.44989208940773,103334888.654079,230329183.232318,103.33488865407901
ADA,2024-06-02,0.44989208940773,0.453728067870298,0.440792240888054,0.446681291793676,149757258.462577,333720215.231566,149.757258462577
ADA,2024-06-03,0.446681291793676,0.462950801274512,0.443623422363867,0.457313369003129,201373193.671404,443762657.63905,201.373193671404
ADA,2024-06-04,0.457313369003129,0.465473252840969,0.452860407712734,0.461547475569978,198961373.275284,433622914.632155,198.961373275284
ADA,2024-06-05,0.461547475569978,0.465262447198609,0.457512227552901,0.46151487303659,192503884.327097,417068582.767052,192.503884327097
ADA,2024-06-06,0.46151487303659,0.462304849348183,0.451481872646284,0.458236241379658,183603955.386616,400517160.705121,183.60395538661598
ADA,2024-06-07,0.458236241379658,0.489643434294217,0.430527152559001,0.449759330384683,589376668.034122,1272452240.30524,589.376668034122
ADA,2024-06-08,0.449759330384683,0.449764401070905,0.43325600338737,0.436750025294243,240730830.844274,547224167.826348,240.730830844274
ADA,2024-06-09,0.436750025294243,0.446147545023749,0.432195516459837,0.444562157134646,122468421.043199,278618266.114557,122.468421043199
ADA,2024-06-10,0.444562157134646,0.451218819426204,0.43562357281024,0.440820481904689,264206968.225892,596654494.030397,264.206968225892
ADA,2024-06-11,0.440820481904689,0.44165675543787,0.413539551268364,0.422187821768774,503631192.96407,1178430067.51766,503.63119296407
ADA,2024-06-12,0.422187821768774,0.444665723141601,0.414893963498564,0.43801879725347,357130920.23289,824712689.920316,357.13092023289
ADA,2024-06-13,0.43801879725347,0.439393814158372,0.419616317154201,0.421173864786571,303366099.922274,707114772.446669,303.366099922274
ADA,2024-06-14,0.421173864786571,0.424704431883148,0.40211590950891,0.412234490309483,288762486.95591,697564437.514582,288.76248695591005
ADA,2024-06-15,0.412234490309483,0.415727216880638,0.408493679919732,0.413905281186821,154633454.435848,375196855.154279,154.633454435848
ADA,2024-06-16,0.413905281186821,0.419188891749678,0.409388446395678,0.417040796986052,115622284.875271,278920825.628206,115.622284875271
ADA,2024-06-17,0.417040796986052,0.420792746522691,0.392193729850837,0.401650040862287,296506707.177452,728659176.162965,296.50670717745203
ADA,2024-06-18,0.401650040862287,0.402743319515794,0.364926781026982,0.383893504554769,462198460.947049,1228114652.07286,462.198460947049
ADA,2024-06-19,0.383893504554769,0.398048172035508,0.380738402285571,0.384668005142776,218962917.903434,563977303.038349,218.962917903434
ADA,2024-06-20,0.384668005142776,0.397376570786583,0.377746686189045,0.384395149276852,212577491.274009,548015636.076996,212.577491274009
ADA,2024-06-21,0.384395149276852,0.390875745250955,0.373884776411114,0.376018634109364,201729695.629968,527381699.760035,201.72969562996798
ADA,2024-06-22,0.376018634109364,0.390573817129349,0.371632832863132,0.384589613748926,187877778.397077,492491111.284815,187.87777839707698
ADA,2024-06-23,0.384589613748926,0.392933667923481,0.379631568861019,0.380121272380129,141867872.535333,367149001.8647,141.86787253533302
ADA,2024-06-24,0.380121272380129,0.381600635768381,0.365655039865648,0.377949751524223,292808602.862316,784152490.496505,292.80860286231604
ADA,2024-06-25,0.377949751524223,0.397257005309616,0.377241538427185,0.391973461773555,199089484.458024,510667452.17532,199.089484458024
ADA,2024-06-26,0.391973461773555,0.395185307676221,0.383367856441868,0.38490860535563,198019996.161342,508165302.266944,198.019996161342
ADA,2024-06-27,0.38490860535563,0.393713026418021,0.377735268459506,0.39098468641884,190750090.297461,494716252.499789,190.750090297461
ADA,2024-06-28,0.39098468641884,0.396145184026563,0.385118578254931,0.385390892702985,225904308.716955,578549716.481268,225.904308716955
ADA,2024-06-29,0.385390892702985,0.403309549617068,0.38295938016618,0.383563109725507,173229191.648173,440507925.23893,173.229191648173
ADA,2024-06-30,0.383563109725507,0.393825629844988,0.378338610813665,0.391995555293821,136648303.411804,354587805.863587,136.648303411804
ADA,2024-07-01,0.391995555293821,0.408187588453387,0.391201803660736,0.403062364487767,193715906.73354,483194236.581294,193.71590673354
ADA,2024-07-02,0.403062364487767,0.419306595499014,0.402685880727374,0.417932761588229,198270704.663009,480838484.122597,198.27070466300898
ADA,2024-07-03,0.417932761588229,0.422779043994067,0.400512576317138,0.406875668352051,270826039.849509,660080510.885167,270.826039849509
ADA,2024-07-04,0.406875668352051,0.413617743191393,0.362343084572341,0.362688569651006,354884179.450443,917268904.291702,354.884179450443
ADA,2024-07-05,0.362688569651006,0.36268969800438,0.319633435709917,0.350575580224181,601560826.222741,1769532100.46866,601.560826222741
ADA,2024-07-06,0.350575580224181,0.373670104475821,0.347380280031185,0.370957490326745,213580273.643093,594425514.131793,213.580273643093
ADA,2024-07-07,0.370957490326745,0.371380167285262,0.345317080029098,0.347109043723065,181237394.554206,501771784.608633,181.23739455420602
ADA,2024-07-08,0.347109043723065,0.380384753693841,0.331637111201948,0.369593931367606,385071759.947454,1068126858.00748,385.071759947454
ADA,2024-07-09,0.369593931367606,0.381125010768832,0.363354019179935,0.375743418397102,200175677.265122,537016582.74039,200.175677265122
ADA,2024-07-10,0.375743418397102,0.390172732059573,0.372449271899092,0.388948685727218,185554066.836553,484094406.976534,185.554066836553
ADA,2024-07-11,0.388948685727218,0.405084221623134,0.385373388555427,0.396326939282831,236460380.760853,598217416.459458,236.46038076085298
ADA,2024-07-12,0.396326939282831,0.41835299235128,0.393891430163022,0.417070267646523,267294127.141977,659358904.439036,267.294127141977
ADA,2024-07-13,0.417070267646523,0.446444297407863,0.412117545285458,0.441770022693187,275577885.119788,642314379.74922,275.577885119788
ADA,2024-07-14,0.441770022693187,0.445061345564883,0.425478193475366,0.432551569920458,258955111.053734,598421090.026929,258.955111053734
ADA,2024-07-15,0.432551569920458,0.446259030060744,0.43171819964242,0.445597053538848,358757247.501539,819131326.583098,358.757247501539
ADA,2024-07-16,0.445597053538848,0.45281805616543,0.427287936827253,0.438424144305471,374908455.416288,852280994.514224,374.908455416288
ADA,2024-07-17,0.438424144305471,0.45669849989537,0.436026116660983,0.436208223197202,299890646.800017,672759288.406724,299.890646800017
ADA,2024-07-18,0.436208223197202,0.449806489018434,0.420511447607157,0.423780380350519,255362513.646925,587626901.713344,255.362513646925
ADA,2024-07-19,0.423780380350519,0.443016774071235,0.415347429201701,0.439201004010654,252485440.181338,589588139.979509,252.48544018133802
ADA,2024-07-20,0.439201004010654,0.442131386733731,0.42827847824173,0.437570264273062,181085304.454592,415308404.675202,181.08530445459198
ADA,2024-07-21,0.437570264273062,0.448701070538254,0.417827688848129,0.447057138284729,232861024.274203,538367122.171614,232.861024274203
ADA,2024-07-22,0.447057138284729,0.449992214106851,0.42430941369277,0.426537396528378,436631050.688665,1006889157.43703,436.63105068866497
ADA,2024-07-23,0.426537396528378,0.42965753431525,0.403720389552437,0.410179460103042,260358185.655463,623077981.765021,260.358185655463
ADA,2024-07-24,0.410179460103042,0.421624388269622,0.404569032085488,0.406524597679165,251396703.512153,608509481.531243,251.396703512153
ADA,2024-07-25,0.406524597679165,0.408418125336992,0.382177604442271,0.39497191284407,267205290.156227,678484946.463508,267.20529015622697
ADA,2024-07-26,0.39497191284407,0.419842300209271,0.394710713278322,0.417500906904559,195115887.355967,474296522.797493,195.11588735596698
ADA,2024-07-27,0.417500906904559,0.429235943422259,0.413553741148995,0.417592077041608,332707578.720134,790808546.483013,332.707578720134
ADA,2024-07-28,0.417592077041608,0.420617807562552,0.404851626541487,0.407498798723777,188363522.476179,457892222.587578,188.363522476179
ADA,2024-07-29,0.407498798723777,0.42686857340989,0.403610427054482,0.403641634048458,242950852.720079,585427802.826448,242.950852720079
ADA,2024-07-30,0.403641634048458,0.407664614804457,0.395158170458398,0.401601905458082,203794363.483417,506613615.453544,203.79436348341702
ADA,2024-07-31,0.401601905458082,0.407787789887073,0.38765426374941,0.388630257915728,208425750.423838,520963538.85293,208.425750423838
ADA,2024-08-01,0.388630257915728,0.396044279324276,0.369351656075727,0.392855383528833,262007996.750379,683217152.023889,262.007996750379
ADA,2024-08-02,0.392855383528833,0.395234426381491,0.358788963442423,0.363829493877937,306340266.033577,816006155.89332,306.34026603357705
ADA,2024-08-03,0.363829493877937,0.373151894331008,0.350059004559056,0.364496281925872,232866797.300114,644316251.115676,232.866797300114
ADA,2024-08-04,0.364496281925872,0.367332464404974,0.335126867859774,0.34452358986071,230988522.517635,657641561.227659,230.98852251763498
ADA,2024-08-05,0.34452358986071,0.346060960060311,0.277338521146787,0.312028858989042,940792463.441341,3077402890.97032,940.792463441341
ADA,2024-08-06,0.312028858989042,0.337272942253073,0.311937173261161,0.331610075729359,309395988.848219,940974641.555497,309.39598884821896
ADA,2024-08-07,0.331610075729359,0.341317134133634,0.316833150247628,0.324311373849147,267992715.477567,811670221.185587,267.992715477567
ADA,2024-08-08,0.324311373849147,0.353805254310341,0.319681483575423,0.352135606277865,243102995.489766,719532414.096711,243.102995489766
ADA,2024-08-09,0.352135606277865,0.35498899525207,0.337612180898563,0.349025298696106,206294270.739514,594924961.516471,206.294270739514
ADA,2024-08-10,0.349025298696106,0.352450081662998,0.344812330979185,0.345872465610825,111767158.71845,321749118.739075,111.76715871844999
ADA,2024-08-11,0.345872465610825,0.356503605885124,0.327866083100452,0.328313440247749,144378669.377046,421813485.841113,144.37866937704598
ADA,2024-08-12,0.328313440247749,0.344725162273707,0.327456890959312,0.339477314949181,208654120.321377,619650379.722946,208.654120321377
ADA,2024-08-13,0.339477314949181,0.345178037765209,0.331396072590857,0.340476734965801,155746078.558387,459749286.181666,155.746078558387
ADA,2024-08-14,0.340476734965801,0.346108376540348,0.331999523685281,0.335954587418401,152236217.835083,449494591.20653,152.236217835083
ADA,2024-08-15,0.335954587418401,0.342317222798167,0.321376915898613,0.325372155774453,181794452.249001,547106902.436286,181.79445224900098
ADA,2024-08-16,0.325372155774453,0.345837252458029,0.320936836910645,0.331127077590737,231797692.13934,699245186.817568,231.79769213934
ADA,2024-08-17,0.331127077590737,0.339273408596074,0.328341239606445,0.337337094575724,106052723.753571,318348640.008493,106.052723753571
ADA,2024-08-18,0.337337094575724,0.33991979699339,0.332914436559208,0.334699804972792,98706662.9910558,292742134.154283,98.70666299105581
ADA,2024-08-19,0.334699804972792,0.33818477157832,0.328882481353702,0.337220407194845,145786294.936804,436802083.459404,145.78629493680398
ADA,2024-08-20,0.337220407194845,0.348626662046319,0.336135650420086,0.343861867949221,171218930.87754,498693372.664834,171.21893087754
ADA,2024-08-21,0.343861867949221,0.377696967650714,0.343061778053218,0.369274335746473,282309410.06991,782720919.767946,282.30941006991
ADA,2024-08-22,0.369274335746473,0.377614730914557,0.364724749305407,0.376555610892625,187756151.311012,506417381.941634,187.756151311012
ADA,2024-08-23,0.376555610892625,0.392604747154725,0.374191056899003,0.391663495534614,273278470.716355,714191752.129924,273.278470716355
ADA,2024-08-24,0.391663495534614,0.401540094872655,0.388274438141257,0.393718406181352,195728161.347356,496848889.331572,195.72816134735598
ADA,2024-08-25,0.393718406181352,0.394083048801074,0.37796136629033,0.38518285361606,197565791.649872,512806466.266498,197.565791649872
ADA,2024-08-26,0.38518285361606,0.388076641112466,0.366303949778851,0.366387985988856,219040177.79999,583853381.26075,219.04017779999
ADA,2024-08-27,0.366387985988856,0.372925666669792,0.344203982398234,0.35079754606789,237926094.453561,657044644.296065,237.926094453561
ADA,2024-08-28,0.35079754606789,0.360736817428689,0.341288076951805,0.35047178696426,244463975.015401,694277324.488833,244.46397501540102
ADA,2024-08-29,0.35047178696426,0.367817551287075,0.349691167289942,0.358233187174876,203311875.925733,567125444.701376,203.311875925733
ADA,2024-08-30,0.358233187174876,0.3622896578158,0.338564321857185,0.347336555331652,234076691.281669,667623978.084116,234.07669128166899
ADA,2024-08-31,0.347336555331652,0.350712818607017,0.344812892573105,0.345378916463237,91142062.6786334,261972243.453105,91.14206267863341
ADA,2024-09-01,0.345378916463237,0.34601926888222,0.328124183821461,0.331711033372213,158173478.924566,466526056.24484,158.173478924566
ADA,2024-09-02,0.331711033372213,0.337613793101323,0.325783196350383,0.336569708325897,177361093.836342,533982144.326314,177.361093836342
ADA,2024-09-03,0.336569708325897,0.339996683648794,0.318078040949136,0.318786314542864,177282481.313109,541394893.493364,177.282481313109
ADA,2024-09-04,0.318786314542864,0.329437321142059,0.307134529412843,0.323490770186675,244874063.541364,767998043.144337,244.87406354136402
ADA,2024-09-05,0.323490770186675,0.340184580635389,0.320101859023327,0.325443458418479,231944025.812561,708410802.239157,231.944025812561
ADA,2024-09-06,0.325443458418479,0.332021239947789,0.3039994130541,0.31504591057378,263385525.087895,826719817.183789,263.385525087895
ADA,2024-09-07,0.31504591057378,0.328026259092821,0.314960956409066,0.325509878534381,126689277.282872,392462598.088772,126.68927728287201
ADA,2024-09-08,0.325509878534381,0.340980830730297,0.32400178635693,0.33934783287758,149307617.843991,445264455.640071,149.307617843991
ADA,2024-09-09,0.33934783287758,0.349146803257654,0.338200769220645,0.343643766407545,192702489.059382,561423530.198895,192.702489059382
ADA,2024-09-10,0.343643766407545,0.345669190725566,0.33773474289094,0.343220345018586,137361301.119184,401470967.740738,137.361301119184
ADA,2024-09-11,0.343220345018586,0.35726619009923,0.330354908085907,0.353273297072208,201778513.932691,591231448.008581,201.778513932691
ADA,2024-09-12,0.353273297072208,0.361379276360444,0.352440048063853,0.356398362242866,198709773.550645,557365205.95011,198.709773550645
ADA,2024-09-13,0.356398362242866,0.36493866143418,0.35064861939691,0.360902402584864,170162777.420346,475336689.653406,170.162777420346
ADA,2024-09-14,0.360902402584864,0.36198341309896,0.351788355377522,0.354203646666784,120536406.048073,338090407.067403,120.53640604807299
ADA,2024-09-15,0.354203646666784,0.356453193458279,0.335328111121413,0.338947980703615,146271398.387456,421473738.926344,146.271398387456
ADA,2024-09-16,0.338947980703615,0.338974172717105,0.326853179524319,0.330518077231777,163239256.181914,491297803.643451,163.23925618191402
ADA,2024-09-17,0.330518077231777,0.343146126699583,0.328874018065117,0.33410756529757,164822716.764035,491995549.47603,164.822716764035
ADA,2024-09-18,0.33410756529757,0.344235063151565,0.327641016408365,0.34416629278155,200405633.815473,599680934.199794,200.40563381547298
ADA,2024-09-19,0.34416629278155,0.356446869421139,0.34416629278155,0.351037806163116,233459399.063596,666150646.591647,233.459399063596
ADA,2024-09-20,0.351037806163116,0.361151272190852,0.349079865151459,0.352368695716075,189754680.654113,533450370.0819,189.754680654113
ADA,2024-09-21,0.352368695716075,0.359953914946593,0.350804685395143,0.358517196222433,116284424.05046,327221060.89239,116.28442405045999
ADA,2024-09-22,0.358517196222433,0.359357544718697,0.343400575226511,0.351880126470904,125885135.964068,358073283.782413,125.885135964068
ADA,2024-09-23,0.351880126470904,0.365523539088002,0.34588809291801,0.36382261860606,206297120.459284,578080580.113279,206.297120459284
ADA,2024-09-24,0.36382261860606,0.391578132610963,0.358663524380474,0.387842343870684,262561172.688363,701773973.024816,262.561172688363
ADA,2024-09-25,0.387842343870684,0.393656611873251,0.379068444089073,0.380995504003041,223062285.525631,579576371.18529,223.062285525631
ADA,2024-09-26,0.380995504003041,0.403817884159023,0.378220153152148,0.401709606133114,278585094.618993,705975919.018928,278.58509461899297
ADA,2024-09-27,0.401709606133114,0.415475933493279,0.400111846791566,0.401968672355585,250868459.924773,617842448.222006,250.86845992477302
ADA,2024-09-28,0.401968672355585,0.405829829447971,0.39259576369008,0.40074026715291,156562424.023762,390967216.927953,156.562424023762
ADA,2024-09-29,0.40074026715291,0.404294053724983,0.393135269958257,0.397735822765272,137409993.694106,344582010.645382,137.40999369410602
ADA,2024-09-30,0.397735822765272,0.397763026087188,0.370930925666769,0.373414919000937,221005189.387188,574000295.113928,221.00518938718798
ADA,2024-10-01,0.373414919000937,0.386034983191572,0.343472304405112,0.352245052865789,365276640.405997,1003800414.79592,365.276640405997
ADA,2024-10-02,0.352245052865789,0.362404227024874,0.336509193124249,0.343592972653288,281093499.647558,802761812.24537,281.09349964755796
ADA,2024-10-03,0.343592972653288,0.349644717757285,0.332229152017512,0.345422014564049,252881513.297607,742203757.081605,252.881513297607
ADA,2024-10-04,0.345422014564049,0.355915024524868,0.343216325483281,0.351700045002569,178685826.451641,509509131.978766,178.685826451641
ADA,2024-10-05,0.351700045002569,0.355774287622622,0.34571438211983,0.350981578339498,109438247.381303,311124466.786588,109.438247381303
ADA,2024-10-06,0.350981578339498,0.358467603255928,0.348018575900277,0.357489073985442,106630684.044833,302641177.825066,106.630684044833
ADA,2024-10-07,0.357489073985442,0.368160920808922,0.350570703671237,0.351062097855131,205724046.439671,573176825.721823,205.724046439671
ADA,2024-10-08,0.351062097855131,0.356863673650384,0.341422689894985,0.344752835839872,171127741.867971,490366701.930056,171.127741867971
ADA,2024-10-09,0.344752835839872,0.347732659012078,0.334071189174541,0.339353483925449,168297707.145983,493319452.674402,168.297707145983
ADA,2024-10-10,0.339353483925449,0.34150666207499,0.331589413904612,0.339452782102433,150381878.19531,446314867.454436,150.38187819531
ADA,2024-10-11,0.339452782102433,0.35477590570715,0.338149043463112,0.351527340727628,138296319.607885,399044105.997361,138.296319607885
ADA,2024-10-12,0.351527340727628,0.356686783119083,0.350931710002451,0.353215472025866,107063262.780895,302794745.487254,107.06326278089499
ADA,2024-10-13,0.353215472025866,0.359458258612016,0.344586886501259,0.348611711077726,128801118.391634,366337867.320326,128.801118391634
ADA,2024-10-14,0.348611711077726,0.365039495921841,0.342582925468821,0.364039030565174,214787279.9165,601474619.4005,214.7872799165
ADA,2024-10-15,0.364039030565174,0.37042011284519,0.348464493506783,0.359019860419002,315148775.094273,877811449.36377,315.148775094273
ADA,2024-10-16,0.359019860419002,0.36084810722767,0.35107499199472,0.352041482809197,204398334.401816,574585605.306336,204.39833440181602
ADA,2024-10-17,0.352041482809197,0.354793149749467,0.339620752643035,0.343068371703898,215874101.354078,622401785.378585,215.874101354078
ADA,2024-10-18,0.343068371703898,0.352910023343027,0.342577405765388,0.350581501163408,153325911.474093,440847660.055273,153.32591147409298
ADA,2024-10-19,0.350581501163408,0.356799979750391,0.349311265509884,0.35145084272516,116025384.854207,329124352.859705,116.02538485420699
ADA,2024-10-20,0.35145084272516,0.365480452636338,0.348356763041282,0.364884766788974,131515790.410041,369053640.574565,131.515790410041
ADA,2024-10-21,0.364884766788974,0.372011959003611,0.352971320167805,0.360584782583432,226656439.170836,624590668.321126,226.656439170836
ADA,2024-10-22,0.360584782583432,0.367561794379285,0.355030436379149,0.36415443101888,217074072.460397,598816675.202107,217.074072460397
ADA,2024-10-23,0.36415443101888,0.368598853926116,0.342494795489458,0.349601047583508,216989260.73026,610757884.84151,216.98926073026
ADA,2024-10-24,0.349601047583508,0.354603198811967,0.339708631190643,0.346341500146531,194826932.396512,562827435.285903,194.826932396512
ADA,2024-10-25,0.346341500146531,0.346823257964624,0.318129431189787,0.325746076802298,319578698.497697,952205876.357585,319.578698497697
ADA,2024-10-26,0.325746076802298,0.334555216084311,0.32048766116599,0.333408874728237,184166786.223555,559983492.307805,184.166786223555
ADA,2024-10-27,0.333408874728237,0.341893114671121,0.330650446667847,0.339591717314373,99180899.9641055,294795242.136044,99.1808999641055
ADA,2024-10-28,0.339591717314373,0.347547199717444,0.330308115088772,0.34360885408491,191854817.699595,567166025.152015,191.854817699595
ADA,2024-10-29,0.34360885408491,0.35684707442273,0.342858691478876,0.356033785617687,217334557.574515,621804772.002478,217.334557574515
ADA,2024-10-30,0.356033785617687,0.363667898456722,0.350882216386011,0.355156645004544,216896830.534749,608200564.169965,216.896830534749
ADA,2024-10-31,0.355156645004544,0.361113094402121,0.340534830434196,0.341589663410339,206647728.565404,588387916.26898,206.647728565404
ADA,2024-11-01,0.341589663410339,0.361781706028038,0.334328799988927,0.357573807656842,275910833.620861,786613660.788106,275.910833620861
ADA,2024-11-02,0.357573807656842,0.363864936217484,0.345443199464899,0.348143674865802,171312860.352523,481548263.532753,171.312860352523
ADA,2024-11-03,0.348143674865802,0.348157902091067,0.32783527555984,0.334071784926345,196863916.01399,585135688.261881,196.86391601399
ADA,2024-11-04,0.334071784926345,0.336753850594878,0.320670127630083,0.326366449031584,190685562.922478,579122380.339244,190.685562922478
ADA,2024-11-05,0.326366449031584,0.338181341986583,0.326191829767756,0.333667973349966,174357340.2456,524064308.882648,174.35734024559997
ADA,2024-11-06,0.333667973349966,0.365507032409952,0.333667973349966,0.363059730556444,464666078.423721,1303648330.62844,464.666078423721
ADA,2024-11-07,0.363059730556444,0.406717491589959,0.3614103284362,0.406696308390175,479709335.894815,1252506179.67037,479.709335894815
ADA,2024-11-08,0.406696308390175,0.458484901744003,0.404329197755743,0.444606956950884,1159610894.26115,2669323132.10444,1159.61089426115
ADA,2024-11-09,0.444606956950884,0.497645500989336,0.427748902811609,0.496865045793227,546818148.267308,1218327117.0341,546.818148267308
ADA,2024-11-10,0.496865045793227,0.658301289865146,0.488842422679731,0.589700459540286,4001072910.54198,6848114289.03588,4001.0729105419796
ADA,2024-11-11,0.589700459540286,0.624419311614294,0.56524067568732,0.613216979359179,2183891572.35804,3665267542.78177,2183.89157235804
ADA,2024-11-12,0.613216979359179,0.65350052237146,0.556619878631425,0.571852736714112,2071076761.96168,3492998165.68757,2071.07676196168
ADA,2024-11-13,0.571852736714112,0.609745891289241,0.520592149970035,0.579228047674633,1559734542.14463,2763992437.46146,1559.73454214463
ADA,2024-11-14,0.579228047674633,0.599973152197561,0.543035558310131,0.579465840634692,995070661.129006,1745199975.07734,995.070661129006
ADA,2024-11-15,0.579465840634692,0.707464589090047,0.576363319838734,0.707326570862528,2748472952.33602,4268985501.56212,2748.47295233602
ADA,2024-11-16,0.707326570862528,0.818653520907905,0.704128557860286,0.741829384271543,3863309673.71315,5140815832.138,3863.30967371315
ADA,2024-11-17,0.741829384271543,0.773754354990635,0.692968205693263,0.703196848166697,1361083134.21943,1880391554.20225,1361.08313421943
ADA,2024-11-18,0.703196848166697,0.78099918082469,0.701804636106825,0.733786789553009,1466797775.80671,1961430998.01173,1466.79777580671
ADA,2024-11-19,0.733786789553009,0.765554206617533,0.722158542290293,0.739850835789881,986706318.254441,1329729086.16265,986.706318254441
ADA,2024-11-20,0.739850835789881,0.848709233542454,0.739771790374116,0.801426884603877,2571605962.38535,3183315256.12555,2571.6059623853503
ADA,2024-11-21,0.801426884603877,0.823614110036521,0.769525436299954,0.821969028411943,1671851870.78354,2109666809.53995,1671.85187078354
ADA,2024-11-22,0.821969028411943,1.04143895385497,0.813906810179384,1.01651336893471,4134588355.09769,4492834193.37159,4134.5883550976905
ADA,2024-11-23,1.01651336893471,1.14746875421503,1.01555028577857,1.06631712029309,4321767507.3902,3980400375.64085,4321.7675073902
ADA,2024-11-24,1.06631712029309,1.0975562966491,0.944872969445482,1.02201604058678,2290469835.36403,2252588209.65554,2290.4698353640297
ADA,2024-11-25,1.02201604058678,1.07522877318307,0.93029828505485,0.943302505564234,2129463493.23051,2103788850.34459,2129.46349323051
ADA,2024-11-26,0.943302505564234,0.989266427389653,0.875420398426324,0.960651829327778,1828908644.77307,1962313548.15463,1828.9086447730701
ADA,2024-11-27,0.960651829327778,1.04052319547296,0.932613898485282,1.01261611373995,1818019085.55499,1827102054.07912,1818.01908555499
ADA,2024-11-28,1.01261611373995,1.04851156992227,0.971564713426431,1.03192714181345,1180828431.09156,1174959819.7462,1180.8284310915599
ADA,2024-11-29,1.03192714181345,1.09849171672169,1.02813064162569,1.07511608732565,1739808287.17637,1642714183.44888,1739.80828717637
ADA,2024-11-30,1.07511608732565,1.14852009375075,1.05105872445895,1.07940230262245,1858101967.29294,1699534637.12526,1858.10196729294
ADA,2024-12-01,1.07940230262245,1.16164003561555,1.03880241626955,1.14892183834301,1661325670.45378,1517149670.0748,1661.32567045378
ADA,2024-12-02,1.14892183834301,1.23934381281595,1.05812325010863,1.20187059469651,4311451710.81449,3720119024.72107,4311.45171081449
ADA,2024-12-03,1.20187059469651,1.32434231957309,1.15045897059947,1.19097948182295,4420884452.59465,3555623956.8576,4420.884452594651
ADA,2024-12-04,1.19097948182295,1.23981380279988,1.14287955782192,1.18790784945781,2223822452.85298,1855152232.99285,2223.82245285298
ADA,2024-12-05,1.18790784945781,1.24244036522892,1.11934581225585,1.16124104656608,2519179399.08048,2110180175.3034,2519.17939908048
ADA,2024-12-06,1.16124104656608,1.23606460504927,1.13561805625095,1.22785926783436,2000182716.33957,1678091402.11204,2000.18271633957
ADA,2024-12-07,1.22785926783436,1.23564566442199,1.18816061522687,1.21151883081133,1076467972.89028,889479576.771702,1076.46797289028
ADA,2024-12-08,1.21151883081133,1.2243274813251,1.17408039538159,1.19301048105902,1256450441.20155,1050256678.93334,1256.4504412015501
ADA,2024-12-09,1.19301048105902,1.1930467361783,0.929177147771729,1.00615793472129,2653253452.5402,2478340051.38416,2653.2534525402
ADA,2024-12-10,1.00615793472129,1.03774599038104,0.91176027348598,1.02224978304299,2688999433.9002,2723222866.34397,2688.9994339002
ADA,2024-12-11,1.02224978304299,1.11386317683967,0.97321298521707,1.08695812096692,1663643049.38462,1581718487.45251,1663.6430493846199
ADA,2024-12-12,1.08695812096692,1.18064809826926,1.07391757597707,1.12335064376834,1759766744.31881,1546793203.43385,1759.76674431881
ADA,2024-12-13,1.12335064376834,1.12977539122609,1.07908365358905,1.12059937350777,1042595375.95787,944722856.341329,1042.59537595787
ADA,2024-12-14,1.12059937350777,1.13184336839283,1.04410862849621,1.06079944987447,838809002.410514,770558035.859758,838.809002410514
ADA,2024-12-15,1.06079944987447,1.11087889452013,1.03976939284286,1.09843261396171,736430199.376467,683112768.36255,736.430199376467
ADA,2024-12-16,1.09843261396171,1.11946323705351,1.04903970967823,1.07801585317094,1201141738.64048,1103509301.73807,1201.14173864048
ADA,2024-12-17,1.07801585317094,1.11118158840447,1.04398902949551,1.0526457832522,1262796494.15417,1170213926.95291,1262.79649415417
ADA,2024-12-18,1.0526457832522,1.06058300073861,0.965356174928603,0.968793603350235,1560976495.81832,1535364344.97996,1560.97649581832
ADA,2024-12-19,0.968793603350235,0.989538843211417,0.849011389217873,0.882089872836334,1875156385.21987,2021479267.39228,1875.1563852198701
ADA,2024-12-20,0.882089872836334,0.959786794141137,0.762144522728409,0.951646362068976,2157881845.25798,2520914205.16556,2157.88184525798
ADA,2024-12-21,0.951646362068976,0.998762295960754,0.887264961596927,0.904381972248318,1227238871.11971,1308213015.49051,1227.23887111971
ADA,2024-12-22,0.904381972248318,0.923657134842119,0.858726179524102,0.882764530752509,864685446.702309,969407642.463365,864.685446702309
ADA,2024-12-23,0.882764530752509,0.942361287448065,0.862295340859614,0.926902886790398,982971849.261164,1097114443.91861,982.9718492611639
ADA,2024-12-24,0.926902886790398,0.950728523252748,0.89229334759427,0.93640490586562,766039918.225109,830368658.064643,766.039918225109
ADA,2024-12-25,0.93640490586562,0.940568756132547,0.901883552239105,0.918139714719739,471118026.150477,511685160.61089,471.11802615047696
ADA,2024-12-26,0.918139714719739,0.928293747147198,0.851927436159109,0.861111934889067,590149633.115234,672599481.679422,590.149633115234
ADA,2024-12-27,0.861111934889067,0.913584947428155,0.855261445127019,0.876641556286213,653355864.784499,740449025.872137,653.3558647844991
ADA,2024-12-28,0.876641556286213,0.89777243289324,0.866107451936248,0.8881140945568,375687353.71571,427605992.947503,375.68735371571
ADA,2024-12-29,0.8881140945568,0.910743115385094,0.850826659977382,0.858314385959944,448462853.363182,509157313.429641,448.46285336318203
ADA,2024-12-30,0.858314385959944,0.902425697278997,0.829535432214584,0.860674370113188,727448270.938018,844057982.334209,727.4482709380179
ADA,2024-12-31,0.860674370113188,0.877327435830371,0.839675660372217,0.844300015583587,499849848.23637,583388376.973205,499.84984823637
ADA,2025-01-01,0.844300015583587,0.933193974734385,0.837696500176024,0.920838260299409,687755354.737457,774585272.059117,687.7553547374571
ADA,2025-01-02,0.920838260299409,0.981330434477011,0.920838260299409,0.961168893591017,870909187.290539,913495460.403262,870.9091872905391
ADA,2025-01-03,0.961168893591017,1.11831880185813,0.957231660176963,1.08917535618593,1952877484.10838,1839023782.52452,1952.87748410838
ADA,2025-01-04,1.08917535618593,1.11244656599367,1.05706903492573,1.07044830172722,890162132.386933,825206369.723933,890.162132386933
ADA,2025-01-05,1.07044830172722,1.11052856904609,1.05278190307305,1.09101041505195,864887548.721328,797226512.629816,864.887548721328
ADA,2025-01-06,1.09101041505195,1.11536225118258,1.0648070522931,1.09424094450862,987658654.144369,905474157.604048,987.658654144369
ADA,2025-01-07,1.09424094450862,1.15198639710032,0.990701232560132,0.991135301362026,1804597467.61761,1680737067.36574,1804.59746761761
ADA,2025-01-08,0.991135301362026,1.02526597953929,0.911765160413579,0.948571900762961,1570374405.02539,1626612907.1813,1570.37440502539
ADA,2025-01-09,0.948571900762961,0.960530324607755,0.882419978933528,0.906392334431408,1043178418.47189,1137307316.44514,1043.17841847189
ADA,2025-01-10,0.906392334431408,0.974843055719891,0.906212734153399,0.931442929729168,961173948.567093,1024816622.43317,961.173948567093
ADA,2025-01-11,0.931442929729168,1.01663810895014,0.914904093409348,0.994944146288679,658164962.772623,685773650.72429,658.164962772623
ADA,2025-01-12,0.994944146288679,1.03604599321591,0.963233883654207,0.968306581602657,795176549.28162,794768145.872651,795.17654928162
ADA,2025-01-13,0.968306581602657,0.993031034772459,0.885034587868449,0.945523391906915,1202849099.86922,1297885630.00619,1202.84909986922
ADA,2025-01-14,0.945523391906915,1.01049303355452,0.939898200674409,0.998011202258401,870072735.704151,892019122.317941,870.072735704151
ADA,2025-01-15,0.998011202258401,1.08917029110629,0.989663033755416,1.07629780110515,1742629926.21641,1672459881.46082,1742.62992621641
ADA,2025-01-16,1.07629780110515,1.14489740336148,1.0286289118095,1.08957652333421,1775420698.59883,1632600325.96223,1775.42069859883
ADA,2025-01-17,1.08957652333421,1.16652770635023,1.08714889324949,1.13367340300607,1413840927.7788,1255753328.12192,1413.8409277788
ADA,2025-01-18,1.13367340300607,1.14665992029739,1.05168781468052,1.10324958582467,1242603608.36319,1149549413.33955,1242.60360836319
ADA,2025-01-19,1.10324958582467,1.15033386042978,0.967849381935605,0.994528122913803,2287451853.54758,2171337678.51479,2287.45185354758
ADA,2025-01-20,0.994528122913803,1.10078970621608,0.961743105180744,1.0098750518513,2169646891.44211,2098257882.84925,2169.6468914421102
ADA,2025-01-21,1.0098750518513,1.03000133538935,0.952337515889043,1.00772263008335,1303580449.26821,1314118351.39111,1303.58044926821
ADA,2025-01-22,1.00772263008335,1.0209368791139,0.978459530117595,0.984107112007275,733333173.865399,734059575.968297,733.333173865399
ADA,2025-01-23,0.984107112007275,1.01288803581621,0.954151635643408,0.988604545619731,880636413.838746,899101810.322349,880.636413838746
ADA,2025-01-24,0.988604545619731,1.01101359231232,0.966182509210468,0.974144775338053,674978132.04968,679673172.512766,674.97813204968
ADA,2025-01-25,0.974144775338053,0.993491878763674,0.964815296083421,0.978492196077361,355031477.54918,362106022.697034,355.03147754917995
ADA,2025-01-26,0.978492196077361,1.00200819912075,0.952589772099109,0.95318491569245,394095216.132849,400004465.34135,394.095216132849
ADA,2025-01-27,0.95318491569245,0.957921144122267,0.860501766837512,0.934525892813007,1003505867.65932,1107448199.12172,1003.50586765932
ADA,2025-01-28,0.934525892813007,0.969940075260684,0.903290161721503,0.916376067218356,557863684.797388,589565461.956035,557.8636847973879
ADA,2025-01-29,0.916376067218356,0.959808697119439,0.902543592977747,0.939969318100034,580248429.381014,621753683.52787,580.248429381014
ADA,2025-01-30,0.939969318100034,0.989993613268502,0.936955506031098,0.962105611502233,435692602.970741,450552150.834985,435.69260297074095
ADA,2025-01-31,0.962105611502233,0.985220306171805,0.935131234530637,0.945091609626938,506297411.656371,527291194.735652,506.297411656371
ADA,2025-02-01,0.945091609626938,0.959597732529228,0.888482747015565,0.895000208513723,401626806.318117,433614295.007551,401.626806318117
ADA,2025-02-02,0.895000208513723,0.911206602777447,0.757223209866833,0.803966143905699,1159530788.34783,1398012808.63799,1159.5307883478301
ADA,2025-02-03,0.803966143905699,0.824637022924548,0.522791603966867,0.812790847942878,3116706298.90804,4449467206.37211,3116.70629890804
ADA,2025-02-04,0.812790847942878,0.820251987871764,0.716089371418866,0.744396838556267,1145658728.26223,1512332598.437,1145.65872826223
ADA,2025-02-05,0.744396838556267,0.776096603575081,0.725718183734738,0.732456220904012,578125219.825694,770077602.132611,578.125219825694
ADA,2025-02-06,0.732456220904012,0.765648805005746,0.698985487307784,0.705431588547659,595421709.375156,816167514.20595,595.4217093751561
ADA,2025-02-07,0.705431588547659,0.752953375354356,0.69073538920772,0.707568085279187,664896029.397569,911220805.625339,664.8960293975689
ADA,2025-02-08,0.707568085279187,0.716543455525483,0.681847034547834,0.700807302583659,375333777.531469,538623920.002143,375.33377753146897
ADA,2025-02-09,0.700807302583659,0.715275970881312,0.651046856858271,0.683766974651414,478273877.29606,695610218.946047,478.27387729606005
ADA,2025-02-10,0.683766974651414,0.724793554226113,0.664345634837563,0.713424072904242,534038215.683916,764071536.277512,534.038215683916
ADA,2025-02-11,0.713424072904242,0.822161952066165,0.711901818246949,0.780471606941028,1425704718.52289,1819119196.94481,1425.70471852289
ADA,2025-02-12,0.780471606941028,0.808933265821711,0.750232611745368,0.80157230461981,918003820.19889,1181074496.16675,918.00382019889
ADA,2025-02-13,0.80157230461981,0.83209986889,0.771905013153702,0.81273335282742,612556103.036934,771616648.226779,612.556103036934
ADA,2025-02-14,0.81273335282742,0.830862503081174,0.79310973518941,0.802170939204927,584499173.947807,720689236.603246,584.499173947807
ADA,2025-02-15,0.802170939204927,0.815862706222231,0.777424004380345,0.783065453842059,353890837.133168,444740292.413983,353.89083713316796
ADA,2025-02-16,0.783065453842059,0.789440250757738,0.76365419641584,0.773032334397589,316663808.135748,407120986.838392,316.663808135748
ADA,2025-02-17,0.773032334397589,0.831069122690837,0.772636316315206,0.811261844375664,793216325.690076,984285226.114538,793.216325690076
ADA,2025-02-18,0.811261844375664,0.81592415028167,0.736740104383674,0.755305518791609,683252886.126223,884880257.263916,683.252886126223
ADA,2025-02-19,0.755305518791609,0.777221326076121,0.736064061563452,0.775155923908953,517265213.428121,680245276.379032,517.265213428121
ADA,2025-02-20,0.775155923908953,0.811884757851376,0.771989738689451,0.804695977216486,504017043.614383,636829443.87169,504.017043614383
ADA,2025-02-21,0.804695977216486,0.819056241444367,0.750951937724565,0.762065896097467,727884929.584658,923204596.372375,727.884929584658
ADA,2025-02-22,0.762065896097467,0.784653875485545,0.757879657928412,0.774222279806413,374454943.707203,485444432.036824,374.454943707203
ADA,2025-02-23,0.774222279806413,0.788517771243774,0.760548759802852,0.770276601396442,332025191.439513,430097325.54852,332.02519143951304
ADA,2025-02-24,0.770276601396442,0.777653866483959,0.674729930982264,0.68215295485326,732551603.329227,1015039413.37106,732.551603329227
ADA,2025-02-25,0.68215295485326,0.695308920535962,0.631536579663981,0.683916746003462,972478997.414444,1463222110.16242,972.4789974144439
ADA,2025-02-26,0.683916746003462,0.695314548492115,0.633045313836371,0.647387603089899,643246708.333302,963986330.181995,643.246708333302
ADA,2025-02-27,0.647387603089899,0.679869340436133,0.626933124788215,0.645514600103267,484792539.23529,737861950.465303,484.79253923529
ADA,2025-02-28,0.645514600103267,0.646566721882847,0.581328926764057,0.633386831754,808701983.61071,1321213940.24079,808.70198361071
ADA,2025-03-01,0.633386831754,0.677084827131765,0.626279008946132,0.659408000676815,407248008.600198,631020701.700759,407.248008600198
ADA,2025-03-02,0.659408000676815,1.14880341377953,0.646332330105973,1.14237027338324,5865664236.75418,6043160018.63575,5865.66423675418
ADA,2025-03-03,1.14237027338324,1.16885710992985,0.83226384116458,0.860983036572613,5764544583.12438,5863402083.73028,5764.544583124381
ADA,2025-03-04,0.860983036572613,0.958239250855898,0.76254925003281,0.944002993718905,4103713439.46649,4802369196.77214,4103.71343946649
ADA,2025-03-05,0.944002993718905,1.03092338010934,0.918794731694451,0.978953452122888,3086298121.15468,3183956056.58515,3086.29812115468
ADA,2025-03-06,0.978953452122888,0.992400367879881,0.890538055287762,0.909478581727325,2054978755.35886,2188630150.96497,2054.97875535886
ADA,2025-03-07,0.909478581727325,0.923016564652698,0.811310133255472,0.820604187954065,2813233248.76143,3285923241.05713,2813.23324876143
ADA,2025-03-08,0.820604187954065,0.840835758692048,0.79714046502217,0.807967741386817,906286608.801764,1107352878.02039,906.286608801764
ADA,2025-03-09,0.807967741386817,0.819991632124915,0.71210278062653,0.723657622342876,1220282240.51591,1594813775.44537,1220.28224051591
ADA,2025-03-10,0.723657622342876,0.778439570600825,0.661539305278766,0.672593037297984,1513144754.00163,2109293852.24491,1513.14475400163
ADA,2025-03-11,0.672593037297984,0.74538897885168,0.652410877632927,0.725420648957766,1453131336.44669,2038135569.58051,1453.13133644669
ADA,2025-03-12,0.725420648957766,0.765798680505472,0.713059970658133,0.737536955656003,1070354683.63746,1453442881.42043,1070.35468363746
ADA,2025-03-13,0.737536955656003,0.740856160567049,0.692856233029354,0.703970462952701,952424741.399534,1327603541.97364,952.424741399534
ADA,2025-03-14,0.703970462952701,0.751119331444755,0.697923752462752,0.738203911414763,784604446.899289,1080964593.19058,784.604446899289
ADA,2025-03-15,0.738203911414763,0.759968365819979,0.73234935895949,0.74774908577093,536621775.929467,718503164.791853,536.621775929467
ADA,2025-03-16,0.74774908577093,0.74821381282772,0.697439917500378,0.705929250017012,603711289.746949,843228038.751836,603.711289746949
ADA,2025-03-17,0.705929250017012,0.730328581451783,0.703875864352342,0.718203357749847,534702884.737229,742487696.913453,534.7028847372289
ADA,2025-03-18,0.718203357749847,0.718954000203669,0.683330957115466,0.7023748365816,516758736.323011,739048222.611576,516.758736323011
ADA,2025-03-19,0.7023748365816,0.747023726575142,0.701126246330041,0.744180720186461,846080205.059734,1162824657.39098,846.080205059734
ADA,2025-03-20,0.744180720186461,0.75474804448055,0.712836784513007,0.717908351178147,738998356.680472,1011943220.52065,738.998356680472
ADA,2025-03-21,0.717908351178147,0.727301558040286,0.701034525959216,0.705279610096516,531228394.858888,745963788.887004,531.228394858888
ADA,2025-03-22,0.705279610096516,0.716118330823512,0.698131733056674,0.701945413329077,346603689.110222,490097251.619912,346.603689110222
ADA,2025-03-23,0.701945413329077,0.715746852571675,0.69239014295978,0.710653969927508,435900165.683567,616617290.943155,435.90016568356697
ADA,2025-03-24,0.710653969927508,0.745271698806538,0.706398667220365,0.732229045836487,702033803.770823,963237762.516879,702.033803770823
ADA,2025-03-25,0.732229045836487,0.766372674403143,0.721442488105266,0.745291215696266,891641803.115122,1192337296.34216,891.641803115122
ADA,2025-03-26,0.745291215696266,0.773660556206882,0.720894550168564,0.729261541624529,733176045.974866,978844418.736096,733.176045974866
ADA,2025-03-27,0.729261541624529,0.744347322888445,0.722326107784491,0.738160451986603,445393558.566607,605028673.815378,445.393558566607
ADA,2025-03-28,0.738160451986603,0.746073045207252,0.690420821100522,0.70651173770345,588164978.722571,830327443.07227,588.164978722571
ADA,2025-03-29,0.70651173770345,0.712406948633063,0.660315979034739,0.673891597379421,480401292.243201,707405106.234709,480.401292243201
ADA,2025-03-30,0.673891597379421,0.687520971335637,0.651854685323576,0.661412942175827,332087730.990376,493925906.726811,332.087730990376
ADA,2025-03-31,0.661412942175827,0.665346933095649,0.630516566156139,0.662238860248748,565849433.347484,867971140.294565,565.849433347484
ADA,2025-04-01,0.662238860248748,0.693650978582903,0.65844412267611,0.677512595215704,511271075.098028,755257451.799765,511.271075098028
ADA,2025-04-02,0.677512595215704,0.705318923784144,0.636207225593762,0.640562322808597,696880768.177934,1029647804.27621,696.8807681779341
ADA,2025-04-03,0.640562322808597,0.657467868027784,0.614348648209797,0.651103645574058,557264620.049371,871992930.608187,557.264620049371
ADA,2025-04-04,0.651103645574058,0.670912348960408,0.628690229367779,0.660321986470475,602980249.063048,923928224.56026,602.980249063048
ADA,2025-04-05,0.660321986470475,0.667181100669689,0.645556466460811,0.654942123764475,235449677.460877,359316311.505325,235.449677460877
ADA,2025-04-06,0.654942123764475,0.655206382589826,0.560237184288151,0.573373784396527,597136868.341333,988840899.992564,597.1368683413331
ADA,2025-04-07,0.573373784396527,0.601059485051565,0.512991984532309,0.586427029504424,1334248361.23584,2383683799.64163,1334.24836123584
ADA,2025-04-08,0.586427029504424,0.618972432801777,0.553351655865946,0.558186822717606,856787874.0189,1459138430.6998,856.7878740189001
ADA,2025-04-09,0.558186822717606,0.646146035896436,0.537541634673923,0.631784625085623,1088949004.90978,1846931729.83517,1088.9490049097801
ADA,2025-04-10,0.631784625085623,0.633628559581917,0.586798262300396,0.609696390217553,694366445.664006,1133576898.12595,694.366445664006
ADA,2025-04-11,0.609696390217553,0.643750217216668,0.60671008452523,0.624350590070997,638064503.15947,1018918275.45407,638.06450315947
ADA,2025-04-12,0.624350590070997,0.667159457678903,0.617852677799111,0.660005209049082,505317214.278904,780901870.759915,505.31721427890403
ADA,2025-04-13,0.660005209049082,0.667813918531801,0.630844622539554,0.637875377446599,461403770.041474,711661953.014638,461.403770041474
ADA,2025-04-14,0.637875377446599,0.657226310315945,0.629004011727098,0.635887074747086,515492562.016993,801759776.23345,515.492562016993
ADA,2025-04-15,0.635887074747086,0.648471598566291,0.607958255926677,0.609907746731022,554939765.220019,879347747.579614,554.939765220019
ADA,2025-04-16,0.609907746731022,0.624463248667148,0.59688267443345,0.611403293660448,480134765.119643,787427516.795647,480.13476511964296
ADA,2025-04-17,0.611403293660448,0.629859103862977,0.609878339754135,0.616993727570572,326044196.831142,526191479.413589,326.044196831142
ADA,2025-04-18,0.616993727570572,0.631493821824583,0.611015843291546,0.627366610151635,264857817.930365,427228396.495096,264.857817930365
ADA,2025-04-19,0.627366610151635,0.634667933316702,0.619185003465821,0.627856789434166,217325988.059263,345940157.087449,217.32598805926298
ADA,2025-04-20,0.627856789434166,0.634315703037011,0.609785160435168,0.619950200314674,236389660.894671,380462553.854149,236.38966089467098
ADA,2025-04-21,0.619950200314674,0.650435959517925,0.616910333072112,0.624656582700325,487848554.016781,767756607.080791,487.84855401678095
ADA,2025-04-22,0.624656582700325,0.684492877353003,0.616841300172353,0.679487568797102,633033736.921178,973357490.5295,633.0337369211779
ADA,2025-04-23,0.679487568797102,0.716650472037162,0.678064863649726,0.698056730109784,724060045.867607,1036671383.54148,724.060045867607
ADA,2025-04-24,0.698056730109784,0.744216710999055,0.670670091414966,0.722241913333613,785696077.854858,1106261701.68107,785.696077854858
ADA,2025-04-25,0.722241913333613,0.731017578383956,0.702650836235533,0.714254800246788,726689865.441601,1012572912.22008,726.689865441601
ADA,2025-04-26,0.714254800246788,0.733935896763954,0.700891682994674,0.707301245073034,487589393.81814,681050800.992379,487.58939381813997
ADA,2025-04-27,0.707301245073034,0.717832469654566,0.691580344617754,0.703549976035828,403681612.778496,574668667.741379,403.681612778496
ADA,2025-04-28,0.703549976035828,0.728939892977522,0.683157066291551,0.705776644786438,683475432.959232,969976671.897529,683.475432959232
ADA,2025-04-29,0.705776644786438,0.718115787365874,0.689735809264588,0.69640815260043,649653455.1212,917411198.990477,649.6534551212
ADA,2025-04-30,0.69640815260043,0.703698450680201,0.666227096153159,0.682217435416738,494971232.750548,721331952.144359,494.971232750548
ADA,2025-05-01,0.682217435416738,0.714667382544216,0.682214318667329,0.705440508837777,450483227.252818,642094453.632657,450.483227252818
ADA,2025-05-02,0.705440508837777,0.725576872509945,0.690172640140976,0.699154546393941,520150271.825301,735447855.444413,520.150271825301
ADA,2025-05-03,0.699154546393941,0.730336209249219,0.692812076837209,0.700122752311907,595578255.572891,837157234.747673,595.578255572891
ADA,2025-05-04,0.700122752311907,0.714501804081854,0.674427492024688,0.678404764358751,508607160.507885,734340714.890917,508.607160507885
ADA,2025-05-05,0.678404764358751,0.693632749341855,0.656387350852695,0.66428845333448,516281076.022329,768699334.580236,516.281076022329
ADA,2025-05-06,0.66428845333448,0.681669080210362,0.644219104812883,0.679768010415427,423439518.257504,641407170.259997,423.439518257504
ADA,2025-05-07,0.679768010415427,0.689591112582414,0.656310951374923,0.672139087635852,442657870.22894,656921478.116279,442.65787022894
ADA,2025-05-08,0.672139087635852,0.769437787529345,0.670788336149149,0.769320469674367,1017896113.24594,1403796280.89542,1017.89611324594
ADA,2025-05-09,0.769320469674367,0.816570930732926,0.754672921296705,0.777573432412663,1140396463.52018,1458707693.8129,1140.39646352018
ADA,2025-05-10,0.777573432412663,0.842921808126271,0.771248902791224,0.840704655617612,1097681642.61901,1362798570.5065,1097.68164261901
ADA,2025-05-11,0.840704655617612,0.845051845024011,0.782251104313861,0.805326813398665,731417721.388418,908491950.21418,731.4177213884179
ADA,2025-05-12,0.805326813398665,0.862980827186203,0.784210019046262,0.817250227183115,1572356475.28276,1908819971.00824,1572.35647528276
ADA,2025-05-13,0.817250227183115,0.841186556636101,0.772492325087987,0.829660930406387,1003795127.65491,1244314797.11687,1003.79512765491
ADA,2025-05-14,0.829660930406387,0.832595152196877,0.789762142516032,0.798940128476562,875496390.644909,1076237608.16001,875.4963906449091
ADA,2025-05-15,0.798940128476562,0.810465351763714,0.745658788435292,0.762803576371682,971565837.227545,1256416722.86411,971.565837227545
ADA,2025-05-16,0.762803576371682,0.786361451847451,0.751694407654785,0.759480942293913,549307651.452802,709538774.702196,549.3076514528019
ADA,2025-05-17,0.759480942293913,0.781672054308745,0.728179771926113,0.742987997911385,713225798.993465,947428493.093205,713.225798993465
ADA,2025-05-18,0.742987997911385,0.776390156525423,0.72060059934248,0.760500911929941,622530986.286632,829352746.355456,622.5309862866319
ADA,2025-05-19,0.760500911929941,0.76477387007011,0.711683102546915,0.743019534796358,615372790.347771,840443277.547175,615.372790347771
ADA,2025-05-20,0.743019534796358,0.753800186227533,0.723626580259515,0.746393623419101,510408320.316252,691638472.512347,510.408320316252
ADA,2025-05-21,0.746393623419101,0.783854430288619,0.737670914348047,0.769640405898899,806461605.775257,1062628988.21276,806.461605775257
ADA,2025-05-22,0.769640405898899,0.810611903538421,0.769504447727879,0.809253945043359,781474219.318703,981797476.343977,781.474219318703
ADA,2025-05-23,0.809253945043359,0.841309732566391,0.744478410191707,0.748239760699715,1087335057.30809,1368568804.18857,1087.33505730809
ADA,2025-05-24,0.748239760699715,0.767382065962386,0.740728292080569,0.746155213442565,409649479.851974,541928648.396678,409.64947985197404
ADA,2025-05-25,0.746155213442565,0.760319156065838,0.727693095081526,0.759856014891857,414980007.58211,559314991.433258,414.98000758211
ADA,2025-05-26,0.759856014891857,0.777480933773366,0.752019873045728,0.760964618456853,439056636.294271,574723040.70821,439.056636294271
ADA,2025-05-27,0.760964618456853,0.775599736965178,0.744605223215028,0.758772512185484,494488074.632237,647265141.013602,494.48807463223704
ADA,2025-05-28,0.758772512185484,0.761304117860283,0.733171177879851,0.748166275221255,410816942.704563,547792063.259064,410.816942704563
ADA,2025-05-29,0.748166275221255,0.765266293842898,0.72120889474957,0.722803100680704,529492920.225149,711527803.460156,529.492920225149
ADA,2025-05-30,0.722803100680704,0.728183825443447,0.684607316500955,0.689713179067467,715634020.764517,1016751692.34403,715.634020764517
ADA,2025-05-31,0.689713179067467,0.695044387702986,0.6576945237104,0.685954236104611,575144812.727929,852319286.92718,575.144812727929
ADA,2025-06-01,0.685954236104611,0.688052947916498,0.655260780360218,0.68567137498394,386433260.980073,574357186.184758,386.433260980073
ADA,2025-06-02,0.68567137498394,0.692540324890557,0.664636494792569,0.690339555921138,373268802.891091,550826005.368134,373.268802891091
ADA,2025-06-03,0.690339555921138,0.707646690935062,0.675695235554838,0.684446547589805,390056384.419778,563548134.154283,390.056384419778
ADA,2025-06-04,0.684446547589805,0.702794527382287,0.663257061813687,0.666262812046619,371004923.253326,540800324.453003,371.004923253326
ADA,2025-06-05,0.666262812046619,0.690359776569394,0.62057265729537,0.627225393713607,623264571.732347,952062983.350249,623.264571732347
ADA,2025-06-06,0.627225393713607,0.67298308909934,0.62311501677206,0.656649061539607,445430676.371166,684161200.068245,445.430676371166
ADA,2025-06-07,0.656649061539607,0.671291489554647,0.650875162423947,0.664699815464449,260473568.259945,391846386.633269,260.473568259945
ADA,2025-06-08,0.664699815464449,0.679168113220848,0.652642541152626,0.671014597052566,312925235.922188,469247021.881327,312.925235922188
ADA,2025-06-09,0.671014597052566,0.708125585951853,0.657507428842993,0.705327639777353,417046225.302941,614044918.643354,417.046225302941
ADA,2025-06-10,0.705327639777353,0.720096998738819,0.686882327700057,0.716529301189009,590323407.436782,838238481.051558,590.323407436782
ADA,2025-06-11,0.716529301189009,0.731045113021472,0.691591806046891,0.698429924380278,521270562.944222,728325970.176127,521.270562944222
ADA,2025-06-12,0.698429924380278,0.700326945370077,0.658266669279446,0.663195190078003,479542625.037687,704814183.588316,479.542625037687
ADA,2025-06-13,0.663195190078003,0.663195198142033,0.622269897059724,0.642814356216644,700584586.863209,1104765513.07386,700.584586863209
ADA,2025-06-14,0.642814356216644,0.642984045350255,0.614779336290308,0.624943856518133,283125318.779454,448897890.169057,283.125318779454
ADA,2025-06-15,0.624943856518133,0.635883955380999,0.621262453164444,0.633499235007454,218118543.924612,346800592.239605,218.118543924612
ADA,2025-06-16,0.633499235007454,0.65790552474065,0.625446883898,0.630163234905379,462001418.431556,715291560.75569,462.001418431556
ADA,2025-06-17,0.630163234905379,0.642689490101648,0.600706775744825,0.609398595232992,475857840.390324,766093015.630172,475.857840390324
ADA,2025-06-18,0.609398595232992,0.621911427004901,0.58927405102361,0.604516119449292,482672102.592928,800266539.91418,482.672102592928
ADA,2025-06-19,0.604516119449292,0.611881275071198,0.590494310117729,0.602386078229196,320842720.891191,534149113.935093,320.842720891191
ADA,2025-06-20,0.602386078229196,0.607063709313556,0.562605139236812,0.577924219275572,515183105.888524,879084221.328263,515.183105888524
ADA,2025-06-21,0.577924219275572,0.588473303092414,0.545206597270549,0.556453997952587,459318296.990792,804892291.510597,459.31829699079196
ADA,2025-06-22,0.556453997952587,0.56400208022777,0.511575845846555,0.542825170607147,738948510.201718,1374912714.00247,738.948510201718
ADA,2025-06-23,0.542825170607147,0.586634307852413,0.52985055268075,0.583206261950367,705344781.348851,1271837404.51161,705.3447813488509
ADA,2025-06-24,0.583206261950367,0.594204956296709,0.577317136803025,0.58802951807773,546973643.463179,935325466.36661,546.973643463179
ADA,2025-06-25,0.58802951807773,0.590922682512782,0.564067130346611,0.567621584929435,423438447.272867,733708903.69337,423.43844727286705
ADA,2025-06-26,0.567621584929435,0.581646371730878,0.550931517009235,0.554741775024829,403273112.893143,716060396.869326,403.273112893143
ADA,2025-06-27,0.554741775024829,0.562302765713797,0.545635064712346,0.558915924482566,332699337.02936,599598684.531457,332.69933702936
ADA,2025-06-28,0.558915924482566,0.568617994561191,0.55577777350611,0.565605050911278,255444773.192958,454553893.003855,255.444773192958
ADA,2025-06-29,0.565605050911278,0.585298280992466,0.555282545078633,0.577510534538767,384943799.449689,679993562.072831,384.943799449689
ADA,2025-06-30,0.577510534538767,0.590112376611322,0.557205188662578,0.572442392591417,502822970.246,880199619.908864,502.822970246
ADA,2025-07-01,0.572442392591417,0.576565439236285,0.537438071085971,0.542507762287491,488362008.340823,880460620.964576,488.36200834082297
ADA,2025-07-02,0.542507762287491,0.598881679410223,0.539699811531848,0.584039144498074,658296263.916129,1141121874.83881,658.296263916129
ADA,2025-07-03,0.584039144498074,0.610719369742883,0.582981500589469,0.599248759982044,513344727.520781,857612417.739861,513.344727520781
ADA,2025-07-04,0.599248759982044,0.603157636601288,0.563543538082405,0.57270997237898,388219886.065251,669859190.65394,388.219886065251
ADA,2025-07-05,0.57270997237898,0.583406039420729,0.56955979771287,0.575616419494919,198302605.487546,344549566.618116,198.302605487546
ADA,2025-07-06,0.575616419494919,0.592543423097222,0.570918518987979,0.58587333140668,239295576.559952,411133931.46077,239.295576559952
ADA,2025-07-07,0.58587333140668,0.593899568038097,0.574001559690815,0.580468960758699,394725038.825027,675641068.232276,394.725038825027
ADA,2025-07-08,0.580468960758699,0.591751231994157,0.572542780183568,0.588287284178421,348864387.16359,599107157.068863,348.86438716359004
ADA,2025-07-09,0.588287284178421,0.626849800309812,0.584018434849633,0.62253351714222,667821826.512082,1098273227.07346,667.821826512082
ADA,2025-07-10,0.62253351714222,0.679124711321503,0.617308059223595,0.67653621581652,761437868.303202,1184582436.97725,761.437868303202
ADA,2025-07-11,0.67653621581652,0.774991114648626,0.667506642683451,0.708368092814137,1985213659.91216,2745764851.00705,1985.21365991216
ADA,2025-07-12,0.708368092814137,0.735401141317132,0.688693641538829,0.708042168144681,899419337.605972,1259968188.4905,899.419337605972
ADA,2025-07-13,0.708042168144681,0.755055789739161,0.704728448914818,0.736091074341857,1012788841.29716,1377129887.20234,1012.78884129716
ADA,2025-07-14,0.736091074341857,0.766178476798873,0.721368661190387,0.734749558924537,1217813134.07058,1627506287.77965,1217.81313407058
ADA,2025-07-15,0.734749558924537,0.748440464937314,0.710310992961563,0.745943772193492,989912332.195158,1360296404.64406,989.912332195158
ADA,2025-07-16,0.745943772193492,0.783554213373108,0.732456708108494,0.763884680186369,1010848242.2708,1335900566.51895,1010.8482422708
ADA,2025-07-17,0.763884680186369,0.836602528766627,0.739972604385557,0.820230256122739,1810349091.98611,2271711053.23006,1810.34909198611
ADA,2025-07-18,0.820230256122739,0.893358930156596,0.796342856493906,0.81502118818753,2135628403.73384,2523709843.45845,2135.62840373384
ADA,2025-07-19,0.81502118818753,0.836528347154856,0.801983290235887,0.830145732934124,689139970.524422,836662409.495901,689.1399705244221
ADA,2025-07-20,0.830145732934124,0.878521801253071,0.82391257110868,0.857460535277459,1116329964.92013,1305721448.86448,1116.3299649201301
ADA,2025-07-21,0.857460535277459,0.929712305332041,0.841417748841796,0.888762590178521,1694612004.77296,1899879857.56822,1694.6120047729598
ADA,2025-07-22,0.888762590178521,0.907950358963488,0.853001596250812,0.902456751981601,1428718039.37972,1626158679.21002,1428.71803937972
ADA,2025-07-23,0.902456751981601,0.902670167259575,0.788067429210554,0.815712305635474,1411786833.65718,1691790297.029,1411.78683365718
ADA,2025-07-24,0.815712305635474,0.837209850859829,0.762851095619737,0.805491724142293,1458205789.71141,1807690463.97435,1458.20578971141
ADA,2025-07-25,0.805491724142293,0.817640768994772,0.776134626344152,0.815069787290915,967212963.293978,1211219399.61915,967.212963293978
ADA,2025-07-26,0.815069787290915,0.83767228913191,0.811524751675027,0.819202956120989,555114358.774929,672695343.203226,555.1143587749291
ADA,2025-07-27,0.819202956120989,0.838444004058056,0.814279516039236,0.831273705843216,636696283.352044,771064550.927308,636.696283352044
ADA,2025-07-28,0.831273705843216,0.854468518790548,0.786307372596815,0.792444537800922,897467244.00316,1094563839.94549,897.46724400316
ADA,2025-07-29,0.792444537800922,0.808968013564147,0.770046384262251,0.782566823689218,653451836.522058,828954933.880927,653.451836522058
ADA,2025-07-30,0.782566823689218,0.789254005917992,0.736075739361086,0.762946112908914,787614156.054805,1029036781.18198,787.614156054805
ADA,2025-07-31,0.762946112908914,0.788058888455403,0.736651549971471,0.739170593413963,645827826.663087,843204744.183625,645.827826663087
ADA,2025-08-01,0.739170593413963,0.739933940397864,0.698090259399035,0.714357339422121,991490655.061832,1369662331.69224,991.490655061832
ADA,2025-08-02,0.714357339422121,0.727512745226437,0.685741279458796,0.697704735197304,584825259.391526,828087089.067043,584.825259391526
ADA,2025-08-03,0.697704735197304,0.731297592517446,0.687698937696258,0.727668364523169,438981919.057238,611283915.637856,438.981919057238
ADA,2025-08-04,0.727668364523169,0.743751397592679,0.725951341612617,0.739712089723252,186438403.547675,253004306.489589,186.43840354767502
