symbol,date,open,high,low,close,usd_volume,crypto_volume,usd_volume_mil
ALGO,2020-02-13,0.389314082303315,0.403918008907184,0.344774735913512,0.349076690960985,25408836.6750479,67842818.1290165,25.4088366750479
ALGO,2020-02-14,0.349076690960985,0.38336118188687,0.343051838684261,0.367655736276733,19890457.3307929,54795144.6244525,19.8904573307929
ALGO,2020-02-15,0.367655736276733,0.38880144224693,0.329632998539529,0.334996251961648,22939603.9171768,63754159.0626343,22.9396039171768
ALGO,2020-02-16,0.334996251961648,0.349534588390466,0.29393746890053,0.345279455881635,21532723.5665498,65712051.8061892,21.5327235665498
ALGO,2020-02-17,0.345279455881635,0.345279455881635,0.29265849077346,0.330054629550904,22240832.7783638,70490717.2617584,22.240832778363803
ALGO,2020-02-18,0.330054629550904,0.354727812077142,0.30954982131625,0.349396684104263,16898066.7155591,51319334.9415078,16.8980667155591
ALGO,2020-02-19,0.349396684104263,0.393152099960757,0.337722241898936,0.3476782209006,28735587.857506,79601115.4798785,28.735587857506
ALGO,2020-02-20,0.3476782209006,0.449924212290517,0.337480128485738,0.435418158385691,60887521.0881402,154778193.794517,60.8875210881402
ALGO,2020-02-21,0.435418158385691,0.479793693696633,0.412019397688275,0.418525237349602,65697444.4548709,146510509.980095,65.6974444548709
ALGO,2020-02-22,0.418525237349602,0.467315332253248,0.412031980157013,0.450967106995453,45128256.1646264,102408203.987084,45.1282561646264
ALGO,2020-02-23,0.450967106995453,0.465730905138376,0.428439616520869,0.459417097224927,29667441.9249909,66838208.3584846,29.6674419249909
ALGO,2020-02-24,0.459417097224927,0.499942562206664,0.434005669257914,0.495225794994894,62092640.0427398,131008140.253006,62.0926400427398
ALGO,2020-02-25,0.495225794994894,0.495981104891445,0.378400563951014,0.393701219535679,51501260.4827798,119111175.36974,51.5012604827798
ALGO,2020-02-26,0.393701219535679,0.409865947780958,0.340735144196098,0.36641342403518,40918803.9179128,109291964.625245,40.918803917912804
ALGO,2020-02-27,0.36641342403518,0.393450952441463,0.341007412595872,0.375415807495436,31301949.9617961,84172968.3686551,31.3019499617961
ALGO,2020-02-28,0.375415807495436,0.384735795536717,0.336957903522555,0.350505757628098,27241945.8601847,76557366.3875852,27.2419458601847
ALGO,2020-02-29,0.350505757628098,0.370238487436037,0.32724740865007,0.32724740865007,21240427.7611448,60323104.2967192,21.240427761144797
ALGO,2020-03-01,0.32724740865007,0.348264387204069,0.310312057464507,0.321028599652063,19144733.0222058,58393836.1376333,19.1447330222058
ALGO,2020-03-02,0.321028599652063,0.390809232858371,0.312323076345666,0.375581751455965,29520886.9386441,82814191.6814683,29.5208869386441
ALGO,2020-03-03,0.375581751455965,0.387194892846127,0.35587894755522,0.369286967383115,29169747.9403631,79089648.3829762,29.169747940363102
ALGO,2020-03-04,0.369286967383115,0.411708483774813,0.366342579683412,0.392763265622361,40764931.9604863,104522186.955763,40.7649319604863
ALGO,2020-03-05,0.392763265622361,0.410647996164901,0.377690683478871,0.380164280666238,28755038.3271262,72574091.5555503,28.7550383271262
ALGO,2020-03-06,0.380164280666238,0.386763495121302,0.364666393689601,0.375674886244357,21021745.2435641,55996410.9778626,21.021745243564098
ALGO,2020-03-07,0.375674886244357,0.383815327476548,0.339803090654276,0.340001281755624,19789388.0266165,54614009.4082576,19.7893880266165
ALGO,2020-03-08,0.340001281755624,0.340001281755624,0.291290884132642,0.291537576768372,25093473.2863406,78561144.0967156,25.0934732863406
ALGO,2020-03-09,0.291537576768372,0.300686506675964,0.251896191631904,0.279688431773706,28612683.3276228,104394446.75237,28.6126833276228
ALGO,2020-03-10,0.279688431773706,0.298198251117585,0.272725053173029,0.282159291462661,24423955.3953217,85765649.3399757,24.423955395321702
ALGO,2020-03-11,0.282159291462661,0.28814804381738,0.250899674301592,0.271318465417978,16440012.0089779,60690774.5208424,16.4400120089779
ALGO,2020-03-12,0.271318465417978,0.272173579233777,0.133289969844197,0.136990220993613,32138369.1916487,163753375.293716,32.1383691916487
ALGO,2020-03-13,0.136990220993613,0.179197650723762,0.102476135058916,0.153123634272147,29741294.8800019,207952870.204554,29.7412948800019
ALGO,2020-03-14,0.153123634272147,0.174120751201299,0.144671310963424,0.147045275516388,34871783.9951382,218592664.422946,34.871783995138195
ALGO,2020-03-15,0.147045275516388,0.161800397054852,0.145548744492238,0.150184984025691,32193449.1960254,212364897.941056,32.1934491960254
ALGO,2020-03-16,0.150184984025691,0.150184984025691,0.116446365938186,0.127736021014192,21164816.1186361,163322257.612433,21.1648161186361
ALGO,2020-03-17,0.127736021014192,0.145217685773332,0.125142181204061,0.141529362702541,20263586.9166968,147910979.452904,20.263586916696802
ALGO,2020-03-18,0.141529362702541,0.143763409940066,0.130252431722472,0.1396386617202,19559442.1825083,142901683.149699,19.559442182508302
ALGO,2020-03-19,0.1396386617202,0.171442689476161,0.137725801218009,0.159259783401142,27048003.5349989,174607036.299365,27.0480035349989
ALGO,2020-03-20,0.159259783401142,0.185301757163853,0.147266265183639,0.157451659723735,33776689.0719554,200492264.094086,33.776689071955396
ALGO,2020-03-21,0.157451659723735,0.163764421860655,0.145147560859297,0.153185473579648,18562727.1166924,119988035.665181,18.5627271166924
ALGO,2020-03-22,0.153185473579648,0.163234718723661,0.146238292548366,0.148511352011308,25339671.9536803,162229277.04952,25.3396719536803
ALGO,2020-03-23,0.148511352011308,0.1598550594825,0.143195840366271,0.157913476690454,20010083.140947,131600655.608876,20.010083140947
ALGO,2020-03-24,0.157913476690454,0.162615323736537,0.152255043615524,0.159995885744891,15710705.5428659,99573006.7125872,15.7107055428659
ALGO,2020-03-25,0.159995885744891,0.162543386772967,0.151525585012744,0.153564033139289,13725029.1886741,88108207.0204032,13.7250291886741
ALGO,2020-03-26,0.153564033139289,0.158389947576319,0.150500039833374,0.157715595424931,15603486.5526123,100975202.360364,15.6034865526123
ALGO,2020-03-27,0.157715595424931,0.166322008582142,0.15526336840012,0.155793974473388,22910586.3300595,142109908.821199,22.9105863300595
ALGO,2020-03-28,0.155793974473388,0.155793974473388,0.14436643573914,0.151273692609384,15360194.2262988,103404922.693578,15.3601942262988
ALGO,2020-03-29,0.151273692609384,0.153834958942876,0.142969552975684,0.143647133205387,13887655.4398476,93620893.8814164,13.887655439847599
ALGO,2020-03-30,0.143647133205387,0.156975401826576,0.14224695314469,0.15361132127885,15005872.5961513,98971102.5163993,15.005872596151299
ALGO,2020-03-31,0.15361132127885,0.156307714903616,0.148846540572248,0.151806765121031,13784744.8590088,90254049.7138592,13.7847448590088
ALGO,2020-04-01,0.151806765121031,0.157202391013983,0.145616433819814,0.155685656390255,12973350.5607231,85952252.2512272,12.9733505607231
ALGO,2020-04-02,0.155685656390255,0.168273431245131,0.151593912732515,0.154285023720268,15280632.5565147,97922067.9628387,15.280632556514702
ALGO,2020-04-03,0.154285023720268,0.162085572668024,0.154285023720268,0.158757700698096,2378662.86953982,14998837.1391549,2.37866286953982
ALGO,2020-04-04,0.158757700698096,0.179236832992391,0.158560709935038,0.178057245389225,6579788.9139891,39124231.8756634,6.579788913989099
ALGO,2020-04-05,0.178057245389225,0.184325895900015,0.168106332744966,0.171951158693839,2405147.44536079,13466124.5392785,2.40514744536079
ALGO,2020-04-06,0.171951158693839,0.188557298419062,0.170159378604903,0.187922501603419,3420138.85747136,18911631.2885068,3.42013885747136
ALGO,2020-04-07,0.187922501603419,0.199459899441748,0.1809454746373,0.185623160488749,3203214.23939378,16785030.4055781,3.20321423939378
ALGO,2020-04-08,0.185623160488749,0.205749106020203,0.184406011136484,0.203882315098392,2609077.84152952,13464029.1885224,2.6090778415295204
ALGO,2020-04-09,0.203882315098392,0.225932861503276,0.189329705672077,0.208047754398828,15903801.0812188,78261120.0301837,15.9038010812188
ALGO,2020-04-10,0.208047754398828,0.208047754398828,0.171160001490849,0.179048861455824,3115045.9668414,17096993.5448978,3.1150459668414
ALGO,2020-04-11,0.179048861455824,0.186275233620485,0.173296348686229,0.180146084014588,875906.415033351,4873864.53824489,0.8759064150333511
ALGO,2020-04-12,0.180146084014588,0.200900996244267,0.174949200250498,0.1781556,1556404.75354896,8573739.4784,1.55640475354896
ALGO,2020-04-13,0.1781556,0.186279332834575,0.166840449147662,0.174660315160328,11032013.8331607,63214631.6382462,11.0320138331607
ALGO,2020-04-14,0.174660315160328,0.18255623754798,0.172097650267632,0.178352037091265,2494242.16722374,14047854.3167,2.49424216722374
ALGO,2020-04-15,0.178352037091265,0.178944229949918,0.16847502,0.16847502,3037.81116065096,17371.95267862,0.00303781116065096
ALGO,2020-04-16,0.16847502,0.190174278057102,0.164581529527299,0.184932389894034,196839.300638999,1104146.25217927,0.19683930063899902
ALGO,2020-04-17,0.184932389894034,0.19293725037217,0.18392789066297,0.187984882429159,1198076.98105744,6346642.6831,1.1980769810574399
ALGO,2020-04-18,0.187984882429159,0.201570168772102,0.187984882429159,0.1994060074,7780.58095132755,39684.22759247,0.00778058095132755
ALGO,2020-04-19,0.1994060074,0.210315457737561,0.186735682363753,0.201199777589031,18854104.3448122,96113778.5553619,18.8541043448122
ALGO,2020-04-20,0.201199777589031,0.201199777589031,0.176636368017186,0.17925065564952,21872720.1461959,117279344.974437,21.8727201461959
ALGO,2020-04-21,0.17925065564952,0.180147745357314,0.175592263044154,0.17839979576901,13233195.3137337,74203814.0708995,13.2331953137337
ALGO,2020-04-22,0.17839979576901,0.189948891381839,0.176940672442246,0.187711885493806,11118941.6624107,60521528.4528983,11.1189416624107
ALGO,2020-04-23,0.187711885493806,0.197235450625392,0.184206241322485,0.193863625282858,17090724.3781857,89723807.7948376,17.0907243781857
ALGO,2020-04-24,0.193863625282858,0.21389341746599,0.193863625282858,0.209464393912708,25357832.6314073,125643108.348884,25.357832631407298
ALGO,2020-04-25,0.209464393912708,0.220992657904194,0.204349222342684,0.212405321788606,22773935.3599426,106963215.604463,22.7739353599426
ALGO,2020-04-26,0.212405321788606,0.23196189737315,0.211225398999438,0.225547861614293,26896876.2528805,121465728.919785,26.8968762528805
ALGO,2020-04-27,0.225547861614293,0.226813042891011,0.209751491844556,0.217583956337672,20291896.1611541,93090531.2743641,20.2918961611541
ALGO,2020-04-28,0.217583956337672,0.222114212878723,0.212676620155726,0.219671209612356,15620583.2681327,71739300.5113634,15.6205832681327
ALGO,2020-04-29,0.219671209612356,0.232085637808628,0.217949261543127,0.228500094500859,22811279.8395438,101995265.57512,22.8112798395438
ALGO,2020-04-30,0.228500094500859,0.233586086974372,0.202968873245581,0.21006450709428,31323431.6186796,143883442.954478,31.323431618679603
ALGO,2020-05-01,0.21006450709428,0.221662722094033,0.209735583422251,0.212893483588146,18510558.2971408,85993241.7348194,18.5105582971408
ALGO,2020-05-02,0.212893483588146,0.22174786533295,0.21173272550049,0.21944699467024,17257829.0630894,79352086.9682654,17.2578290630894
ALGO,2020-05-03,0.21944699467024,0.226829809330174,0.202717227528388,0.208039926646613,30541335.2841894,144085152.212994,30.5413352841894
ALGO,2020-05-04,0.208039926646613,0.209634814540017,0.19069128609253,0.206804599111592,26223151.781474,131073693.694998,26.223151781474
ALGO,2020-05-05,0.206804599111592,0.216361579525043,0.202269540009015,0.211557251651571,27151212.9188687,131104252.850208,27.151212918868698
ALGO,2020-05-06,0.211557251651571,0.213848878107486,0.197647040455352,0.19789270185382,23953722.5235693,115572783.689949,23.9537225235693
ALGO,2020-05-07,0.19789270185382,0.206014336711554,0.194897843035303,0.203421420265039,23576517.0857564,117507573.767804,23.5765170857564
ALGO,2020-05-08,0.203421420265039,0.223346834389643,0.201293748666088,0.21572686499456,28329964.4307742,133661285.791507,28.3299644307742
ALGO,2020-05-09,0.21572686499456,0.239966598181915,0.210835075395305,0.213062117180336,26610364.8443755,121150015.384419,26.6103648443755
ALGO,2020-05-10,0.213062117180336,0.213266612611678,0.183176902970695,0.189764296580261,24695029.4613393,129397840.751024,24.6950294613393
ALGO,2020-05-11,0.189764296580261,0.203098525326163,0.182219916913741,0.187125329241756,21577026.6670132,112395570.632848,21.5770266670132
ALGO,2020-05-12,0.187125329241756,0.205282278178266,0.185979222075724,0.200785905640553,19685644.9097918,100481132.986572,19.6856449097918
ALGO,2020-05-13,0.200785905640553,0.2037303346783,0.191974974877347,0.198504925590029,18822901.0286837,95356004.1943398,18.8229010286837
ALGO,2020-05-14,0.198504925590029,0.207098036691457,0.194497198162911,0.197727385795868,15942684.4240331,79516867.4060107,15.9426844240331
ALGO,2020-05-15,0.197727385795868,0.20153655842967,0.191428869884509,0.19182231668816,6773439.32030627,34558697.7759002,6.77343932030627
ALGO,2020-05-16,0.19182231668816,0.199925312066561,0.190603463412304,0.197980524558813,5322061.14972067,26997946.7864431,5.322061149720669
ALGO,2020-05-17,0.197980524558813,0.203529688102288,0.197500426987337,0.198056291521253,5527081.36913639,27586081.509861,5.527081369136391
ALGO,2020-05-18,0.198056291521253,0.203322792799049,0.197966705747437,0.201034755846034,5294400.05956545,26409156.8808272,5.29440005956545
ALGO,2020-05-19,0.201034755846034,0.201276468174719,0.196548685146806,0.20043619143147,5401807.49318984,27181526.1992172,5.40180749318984
ALGO,2020-05-20,0.20043619143147,0.213954336440565,0.198484714880103,0.208793155196024,10476011.2720874,50672552.8912387,10.476011272087401
ALGO,2020-05-21,0.208793155196024,0.209230899460628,0.18488102890997,0.191699867550262,10768783.7183968,54283430.8256252,10.768783718396799
ALGO,2020-05-22,0.191699867550262,0.208550204552082,0.188562872366968,0.205103290460288,10867768.6007538,54374996.6578819,10.867768600753799
ALGO,2020-05-23,0.205103290460288,0.212085196608232,0.200218265450426,0.201856831939055,7325379.04723337,35721165.0510309,7.32537904723337
ALGO,2020-05-24,0.201856831939055,0.210969912598718,0.197864133855304,0.198388569438784,9244588.37570152,45049037.9518893,9.24458837570152
ALGO,2020-05-25,0.198388569438784,0.211751167565881,0.195080993536353,0.210941004594246,8172381.94596897,39919399.2147591,8.17238194596897
ALGO,2020-05-26,0.210941004594246,0.222328817217914,0.206428724944625,0.218322229108759,16218782.8531138,75328678.4659253,16.2187828531138
ALGO,2020-05-27,0.218322229108759,0.22566185784906,0.214837869490695,0.220059522462372,11634129.5748665,52790911.0154074,11.634129574866499
ALGO,2020-05-28,0.220059522462372,0.227253041582372,0.213489050883114,0.22649806700521,8454870.76467209,38462537.0680558,8.454870764672089
ALGO,2020-05-29,0.22649806700521,0.234724836121055,0.221612399460622,0.228450019869568,13994212.0086209,60998783.5761358,13.994212008620899
ALGO,2020-05-30,0.228450019869568,0.243229277823667,0.225424154040895,0.243068520010522,13110246.3608317,55720857.1263382,13.1102463608317
ALGO,2020-05-31,0.243068520010522,0.258617270212096,0.230039645703323,0.233975908730427,30186387.8191532,121508134.621659,30.1863878191532
ALGO,2020-06-01,0.233975908730427,0.25604396549885,0.232262329572594,0.250135163737687,21963413.7102576,88530426.8922392,21.9634137102576
ALGO,2020-06-02,0.250135163737687,0.258751797971226,0.237109480889675,0.245994273998563,13037764.8630862,52499482.2592442,13.037764863086199
ALGO,2020-06-03,0.245994273998563,0.247137575441658,0.23788053134269,0.241877425995529,7554883.00471622,31349661.2358636,7.5548830047162205
ALGO,2020-06-04,0.241877425995529,0.24914333638517,0.239430781922786,0.242036981620485,8173866.36317586,33549933.6244263,8.17386636317586
ALGO,2020-06-05,0.242036981620485,0.242183650832603,0.232125532260766,0.232170369041138,6669040.27332363,28024112.2826624,6.66904027332363
ALGO,2020-06-06,0.232170369041138,0.238662123168435,0.229581183869923,0.237318109488366,4210465.96044917,18015424.0863611,4.21046596044917
ALGO,2020-06-07,0.237318109488366,0.237368886850268,0.225992693049897,0.231798887776597,3950827.35903254,17092261.2298838,3.95082735903254
ALGO,2020-06-08,0.231798887776597,0.234851767417698,0.230058436133546,0.233636236176465,3564158.11556773,15340626.5928751,3.56415811556773
ALGO,2020-06-09,0.233636236176465,0.242746779484147,0.230369256768956,0.242231069144021,5237900.04313256,22200853.5035905,5.23790004313256
ALGO,2020-06-10,0.242231069144021,0.248579140305988,0.239501506979044,0.246912825448759,6669896.02407181,27285290.199945,6.66989602407181
ALGO,2020-06-11,0.246912825448759,0.250138817573751,0.22724630783347,0.230721009411571,8187574.92994479,33956880.894331,8.18757492994479
ALGO,2020-06-12,0.230721009411571,0.233570708736598,0.226368488025429,0.231849010698471,4422183.64829944,19253607.5983467,4.422183648299439
ALGO,2020-06-13,0.231849010698471,0.235550297469831,0.228813495426253,0.234477509492891,2847333.78384835,12257954.2373209,2.84733378384835
ALGO,2020-06-14,0.234477509492891,0.245954654505204,0.23000975240241,0.233139398356562,5869224.53419825,24536590.2597925,5.86922453419825
ALGO,2020-06-15,0.233139398356562,0.233139398356562,0.210497994590231,0.226939430113266,7717042.45054314,34639374.7257932,7.71704245054314
ALGO,2020-06-16,0.226939430113266,0.240107513681604,0.225904724035688,0.235282198021312,5334199.2872901,22797823.7367392,5.3341992872901
ALGO,2020-06-17,0.235282198021312,0.246325581700114,0.230868204058862,0.244421390409045,6684146.60693982,28070595.6202332,6.684146606939819
ALGO,2020-06-18,0.244421390409045,0.251089915701874,0.238566578729003,0.240531408524856,6441173.7352158,26254647.7969932,6.4411737352158
ALGO,2020-06-19,0.240531408524856,0.240955296263841,0.231224312736817,0.231610763391326,3844204.42048377,16341525.6562981,3.84420442048377
ALGO,2020-06-20,0.231610763391326,0.234477214171106,0.22694476188668,0.230763212853701,3452119.67276072,14972883.5967531,3.4521196727607197
ALGO,2020-06-21,0.230763212853701,0.23981702932035,0.230763212853701,0.23251113789636,2820851.55218631,12014382.7000408,2.82085155218631
ALGO,2020-06-22,0.23251113789636,0.241134391119715,0.232147776547569,0.24109512113119,3379361.26485373,14241903.6339602,3.37936126485373
ALGO,2020-06-23,0.24109512113119,0.251209716730361,0.236246080794625,0.249193727704044,6963139.0471845,28545552.3736504,6.9631390471845
ALGO,2020-06-24,0.249193727704044,0.255841716788148,0.231711293154573,0.238719708929884,9514345.55105579,39133392.2150388,9.514345551055792
ALGO,2020-06-25,0.238719708929884,0.239574522055357,0.225948411053105,0.234747135069494,5443692.17693299,23396150.1162641,5.44369217693299
ALGO,2020-06-26,0.234747135069494,0.234747135069494,0.221107636247502,0.222599554274865,7476558.11849351,33095084.285359,7.476558118493511
ALGO,2020-06-27,0.222599554274865,0.222897648658344,0.197581161664507,0.205123189423119,7053976.23057229,33627588.0500227,7.05397623057229
ALGO,2020-06-28,0.205123189423119,0.212109142962863,0.199099421877638,0.207766992677999,4490550.84343193,21857436.4568106,4.49055084343193
ALGO,2020-06-29,0.207766992677999,0.21512049453324,0.206882015457156,0.214060970474636,3960513.96566698,18789279.407933,3.96051396566698
ALGO,2020-06-30,0.214060970474636,0.214292339124933,0.207650580085107,0.208565968287137,2178713.740711,10359310.0859771,2.1787137407109998
ALGO,2020-07-01,0.208565968287137,0.21731060099449,0.20782918637747,0.21403613879529,2511020.1798351,11792632.4726321,2.5110201798351004
ALGO,2020-07-02,0.21403613879529,0.217840200318121,0.201400914776127,0.204973340303303,4696262.58818701,22338351.3434393,4.69626258818701
ALGO,2020-07-03,0.204973340303303,0.208139651760884,0.202860436278065,0.203559618766466,3283845.60399909,15989712.0091503,3.2838456039990898
ALGO,2020-07-04,0.203559618766466,0.217927036251006,0.203459642745768,0.217927036251006,4311384.51964583,20469830.9774587,4.31138451964583
ALGO,2020-07-05,0.217927036251006,0.219237067702206,0.20939990507404,0.215556128036262,4336157.32528524,20275737.2149035,4.33615732528524
ALGO,2020-07-06,0.215556128036262,0.231506319276597,0.215556128036262,0.229021724181824,8827872.9100958,39081264.1873927,8.827872910095799
ALGO,2020-07-07,0.229021724181824,0.235916983652438,0.223949660184748,0.232536264801109,6991659.3221309,30444264.6925099,6.9916593221309
ALGO,2020-07-08,0.232536264801109,0.2520180511431,0.230043688606588,0.247273734010536,11510081.7182008,47758304.0152001,11.5100817182008
ALGO,2020-07-09,0.247273734010536,0.254430249842288,0.234506709144094,0.241522456769338,11535307.9114335,47166832.6570034,11.535307911433499
ALGO,2020-07-10,0.241522456769338,0.25235525927738,0.229324219907963,0.250181411349001,9591374.28456732,40112493.6785119,9.59137428456732
ALGO,2020-07-11,0.250181411349001,0.293664805574594,0.249849681378659,0.279780265489958,35836895.3261599,129749572.969727,35.836895326159905
ALGO,2020-07-12,0.279780265489958,0.285522350022966,0.262480771785162,0.279874856653368,18084629.6950878,66169746.953506,18.084629695087802
ALGO,2020-07-13,0.279874856653368,0.291296374193868,0.260979987384429,0.265568985347239,21395040.2773613,77516683.3893519,21.3950402773613
ALGO,2020-07-14,0.265568985347239,0.276995539395438,0.251694506022092,0.272292784294254,15821050.6248833,60080325.4088557,15.8210506248833
ALGO,2020-07-15,0.272292784294254,0.291780084379561,0.260924241914628,0.288113996789541,23036148.9364024,83254729.1092413,23.036148936402398
ALGO,2020-07-16,0.288113996789541,0.359875939199675,0.265570291503579,0.354038696160792,79660278.2565489,251549355.250781,79.66027825654889
ALGO,2020-07-17,0.354038696160792,0.381299735743805,0.333039703446374,0.346404494601391,66078037.3766003,186484141.748733,66.0780373766003
ALGO,2020-07-18,0.346404494601391,0.365088043894683,0.332891415267312,0.356187375035467,28884666.8353699,83704543.3828132,28.8846668353699
ALGO,2020-07-19,0.356187375035467,0.396140628621193,0.340987703207953,0.389246941751575,33128379.0188441,90990081.1093807,33.1283790188441
ALGO,2020-07-20,0.389246941751575,0.394969081940169,0.344552870280484,0.357565859986435,50931161.0008304,137223507.170618,50.9311610008304
ALGO,2020-07-21,0.357565859986435,0.370254139082903,0.336373158846702,0.346560516339191,36832327.7903386,104405044.9575,36.832327790338596
ALGO,2020-07-22,0.346560516339191,0.359477431404101,0.343969632029629,0.346348592726411,19089315.7230073,54603877.5183043,19.0893157230073
ALGO,2020-07-23,0.346348592726411,0.349736618698747,0.326046968016546,0.329439873445189,23217046.2452449,68167217.5828507,23.2170462452449
ALGO,2020-07-24,0.329439873445189,0.33087672129789,0.311094595110956,0.312490753147508,16476974.2064763,51207848.9439794,16.4769742064763
ALGO,2020-07-25,0.312490753147508,0.337490338771384,0.311514480167697,0.319571446372197,18854639.4886725,57750331.5694207,18.854639488672497
ALGO,2020-07-26,0.319571446372197,0.331880396161278,0.305494935614836,0.321710670270439,21506342.6967697,67601513.7407351,21.5063426967697
ALGO,2020-07-27,0.321710670270439,0.324886118603951,0.27002789953313,0.288012159811663,40838278.3356509,140040016.74306,40.8382783356509
ALGO,2020-07-28,0.288012159811663,0.316918680360137,0.277798263557543,0.314788684921631,27551767.8810681,92285650.6029064,27.5517678810681
ALGO,2020-07-29,0.314788684921631,0.327880878374189,0.306672308371489,0.308273721166772,22441429.3555876,70119137.8236393,22.4414293555876
ALGO,2020-07-30,0.308273721166772,0.346450709093472,0.304371096824021,0.334414558794493,64153975.1118076,191693569.44105,64.1539751118076
ALGO,2020-07-31,0.334414558794493,0.35213834111871,0.315271779361579,0.325581636021927,34081008.425081,103726290.022615,34.081008425081
ALGO,2020-08-01,0.325581636021927,0.334285999258976,0.31916576955976,0.325997599009326,27629214.7813158,84665642.6815639,27.6292147813158
ALGO,2020-08-02,0.325997599009326,0.334836556948527,0.272416963737283,0.301412269894894,25574415.5181875,83428148.520367,25.5744155181875
ALGO,2020-08-03,0.301412269894894,0.322542104945066,0.298921149643879,0.309385866312164,13683905.6919759,43641292.4505794,13.683905691975902
ALGO,2020-08-04,0.309385866312164,0.330755110304719,0.309385866312164,0.326449610067465,14022963.2713952,43658889.16348,14.0229632713952
ALGO,2020-08-05,0.326449610067465,0.346035761535459,0.321728441902575,0.33562427982896,28859094.4691527,86506848.1652852,28.8590944691527
ALGO,2020-08-06,0.33562427982896,0.373172084130308,0.334437072773381,0.36405947622826,37610724.9904514,104883003.883042,37.6107249904514
ALGO,2020-08-07,0.36405947622826,0.380046900081074,0.340691957269721,0.369489304303559,27792925.5432756,76277879.9703496,27.792925543275597
ALGO,2020-08-08,0.369489304303559,0.459564410031805,0.368444707085861,0.452292699214211,58049381.1173162,141223330.040167,58.0493811173162
ALGO,2020-08-09,0.452292699214211,0.470450867143717,0.412166562166519,0.424731692828356,59003962.6010738,133819422.651618,59.0039626010738
ALGO,2020-08-10,0.424731692828356,0.486601699468219,0.408678129985119,0.468650393127565,59787608.4966487,134178917.697515,59.7876084966487
ALGO,2020-08-11,0.468650393127565,0.487921983537316,0.397453184389402,0.436283632789739,59467217.266631,135327396.966835,59.467217266631
ALGO,2020-08-12,0.436283632789739,0.541978619735495,0.407987169330628,0.524205647492247,80096083.4323179,172092942.562233,80.0960834323179
ALGO,2020-08-13,0.524205647492247,0.692109375485455,0.505798523254188,0.669985681178772,212990424.785992,355500414.264965,212.990424785992
ALGO,2020-08-14,0.669985681178772,0.76006401072503,0.621267476688115,0.638544501003287,182663738.014504,262574151.76288,182.663738014504
ALGO,2020-08-15,0.638544501003287,0.708554489586972,0.600365924703847,0.635190290468029,123832387.833059,191190610.909847,123.832387833059
ALGO,2020-08-16,0.635190290468029,0.663950368566034,0.616521598818571,0.629384459265444,82398159.4997513,129159939.980639,82.3981594997513
ALGO,2020-08-17,0.629384459265444,0.691575833038495,0.583251246237664,0.587173264153274,98886990.8256592,155903176.808424,98.8869908256592
ALGO,2020-08-18,0.587173264153274,0.605364751077933,0.522133630278085,0.556989148094621,91304417.2041828,158845744.655345,91.3044172041828
ALGO,2020-08-19,0.556989148094621,0.62383151797708,0.513536164829856,0.596869807034571,130822959.561095,228124002.130434,130.822959561095
ALGO,2020-08-20,0.596869807034571,0.666047367322724,0.593984678722591,0.627218669962953,108821846.85579,172729408.287805,108.82184685579
ALGO,2020-08-21,0.627218669962953,0.634499373831325,0.525370272059801,0.531409692631245,123421742.970763,214616515.741981,123.42174297076299
ALGO,2020-08-22,0.531409692631245,0.586300994146518,0.512063828078485,0.564728017024241,90781993.4404447,164915889.22368,90.7819934404447
ALGO,2020-08-23,0.564728017024241,0.63714652164674,0.544799893231315,0.614178452674388,97064507.30264,166168420.952517,97.06450730264001
ALGO,2020-08-24,0.614178452674388,0.664458269632227,0.595996718691824,0.630306599397289,100433870.70133,159715360.498541,100.43387070133001
ALGO,2020-08-25,0.630306599397289,0.638204211036964,0.532244299523966,0.562135983907969,155731863.989203,270538895.446257,155.731863989203
ALGO,2020-08-26,0.562135983907969,0.588819875737182,0.530821686543519,0.550659804952837,138590230.051123,247847884.057615,138.590230051123
ALGO,2020-08-27,0.550659804952837,0.558246821897979,0.493194252742523,0.522631328264343,140133449.026341,265362057.006046,140.133449026341
ALGO,2020-08-28,0.522631328264343,0.562523732046229,0.513252800462966,0.534151669283301,117717609.071617,219457330.641001,117.717609071617
ALGO,2020-08-29,0.534151669283301,0.548604642199059,0.524241453857559,0.534383810099722,88188179.2737869,164747854.949615,88.1881792737869
ALGO,2020-08-30,0.534383810099722,0.550556216924728,0.511462709412015,0.518246514180544,91879825.831923,173473438.980861,91.879825831923
ALGO,2020-08-31,0.518246514180544,0.52639356521796,0.50256557471815,0.50256557471815,94412546.213095,182615312.008873,94.412546213095
ALGO,2020-09-01,0.50256557471815,0.551383678737649,0.493594300556321,0.516745621935163,128471739.930837,245227293.51657,128.471739930837
ALGO,2020-09-02,0.516745621935163,0.526067623131825,0.421628265515605,0.464399155977156,113472795.558901,239278632.424916,113.472795558901
ALGO,2020-09-03,0.464399155977156,0.471108039469549,0.332454378099664,0.349167019597434,95721766.2129716,234531049.539052,95.7217662129716
ALGO,2020-09-04,0.349167019597434,0.387911281812248,0.336168358442855,0.374914914227328,78618186.640098,216895870.831296,78.618186640098
ALGO,2020-09-05,0.374914914227328,0.399459858204826,0.316629582704251,0.34204312953883,60899731.5958461,169196016.173996,60.8997315958461
ALGO,2020-09-06,0.34204312953883,0.387067492394801,0.319524192189792,0.375856679640084,53784171.5679986,152048840.922792,53.784171567998605
ALGO,2020-09-07,0.375856679640084,0.38460284163241,0.331413910580544,0.372705739115314,44988326.6278108,125338400.641197,44.9883266278108
ALGO,2020-09-08,0.372705739115314,0.376237425447931,0.337583619359037,0.349000490487985,31277562.9527927,88955273.4713127,31.2775629527927
ALGO,2020-09-09,0.349000490487985,0.432187671339515,0.338098385701095,0.413227504896002,67801017.7695331,174652579.377742,67.8010177695331
ALGO,2020-09-10,0.413227504896002,0.449969941408399,0.4016684621305,0.413901636292288,67540539.668323,158935916.645488,67.54053966832299
ALGO,2020-09-11,0.413901636292288,0.414982977857933,0.39110665468729,0.410997664366798,41200458.3176517,102286366.591624,41.200458317651695
ALGO,2020-09-12,0.410997664366798,0.417761588332958,0.39880710486116,0.408362276552637,35586295.5838936,87921651.9534147,35.586295583893595
ALGO,2020-09-13,0.408362276552637,0.415781100049263,0.358943041196136,0.377398185105493,35912305.1889115,93086794.8398518,35.912305188911496
ALGO,2020-09-14,0.377398185105493,0.39093201229112,0.366097709154312,0.382440802894671,27468649.6090014,72363270.2795667,27.468649609001403
ALGO,2020-09-15,0.382440802894671,0.387613160968448,0.352757226474382,0.354273625790657,32387028.9196837,87192304.4343371,32.3870289196837
ALGO,2020-09-16,0.354273625790657,0.3622495404902,0.338757338566603,0.359559116859798,27031156.0428232,76975651.2614711,27.0311560428232
ALGO,2020-09-17,0.359559116859798,0.375415451438363,0.346884566607056,0.357120882644568,29642309.0240105,82364805.0314784,29.6423090240105
ALGO,2020-09-18,0.357120882644568,0.362759244283145,0.329286231287428,0.337042721066611,31364357.4117062,90258964.3393168,31.3643574117062
ALGO,2020-09-19,0.337042721066611,0.345443365601778,0.326499135266894,0.342343589651468,18190714.1575768,54298472.366188,18.1907141575768
ALGO,2020-09-20,0.342343589651468,0.358109730940352,0.313479261956028,0.327720472421151,27754300.7219879,82668603.8206197,27.7543007219879
ALGO,2020-09-21,0.327720472421151,0.330061963350132,0.276175705785371,0.2872774271683,45088106.1183564,150619686.28028,45.0881061183564
ALGO,2020-09-22,0.2872774271683,0.312875064409461,0.276933001938459,0.306214396959276,30086945.0829475,102071137.066888,30.0869450829475
ALGO,2020-09-23,0.306214396959276,0.309935978981586,0.265441338378083,0.268787268124397,25886053.633439,89562062.3386588,25.886053633439
ALGO,2020-09-24,0.268787268124397,0.301725552536078,0.264490452246463,0.294156074921987,23374973.2264572,82746434.1447051,23.3749732264572
ALGO,2020-09-25,0.294156074921987,0.327754338198051,0.289273347241008,0.317641652077057,33239106.7331505,108459199.337591,33.2391067331505
ALGO,2020-09-26,0.317641652077057,0.341584246820609,0.31496348180135,0.325282641529379,33727095.8948672,102392509.837886,33.7270958948672
ALGO,2020-09-27,0.325282641529379,0.327381022758621,0.303964184037895,0.320665843153639,19718847.0796321,62335486.9128722,19.7188470796321
ALGO,2020-09-28,0.320665843153639,0.349380481378388,0.31944942664908,0.327320508632058,33405588.9830063,99747054.1516369,33.4055889830063
ALGO,2020-09-29,0.327320508632058,0.342801493812421,0.320109905733364,0.338871319212013,34887775.2616836,104857839.34027,34.8877752616836
ALGO,2020-09-30,0.338871319212013,0.355100385120451,0.320327468471527,0.346655779181621,33076550.6473301,97553385.5893707,33.0765506473301
ALGO,2020-10-01,0.346655779181621,0.372561243741058,0.327559705717746,0.334739246079699,42266979.0244068,120201562.959401,42.2669790244068
ALGO,2020-10-02,0.334739246079699,0.338985087820498,0.293617862754167,0.31609036325339,43428166.4732956,138586702.536145,43.4281664732956
ALGO,2020-10-03,0.31609036325339,0.32908625026754,0.313015289027391,0.315467815729854,16181561.9400064,50354237.461367,16.1815619400064
ALGO,2020-10-04,0.315467815729854,0.320347121078956,0.306911073822982,0.312630610552058,15365865.7695582,49020784.7269447,15.365865769558201
ALGO,2020-10-05,0.312630610552058,0.321511660914542,0.308489952830541,0.318511826308339,13467527.1499756,42670995.5264465,13.4675271499756
ALGO,2020-10-06,0.318511826308339,0.321166749270046,0.282920469900999,0.286037596557218,24314690.8564108,81558210.3572846,24.314690856410802
ALGO,2020-10-07,0.286037596557218,0.310313150030521,0.277685672938307,0.306719696008563,31412381.4383749,106687277.708253,31.4123814383749
ALGO,2020-10-08,0.306719696008563,0.314451778239591,0.289587547539243,0.308581806425574,26123224.567791,86398614.791619,26.123224567791
ALGO,2020-10-09,0.308581806425574,0.332479908019836,0.301410225687777,0.328841836914535,23754643.1217979,74976092.6974453,23.7546431217979
ALGO,2020-10-10,0.328841836914535,0.339356640310222,0.320829538656432,0.326495218482906,23774610.0706063,72297363.2513714,23.7746100706063
ALGO,2020-10-11,0.326495218482906,0.337174141024377,0.317006423900172,0.331929009593318,20634997.1511987,63347863.0343483,20.6349971511987
ALGO,2020-10-12,0.331929009593318,0.362468691950782,0.328667328342895,0.344753483693018,44200344.0040298,126680442.11658,44.2003440040298
ALGO,2020-10-13,0.344753483693018,0.355613039293302,0.332748444412235,0.343044751973518,24069033.034521,69846149.9969355,24.069033034521
ALGO,2020-10-14,0.343044751973518,0.347576430640386,0.320671958938742,0.327955432239762,24938657.720008,74647074.1133255,24.938657720008
ALGO,2020-10-15,0.327955432239762,0.331062560589811,0.306974871899649,0.31505255917592,21680285.9060987,68119786.9342289,21.6802859060987
ALGO,2020-10-16,0.31505255917592,0.316967140245529,0.29603847176129,0.300397203620179,20889937.5300221,68828366.1286032,20.8899375300221
ALGO,2020-10-17,0.300397203620179,0.317554615106392,0.299505505913488,0.313609287895892,16672647.1228115,53503331.6877338,16.6726471228115
ALGO,2020-10-18,0.313609287895892,0.316103645647926,0.30953931141037,0.315590214326134,9995345.33189956,31932380.7660193,9.995345331899559
ALGO,2020-10-19,0.315590214326134,0.316759829151085,0.302604568147033,0.303826818225982,13094138.7217666,42174473.0386407,13.094138721766601
ALGO,2020-10-20,0.303826818225982,0.303826818225982,0.281812810483108,0.286732372067262,18682396.6225656,63633418.6071868,18.6823966225656
ALGO,2020-10-21,0.286732372067262,0.312575609635943,0.285544394445334,0.301957454980824,20915138.9994012,68899266.5662864,20.9151389994012
ALGO,2020-10-22,0.301957454980824,0.325152103725146,0.301957454980824,0.316231549680567,20122602.4092083,63794478.3128703,20.1226024092083
ALGO,2020-10-23,0.316231549680567,0.324040100589584,0.302151931817499,0.309069585921466,13306808.2705785,42483208.8628818,13.3068082705785
ALGO,2020-10-24,0.309069585921466,0.312895735807992,0.304015293782933,0.30781907111042,9664716.20440774,31273167.8633898,9.66471620440774
ALGO,2020-10-25,0.30781907111042,0.311664736428861,0.298752644245265,0.301868688286541,9276645.06465169,30489213.1496468,9.27664506465169
ALGO,2020-10-26,0.301868688286541,0.30638511751674,0.285015502521228,0.29064543267626,14741319.0527574,49625678.7776403,14.7413190527574
ALGO,2020-10-27,0.29064543267626,0.299188101328208,0.283493415617593,0.287914953627754,15322917.0473375,52550703.9870351,15.3229170473375
ALGO,2020-10-28,0.287914953627754,0.291553673081022,0.267933524600246,0.27624369121056,19884141.4803226,71195164.402074,19.8841414803226
ALGO,2020-10-29,0.27624369121056,0.283557082846004,0.25439106965745,0.257044525323162,16977829.7606059,63324655.1106848,16.9778297606059
ALGO,2020-10-30,0.257044525323162,0.257404391348079,0.237990674816683,0.25339720659526,24756273.2051244,100163990.329171,24.7562732051244
ALGO,2020-10-31,0.25339720659526,0.263154634294535,0.247965506686269,0.248809753660211,11273034.853005,43760801.3787398,11.273034853004999
ALGO,2020-11-01,0.248809753660211,0.26057032151033,0.243905231572073,0.258177259677433,7433812.53955194,29592629.1783347,7.43381253955194
ALGO,2020-11-02,0.258177259677433,0.261024582845628,0.24399166935126,0.246142224474217,9491241.77468622,37732409.5269317,9.49124177468622
ALGO,2020-11-03,0.246142224474217,0.246142224474217,0.225447804739998,0.232955587725291,12749687.5354907,54750488.2458362,12.749687535490699
ALGO,2020-11-04,0.232955587725291,0.24313862071963,0.222251787492429,0.238611125669228,13333057.4702487,57524829.3852286,13.333057470248699
ALGO,2020-11-05,0.238611125669228,0.253485334025492,0.233825415013182,0.248170929012044,15555321.597884,63713144.0861637,15.555321597884
ALGO,2020-11-06,0.248170929012044,0.280995759288678,0.248170929012044,0.276681073905623,18272871.7331626,68742301.973775,18.2728717331626
ALGO,2020-11-07,0.276681073905623,0.29616167653563,0.243316279826591,0.257986741237435,34497398.1696783,126812065.200045,34.4973981696783
ALGO,2020-11-08,0.257986741237435,0.27510039097174,0.253378753916883,0.265813582668228,13222134.7366098,49861252.8109816,13.2221347366098
ALGO,2020-11-09,0.265813582668228,0.273433985789517,0.253966438371076,0.261068897476093,14316635.2864892,54321021.2794965,14.3166352864892
ALGO,2020-11-10,0.261068897476093,0.291584918040086,0.256224675947321,0.28862853965421,24995565.1317173,90689618.1952794,24.9955651317173
ALGO,2020-11-11,0.28862853965421,0.29335927844017,0.276449600949059,0.277459102032902,17974423.55832,63201504.4662652,17.97442355832
ALGO,2020-11-12,0.277459102032902,0.27813817436297,0.259980562856874,0.26581002783024,14016892.7497548,52164463.9469601,14.016892749754799
ALGO,2020-11-13,0.26581002783024,0.280517842234441,0.262491269544399,0.279319386864887,15031021.1939924,55012104.1395607,15.0310211939924
ALGO,2020-11-14,0.279319386864887,0.279319386864887,0.262716444727362,0.264834547544432,12888972.2794037,47906389.3578368,12.8889722794037
ALGO,2020-11-15,0.264834547544432,0.271430371574129,0.249475010164069,0.255974007574458,14514786.6153159,55238317.1074854,14.514786615315899
ALGO,2020-11-16,0.255974007574458,0.272127126562434,0.253695458991463,0.269647572096041,18116796.4362349,68514207.2361113,18.1167964362349
ALGO,2020-11-17,0.269647572096041,0.277778382531754,0.269039610248259,0.27422754183694,23525250.461024,86274590.592393,23.525250461024
ALGO,2020-11-18,0.27422754183694,0.276959476975366,0.255527659031344,0.266604243296442,30826987.180144,116272487.73017,30.826987180144002
ALGO,2020-11-19,0.266604243296442,0.270766776783235,0.25515977017032,0.26562988565957,19880922.6062276,75218501.3640861,19.8809226062276
ALGO,2020-11-20,0.26562988565957,0.288542001715134,0.26446009618052,0.28438762815132,27126275.530173,97394774.4888425,27.126275530173
ALGO,2020-11-21,0.28438762815132,0.324332978153674,0.284294920139298,0.316803623919823,53357805.5885127,174774369.62314,53.3578055885127
ALGO,2020-11-22,0.316803623919823,0.32269862284279,0.279633200772691,0.29870329430972,44712858.5275713,149037045.615486,44.7128585275713
ALGO,2020-11-23,0.29870329430972,0.340574229488923,0.293439774145796,0.335919706148315,53807569.0439921,168711307.94006,53.8075690439921
ALGO,2020-11-24,0.335919706148315,0.374368451106267,0.32723284041025,0.35804085643013,91680428.7967109,259566456.295452,91.6804287967109
ALGO,2020-11-25,0.35804085643013,0.419520973514053,0.331979606257217,0.344087076340478,99499358.0136555,259387067.330739,99.4993580136555
ALGO,2020-11-26,0.344087076340478,0.358834066079269,0.279734646608498,0.300956481213506,72458222.3139395,235320198.388453,72.4582223139395
ALGO,2020-11-27,0.300956481213506,0.31615465123895,0.287026825406398,0.300100898242637,27407521.9465328,91341107.8834394,27.4075219465328
ALGO,2020-11-28,0.300100898242637,0.323533373801582,0.296273699384599,0.31272856939659,29131873.5645319,93905908.6879315,29.1318735645319
ALGO,2020-11-29,0.31272856939659,0.323240822772545,0.300722547278437,0.316413974150293,22969345.270719,73288264.3610409,22.969345270719
ALGO,2020-11-30,0.316413974150293,0.333682965088483,0.313819360617014,0.327629959135737,37196321.6445148,114471005.76798,37.196321644514796
ALGO,2020-12-01,0.327629959135737,0.346073560876759,0.306714654712899,0.310027024123827,42399086.4201165,131266887.334323,42.3990864201165
ALGO,2020-12-02,0.310027024123827,0.34801907595531,0.300219675756864,0.340356155055488,43705475.9066004,135236351.158563,43.7054759066004
ALGO,2020-12-03,0.340356155055488,0.357416337939872,0.340076046963574,0.340798993622446,33785988.8942508,97152467.2488009,33.7859888942508
ALGO,2020-12-04,0.340798993622446,0.373377256732292,0.322372579452913,0.326463116991728,55499152.7404417,157362181.914466,55.4991527404417
ALGO,2020-12-05,0.326463116991728,0.35048120651223,0.318415943877655,0.342359284947228,29857415.2358003,88479295.1966091,29.8574152358003
ALGO,2020-12-06,0.342359284947228,0.347370106140639,0.328093143943534,0.33682916231077,30462950.639436,90453680.5682319,30.462950639436
ALGO,2020-12-07,0.33682916231077,0.34158171912901,0.322252247002631,0.32890213738154,21066008.3879408,63391315.126439,21.0660083879408
ALGO,2020-12-08,0.32890213738154,0.331488682953469,0.295537316156245,0.301414899455326,37893136.7670978,120976585.921349,37.8931367670978
ALGO,2020-12-09,0.301414899455326,0.307655156311149,0.286139457636191,0.304480366315514,26812481.4282519,89870156.9581116,26.8124814282519
ALGO,2020-12-10,0.304480366315514,0.307595169619419,0.291207927861533,0.292327840476964,16327180.910122,54750993.2122716,16.327180910122
ALGO,2020-12-11,0.292327840476964,0.294763072848801,0.276582386412381,0.288298037714979,21219275.6141115,74609295.9434011,21.219275614111503
ALGO,2020-12-12,0.288298037714979,0.315464733013926,0.288298037714979,0.310403529312489,27659033.4900981,89725931.0073924,27.6590334900981
ALGO,2020-12-13,0.310403529312489,0.319642936065259,0.304389454806326,0.308733560018897,20273703.6378576,64855207.2759635,20.2737036378576
ALGO,2020-12-14,0.308733560018897,0.317599680529999,0.303732855011511,0.313330447195138,20244779.9776912,64969706.0276386,20.2447799776912
ALGO,2020-12-15,0.313330447195138,0.338675004916371,0.313330447195138,0.325548250369912,33633951.17433,102799037.456881,33.63395117433
ALGO,2020-12-16,0.325548250369912,0.34360873909028,0.319076906521422,0.339167243111261,38020540.4506431,114432162.728312,38.0205404506431
ALGO,2020-12-17,0.339167243111261,0.356369945738472,0.325732602482421,0.332971594463628,53435458.6518345,157811632.125772,53.4354586518345
ALGO,2020-12-18,0.332971594463628,0.362786842669804,0.318087918764706,0.353253082411723,56237444.0496979,163821499.680786,56.2374440496979
ALGO,2020-12-19,0.353253082411723,0.383481509320436,0.352291832169119,0.356849810406017,65241576.5835078,176928291.693322,65.2415765835078
ALGO,2020-12-20,0.356849810406017,0.357253776033533,0.331291618413526,0.339975785585873,46326566.0782476,133649236.700684,46.3265660782476
ALGO,2020-12-21,0.339975785585873,0.364709959404484,0.314159313790829,0.325533085339424,48035489.4963454,141782736.302717,48.0354894963454
ALGO,2020-12-22,0.325533085339424,0.347364535552115,0.318855922147041,0.337248423512028,39038513.276479,116777176.901432,39.038513276479
ALGO,2020-12-23,0.337248423512028,0.35023065140027,0.265115605341294,0.288400320181243,44411050.3250205,138121924.385499,44.4110503250205
ALGO,2020-12-24,0.288400320181243,0.314098644190021,0.280681540521098,0.313395882090964,26598211.6892085,89558015.8106379,26.5982116892085
ALGO,2020-12-25,0.313395882090964,0.328330360042886,0.303407228217716,0.308291104882545,28010141.0357242,89163035.483098,28.0101410357242
ALGO,2020-12-26,0.308291104882545,0.320903508150109,0.3002832463595,0.308172863595205,22349543.6030395,72116319.2719252,22.3495436030395
ALGO,2020-12-27,0.308172863595205,0.334830864570103,0.300822269593089,0.319458196528132,39213074.0261126,122807722.676421,39.2130740261126
ALGO,2020-12-28,0.319458196528132,0.35763020790589,0.317081872542058,0.35763020790589,30902262.119991,90908652.3881847,30.902262119991
ALGO,2020-12-29,0.35763020790589,0.363105320091986,0.319531477662798,0.345640222192844,48934735.5395026,143417873.35429,48.9347355395026
ALGO,2020-12-30,0.345640222192844,0.359200461452675,0.32715285095818,0.334579639848942,31433369.5375553,92329493.1974249,31.4333695375553
ALGO,2020-12-31,0.334579639848942,0.337016699400389,0.317962698289379,0.335638354160503,24208472.6843969,73808560.0961714,24.2084726843969
ALGO,2021-01-01,0.335638354160503,0.432014933225356,0.331579553585561,0.398062569463827,149961584.381566,383456706.532369,149.96158438156598
ALGO,2021-01-02,0.398062569463827,0.463233114570382,0.383508461114834,0.406783328914894,178871676.858635,422359010.038195,178.871676858635
ALGO,2021-01-03,0.406783328914894,0.436069426618307,0.398597443091779,0.42723003848027,103736227.286767,248350032.527921,103.736227286767
ALGO,2021-01-04,0.42723003848027,0.461797595006428,0.369239591350767,0.447104883848053,105824896.662337,253018154.899488,105.82489666233701
ALGO,2021-01-05,0.447104883848053,0.496480041067916,0.404703380306751,0.481544231300708,170218452.062178,371699086.95134,170.218452062178
ALGO,2021-01-06,0.481544231300708,0.531114682775481,0.459362999693348,0.511245230250071,148613415.000796,300388501.349772,148.61341500079598
ALGO,2021-01-07,0.511245230250071,0.519942411937166,0.434839018349316,0.461915740366284,113156669.530469,231675426.892176,113.156669530469
ALGO,2021-01-08,0.461915740366284,0.484896474767719,0.41400089556018,0.454864301090278,83025252.682455,184021464.190349,83.025252682455
ALGO,2021-01-09,0.454864301090278,0.493225639332973,0.438409018502294,0.485409248135259,75359058.3565789,159557609.931348,75.3590583565789
ALGO,2021-01-10,0.485409248135259,0.515329229684806,0.417582997808677,0.458097954342066,95131342.2148704,201244665.21993,95.13134221487039
ALGO,2021-01-11,0.458097954342066,0.461427735306539,0.373801551571671,0.417419265053559,83903745.334138,205277030.809928,83.90374533413801
ALGO,2021-01-12,0.417419265053559,0.430812705312457,0.391895799326366,0.399381940968648,49783332.6880954,121550110.844478,49.7833326880954
ALGO,2021-01-13,0.399381940968648,0.452382388756643,0.381905104192076,0.450310018102628,44205246.4751283,105072524.830733,44.2052464751283
ALGO,2021-01-14,0.450310018102628,0.466332375465248,0.430027039076892,0.455324225781581,36391884.1393481,81697719.5013553,36.3918841393481
ALGO,2021-01-15,0.455324225781581,0.497171365117134,0.426058771171474,0.487065272480848,95875860.1505114,204357101.649625,95.8758601505114
ALGO,2021-01-16,0.487065272480848,0.549588059955282,0.484807030808961,0.518648683615171,105055220.010498,202634191.037482,105.055220010498
ALGO,2021-01-17,0.518648683615171,0.586221279234879,0.486550477253874,0.586221279234879,98848497.1654363,185610199.682526,98.8484971654363
ALGO,2021-01-18,0.586221279234879,0.605635211019527,0.5429165387634,0.566905801204651,90486411.0480279,159184768.220434,90.4864110480279
ALGO,2021-01-19,0.566905801204651,0.572285057258978,0.516609298697663,0.521178161390084,64166562.6794239,116886156.049698,64.1665626794239
ALGO,2021-01-20,0.521178161390084,0.550135252490351,0.486384191110439,0.548735257850868,66265007.7662008,127431551.298353,66.26500776620081
ALGO,2021-01-21,0.548735257850868,0.549774058498623,0.451703586864228,0.461846015722304,65327232.2014605,132491337.303737,65.3272322014605
ALGO,2021-01-22,0.461846015722304,0.539140790243371,0.431630447862322,0.508853962195717,66818578.6645553,136354428.560529,66.81857866455529
ALGO,2021-01-23,0.508853962195717,0.571779767471549,0.502606442138017,0.557030890382552,72299342.7360277,133714994.39994,72.2993427360277
ALGO,2021-01-24,0.557030890382552,0.581629597355261,0.550512164438946,0.563297649670472,64528308.838273,114036688.949144,64.528308838273
ALGO,2021-01-25,0.563297649670472,0.632681251415271,0.551300000444043,0.556345735788562,105789923.974801,176445723.27328,105.789923974801
ALGO,2021-01-26,0.556345735788562,0.619248097121843,0.536634412812299,0.60141273411033,104884030.750859,182600885.892235,104.88403075085901
ALGO,2021-01-27,0.60141273411033,0.601698512095289,0.526711634965085,0.542348855409012,94396277.2632385,168724005.322183,94.3962772632385
ALGO,2021-01-28,0.542348855409012,0.578755436728733,0.528512330885322,0.560154876622493,94644043.3335898,168647236.392618,94.6440433335898
ALGO,2021-01-29,0.560154876622493,0.685178279196006,0.553150652936969,0.636687893932627,184639717.082485,308026206.152455,184.639717082485
ALGO,2021-01-30,0.636687893932627,0.70136242495029,0.614082770936676,0.665207883072852,193067578.63,294067323.692956,193.06757862999999
ALGO,2021-01-31,0.665207883072852,0.699835572413656,0.622440315983676,0.6528912712673,142153684.893071,216546861.047445,142.153684893071
ALGO,2021-02-01,0.6528912712673,0.666641946986724,0.618835788041019,0.64411814545681,114510284.1327,178942767.619036,114.5102841327
ALGO,2021-02-02,0.64411814545681,0.672029749972108,0.625839844935011,0.651288560619866,91392414.1305176,140674405.596414,91.39241413051761
ALGO,2021-02-03,0.651288560619866,0.748262318299569,0.647878283416245,0.743867936808886,142628506.274981,204661508.645305,142.628506274981
ALGO,2021-02-04,0.743867936808886,0.757224614862668,0.673633819362695,0.706346139174648,162836496.195377,226230018.22565,162.83649619537698
ALGO,2021-02-05,0.706346139174648,0.88898753326007,0.699841254267581,0.833777144544877,257835350.113743,320344459.658383,257.835350113743
ALGO,2021-02-06,0.833777144544877,0.863324126401459,0.739760225365336,0.809601500218818,208674812.30015,261966360.577183,208.67481230015
ALGO,2021-02-07,0.809601500218818,0.876053326941011,0.770035838847391,0.84471936000677,195878693.96922,237507886.733894,195.87869396922002
ALGO,2021-02-08,0.84471936000677,1.09335008899892,0.84143749360138,1.00435124677766,446586387.785998,469077586.042838,446.586387785998
ALGO,2021-02-09,1.00435124677766,1.07927484119057,0.963175041584762,1.02876124236428,313241573.449255,309524816.791415,313.241573449255
ALGO,2021-02-10,1.02876124236428,1.04836451962382,0.920343681382645,1.03226667542131,256589431.234779,256269332.705771,256.589431234779
ALGO,2021-02-11,1.03226667542131,1.30312407814142,1.03226667542131,1.23845806626794,543852166.481782,455131631.169742,543.852166481782
ALGO,2021-02-12,1.23845806626794,1.84288681432462,1.17782100280422,1.72039219624779,953210358.681553,619318049.59972,953.210358681553
ALGO,2021-02-13,1.72039219624779,1.79793925717226,1.35473877283337,1.67245440254998,699042162.418679,433901944.425062,699.042162418679
ALGO,2021-02-14,1.67245440254998,1.68591455362889,1.40663655481633,1.47128357739695,381371001.661944,248473764.203764,381.371001661944
ALGO,2021-02-15,1.47128357739695,1.54531248228466,1.20756217163194,1.3564185898507,515852295.608694,371754372.685616,515.852295608694
ALGO,2021-02-16,1.3564185898507,1.46627474768713,1.26879189152308,1.31335851317211,319098359.147759,233634075.87881,319.098359147759
ALGO,2021-02-17,1.31335851317211,1.41856717115639,1.20146950067498,1.36710067695754,345631136.491413,261601404.480944,345.631136491413
ALGO,2021-02-18,1.36710067695754,1.44948869492389,1.35123015575423,1.39743676346038,319479182.934351,227431524.499187,319.479182934351
ALGO,2021-02-19,1.39743676346038,1.4283720965506,1.30716846941104,1.37156307931496,284963841.00183,208826370.111978,284.96384100182996
ALGO,2021-02-20,1.37156307931496,1.49472589535968,1.25485415456863,1.31116941981184,446155829.167154,321878457.36212,446.155829167154
ALGO,2021-02-21,1.31116941981184,1.35395032484711,1.26432204565188,1.30757425420566,202359603.14532,153502480.319181,202.35960314532
ALGO,2021-02-22,1.30757425420566,1.3172381550775,0.949432790033848,1.14375601159463,418801018.366429,363280622.696512,418.801018366429
ALGO,2021-02-23,1.14375601159463,1.14710683499345,0.8443801224428,1.00592663574311,445856876.635847,454265520.837427,445.85687663584696
ALGO,2021-02-24,1.00592663574311,1.18260845034133,0.956437905939184,1.06167278848236,305340549.121251,281307630.874941,305.340549121251
ALGO,2021-02-25,1.06167278848236,1.14935685821211,0.974473074820195,0.981711656069094,277644717.945318,260524846.599823,277.644717945318
ALGO,2021-02-26,0.981711656069094,1.04871140588967,0.898497878390451,0.972600643680554,237687189.01865,243774893.185774,237.68718901865
ALGO,2021-02-27,0.972600643680554,1.19256781275541,0.972600643680554,1.09988683431853,294080911.345738,273491583.422589,294.080911345738
ALGO,2021-02-28,1.09988683431853,1.1326293907474,0.950172542647575,1.02399996179969,309645382.315634,300383582.134029,309.64538231563404
ALGO,2021-03-01,1.02399996179969,1.10878073131841,1.00827822916674,1.08998141104976,219357893.253824,206437754.107761,219.357893253824
ALGO,2021-03-02,1.08998141104976,1.1660529020915,1.04133538465717,1.08329549971603,305619478.676217,278538145.095841,305.619478676217
ALGO,2021-03-03,1.08329549971603,1.23142765938207,1.05958429229901,1.17971708449083,363234967.989842,315745094.669884,363.234967989842
ALGO,2021-03-04,1.17971708449083,1.24981833957488,1.0517105525293,1.08995349591272,304301930.34354,264794027.425324,304.30193034354
ALGO,2021-03-05,1.08995349591272,1.09579893089377,1.0063110103356,1.05396448459218,210665795.742451,200908013.198168,210.66579574245102
ALGO,2021-03-06,1.05396448459218,1.07019093474881,1.00759462669076,1.05067328230513,125163455.064652,119760447.619801,125.163455064652
ALGO,2021-03-07,1.05067328230513,1.13772760408651,1.05067328230513,1.10672253792909,170598015.308544,156050541.973362,170.598015308544
ALGO,2021-03-08,1.10672253792909,1.16514846983285,1.06298473650719,1.15620930933915,207315835.834193,186455362.820916,207.315835834193
ALGO,2021-03-09,1.15620930933915,1.18582761325578,1.11892091782131,1.18163334301205,235008884.197847,202567123.642262,235.008884197847
ALGO,2021-03-10,1.18163334301205,1.22941366036088,1.08325537372607,1.10892046322651,250884894.079401,218189820.499509,250.884894079401
ALGO,2021-03-11,1.10892046322651,1.12489145718592,1.05288119529206,1.08507901900755,180925570.857977,165057925.377885,180.925570857977
ALGO,2021-03-12,1.08507901900755,1.15407866134355,1.03404715937972,1.05050271758426,266266199.919738,244976300.047191,266.26619991973797
ALGO,2021-03-13,1.05050271758426,1.17197494729121,1.01588198564349,1.13904322466186,233813901.054513,211429461.832627,233.813901054513
ALGO,2021-03-14,1.13904322466186,1.17083165421903,1.08773104357647,1.11799042614341,228147280.300019,200655964.432516,228.147280300019
ALGO,2021-03-15,1.11799042614341,1.34730436004552,1.11686341240822,1.19466050424134,748100207.176158,600208005.513685,748.1002071761579
ALGO,2021-03-16,1.19466050424134,1.24904412065981,1.12664103869223,1.20184106693464,353490831.552637,297388735.996916,353.49083155263696
ALGO,2021-03-17,1.20184106693464,1.29688026397855,1.15523895654078,1.28941025840426,231630947.250247,191040365.625385,231.630947250247
ALGO,2021-03-18,1.28941025840426,1.38092832757052,1.24164843925673,1.25750660029466,334085734.147955,255082615.312938,334.085734147955
ALGO,2021-03-19,1.25750660029466,1.31078091524496,1.21393029415389,1.25003667389113,147515647.48166,115936050.774346,147.51564748166
ALGO,2021-03-20,1.25003667389113,1.31434396535547,1.20396373200868,1.20978404710089,157071946.520911,123440669.710646,157.071946520911
ALGO,2021-03-21,1.20978404710089,1.23435172742014,1.15335144210885,1.18075692104757,137006001.713173,114253000.084797,137.006001713173
ALGO,2021-03-22,1.18075692104757,1.22836522600725,1.07867603451204,1.10296523176197,161228829.994769,138481035.813791,161.228829994769
ALGO,2021-03-23,1.10296523176197,1.15783777806833,1.06475535503129,1.11146736855276,137528690.626177,122931983.415124,137.52869062617702
ALGO,2021-03-24,1.11146736855276,1.18368427179643,0.992503371197978,1.02834279633995,182560719.636909,165540211.454232,182.560719636909
ALGO,2021-03-25,1.02834279633995,1.07798292679178,0.986268611126028,1.0438399683009,186769412.180818,180687948.174439,186.769412180818
ALGO,2021-03-26,1.0438399683009,1.12515454086301,1.04070477575971,1.11799017280792,115108106.837608,105547546.366922,115.10810683760799
ALGO,2021-03-27,1.11799017280792,1.21704123177039,1.09315113412976,1.16011938133016,218686834.809156,188731313.911837,218.686834809156
ALGO,2021-03-28,1.16011938133016,1.26857024553967,1.14733417926308,1.2360778138047,224751175.114759,185024505.543618,224.751175114759
ALGO,2021-03-29,1.2360778138047,1.45128816589236,1.21854681540046,1.40323758961468,352660455.916043,267219763.552518,352.66045591604296
ALGO,2021-03-30,1.40323758961468,1.428429955606,1.30390945409377,1.32644906915874,264690377.737159,194259346.012217,264.690377737159
ALGO,2021-03-31,1.32644906915874,1.37252236756819,1.2479411757513,1.36781257678247,203921534.644342,155688762.855408,203.92153464434202
ALGO,2021-04-01,1.36781257678247,1.40075210986792,1.2962835364968,1.32398489748894,184350460.008634,136197528.555732,184.350460008634
ALGO,2021-04-02,1.32398489748894,1.36924806508486,1.30671581370789,1.3586554969643,149600996.887465,112044870.322526,149.600996887465
ALGO,2021-04-03,1.3586554969643,1.46826782815547,1.2621877926371,1.26296930908292,286141311.214038,208071460.979801,286.141311214038
ALGO,2021-04-04,1.26296930908292,1.34880945002768,1.24081836821312,1.30941204453996,144599821.209717,110382786.948363,144.599821209717
ALGO,2021-04-05,1.30941204453996,1.42925672440781,1.2746955492589,1.40178403749569,209000674.086419,154592874.44967,209.000674086419
ALGO,2021-04-06,1.40178403749569,1.4872914698542,1.35851715424545,1.39848745368326,263209720.089273,186393359.23187,263.209720089273
ALGO,2021-04-07,1.39848745368326,1.48102315831915,1.25169975112452,1.30276797054514,304484875.51203,223611771.529885,304.48487551203
ALGO,2021-04-08,1.30276797054514,1.37791197712662,1.29432659204571,1.35066512051857,142778207.625975,106221973.739962,142.778207625975
ALGO,2021-04-09,1.35066512051857,1.42662987921271,1.32233079542482,1.39273034584442,194424629.642538,141895290.353409,194.424629642538
ALGO,2021-04-10,1.39273034584442,1.47275300935539,1.35674825109485,1.39058207458973,216000048.989351,152145837.514546,216.000048989351
ALGO,2021-04-11,1.39058207458973,1.54389793612886,1.3628124672225,1.52060355916204,243917515.123183,167382907.515558,243.91751512318302
ALGO,2021-04-12,1.52060355916204,1.59338507151751,1.43704684464727,1.48273434157753,296590888.475711,196634968.746248,296.590888475711
ALGO,2021-04-13,1.48273434157753,1.54744570837882,1.42238536305575,1.51574272037072,246564840.23775,165727267.236235,246.56484023775
ALGO,2021-04-14,1.51574272037072,1.52656817144294,1.38709139516875,1.46353559248859,229228469.839298,156941816.03052,229.22846983929801
ALGO,2021-04-15,1.46353559248859,1.62322098935842,1.44843940290637,1.57092199295881,259473612.399048,169602324.789811,259.473612399048
ALGO,2021-04-16,1.57092199295881,1.59808096430958,1.41236279415686,1.50681948721561,230214494.142794,153401685.268113,230.21449414279402
ALGO,2021-04-17,1.50681948721561,1.79868253352096,1.50681948721561,1.69951302908435,593447480.487763,353855035.130305,593.4474804877631
ALGO,2021-04-18,1.69951302908435,1.71832618995632,1.25032814977522,1.45938251298838,438481625.837052,301588208.068222,438.481625837052
ALGO,2021-04-19,1.45938251298838,1.51156032330075,1.28766996980391,1.29358871172971,276922681.127901,198590961.515288,276.922681127901
ALGO,2021-04-20,1.29358871172971,1.35003709911495,1.16610469696318,1.29190720856797,293493600.300186,230616601.98409,293.49360030018596
ALGO,2021-04-21,1.29190720856797,1.34414790008275,1.19189542798785,1.21051468150505,293188487.060896,230805569.314325,293.18848706089597
ALGO,2021-04-22,1.21051468150505,1.3240864315249,1.14585651194458,1.1624254285712,279028714.249745,223729267.85911,279.028714249745
ALGO,2021-04-23,1.1624254285712,1.1939491222293,0.947677834427525,1.1694219242636,293664976.236506,270502430.217821,293.664976236506
ALGO,2021-04-24,1.1694219242636,1.17280916064596,1.08091921292225,1.09075465320751,114599689.445652,101847463.75077,114.59968944565199
ALGO,2021-04-25,1.09075465320751,1.19331307084123,1.05182889058632,1.09613310476836,137116471.935321,121355160.695756,137.11647193532102
ALGO,2021-04-26,1.09613310476836,1.24896748093737,1.08601887403892,1.23802193739605,179906699.341684,150755934.824255,179.906699341684
ALGO,2021-04-27,1.23802193739605,1.330380555526,1.22551642048377,1.31132356007519,178975268.873516,140542902.778462,178.975268873516
ALGO,2021-04-28,1.31132356007519,1.33775483045504,1.21230388034086,1.29033896824435,146428676.977487,114708148.594337,146.428676977487
ALGO,2021-04-29,1.29033896824435,1.38351185000866,1.24682223483835,1.32328531850871,206275764.598221,156987536.934831,206.275764598221
ALGO,2021-04-30,1.32328531850871,1.44715809440117,1.29737164281971,1.40378771774159,200673363.252539,144187870.222026,200.67336325253902
ALGO,2021-05-01,1.40378771774159,1.41997500463898,1.3528792856701,1.39499600129109,117782031.652149,84701969.5302655,117.782031652149
ALGO,2021-05-02,1.39499600129109,1.4107350397088,1.32892419856627,1.38939783427165,125117362.362562,91088223.7045913,125.117362362562
ALGO,2021-05-03,1.38939783427165,1.47456246829184,1.38939783427165,1.43682061562156,150116881.686466,104093016.166381,150.116881686466
ALGO,2021-05-04,1.43682061562156,1.44649736154024,1.2749191072644,1.2749191072644,184849568.008341,135448766.35925,184.849568008341
ALGO,2021-05-05,1.2749191072644,1.45189996534668,1.25688418549136,1.44468556416318,167127425.825872,120380016.849951,167.127425825872
ALGO,2021-05-06,1.44468556416318,1.58000455046038,1.41762613807023,1.54729468306061,307717754.661902,204332249.811322,307.717754661902
ALGO,2021-05-07,1.54729468306061,1.69434268897372,1.47527408026667,1.58025728869982,302929175.333349,188773260.67124,302.929175333349
ALGO,2021-05-08,1.58025728869982,1.62278611620025,1.50177253243924,1.52091712339936,178737515.121437,114541682.206323,178.737515121437
ALGO,2021-05-09,1.52091712339936,1.52936178912088,1.43670067572091,1.5178224407703,150676646.279035,101133491.361671,150.676646279035
ALGO,2021-05-10,1.5178224407703,1.5582796440291,1.32447731054893,1.37201137149764,188602156.336918,129087315.986638,188.602156336918
ALGO,2021-05-11,1.37201137149764,1.47868211859051,1.32634285958793,1.47637490722214,140904035.660492,99889711.4263937,140.904035660492
ALGO,2021-05-12,1.47637490722214,1.50162684014837,1.25378347646431,1.27549606981981,197278037.240304,139565608.666273,197.278037240304
ALGO,2021-05-13,1.27549606981981,1.45124245734656,1.25270111728833,1.35250402529968,245615978.591378,183097604.124738,245.615978591378
ALGO,2021-05-14,1.35250402529968,1.48995139625287,1.32697108478037,1.47775160588398,294363178.460397,206098948.178165,294.363178460397
ALGO,2021-05-15,1.47775160588398,1.53101250084116,1.3765771709899,1.38842427272054,631135566.809687,438042112.442329,631.135566809687
ALGO,2021-05-16,1.38842427272054,1.54110933719162,1.33742576669346,1.39957852222041,602555233.032875,414239450.560047,602.555233032875
ALGO,2021-05-17,1.39957852222041,1.41202976373701,1.26151717458037,1.28591333276522,399222772.758335,298120614.575849,399.222772758335
ALGO,2021-05-18,1.28591333276522,1.3938171661852,1.2659417136317,1.36685149376432,166293184.326647,123599485.75754,166.293184326647
ALGO,2021-05-19,1.36685149376432,1.38834196387721,0.808391168537546,0.940400033474926,343143042.731127,323584136.156505,343.143042731127
ALGO,2021-05-20,0.940400033474926,1.12131871789941,0.854201092143526,1.1104062239762,213703108.359187,209892128.054535,213.703108359187
ALGO,2021-05-21,1.1104062239762,1.14736284709482,0.850434966474029,0.976245913201715,176466659.831908,174858306.143277,176.46665983190798
ALGO,2021-05-22,0.976245913201715,1.01421682639825,0.863785727877649,0.97495979586756,132838825.925223,138754620.627575,132.838825925223
ALGO,2021-05-23,0.97495979586756,1.03989596504696,0.682124682536639,0.82005868721963,203358935.512767,241726284.079203,203.35893551276698
ALGO,2021-05-24,0.82005868721963,1.00501310964526,0.809362970111486,0.982602183390787,128305050.924896,138419184.363595,128.305050924896
ALGO,2021-05-25,0.982602183390787,1.01724058771102,0.872038785077417,0.977446474245233,145164365.29966,153145568.671405,145.16436529966
ALGO,2021-05-26,0.977446474245233,1.06113362465983,0.956445567486454,1.02512382185664,143096842.873063,141691006.37822,143.096842873063
ALGO,2021-05-27,1.02512382185664,1.03351373519896,0.938322531851299,0.976128822360597,104582803.671682,105914746.622886,104.582803671682
ALGO,2021-05-28,0.976128822360597,0.986537613503214,0.848508704619942,0.900251518646337,118206712.421981,130489096.625599,118.20671242198101
ALGO,2021-05-29,0.900251518646337,0.930358670932025,0.791780058425796,0.831716071151415,90080338.888282,105762006.679888,90.080338888282
ALGO,2021-05-30,0.831716071151415,0.890844705143412,0.783787029649442,0.849381942083428,72313388.9704223,85301298.5616985,72.3133889704223
ALGO,2021-05-31,0.849381942083428,0.938023551928354,0.815631962027971,0.936121853656916,83465803.0092246,95031365.7223796,83.46580300922459
ALGO,2021-06-01,0.936121853656916,0.949979427508796,0.877185932443695,0.895313397705546,71830000.7004461,79177070.4571804,71.83000070044609
ALGO,2021-06-02,0.895313397705546,1.06432154549508,0.873968012200346,1.01929471423817,135371574.565228,136909545.401366,135.37157456522797
ALGO,2021-06-03,1.01929471423817,1.15252903331832,1.00577480708549,1.11103426660723,152967844.170505,141393341.771056,152.96784417050497
ALGO,2021-06-04,1.11103426660723,1.13064760452799,0.97962178187742,1.02939151522098,116124810.016634,111876675.063263,116.124810016634
ALGO,2021-06-05,1.02939151522098,1.09025451802671,0.954118450958544,0.976880471527474,92761446.0091312,90880877.8262435,92.76144600913119
ALGO,2021-06-06,0.976880471527474,1.02465259786732,0.965264846168734,1.02458987028505,51114322.0274261,51158211.8007,51.1143220274261
ALGO,2021-06-07,1.02458987028505,1.08815719094311,0.9502785945134,0.963771699742509,86680135.5834216,84131256.0896501,86.6801355834216
ALGO,2021-06-08,0.963771699742509,0.975588718765671,0.857558045146704,0.941780943345927,108137884.04108,117299562.358814,108.13788404108
ALGO,2021-06-09,0.941780943345927,1.13705783561734,0.909763160799522,1.04103241879978,259862886.77738,247067959.153724,259.86288677737997
ALGO,2021-06-10,1.04103241879978,1.04964778479374,0.977269306749713,1.04964778479374,125954900.379675,124603891.199203,125.954900379675
ALGO,2021-06-11,1.04964778479374,1.07810834298278,0.958898428809848,0.973219022478386,151447881.851,146281773.893588,151.447881851
ALGO,2021-06-12,0.973219022478386,1.01132353080007,0.912739925626876,0.990420807355427,90162907.2162122,94254166.4105834,90.1629072162122
ALGO,2021-06-13,0.990420807355427,1.0655872112759,0.96581312356423,1.04113500540528,77239538.9999336,76019507.1591901,77.2395389999336
ALGO,2021-06-14,1.04113500540528,1.08565482583931,1.0259529349735,1.055807316757,86499299.147882,81949975.9353123,86.499299147882
ALGO,2021-06-15,1.055807316757,1.0926612527091,1.02610062694454,1.032585343867,80639520.6174786,76383143.5749659,80.6395206174786
ALGO,2021-06-16,1.032585343867,1.05592874984785,0.999847304806025,1.01703184765727,65878757.7765117,64420633.4333789,65.8787577765117
ALGO,2021-06-17,1.01703184765727,1.08122006765172,1.01414737820461,1.06426857512681,80250085.4398132,75879867.75644,80.25008543981319
ALGO,2021-06-18,1.06426857512681,1.090562805808,0.961875231640041,0.992535578813008,82440945.2181134,81380127.7391089,82.4409452181134
ALGO,2021-06-19,0.992535578813008,0.992769875766887,0.935745989643012,0.935745989643012,62377572.6661039,64677538.0853437,62.3775726661039
ALGO,2021-06-20,0.935745989643012,0.95254144912474,0.879420048155076,0.934885278690163,63629762.2329066,69057977.5907184,63.6297622329066
ALGO,2021-06-21,0.934885278690163,0.941411732229248,0.75258139816438,0.754646770891273,112153420.843551,133309774.638938,112.15342084355099
ALGO,2021-06-22,0.754646770891273,0.849120970710441,0.676860171496183,0.744001114152274,152742623.380117,201918330.031081,152.742623380117
ALGO,2021-06-23,0.744001114152274,0.870106006839672,0.715474366186152,0.832650778604427,101346133.152895,125094992.536566,101.346133152895
ALGO,2021-06-24,0.832650778604427,0.893798990870417,0.797032715999888,0.874041701731707,56960248.3955347,67170693.3377822,56.9602483955347
ALGO,2021-06-25,0.874041701731707,0.898210193449573,0.77917234807494,0.7915095204196,76589507.1533739,92227143.1242831,76.5895071533739
ALGO,2021-06-26,0.7915095204196,0.824136358921718,0.762021758298048,0.809997808920983,60992834.2728571,77305954.4996874,60.9928342728571
ALGO,2021-06-27,0.809997808920983,0.839892397159666,0.773082531002038,0.835946490602399,57334362.0086067,71451282.2960644,57.3343620086067
ALGO,2021-06-28,0.835946490602399,0.864168917730209,0.822503884541737,0.843541746128427,58618419.8555715,69394283.2341299,58.6184198555715
ALGO,2021-06-29,0.843541746128427,0.920788554903741,0.842121597565596,0.885053344787695,69951307.216919,78704138.3705581,69.951307216919
ALGO,2021-06-30,0.885053344787695,0.907216086177057,0.83418396713342,0.88232969638829,57933043.5808794,66848698.4177826,57.9330435808794
ALGO,2021-07-01,0.88232969638829,0.88232969638829,0.812186164949831,0.834187990946164,48427633.5884787,57618603.1390852,48.4276335884787
ALGO,2021-07-02,0.834187990946164,0.845712825959476,0.799502699729874,0.845712825959476,32243387.5299547,39254572.3515469,32.2433875299547
ALGO,2021-07-03,0.845712825959476,0.884495221483525,0.834870380557234,0.876345481205657,27196833.0781346,31563928.527942,27.1968330781346
ALGO,2021-07-04,0.876345481205657,0.91333768532272,0.857142128529417,0.879986048558211,29270864.0610411,32717033.8157894,29.270864061041102
ALGO,2021-07-05,0.879986048558211,0.89149634720827,0.839751382113431,0.873378227565254,42148112.9231686,48521509.962861,42.1481129231686
ALGO,2021-07-06,0.873378227565254,0.931418434576411,0.872760843464307,0.913202043302754,54426469.7634601,60130864.6015136,54.4264697634601
ALGO,2021-07-07,0.913202043302754,0.939766370785967,0.903478235357715,0.906289938093521,46100178.3396802,50019202.2627207,46.100178339680205
ALGO,2021-07-08,0.906289938093521,0.90687818623269,0.848121957479894,0.86782832725161,44865559.7788838,51528334.6252741,44.8655597788838
ALGO,2021-07-09,0.86782832725161,0.93075452080349,0.829576187579147,0.905605983845059,68847911.817848,77300081.6670825,68.847911817848
ALGO,2021-07-10,0.905605983845059,0.921373411458987,0.868756197421418,0.892176590340416,34061093.268973,38300169.1991692,34.061093268973
ALGO,2021-07-11,0.892176590340416,0.917973238571976,0.885729353770235,0.894757856001109,27880240.7243195,30852793.5012564,27.8802407243195
ALGO,2021-07-12,0.894757856001109,0.904208700126078,0.851083534316649,0.867862388106005,32376005.96274,36912272.0128933,32.37600596274
ALGO,2021-07-13,0.867862388106005,0.896990851636287,0.85028558445305,0.875182434518067,37197737.1478924,42640295.3976981,37.197737147892404
ALGO,2021-07-14,0.875182434518067,0.880535128396854,0.824757970653017,0.858731543140133,40559714.5070307,47750082.0210922,40.559714507030705
ALGO,2021-07-15,0.858731543140133,0.878635534375701,0.821359165609565,0.834092314856622,37601394.042145,44652472.7319399,37.601394042144996
ALGO,2021-07-16,0.834092314856622,0.850644426445926,0.774823547260594,0.784954539828064,47004709.0981787,58484327.5419065,47.0047090981787
ALGO,2021-07-17,0.784954539828064,0.8056240218072,0.774726623140395,0.784839203782001,32677840.9608125,41474859.7605687,32.6778409608125
ALGO,2021-07-18,0.784839203782001,0.813550876732091,0.777943235997163,0.79948036045373,26272533.6783875,33006337.5322294,26.2725336783875
ALGO,2021-07-19,0.79948036045373,0.807748717718919,0.748193903126941,0.750891820496307,32408785.9434767,41978045.8616848,32.4087859434767
ALGO,2021-07-20,0.750891820496307,0.764656470434387,0.677951251985555,0.696415747787464,66030170.7166463,93583516.8834986,66.0301707166463
ALGO,2021-07-21,0.696415747787464,0.781976388345666,0.68344930441239,0.769986453977913,43138482.5303111,57666357.1384801,43.1384825303111
ALGO,2021-07-22,0.769986453977913,0.799009344057956,0.755334655001505,0.796290568875243,42179110.8286872,54252023.9163936,42.1791108286872
ALGO,2021-07-23,0.796290568875243,0.814923320548282,0.771928619142637,0.808127331174439,36067398.1787927,45585525.9468603,36.0673981787927
ALGO,2021-07-24,0.808127331174439,0.846762938218197,0.803875397136928,0.827084065545434,38222033.2328966,46155387.1381072,38.22203323289661
ALGO,2021-07-25,0.827084065545434,0.907759248498144,0.797839376244189,0.891076086299224,66922764.2368723,78118711.1862159,66.9227642368723
ALGO,2021-07-26,0.891076086299224,0.931834068925416,0.840818179327971,0.847882613861594,89139417.8820073,99749969.4217629,89.1394178820073
ALGO,2021-07-27,0.847882613861594,0.871389606125264,0.818339573189779,0.857002331764552,45547136.6148753,53920072.1546436,45.5471366148753
ALGO,2021-07-28,0.857002331764552,0.871360807189013,0.828697466383465,0.847730141611346,47261186.5039992,55494626.727876,47.261186503999205
ALGO,2021-07-29,0.847730141611346,0.854328930520935,0.825576857960775,0.845831086589185,34519808.5862158,41032597.9708282,34.5198085862158
ALGO,2021-07-30,0.845831086589185,0.85513124638901,0.809631606153485,0.853356615516944,43932959.307843,52537415.99464,43.932959307843
ALGO,2021-07-31,0.853356615516944,0.856069291567297,0.8219709474344,0.839495317236986,50174565.736605,59522492.7693167,50.174565736605004
ALGO,2021-08-01,0.839495317236986,0.875891669733658,0.805685693418693,0.812858485029369,60996073.3776043,71779867.2677808,60.9960733776043
ALGO,2021-08-02,0.812858485029369,0.839443390732136,0.802843494473892,0.817096274303134,41717170.3468686,50821906.0556174,41.7171703468686
ALGO,2021-08-03,0.817096274303134,0.83626445951447,0.791360496051844,0.818621885649007,42424982.0784018,51929512.3476376,42.4249820784018
ALGO,2021-08-04,0.818621885649007,0.840276562388103,0.802870129167655,0.828294145743129,44102678.3479908,53545768.9651548,44.1026783479908
ALGO,2021-08-05,0.828294145743129,0.859151015753728,0.813871662106163,0.850787020885291,56376427.3202694,67201641.7885298,56.3764273202694
ALGO,2021-08-06,0.850787020885291,0.869035392390576,0.823220051997497,0.855222479012814,59172939.391853,69705195.759344,59.172939391853
ALGO,2021-08-07,0.855222479012814,0.894187731371869,0.847813607574198,0.875825901749791,96928441.9701383,111361552.138138,96.9284419701383
ALGO,2021-08-08,0.875825901749791,0.885513226625412,0.818077226065492,0.825714435845658,72534154.568264,84859598.0325715,72.53415456826399
ALGO,2021-08-09,0.825714435845658,0.87069092785033,0.804987395170789,0.855196098123436,65747639.443984,78019781.8502265,65.747639443984
ALGO,2021-08-10,0.855196098123436,0.908448022539073,0.83920090852295,0.88289826904446,88742444.4665295,101120042.446708,88.7424444665295
ALGO,2021-08-11,0.88289826904446,0.969009727971005,0.878614967807434,0.911876387154468,149238005.762534,160927628.151538,149.238005762534
ALGO,2021-08-12,0.911876387154468,0.964367688070741,0.855073652040449,0.884180388934171,139472318.895106,154374435.748015,139.47231889510599
ALGO,2021-08-13,0.884180388934171,0.955650364135287,0.872088711133965,0.954746640583275,111981250.008104,121133351.385065,111.981250008104
ALGO,2021-08-14,0.954746640583275,0.978036818355953,0.915376520764997,0.933124099980732,127266741.422805,135212806.742371,127.266741422805
ALGO,2021-08-15,0.933124099980732,1.0243403083134,0.928139059415277,0.996080669676704,156036716.770085,161670670.108761,156.036716770085
ALGO,2021-08-16,0.996080669676704,1.0270320441497,0.937782050077932,0.94600133387324,151784213.538206,154182100.388958,151.78421353820602
ALGO,2021-08-17,0.94600133387324,0.992825755873773,0.884820064143883,0.885878957583015,144172491.883646,152925266.465595,144.17249188364602
ALGO,2021-08-18,0.885878957583015,0.962321300351847,0.855683499967497,0.922633510831026,125603530.57547,138694833.184353,125.60353057547
ALGO,2021-08-19,0.922633510831026,1.07081696383935,0.914178035007618,1.04410159190119,266926839.32273,264939878.982216,266.92683932273
ALGO,2021-08-20,1.04410159190119,1.15286502268842,1.04104406229354,1.13811531863703,264327726.619302,237540499.294932,264.327726619302
ALGO,2021-08-21,1.13811531863703,1.22264382443586,1.09321762885098,1.14970322632572,278309760.788777,240819505.72472,278.309760788777
ALGO,2021-08-22,1.14970322632572,1.24385840227343,1.12159518717918,1.15827723468438,204547521.708754,173892554.898834,204.547521708754
ALGO,2021-08-23,1.15827723468438,1.18681706352448,1.11090462814127,1.15923075287351,151676381.278361,131500066.157289,151.676381278361
ALGO,2021-08-24,1.15923075287351,1.15923075287351,1.01686621447598,1.03740196046988,185312866.500726,169836345.419275,185.31286650072602
ALGO,2021-08-25,1.03740196046988,1.07904764039195,1.0024687277639,1.06477503424283,154148889.230749,147506737.749968,154.148889230749
ALGO,2021-08-26,1.06477503424283,1.07488245647702,0.974829681069574,0.989189783075142,121402602.778982,120718195.850525,121.402602778982
ALGO,2021-08-27,0.989189783075142,1.06567840616179,0.961140103140712,1.06567840616179,121408479.96659,119133482.187363,121.40847996659001
ALGO,2021-08-28,1.06567840616179,1.07406786736009,1.02356125208323,1.03929167750777,99538453.7375174,94972604.2154249,99.5384537375174
ALGO,2021-08-29,1.03929167750777,1.06696890038072,1.0024424176916,1.02286466243779,97240157.9196265,94551437.2870804,97.2401579196265
ALGO,2021-08-30,1.02286466243779,1.09323993151959,0.979558172699067,1.02063983796443,144443342.760774,140760013.114787,144.443342760774
ALGO,2021-08-31,1.02063983796443,1.16729713201172,1.00490899901907,1.11304283541562,267622246.490739,242599402.138425,267.622246490739
ALGO,2021-09-01,1.11304283541562,1.18418113016087,1.08064301544229,1.1607286110964,232593608.079579,202126426.92029,232.59360807957898
ALGO,2021-09-02,1.1607286110964,1.17713543809372,1.12501695921,1.14361423156529,127666380.740636,111120840.193797,127.666380740636
ALGO,2021-09-03,1.14361423156529,1.26869693779811,1.10992233431469,1.21837795199168,270591076.732652,222865485.775872,270.591076732652
ALGO,2021-09-04,1.21837795199168,1.23857834654456,1.19207023428268,1.2082089780627,197792383.668769,163382067.99487,197.792383668769
ALGO,2021-09-05,1.2082089780627,1.34947519271834,1.1829290115532,1.31474152455979,241067584.186887,188789444.578888,241.067584186887
ALGO,2021-09-06,1.31474152455979,1.48588537212826,1.29493494677183,1.45971413150862,400751165.017556,288737750.811436,400.751165017556
ALGO,2021-09-07,1.45971413150862,1.51448887552249,1.05219187275479,1.27615374816843,494430667.102804,371785978.161128,494.430667102804
ALGO,2021-09-08,1.27615374816843,1.96081639835149,1.23486999046693,1.91600749467465,2126618845.24656,1265563060.36778,2126.61884524656
ALGO,2021-09-09,1.91600749467465,2.47602866894359,1.90974555385213,2.30354948652209,3452025524.45288,1590331544.38004,3452.02552445288
ALGO,2021-09-10,2.30354948652209,2.42057507228831,1.84872330945583,2.01395951538038,2017781863.76108,980379916.635365,2017.78186376108
ALGO,2021-09-11,2.01395951538038,2.28070671281605,1.97067333600882,1.99513660746496,1446510932.57382,684361280.261877,1446.5109325738201
ALGO,2021-09-12,1.99513660746496,2.46560164912526,1.90754049715304,2.37881291922912,1574554503.66023,707292462.357173,1574.55450366023
ALGO,2021-09-13,2.37881291922912,2.54792866417392,1.99896123483661,2.16545911381136,1645739582.27082,745202207.213559,1645.73958227082
ALGO,2021-09-14,2.16545911381136,2.25771277968436,1.99002263875694,2.03969943345979,928665931.589514,439857675.971577,928.665931589514
ALGO,2021-09-15,2.03969943345979,2.0848566557607,2.00125910432722,2.0143096883,556500763.702409,273152569.228301,556.500763702409
ALGO,2021-09-16,2.0143096883,2.220584638208,1.8670689592946,2.03838792435155,992731064.995505,478782774.658681,992.731064995505
ALGO,2021-09-17,2.03838792435155,2.15412499096588,1.89567895576426,1.92352457073703,718494179.924731,356596279.765936,718.494179924731
ALGO,2021-09-18,1.92352457073703,2.12724572573655,1.89795730647914,2.07106167005552,604811997.90371,298972278.033276,604.81199790371
ALGO,2021-09-19,2.07106167005552,2.15271144897376,1.94692732459166,1.97440351347741,572316912.477261,280006986.275721,572.316912477261
ALGO,2021-09-20,1.97440351347741,1.97469288055589,1.55517747525345,1.6747384749031,810315723.844964,464182668.28662,810.315723844964
ALGO,2021-09-21,1.6747384749031,1.82401647151268,1.53136535003857,1.57718253963257,599371196.999363,356443233.504181,599.371196999363
ALGO,2021-09-22,1.57718253963257,1.89493482512898,1.55311605760247,1.84604870678305,567726455.440645,323627062.045663,567.7264554406449
ALGO,2021-09-23,1.84604870678305,2.04978425769847,1.79129872775947,2.00480933599027,671908890.725403,348316089.228301,671.9088907254029
ALGO,2021-09-24,2.00480933599027,2.00480933599027,1.70537321631296,1.7886334134125,590715237.26976,321607606.755334,590.71523726976
ALGO,2021-09-25,1.7886334134125,1.81482644583898,1.69800106688851,1.73296574927509,387821880.51895,220873633.571041,387.82188051894997
ALGO,2021-09-26,1.73296574927509,1.77934791335928,1.57063393115188,1.77790990173577,364157116.109215,215530380.503694,364.157116109215
ALGO,2021-09-27,1.77790990173577,1.85606991823375,1.67126752081138,1.67432636129229,518766447.418486,290884537.573849,518.766447418486
ALGO,2021-09-28,1.67432636129229,1.71811285576883,1.55489772406909,1.56550925820714,404189129.907778,245601011.122784,404.189129907778
ALGO,2021-09-29,1.56550925820714,1.74840153994592,1.55254439022318,1.60659498095903,415930612.659135,254456472.018067,415.93061265913497
ALGO,2021-09-30,1.60659498095903,1.66061933742355,1.57617082393378,1.6274842475155,368167708.967425,228199363.561775,368.16770896742497
ALGO,2021-10-01,1.6274842475155,1.8127429245203,1.59680286032997,1.77283469553951,440970497.706987,257031658.141429,440.97049770698703
ALGO,2021-10-02,1.77283469553951,1.88192736969792,1.71232652911324,1.77006129494575,467361876.280317,260742419.997817,467.361876280317
ALGO,2021-10-03,1.77006129494575,1.99664484902546,1.73426066178837,1.98507810335661,592741896.457737,313894066.376962,592.741896457737
ALGO,2021-10-04,1.98507810335661,2.09220900851659,1.88911570476449,1.93965432525521,961123307.103139,481584576.663806,961.123307103139
ALGO,2021-10-05,1.93965432525521,2.05909732011743,1.92128424988161,1.95248015994411,572182074.45621,288738047.094477,572.18207445621
ALGO,2021-10-06,1.95248015994411,1.98532127173772,1.78541009860934,1.81403378729739,550877399.865135,294487598.807116,550.877399865135
ALGO,2021-10-07,1.81403378729739,1.93503286899861,1.75450463407472,1.88987746461696,534503870.842822,288674248.356694,534.503870842822
ALGO,2021-10-08,1.88987746461696,1.99819758039969,1.87881547602975,1.89758461213659,498051298.332197,256884268.63903,498.051298332197
ALGO,2021-10-09,1.89758461213659,1.94704227307431,1.86447619296095,1.89263419198088,305561965.338327,160889925.91423,305.561965338327
ALGO,2021-10-10,1.89263419198088,1.89263419198088,1.76374489497419,1.76681167310531,214947610.849079,116840253.364081,214.947610849079
ALGO,2021-10-11,1.76681167310531,1.83265649917859,1.68033126565883,1.71583957237751,239193563.906671,135663123.137243,239.193563906671
ALGO,2021-10-12,1.71583957237751,1.75470447350136,1.60858204229669,1.74726330283372,304112142.551758,180392019.192248,304.112142551758
ALGO,2021-10-13,1.74726330283372,1.84394814729781,1.69312105646163,1.83690398660909,290576255.703064,165711333.408155,290.576255703064
ALGO,2021-10-14,1.83690398660909,1.87981919523038,1.77962108291161,1.8107145692898,258833520.842717,141812736.724694,258.833520842717
ALGO,2021-10-15,1.8107145692898,1.8107145692898,1.73329187180549,1.75528153921487,251309938.31093,142344628.139709,251.30993831093002
ALGO,2021-10-16,1.75528153921487,1.84783182945681,1.7364207851965,1.79851527730008,271206310.01571,151002575.163829,271.20631001571
ALGO,2021-10-17,1.79851527730008,1.88974428452139,1.72904584099323,1.76885081118427,281136014.278592,154630841.055644,281.136014278592
ALGO,2021-10-18,1.76885081118427,1.78698954257862,1.71717367572806,1.73698053347784,162111398.487881,92717350.0379806,162.11139848788102
ALGO,2021-10-19,1.73698053347784,1.76754707399371,1.6870119575141,1.71054470505636,150817479.883637,87393252.3905966,150.81747988363702
ALGO,2021-10-20,1.71054470505636,1.82192516383007,1.68829923825293,1.79034488379879,196013642.546581,111556681.816941,196.013642546581
ALGO,2021-10-21,1.79034488379879,1.88103761542851,1.75665749724501,1.78423330658141,327088140.195876,180711453.280711,327.088140195876
ALGO,2021-10-22,1.78423330658141,1.93727922856715,1.77312623343282,1.86045258453912,423061783.538653,225707993.071415,423.061783538653
ALGO,2021-10-23,1.86045258453912,1.93988492323872,1.84906552215846,1.90749483163822,282454597.782414,149261799.287261,282.454597782414
ALGO,2021-10-24,1.90749483163822,1.91716660459265,1.7828095226838,1.81543588744205,207609301.138609,112270229.236965,207.609301138609
ALGO,2021-10-25,1.81543588744205,2.07044615742972,1.80829265495741,2.04845344989364,406282496.953574,208254488.256083,406.282496953574
ALGO,2021-10-26,2.04845344989364,2.09945624415533,1.95275861037933,2.04295233112948,486841833.226044,241154895.05767,486.841833226044
ALGO,2021-10-27,2.04295233112948,2.08564225991558,1.71760046380244,1.79538065174833,506065120.591732,268475159.428092,506.065120591732
ALGO,2021-10-28,1.79538065174833,1.87889724507226,1.75602745624444,1.84556475447319,349464137.322594,190971956.929523,349.464137322594
ALGO,2021-10-29,1.84556475447319,1.91481722963093,1.83776410517791,1.87486256916708,289978623.105239,154921309.438419,289.97862310523897
ALGO,2021-10-30,1.87486256916708,1.8761862000561,1.78527073656806,1.81940079609164,193431847.244668,105875184.944062,193.431847244668
ALGO,2021-10-31,1.81940079609164,1.85686945232128,1.7577359990954,1.83034193994743,196534947.608644,108371142.196668,196.53494760864402
ALGO,2021-11-01,1.83034193994743,1.86594335532311,1.78270258035359,1.83364182318426,211086859.827294,115240318.201506,211.086859827294
ALGO,2021-11-02,1.83364182318426,1.90946655786002,1.83251500200549,1.86469833158161,232805934.739295,124259948.608825,232.805934739295
ALGO,2021-11-03,1.86469833158161,1.9730090646172,1.82784946956453,1.93206878340669,352189035.965301,185215981.278462,352.189035965301
ALGO,2021-11-04,1.93206878340669,1.96075983458728,1.82234017541695,1.85989777497627,277795440.98596,148365715.393856,277.79544098596
ALGO,2021-11-05,1.85989777497627,1.91344456084034,1.83179702051236,1.84424908111091,190961982.200765,102296925.839162,190.96198220076502
ALGO,2021-11-06,1.84424908111091,1.86768552303683,1.78116983807383,1.83761136402073,151008817.248878,82669478.3091778,151.008817248878
ALGO,2021-11-07,1.83761136402073,1.87103501889772,1.82257381698941,1.86763953707765,138848117.394377,75276095.7183799,138.848117394377
ALGO,2021-11-08,1.86763953707765,2.07416697602044,1.83853054760742,2.04728946492725,438457457.897267,222839700.84498,438.457457897267
ALGO,2021-11-09,2.04728946492725,2.05531513349976,1.93482142795627,1.94612585724196,357781080.931698,180884518.904292,357.781080931698
ALGO,2021-11-10,1.94612585724196,2.28816294142991,1.86035927395187,1.93427587282558,798789002.417363,385917067.570869,798.789002417363
ALGO,2021-11-11,1.93427587282558,2.05771780803135,1.87807258518021,2.02111750397309,537041770.08819,270595261.413368,537.04177008819
ALGO,2021-11-12,2.02111750397309,2.3359000777931,2.00390834566417,2.14655332454179,1291931447.58623,587911204.921775,1291.93144758623
ALGO,2021-11-13,2.14655332454179,2.16069766192835,2.03532597753997,2.07531600917971,565908245.087456,271181206.550308,565.908245087456
ALGO,2021-11-14,2.07531600917971,2.10771282460705,1.92171201218796,1.98463659671302,355185674.760622,177778866.742201,355.185674760622
ALGO,2021-11-15,1.98463659671302,2.00932049034155,1.86730323981363,1.89137479475638,379627868.05044,195685561.469024,379.62786805044
ALGO,2021-11-16,1.89137479475638,1.89137479475638,1.57999300408067,1.7239116362878,571934412.026815,330123246.998482,571.934412026815
ALGO,2021-11-17,1.7239116362878,1.75891858184685,1.59821230367573,1.66057869971681,468337813.44929,282000013.339117,468.33781344928997
ALGO,2021-11-18,1.66057869971681,2.76970389621215,1.65185657685218,1.85321108724336,2573125667.99435,1273012393.02589,2573.12566799435
ALGO,2021-11-19,1.85321108724336,1.91147112079836,1.75756473285147,1.88554632609728,739590523.322109,403105559.99606,739.590523322109
ALGO,2021-11-20,1.88554632609728,1.90887383659716,1.76946243163096,1.84698464820719,346853727.250669,188527954.82283,346.853727250669
ALGO,2021-11-21,1.84698464820719,1.89877501004943,1.79401355273981,1.83955223859429,351992027.963501,190769275.407732,351.99202796350096
ALGO,2021-11-22,1.83955223859429,1.84350931662418,1.72736613155636,1.74627405803728,344664074.34191,194481973.722344,344.66407434191
ALGO,2021-11-23,1.74627405803728,1.85374979892545,1.70449538486811,1.84104876691045,348407274.389159,197721704.105441,348.407274389159
ALGO,2021-11-24,1.84104876691045,1.87661001477182,1.72883147812858,1.74866856544741,365740146.965406,204353050.571723,365.740146965406
ALGO,2021-11-25,1.74866856544741,1.84924146487549,1.73187366936325,1.82770107769137,341297635.421329,190181195.875391,341.297635421329
ALGO,2021-11-26,1.82770107769137,1.82794920981133,1.60182867413763,1.6116365734762,424152473.719866,252462691.017285,424.15247371986595
ALGO,2021-11-27,1.6116365734762,1.73048171142007,1.61024921524409,1.68424205995974,316818142.61945,188358102.612871,316.81814261945
ALGO,2021-11-28,1.68424205995974,1.71935634285854,1.58941059473706,1.71935634285854,246628706.992528,149328498.166842,246.62870699252798
ALGO,2021-11-29,1.71935634285854,1.83296804084632,1.70094725136341,1.77794687750566,349586147.959086,197550876.187645,349.586147959086
ALGO,2021-11-30,1.77794687750566,1.87768888711117,1.73801962494575,1.81708430085419,399836459.846207,221265440.860402,399.83645984620705
ALGO,2021-12-01,1.81708430085419,2.02568952499145,1.80851296283659,1.96888607682821,640377570.827102,331310386.590914,640.377570827102
ALGO,2021-12-02,1.96888607682821,2.04548570598425,1.85705896820927,1.89361086974963,525854851.765081,274444444.514023,525.854851765081
ALGO,2021-12-03,1.89361086974963,1.94576461096736,1.71764182304019,1.75543237631204,394109792.89964,212751764.82292,394.10979289964
ALGO,2021-12-04,1.75543237631204,1.75543237631204,1.38907142854487,1.65661610638799,510201227.027559,323382861.871492,510.20122702755896
ALGO,2021-12-05,1.65661610638799,1.77029897742353,1.59735329632884,1.77029897742353,565262512.8368,334681751.486024,565.2625128367999
ALGO,2021-12-06,1.77029897742353,1.86405448897918,1.62155501952236,1.7687855594007,762198697.741783,435056934.548234,762.198697741783
ALGO,2021-12-07,1.7687855594007,1.81355875542805,1.67296344182288,1.69292972879765,381945682.882221,217408036.969621,381.945682882221
ALGO,2021-12-08,1.69292972879765,1.70663818696755,1.60911142845253,1.70663818696755,212622009.568747,127192331.33379,212.62200956874702
ALGO,2021-12-09,1.70663818696755,1.71814068392596,1.55283321082911,1.55283321082911,254043755.063191,156113319.274168,254.04375506319099
ALGO,2021-12-10,1.55283321082911,1.6016321868769,1.46356334715637,1.46397488052054,232278526.09843,150496021.693946,232.27852609843
ALGO,2021-12-11,1.46397488052054,1.57149195137174,1.43806448175728,1.53069562788906,174436719.469089,116117328.441129,174.436719469089
ALGO,2021-12-12,1.53069562788906,1.56881411458544,1.51415581427401,1.54408589516386,127584891.791321,82848135.7353688,127.584891791321
ALGO,2021-12-13,1.54408589516386,1.56095683472133,1.32384857552512,1.32614400027064,247589902.181984,174495420.405121,247.589902181984
ALGO,2021-12-14,1.32614400027064,1.39520564032483,1.31433927776342,1.38348584038189,195060018.497884,144076707.072904,195.06001849788402
ALGO,2021-12-15,1.38348584038189,1.45633171193757,1.31089982619055,1.43182765296603,190709890.665733,137847062.171517,190.709890665733
ALGO,2021-12-16,1.43182765296603,1.46897789324689,1.38809222260324,1.39138136289047,138269388.983835,96559147.3778118,138.269388983835
ALGO,2021-12-17,1.39138136289047,1.40496357867764,1.32231469956199,1.35091347386439,136169498.553245,99800099.4689699,136.169498553245
ALGO,2021-12-18,1.35091347386439,1.40017046025741,1.33035917458536,1.38137256695108,124418081.789578,90837798.0670452,124.41808178957801
ALGO,2021-12-19,1.38137256695108,1.42475057468628,1.35646822585563,1.35827072634972,124961600.81567,89868368.7441355,124.96160081567
ALGO,2021-12-20,1.35827072634972,1.35878037421786,1.26027028443895,1.29919993530182,164017606.268099,125824973.966013,164.017606268099
ALGO,2021-12-21,1.29919993530182,1.36346360792035,1.2930854860825,1.358353088236,178826111.335123,133846481.426044,178.82611133512302
ALGO,2021-12-22,1.358353088236,1.41485953125806,1.34418778336781,1.3660024979586,196221216.95181,142334434.555126,196.22121695181
ALGO,2021-12-23,1.3660024979586,1.48999059784076,1.34827675199246,1.47169556666051,242906157.611342,172026421.380544,242.90615761134202
ALGO,2021-12-24,1.47169556666051,1.65391707495643,1.45031878579767,1.5782476539636,419524513.630569,269789744.867391,419.524513630569
ALGO,2021-12-25,1.5782476539636,1.60249385356807,1.53679223487476,1.57724045341556,235777968.357259,150306326.537969,235.777968357259
ALGO,2021-12-26,1.57724045341556,1.6434205516636,1.54936209822411,1.60870544036764,363601087.263814,226487772.437436,363.60108726381395
ALGO,2021-12-27,1.60870544036764,1.72528823226861,1.58254734157081,1.6641108917236,356065645.285475,215893755.438141,356.065645285475
ALGO,2021-12-28,1.6641108917236,1.6641108917236,1.45599217676985,1.46774466412011,396234957.56205,255199189.804352,396.23495756205
ALGO,2021-12-29,1.46774466412011,1.64055881176603,1.41064862598777,1.58514886300652,478202837.011429,313403859.045787,478.20283701142904
ALGO,2021-12-30,1.58514886300652,1.76148329349341,1.52563213915247,1.7316006218883,702206918.665343,422295617.62184,702.2069186653431
ALGO,2021-12-31,1.7316006218883,1.78218803719034,1.63110699190021,1.66094837888503,512377476.644015,298221545.799082,512.377476644015
ALGO,2022-01-01,1.66094837888503,1.76801517576309,1.63344590472251,1.74335768627086,257982153.880279,151613072.648295,257.982153880279
ALGO,2022-01-02,1.74335768627086,1.78361893213891,1.66464243091059,1.67686506517042,264510094.708867,155254986.804049,264.51009470886703
ALGO,2022-01-03,1.67686506517042,1.83595928185341,1.63124312613438,1.79481163160459,564649739.339649,323460056.818064,564.6497393396489
ALGO,2022-01-04,1.79481163160459,1.8425263043349,1.66324531337886,1.67370800798216,637156686.890088,365150983.631882,637.1566868900879
ALGO,2022-01-05,1.67370800798216,1.8003086871463,1.45788193924264,1.55675139499545,614406083.790389,363096138.75293,614.406083790389
ALGO,2022-01-06,1.55675139499545,1.6042033192015,1.48728669164602,1.5648951516449,450330709.985873,291282690.663438,450.330709985873
ALGO,2022-01-07,1.5648951516449,1.56912514997629,1.39938676061697,1.44613124855357,457158614.254476,313418169.311058,457.158614254476
ALGO,2022-01-08,1.44613124855357,1.46954334455607,1.32184218745047,1.38704002419547,291412663.451166,207461705.304574,291.412663451166
ALGO,2022-01-09,1.38704002419547,1.44235167795314,1.37314604665945,1.4030303196687,149578450.494745,106021183.137282,149.578450494745
ALGO,2022-01-10,1.4030303196687,1.45023195991994,1.30679003140953,1.36387128910002,317099744.114894,229940433.770641,317.09974411489395
ALGO,2022-01-11,1.36387128910002,1.45318726568185,1.3516925843735,1.44806690369259,296243047.591357,210360774.349654,296.24304759135697
ALGO,2022-01-12,1.44806690369259,1.50440408979224,1.44166267629004,1.50004368033917,352032499.23861,238043050.677362,352.03249923861006
ALGO,2022-01-13,1.50004368033917,1.50037495374388,1.34660038155665,1.36362376106319,430939371.914322,303984229.093787,430.939371914322
ALGO,2022-01-14,1.36362376106319,1.41216575465466,1.32828244628245,1.38468617447468,316958202.610895,230548308.82826,316.958202610895
ALGO,2022-01-15,1.38468617447468,1.41532937029367,1.36026783602348,1.38069533189101,171484633.524371,123611286.970441,171.484633524371
ALGO,2022-01-16,1.38069533189101,1.44885161205829,1.36901067605728,1.43059092913706,227877955.153818,161763910.986359,227.87795515381802
ALGO,2022-01-17,1.43059092913706,1.44402951511394,1.34126385417466,1.34318064629425,303987327.658278,219652109.503668,303.987327658278
ALGO,2022-01-18,1.34318064629425,1.36176858173223,1.28008081070766,1.31828752671663,261615465.631776,198400860.773145,261.61546563177603
ALGO,2022-01-19,1.31828752671663,1.32306897512299,1.22752479691839,1.2664600077238,272301663.424105,213074006.935411,272.301663424105
ALGO,2022-01-20,1.2664600077238,1.32578037810424,1.16384361340456,1.16527706789074,267560495.913355,212036369.510611,267.560495913355
ALGO,2022-01-21,1.16527706789074,1.19351677064976,1.00270258243375,1.03357859934788,495333853.947802,444585578.137507,495.333853947802
ALGO,2022-01-22,1.03357859934788,1.0629941235414,0.808126846892421,0.952904067800532,612508675.553001,665462474.005116,612.508675553001
ALGO,2022-01-23,0.952904067800532,1.00460320929587,0.927144005197362,0.990485154141212,329302894.885637,340478520.63111,329.302894885637
ALGO,2022-01-24,0.990485154141212,0.990485154141212,0.821865390259305,0.913732517134228,311029224.030182,350026614.425813,311.029224030182
ALGO,2022-01-25,0.913732517134228,0.946501347139867,0.870024488322791,0.922933849033788,264174807.34791,292988308.061122,264.17480734790996
ALGO,2022-01-26,0.922933849033788,0.992678226672997,0.895292449179499,0.925159943615428,319830866.385524,337464435.780489,319.83086638552396
ALGO,2022-01-27,0.925159943615428,0.956218173734846,0.881100969368284,0.937707203726908,236355878.463919,257924717.400992,236.35587846391903
ALGO,2022-01-28,0.937707203726908,0.985196864570794,0.923402428394463,0.9591687319118,236291321.410439,248633580.353216,236.29132141043902
ALGO,2022-01-29,0.9591687319118,1.0069480083649,0.957469113770051,0.970085882842567,189181579.669248,192941400.837484,189.181579669248
ALGO,2022-01-30,0.970085882842567,0.990336370659511,0.932012976242343,0.946955558381511,159128537.339216,166109707.5783,159.128537339216
ALGO,2022-01-31,0.946955558381511,0.970368248635848,0.90747078467676,0.951179074329934,186477353.946708,198198803.355478,186.477353946708
ALGO,2022-02-01,0.951179074329934,0.991461082964582,0.948699042581581,0.968646062399017,173583148.534948,178613676.178161,173.58314853494798
ALGO,2022-02-02,0.968646062399017,1.03164477015699,0.924233592603808,0.92553940597108,281363699.253354,285037193.11971,281.363699253354
ALGO,2022-02-03,0.92553940597108,0.942453730429868,0.903096785840536,0.936151392269873,190302111.13585,206132945.488111,190.30211113585003
ALGO,2022-02-04,0.936151392269873,1.00071778015119,0.928380528867755,0.999466948672504,194286670.384421,202643492.107787,194.286670384421
ALGO,2022-02-05,0.999466948672504,1.04607190995069,0.987707406281387,1.00547602300431,214222738.840785,210943394.195238,214.22273884078498
ALGO,2022-02-06,1.00547602300431,1.03172302398724,0.978572450140755,1.02804874105894,186091824.128922,184451596.773176,186.09182412892198
ALGO,2022-02-07,1.02804874105894,1.10112691905034,1.00330263246366,1.07326703139856,363043135.980894,341941572.71031,363.043135980894
ALGO,2022-02-08,1.07326703139856,1.10293199480337,0.991214613944787,1.02646037757099,314683677.106844,302589220.648579,314.683677106844
ALGO,2022-02-09,1.02646037757099,1.04684116667225,1.00101922049114,1.03879122795118,223716630.34663,217121769.300634,223.71663034663
ALGO,2022-02-10,1.03879122795118,1.04928721808253,0.979139470697706,0.98382198540374,247989808.128215,244298446.978934,247.98980812821497
ALGO,2022-02-11,0.98382198540374,0.996902895612569,0.899576645216474,0.918831812094886,211561317.830311,219334857.556721,211.561317830311
ALGO,2022-02-12,0.918831812094886,0.941958202329018,0.893087982923297,0.920374105047972,130100090.691774,141340415.666284,130.100090691774
ALGO,2022-02-13,0.920374105047972,0.935535328426697,0.884244655767822,0.898567805378009,109759177.642943,119720128.661384,109.759177642943
ALGO,2022-02-14,0.898567805378009,0.910336510978992,0.876075134886608,0.900586025609756,121587295.783931,136257750.116044,121.587295783931
ALGO,2022-02-15,0.900586025609756,0.97534640437601,0.900091250805237,0.970810944689976,134791269.702484,143456434.536264,134.79126970248402
ALGO,2022-02-16,0.970810944689976,1.00846189725075,0.955779525051742,0.979856512357028,215312281.317598,219334298.44042,215.31228131759798
ALGO,2022-02-17,0.979856512357028,0.988899245208801,0.890623677552978,0.899618770721048,168004295.57714,178794700.626828,168.00429557714
ALGO,2022-02-18,0.899618770721048,0.927178243228997,0.877514008291829,0.896663239757453,110414530.701492,122452876.382371,110.414530701492
ALGO,2022-02-19,0.896663239757453,0.918669912718844,0.873901209572859,0.900727123016813,82713470.3718277,92246354.6636703,82.71347037182771
ALGO,2022-02-20,0.900727123016813,0.901256540984316,0.834727673044148,0.846531048364524,102228677.096768,119191987.790499,102.22867709676801
ALGO,2022-02-21,0.846531048364524,0.879664527718612,0.782087346409298,0.786459928976975,166652655.108118,197980512.923211,166.652655108118
ALGO,2022-02-22,0.786459928976975,0.820440152962819,0.760941168326742,0.812127439515593,155011330.829875,195713388.566512,155.011330829875
ALGO,2022-02-23,0.812127439515593,0.85069878641671,0.783842025051976,0.786454922645104,148728617.118618,181691720.132834,148.72861711861802
ALGO,2022-02-24,0.786454922645104,0.793654504204327,0.690940674947931,0.778567689754524,244352792.9612,329809740.23258,244.3527929612
ALGO,2022-02-25,0.778567689754524,0.841946446850672,0.770660486421348,0.831835008504599,143286159.678741,179508014.219057,143.286159678741
ALGO,2022-02-26,0.831835008504599,0.881366347297423,0.823377359348485,0.860360064785595,146461058.297415,172674381.735494,146.46105829741498
ALGO,2022-02-27,0.860360064785595,0.86327172905184,0.785270214280885,0.79983404462918,153255111.373308,186184602.469437,153.255111373308
ALGO,2022-02-28,0.79983404462918,0.869042546611239,0.786524639275535,0.868659066268277,171940621.237774,206757472.068133,171.94062123777402
ALGO,2022-03-01,0.868659066268277,0.893434136382813,0.838666535107889,0.857053208099992,208963482.955893,242398836.799714,208.963482955893
ALGO,2022-03-02,0.857053208099992,0.858308834961821,0.809433023762002,0.820937437586287,182039538.40182,219073293.380493,182.03953840182
ALGO,2022-03-03,0.820937437586287,0.852565412695088,0.789990792737936,0.798294988925531,209939334.431241,255755102.995798,209.939334431241
ALGO,2022-03-04,0.798294988925531,0.811031983621225,0.755653072939611,0.762251364220278,169528507.16807,216327756.392388,169.52850716806998
ALGO,2022-03-05,0.762251364220278,0.77707233150301,0.747587832979778,0.77357503971731,99203071.262987,130040492.343854,99.20307126298701
ALGO,2022-03-06,0.77357503971731,0.78176414384796,0.745113911281722,0.746425537741222,83929328.1838495,109880421.024738,83.92932818384949
ALGO,2022-03-07,0.746425537741222,0.771508229453096,0.720907677632102,0.729067144777396,116923926.7691,157507024.183337,116.92392676909999
ALGO,2022-03-08,0.729067144777396,0.759241428893182,0.726373610300685,0.740533265563108,105224266.182638,142014396.194978,105.224266182638
ALGO,2022-03-09,0.740533265563108,0.779137966928901,0.740533265563108,0.767433337342032,109342805.380023,142901409.307421,109.34280538002301
ALGO,2022-03-10,0.767433337342032,0.780448164581714,0.725115615800428,0.732178260912169,108931395.003525,147239906.481375,108.931395003525
ALGO,2022-03-11,0.732178260912169,0.732273835323793,0.70270687002011,0.703338486302906,103529422.934401,144873387.218033,103.52942293440101
ALGO,2022-03-12,0.703338486302906,0.72432942326321,0.703224599947913,0.706751331121711,53928251.8420919,75648572.1520539,53.9282518420919
ALGO,2022-03-13,0.706751331121711,0.717260709571815,0.681835724926938,0.683552742175648,54887253.7791298,78116954.1207666,54.8872537791298
ALGO,2022-03-14,0.683552742175648,0.713301772165658,0.67707101799447,0.706724683326727,80954009.388992,116607001.686785,80.95400938899199
ALGO,2022-03-15,0.706724683326727,0.726528021396093,0.680447676334321,0.716023857147326,106744539.040825,152061971.23019,106.74453904082499
ALGO,2022-03-16,0.716023857147326,0.738316505191253,0.699955162299525,0.736767426476895,124710517.164877,173814887.081492,124.710517164877
ALGO,2022-03-17,0.736767426476895,0.761328805497277,0.723231463963852,0.743221501622733,125045419.329728,168979220.706846,125.045419329728
ALGO,2022-03-18,0.743221501622733,0.762481886018231,0.727620932962336,0.755711166025016,131635496.359736,176462009.995431,131.635496359736
ALGO,2022-03-19,0.755711166025016,0.779664990354651,0.75382208211864,0.765013001387694,131543579.982725,171485281.960072,131.543579982725
ALGO,2022-03-20,0.765013001387694,0.777169677860096,0.735964575612396,0.742300165218553,101979617.519837,135254194.143906,101.979617519837
ALGO,2022-03-21,0.742300165218553,0.828356963783259,0.732242462440065,0.827884056043192,234976741.673879,296533141.480308,234.976741673879
ALGO,2022-03-22,0.827884056043192,0.851640143201614,0.804895859542239,0.827212552698322,227344905.92,275269860.561501,227.34490591999997
ALGO,2022-03-23,0.827212552698322,0.83840406557439,0.805985803706588,0.83840406557439,151381049.763598,184163746.095601,151.38104976359799
ALGO,2022-03-24,0.83840406557439,0.905685716374293,0.821586015750818,0.889297316415432,233886196.308764,270661749.335844,233.886196308764
ALGO,2022-03-25,0.889297316415432,0.947183172526706,0.881081620086458,0.88811852240829,281683956.366312,309270552.257801,281.68395636631203
ALGO,2022-03-26,0.88811852240829,0.918384766834521,0.875912815119874,0.910779537367548,143788338.03775,159769264.236042,143.78833803775
ALGO,2022-03-27,0.910779537367548,0.946358762544928,0.894223340140195,0.945966260839122,140153390.661407,152040915.142094,140.153390661407
ALGO,2022-03-28,0.945966260839122,0.970302956695586,0.901078506413989,0.906489182667762,207524349.553033,218369833.933682,207.524349553033
ALGO,2022-03-29,0.906489182667762,0.963927682921473,0.900738080661089,0.923325964466047,218269528.279829,234386246.727487,218.269528279829
ALGO,2022-03-30,0.923325964466047,0.954357717812877,0.885082896677933,0.927218675134831,225177375.884636,242164431.098715,225.177375884636
ALGO,2022-03-31,0.927218675134831,0.986425107061347,0.911610689979825,0.929889879027154,271440074.84223,286547143.76444,271.44007484223005
ALGO,2022-04-01,0.929889879027154,0.96030801392118,0.893660415204488,0.940425609864635,201610206.867028,216322903.641856,201.610206867028
ALGO,2022-04-02,0.940425609864635,0.977388827025976,0.903191536599485,0.910099908049874,229008579.254453,240774250.624792,229.008579254453
ALGO,2022-04-03,0.910099908049874,0.948718257387101,0.892577758432729,0.937509404922173,162211201.210434,175394456.0969,162.21120121043398
ALGO,2022-04-04,0.937509404922173,0.938850137493524,0.856180486190538,0.885750172281987,198500413.313218,220397610.961487,198.500413313218
ALGO,2022-04-05,0.885750172281987,0.901535848715414,0.834048824729737,0.837667618109953,174119932.250016,199600599.037285,174.119932250016
ALGO,2022-04-06,0.837667618109953,0.838535031750974,0.767477107820027,0.767928719639143,210713886.419814,262746252.87265,210.713886419814
ALGO,2022-04-07,0.767928719639143,0.809664617456398,0.752958170811917,0.800708332709068,133442302.648068,169301149.54274,133.442302648068
ALGO,2022-04-08,0.800708332709068,0.810049696800244,0.755023755948451,0.762197600836018,107872986.779099,136595503.742951,107.87298677909901
ALGO,2022-04-09,0.762197600836018,0.790691999608306,0.76184924071866,0.789199901129424,74807119.6462912,96316409.9654182,74.8071196462912
ALGO,2022-04-10,0.789199901129424,0.790553889840448,0.752446883195099,0.75295432982692,68195929.3424851,87817244.4264776,68.1959293424851
ALGO,2022-04-11,0.75295432982692,0.761498629615193,0.684990386128199,0.695500552760212,136444698.685301,189174970.324056,136.444698685301
ALGO,2022-04-12,0.695500552760212,0.745407763090934,0.688746774235845,0.727552934513419,132756431.425285,184337289.39293,132.756431425285
ALGO,2022-04-13,0.727552934513419,0.74853852902811,0.716826079142013,0.747604722124267,117492947.035703,159804335.855535,117.492947035703
ALGO,2022-04-14,0.747604722124267,0.761872886053142,0.717082192216216,0.728010840827466,108181198.055939,146097506.033317,108.181198055939
ALGO,2022-04-15,0.728010840827466,0.743246891121842,0.723205952320261,0.740209037409514,93606640.2363873,127468061.742264,93.60664023638729
ALGO,2022-04-16,0.740209037409514,0.750939941280372,0.72949393397129,0.744046187972296,73986072.0250369,100038414.701732,73.9860720250369
ALGO,2022-04-17,0.744046187972296,0.745372936946678,0.708093580142975,0.711452626024627,87642119.9946325,119510397.605104,87.6421199946325
ALGO,2022-04-18,0.711452626024627,0.740805684954782,0.691572734171688,0.737323650356797,136977983.694546,191432214.612566,136.97798369454603
ALGO,2022-04-19,0.737323650356797,0.762847938358365,0.729470567444153,0.759023232505704,129664453.185339,173332781.465616,129.664453185339
ALGO,2022-04-20,0.759023232505704,0.771010211924498,0.732201858380045,0.741899310638173,117862398.010842,157047464.615047,117.862398010842
ALGO,2022-04-21,0.741899310638173,0.773195179298301,0.712047697344698,0.719462943746621,147141315.34687,197029036.183669,147.14131534687002
ALGO,2022-04-22,0.719462943746621,0.731462558250869,0.713131195695059,0.719827841253286,96787838.629311,133962585.322448,96.787838629311
ALGO,2022-04-23,0.719827841253286,0.723830291442034,0.706115817958184,0.708018115462755,70154574.5750984,97872769.3763926,70.1545745750984
ALGO,2022-04-24,0.708018115462755,0.714928419480045,0.698851027187591,0.701899960242792,57458967.8344245,81190973.3438683,57.458967834424506
ALGO,2022-04-25,0.701899960242792,0.705819246957148,0.657655516347306,0.703321692963423,148210106.309428,217546829.257178,148.210106309428
ALGO,2022-04-26,0.703321692963423,0.725285624006701,0.645466509086427,0.657144629994046,157157046.061686,228897819.761968,157.157046061686
ALGO,2022-04-27,0.657144629994046,0.678073834078353,0.650303847582845,0.671276216955302,107067119.522423,160928982.349141,107.067119522423
ALGO,2022-04-28,0.671276216955302,0.714007492266558,0.66183897578872,0.698396722085749,153647236.076247,225361220.862102,153.647236076247
ALGO,2022-04-29,0.698396722085749,0.708930896425247,0.622306532642317,0.63893092424033,156896102.700856,236321707.079037,156.896102700856
ALGO,2022-04-30,0.63893092424033,0.640799698495603,0.543540614418556,0.569459945820316,128097377.141469,211111922.119688,128.097377141469
ALGO,2022-05-01,0.569459945820316,0.60552274278954,0.5667232762964,0.602265489655707,123624242.114566,210979921.048163,123.624242114566
ALGO,2022-05-02,0.602265489655707,0.645869183297076,0.581516804726937,0.616633639360551,147381145.784024,243612129.907198,147.381145784024
ALGO,2022-05-03,0.616633639360551,0.738412803125132,0.612429349254507,0.672070769082751,542137177.928683,782013035.503176,542.1371779286831
ALGO,2022-05-04,0.672070769082751,0.718996397952274,0.655822855137595,0.717500966297785,335233428.146306,491952269.532314,335.233428146306
ALGO,2022-05-05,0.717500966297785,0.729757449651797,0.619476523185689,0.635969412407231,241959132.019729,360497436.707016,241.959132019729
ALGO,2022-05-06,0.635969412407231,0.71715138199779,0.630545193049195,0.699584557491348,383876124.986953,570845085.831231,383.876124986953
ALGO,2022-05-07,0.699584557491348,0.774964627424403,0.676219017024723,0.751571133262548,434479230.690865,593251615.44061,434.479230690865
ALGO,2022-05-08,0.751571133262548,0.784258239527749,0.710779596178163,0.731754998359146,439749914.002614,591364397.212107,439.74991400261405
ALGO,2022-05-09,0.731754998359146,0.757857129112567,0.576945347441184,0.578959486965388,445349425.9723,666333439.248147,445.34942597229997
ALGO,2022-05-10,0.578959486965388,0.661732469999572,0.559095542117626,0.587420873051073,426785353.788483,697705195.912393,426.785353788483
ALGO,2022-05-11,0.587420873051073,0.605381420872685,0.407975800639275,0.452614235493386,519945618.794696,1040558067.87244,519.945618794696
ALGO,2022-05-12,0.452614235493386,0.481086271961154,0.342934473441862,0.423316607288989,349326739.290461,854313660.915453,349.326739290461
ALGO,2022-05-13,0.423316607288989,0.509241927306109,0.415993832375241,0.445611353302188,217245749.029655,463022013.760195,217.245749029655
ALGO,2022-05-14,0.445611353302188,0.475477493549858,0.421387506203897,0.465195947996204,139916419.32739,312447944.021328,139.91641932738997
ALGO,2022-05-15,0.465195947996204,0.494224435282973,0.446321297000264,0.49136285696939,98364315.5300204,212153277.202716,98.3643155300204
ALGO,2022-05-16,0.49136285696939,0.49136285696939,0.441989697729762,0.46067721201232,125292799.788956,270779783.826047,125.292799788956
ALGO,2022-05-17,0.46067721201232,0.50806177603317,0.46067721201232,0.49588798112535,129821852.254798,266203573.220583,129.821852254798
ALGO,2022-05-18,0.49588798112535,0.504016508431025,0.431791101398294,0.433321201763726,128398963.39531,276594222.733377,128.39896339531
ALGO,2022-05-19,0.433321201763726,0.463463792776468,0.422059929827899,0.451634597598507,118599610.590989,267975238.01212,118.59961059098899
ALGO,2022-05-20,0.451634597598507,0.458225396317588,0.421061068817417,0.434094349679068,106980138.342125,242825447.205479,106.980138342125
ALGO,2022-05-21,0.434094349679068,0.443270944936881,0.422748229140311,0.435319789458197,82496540.52181,191099064.943874,82.49654052180999
ALGO,2022-05-22,0.435319789458197,0.448885371695376,0.425109423664496,0.443214217676022,99508398.6779948,227265087.848178,99.5083986779948
ALGO,2022-05-23,0.443214217676022,0.45352739286031,0.412892033140321,0.418019477734542,130419450.431056,296167311.873851,130.419450431056
ALGO,2022-05-24,0.418019477734542,0.422375008682309,0.392061091882063,0.419619637415125,95323185.3031927,232707027.750933,95.3231853031927
ALGO,2022-05-25,0.419619637415125,0.421471132458517,0.39966297254885,0.406100182636256,93160081.9629482,228101764.430104,93.1600819629482
ALGO,2022-05-26,0.406100182636256,0.412711335254047,0.369387036701841,0.380285758429745,123655437.877577,318265916.248785,123.655437877577
ALGO,2022-05-27,0.380285758429745,0.385344470032543,0.356507258805164,0.361066735297631,111201396.050284,301356751.203535,111.201396050284
ALGO,2022-05-28,0.361066735297631,0.373974024491726,0.356138019273249,0.367664219198202,76378432.6209292,209254750.721832,76.3784326209292
ALGO,2022-05-29,0.367664219198202,0.379845458697565,0.353781471512207,0.378948612703003,69859626.99464,190514727.985687,69.85962699464
ALGO,2022-05-30,0.378948612703003,0.423553577719543,0.377246636570681,0.420134359099864,101394404.24773,251773752.649242,101.39440424773001
ALGO,2022-05-31,0.420134359099864,0.424821700063237,0.396269827329799,0.411388412813338,122595913.008133,297661324.749531,122.595913008133
ALGO,2022-06-01,0.411388412813338,0.426427683322083,0.377019314393413,0.385563112392306,151509880.954414,371626674.600056,151.509880954414
ALGO,2022-06-02,0.385563112392306,0.397667663173448,0.378006892815664,0.395512090864629,75206118.9047742,195136155.166229,75.2061189047742
ALGO,2022-06-03,0.395512090864629,0.396881853433087,0.372374753740665,0.381714899192688,58307089.43669,152294142.313899,58.30708943669
ALGO,2022-06-04,0.381714899192688,0.390681557699211,0.368406375202534,0.388653469118916,45054423.5237599,119535155.82393,45.0544235237599
ALGO,2022-06-05,0.388653469118916,0.403276585044825,0.379884779892122,0.39225866342542,67579803.0444063,172105912.698006,67.57980304440629
ALGO,2022-06-06,0.39225866342542,0.424023659879778,0.391427404254631,0.412774573063205,78488090.7819642,191672461.185841,78.4880907819642
ALGO,2022-06-07,0.412774573063205,0.412821416025772,0.378114738126433,0.399224910346496,75387907.9686743,192180959.07488,75.3879079686743
ALGO,2022-06-08,0.399224910346496,0.431551703547628,0.398808747315395,0.417212387962941,113143435.768275,273238744.030776,113.143435768275
ALGO,2022-06-09,0.417212387962941,0.417781726474004,0.400147081606321,0.404234139151434,61230463.0456745,149491343.194687,61.230463045674504
ALGO,2022-06-10,0.404234139151434,0.404234139151434,0.365546339666991,0.369174161976996,80138179.196095,209643643.458047,80.13817919609501
ALGO,2022-06-11,0.369174161976996,0.379841726705066,0.339316984981871,0.350536792284745,72716599.400283,203103464.116891,72.71659940028299
ALGO,2022-06-12,0.350536792284745,0.352206423939402,0.325019261384821,0.325378869921262,76974869.4174232,229288093.875776,76.9748694174232
ALGO,2022-06-13,0.325378869921262,0.328284292280234,0.289478495500231,0.30395968555043,177380770.124995,582083096.628893,177.380770124995
ALGO,2022-06-14,0.30395968555043,0.310352295533972,0.282999310672673,0.308701285209448,129576212.033218,431230574.432931,129.57621203321798
ALGO,2022-06-15,0.308701285209448,0.341133777375003,0.279443993885864,0.340311844297107,162932708.523723,528622005.453279,162.932708523723
ALGO,2022-06-16,0.340311844297107,0.34333764749803,0.296598952139246,0.30236093716511,95331149.4400983,299981939.984825,95.3311494400983
ALGO,2022-06-17,0.30236093716511,0.317720356236009,0.299064902644,0.31047404114807,59064190.2429824,190819311.700732,59.064190242982406
ALGO,2022-06-18,0.31047404114807,0.314747923132212,0.276408027654818,0.296001987181373,77608844.7556735,262913173.481922,77.6088447556735
ALGO,2022-06-19,0.296001987181373,0.318116917064679,0.285343148238215,0.314372785352618,73124513.1378156,241559516.982001,73.1245131378156
ALGO,2022-06-20,0.314372785352618,0.326157540666092,0.301776564128514,0.318411696482343,66828040.6121927,212120205.606479,66.8280406121927
ALGO,2022-06-21,0.318411696482343,0.342990700405484,0.31525069373337,0.325805974180917,76187346.963996,231381728.254095,76.18734696399599
ALGO,2022-06-22,0.325805974180917,0.331316385304298,0.312427846576587,0.313722282923086,62380300.6204737,194896673.584419,62.3803006204737
ALGO,2022-06-23,0.313722282923086,0.337229805162864,0.313078498433084,0.335767792317741,56840040.133453,175167619.429547,56.840040133452995
ALGO,2022-06-24,0.335767792317741,0.358400068390353,0.335174968990417,0.349996890247127,78610326.2676066,225673028.463909,78.6103262676066
ALGO,2022-06-25,0.349996890247127,0.356838237794168,0.335887623565321,0.351711666471163,60481273.2722495,173860960.585843,60.481273272249496
ALGO,2022-06-26,0.351711666471163,0.359494814336947,0.332124886103319,0.332399422438153,58145904.4882934,167604352.434386,58.145904488293404
ALGO,2022-06-27,0.332399422438153,0.346292103470354,0.325668878376948,0.331034250315262,55350917.6196018,165139339.132646,55.3509176196018
ALGO,2022-06-28,0.331034250315262,0.337180199828506,0.311137146644388,0.313085695922807,60525601.6341467,186262170.886316,60.525601634146696
ALGO,2022-06-29,0.313085695922807,0.316832601110439,0.295827086965517,0.301553141450725,67914285.6140576,222682540.286363,67.9142856140576
ALGO,2022-06-30,0.301553141450725,0.31661388642002,0.284822288975471,0.315344199006458,100575335.686056,335903012.865087,100.57533568605601
ALGO,2022-07-01,0.315344199006458,0.322753323412048,0.300290843320894,0.306269977735006,81461741.3268648,264241047.457256,81.4617413268648
ALGO,2022-07-02,0.306269977735006,0.311495411398689,0.299598569974046,0.30759961160502,64506032.2876052,211537821.225413,64.50603228760521
ALGO,2022-07-03,0.30759961160502,0.315085880388074,0.30150035923728,0.309636718191402,42627071.2944961,138542969.373352,42.6270712944961
ALGO,2022-07-04,0.309636718191402,0.320603097937778,0.300205901593506,0.319449028438442,53345512.4203547,171393446.30941,53.3455124203547
ALGO,2022-07-05,0.319449028438442,0.322453049835192,0.301912226096403,0.308003082002811,56270390.3043899,180404408.139139,56.2703903043899
ALGO,2022-07-06,0.308003082002811,0.312860481606178,0.302730845677749,0.310728001966196,52306707.2463428,169544719.418812,52.3067072463428
ALGO,2022-07-07,0.310728001966196,0.325105416072739,0.310126689428197,0.322333733068788,59442549.1243034,187906873.267473,59.4425491243034
ALGO,2022-07-08,0.322333733068788,0.3279960437681,0.31042995538678,0.314401676423318,74097342.1941012,232582292.760251,74.0973421941012
ALGO,2022-07-09,0.314401676423318,0.323883512309587,0.314401676423318,0.321524811526828,50686816.4534306,158389646.948425,50.6868164534306
ALGO,2022-07-10,0.321524811526828,0.322902016735083,0.306399869784417,0.31046226487496,50843999.0017153,162117653.388114,50.843999001715304
ALGO,2022-07-11,0.31046226487496,0.31046226487496,0.296825874663442,0.297204760159686,52675030.3473835,173782870.381472,52.6750303473835
ALGO,2022-07-12,0.297204760159686,0.304397546311513,0.29196860491592,0.292686687673509,47644162.9151171,159727306.031438,47.6441629151171
ALGO,2022-07-13,0.292686687673509,0.310733908159285,0.290416013963611,0.309948684067252,63167111.9320418,210348710.532794,63.1671119320418
ALGO,2022-07-14,0.309948684067252,0.331969351536966,0.301317671322138,0.329481373692315,74167971.9806198,235479070.180332,74.1679719806198
ALGO,2022-07-15,0.329481373692315,0.332264721628593,0.320802157511181,0.327453081920161,71521329.7841055,218832978.972349,71.52132978410549
ALGO,2022-07-16,0.327453081920161,0.345127264939133,0.32474948969791,0.340196861084803,79775875.9414998,237762993.784068,79.7758759414998
ALGO,2022-07-17,0.340196861084803,0.343448363975847,0.332792837906626,0.336336681261814,68455384.3659377,202530493.256148,68.45538436593769
ALGO,2022-07-18,0.336336681261814,0.366434469658564,0.336190778417782,0.359256605548576,100858629.325927,285986018.470791,100.858629325927
ALGO,2022-07-19,0.359256605548576,0.377300988383993,0.34679759106848,0.372183413126832,113340846.561278,312181120.105187,113.340846561278
ALGO,2022-07-20,0.372183413126832,0.377110599179999,0.341993937018613,0.344747040371597,105342623.04002,289812613.884912,105.34262304002
ALGO,2022-07-21,0.344747040371597,0.351295715755014,0.333514772727464,0.349310427286887,77090992.5161045,224806688.670413,77.0909925161045
ALGO,2022-07-22,0.349310427286887,0.357728930715533,0.333650895546093,0.337950702777937,69948010.7433872,200721912.815451,69.9480107433872
ALGO,2022-07-23,0.337950702777937,0.344181556519942,0.326762269850116,0.335085504688815,53953754.442643,160823221.385433,53.953754442643
ALGO,2022-07-24,0.335085504688815,0.348002645129739,0.334812615279565,0.340532378783306,45821856.2980809,134270989.528444,45.821856298080895
ALGO,2022-07-25,0.340532378783306,0.343450503625508,0.312161229996024,0.312161229996024,57625964.4669082,176327331.469914,57.6259644669082
ALGO,2022-07-26,0.312161229996024,0.312559857538508,0.301900170200057,0.311587037242078,51633439.7329062,167553337.582934,51.6334397329062
ALGO,2022-07-27,0.311587037242078,0.329220369314443,0.306011198006568,0.32877912376766,73295442.3858488,230602894.840533,73.2954423858488
ALGO,2022-07-28,0.32877912376766,0.342425961078325,0.320273286417207,0.336839347364834,93473176.9498651,281188252.705096,93.4731769498651
ALGO,2022-07-29,0.336839347364834,0.345343780753994,0.326131217787887,0.336832148512713,133434518.211459,395628023.0751,133.434518211459
ALGO,2022-07-30,0.336832148512713,0.355031392254104,0.331067995503431,0.338182856105518,125436604.094526,366006179.973807,125.43660409452599
ALGO,2022-07-31,0.338182856105518,0.355948211610818,0.332960788371485,0.336804358165059,110566224.802478,319791260.729746,110.566224802478
ALGO,2022-08-01,0.336804358165059,0.344748467371621,0.332107227116341,0.343545914302069,107117917.987244,315661223.179699,107.117917987244
ALGO,2022-08-02,0.343545914302069,0.348124582064824,0.321250420852745,0.327683000964256,97969770.4697562,297283870.067292,97.9697704697562
ALGO,2022-08-03,0.327683000964256,0.340052507826975,0.32020575089675,0.328008737995382,76724378.6771668,232229237.613114,76.72437867716681
ALGO,2022-08-04,0.328008737995382,0.343375695295665,0.327428542428685,0.338012201275757,88969044.607767,265382860.670211,88.969044607767
ALGO,2022-08-05,0.338012201275757,0.360640131935884,0.336319849655662,0.359320297727898,96191197.4897118,276784106.185821,96.19119748971181
ALGO,2022-08-06,0.359320297727898,0.359832083036542,0.347764805981035,0.350266708714826,63048179.3270619,178222367.270825,63.0481793270619
ALGO,2022-08-07,0.350266708714826,0.365690206635062,0.343858361069846,0.35691544799655,73953566.0089615,207546703.563644,73.9535660089615
ALGO,2022-08-08,0.35691544799655,0.372477578763187,0.354711591245095,0.363989500085313,88735356.6273789,242840806.842283,88.73535662737889
ALGO,2022-08-09,0.363989500085313,0.377029138899051,0.343249664685257,0.34732452996935,93930520.0441036,261756181.563483,93.93052004410359
ALGO,2022-08-10,0.34732452996935,0.366496581238397,0.338848128103386,0.365420387770632,92415117.8967766,261260617.954801,92.41511789677661
ALGO,2022-08-11,0.365420387770632,0.370682294816495,0.360465264710154,0.362686999345022,78408707.9691687,213829421.670954,78.40870796916869
ALGO,2022-08-12,0.362686999345022,0.367326392941628,0.355201306565806,0.366601342822047,66130784.2124279,182835474.324654,66.1307842124279
ALGO,2022-08-13,0.366601342822047,0.375047450083393,0.365387712479432,0.37017253582509,67569728.6048404,182168853.27705,67.56972860484039
ALGO,2022-08-14,0.37017253582509,0.385085403475213,0.362090350781143,0.366086663412615,92515804.9761285,247221136.009047,92.5158049761285
ALGO,2022-08-15,0.366086663412615,0.376158830005023,0.352145058222064,0.35915723657188,75134505.4414736,207790743.389242,75.1345054414736
ALGO,2022-08-16,0.35915723657188,0.361728443389265,0.351309022824005,0.354745198867315,56369672.852096,158434294.107223,56.369672852096
ALGO,2022-08-17,0.354745198867315,0.365651500713554,0.339573120840232,0.342307479621178,78073408.6592679,222632422.847435,78.0734086592679
ALGO,2022-08-18,0.342307479621178,0.34829948408375,0.33014776601828,0.334973820835317,55170305.1580024,161430340.652388,55.1703051580024
ALGO,2022-08-19,0.334973820835317,0.334973820835317,0.302163588991336,0.304350480398115,107915426.105358,344714051.422627,107.91542610535801
ALGO,2022-08-20,0.304350480398115,0.31385707336859,0.295494486604835,0.30131911020523,65326824.1534333,213780392.246697,65.32682415343331
ALGO,2022-08-21,0.30131911020523,0.309729034472495,0.298382372738882,0.307108923507767,51022071.2046299,167727630.044286,51.022071204629896
ALGO,2022-08-22,0.307108923507767,0.307259808935032,0.291510952874019,0.303768016768311,61588656.0606562,206776532.724832,61.5886560606562
ALGO,2022-08-23,0.303768016768311,0.309911434300882,0.294220165317484,0.3079260028819,60751082.1036065,200505881.538348,60.7510821036065
ALGO,2022-08-24,0.3079260028819,0.309455136698069,0.299501053162774,0.302696775921693,59701888.1987856,195448459.439415,59.7018881987856
ALGO,2022-08-25,0.302696775921693,0.310194022478248,0.301171475300441,0.30785293173401,60321275.3314084,197189001.35624,60.321275331408394
ALGO,2022-08-26,0.30785293173401,0.308129111855684,0.280856173024982,0.28395877878219,94070212.4117709,317396001.390891,94.0702124117709
ALGO,2022-08-27,0.28395877878219,0.291157823346859,0.280237631097565,0.289611564205032,56031565.9165376,196256182.808139,56.031565916537595
ALGO,2022-08-28,0.289611564205032,0.295938713395529,0.282619771148111,0.283424348599146,45079147.1559758,155063633.163084,45.0791471559758
ALGO,2022-08-29,0.283424348599146,0.299701939861462,0.281243334613573,0.298589220398615,46450706.0197214,160341449.438389,46.4507060197214
ALGO,2022-08-30,0.298589220398615,0.302337729182397,0.285194658945629,0.291970057239285,45553386.8251309,154570438.055396,45.5533868251309
ALGO,2022-08-31,0.291970057239285,0.301309633340211,0.288313533500909,0.289573815471947,43692554.4739076,147992679.289769,43.6925544739076
ALGO,2022-09-01,0.289573815471947,0.294047799899804,0.284299612152382,0.293953652333654,36662969.3744861,126896820.249746,36.6629693744861
ALGO,2022-09-02,0.293953652333654,0.307295468285463,0.290378685781435,0.302964342359283,57083039.8278697,190182289.549808,57.0830398278697
ALGO,2022-09-03,0.302964342359283,0.304176536505063,0.296541953324658,0.303829021926929,34899786.2995444,115721958.514427,34.8997862995444
ALGO,2022-09-04,0.303829021926929,0.319624059259882,0.303664663255062,0.313051539564693,72556698.2434793,232122393.219864,72.5566982434793
ALGO,2022-09-05,0.313051539564693,0.314499319682908,0.298058605729388,0.305134938631268,43067881.2172907,141462556.043079,43.0678812172907
ALGO,2022-09-06,0.305134938631268,0.309009551411783,0.281820113078879,0.285744779804105,71356177.5541752,241664076.857211,71.3561775541752
ALGO,2022-09-07,0.285744779804105,0.30175796864413,0.282259160577531,0.299246201779596,68829362.964619,234724645.743668,68.829362964619
ALGO,2022-09-08,0.299246201779596,0.308252119116221,0.293459704272428,0.307792344407391,62996812.5023637,209489457.293522,62.996812502363696
ALGO,2022-09-09,0.307792344407391,0.326189357450356,0.307635111416301,0.324414066606737,88304317.6772135,277434407.515085,88.3043176772135
ALGO,2022-09-10,0.324414066606737,0.327529102350002,0.317908619765514,0.321929824536923,65206808.0511449,202245263.968892,65.2068080511449
ALGO,2022-09-11,0.321929824536923,0.330246266896831,0.3166043011053,0.326293279628939,67025136.3319172,206592442.87741,67.0251363319172
ALGO,2022-09-12,0.326293279628939,0.332412846313286,0.317742745773952,0.323451831812319,75575846.6224505,233205157.170939,75.5758466224505
ALGO,2022-09-13,0.323451831812319,0.323451831812319,0.29496642969096,0.296723414950256,93742019.0548117,303897312.401235,93.7420190548117
ALGO,2022-09-14,0.296723414950256,0.304697781140851,0.295840882448988,0.303143826268627,52004595.4001559,173020149.140682,52.0045954001559
ALGO,2022-09-15,0.303143826268627,0.303143826268627,0.289752826228958,0.295196035310484,58310955.1459618,197156263.421404,58.3109551459618
ALGO,2022-09-16,0.295196035310484,0.30066674612151,0.291130199341551,0.298318495878068,53838797.1637788,181495319.572805,53.8387971637788
ALGO,2022-09-17,0.298318495878068,0.311572622521478,0.298151994768751,0.311190338657545,33605971.3878537,109998824.118315,33.6059713878537
ALGO,2022-09-18,0.311190338657545,0.318070631388753,0.290170502485447,0.293822830730055,71379916.3985833,232972300.525853,71.37991639858329
ALGO,2022-09-19,0.293822830730055,0.325453439784372,0.292548181412639,0.318295508306515,198724592.606353,633081019.291036,198.724592606353
ALGO,2022-09-20,0.318295508306515,0.347400921978921,0.318295508306515,0.331668403498343,271859647.459897,807624201.178856,271.85964745989696
ALGO,2022-09-21,0.331668403498343,0.339705077494912,0.310234632299829,0.33797695150313,192301455.658575,593109990.34524,192.301455658575
ALGO,2022-09-22,0.33797695150313,0.388310987263966,0.330653481714587,0.371225327933217,409765398.30777,1124591192.90825,409.76539830777
ALGO,2022-09-23,0.371225327933217,0.409842387018459,0.365030389541328,0.399782249811595,403393105.415095,1049610387.10429,403.39310541509496
ALGO,2022-09-24,0.399782249811595,0.403511103704349,0.370872765406518,0.386583497481465,213254940.167127,554888482.731688,213.25494016712702
ALGO,2022-09-25,0.386583497481465,0.401652675365319,0.379426414235845,0.389538458752646,227444001.856558,581874849.84533,227.444001856558
ALGO,2022-09-26,0.389538458752646,0.391811171969047,0.35814355303575,0.369164104713741,176919507.339523,478728460.435719,176.919507339523
ALGO,2022-09-27,0.369164104713741,0.375185624287466,0.33836339423745,0.352942734438313,169814346.919061,470728061.418975,169.814346919061
ALGO,2022-09-28,0.352942734438313,0.357205797197114,0.333892987796822,0.350280212740403,153480642.228844,446029528.136105,153.48064222884398
ALGO,2022-09-29,0.350280212740403,0.364423257585817,0.334847654483832,0.354984572688083,171325148.248548,489873349.923215,171.325148248548
ALGO,2022-09-30,0.354984572688083,0.365097595968667,0.346540437964588,0.353253627223397,162211934.130171,457261351.66549,162.211934130171
ALGO,2022-10-01,0.353253627223397,0.367894181239613,0.352369756066924,0.355127228863323,104688788.910576,290741248.294033,104.688788910576
ALGO,2022-10-02,0.355127228863323,0.372372661147749,0.353548216090063,0.355353728201256,129542516.337794,356727934.518826,129.542516337794
ALGO,2022-10-03,0.355353728201256,0.362369899460082,0.344873036093216,0.354933716636446,111369511.825145,316050995.451033,111.36951182514501
ALGO,2022-10-04,0.354933716636446,0.360191103246089,0.351008891453935,0.358080172555487,82850781.3519573,233378198.421101,82.85078135195731
ALGO,2022-10-05,0.358080172555487,0.360250330901899,0.345365704899164,0.354141375196908,85578170.7418265,242833551.292089,85.57817074182651
ALGO,2022-10-06,0.354141375196908,0.358765596000259,0.347710815158179,0.349535472068232,86835061.9523876,245283900.430381,86.8350619523876
ALGO,2022-10-07,0.349535472068232,0.349755615126135,0.336136155583846,0.341623183634245,90759900.2547644,265519246.796713,90.75990025476439
ALGO,2022-10-08,0.341623183634245,0.341623183634245,0.331774165505487,0.334862972266587,58075020.7390727,172324742.027681,58.075020739072706
ALGO,2022-10-09,0.334862972266587,0.340047168669578,0.330867318485808,0.339149115905626,50336794.7434914,150012710.813977,50.336794743491396
ALGO,2022-10-10,0.339149115905626,0.339681255348355,0.319605315393335,0.319605315393335,71405977.5472461,216366196.804974,71.4059775472461
ALGO,2022-10-11,0.319605315393335,0.323810146620239,0.30950340174999,0.317718571433792,74588523.6122865,235328012.040431,74.5885236122865
ALGO,2022-10-12,0.317718571433792,0.321301099851944,0.311757118607431,0.313765133496355,47048496.9500616,148428428.076133,47.0484969500616
ALGO,2022-10-13,0.313765133496355,0.324170731225391,0.287564250361203,0.319769501612194,128456047.508064,421811835.669102,128.456047508064
ALGO,2022-10-14,0.319769501612194,0.329166401604621,0.312882186722402,0.317480369951503,74409126.8400324,230382893.329174,74.4091268400324
ALGO,2022-10-15,0.317480369951503,0.325714495804976,0.312562787504335,0.318956533715968,48577355.9543955,152142234.343486,48.5773559543955
ALGO,2022-10-16,0.318956533715968,0.327647437083573,0.318605371364628,0.322232474682432,43709556.6099159,135286634.170784,43.7095566099159
ALGO,2022-10-17,0.322232474682432,0.331876859381276,0.318150013792495,0.330103883467528,55538380.5547375,170165617.066735,55.5383805547375
ALGO,2022-10-18,0.330103883467528,0.332622262429734,0.316041768784566,0.319847250695173,63185145.1644291,195534879.831467,63.1851451644291
ALGO,2022-10-19,0.319847250695173,0.320235973623836,0.304603892887207,0.307755995933847,50776309.0600622,162148880.883859,50.7763090600622
ALGO,2022-10-20,0.307755995933847,0.31495030635904,0.304023780907628,0.306999327338271,49388955.370916,159695284.091397,49.388955370916
ALGO,2022-10-21,0.306999327338271,0.313764455185385,0.296651687449565,0.313423111780518,55593968.9954314,182110469.335017,55.5939689954314
ALGO,2022-10-22,0.313423111780518,0.314796007332165,0.309416714540978,0.313783097746798,28682064.7613894,91824714.5063782,28.6820647613894
ALGO,2022-10-23,0.313783097746798,0.316632192656684,0.307628615933131,0.315825255870332,36493720.5662791,116896492.467155,36.4937205662791
ALGO,2022-10-24,0.315825255870332,0.316242522816249,0.305367728391215,0.314410121548677,47959012.8854752,154280289.48691,47.959012885475204
ALGO,2022-10-25,0.314410121548677,0.337931129172464,0.313714791649405,0.330927656106081,130796473.277961,397906045.253342,130.796473277961
ALGO,2022-10-26,0.330927656106081,0.341995146711214,0.329297345041063,0.338921206425278,104978341.397958,312535754.518138,104.97834139795799
ALGO,2022-10-27,0.338921206425278,0.343294022827288,0.324609817021467,0.325660094100331,90295824.3660643,270306289.856601,90.2958243660643
ALGO,2022-10-28,0.325660094100331,0.336862089773714,0.319402774428731,0.332621253918706,72253294.8136787,220050744.374855,72.25329481367869
ALGO,2022-10-29,0.332621253918706,0.344944408070454,0.332621253918706,0.338756911344542,86123863.7135374,254476306.397809,86.12386371353739
ALGO,2022-10-30,0.338756911344542,0.363808864577097,0.335173017205124,0.358185168649287,171164630.598332,489433694.787004,171.164630598332
ALGO,2022-10-31,0.358185168649287,0.378902819621203,0.350358716465535,0.357343892605473,194427812.468849,537645722.594045,194.427812468849
ALGO,2022-11-01,0.357343892605473,0.368855172952492,0.345655444399543,0.359300670954547,128141156.71779,359276390.999872,128.14115671778998
ALGO,2022-11-02,0.359300670954547,0.364736216759259,0.343157562608042,0.361840065251168,176489549.674971,499721803.067273,176.48954967497102
ALGO,2022-11-03,0.361840065251168,0.384061680271203,0.359845506764816,0.369643041164273,226181511.017331,607472331.038899,226.181511017331
ALGO,2022-11-04,0.369643041164273,0.428351395729618,0.367174648030256,0.414666421320954,300436035.172022,762369139.889755,300.436035172022
ALGO,2022-11-05,0.414666421320954,0.451629229110838,0.403062880826127,0.423223212295507,387549940.723804,905573187.316769,387.549940723804
ALGO,2022-11-06,0.423223212295507,0.448221606821522,0.40306398796405,0.403480392401977,325634463.484798,756203750.318891,325.634463484798
ALGO,2022-11-07,0.403480392401977,0.447751883810515,0.398893274504595,0.420473432891666,400752749.470914,945526513.560847,400.752749470914
ALGO,2022-11-08,0.420473432891666,0.422474169821606,0.294022316008267,0.337453246338893,609213324.856172,1648633713.16229,609.213324856172
ALGO,2022-11-09,0.337453246338893,0.339553186022838,0.258615719428834,0.268895496569578,338663296.275058,1107753492.39442,338.663296275058
ALGO,2022-11-10,0.268895496569578,0.330291564486644,0.267000072507857,0.32496878087253,270289066.327245,884491429.573519,270.289066327245
ALGO,2022-11-11,0.32496878087253,0.335695297627102,0.289485897808775,0.308185889019031,220305549.61492,706124668.953756,220.30554961491998
ALGO,2022-11-12,0.308185889019031,0.308185889019031,0.275173424128713,0.277907973250822,127162333.206191,447893898.727162,127.16233320619101
ALGO,2022-11-13,0.277907973250822,0.280952439206593,0.258567863612618,0.264430535004933,130217562.105458,486290441.036088,130.217562105458
ALGO,2022-11-14,0.264430535004933,0.268997969558092,0.2388656853477,0.263335463342201,163382117.687644,639456125.108058,163.382117687644
ALGO,2022-11-15,0.263335463342201,0.292716041856941,0.259426353664884,0.283440259851855,158127298.965475,573471013.31921,158.127298965475
ALGO,2022-11-16,0.283440259851855,0.298916290162878,0.266541250576551,0.277293589015037,190310223.170855,674894766.756913,190.31022317085498
ALGO,2022-11-17,0.277293589015037,0.280984779218444,0.258844533847732,0.268943129328264,107510434.692727,400142453.657485,107.510434692727
ALGO,2022-11-18,0.268943129328264,0.300895357113844,0.268416761726515,0.300344431013966,206870857.540266,724730481.009642,206.870857540266
ALGO,2022-11-19,0.300344431013966,0.314355121093686,0.291622673387159,0.300593861527533,306205201.841053,1009142004.5889,306.205201841053
ALGO,2022-11-20,0.300593861527533,0.301550756446553,0.256050278077943,0.259216558079151,227968835.288433,810230255.484138,227.96883528843298
ALGO,2022-11-21,0.259216558079151,0.259216558079151,0.240184946368127,0.246132756430707,143158285.328417,575337048.434102,143.158285328417
ALGO,2022-11-22,0.246132756430707,0.249963085661939,0.227739171257164,0.242561012076778,124030055.334198,521289959.974753,124.030055334198
ALGO,2022-11-23,0.242561012076778,0.248848830305733,0.237823473608435,0.248732759497069,88573477.6251133,363394784.157321,88.5734776251133
ALGO,2022-11-24,0.248732759497069,0.250807100109959,0.239039029707549,0.243687179965523,68281308.3742874,279075049.536643,68.28130837428739
ALGO,2022-11-25,0.243687179965523,0.246576226899088,0.23518313590694,0.244558134893305,58694347.9000645,244204916.807332,58.6943479000645
ALGO,2022-11-26,0.244558134893305,0.248097168402059,0.23857598612906,0.24172742047895,48331512.6150947,198159535.636372,48.3315126150947
ALGO,2022-11-27,0.24172742047895,0.250010579780064,0.240442326028194,0.241271369197326,46991503.2871678,191218246.492238,46.9915032871678
ALGO,2022-11-28,0.241271369197326,0.242317721179097,0.228358656428769,0.236545562894495,59013146.1256447,252185675.026816,59.013146125644695
ALGO,2022-11-29,0.236545562894495,0.242975773755954,0.234862640766315,0.241154604477605,44576383.9218616,185989513.226392,44.5763839218616
ALGO,2022-11-30,0.241154604477605,0.250506610698449,0.23967029391288,0.248570735935648,62779090.6595476,255703661.972936,62.7790906595476
ALGO,2022-12-01,0.248570735935648,0.249196133840151,0.239764894395256,0.241888579809519,41036025.468816,168390801.729776,41.036025468816
ALGO,2022-12-02,0.241888579809519,0.246733230246591,0.236722524890712,0.244967992823484,52050556.4433354,214176914.656165,52.0505564433354
ALGO,2022-12-03,0.244967992823484,0.246297030291121,0.237255136616999,0.238335725181969,44448285.3613902,183694428.997672,44.448285361390205
ALGO,2022-12-04,0.238335725181969,0.241497637161921,0.237890828876873,0.24031093041289,31473702.3276958,131018415.862256,31.4737023276958
ALGO,2022-12-05,0.24031093041289,0.247134553215664,0.234690308338116,0.237483619949756,63898286.0186444,264678397.372837,63.8982860186444
ALGO,2022-12-06,0.237483619949756,0.237483619949756,0.232155261919082,0.234291406021682,40669481.1212219,173334643.792034,40.6694811212219
ALGO,2022-12-07,0.234291406021682,0.234781322498725,0.219751237936743,0.221694247585947,61191988.7789632,272438841.329095,61.1919887789632
ALGO,2022-12-08,0.221694247585947,0.226732496984404,0.218671333254061,0.224606102506243,44490481.2431215,199869142.359404,44.4904812431215
ALGO,2022-12-09,0.224606102506243,0.226507546106163,0.222679610005476,0.226267902038598,38398647.4594893,170972889.081609,38.398647459489304
ALGO,2022-12-10,0.226267902038598,0.230998503105684,0.225422428220653,0.227334739073139,34296092.9024079,149803776.40795,34.2960929024079
ALGO,2022-12-11,0.227334739073139,0.230464170595279,0.221823036032193,0.222971042291357,29665026.3940717,131133676.428318,29.6650263940717
ALGO,2022-12-12,0.222971042291357,0.222971042291357,0.21379876056702,0.218699502394245,44028193.0458101,203304710.479547,44.028193045810106
ALGO,2022-12-13,0.218699502394245,0.225744296986943,0.210248562102397,0.223968145460488,50240921.9032548,229572495.694061,50.2409219032548
ALGO,2022-12-14,0.223968145460488,0.226026100372377,0.218615161121425,0.220957109664932,40189291.3309826,180385727.288419,40.189291330982606
ALGO,2022-12-15,0.220957109664932,0.228458600193701,0.20987076424869,0.210288216111217,96302142.7717065,438176397.949499,96.30214277170651
ALGO,2022-12-16,0.210288216111217,0.212835308421874,0.183194329964044,0.185396706117618,90345198.6589046,449627374.478999,90.3451986589046
ALGO,2022-12-17,0.185396706117618,0.195298458708614,0.180510340952949,0.194807458249032,57945870.9814135,306256307.642162,57.9458709814135
ALGO,2022-12-18,0.194807458249032,0.195454161946125,0.187234294689284,0.188300368436598,46185490.4320453,242339614.461368,46.185490432045306
ALGO,2022-12-19,0.188300368436598,0.191406824034945,0.170771551647549,0.174321348034097,60392129.4754679,328466323.462703,60.3921294754679
ALGO,2022-12-20,0.174321348034097,0.181505839876042,0.174321348034097,0.178946901698583,41939975.0314058,232226110.208315,41.9399750314058
ALGO,2022-12-21,0.178946901698583,0.180746318115132,0.169618534972471,0.170877060746332,49871745.4079354,281343997.604595,49.8717454079354
ALGO,2022-12-22,0.170877060746332,0.172062363865365,0.165137798677877,0.172062363865365,51440622.3499322,297391332.479819,51.4406223499322
ALGO,2022-12-23,0.172062363865365,0.17370026108676,0.169195281455677,0.170207093724222,30042620.6325231,169517373.228719,30.0426206325231
ALGO,2022-12-24,0.170207093724222,0.170887440401916,0.167862281902265,0.168122366501067,18142624.3678436,104009659.936405,18.142624367843602
ALGO,2022-12-25,0.168122366501067,0.168504493450248,0.16293637179278,0.165732888712411,26996149.3174602,160934823.293915,26.9961493174602
ALGO,2022-12-26,0.165732888712411,0.171738860611336,0.165130227267446,0.171627557573179,27430751.4058172,158828541.342354,27.4307514058172
ALGO,2022-12-27,0.171627557573179,0.172248043869149,0.165234393392813,0.170057609452446,25333391.8491838,147714583.124561,25.3333918491838
ALGO,2022-12-28,0.170057609452446,0.170399901517019,0.160829743615477,0.166932839254343,40412354.8531214,241057639.274447,40.4123548531214
ALGO,2022-12-29,0.166932839254343,0.167693162819783,0.161000152238589,0.164885017381982,37149806.2879858,223010232.74011,37.149806287985804
ALGO,2022-12-30,0.164885017381982,0.169101413878644,0.160310358788234,0.169101413878644,36733826.2146304,220211513.549006,36.733826214630405
ALGO,2022-12-31,0.169101413878644,0.174431977459741,0.167346101886317,0.172549702323091,44320757.3981219,241946505.045394,44.3207573981219
ALGO,2023-01-01,0.172549702323091,0.178811590239552,0.171386094818654,0.177394388784728,35276789.6538724,192268837.29946,35.2767896538724
ALGO,2023-01-02,0.177394388784728,0.182718725887767,0.17336777633782,0.180792050197295,35916799.4495568,196640205.901787,35.9167994495568
ALGO,2023-01-03,0.180792050197295,0.18521290386021,0.179870785649035,0.18425278594991,32999532.7689682,176756966.373323,32.9995327689682
ALGO,2023-01-04,0.18425278594991,0.19154881342339,0.183802741224023,0.186964576412449,48190753.2057533,246618428.128074,48.190753205753296
ALGO,2023-01-05,0.186964576412449,0.190839615446034,0.182074259709482,0.183583680514766,39702475.682157,205451151.993429,39.702475682157
ALGO,2023-01-06,0.183583680514766,0.189896417528662,0.181047028938805,0.18920982811585,37498159.4228917,196495534.413145,37.498159422891696
ALGO,2023-01-07,0.18920982811585,0.195504345889443,0.18805900923218,0.194139486786048,37364553.1841283,183306367.36599,37.3645531841283
ALGO,2023-01-08,0.194139486786048,0.199803151892333,0.191327495507803,0.199338397800809,34393766.2651906,173007603.504378,34.3937662651906
ALGO,2023-01-09,0.199338397800809,0.208117478723468,0.198746093842732,0.200060909055596,68134210.4273958,308314002.562875,68.1342104273958
ALGO,2023-01-10,0.200060909055596,0.20501414325323,0.197623306665721,0.204024619551668,46895810.2976598,224526802.311126,46.8958102976598
ALGO,2023-01-11,0.204024619551668,0.210749096170204,0.196935594894659,0.210360733307256,51170344.0434746,235151568.484557,51.1703440434746
ALGO,2023-01-12,0.210360733307256,0.21300914154999,0.204339519417531,0.212501724423373,75306667.7399845,348912128.443164,75.30666773998449
ALGO,2023-01-13,0.212501724423373,0.22222445524788,0.208081989771087,0.220936664633519,61398849.1160437,278935697.255252,61.3988491160437
ALGO,2023-01-14,0.220936664633519,0.239056582584533,0.215875751733345,0.229087199550639,130293848.324656,563072696.744424,130.29384832465598
ALGO,2023-01-15,0.229087199550639,0.240614574328811,0.223315855079627,0.240614574328811,97913596.5107643,412327662.665152,97.91359651076431
ALGO,2023-01-16,0.240614574328811,0.241368394611021,0.225129076559143,0.234165987262532,90242872.9457762,370976043.32874,90.2428729457762
ALGO,2023-01-17,0.234165987262532,0.236181932741453,0.228364530650141,0.228491852869558,61377629.9812905,256661354.524599,61.3776299812905
ALGO,2023-01-18,0.228491852869558,0.232696734816516,0.208196972379268,0.209007519645867,93130139.4315606,407728569.140889,93.13013943156061
ALGO,2023-01-19,0.209007519645867,0.218338632885519,0.208973572888537,0.217442874609772,52607792.3089377,241785499.031327,52.6077923089377
ALGO,2023-01-20,0.217442874609772,0.240047013101344,0.216011770619237,0.239490638762654,72656451.2629934,306984819.345009,72.6564512629934
ALGO,2023-01-21,0.239490638762654,0.245552267551654,0.233079093683738,0.23915550124245,89343336.1064288,368679084.991326,89.34333610642881
ALGO,2023-01-22,0.23915550124245,0.255213645172866,0.236152235848545,0.246432597124053,109323348.717151,430124395.366239,109.323348717151
ALGO,2023-01-23,0.246432597124053,0.254481105281799,0.246267795379418,0.250095705098071,90569587.0580304,352655219.179843,90.5695870580304
ALGO,2023-01-24,0.250095705098071,0.260487545648419,0.23425821006012,0.237071797628928,102659195.934716,399474598.863829,102.659195934716
ALGO,2023-01-25,0.237071797628928,0.249173341496357,0.229893728715069,0.244948279598909,77708367.039841,314267434.115392,77.708367039841
ALGO,2023-01-26,0.244948279598909,0.248907317111179,0.241492569072961,0.245885070435354,63156865.1322598,252166926.779055,63.1568651322598
ALGO,2023-01-27,0.245885070435354,0.259315506872087,0.239651024556024,0.255415301237393,77975838.7079745,305429777.982001,77.97583870797449
ALGO,2023-01-28,0.255415301237393,0.265165361223099,0.251209933148499,0.259013424837508,75083247.6265638,284722247.700994,75.0832476265638
ALGO,2023-01-29,0.259013424837508,0.264899730475367,0.255265373124819,0.26209481479906,64456595.3181937,239543791.800906,64.45659531819369
ALGO,2023-01-30,0.26209481479906,0.262560142602345,0.236530547008215,0.239873112372317,76969986.9180344,300435439.68049,76.96998691803441
ALGO,2023-01-31,0.239873112372317,0.244302915218461,0.236105020413408,0.241846940504826,54661940.7129414,223566498.040206,54.6619407129414
ALGO,2023-02-01,0.241846940504826,0.252084661878262,0.231855337085092,0.251411298805461,79481080.2573617,321369367.227821,79.4810802573617
ALGO,2023-02-02,0.251411298805461,0.268346959516039,0.251411298805461,0.255634968527973,86629846.574411,329798299.28174,86.629846574411
ALGO,2023-02-03,0.255634968527973,0.273462595089749,0.250899020423403,0.271189147314452,106019946.881415,387904441.770182,106.019946881415
ALGO,2023-02-04,0.271189147314452,0.273966839329452,0.265862887729035,0.267563095627745,64317601.4993811,233874027.19096,64.3176014993811
ALGO,2023-02-05,0.267563095627745,0.270331551881835,0.252202046528138,0.257654530028389,69002734.4631533,258106018.570248,69.0027344631533
ALGO,2023-02-06,0.257654530028389,0.263404575113513,0.254549819184938,0.255165192302187,51698483.4107132,197786465.195843,51.6984834107132
ALGO,2023-02-07,0.255165192302187,0.286012025988262,0.254512964318956,0.280417746758416,154766720.067907,542981796.284257,154.76672006790702
ALGO,2023-02-08,0.280417746758416,0.297342036250243,0.277521136616341,0.290213109235425,179155768.814563,582030700.924322,179.155768814563
ALGO,2023-02-09,0.290213109235425,0.290213109235425,0.247140054275116,0.255324319299662,160690056.484282,556310345.915322,160.690056484282
ALGO,2023-02-10,0.255324319299662,0.263519734942892,0.249196838862701,0.251514986664701,90168434.5539326,344623284.588291,90.16843455393261
ALGO,2023-02-11,0.251514986664701,0.257391434522345,0.248438578519502,0.257035857247444,48451484.4796894,184194611.914911,48.4514844796894
ALGO,2023-02-12,0.257035857247444,0.259716912812521,0.244213517291467,0.247973606802428,54168423.5915475,209653963.689763,54.168423591547494
ALGO,2023-02-13,0.247973606802428,0.248511309840995,0.23449919110658,0.243972600309183,71500072.2821007,291398260.504113,71.5000722821007
ALGO,2023-02-14,0.243972600309183,0.255422675270499,0.239093849471288,0.253597078728822,68583695.4180305,260704204.518148,68.5836954180305
ALGO,2023-02-15,0.253597078728822,0.273648810657427,0.25105017364206,0.272145344123986,80758962.7081503,304129725.41379,80.75896270815029
ALGO,2023-02-16,0.272145344123986,0.282574897103418,0.25705418581592,0.257720942333957,115431254.717008,415793459.214675,115.43125471700799
ALGO,2023-02-17,0.257720942333957,0.27504019067214,0.257361013968212,0.271109440198133,78863920.9937757,282942741.488965,78.8639209937757
ALGO,2023-02-18,0.271109440198133,0.277687468084431,0.2682359128336,0.273034864223352,55042050.4334215,197116068.967582,55.0420504334215
ALGO,2023-02-19,0.273034864223352,0.282541146945093,0.267950048149246,0.277896240091145,81047556.8484174,284104362.774173,81.0475568484174
ALGO,2023-02-20,0.277896240091145,0.291130723011829,0.269106176606354,0.28479994477698,106764936.861885,369772842.942489,106.76493686188499
ALGO,2023-02-21,0.28479994477698,0.292915633212663,0.274111813283118,0.278543199601969,97328207.1496815,335376204.069388,97.32820714968149
ALGO,2023-02-22,0.278543199601969,0.27947803426888,0.262216925002617,0.271468506267131,80192865.2034809,286449448.235562,80.1928652034809
ALGO,2023-02-23,0.271468506267131,0.279046804808766,0.265435206903485,0.268896907703212,69212880.523671,247980950.277663,69.212880523671
ALGO,2023-02-24,0.268896907703212,0.269526789634407,0.251918361351507,0.257089349589527,63585845.813519,237985742.038936,63.585845813519
ALGO,2023-02-25,0.257089349589527,0.257881068691759,0.245095558011282,0.251180597149196,41020458.4432803,159679722.406243,41.020458443280305
ALGO,2023-02-26,0.251180597149196,0.256010464104798,0.248663762982536,0.255524480463966,28352951.1277566,109520060.017389,28.3529511277566
ALGO,2023-02-27,0.255524480463966,0.261546108426132,0.250260671854244,0.255334171380364,39886245.9320256,154507855.537053,39.886245932025595
ALGO,2023-02-28,0.255334171380364,0.255867173893836,0.242861583390008,0.244805215766898,39632524.9470056,155933255.086961,39.6325249470056
ALGO,2023-03-01,0.244805215766898,0.254338829920725,0.243525392351309,0.251099052608416,39561163.8138086,155667243.859862,39.5611638138086
ALGO,2023-03-02,0.251099052608416,0.251677273971511,0.240120647160456,0.242358928776492,36738032.7450352,147787982.387389,36.7380327450352
ALGO,2023-03-03,0.242358928776492,0.242868797046796,0.223753348041625,0.233728501657207,52858285.204807,219942316.185608,52.858285204807
ALGO,2023-03-04,0.233728501657207,0.234396281188608,0.221669400683057,0.225160101441089,25323143.7861755,109794292.365198,25.3231437861755
ALGO,2023-03-05,0.225160101441089,0.231407239319813,0.223493891418669,0.226306858671133,29226865.6881415,126297249.87477,29.226865688141498
ALGO,2023-03-06,0.226306858671133,0.23121758721442,0.219553253179509,0.226227583195166,46502262.4263509,202952567.054175,46.502262426350896
ALGO,2023-03-07,0.226227583195166,0.228145229450469,0.213301154439687,0.217420805714465,48515690.8069599,217268878.45195,48.515690806959896
ALGO,2023-03-08,0.217420805714465,0.217996500424309,0.200324617532534,0.20201015875308,48820464.2828306,229925676.461607,48.820464282830606
ALGO,2023-03-09,0.20201015875308,0.207193994513248,0.188074762997703,0.19369442534382,57272954.8390048,285228876.7126,57.2729548390048
ALGO,2023-03-10,0.19369442534382,0.195293026249223,0.185251372203983,0.189226246224498,77690488.4298482,400422320.491936,77.69048842984819
ALGO,2023-03-11,0.189226246224498,0.195918105822908,0.180832243971071,0.188951196563311,64970343.7740042,340442065.388714,64.97034377400419
ALGO,2023-03-12,0.188951196563311,0.203242990819087,0.183755111532342,0.202485848857507,53344826.2727166,270205447.485622,53.344826272716595
ALGO,2023-03-13,0.202485848857507,0.216317741812086,0.194753203291334,0.213197401281921,87467462.2909972,416863700.56611,87.4674622909972
ALGO,2023-03-14,0.213197401281921,0.22870420973885,0.206431869979067,0.223054302833114,91555774.7736881,412949162.863328,91.5557747736881
ALGO,2023-03-15,0.223054302833114,0.226128349551393,0.199560381133897,0.20505145088524,73787244.0288362,340685572.784371,73.7872440288362
ALGO,2023-03-16,0.20505145088524,0.210580557606212,0.202156716316657,0.209135570877472,41077533.6068479,196557477.342437,41.0775336068479
ALGO,2023-03-17,0.209135570877472,0.227698688114141,0.207083892928973,0.227168093667441,56097553.8693274,256916642.791917,56.097553869327406
ALGO,2023-03-18,0.227168093667441,0.230215705712677,0.214581153791644,0.215326756088971,69250511.1062346,306390625.580559,69.2505111062346
ALGO,2023-03-19,0.215326756088971,0.225115652682402,0.215260735298355,0.220586367954743,53228717.3839434,238955219.853972,53.228717383943405
ALGO,2023-03-20,0.220586367954743,0.225158348016188,0.208981155486124,0.210529556381357,65855302.3685141,298584206.128797,65.8553023685141
ALGO,2023-03-21,0.210529556381357,0.226713416530375,0.205950983433012,0.223953040852944,61413777.313411,281223214.54963,61.413777313410996
ALGO,2023-03-22,0.223953040852944,0.242789380928088,0.21066757600329,0.215325195270017,178436110.803024,756400855.382353,178.436110803024
ALGO,2023-03-23,0.215325195270017,0.223095290400977,0.212733828838298,0.220472760494,66368797.4435169,285951406.779074,66.3687974435169
ALGO,2023-03-24,0.220472760494,0.220966654321431,0.207661460773725,0.210074829652904,55334247.6979667,241158748.837848,55.3342476979667
ALGO,2023-03-25,0.210074829652904,0.212217286463458,0.203371410359532,0.207135161139074,33760693.7917533,158489504.449462,33.7606937917533
ALGO,2023-03-26,0.207135161139074,0.212302865327005,0.206051031607788,0.211141680743333,25141802.2851831,118681682.35386,25.141802285183097
ALGO,2023-03-27,0.211141680743333,0.211473396647709,0.196782591610763,0.200538628204269,44252951.3488659,211741618.864872,44.2529513488659
ALGO,2023-03-28,0.200538628204269,0.20446195599561,0.197474953696444,0.202105702548102,42034467.5249252,204871786.654417,42.034467524925205
ALGO,2023-03-29,0.202105702548102,0.240275018647102,0.202105702548102,0.235805607771174,247762717.522803,986836317.137886,247.762717522803
ALGO,2023-03-30,0.235805607771174,0.241429892270418,0.222731623506082,0.225775874638836,113174519.246147,478314069.974715,113.174519246147
ALGO,2023-03-31,0.225775874638836,0.228131287867655,0.218447442852093,0.226101562584934,61315877.9153563,269894678.333264,61.3158779153563
ALGO,2023-04-01,0.226101562584934,0.228203211497742,0.21961259244539,0.223622477731301,42345226.183375,178602090.261679,42.345226183375004
ALGO,2023-04-02,0.223622477731301,0.225054128115207,0.211621021264217,0.214402682893403,39901386.9875584,164579826.489775,39.9013869875584
ALGO,2023-04-03,0.214402682893403,0.219606355801675,0.208169773722263,0.214653785523265,53528586.8241237,237212018.346842,53.5285868241237
ALGO,2023-04-04,0.214653785523265,0.220581820962148,0.212217820411651,0.218263539233838,41399473.7676921,182605024.807687,41.39947376769209
ALGO,2023-04-05,0.218263539233838,0.223952095262132,0.215566426875965,0.223072108933687,52079258.1012476,224257558.812226,52.0792581012476
ALGO,2023-04-06,0.223072108933687,0.223209930968466,0.21588926385701,0.218267738642078,40176432.6998228,177855185.58878,40.1764326998228
ALGO,2023-04-07,0.218267738642078,0.220000760608219,0.213118325700085,0.219241310645825,32442018.3256273,143690715.304566,32.4420183256273
ALGO,2023-04-08,0.219241310645825,0.221278644553412,0.214715350280913,0.21657386151397,31329790.8615214,140225481.861573,31.3297908615214
ALGO,2023-04-09,0.21657386151397,0.218270587858345,0.213207967345837,0.216839097229209,26499718.1993949,117006629.110933,26.499718199394902
ALGO,2023-04-10,0.216839097229209,0.221253630853586,0.213166328421161,0.221150932007059,35319215.8175006,159505198.143561,35.3192158175006
ALGO,2023-04-11,0.221150932007059,0.223713350136169,0.218551326141725,0.2201291982926,45502827.111488,197622496.565211,45.502827111488
ALGO,2023-04-12,0.2201291982926,0.220638094183323,0.212147286808201,0.215318030505562,54735078.9005159,248396554.5912,54.7350789005159
ALGO,2023-04-13,0.215318030505562,0.222831231113474,0.213517182773181,0.221368200819931,58469245.9525027,253244961.358645,58.469245952502696
ALGO,2023-04-14,0.221368200819931,0.23197405814763,0.220381946075767,0.227280660120596,88293308.9826486,372197747.058599,88.2933089826486
ALGO,2023-04-15,0.227280660120596,0.233333585665109,0.22376891042492,0.231713166054946,55535717.3985218,229329621.359631,55.535717398521804
ALGO,2023-04-16,0.231713166054946,0.235006186711144,0.226196294045096,0.234598522460055,45942752.9061925,191837081.852434,45.942752906192496
ALGO,2023-04-17,0.234598522460055,0.234947096819723,0.219539638074682,0.220802778334431,102530656.674767,427780445.011821,102.530656674767
ALGO,2023-04-18,0.220802778334431,0.225737490259971,0.217784152563547,0.222208906327903,80274064.4935559,343992818.732912,80.2740644935559
ALGO,2023-04-19,0.222208906327903,0.222208906327903,0.197413828309748,0.199343148269087,102559624.368468,474365835.006699,102.55962436846801
ALGO,2023-04-20,0.199343148269087,0.200307388875786,0.188831653179004,0.19084789779549,117808363.396545,586298670.522589,117.80836339654499
ALGO,2023-04-21,0.19084789779549,0.19120275093057,0.182854742020526,0.185461229879659,78303280.638892,400738155.466544,78.30328063889199
ALGO,2023-04-22,0.185461229879659,0.190546935482445,0.184724256225445,0.189936707805895,36158076.5427855,185226085.722175,36.1580765427855
ALGO,2023-04-23,0.189936707805895,0.190161635578432,0.182782088223503,0.188123762069191,32276150.9226999,169777446.003964,32.2761509226999
ALGO,2023-04-24,0.188123762069191,0.189972865151636,0.182442016416166,0.18554448191641,35768492.5021378,187795950.859354,35.7684925021378
ALGO,2023-04-25,0.18554448191641,0.188746268674433,0.179897675541439,0.187513428827711,41445638.6412089,219983408.117938,41.4456386412089
ALGO,2023-04-26,0.187513428827711,0.192680937507603,0.172597837903904,0.181080195844327,70838871.3944549,373827844.557405,70.8388713944549
ALGO,2023-04-27,0.181080195844327,0.185041797708852,0.179910408548631,0.184010951290905,47156340.9954689,255736548.657955,47.1563409954689
ALGO,2023-04-28,0.184010951290905,0.185107624877717,0.180682225168009,0.183834210135624,34028014.1710871,177324173.08309,34.0280141710871
ALGO,2023-04-29,0.183834210135624,0.18581160478309,0.18243900878585,0.183892361059946,27566448.6895976,141545395.61171,27.5664486895976
ALGO,2023-04-30,0.183892361059946,0.184541848688473,0.179693425511568,0.180358454772046,29486013.132989,153896164.555428,29.486013132989
ALGO,2023-05-01,0.180358454772046,0.181435947135669,0.174954866673126,0.177525939178506,35992473.3364832,194667672.823947,35.9924733364832
ALGO,2023-05-02,0.177525939178506,0.179600529049773,0.174484140606508,0.178860571641309,28776204.9250855,160995474.019784,28.7762049250855
ALGO,2023-05-03,0.178860571641309,0.181951878339037,0.174602012835558,0.180978994837662,31875923.2486792,173789077.852634,31.875923248679197
ALGO,2023-05-04,0.180978994837662,0.181563742228297,0.175769323003251,0.177388016487555,28544553.9996824,156981667.044241,28.5445539996824
ALGO,2023-05-05,0.177388016487555,0.183479098750008,0.177166586467593,0.181903491827055,37982836.3156319,205125425.04147,37.98283631563191
ALGO,2023-05-06,0.181903491827055,0.1834397710707,0.173451150552475,0.175822368511265,37418605.0668198,183924961.457418,37.4186050668198
ALGO,2023-05-07,0.175822368511265,0.17620163171305,0.173962378844813,0.17400311717387,21970506.5619268,123683433.018514,21.9705065619268
ALGO,2023-05-08,0.17400311717387,0.174638781920336,0.160459304685579,0.164715973728431,58931584.7785759,306650000.088346,58.931584778575896
ALGO,2023-05-09,0.164715973728431,0.167475925993678,0.163577761341993,0.165300776055884,28968962.5269734,172917749.02188,28.9689625269734
ALGO,2023-05-10,0.165300776055884,0.171025709874318,0.16251909404732,0.169028402596425,44575017.8629044,260104974.73804,44.5750178629044
ALGO,2023-05-11,0.169028402596425,0.169028402596425,0.159173554494756,0.162619771998104,35598231.7151687,214143566.965252,35.5982317151687
ALGO,2023-05-12,0.162619771998104,0.164811436846265,0.157732369619781,0.164811436846265,36761242.7800106,221523525.299247,36.761242780010605
ALGO,2023-05-13,0.164811436846265,0.164934141805628,0.161456664407706,0.162246380947534,20409697.8467629,123059904.562169,20.4096978467629
ALGO,2023-05-14,0.162246380947534,0.165526309850377,0.160951197921128,0.162978704498749,21339899.5399112,128764172.748995,21.3398995399112
ALGO,2023-05-15,0.162978704498749,0.168842396840985,0.161125791507977,0.167017105719347,28746820.460659,170790176.332367,28.746820460659002
ALGO,2023-05-16,0.167017105719347,0.170515170206515,0.164912554205149,0.169473009017298,30745741.1208994,176987846.638027,30.745741120899403
ALGO,2023-05-17,0.169473009017298,0.173923634518517,0.166628888795311,0.172331467360962,33111544.5945544,187133806.583777,33.111544594554395
ALGO,2023-05-18,0.172331467360962,0.17250581682396,0.163398097471466,0.165286385106691,33842465.6725278,192687624.696222,33.842465672527794
ALGO,2023-05-19,0.165286385106691,0.167598121868624,0.164909187744797,0.165073317497953,24678722.8090714,145726109.244494,24.6787228090714
ALGO,2023-05-20,0.165073317497953,0.165698824458383,0.16408693926129,0.16469828603098,19715814.8369789,115157020.062777,19.7158148369789
ALGO,2023-05-21,0.16469828603098,0.165001650674874,0.160869859967771,0.161748966908167,22696071.2961886,129811900.236269,22.6960712961886
ALGO,2023-05-22,0.161748966908167,0.162733255177026,0.159729125120427,0.161609564481691,22955746.8636945,138866733.774603,22.9557468636945
ALGO,2023-05-23,0.161609564481691,0.164995683390712,0.161157670659561,0.162599812741263,22448930.9395896,136222330.074519,22.4489309395896
ALGO,2023-05-24,0.162599812741263,0.162754668619114,0.154618547680434,0.154730681524686,36863187.6995032,230325044.030257,36.8631876995032
ALGO,2023-05-25,0.154730681524686,0.155153442837573,0.14984813594631,0.15043738311104,52683670.9210557,335843231.209174,52.6836709210557
ALGO,2023-05-26,0.15043738311104,0.151465959161745,0.147541600975082,0.150134410973099,34256546.266419,225634582.535143,34.256546266419
ALGO,2023-05-27,0.150134410973099,0.151887210585635,0.149310451587004,0.150690379915822,27009977.3210301,172825336.957859,27.0099773210301
ALGO,2023-05-28,0.150690379915822,0.154031450602719,0.150361396017049,0.153355467985657,33358620.3539482,213171320.968055,33.3586203539482
ALGO,2023-05-29,0.153355467985657,0.154426951735877,0.150963025878608,0.151747817695156,29076470.0899323,186158445.940624,29.0764700899323
ALGO,2023-05-30,0.151747817695156,0.152848725054532,0.149469959069805,0.151468617517439,36413622.430424,225379738.312004,36.413622430424
ALGO,2023-05-31,0.151468617517439,0.15264675612572,0.146120169726458,0.148012139152544,33983373.2353414,220351370.766653,33.983373235341396
ALGO,2023-06-01,0.148012139152544,0.149147744525344,0.145335263298381,0.148608565713411,25293655.8375478,168423537.194379,25.293655837547803
ALGO,2023-06-02,0.148608565713411,0.152606609020746,0.147305182668858,0.151825160492539,24926234.6009985,159598886.586078,24.926234600998498
ALGO,2023-06-03,0.151825160492539,0.152338245903735,0.150344479124727,0.150955640108318,16430907.8239703,106783249.859054,16.430907823970298
ALGO,2023-06-04,0.150955640108318,0.153584335120156,0.150016216875924,0.151896451198568,18402319.4699015,118922456.248895,18.4023194699015
ALGO,2023-06-05,0.151896451198568,0.152115540776995,0.132639577134783,0.13826866331761,55337382.2505337,365989074.936312,55.3373822505337
ALGO,2023-06-06,0.13826866331761,0.140830355387074,0.133993790318064,0.137726281457437,48391766.0342598,342702433.304177,48.3917660342598
ALGO,2023-06-07,0.137726281457437,0.137726281457437,0.124527371419198,0.125345351072066,49514429.1337125,361708562.056274,49.5144291337125
ALGO,2023-06-08,0.125345351072066,0.126173098641121,0.121290316193667,0.123659776594236,51918273.9437903,400174396.301835,51.918273943790304
ALGO,2023-06-09,0.123659776594236,0.126362028107411,0.122204854681601,0.124170313393479,29860692.3580573,233612808.301266,29.860692358057303
ALGO,2023-06-10,0.124170313393479,0.124170313393479,0.0932714397230067,0.111352735470209,88423654.3731619,765088466.844969,88.4236543731619
ALGO,2023-06-11,0.111352735470209,0.113156411006878,0.107442413569546,0.110899112490759,27949550.0334855,249742192.211925,27.949550033485497
ALGO,2023-06-12,0.110899112490759,0.11343216046579,0.108539990432868,0.112882421726942,29974455.3394378,263255316.252261,29.974455339437803
ALGO,2023-06-13,0.112882421726942,0.116862244577363,0.111699047257787,0.113185980605478,27753466.9534069,232295082.297262,27.7534669534069
ALGO,2023-06-14,0.113185980605478,0.119155661112792,0.110787954867781,0.113078454021881,33611958.2287169,265525725.350371,33.6119582287169
ALGO,2023-06-15,0.113078454021881,0.116105533915694,0.107911158286343,0.112303337752937,35825691.5826752,299602714.916588,35.825691582675205
ALGO,2023-06-16,0.112303337752937,0.117597951151426,0.109653480974051,0.11603791519867,21757529.8309833,188141059.478879,21.757529830983298
ALGO,2023-06-17,0.11603791519867,0.122970562261626,0.115443578001478,0.11863809504163,23207869.0616491,189035491.512306,23.2078690616491
ALGO,2023-06-18,0.11863809504163,0.119176897940215,0.114599151114602,0.115114463181639,19038317.0349244,146443972.745542,19.0383170349244
ALGO,2023-06-19,0.115114463181639,0.117524979490188,0.114019514314929,0.116531745219476,18799195.6819639,156144995.877037,18.799195681963898
ALGO,2023-06-20,0.116531745219476,0.12197469311678,0.11359481775585,0.121474254145888,20934054.0286672,173732572.448675,20.9340540286672
ALGO,2023-06-21,0.121474254145888,0.126543752916834,0.121228493481685,0.125836749881429,33632065.6140959,253147779.70653,33.63206561409589
ALGO,2023-06-22,0.125836749881429,0.128880499506065,0.124796235042266,0.124866471061354,30142917.6284402,227545233.952341,30.142917628440202
ALGO,2023-06-23,0.124866471061354,0.138839099594942,0.124586988051538,0.135437257373715,34102056.0144628,252444136.057998,34.102056014462796
ALGO,2023-06-24,0.135437257373715,0.136151908268681,0.131464610864363,0.133193909474084,27204579.9857287,197845027.741476,27.2045799857287
ALGO,2023-06-25,0.133193909474084,0.141382099725792,0.132785756442425,0.137319436047114,31606061.6533429,223944700.501203,31.6060616533429
ALGO,2023-06-26,0.137319436047114,0.139040850675007,0.129225849184689,0.129697852348882,53437906.2504587,346353206.192476,53.4379062504587
ALGO,2023-06-27,0.129697852348882,0.130731790480642,0.127074640447819,0.127651014449062,32367647.5965526,238753389.724403,32.3676475965526
ALGO,2023-06-28,0.127651014449062,0.127651014449062,0.115676805977678,0.118906232362137,40407272.9062709,309728142.282907,40.4072729062709
ALGO,2023-06-29,0.118906232362137,0.124210475272457,0.118231413782956,0.120310100558602,28603839.691081,216913652.90915,28.603839691081
ALGO,2023-06-30,0.120310100558602,0.12454121087485,0.114584572034272,0.12205557819235,46794417.3547867,367770443.558956,46.7944173547867
ALGO,2023-07-01,0.12205557819235,0.128286416361137,0.119412770327928,0.128286416361137,39316080.2515241,301563213.91969,39.3160802515241
ALGO,2023-07-02,0.128286416361137,0.128328271764725,0.121828580319948,0.123837747676916,38866105.5490917,296506178.607015,38.8661055490917
ALGO,2023-07-03,0.123837747676916,0.130854547231567,0.122561871084394,0.128733262525946,48803401.3358885,362338527.427422,48.803401335888495
ALGO,2023-07-04,0.128733262525946,0.128985494629522,0.123760213739127,0.124758961396422,32260978.3794702,242225559.678175,32.2609783794702
ALGO,2023-07-05,0.124758961396422,0.12560535935177,0.118431307317359,0.120270347072292,34660691.9012133,266619988.005477,34.660691901213305
ALGO,2023-07-06,0.120270347072292,0.122808864006419,0.113375915951095,0.113412299014739,36008897.4748379,280104902.980653,36.0088974748379
ALGO,2023-07-07,0.113412299014739,0.115069750690885,0.112240451276107,0.112711167937179,30019700.9209031,233100055.839364,30.0197009209031
ALGO,2023-07-08,0.112711167937179,0.113594816346997,0.110139426926223,0.111937843799802,23431318.3234025,201848218.353352,23.4313183234025
ALGO,2023-07-09,0.111937843799802,0.113305033930739,0.110347576396733,0.110783553412428,22494557.0803748,193967213.6137,22.4945570803748
ALGO,2023-07-10,0.110783553412428,0.112579554936595,0.107909719365083,0.110207287765362,35764244.4190898,305862621.033612,35.7642444190898
ALGO,2023-07-11,0.110207287765362,0.111753787532132,0.105640041465107,0.109094699761441,42010780.926099,370675740.506217,42.010780926099
ALGO,2023-07-12,0.109094699761441,0.111726308780339,0.106328609060228,0.106544909327513,38801071.8043183,333465177.076239,38.801071804318305
ALGO,2023-07-13,0.106544909327513,0.122245849925977,0.103596480055366,0.122114770056009,138140048.955531,1061290776.53612,138.140048955531
ALGO,2023-07-14,0.122114770056009,0.123479228833865,0.110281407428539,0.113874263072009,130091882.583891,1013119060.97728,130.091882583891
ALGO,2023-07-15,0.113874263072009,0.115675954936698,0.1117710929219,0.113932270964374,42760661.0328294,336331924.491222,42.7606610328294
ALGO,2023-07-16,0.113932270964374,0.121976888147796,0.112145130512186,0.116172934966162,72536013.5737176,550152053.42311,72.5360135737176
ALGO,2023-07-17,0.116172934966162,0.12668811894919,0.115276354451829,0.121188535141744,122162042.435388,924367216.058836,122.162042435388
ALGO,2023-07-18,0.121188535141744,0.121188535141744,0.112298497314419,0.114626389860082,65568394.7055966,501751131.37114,65.5683947055966
ALGO,2023-07-19,0.114626389860082,0.116732707303369,0.112249458445581,0.114330993959209,51691695.882289,401057007.978138,51.691695882289
ALGO,2023-07-20,0.114330993959209,0.118254127121882,0.113057575678848,0.115406743430105,49866813.735181,412325686.213482,49.866813735181
ALGO,2023-07-21,0.115406743430105,0.116519732430746,0.113424485241717,0.115788735403081,36473352.3074529,286113808.762552,36.4733523074529
ALGO,2023-07-22,0.115788735403081,0.11715159913954,0.113685034492596,0.11477990854295,34221247.5381564,273738670.07573,34.2212475381564
ALGO,2023-07-23,0.11477990854295,0.117451082770705,0.113730786014287,0.116037207021004,29865439.7951446,241881143.105527,29.8654397951446
ALGO,2023-07-24,0.116037207021004,0.116345643908962,0.10851675884365,0.110039503065515,45112427.2333376,370256321.127167,45.112427233337606
ALGO,2023-07-25,0.110039503065515,0.11061686068341,0.108923170726599,0.110325001834801,26964673.6291483,229995416.596815,26.9646736291483
ALGO,2023-07-26,0.110325001834801,0.112598692713461,0.108420074426088,0.111017485697746,30513526.914047,268995641.714587,30.513526914047
ALGO,2023-07-27,0.111017485697746,0.112796156322603,0.109266603420429,0.110051796296758,25413350.4245977,223688701.992764,25.4133504245977
ALGO,2023-07-28,0.110051796296758,0.111465396739599,0.108253190938841,0.110722884680345,32386311.3670526,268947529.525713,32.3863113670526
ALGO,2023-07-29,0.110722884680345,0.112001707886269,0.109999725503179,0.111649472259411,20945485.3338279,185748814.49763,20.9454853338279
ALGO,2023-07-30,0.111649472259411,0.112795122157727,0.108274246125828,0.109866681861466,29401933.8184663,257209240.542748,29.401933818466297
ALGO,2023-07-31,0.109866681861466,0.111109697286733,0.108503228454802,0.109869397704694,41530843.9528007,344437539.95867,41.5308439528007
ALGO,2023-08-01,0.109869397704694,0.111048960368086,0.106420703095268,0.111048960368086,47562706.0634786,345933288.373076,47.56270606347859
ALGO,2023-08-02,0.111048960368086,0.111146835473178,0.106212628083693,0.106986607426102,37443141.9075135,317003607.97363,37.4431419075135
ALGO,2023-08-03,0.106986607426102,0.108242576295566,0.105896358364924,0.106439025669043,27518862.2225774,207733830.760128,27.5188622225774
ALGO,2023-08-04,0.106439025669043,0.107763700277814,0.105307131802811,0.10608329337807,21677544.608718,199301227.948769,21.677544608718
ALGO,2023-08-05,0.10608329337807,0.107030981407092,0.104723791130562,0.106695043386799,17462372.5570064,163023885.491611,17.4623725570064
ALGO,2023-08-06,0.106695043386799,0.110584794598665,0.106424898999619,0.109896206321114,25789245.365493,230642227.764544,25.789245365493
ALGO,2023-08-07,0.109896206321114,0.112185456561755,0.107783977965665,0.112178707523368,42719280.3020589,371373192.055397,42.7192803020589
ALGO,2023-08-08,0.112178707523368,0.118889823809141,0.111806351982879,0.113172458854164,90944038.3910689,657077257.135119,90.9440383910689
ALGO,2023-08-09,0.113172458854164,0.114575228730145,0.111373276662484,0.112972117655534,34660309.443947,295354910.164888,34.660309443947
ALGO,2023-08-10,0.112972117655534,0.113524210287123,0.111207603990881,0.112528719177243,27241364.3753192,230428859.854581,27.2413643753192
ALGO,2023-08-11,0.112528719177243,0.113502059164635,0.111329153721006,0.112151164660022,20307722.4065459,171902053.222623,20.3077224065459
ALGO,2023-08-12,0.112151164660022,0.115930857183828,0.111753355441955,0.115736707817087,21959861.7709533,188583901.330938,21.959861770953303
ALGO,2023-08-13,0.115736707817087,0.117575954879284,0.113179623485578,0.116809285285216,35099008.5771343,265761517.238862,35.0990085771343
ALGO,2023-08-14,0.116809285285216,0.118472371284454,0.114342255612969,0.114882000691966,30211905.8123486,251194521.434919,30.2119058123486
ALGO,2023-08-15,0.114882000691966,0.114914974382415,0.106775090079159,0.108282226579446,50085359.442945,372687997.352003,50.085359442945006
ALGO,2023-08-16,0.108282226579446,0.108385332388612,0.100420093422264,0.102677217492743,63056004.0693693,486746167.584274,63.0560040693693
ALGO,2023-08-17,0.102677217492743,0.104242196692285,0.0852874482435858,0.0934375444611197,63673379.1782532,556941564.66163,63.67337917825321
ALGO,2023-08-18,0.0934375444611197,0.0972834127354313,0.0925939085289608,0.0956850373089524,39413933.0303662,390648488.515945,39.413933030366195
ALGO,2023-08-19,0.0956850373089524,0.0982961945668028,0.0950101060571038,0.0969038957413733,22940638.5985713,228002767.065168,22.9406385985713
ALGO,2023-08-20,0.0969038957413733,0.0978298948333296,0.0962823750149821,0.0973547212002793,17784453.076266,175956984.825722,17.784453076265997
ALGO,2023-08-21,0.0973547212002793,0.0974644633462038,0.0936214535049039,0.0964565060672586,23323967.9345905,237102250.505264,23.3239679345905
ALGO,2023-08-22,0.0964565060672586,0.0973031715984196,0.0930466167111742,0.0973031715984196,25792540.9574464,246238811.768121,25.7925409574464
ALGO,2023-08-23,0.0973031715984196,0.0999037896641509,0.0962036697135837,0.0987395452096604,20714363.5834098,204106586.161745,20.714363583409803
ALGO,2023-08-24,0.0987395452096604,0.0990583042205734,0.0957199544491365,0.0975100454689888,18114758.9998223,164971781.671749,18.1147589998223
ALGO,2023-08-25,0.0975100454689888,0.097941600114608,0.0956598664172024,0.0970749938649068,19170369.8505174,194528409.660906,19.1703698505174
ALGO,2023-08-26,0.0970749938649068,0.097155227678734,0.0953780772024905,0.0955938044736667,13835385.4665677,131200307.458102,13.8353854665677
ALGO,2023-08-27,0.0955938044736667,0.0961279834072196,0.094762525368914,0.095402050188099,12125855.2883902,123084175.701584,12.1258552883902
ALGO,2023-08-28,0.095402050188099,0.0980372000558251,0.0929200071747456,0.0975803090951195,18185400.0314347,183335574.782954,18.1854000314347
ALGO,2023-08-29,0.0975803090951195,0.101895953511321,0.0951347391229061,0.100883333804801,31155714.0230864,286468027.203482,31.1557140230864
ALGO,2023-08-30,0.100883333804801,0.100942343120772,0.0962680763117742,0.0970406209308818,18917964.4354499,185955616.873775,18.9179644354499
ALGO,2023-08-31,0.0970406209308818,0.0971402929315486,0.0918493915305719,0.0934402207392607,36759950.4540355,287256474.145967,36.7599504540355
ALGO,2023-09-01,0.0934402207392607,0.0952360190619901,0.0908865220552122,0.0922318314789047,44269894.2246201,307608102.289396,44.269894224620096
ALGO,2023-09-02,0.0922318314789047,0.0948368537369617,0.0918526320008032,0.0947813316432099,11179137.0406444,116134138.908154,11.1791370406444
ALGO,2023-09-03,0.0947813316432099,0.0952865213103859,0.0933717132575711,0.0945852740856909,11521205.2323352,115272960.524943,11.5212052323352
ALGO,2023-09-04,0.0945852740856909,0.0963325377089461,0.0928350333547306,0.0942265550456762,14374960.9512262,147357681.681867,14.374960951226202
ALGO,2023-09-05,0.0942265550456762,0.0944060180432267,0.0931017654876121,0.0942865500444772,13935388.3199466,144774037.235162,13.9353883199466
ALGO,2023-09-06,0.0942865500444772,0.0947980590243143,0.0915777548648727,0.094212481688993,15473647.8205434,157543601.596343,15.473647820543398
ALGO,2023-09-07,0.094212481688993,0.0981008572695313,0.0937330820543552,0.097918028452899,24047603.6091265,216340936.70555,24.0476036091265
ALGO,2023-09-08,0.097918028452899,0.0984527503421457,0.0946780539361712,0.0962571791174862,14449373.2813722,146279442.617095,14.449373281372202
ALGO,2023-09-09,0.0962571791174862,0.096732199134528,0.0940593576602298,0.0942588156065637,10327489.1187823,102300788.392867,10.327489118782301
ALGO,2023-09-10,0.0942588156065637,0.0942588156065637,0.0898215947896354,0.0922370418414573,23949744.3048489,240338142.277911,23.9497443048489
ALGO,2023-09-11,0.0922370418414573,0.0927409796982102,0.0877876762146361,0.0890246433603596,23197929.9433175,234818131.886376,23.197929943317497
ALGO,2023-09-12,0.0890246433603596,0.0924668478578456,0.0887299719340641,0.0897748542840057,14809559.8286726,160251189.716139,14.809559828672601
ALGO,2023-09-13,0.0897748542840057,0.0919812940822273,0.0892400304123589,0.0911272374107186,15294992.7861971,160846518.98814,15.2949927861971
ALGO,2023-09-14,0.0911272374107186,0.093966458658762,0.0906709684564682,0.0936159878778849,16010042.6505925,166153702.8709,16.0100426505925
ALGO,2023-09-15,0.0936159878778849,0.0970032698063923,0.093165289339736,0.0963782029118108,15983553.6099463,154396415.835484,15.983553609946298
ALGO,2023-09-16,0.0963782029118108,0.0980553714350964,0.0954640380727618,0.0976702421455145,13429530.0673709,133145284.249356,13.429530067370901
ALGO,2023-09-17,0.0976702421455145,0.0976702421455145,0.0938472354097643,0.0950182364974074,12665169.2300076,126008932.716814,12.6651692300076
ALGO,2023-09-18,0.0950182364974074,0.0984936261940332,0.0942157456588696,0.096560216577617,13786342.693134,133991014.143834,13.786342693134001
ALGO,2023-09-19,0.096560216577617,0.0978673009344624,0.0954333039396631,0.0972360803279267,11768867.6507724,116325929.204443,11.7688676507724
ALGO,2023-09-20,0.0972360803279267,0.100350798630419,0.0938880131179133,0.100250581600401,28334278.8250218,264120114.300839,28.3342788250218
ALGO,2023-09-21,0.100250581600401,0.103346002338617,0.0969258934212513,0.0974364143053224,36787523.8628935,298530464.749995,36.7875238628935
ALGO,2023-09-22,0.0974364143053224,0.102599500474336,0.0964732564740905,0.102026732333828,22420919.7987094,207121071.794685,22.4209197987094
ALGO,2023-09-23,0.102026732333828,0.103016235220977,0.0996632529689122,0.100626791660069,15468748.3228241,118039388.702204,15.4687483228241
ALGO,2023-09-24,0.100626791660069,0.102959795688686,0.100020293532728,0.101359485671151,18016858.9005803,119451120.574018,18.0168589005803
ALGO,2023-09-25,0.101359485671151,0.102019495983107,0.0973450253902752,0.0976798467274217,17807698.6046901,165208489.480371,17.807698604690103
ALGO,2023-09-26,0.0976798467274217,0.0989039691316786,0.0946992750183575,0.0954947605073528,15304700.0717632,147083238.673181,15.3047000717632
ALGO,2023-09-27,0.0954947605073528,0.097005727006741,0.0938483610737762,0.0957474580378906,15114361.4966474,141009196.854057,15.114361496647401
ALGO,2023-09-28,0.0957474580378906,0.0982741074510695,0.0955310364699591,0.0975757993103373,12658404.0177042,124663526.978934,12.6584040177042
ALGO,2023-09-29,0.0975757993103373,0.102273857969825,0.0971516892828644,0.101417051429065,17619162.240269,161095832.548205,17.619162240269002
ALGO,2023-09-30,0.101417051429065,0.105404541060488,0.100818958671519,0.103361404857187,16713700.8216461,146106156.581813,16.7137008216461
ALGO,2023-10-01,0.103361404857187,0.107431883878536,0.102817908929422,0.106274820605851,16508628.7837424,140226148.903351,16.5086287837424
ALGO,2023-10-02,0.106274820605851,0.106323432224326,0.100367994994382,0.101308868013766,19408528.0185271,166184250.613142,19.4085280185271
ALGO,2023-10-03,0.101308868013766,0.103059708362807,0.100382834479899,0.101033366350211,13524119.3660204,130111291.368139,13.5241193660204
ALGO,2023-10-04,0.101033366350211,0.101244017502815,0.0974404366313856,0.0993172199756301,18257710.1184599,169642829.829087,18.257710118459897
ALGO,2023-10-05,0.0993172199756301,0.101069007099681,0.0977785543841814,0.100225861621052,14628234.5423094,133689327.598242,14.6282345423094
ALGO,2023-10-06,0.100225861621052,0.101794195044773,0.0981877648686584,0.100770874875532,12822894.2723417,120316986.705537,12.822894272341701
ALGO,2023-10-07,0.100770874875532,0.1012414743459,0.0997187959934404,0.0999876473626633,7535311.3794573,73509478.1191239,7.5353113794572995
ALGO,2023-10-08,0.0999876473626633,0.103025360477047,0.0994200408138026,0.101507257437868,16086903.0638278,141727998.920811,16.0869030638278
ALGO,2023-10-09,0.101507257437868,0.101507257437868,0.0954546445139899,0.0966631921947188,16917031.5752523,168034753.324497,16.9170315752523
ALGO,2023-10-10,0.0966631921947188,0.0971410279770123,0.0948313421961175,0.0951493410736122,10502394.6142357,106997209.57809,10.5023946142357
ALGO,2023-10-11,0.0951493410736122,0.0956557893061996,0.0933876692575934,0.0951889522837072,10343842.2537146,107381931.722376,10.3438422537146
ALGO,2023-10-12,0.0951889522837072,0.0953729772523861,0.0932880683194562,0.0936983062290407,9915394.56606184,97261967.6371882,9.91539456606184
ALGO,2023-10-13,0.0936983062290407,0.0965860091371241,0.0936232918668289,0.0952443808801857,9687689.30498277,100350280.284224,9.68768930498277
ALGO,2023-10-14,0.0952443808801857,0.0960123968312031,0.0946799111565703,0.09536080608641,11710323.9925874,93188492.3885145,11.710323992587401
ALGO,2023-10-15,0.09536080608641,0.0960708775196352,0.0943633615526909,0.0945838421293434,13489275.5507235,129571112.898847,13.4892755507235
ALGO,2023-10-16,0.0945838421293434,0.0979308357345657,0.0941062311832096,0.0949766728675416,23962141.0889454,226331617.900578,23.9621410889454
ALGO,2023-10-17,0.0949766728675416,0.0951328585085783,0.0913320163827448,0.0915646996723504,23401702.1391215,215415351.870127,23.4017021391215
ALGO,2023-10-18,0.0915646996723504,0.0921290379830705,0.0900200444087983,0.0901661179381556,16135178.4886569,168704384.299471,16.1351784886569
ALGO,2023-10-19,0.0901661179381556,0.090505356699327,0.087963800751755,0.0896887259260969,18083108.8938467,178916733.037932,18.083108893846703
ALGO,2023-10-20,0.0896887259260969,0.0925716433957766,0.0891305941068682,0.091406903700725,24508389.313566,241297371.021804,24.508389313566
ALGO,2023-10-21,0.091406903700725,0.0943877797177636,0.0911867280399309,0.0942505553358327,19973776.7235017,199593775.83228,19.9737767235017
ALGO,2023-10-22,0.0942505553358327,0.0948556894603513,0.0923225172180496,0.0942214823121057,18258695.803978,177284578.292418,18.258695803978
ALGO,2023-10-23,0.0942214823121057,0.098729122829889,0.0932348741604611,0.0982071438324535,41714133.6677697,377213290.140144,41.7141336677697
ALGO,2023-10-24,0.0982071438324535,0.102548989881592,0.096652281239587,0.100810806751505,58278644.308427,520098821.556022,58.278644308427
ALGO,2023-10-25,0.100810806751505,0.103064673218675,0.0984963162628716,0.100849445769378,34076979.1189448,310209268.709631,34.0769791189448
ALGO,2023-10-26,0.100849445769378,0.103586691130589,0.0982004434517868,0.10122865155004,37601053.9812257,342408429.754497,37.6010539812257
ALGO,2023-10-27,0.10122865155004,0.101359229847291,0.0982111597572381,0.0992595302659388,21834514.9197007,202157102.211078,21.834514919700702
ALGO,2023-10-28,0.0992595302659388,0.102495602832736,0.0991117665566393,0.101840185680251,18069291.6766809,162291050.579566,18.0692916766809
ALGO,2023-10-29,0.101840185680251,0.107072411458664,0.100484224822832,0.10644296999104,27401930.1028774,227325270.269558,27.4019301028774
ALGO,2023-10-30,0.10644296999104,0.112495299387592,0.105235126507325,0.112282197453247,48450157.540859,392367948.262104,48.450157540858996
ALGO,2023-10-31,0.112282197453247,0.113824049193905,0.106692270808123,0.109480663100725,41648908.6289402,345484481.301793,41.648908628940205
ALGO,2023-11-01,0.109480663100725,0.115504394698634,0.107032700890381,0.114499813429115,43134825.7467139,333793754.216672,43.1348257467139
ALGO,2023-11-02,0.114499813429115,0.115594273488413,0.109056902628544,0.111627022829009,47939729.8787372,345767219.127641,47.9397298787372
ALGO,2023-11-03,0.111627022829009,0.113651604233722,0.107595417733237,0.111930200531507,32065762.7790789,266244610.697612,32.0657627790789
ALGO,2023-11-04,0.111930200531507,0.115792749311509,0.110393033601785,0.115195119385156,29886220.3481527,232918865.159657,29.8862203481527
ALGO,2023-11-05,0.115195119385156,0.123651708003334,0.114691440815898,0.122012976880107,60730803.8175201,441672507.819048,60.7308038175201
ALGO,2023-11-06,0.122012976880107,0.130403470780678,0.119719827772018,0.129658827949684,50324507.7018345,339527393.822799,50.3245077018345
ALGO,2023-11-07,0.129658827949684,0.1301737988897,0.11926992980699,0.124172919109877,41731099.8896274,306145730.237683,41.731099889627394
ALGO,2023-11-08,0.124172919109877,0.128532322176026,0.123111909211169,0.127481781622086,27433032.8663936,205065642.491136,27.4330328663936
ALGO,2023-11-09,0.127481781622086,0.13174717146437,0.115207305934328,0.124255951340847,75326199.5746637,488461828.15743,75.3261995746637
ALGO,2023-11-10,0.124255951340847,0.128495634885988,0.120959265663954,0.128390601813701,45042232.3140399,324490519.603923,45.0422323140399
ALGO,2023-11-11,0.128390601813701,0.136334624587769,0.125225641878157,0.133687925625471,56184086.6086056,396987718.87289,56.184086608605604
ALGO,2023-11-12,0.133687925625471,0.148335331380542,0.128746800362769,0.146412625700119,84593010.7834764,536447455.125473,84.5930107834764
ALGO,2023-11-13,0.146412625700119,0.147677338434648,0.133020670192253,0.133958337725689,67935962.015587,409038205.290676,67.93596201558701
ALGO,2023-11-14,0.133958337725689,0.137191060236931,0.125031341969633,0.129916023332318,59221200.151902,356988149.676681,59.221200151901996
ALGO,2023-11-15,0.129916023332318,0.145693747896259,0.12938946137602,0.142957081850852,56905858.7290517,373784952.028084,56.9058587290517
ALGO,2023-11-16,0.142957081850852,0.147185004201573,0.133234889001054,0.135860601090904,30827776.5823826,199492301.386559,30.8277765823826
ALGO,2023-11-17,0.135860601090904,0.139874579260282,0.128339077631924,0.136282869634083,36209619.0470778,240225938.14374,36.209619047077794
ALGO,2023-11-18,0.136282869634083,0.136282869634083,0.126381367448219,0.134641364330852,21687702.4105724,154414283.36111,21.6877024105724
ALGO,2023-11-19,0.134641364330852,0.142544060849888,0.130726253390942,0.140923164583352,26170212.6001305,154773184.929207,26.170212600130498
ALGO,2023-11-20,0.140923164583352,0.150494376021273,0.138141279680112,0.141475355836628,69288652.3840173,351784038.614424,69.2886523840173
ALGO,2023-11-21,0.141475355836628,0.142782832519933,0.12370499304643,0.123733897756375,57156031.7178507,366161806.369022,57.1560317178507
ALGO,2023-11-22,0.123733897756375,0.134748372553751,0.123504209791184,0.132411313674595,29281247.8095813,196348757.015073,29.2812478095813
ALGO,2023-11-23,0.132411313674595,0.134311786367407,0.128226813777783,0.130646409055786,20304202.3208455,140731949.557408,20.3042023208455
ALGO,2023-11-24,0.130646409055786,0.135272405982715,0.130446094630497,0.133691130904955,21406884.1809131,151719196.623755,21.4068841809131
ALGO,2023-11-25,0.133691130904955,0.14180360231508,0.132832779503087,0.140497892776799,24581225.9467241,167166946.914017,24.5812259467241
ALGO,2023-11-26,0.140497892776799,0.140995695937751,0.133851498772645,0.13625852677,22348834.8413768,154655517.839292,22.3488348413768
ALGO,2023-11-27,0.13625852677,0.138602870128213,0.129240618396776,0.131749858515975,21741149.4812514,163679953.630179,21.7411494812514
ALGO,2023-11-28,0.131749858515975,0.134805807031948,0.128722522889299,0.132829823009669,23173060.679456,175028833.567519,23.173060679456
ALGO,2023-11-29,0.132829823009669,0.133995788329373,0.130249508665994,0.133786345756064,33648739.4236204,254354209.006904,33.648739423620405
ALGO,2023-11-30,0.133786345756064,0.138569510967282,0.131382423194176,0.133769494960135,39403849.8724933,293899848.745126,39.403849872493296
ALGO,2023-12-01,0.133769494960135,0.139349021072984,0.133061510510577,0.139316177486143,32896508.2735083,242366333.631089,32.896508273508296
ALGO,2023-12-02,0.139316177486143,0.1472772234289,0.138824960907334,0.147056682062607,42368665.1152122,294668683.568886,42.3686651152122
ALGO,2023-12-03,0.147056682062607,0.153424602777666,0.14593106382976,0.151316150124903,53276338.5533854,353515537.20916,53.2763385533854
ALGO,2023-12-04,0.151316150124903,0.159718166110427,0.147460423336279,0.153188881742314,103697793.645337,684074202.226566,103.697793645337
ALGO,2023-12-05,0.153188881742314,0.154841497102147,0.149723703801181,0.153911115613766,34428539.0509259,226179616.723294,34.428539050925906
ALGO,2023-12-06,0.153911115613766,0.157690720568548,0.15114592928996,0.152820413077996,40465988.9791581,261825719.48804,40.465988979158105
ALGO,2023-12-07,0.152820413077996,0.164753478510782,0.152626396112672,0.16394916499658,60860155.7008286,379982775.827607,60.8601557008286
ALGO,2023-12-08,0.16394916499658,0.18542677720271,0.162636176446251,0.184394001132989,89074917.3089846,506662783.807447,89.0749173089846
ALGO,2023-12-09,0.184394001132989,0.222561311970144,0.183940008740967,0.199560352717559,215132343.452596,1056930428.19342,215.13234345259602
ALGO,2023-12-10,0.199560352717559,0.204300562072169,0.189591473515334,0.201645900643744,71272014.8410819,360394492.247592,71.2720148410819
ALGO,2023-12-11,0.201645900643744,0.208626474593682,0.176282475387527,0.202749487876381,113286425.980286,593815224.217511,113.286425980286
ALGO,2023-12-12,0.202749487876381,0.214590117245952,0.193267080659438,0.198034606732448,102941098.622108,504835161.691353,102.941098622108
ALGO,2023-12-13,0.198034606732448,0.203537242048056,0.184446383717691,0.200731469475962,77667671.4951128,401402074.787139,77.66767149511281
ALGO,2023-12-14,0.200731469475962,0.217733183412809,0.196495471365414,0.216434229797658,91845278.148084,439433279.682727,91.845278148084
ALGO,2023-12-15,0.216434229797658,0.216988772996723,0.194753881953081,0.196030494244307,58346548.8242438,286818316.587978,58.3465488242438
ALGO,2023-12-16,0.196030494244307,0.203745673898837,0.193383945134542,0.19805437862049,40449474.2229721,202392221.985999,40.4494742229721
ALGO,2023-12-17,0.19805437862049,0.200643367612398,0.189665353329605,0.190314719678797,33082312.5576223,169225378.290039,33.0823125576223
ALGO,2023-12-18,0.190314719678797,0.195944728986753,0.177123560871367,0.19572354047894,48222147.1025687,258249566.524418,48.2221471025687
ALGO,2023-12-19,0.19572354047894,0.20509911644881,0.190817721539414,0.192247352503708,48892285.4087409,246354070.526765,48.892285408740904
ALGO,2023-12-20,0.192247352503708,0.203616850110555,0.189190777364818,0.198282952934674,50140133.1218138,253288171.349441,50.1401331218138
ALGO,2023-12-21,0.198282952934674,0.230318670244507,0.194953636153085,0.223930779302096,106913988.331778,501128953.174424,106.913988331778
ALGO,2023-12-22,0.223930779302096,0.25321093500669,0.223930779302096,0.240187809694499,191508395.623416,800353825.832438,191.508395623416
ALGO,2023-12-23,0.240187809694499,0.243159169740421,0.228831046707954,0.235590046650954,73248734.5359797,312407444.377174,73.24873453597971
ALGO,2023-12-24,0.235590046650954,0.24797160745766,0.227474921296398,0.230888295667949,82554530.0849897,345562012.694597,82.5545300849897
ALGO,2023-12-25,0.230888295667949,0.239704581773407,0.227543426140062,0.238460649500696,53183884.2975891,226215560.212936,53.1838842975891
ALGO,2023-12-26,0.238460649500696,0.242494534502812,0.221817071414073,0.235198765327141,74039970.8106625,318746099.139457,74.0399708106625
ALGO,2023-12-27,0.235198765327141,0.235521543150199,0.223371631973815,0.229152764529809,50262811.3739446,219085010.543627,50.2628113739446
ALGO,2023-12-28,0.229152764529809,0.238402057947569,0.221758982893133,0.234294998864665,75854275.6796117,328466579.068626,75.8542756796117
ALGO,2023-12-29,0.234294998864665,0.243331852901428,0.221761150804589,0.226769665205519,79031550.1852698,338591560.544358,79.03155018526981
ALGO,2023-12-30,0.226769665205519,0.227909176846032,0.218876457655369,0.221155184787672,36226652.2741887,161851868.122205,36.226652274188694
ALGO,2023-12-31,0.221155184787672,0.232431426934535,0.219860354351,0.223085400906381,36175466.8322554,160732605.663215,36.1754668322554
ALGO,2024-01-01,0.223085400906381,0.239890898851321,0.220397096115742,0.23898486604529,37269801.1018969,162292355.171224,37.269801101896896
ALGO,2024-01-02,0.23898486604529,0.244605108009221,0.224660459622713,0.22712199112421,65638404.5920138,279291546.510544,65.6384045920138
ALGO,2024-01-03,0.22712199112421,0.23042567612478,0.173037639780371,0.205034323759439,94026965.4116478,447878329.354148,94.0269654116478
ALGO,2024-01-04,0.205034323759439,0.210360747556133,0.198470776960413,0.207637603409957,43574800.2237286,213225053.374251,43.574800223728595
ALGO,2024-01-05,0.207637603409957,0.208165750046164,0.188840369110107,0.197040397718654,46244733.586495,235529502.967542,46.244733586494995
ALGO,2024-01-06,0.197040397718654,0.197135329631319,0.179629801139144,0.189964504955505,31104002.3041069,165991710.789863,31.1040023041069
ALGO,2024-01-07,0.189964504955505,0.194053092246546,0.176662386654919,0.178498923659266,29000285.2391711,155204637.844834,29.0002852391711
ALGO,2024-01-08,0.178498923659266,0.200641102903252,0.16448239121425,0.195329916021217,83692451.3283493,447036568.140607,83.6924513283493
ALGO,2024-01-09,0.195329916021217,0.202492617438698,0.180214102833485,0.185834897752163,65002209.4485822,338395378.862129,65.0022094485822
ALGO,2024-01-10,0.185834897752163,0.204838425752341,0.179042659454988,0.199435711783212,60331640.5650756,319835461.310269,60.331640565075595
ALGO,2024-01-11,0.199435711783212,0.207298804058916,0.195860437363291,0.20284163464656,62519316.5851515,309641244.143786,62.5193165851515
ALGO,2024-01-12,0.20284163464656,0.204579445746955,0.181201442267478,0.186647440642713,48317400.948011,248209478.868095,48.317400948011006
ALGO,2024-01-13,0.186647440642713,0.191876387098918,0.181002396266644,0.189295277919318,29125873.4538867,155495069.389862,29.125873453886697
ALGO,2024-01-14,0.189295277919318,0.192854090118906,0.183311002874453,0.183809606043856,24788036.1332208,131012014.058979,24.7880361332208
ALGO,2024-01-15,0.183809606043856,0.191070891958061,0.183651089035021,0.188487263671497,25780221.4732174,136760801.397724,25.780221473217402
ALGO,2024-01-16,0.188487263671497,0.197535159471733,0.187217749974151,0.195924687069441,37034772.0082293,192348482.030815,37.034772008229304
ALGO,2024-01-17,0.195924687069441,0.198805134644291,0.18883256218253,0.191004312737001,28002855.2028314,144775088.231384,28.002855202831398
ALGO,2024-01-18,0.191004312737001,0.193489005749813,0.176318809494664,0.178893842160152,32066799.9755791,173408549.226632,32.0667999755791
ALGO,2024-01-19,0.178893842160152,0.179339517463096,0.167782036441032,0.173183693099026,38417166.4070564,219827292.665804,38.4171664070564
ALGO,2024-01-20,0.173183693099026,0.17398083407102,0.170151848710593,0.171996886252466,26610819.3242097,154895131.446021,26.6108193242097
ALGO,2024-01-21,0.171996886252466,0.174168338313577,0.1702681424343,0.170279973942979,15952320.859135,93209729.5387932,15.952320859135
ALGO,2024-01-22,0.170279973942979,0.171653301264225,0.159771255667771,0.161302320940543,29129468.1940436,176767696.23324,29.1294681940436
ALGO,2024-01-23,0.161302320940543,0.165360270798315,0.14885052947603,0.160147036320518,38271284.7807503,245473020.063376,38.2712847807503
ALGO,2024-01-24,0.160147036320518,0.164437291479291,0.158128167203077,0.163383643901949,21271109.3723763,131693535.43416,21.2711093723763
ALGO,2024-01-25,0.163383643901949,0.16384306058621,0.158509057829857,0.161082939531249,18402695.4954702,113949607.122638,18.4026954954702
ALGO,2024-01-26,0.161082939531249,0.169083020506264,0.159681960034134,0.16654455897898,29689703.7306681,179645970.127426,29.6897037306681
ALGO,2024-01-27,0.16654455897898,0.168453371400723,0.164134944562232,0.167495235131052,19456519.7393205,116634654.822939,19.456519739320502
ALGO,2024-01-28,0.167495235131052,0.168869194444219,0.161970484253542,0.164298079988241,21039920.6510389,126720913.960634,21.0399206510389
ALGO,2024-01-29,0.164298079988241,0.169299160909699,0.162792388792966,0.168908427460177,24944117.4438631,149755245.831046,24.944117443863103
ALGO,2024-01-30,0.168908427460177,0.171173092731361,0.163534698087853,0.164596730309782,25550574.2950294,152312644.262859,25.550574295029403
ALGO,2024-01-31,0.164596730309782,0.165270382071199,0.157567890047392,0.159247765344475,24112590.5087216,149344443.13552,24.112590508721603
ALGO,2024-02-01,0.159247765344475,0.160698704804469,0.155036293982361,0.158889536199891,19406444.5053864,123102957.886686,19.4064445053864
ALGO,2024-02-02,0.158889536199891,0.164266415915431,0.15838516280583,0.160890983842621,21770840.9005261,135139372.375345,21.7708409005261
ALGO,2024-02-03,0.160890983842621,0.16841171227196,0.160890983842621,0.165691691413124,20327920.4999187,123023658.113648,20.3279204999187
ALGO,2024-02-04,0.165691691413124,0.16569227672761,0.158745884248879,0.159044994089291,15178803.7934466,93862487.3123739,15.178803793446601
ALGO,2024-02-05,0.159044994089291,0.162261316268075,0.156213417726745,0.159813876710571,15089648.4662664,94432285.4593087,15.0896484662664
ALGO,2024-02-06,0.159813876710571,0.162439277195989,0.157659574598533,0.162239859338524,17462519.7349587,109212501.432527,17.4625197349587
ALGO,2024-02-07,0.162239859338524,0.168610433496823,0.160253478396084,0.168102080023316,21670193.7989597,132251526.308015,21.670193798959698
ALGO,2024-02-08,0.168102080023316,0.170498344367411,0.166333549766767,0.168950064669173,23670776.4513197,140681105.977626,23.6707764513197
ALGO,2024-02-09,0.168950064669173,0.175644216559233,0.168552973410295,0.174476792174429,34638481.547677,201045057.060019,34.638481547677
ALGO,2024-02-10,0.174476792174429,0.177875511797254,0.171146586748163,0.175368042974015,25102096.8062348,143863820.106206,25.102096806234798
ALGO,2024-02-11,0.175368042974015,0.180491047994,0.172234352888796,0.180364699906535,25497807.713957,145066604.182442,25.497807713957002
ALGO,2024-02-12,0.180364699906535,0.183724129648877,0.174130704220759,0.183124349946899,48035507.4860334,267432689.98474,48.0355074860334
ALGO,2024-02-13,0.183124349946899,0.185334987031035,0.173276645619634,0.177806051316398,40740591.6030727,227406142.171817,40.7405916030727
ALGO,2024-02-14,0.177806051316398,0.184586174366803,0.17489941539499,0.183740635921612,32157212.7834248,177443421.994956,32.1572127834248
ALGO,2024-02-15,0.183740635921612,0.191888441431602,0.183006394977611,0.187791098079657,41059941.6426965,219240458.557823,41.0599416426965
ALGO,2024-02-16,0.187791098079657,0.197490448398544,0.186845920506583,0.19453586168244,44123696.5902943,229773825.740691,44.1236965902943
ALGO,2024-02-17,0.19453586168244,0.194655881129275,0.183806525169424,0.190413731264967,25818764.4837088,136027532.183528,25.818764483708797
ALGO,2024-02-18,0.190413731264967,0.197407596638508,0.189888691276245,0.196559492357916,25084833.7493705,129244702.568443,25.0848337493705
ALGO,2024-02-19,0.196559492357916,0.204322073795364,0.196188219481897,0.203838915739664,41565850.1519776,207620336.339757,41.5658501519776
ALGO,2024-02-20,0.203838915739664,0.204322558044363,0.190013725429345,0.196525329279785,47213331.5529111,239446965.993057,47.2133315529111
ALGO,2024-02-21,0.196525329279785,0.197358379179229,0.181653670100435,0.189094248249883,34879482.4404812,186431203.038703,34.8794824404812
ALGO,2024-02-22,0.189094248249883,0.194489986247016,0.184563813491119,0.189019257273647,28172282.9455483,147796300.14353,28.1722829455483
ALGO,2024-02-23,0.189019257273647,0.190693377265618,0.182405746554751,0.185738230285663,30671236.2673343,164309155.629576,30.6712362673343
ALGO,2024-02-24,0.185738230285663,0.197519608533123,0.182108824262396,0.197076761268897,33582183.2986522,175052211.546597,33.582183298652204
ALGO,2024-02-25,0.197076761268897,0.21091174227126,0.19382804352743,0.207913854113302,65105268.711326,320274310.761729,65.105268711326
ALGO,2024-02-26,0.207913854113302,0.212792831489145,0.196873664654277,0.21214541666393,53602315.450108,262312925.478419,53.602315450108
ALGO,2024-02-27,0.21214541666393,0.212363816287757,0.202284050356166,0.208558397341084,55731309.2971531,268073526.424554,55.7313092971531
ALGO,2024-02-28,0.208558397341084,0.224175835411526,0.202111992399838,0.210878309885233,106008916.178868,497019638.996967,106.00891617886799
ALGO,2024-02-29,0.210878309885233,0.231681010389011,0.206327546804127,0.21154117388745,99717639.2394843,453553590.747514,99.7176392394843
ALGO,2024-03-01,0.21154117388745,0.228720869003666,0.211536924706138,0.228427596826471,61354185.2506528,280063598.769294,61.3541852506528
ALGO,2024-03-02,0.228427596826471,0.248248601125811,0.225576121784213,0.248214068788305,101561058.875187,428366536.585763,101.561058875187
ALGO,2024-03-03,0.248214068788305,0.257298986105395,0.226707549748992,0.251331947732733,129128084.702102,531379601.454799,129.128084702102
ALGO,2024-03-04,0.251331947732733,0.265250702398926,0.24278735904601,0.250416738545209,145837065.099663,575125601.7745,145.837065099663
ALGO,2024-03-05,0.250416738545209,0.258863758644101,0.204622486358454,0.231934406392186,187349131.311447,775804555.896741,187.349131311447
ALGO,2024-03-06,0.231934406392186,0.260376539156224,0.221295772277208,0.259856422905755,117834802.649825,488202619.507774,117.83480264982501
ALGO,2024-03-07,0.259856422905755,0.284733068350301,0.258638881177274,0.280297564863673,188569084.427412,696714218.720696,188.569084427412
ALGO,2024-03-08,0.280297564863673,0.281701100480668,0.259108150939453,0.27155878518793,99567931.4551375,368751564.18533,99.56793145513751
ALGO,2024-03-09,0.27155878518793,0.27746386962584,0.266214297389939,0.269516948489955,69449067.0169504,254814818.224792,69.4490670169504
ALGO,2024-03-10,0.269516948489955,0.274003267529563,0.256438869537407,0.26315952731479,65983995.6660812,248701747.372939,65.9839956660812
ALGO,2024-03-11,0.26315952731479,0.301385529262913,0.252096004931054,0.291813956559864,194022993.620842,681375877.634442,194.02299362084202
ALGO,2024-03-12,0.291813956559864,0.319142687207743,0.275610984634831,0.317045205176663,186590653.137694,628311982.293876,186.590653137694
ALGO,2024-03-13,0.317045205176663,0.329289088576325,0.305290437379727,0.31849708077945,167161112.085736,525385394.103533,167.161112085736
ALGO,2024-03-14,0.31849708077945,0.320697923552699,0.291401146800439,0.311802631556414,137935463.175725,446803463.581399,137.935463175725
ALGO,2024-03-15,0.311802631556414,0.320940426463329,0.272662651296158,0.29914157298477,152212832.449038,520239124.171307,152.212832449038
ALGO,2024-03-16,0.29914157298477,0.310437856256936,0.261120200300858,0.267114059969181,117488354.764218,414151624.513947,117.488354764218
ALGO,2024-03-17,0.267114059969181,0.280770035168548,0.252390172508057,0.275280447560809,85817068.3752956,319590786.047781,85.81706837529559
ALGO,2024-03-18,0.275280447560809,0.275307542429997,0.246137119313361,0.251589279683075,91218480.0818235,352749103.570057,91.2184800818235
ALGO,2024-03-19,0.251589279683075,0.252886709404184,0.219263566849729,0.230241921553653,119032413.710933,508113607.087567,119.032413710933
ALGO,2024-03-20,0.230241921553653,0.252243529692784,0.218906294955194,0.250688383943732,75795478.6167581,321587372.037715,75.79547861675809
ALGO,2024-03-21,0.250688383943732,0.256027513633436,0.242494918174901,0.248759233931868,63635123.1357582,254726200.278806,63.6351231357582
ALGO,2024-03-22,0.248759233931868,0.254575018394743,0.23418359065517,0.241235905397472,51077790.8346595,209847510.876147,51.0777908346595
ALGO,2024-03-23,0.241235905397472,0.255823955295179,0.237109749993289,0.248552919875684,38089621.2630307,153715263.514324,38.0896212630307
ALGO,2024-03-24,0.248552919875684,0.258402654260629,0.247775040429052,0.256304658685968,40956756.6193394,161735774.343563,40.9567566193394
ALGO,2024-03-25,0.256304658685968,0.273107241600725,0.253328470011716,0.268084425994525,67820855.6188442,258182297.144583,67.82085561884419
ALGO,2024-03-26,0.268084425994525,0.286044843241776,0.267307556952641,0.279983036929446,86430663.8285094,310606917.297154,86.43066382850941
ALGO,2024-03-27,0.279983036929446,0.290036881278944,0.266421629883294,0.270523648313105,94169203.3427258,338539205.823218,94.1692033427258
ALGO,2024-03-28,0.270523648313105,0.275417735655564,0.262354218050034,0.27279574801976,58008923.6024707,214423266.074693,58.0089236024707
ALGO,2024-03-29,0.27279574801976,0.283132780051973,0.264236264121072,0.268812874147016,78045595.3486129,285994226.310161,78.0455953486129
ALGO,2024-03-30,0.268812874147016,0.271051323316252,0.259117281752151,0.260380359815002,45529455.331991,171806643.424462,45.529455331991
ALGO,2024-03-31,0.260380359815002,0.268283726651975,0.259575667193253,0.268139374186212,31392529.0136537,118746515.246352,31.3925290136537
ALGO,2024-04-01,0.268139374186212,0.269979945785799,0.245067959593469,0.251484913474733,66314763.4057005,260211561.174531,66.3147634057005
ALGO,2024-04-02,0.251484913474733,0.251502868703735,0.230423426864866,0.23430603457872,69348261.3654784,291395083.280399,69.3482613654784
ALGO,2024-04-03,0.23430603457872,0.244025390591694,0.22686246192911,0.232178683964425,51468977.8428609,217748887.323389,51.4689778428609
ALGO,2024-04-04,0.232178683964425,0.241832565954027,0.225434551422428,0.237252156862023,49560060.105196,209997628.347762,49.560060105196
ALGO,2024-04-05,0.237252156862023,0.238154725992588,0.221802673891882,0.229584018559242,51340160.383568,224378431.025818,51.340160383568
ALGO,2024-04-06,0.229584018559242,0.235951436536296,0.228211360267167,0.233793815906251,21406404.4506949,92038531.6119602,21.4064044506949
ALGO,2024-04-07,0.233793815906251,0.237497658821117,0.232355748479818,0.235345575702236,26225327.8103161,111473775.271181,26.225327810316102
ALGO,2024-04-08,0.235345575702236,0.248036650126166,0.230621808301198,0.245415882942297,42915092.9185538,177218740.573019,42.915092918553796
ALGO,2024-04-09,0.245415882942297,0.246043355345035,0.230864772232158,0.231841803303895,44312837.5056833,185818000.131939,44.312837505683305
ALGO,2024-04-10,0.231841803303895,0.233014290028883,0.218851273971317,0.230602187097126,47359893.0701802,209187653.299032,47.3598930701802
ALGO,2024-04-11,0.230602187097126,0.234810382777208,0.226982862693282,0.228149452666639,37106344.6061772,160888686.863281,37.1063446061772
ALGO,2024-04-12,0.228149452666639,0.232532359852413,0.172989338849598,0.193808048421073,100493865.602548,500675558.665575,100.493865602548
ALGO,2024-04-13,0.193808048421073,0.193817985432697,0.147647991260259,0.168050938070344,137990060.328112,795890528.681817,137.990060328112
ALGO,2024-04-14,0.168050938070344,0.18193631039385,0.162018272681052,0.179693156782151,101893382.951216,592660317.572059,101.893382951216
ALGO,2024-04-15,0.179693156782151,0.188084317507796,0.164608329780144,0.170402771599528,80889650.4004094,454557794.356722,80.8896504004094
ALGO,2024-04-16,0.170402771599528,0.180543905027381,0.164936597247596,0.174559008674048,64569520.7006017,375387522.851832,64.5695207006017
ALGO,2024-04-17,0.174559008674048,0.176018982824728,0.162092672789081,0.168566945791435,50037549.450163,294397976.323439,50.037549450163
ALGO,2024-04-18,0.168566945791435,0.176344576916722,0.163011031693291,0.174700118577723,38126517.5996207,223286371.917506,38.1265175996207
ALGO,2024-04-19,0.174700118577723,0.178966967101393,0.159753393432015,0.174886491539904,55658954.3340581,322507422.588252,55.6589543340581
ALGO,2024-04-20,0.174886491539904,0.191912314166993,0.172781603979873,0.191681400733577,33464431.1674444,183461035.155767,33.4644311674444
ALGO,2024-04-21,0.191681400733577,0.192657286032067,0.183295920081086,0.187513123544031,26581245.574793,140898970.581751,26.581245574792998
ALGO,2024-04-22,0.187513123544031,0.197867417499657,0.186847491437808,0.195282973074399,34045792.2281997,177132357.043863,34.0457922281997
ALGO,2024-04-23,0.195282973074399,0.196646892418589,0.189973412120538,0.193633558264695,36053767.586392,186713811.026876,36.053767586392
ALGO,2024-04-24,0.193633558264695,0.261976619021325,0.193216164521878,0.211380290041083,339948567.118003,1486572586.73963,339.948567118003
ALGO,2024-04-25,0.211380290041083,0.212504946665348,0.196773180188177,0.200246788641629,93479734.652676,460614597.925738,93.479734652676
ALGO,2024-04-26,0.200246788641629,0.214079785866453,0.192904674834929,0.1979045209808,99752236.3505671,492239472.726814,99.7522363505671
ALGO,2024-04-27,0.1979045209808,0.202205775010442,0.190518259739276,0.198284399005169,67592636.9129767,343787497.193938,67.5926369129767
ALGO,2024-04-28,0.198284399005169,0.201082285515684,0.192118151905661,0.192995988490287,34367693.4706829,173714073.257033,34.367693470682894
ALGO,2024-04-29,0.192995988490287,0.194654063427389,0.184527440231694,0.190595341274035,51127972.0527571,271611473.766645,51.1279720527571
ALGO,2024-04-30,0.190595341274035,0.192609542939118,0.170635596054692,0.177951327275218,63685274.9195,355756289.685622,63.6852749195
ALGO,2024-05-01,0.177951327275218,0.183091904284863,0.16581490965943,0.180682762683588,81319636.9644916,463623213.306379,81.31963696449161
ALGO,2024-05-02,0.180682762683588,0.184684914155654,0.175035252342527,0.181687852785901,45871933.1130968,254603350.055832,45.8719331130968
ALGO,2024-05-03,0.181687852785901,0.195203518797165,0.180725597259236,0.193047314276828,42710401.6284327,227258996.240046,42.7104016284327
ALGO,2024-05-04,0.193047314276828,0.197270106710774,0.190842150185409,0.192740563566159,30750296.354527,158607195.575381,30.750296354527002
ALGO,2024-05-05,0.192740563566159,0.200105001343512,0.191088400643626,0.197916160181978,36123794.4185556,184430167.037175,36.123794418555605
ALGO,2024-05-06,0.197916160181978,0.203557808754565,0.193712856681362,0.194769633781718,54593310.8827228,275438949.495819,54.593310882722804
ALGO,2024-05-07,0.194769633781718,0.199075828478596,0.191405982830973,0.191514867565033,42249577.8780874,216499348.663992,42.2495778780874
ALGO,2024-05-08,0.191514867565033,0.194746067532614,0.186102609268601,0.187609009019554,47301331.2648028,249347554.617103,47.3013312648028
ALGO,2024-05-09,0.187609009019554,0.195031832855843,0.184736958935643,0.193922943230893,33269907.0278475,175570497.032413,33.2699070278475
ALGO,2024-05-10,0.193922943230893,0.194729389357042,0.182283350960173,0.183793663037384,38673472.4516707,205208707.034159,38.6734724516707
ALGO,2024-05-11,0.183793663037384,0.185965714583337,0.178427366551739,0.178857888029581,23522839.5174961,128892407.292205,23.522839517496102
ALGO,2024-05-12,0.178857888029581,0.181309669253653,0.176531042619605,0.177447852896468,17054807.3766178,95179602.0270663,17.054807376617802
ALGO,2024-05-13,0.177447852896468,0.18111124806805,0.170584367206485,0.178050848726998,36674420.4723914,207482921.506327,36.6744204723914
ALGO,2024-05-14,0.178050848726998,0.178907234065179,0.171179004207644,0.171837618365223,32360951.0986172,185026092.937251,32.3609510986172
ALGO,2024-05-15,0.171837618365223,0.183948225296386,0.170530905772995,0.180317533356167,46409180.2022724,259803173.01609,46.4091802022724
ALGO,2024-05-16,0.180317533356167,0.181989935592849,0.171121745754598,0.17465788918101,61569299.0194262,348748366.069281,61.5692990194262
ALGO,2024-05-17,0.17465788918101,0.185450585413055,0.173108057018082,0.183388526317741,43564044.4940836,241493193.122619,43.564044494083596
ALGO,2024-05-18,0.183388526317741,0.187195667225449,0.182294976043747,0.182902456377139,30736599.7428019,166004430.647429,30.7365997428019
ALGO,2024-05-19,0.182902456377139,0.183059281248938,0.175312770869105,0.175563188903603,28057525.4989741,157561236.36182,28.0575254989741
ALGO,2024-05-20,0.175563188903603,0.188780856104616,0.173297790097535,0.188735612956535,52463239.0690143,290847689.292535,52.46323906901431
ALGO,2024-05-21,0.188735612956535,0.1962526211792,0.185698440380879,0.188558279353397,70113161.0074875,369582878.626034,70.1131610074875
ALGO,2024-05-22,0.188558279353397,0.189395364273312,0.182633286031079,0.18568604338419,39849087.9999847,213784542.552028,39.8490879999847
ALGO,2024-05-23,0.18568604338419,0.18786252504866,0.173263713586728,0.181896800125198,66578192.9377443,369242923.168971,66.57819293774429
ALGO,2024-05-24,0.181896800125198,0.189215038401296,0.178094346510062,0.188832264017178,41650514.1677207,226936897.624599,41.6505141677207
ALGO,2024-05-25,0.188832264017178,0.195837126984987,0.18883101157694,0.193562995211909,40725940.845141,211094403.95787,40.725940845141004
ALGO,2024-05-26,0.193562995211909,0.194113725865072,0.187735837036047,0.18993643823247,24486223.7391988,128326709.874249,24.4862237391988
ALGO,2024-05-27,0.18993643823247,0.199959353391574,0.189848472237114,0.19691498074809,39810990.0406101,204569803.625847,39.8109900406101
ALGO,2024-05-28,0.19691498074809,0.197754319054148,0.189834355724387,0.194287004274055,47657811.5583403,247533735.609072,47.657811558340306
ALGO,2024-05-29,0.194287004274055,0.195933429303852,0.189310524528003,0.189543809328707,36531763.522683,189566916.16137,36.531763522683
ALGO,2024-05-30,0.189543809328707,0.194967068852988,0.186498560586429,0.189930947147055,36551232.4560609,191202374.954543,36.5512324560609
ALGO,2024-05-31,0.189930947147055,0.190959167427909,0.185709027585222,0.188283729417212,28685938.2870398,152293330.903078,28.6859382870398
ALGO,2024-06-01,0.188283729417212,0.189577410431808,0.186222192498873,0.188106352786197,15224106.2294393,80942929.4969901,15.2241062294393
ALGO,2024-06-02,0.188106352786197,0.189493466855459,0.18209030621566,0.182738724811722,18677236.6619604,100757926.609232,18.6772366619604
ALGO,2024-06-03,0.182738724811722,0.189099238272433,0.181298633790211,0.183737232962806,25913126.6210396,139261250.795323,25.9131266210396
ALGO,2024-06-04,0.183737232962806,0.186963655394764,0.179278293326105,0.186093237252986,24583405.4671195,134315134.488817,24.5834054671195
ALGO,2024-06-05,0.186093237252986,0.190007242624874,0.185881059048586,0.188813017563652,25788667.6654719,137199282.716988,25.788667665471902
ALGO,2024-06-06,0.188813017563652,0.189056152238468,0.183939937944138,0.185981898644634,25926330.9617362,139096692.940241,25.9263309617362
ALGO,2024-06-07,0.185981898644634,0.193169524872294,0.165320699764038,0.175090843294136,84994327.478729,471597877.734385,84.99432747872899
ALGO,2024-06-08,0.175090843294136,0.176901806789022,0.163727365788924,0.166002552668686,42601374.3617358,251007327.022574,42.6013743617358
ALGO,2024-06-09,0.166002552668686,0.171356061328298,0.165549922456553,0.170686842133336,21171958.6262158,125453684.361011,21.1719586262158
ALGO,2024-06-10,0.170686842133336,0.172238418151191,0.166189524843085,0.166776675371744,34260811.1740077,202712614.908919,34.2608111740077
ALGO,2024-06-11,0.166776675371744,0.168422972004115,0.15602156826344,0.159302831555522,61339418.0977956,380782692.779472,61.3394180977956
ALGO,2024-06-12,0.159302831555522,0.16995162253779,0.155565077278775,0.166221970968749,48224816.1521292,293192187.310866,48.2248161521292
ALGO,2024-06-13,0.166221970968749,0.167295565400844,0.155947936944027,0.156161186215314,37512741.9059078,233703435.702465,37.5127419059078
ALGO,2024-06-14,0.156161186215314,0.15932332231512,0.148119778868104,0.1514384455503,49429434.2329791,322215475.319282,49.4294342329791
ALGO,2024-06-15,0.1514384455503,0.155012808940497,0.15007127983488,0.152363275933719,21916505.4911858,143178087.058989,21.9165054911858
ALGO,2024-06-16,0.152363275933719,0.156422547069037,0.15009787649882,0.155884661857272,19492229.5395386,127009662.46877,19.4922295395386
ALGO,2024-06-17,0.155884661857272,0.156724803909328,0.141987279554159,0.14533412145562,51581632.9906273,348221096.266292,51.581632990627305
ALGO,2024-06-18,0.14533412145562,0.145751469894844,0.129496579834228,0.133930050939162,89073350.5458051,664008537.85666,89.0733505458051
ALGO,2024-06-19,0.133930050939162,0.141128902449668,0.132574069123875,0.138920914596666,35831481.7032798,259365583.003156,35.8314817032798
ALGO,2024-06-20,0.138920914596666,0.14649855125451,0.137979915630196,0.138283000742443,34762471.6824204,245808350.329793,34.762471682420404
ALGO,2024-06-21,0.138283000742443,0.142329343849802,0.136641027226198,0.139295425168397,35102715.8529487,252102972.904365,35.102715852948705
ALGO,2024-06-22,0.139295425168397,0.139305378479273,0.133687966201941,0.133904104726794,26501110.5037765,194870760.938082,26.5011105037765
ALGO,2024-06-23,0.133904104726794,0.136648951090147,0.131744006164989,0.132519297421793,17190683.1097635,128034837.115058,17.190683109763498
ALGO,2024-06-24,0.132519297421793,0.135584783331693,0.128079461117874,0.135372807095948,44705233.5796971,339723330.833364,44.7052335796971
ALGO,2024-06-25,0.135372807095948,0.143043646512738,0.134378253534279,0.141253543994758,24774666.7536125,177927915.740254,24.7746667536125
ALGO,2024-06-26,0.141253543994758,0.142776243306967,0.13934487494464,0.140878225174325,20220564.2690506,143387526.300466,20.2205642690506
ALGO,2024-06-27,0.140878225174325,0.144272073028791,0.137384357287616,0.142770410744271,22454982.7600143,159163589.322973,22.4549827600143
ALGO,2024-06-28,0.142770410744271,0.145097900587961,0.139672464966729,0.139756455713623,25369053.3870372,178049312.789988,25.369053387037198
ALGO,2024-06-29,0.139756455713623,0.142614207588213,0.137985262757247,0.139103517200038,13406045.0536589,95346110.4214249,13.4060450536589
ALGO,2024-06-30,0.139103517200038,0.144735600628611,0.136896757247982,0.144391796140957,19739704.0212751,140409624.572201,19.7397040212751
ALGO,2024-07-01,0.144391796140957,0.148957383964882,0.143774407816813,0.147087477646939,22147670.8749584,150852728.060283,22.1476708749584
ALGO,2024-07-02,0.147087477646939,0.151210898369258,0.146742854002277,0.15006051581043,22291374.3050812,149698195.400668,22.2913743050812
ALGO,2024-07-03,0.15006051581043,0.150922380634134,0.141474227459001,0.142667883705657,29303932.0852345,201625855.323273,29.3039320852345
ALGO,2024-07-04,0.142667883705657,0.143093482736121,0.131416352002216,0.13159402524163,42284367.0303997,310410441.49335,42.2843670303997
ALGO,2024-07-05,0.13159402524163,0.133670885304491,0.115554804854057,0.130864431951592,94083589.7145392,760971961.671547,94.0835897145392
ALGO,2024-07-06,0.130864431951592,0.139505355025969,0.129130025326003,0.138745714042032,32637044.3455298,243185335.463271,32.6370443455298
ALGO,2024-07-07,0.138745714042032,0.138819427317012,0.126232686343647,0.127017272954495,22591250.4209866,169032217.635928,22.5912504209866
ALGO,2024-07-08,0.127017272954495,0.137499204282189,0.122236080122048,0.133541300999314,40527067.2185534,310483024.709004,40.5270672185534
ALGO,2024-07-09,0.133541300999314,0.141159957103121,0.132887025139888,0.139903316553998,23198640.8964801,168828353.819464,23.1986408964801
ALGO,2024-07-10,0.139903316553998,0.141926809943339,0.137033576473532,0.139753270084414,20940775.3702308,150465552.839814,20.940775370230803
ALGO,2024-07-11,0.139753270084414,0.14328866400038,0.13694160857614,0.137491540499524,20568898.0067627,147066602.300464,20.568898006762698
ALGO,2024-07-12,0.137491540499524,0.139006997622683,0.13431205604362,0.138352006064486,17698055.3705323,129355565.12344,17.698055370532302
ALGO,2024-07-13,0.138352006064486,0.144747318868748,0.138132544097593,0.143413410993154,18589238.4502138,130907476.523678,18.589238450213802
ALGO,2024-07-14,0.143413410993154,0.153765431569675,0.143388177173338,0.152355048329709,18580838.4280854,125009085.055746,18.5808384280854
ALGO,2024-07-15,0.152355048329709,0.159908298365762,0.152354899987819,0.157980250213498,35341112.013532,225158525.753904,35.341112013532
ALGO,2024-07-16,0.157980250213498,0.162313954808333,0.153239075397032,0.158732595549092,36885257.343034,233518379.23802,36.885257343034
ALGO,2024-07-17,0.158732595549092,0.162506982262763,0.154662424814583,0.15468045579234,26172125.281569,164664233.761413,26.172125281569
ALGO,2024-07-18,0.15468045579234,0.15756092538968,0.149619911055955,0.151990494432358,23112554.8006136,150196199.788734,23.1125548006136
ALGO,2024-07-19,0.151990494432358,0.159573489067506,0.1497635823272,0.157872275600883,26405010.9866075,170103229.977504,26.4050109866075
ALGO,2024-07-20,0.157872275600883,0.161333606698013,0.156664059847923,0.158154796071364,20764849.5596633,130389243.140847,20.7648495596633
ALGO,2024-07-21,0.158154796071364,0.160683564389273,0.151570004459988,0.159358976501073,22067866.7067692,140655244.497442,22.0678667067692
ALGO,2024-07-22,0.159358976501073,0.159765258939716,0.15107634206287,0.151233938592628,21382595.4001347,138439681.724634,21.3825954001347
ALGO,2024-07-23,0.151233938592628,0.152682106988357,0.142450718518473,0.143580556173446,28388211.182549,193388941.438519,28.388211182549
ALGO,2024-07-24,0.143580556173446,0.146825107451353,0.139189037827964,0.139882907861685,20115688.772439,140198064.935768,20.115688772439
ALGO,2024-07-25,0.139882907861685,0.140113922351,0.132967513158133,0.13721122605531,28351354.7385659,208549241.687722,28.3513547385659
ALGO,2024-07-26,0.13721122605531,0.143059734054094,0.136545111417692,0.142625415342508,19382451.9732891,138211700.137093,19.382451973289097
ALGO,2024-07-27,0.142625415342508,0.146098044885425,0.140719635843336,0.142879551400192,17998775.0247777,125547820.299551,17.9987750247777
ALGO,2024-07-28,0.142879551400192,0.143084060631592,0.137680479279649,0.139397593313534,11692426.3022859,83386310.3272791,11.6924263022859
ALGO,2024-07-29,0.139397593313534,0.144886004343345,0.138823296494707,0.139012810981508,22193462.2476564,156508349.927647,22.193462247656402
ALGO,2024-07-30,0.139012810981508,0.142686722469206,0.135871712150514,0.13760397031226,19038130.4278863,136161527.684576,19.0381304278863
ALGO,2024-07-31,0.13760397031226,0.142077663144872,0.135620911466844,0.135893032914024,25944413.4174163,187003232.283588,25.9444134174163
ALGO,2024-08-01,0.135893032914024,0.137149987076654,0.125915286962523,0.13501269533574,29454119.2641681,222881768.397212,29.4541192641681
ALGO,2024-08-02,0.13501269533574,0.135883103290094,0.123717829845758,0.124401603253903,30172732.4251195,233979414.110405,30.172732425119502
ALGO,2024-08-03,0.124401603253903,0.126720641231701,0.117228447809521,0.120412217230725,26178735.6859268,214701221.161493,26.1787356859268
ALGO,2024-08-04,0.120412217230725,0.122431581387891,0.110294135902408,0.114919396559268,28363141.5570869,244283460.923387,28.363141557086898
ALGO,2024-08-05,0.114919396559268,0.115652272147923,0.0947053564686321,0.110138565933032,121570759.120977,1177692765.32711,121.570759120977
ALGO,2024-08-06,0.110138565933032,0.116410684955947,0.109562012963139,0.112901531369433,33037473.8690218,290919039.275618,33.0374738690218
ALGO,2024-08-07,0.112901531369433,0.117485982517026,0.10866923542505,0.109894813777616,28083747.3972965,248525765.647528,28.0837473972965
ALGO,2024-08-08,0.109894813777616,0.12284229563886,0.107890049735556,0.122391868787113,24604813.8762153,212843425.955993,24.604813876215303
ALGO,2024-08-09,0.122391868787113,0.122397983100458,0.118456232395673,0.120399935148099,18783573.7547701,156340857.623698,18.7835737547701
ALGO,2024-08-10,0.120399935148099,0.122664595468218,0.118405677498745,0.121053898010136,13220834.3842129,109896905.813801,13.2208343842129
ALGO,2024-08-11,0.121053898010136,0.124028167955256,0.115354203764467,0.115457222971363,15955351.951822,133330802.579955,15.955351951822
ALGO,2024-08-12,0.115457222971363,0.120976876495401,0.114563121517095,0.119983238686036,20362282.3325203,172180709.64767,20.362282332520298
ALGO,2024-08-13,0.119983238686036,0.121834382153358,0.11602330993234,0.121301548008607,17926909.8366662,150712867.753767,17.9269098366662
ALGO,2024-08-14,0.121301548008607,0.122379327594318,0.117421385726583,0.11985197075795,16478157.2358446,137363567.222194,16.4781572358446
ALGO,2024-08-15,0.11985197075795,0.122049354004489,0.114978959397072,0.115783345107352,18912529.1271867,159411653.594736,18.9125291271867
ALGO,2024-08-16,0.115783345107352,0.120540062625265,0.113648363626793,0.115857338986969,20416374.2397585,175036806.956997,20.4163742397585
ALGO,2024-08-17,0.115857338986969,0.118831198231016,0.114970269994077,0.118605705003311,11034490.8155084,94490097.1397863,11.034490815508398
ALGO,2024-08-18,0.118605705003311,0.12086901620921,0.117029920824581,0.118949862531797,10837183.4207442,90965810.9882484,10.8371834207442
ALGO,2024-08-19,0.118949862531797,0.12492016885571,0.117450041416778,0.123946440993422,15721268.7714101,129776555.709006,15.7212687714101
ALGO,2024-08-20,0.123946440993422,0.130115601619786,0.123556571703035,0.128202208917964,22316317.2630074,175141774.580479,22.3163172630074
ALGO,2024-08-21,0.128202208917964,0.137847832276731,0.126928507345534,0.134802172141495,23606667.7873438,178041077.899233,23.6066677873438
ALGO,2024-08-22,0.134802172141495,0.137068961600152,0.134406534467694,0.135884575657886,16093136.1998706,118749754.710267,16.0931361998706
ALGO,2024-08-23,0.135884575657886,0.14528766560102,0.135329491674733,0.144250326581326,21998642.2527459,156450918.081131,21.9986422527459
ALGO,2024-08-24,0.144250326581326,0.148514082348102,0.142068930396531,0.146543620479161,18569301.7670901,127561315.341708,18.5693017670901
ALGO,2024-08-25,0.146543620479161,0.146762570661611,0.141233671858241,0.141756730226693,14825561.1544247,103376702.624934,14.825561154424701
ALGO,2024-08-26,0.141756730226693,0.143106655265324,0.134255413672969,0.134659851114131,16253661.6893859,117282536.844139,16.2536616893859
ALGO,2024-08-27,0.134659851114131,0.136452546521697,0.126033868759226,0.128547096055329,17138821.8984413,129337819.671782,17.1388218984413
ALGO,2024-08-28,0.128547096055329,0.131383870560984,0.125159455823258,0.127088786318142,21190829.0806923,165098585.570652,21.1908290806923
ALGO,2024-08-29,0.127088786318142,0.132772713404919,0.125326993497176,0.126857411975122,13780816.221647,107242259.109542,13.780816221647
ALGO,2024-08-30,0.126857411975122,0.129377879581171,0.12210953805546,0.128491335751471,15256649.3935602,120572439.22784,15.2566493935602
ALGO,2024-08-31,0.128491335751471,0.129217338474617,0.123275019359526,0.123378376800098,10172464.8494993,80746389.1754346,10.1724648494993
ALGO,2024-09-01,0.123378376800098,0.123539648450667,0.117959950670967,0.118678443390695,12874050.8578347,106411109.810877,12.8740508578347
ALGO,2024-09-02,0.118678443390695,0.126168341301763,0.118156100482533,0.125721148619197,13606097.8483415,111435588.4223,13.6060978483415
ALGO,2024-09-03,0.125721148619197,0.12714531999419,0.119354338670486,0.11947623421585,13444936.254506,109392821.779949,13.444936254505999
ALGO,2024-09-04,0.11947623421585,0.124606800867981,0.114969026720376,0.122534187231813,19363566.5536489,162111820.847998,19.3635665536489
ALGO,2024-09-05,0.122534187231813,0.12254451965941,0.116184405150261,0.117833470788159,13731245.6821269,115845323.961196,13.7312456821269
ALGO,2024-09-06,0.117833470788159,0.121314979723641,0.111822067174662,0.116445065129374,22872796.922694,196067170.62403,22.872796922694
ALGO,2024-09-07,0.116445065129374,0.122644656906808,0.115560684594158,0.120911375560153,16242688.1096558,135151364.574743,16.2426881096558
ALGO,2024-09-08,0.120911375560153,0.126932031149041,0.120263994136479,0.125196989239048,18234107.0897178,146345479.194245,18.234107089717803
ALGO,2024-09-09,0.125196989239048,0.129273280922648,0.12410475923656,0.127909828935215,15785272.6989834,124796959.742601,15.7852726989834
ALGO,2024-09-10,0.127909828935215,0.129701931902619,0.125939312416518,0.129663225261616,13318117.6476129,104558851.231234,13.3181176476129
ALGO,2024-09-11,0.129663225261616,0.129741058060105,0.122596780357567,0.126981426470569,15798591.7219616,125396784.547539,15.7985917219616
ALGO,2024-09-12,0.126981426470569,0.130530894893898,0.126580143260686,0.130080381224223,12238332.8083214,95366501.2344243,12.238332808321399
ALGO,2024-09-13,0.130080381224223,0.13368811280249,0.127182291180791,0.133324926645045,15374127.1684361,117934387.42373,15.3741271684361
ALGO,2024-09-14,0.133324926645045,0.133795952268588,0.130511220074886,0.131226138311017,11047663.4721601,83871522.678257,11.0476634721601
ALGO,2024-09-15,0.131226138311017,0.131707234461651,0.126129884941443,0.126403292441533,10805171.5129457,83452812.2267036,10.8051715129457
ALGO,2024-09-16,0.126403292441533,0.12815645271485,0.122480663059756,0.123752077818675,14971031.0780183,119803884.181363,14.9710310780183
ALGO,2024-09-17,0.123752077818675,0.127533864975538,0.12236221333215,0.12415669930336,14215356.7677504,113748493.843407,14.2153567677504
ALGO,2024-09-18,0.12415669930336,0.127882493281134,0.119489829021545,0.127872534744598,19892039.6723496,161970649.913026,19.892039672349597
ALGO,2024-09-19,0.127872534744598,0.133468019158703,0.127871049958742,0.131564267453623,18774980.8373033,143136157.958161,18.7749808373033
ALGO,2024-09-20,0.131564267453623,0.135355214833201,0.130338314495478,0.132991466615299,18637070.032317,140017513.085644,18.637070032317002
ALGO,2024-09-21,0.132991466615299,0.136431467256056,0.131910197082696,0.136398871625545,13570967.3981558,101041472.416026,13.5709673981558
ALGO,2024-09-22,0.136398871625545,0.136603778910078,0.129844468953779,0.132241580889943,11897112.2233803,89673234.2223404,11.897112223380299
ALGO,2024-09-23,0.132241580889943,0.1355407189156,0.129964226770524,0.134309656738159,18467034.7676829,137881055.805191,18.4670347676829
ALGO,2024-09-24,0.134309656738159,0.139675678205836,0.131290694152866,0.138521405947616,18915041.9938516,140313322.791222,18.9150419938516
ALGO,2024-09-25,0.138521405947616,0.142367761437401,0.136694304392234,0.137263689615462,24445212.4722756,174614340.204531,24.4452124722756
ALGO,2024-09-26,0.137263689615462,0.1441747007173,0.134667854953428,0.143729086379646,23428870.9365456,166354182.313229,23.4288709365456
ALGO,2024-09-27,0.143729086379646,0.147181192409461,0.143016011190889,0.144345071812911,21366168.2892365,147347534.874643,21.3661682892365
ALGO,2024-09-28,0.144345071812911,0.145192082359688,0.138998046307615,0.141375500515265,17469186.4773558,123202421.091756,17.4691864773558
ALGO,2024-09-29,0.141375500515265,0.143593655712637,0.1388424699282,0.14123883571611,13112944.1821017,93012384.0606415,13.1129441821017
ALGO,2024-09-30,0.14123883571611,0.141413841338407,0.133337556590061,0.134175145004041,21615750.6696132,157792720.57256,21.615750669613202
ALGO,2024-10-01,0.134175145004041,0.137143747386445,0.121853991765439,0.124948912117398,34466620.4572874,267292843.004095,34.4666204572874
ALGO,2024-10-02,0.124948912117398,0.128647061993659,0.119685201260737,0.121223707230651,26115577.323133,210835157.953881,26.115577323133
ALGO,2024-10-03,0.121223707230651,0.124402102302952,0.118545059413751,0.122286143727934,28927562.8719665,237946247.029807,28.9275628719665
ALGO,2024-10-04,0.122286143727934,0.127620669245504,0.1215451736363,0.126031453171061,23427862.1339067,187636646.165914,23.4278621339067
ALGO,2024-10-05,0.126031453171061,0.127756840304298,0.123512171799663,0.125818307414642,11349140.5126317,90028394.0313265,11.349140512631699
ALGO,2024-10-06,0.125818307414642,0.128059808545927,0.124733064948622,0.12694177825488,11029465.5546067,87170133.3560415,11.0294655546067
ALGO,2024-10-07,0.12694177825488,0.129645990313558,0.124488830793636,0.124565217695495,22204038.2809667,174142674.244803,22.2040382809667
ALGO,2024-10-08,0.124565217695495,0.126365790537031,0.120378845505824,0.121348711887563,20815791.6958945,169495837.719344,20.815791695894497
ALGO,2024-10-09,0.121348711887563,0.124041395340046,0.117849672442621,0.118725224180038,20932322.602989,173128443.556683,20.932322602989
ALGO,2024-10-10,0.118725224180038,0.12048476945915,0.115629249504374,0.118583606044561,19775805.2177169,167921606.46131,19.775805217716897
ALGO,2024-10-11,0.118583606044561,0.12232439805251,0.117896083960962,0.121343272830759,15394083.9958637,127917865.04669,15.394083995863701
ALGO,2024-10-12,0.121343272830759,0.124038039838203,0.120664271879026,0.121853336124283,12885766.4466166,105201004.842032,12.8857664466166
ALGO,2024-10-13,0.121853336124283,0.122830847011996,0.118872994440757,0.120865189268768,11655146.3675039,96476117.2312867,11.6551463675039
ALGO,2024-10-14,0.120865189268768,0.127221734701993,0.119646154531325,0.126560983555251,20083543.3962257,161052593.120234,20.0835433962257
ALGO,2024-10-15,0.126560983555251,0.128375087792101,0.122499129547169,0.125791184601093,29014650.2337982,230929434.37313,29.0146502337982
ALGO,2024-10-16,0.125791184601093,0.125974420829056,0.122221754060611,0.122946517566149,21220869.3716959,171704601.098638,21.220869371695898
ALGO,2024-10-17,0.122946517566149,0.123828241411953,0.11748987514165,0.119726780122758,22265196.9360522,185668335.238233,22.2651969360522
ALGO,2024-10-18,0.119726780122758,0.123739653320281,0.119354691897166,0.123220473951477,16111222.5583023,132528052.005702,16.1112225583023
ALGO,2024-10-19,0.123220473951477,0.12647416795859,0.12167524169947,0.123394582811981,14084560.3359415,113316295.60858,14.084560335941498
ALGO,2024-10-20,0.123394582811981,0.130707716062895,0.121741175546152,0.130367081712047,17682366.3043163,139056076.389478,17.6823663043163
ALGO,2024-10-21,0.130367081712047,0.131362880147692,0.124738148271956,0.125480617727736,23401109.5963478,183079868.369168,23.4011095963478
ALGO,2024-10-22,0.125480617727736,0.128245969989732,0.12241056564235,0.124176144104817,20908774.1376275,167726883.750189,20.9087741376275
ALGO,2024-10-23,0.124176144104817,0.124556047979312,0.117982678350564,0.12119859120327,17354026.1247731,143443002.096368,17.3540261247731
ALGO,2024-10-24,0.12119859120327,0.123028749792737,0.119619596279959,0.12210506006839,13876731.4514604,113973109.929299,13.876731451460401
ALGO,2024-10-25,0.12210506006839,0.122369197926687,0.112104201904651,0.114411696521116,25689946.8962592,218181551.673682,25.6899468962592
ALGO,2024-10-26,0.114411696521116,0.115337007087271,0.111538229690478,0.114415437032762,19995502.1547232,175715592.587446,19.9955021547232
ALGO,2024-10-27,0.114415437032762,0.116917325956191,0.113812477172799,0.115805368714286,10822569.9185372,93923128.5995904,10.8225699185372
ALGO,2024-10-28,0.115805368714286,0.119509012705521,0.113158588120671,0.118359695322295,18907418.5425017,163793133.877636,18.9074185425017
ALGO,2024-10-29,0.118359695322295,0.124368664989574,0.118354297568115,0.123876792204295,20689303.8053256,170056863.031896,20.6893038053256
ALGO,2024-10-30,0.123876792204295,0.123971959894258,0.120339714581854,0.120744930017761,17758928.1421867,145642016.611029,17.7589281421867
ALGO,2024-10-31,0.120744930017761,0.121218156356102,0.113673867383065,0.114345194713357,19672183.8103615,168411000.233969,19.6721838103615
ALGO,2024-11-01,0.114345194713357,0.117499800516378,0.112179474043833,0.114657589337922,20330360.9069176,177484882.431234,20.3303609069176
ALGO,2024-11-02,0.114657589337922,0.11720806910679,0.113231566600372,0.113750813552212,13175447.0188574,114450010.996371,13.175447018857401
ALGO,2024-11-03,0.113750813552212,0.114128220325513,0.105783174371779,0.109565444621541,25617514.5433978,233932999.040431,25.6175145433978
ALGO,2024-11-04,0.109565444621541,0.111716924173641,0.105875451930587,0.10931608370038,25332310.5282995,231824680.046926,25.332310528299498
ALGO,2024-11-05,0.10931608370038,0.115413504519195,0.109265710545712,0.114123557241538,22034728.2463043,194663487.244055,22.0347282463043
ALGO,2024-11-06,0.114123557241538,0.122043353916673,0.114123288777828,0.121691603127949,39015683.6511649,325962502.441402,39.0156836511649
ALGO,2024-11-07,0.121691603127949,0.124851114578067,0.119970573642724,0.12266178737752,33269790.6882278,271265496.022094,33.2697906882278
ALGO,2024-11-08,0.12266178737752,0.131541301634047,0.120724185007695,0.131234839378015,44833750.8142515,357265079.029742,44.833750814251495
ALGO,2024-11-09,0.131234839378015,0.134048524595935,0.128333736058824,0.133840086339723,27880162.8835923,213135688.365801,27.880162883592302
ALGO,2024-11-10,0.133840086339723,0.1505116144691,0.133246126290907,0.145234315204038,76989326.0583436,536410000.328943,76.98932605834361
ALGO,2024-11-11,0.145234315204038,0.159526792776391,0.141709718490246,0.159381064289948,78832697.825852,530285726.410041,78.83269782585201
ALGO,2024-11-12,0.159381064289948,0.163733347567294,0.144865304569268,0.154432940152671,124928707.906185,816333572.522608,124.928707906185
ALGO,2024-11-13,0.154432940152671,0.156158592285289,0.139796023189714,0.145806030992873,87920777.0662516,600349029.774272,87.9207770662516
ALGO,2024-11-14,0.145806030992873,0.155494598037979,0.141658165666984,0.145618238257563,74035647.845557,502101609.51564,74.03564784555701
ALGO,2024-11-15,0.145618238257563,0.191146760922542,0.145574979304341,0.185719734255137,376469691.039615,2190094458.74914,376.469691039615
ALGO,2024-11-16,0.185719734255137,0.218490888656709,0.183107018293694,0.196596941513224,388566152.890487,1957191217.10721,388.566152890487
ALGO,2024-11-17,0.196596941513224,0.199537390860656,0.179726763132238,0.184001433763664,102833912.646994,544840271.55952,102.833912646994
ALGO,2024-11-18,0.184001433763664,0.231949705576594,0.181952396859235,0.216200046049785,391199650.929738,1849126281.44005,391.19965092973797
ALGO,2024-11-19,0.216200046049785,0.237695890974036,0.205027092579452,0.223715440784064,252652077.796764,1141828288.04372,252.652077796764
ALGO,2024-11-20,0.223715440784064,0.228311942851661,0.208749322838027,0.211404047699721,151181737.647568,689497545.197371,151.18173764756799
ALGO,2024-11-21,0.211404047699721,0.222471696667362,0.203208080547929,0.214249760146301,165471855.760705,778909854.262874,165.47185576070498
ALGO,2024-11-22,0.214249760146301,0.263138767569824,0.214249760146301,0.257825136364428,332942796.375441,1400471417.63208,332.942796375441
ALGO,2024-11-23,0.257825136364428,0.319017016776824,0.257801999480521,0.293736962196139,669358667.089734,2277717031.3962,669.358667089734
ALGO,2024-11-24,0.293736962196139,0.327893832118053,0.256112915354878,0.283902307012693,365857118.482751,1266979508.4607,365.857118482751
ALGO,2024-11-25,0.283902307012693,0.292397479382211,0.256618307448252,0.259307823966868,233979239.513901,849171219.752187,233.979239513901
ALGO,2024-11-26,0.259307823966868,0.298331064305628,0.251148500429955,0.297624974946966,277524471.267658,1010064450.81371,277.524471267658
ALGO,2024-11-27,0.297624974946966,0.3096203083826,0.286684085463603,0.293227131840712,322434806.912178,1079597710.10345,322.434806912178
ALGO,2024-11-28,0.293227131840712,0.329025464270238,0.283005054200955,0.322491332194903,234656939.292235,777878530.009798,234.656939292235
ALGO,2024-11-29,0.322491332194903,0.469806669719814,0.318786719067879,0.441051962720498,1312835238.98144,3391873389.45936,1312.8352389814402
ALGO,2024-11-30,0.441051962720498,0.480845720794386,0.398401408661971,0.443984346174023,1224876783.87941,2806328540.37324,1224.8767838794101
ALGO,2024-12-01,0.443984346174023,0.520331789736662,0.424361530284196,0.484178526386181,926242073.400292,1932298507.59478,926.242073400292
ALGO,2024-12-02,0.484178526386181,0.551449086794729,0.457225502058155,0.503261765295192,1265324743.46746,2534076727.22492,1265.32474346746
ALGO,2024-12-03,0.503261765295192,0.611928272892136,0.503164084438641,0.50514589027421,1644282988.07615,2971024582.60242,1644.2829880761499
ALGO,2024-12-04,0.50514589027421,0.539664968822408,0.466717982420967,0.478538755152317,799291286.5849,1579094180.1279,799.2912865849
ALGO,2024-12-05,0.478538755152317,0.493333994651344,0.442717544812348,0.450057785855436,657073889.896017,1386513072.18232,657.0738898960169
ALGO,2024-12-06,0.450057785855436,0.513321680284423,0.430164906633957,0.498038413886921,666313477.164512,1444742704.1511,666.313477164512
ALGO,2024-12-07,0.498038413886921,0.527114199962949,0.465374607762664,0.509930427578078,659152641.299628,1327611953.8271,659.152641299628
ALGO,2024-12-08,0.509930427578078,0.521816342655608,0.485120772899286,0.495699536251958,307966048.406508,617497253.77633,307.96604840650804
ALGO,2024-12-09,0.495699536251958,0.495961165864626,0.366050124220722,0.417404116450166,572974542.022701,1290064362.54054,572.974542022701
ALGO,2024-12-10,0.417404116450166,0.433637983155191,0.371799691199522,0.423699284353978,696431394.190636,1706534792.88679,696.4313941906361
ALGO,2024-12-11,0.423699284353978,0.464359947042198,0.401433148129693,0.452065688685113,395431370.619273,913818674.292135,395.431370619273
ALGO,2024-12-12,0.452065688685113,0.477453116101525,0.422532425502427,0.428181610696272,432583690.282366,970121300.414511,432.583690282366
ALGO,2024-12-13,0.428181610696272,0.454526819775164,0.416040726824902,0.436979304425992,293502002.43538,677523116.557314,293.50200243538
ALGO,2024-12-14,0.436979304425992,0.436995048415375,0.407688663053327,0.420897329954107,173887203.428205,412476129.922988,173.88720342820503
ALGO,2024-12-15,0.420897329954107,0.434615758136408,0.406905747285393,0.431250438673892,171302603.538438,405962242.803831,171.30260353843798
ALGO,2024-12-16,0.431250438673892,0.436033060672865,0.402282391615744,0.413505047659771,255304390.680889,607512556.692999,255.30439068088901
ALGO,2024-12-17,0.413505047659771,0.442591598055392,0.404790442590778,0.413596270107207,351305240.796186,828548868.090025,351.30524079618596
ALGO,2024-12-18,0.413596270107207,0.415922761966537,0.365866600427474,0.36828767930296,341387694.074213,866585103.966862,341.387694074213
ALGO,2024-12-19,0.36828767930296,0.384156669141038,0.321368176266723,0.333680410445893,463129161.476205,1310772132.63257,463.129161476205
ALGO,2024-12-20,0.333680410445893,0.356806636277163,0.283491774645012,0.349699718173596,480263061.616238,1489204504.74039,480.263061616238
ALGO,2024-12-21,0.349699718173596,0.376730473932591,0.324002070991515,0.328080009881458,308752999.662216,888766762.360651,308.752999662216
ALGO,2024-12-22,0.328080009881458,0.35647763312351,0.316698564330617,0.349051755074045,254569640.958012,748608256.726806,254.569640958012
ALGO,2024-12-23,0.349051755074045,0.379955282798515,0.336212515017591,0.37738906835704,305468213.653512,848568562.096185,305.468213653512
ALGO,2024-12-24,0.37738906835704,0.414890603097796,0.363802791781363,0.397315294995457,278469248.736934,713183585.361342,278.469248736934
ALGO,2024-12-25,0.397315294995457,0.402014407785123,0.379575359887336,0.382300055220151,133203658.171823,342941344.763341,133.203658171823
ALGO,2024-12-26,0.382300055220151,0.385334316445304,0.345309156798639,0.347473014960817,143538774.292068,399019533.907908,143.538774292068
ALGO,2024-12-27,0.347473014960817,0.369811252588286,0.330222405708679,0.333626218901346,192360140.075029,552348181.749926,192.360140075029
ALGO,2024-12-28,0.333626218901346,0.35038438495867,0.329017104864183,0.344621656811555,104048189.069293,308698645.585867,104.048189069293
ALGO,2024-12-29,0.344621656811555,0.348898612488714,0.32239753435738,0.32555659410456,88199734.0844815,264056335.934931,88.19973408448149
ALGO,2024-12-30,0.32555659410456,0.349821100429114,0.311077026619955,0.328408744118594,179491977.162374,544567826.57119,179.49197716237398
ALGO,2024-12-31,0.328408744118594,0.353243762741693,0.316957354103431,0.33440623974622,183712877.383465,547378075.54933,183.71287738346498
ALGO,2025-01-01,0.33440623974622,0.385695708493777,0.327585274797301,0.377096979806928,213171542.1244,594933340.668305,213.1715421244
ALGO,2025-01-02,0.377096979806928,0.408798640972406,0.377034440840805,0.39254288847645,251382369.501542,634089558.933908,251.382369501542
ALGO,2025-01-03,0.39254288847645,0.426873494116452,0.39254288847645,0.419125166906576,273120891.463214,660234006.039092,273.120891463214
ALGO,2025-01-04,0.419125166906576,0.431296522338668,0.406134062458722,0.409929529141906,173959237.042694,417999362.704494,173.959237042694
ALGO,2025-01-05,0.409929529141906,0.415681402786161,0.396646570355365,0.405069636238458,133496565.813819,329327263.553404,133.49656581381902
ALGO,2025-01-06,0.405069636238458,0.431477174678155,0.396951268906247,0.41518190622733,202315255.088551,488971871.73006,202.31525508855103
ALGO,2025-01-07,0.41518190622733,0.426054862113219,0.372904431459857,0.374235772193116,265477248.258559,667956093.826996,265.477248258559
ALGO,2025-01-08,0.374235772193116,0.38322119657456,0.341890401509408,0.360266936759399,236585374.536165,650688650.942856,236.585374536165
ALGO,2025-01-09,0.360266936759399,0.364359291605049,0.337296522334284,0.343161036781506,179795648.872427,513576125.315956,179.795648872427
ALGO,2025-01-10,0.343161036781506,0.385743673258451,0.340024984827585,0.373444200945824,244145535.703881,673844113.85744,244.145535703881
ALGO,2025-01-11,0.373444200945824,0.386358884882621,0.359456889913867,0.377866238326572,129690140.90157,350316579.352539,129.69014090157
ALGO,2025-01-12,0.377866238326572,0.379225688366794,0.354465362399179,0.360974060071538,86777735.5016445,236071301.665774,86.7777355016445
ALGO,2025-01-13,0.360974060071538,0.374169205175881,0.324921618369835,0.350300334785738,224144294.253192,652128965.070749,224.14429425319202
ALGO,2025-01-14,0.350300334785738,0.378307549920665,0.346525250208518,0.373479728265673,159898403.276433,439334512.601221,159.898403276433
ALGO,2025-01-15,0.373479728265673,0.449822978392271,0.370762661414,0.444606636322144,473247834.911231,1134533506.18801,473.247834911231
ALGO,2025-01-16,0.444606636322144,0.484171174256968,0.426270416351591,0.464720849237062,548400598.439281,1187705360.03861,548.400598439281
ALGO,2025-01-17,0.464720849237062,0.496870111123638,0.46355851801566,0.469229889498405,372326162.172811,775715082.969683,372.326162172811
ALGO,2025-01-18,0.469229889498405,0.475573643857303,0.435546889959206,0.444793490694444,296500438.447573,660621623.574229,296.500438447573
ALGO,2025-01-19,0.444793490694444,0.45776384846731,0.392102468928241,0.399570374770991,371748083.688554,870012810.989952,371.748083688554
ALGO,2025-01-20,0.399570374770991,0.48004205125795,0.386301124258075,0.432151105538393,590428702.394962,1340002946.29422,590.428702394962
ALGO,2025-01-21,0.432151105538393,0.447109180907865,0.40921262734563,0.426442362470787,300680327.322342,702942459.578206,300.68032732234195
ALGO,2025-01-22,0.426442362470787,0.433008793524288,0.405025237238901,0.406884905359673,199870186.060096,478428960.394048,199.870186060096
ALGO,2025-01-23,0.406884905359673,0.424429038030845,0.391409889747892,0.411791763628002,239367305.423691,589734279.152226,239.367305423691
ALGO,2025-01-24,0.411791763628002,0.428420674803691,0.394315824298757,0.403110787949856,197858799.292289,479367781.633112,197.85879929228898
ALGO,2025-01-25,0.403110787949856,0.411681074258226,0.39635036910114,0.405699204674761,119951860.500479,297081776.275495,119.951860500479
ALGO,2025-01-26,0.405699204674761,0.421260934162653,0.381487468768867,0.38168108421132,141502737.559531,350386218.61469,141.502737559531
ALGO,2025-01-27,0.38168108421132,0.388188599503119,0.346177938957292,0.38666159001272,283156671.25875,771866897.017792,283.15667125875
ALGO,2025-01-28,0.38666159001272,0.392331969326828,0.357583891006428,0.362788110115537,128483082.303568,338448413.263266,128.483082303568
ALGO,2025-01-29,0.362788110115537,0.385128901522334,0.353914299304481,0.369316038825627,114621633.247174,310781654.225068,114.62163324717399
ALGO,2025-01-30,0.369316038825627,0.397916379460017,0.365514823934687,0.38982302778189,114218722.109981,295845886.73087,114.218722109981
ALGO,2025-01-31,0.38982302778189,0.403864679846862,0.37642762708993,0.381467850092602,120750843.048481,310335255.688321,120.750843048481
ALGO,2025-02-01,0.381467850092602,0.388286621862039,0.344800609368291,0.347709312824116,90751849.2980444,247090971.258322,90.7518492980444
ALGO,2025-02-02,0.347709312824116,0.356329069895282,0.286493005736065,0.300000639805939,210252743.526008,660673293.190711,210.252743526008
ALGO,2025-02-03,0.300000639805939,0.318627285982753,0.238394521300726,0.313288319804658,409719586.303853,1478989086.17531,409.71958630385296
ALGO,2025-02-04,0.313288319804658,0.317006439803115,0.278557987279593,0.291157668644068,176514682.658957,599896103.3467,176.514682658957
ALGO,2025-02-05,0.291157668644068,0.299274780507113,0.278162431413172,0.281371770406806,112040949.249935,384770726.788879,112.040949249935
ALGO,2025-02-06,0.281371770406806,0.297472289338152,0.263943420635093,0.266835098073847,117233737.588914,419543274.067765,117.23373758891401
ALGO,2025-02-07,0.266835098073847,0.295190118437504,0.26058269708551,0.269483918350375,143280800.21545,516630908.845725,143.28080021545
ALGO,2025-02-08,0.269483918350375,0.278054516187892,0.264224391798026,0.276194846850376,73660174.7928897,271972131.67154,73.6601747928897
ALGO,2025-02-09,0.276194846850376,0.287749678751422,0.259195134215617,0.276444371475054,105272723.662029,381935160.255003,105.272723662029
ALGO,2025-02-10,0.276444371475054,0.298576314525758,0.269010636835653,0.291511258741349,114849625.166143,400274083.473651,114.849625166143
ALGO,2025-02-11,0.291511258741349,0.314393332295852,0.282660990231319,0.287702478915834,120575939.393225,403175488.07321,120.575939393225
ALGO,2025-02-12,0.287702478915834,0.306689374289894,0.277762306923782,0.303858080648347,152517161.423072,525407227.249139,152.517161423072
ALGO,2025-02-13,0.303858080648347,0.308546928366141,0.286679577597106,0.29492164791715,106992049.472358,362351330.449632,106.992049472358
ALGO,2025-02-14,0.29492164791715,0.30949772409084,0.291893909547046,0.297858650434543,110039840.070536,366883253.948397,110.039840070536
ALGO,2025-02-15,0.297858650434543,0.304123583016223,0.283061231308101,0.286226053748678,63936268.1544251,217422865.146108,63.9362681544251
ALGO,2025-02-16,0.286226053748678,0.287293512452007,0.275194868416343,0.276683369344379,48335226.9936734,172749436.960781,48.3352269936734
ALGO,2025-02-17,0.276683369344379,0.284812287449837,0.267530311242426,0.271312551157467,75952705.3396076,275490061.757607,75.95270533960759
ALGO,2025-02-18,0.271312551157467,0.272957996356859,0.245123746931902,0.258243455994967,111818208.660731,432019866.740813,111.818208660731
ALGO,2025-02-19,0.258243455994967,0.265095017452603,0.252821034190095,0.262297817115158,66392055.0947045,255447207.025397,66.3920550947045
ALGO,2025-02-20,0.262297817115158,0.272788794201848,0.260750292981099,0.271654799979666,79613627.7274782,298700507.507876,79.6136277274782
ALGO,2025-02-21,0.271654799979666,0.29033309015412,0.255996541349101,0.264427590965836,117656448.580663,431942769.650615,117.656448580663
ALGO,2025-02-22,0.264427590965836,0.272657223273098,0.262536859847745,0.266987988084324,64039183.1946856,239117681.019819,64.0391831946856
ALGO,2025-02-23,0.266987988084324,0.26919330161693,0.255866450690698,0.260075979952066,50971593.8231241,194760606.51049,50.9715938231241
ALGO,2025-02-24,0.260075979952066,0.261777271463934,0.226688069020749,0.227622178345989,120505477.558121,493242091.117245,120.505477558121
ALGO,2025-02-25,0.227622178345989,0.237690653759411,0.210161776926669,0.23242218706787,143544987.589536,644788691.497846,143.54498758953602
ALGO,2025-02-26,0.23242218706787,0.241956712032723,0.226174909427312,0.236376831666476,99056218.3090432,422692903.090689,99.0562183090432
ALGO,2025-02-27,0.236376831666476,0.243743777759922,0.230775181777664,0.237654242769961,69603452.0893617,292287031.431983,69.6034520893617
ALGO,2025-02-28,0.237654242769961,0.242823602544855,0.212964876168144,0.238200613121977,130578510.732943,574462787.11831,130.578510732943
ALGO,2025-03-01,0.238200613121977,0.259138603964728,0.23486228572598,0.253430537686088,98378446.8851163,403066861.128915,98.37844688511629
ALGO,2025-03-02,0.253430537686088,0.305676454076612,0.24502019619325,0.292079950082908,322019158.801748,1164156266.58516,322.019158801748
ALGO,2025-03-03,0.292079950082908,0.300042787980279,0.236714644269939,0.23911235831575,210484349.128129,783363408.6204,210.484349128129
ALGO,2025-03-04,0.23911235831575,0.243501996938082,0.218225821447259,0.239244281617222,196778593.586019,853398651.682175,196.778593586019
ALGO,2025-03-05,0.239244281617222,0.255562525473978,0.235400994183925,0.250997666283786,107157869.804038,434698451.699754,107.157869804038
ALGO,2025-03-06,0.250997666283786,0.260772690492582,0.240878006760957,0.241092997327165,90734000.0158802,362427921.426144,90.7340000158802
ALGO,2025-03-07,0.241092997327165,0.248300814598813,0.227543158671538,0.233810414866033,112295505.71253,468436770.547569,112.29550571253
ALGO,2025-03-08,0.233810414866033,0.236774280450116,0.224059094671425,0.225305184370635,58664778.5758986,256092723.535566,58.6647785758986
ALGO,2025-03-09,0.225305184370635,0.227177202512027,0.199892100009242,0.201698437200703,94415259.1460788,446129058.297669,94.4152591460788
ALGO,2025-03-10,0.201698437200703,0.214551668952671,0.182084246615567,0.184237986658188,133096910.253522,670341829.166078,133.096910253522
ALGO,2025-03-11,0.184237986658188,0.200433922028968,0.175069847701779,0.191500389406256,109892068.891851,579410248.278615,109.892068891851
ALGO,2025-03-12,0.191500389406256,0.201400468386769,0.186583561000606,0.196089864220574,84524397.5387759,436338314.482326,84.5243975387759
ALGO,2025-03-13,0.196089864220574,0.200940165960446,0.188837773101663,0.19605249327432,78854072.6021858,404934415.75651,78.8540726021858
ALGO,2025-03-14,0.19605249327432,0.205097372171853,0.19453425961145,0.198793746398599,60852503.1231121,305669466.718606,60.8525031231121
ALGO,2025-03-15,0.198793746398599,0.204180844726638,0.198239519666871,0.200107968701292,48079898.7829894,239372504.452318,48.079898782989396
ALGO,2025-03-16,0.200107968701292,0.201868426149596,0.185012406594805,0.18654225477196,71380377.5733763,370208256.656384,71.3803775733763
ALGO,2025-03-17,0.18654225477196,0.194878028377249,0.186434959494908,0.191353350834232,53429049.4749877,279882252.373257,53.4290494749877
ALGO,2025-03-18,0.191353350834232,0.191912964288508,0.180416294365788,0.186577212693384,65868259.1483653,356564215.899966,65.8682591483653
ALGO,2025-03-19,0.186577212693384,0.20117254504798,0.185393847260863,0.199940174281572,91314444.4457746,468312245.184097,91.3144444457746
ALGO,2025-03-20,0.199940174281572,0.201851265770061,0.192650315293351,0.195377268330071,67293074.2082572,341508237.67494,67.2930742082572
ALGO,2025-03-21,0.195377268330071,0.196753453506355,0.187084306961402,0.187468205943755,54244398.0201275,284805783.613251,54.2443980201275
ALGO,2025-03-22,0.187468205943755,0.191606807958621,0.186588374306425,0.188300681079551,35318384.8849603,186826019.997756,35.3183848849603
ALGO,2025-03-23,0.188300681079551,0.192078164483674,0.18709866917311,0.191925494641488,36814563.6315538,194148508.929081,36.814563631553796
ALGO,2025-03-24,0.191925494641488,0.207500595979606,0.1907597837554,0.203834771182542,61245499.764368,305062369.743506,61.245499764368
ALGO,2025-03-25,0.203834771182542,0.214700971294769,0.20094453572829,0.211934117076186,64469320.627523,309956956.414314,64.469320627523
ALGO,2025-03-26,0.211934117076186,0.218394147280719,0.203601089652403,0.207030759276999,56542214.7549427,268074054.149632,56.5422147549427
ALGO,2025-03-27,0.207030759276999,0.215999451722807,0.206242826819069,0.212068278823567,58789047.7676696,278126179.697863,58.7890477676696
ALGO,2025-03-28,0.212068278823567,0.21577935552456,0.197055530978533,0.19992206722853,58853838.1249308,289851220.700772,58.853838124930796
ALGO,2025-03-29,0.19992206722853,0.201009647484028,0.180645661535381,0.184391659239382,56996984.5033474,303257841.78391,56.9969845033474
ALGO,2025-03-30,0.184391659239382,0.187533543654636,0.177746841184824,0.179604748884645,34342333.0846387,187422653.814526,34.3423330846387
ALGO,2025-03-31,0.179604748884645,0.18188519801028,0.172818069073228,0.180256538614989,59456099.5723068,333898070.982295,59.4560995723068
ALGO,2025-04-01,0.180256538614989,0.193637102841954,0.179230020296531,0.189070047384656,50717427.2118558,270202802.439747,50.7174272118558
ALGO,2025-04-02,0.189070047384656,0.195526372593186,0.174053595087992,0.176945353294016,89573873.9738293,479177141.164146,89.5738739738293
ALGO,2025-04-03,0.176945353294016,0.181554940621867,0.168781475246041,0.181127411879831,62487108.7473117,355955304.954587,62.487108747311694
ALGO,2025-04-04,0.181127411879831,0.192352881906156,0.176745258594427,0.186233133867921,104104584.068959,562605560.455244,104.104584068959
ALGO,2025-04-05,0.186233133867921,0.189942459574848,0.180712303781021,0.183520121095424,37066585.3046899,199681168.149562,37.0665853046899
ALGO,2025-04-06,0.183520121095424,0.185368222492956,0.158258068537927,0.162244064644447,63200158.0350244,367866076.694372,63.200158035024394
ALGO,2025-04-07,0.162244064644447,0.174003513511758,0.146943614850993,0.166858505360709,129415834.72007,803192919.881722,129.41583472007
ALGO,2025-04-08,0.166858505360709,0.173565793507902,0.153023265702046,0.15498674765388,79627553.5708822,487819667.892049,79.6275535708822
ALGO,2025-04-09,0.15498674765388,0.184990188240928,0.149065494583421,0.180417046357646,118170182.392001,715611416.088213,118.17018239200101
ALGO,2025-04-10,0.180417046357646,0.181779313949807,0.170188679131079,0.176723274002889,74069470.0895518,420264064.647511,74.0694700895518
ALGO,2025-04-11,0.176723274002889,0.185863581929923,0.175583335189276,0.179922403211459,70741692.1345339,389598255.65968,70.74169213453389
ALGO,2025-04-12,0.179922403211459,0.197527134134231,0.177301208052439,0.191278788319478,93438952.4878986,496347933.36099,93.4389524878986
ALGO,2025-04-13,0.191278788319478,0.191848337222467,0.179642936657448,0.182777785219311,54172183.7879772,291287310.985961,54.1721837879772
ALGO,2025-04-14,0.182777785219311,0.200458547760573,0.18274783716302,0.189144302376869,109785371.957489,574338061.41987,109.785371957489
ALGO,2025-04-15,0.189144302376869,0.199260338320461,0.178872398772954,0.179975023953057,91862856.1551707,484668073.601154,91.86285615517069
ALGO,2025-04-16,0.179975023953057,0.186011806529956,0.177592535280293,0.181682445175404,70383682.3581228,387867011.184544,70.3836823581228
ALGO,2025-04-17,0.181682445175404,0.190102053136315,0.179643871551549,0.18711515021034,51111503.6607257,276570220.541567,51.111503660725695
ALGO,2025-04-18,0.18711515021034,0.192614857904786,0.185374162165833,0.189332444216354,38137083.7871155,200638709.298161,38.1370837871155
ALGO,2025-04-19,0.189332444216354,0.194437200497727,0.189261000791602,0.192892000024618,23644013.6708583,122927085.871365,23.6440136708583
ALGO,2025-04-20,0.192892000024618,0.196239974848441,0.189110413677003,0.192972162272246,29240080.7893524,151827231.053528,29.240080789352398
ALGO,2025-04-21,0.192972162272246,0.203612296521062,0.191904633191456,0.193109399429593,58636745.8474431,296266885.177693,58.636745847443095
ALGO,2025-04-22,0.193109399429593,0.209907668961144,0.189727188751544,0.209602625354893,80563091.2171721,405436188.588362,80.5630912171721
ALGO,2025-04-23,0.209602625354893,0.221562709802792,0.20821876655708,0.213846852376835,91316892.5466483,423569111.209476,91.31689254664829
ALGO,2025-04-24,0.213846852376835,0.226009296736553,0.206877615668246,0.225891623654196,86221760.4184983,395033205.442455,86.22176041849829
ALGO,2025-04-25,0.225891623654196,0.23363846460691,0.220990020102223,0.227940579924749,80258048.17098,350774739.437778,80.25804817098
ALGO,2025-04-26,0.227940579924749,0.238767128975184,0.226477860391673,0.228599920411946,59487443.1718689,257157249.696342,59.4874431718689
ALGO,2025-04-27,0.228599920411946,0.230438234425744,0.218807706965549,0.221519675933938,52972122.0990351,237109644.787974,52.9721220990351
ALGO,2025-04-28,0.221519675933938,0.235647509176532,0.215436504356908,0.230669908369161,87949899.1039984,386483702.524387,87.94989910399839
ALGO,2025-04-29,0.230669908369161,0.236011981799344,0.223885409362169,0.226815093961628,62676850.9851754,270532038.886076,62.6768509851754
ALGO,2025-04-30,0.226815093961628,0.230843112523039,0.213297303937023,0.220121341473795,87803384.4554326,396200162.831205,87.80338445543259
ALGO,2025-05-01,0.220121341473795,0.227996356836381,0.215778036564043,0.217402043986612,73279164.2159033,330428502.273586,73.2791642159033
ALGO,2025-05-02,0.217402043986612,0.223869372172547,0.213212808987956,0.215986575347526,62630815.7841937,287471727.860388,62.6308157841937
ALGO,2025-05-03,0.215986575347526,0.215996396700665,0.204999894869385,0.20748072588806,39030971.3993262,185864306.400191,39.0309713993262
ALGO,2025-05-04,0.20748072588806,0.209735211438613,0.19947509602653,0.200318027229587,36978582.165498,181649173.595048,36.978582165498004
ALGO,2025-05-05,0.200318027229587,0.205815949500474,0.195769032765165,0.200054065180535,48759754.9221518,243175648.951505,48.7597549221518
ALGO,2025-05-06,0.200054065180535,0.202805587649461,0.191697513521489,0.199839634952006,64211453.1423414,326057023.948563,64.2114531423414
ALGO,2025-05-07,0.199839634952006,0.202522109028817,0.194578823296485,0.199551314527817,56353144.8658873,283419292.156612,56.3531448658873
ALGO,2025-05-08,0.199551314527817,0.226809472276636,0.199400484433356,0.225458998924824,96128217.2683309,448311233.393641,96.1282172683309
ALGO,2025-05-09,0.225458998924824,0.23992760462254,0.223407426775242,0.23287093554865,121126064.895862,520737762.909931,121.126064895862
ALGO,2025-05-10,0.23287093554865,0.253263940773959,0.230373553378392,0.253221570318248,90964027.7255209,379653970.799392,90.96402772552089
ALGO,2025-05-11,0.253221570318248,0.256910755678726,0.235609765762242,0.239596902373845,86425979.4359484,353833047.58249,86.4259794359484
ALGO,2025-05-12,0.239596902373845,0.258675713653686,0.230267938639971,0.242105064703081,157436811.675601,641305374.806853,157.436811675601
ALGO,2025-05-13,0.242105064703081,0.250808207759627,0.226118636290033,0.247063567982787,104466739.470686,438921939.359037,104.46673947068601
ALGO,2025-05-14,0.247063567982787,0.250588633440964,0.2348986959264,0.236901015835863,83440878.8835849,342213487.982166,83.4408788835849
ALGO,2025-05-15,0.236901015835863,0.239655254736968,0.220379941872788,0.225865446874178,94117923.7676709,413566760.999147,94.1179237676709
ALGO,2025-05-16,0.225865446874178,0.23114490947858,0.220551943463458,0.223315346597815,60135717.6002322,264281903.403671,60.1357176002322
ALGO,2025-05-17,0.223315346597815,0.223805000659432,0.211700594006,0.215969408289597,58947913.073136,271149383.612485,58.947913073136
ALGO,2025-05-18,0.215969408289597,0.231638789086833,0.212725067124195,0.227552269416088,66361994.5342756,299286852.916167,66.3619945342756
ALGO,2025-05-19,0.227552269416088,0.228979045547211,0.210642260053958,0.222469156577272,59491735.1131942,272882718.221137,59.491735113194196
ALGO,2025-05-20,0.222469156577272,0.227627010778348,0.216463643563773,0.224613127154216,44712626.7096279,201464400.801638,44.7126267096279
ALGO,2025-05-21,0.224613127154216,0.233292033783296,0.221554452578999,0.230878617441725,73046010.0668814,321759537.710637,73.04601006688141
ALGO,2025-05-22,0.230878617441725,0.242813199523156,0.230198926822056,0.241346770239895,78148407.948714,329198226.854439,78.14840794871401
ALGO,2025-05-23,0.241346770239895,0.247827939887197,0.223608968615808,0.224301875702221,86919626.7027658,367532189.718855,86.9196267027658
ALGO,2025-05-24,0.224301875702221,0.229501890729472,0.219255231324456,0.220608817305494,43120122.353026,191643232.013941,43.120122353026005
ALGO,2025-05-25,0.220608817305494,0.22181667480544,0.211356269239562,0.221709735156896,41239083.4298833,191100865.269255,41.2390834298833
ALGO,2025-05-26,0.221709735156896,0.228669448588172,0.215730044560942,0.219230617503816,49905987.7393138,224706133.525834,49.9059877393138
ALGO,2025-05-27,0.219230617503816,0.226868024350831,0.213986974459931,0.222221727282343,46496156.9934808,209680051.853134,46.4961569934808
ALGO,2025-05-28,0.222221727282343,0.224548398178142,0.212646382949961,0.217788957327595,48730629.7824734,222901882.471423,48.7306297824734
ALGO,2025-05-29,0.217788957327595,0.223246308536736,0.209690208294888,0.209980627718755,54949038.2196696,254491441.414337,54.9490382196696
ALGO,2025-05-30,0.209980627718755,0.210906115178482,0.191548003049605,0.192681765380594,93996197.1753494,466650203.445927,93.9961971753494
ALGO,2025-05-31,0.192681765380594,0.197617626755386,0.186881154614162,0.193788484328765,46258488.4023215,241144358.073908,46.258488402321504
ALGO,2025-06-01,0.193788484328765,0.198211651356247,0.18981114463882,0.195553767414855,33201484.49778,170897378.187566,33.20148449778
ALGO,2025-06-02,0.195553767414855,0.199544368717981,0.190531639012073,0.198926549516605,38656230.0046954,199447842.454523,38.6562300046954
ALGO,2025-06-03,0.198926549516605,0.202990244249442,0.196226390876951,0.197622923089358,42250473.9949285,210945091.784797,42.2504739949285
ALGO,2025-06-04,0.197622923089358,0.201082900759525,0.189631001260808,0.191643241314619,38751302.3567675,197596919.35657,38.751302356767496
ALGO,2025-06-05,0.191643241314619,0.194180011781876,0.177785877946856,0.181300041685982,67136086.2046143,360460734.817638,67.1360862046143
ALGO,2025-06-06,0.181300041685982,0.192273949313042,0.18068295431625,0.18753628764253,47157633.0413375,252025504.173652,47.1576330413375
ALGO,2025-06-07,0.18753628764253,0.194041097140662,0.186832915049134,0.191053836435243,23371490.8425616,122034665.553345,23.3714908425616
ALGO,2025-06-08,0.191053836435243,0.193533667743316,0.186859369726138,0.190871541462875,29558262.5596113,155493697.08887,29.558262559611297
ALGO,2025-06-09,0.190871541462875,0.200088337976802,0.18793641976192,0.199698599105172,47083207.5290625,243885069.734175,47.083207529062506
ALGO,2025-06-10,0.199698599105172,0.208219123084203,0.197395684576152,0.208192948716237,61259966.9639724,301444671.445022,61.259966963972396
ALGO,2025-06-11,0.208192948716237,0.209020286843592,0.195277092096432,0.197193512262678,74470142.8944459,364317394.818167,74.4701428944459
ALGO,2025-06-12,0.197193512262678,0.197673982288245,0.17907578923389,0.181344020507423,86377479.6169969,458276795.137861,86.3774796169969
ALGO,2025-06-13,0.181344020507423,0.181590390517774,0.169851868217072,0.180940097025624,116289049.160603,659483739.106649,116.289049160603
ALGO,2025-06-14,0.180940097025624,0.18124934960469,0.174080329412975,0.177182512514612,36541921.8007402,204536046.20528,36.5419218007402
ALGO,2025-06-15,0.177182512514612,0.179425131543189,0.171253292591663,0.176613009133312,33573694.7735309,191072347.128537,33.5736947735309
ALGO,2025-06-16,0.176613009133312,0.186494471129575,0.174237375314574,0.175952700317997,50874743.3032617,280331263.684548,50.874743303261695
ALGO,2025-06-17,0.175952700317997,0.179156107129109,0.166134970709436,0.169577805507238,64411431.8013361,374291624.249219,64.41143180133611
ALGO,2025-06-18,0.169577805507238,0.17250786335489,0.165353209643297,0.170865958155393,50109368.0345032,296916663.629516,50.1093680345032
ALGO,2025-06-19,0.170865958155393,0.172756395721372,0.167492831166342,0.169256371555244,38335016.1266797,225847120.762348,38.335016126679704
ALGO,2025-06-20,0.169256371555244,0.172279581435097,0.161426508310832,0.167286928233937,66750743.3233394,399124356.757389,66.7507433233394
ALGO,2025-06-21,0.167286928233937,0.169427540073502,0.15722113260816,0.162625761628491,52312675.723952,319851239.533638,52.312675723952005
ALGO,2025-06-22,0.162625761628491,0.16468776764314,0.152231615809388,0.160373272400638,87773065.8062294,556829199.838119,87.7730658062294
ALGO,2025-06-23,0.160373272400638,0.180020102684489,0.158246425098006,0.179402993604502,71354068.55617,429687772.133002,71.35406855617
ALGO,2025-06-24,0.179402993604502,0.18398612992448,0.17760237643979,0.182933172232002,63998575.9946625,354267262.841978,63.9985759946625
ALGO,2025-06-25,0.182933172232002,0.185036267014914,0.17541688006472,0.17582287109824,46742800.6478552,258829379.548539,46.7428006478552
ALGO,2025-06-26,0.17582287109824,0.180292230645231,0.17038587670236,0.172131664620113,45627291.0610887,261863696.287886,45.627291061088705
ALGO,2025-06-27,0.172131664620113,0.176243325821697,0.169355611020722,0.174784954911235,35829100.2604602,207713521.791009,35.8291002604602
ALGO,2025-06-28,0.174784954911235,0.177355040691844,0.173169292004646,0.176524995224885,20162347.3538493,115144765.957123,20.1623473538493
ALGO,2025-06-29,0.176524995224885,0.187432176392561,0.175475762721075,0.185833095447997,31005001.3947066,171316800.553164,31.0050013947066
ALGO,2025-06-30,0.185833095447997,0.187072829169465,0.17699571372416,0.185560657161849,52508938.4680407,287791141.358677,52.5089384680407
ALGO,2025-07-01,0.185560657161849,0.192110272758812,0.169725196893313,0.171038395738179,104636958.813319,575743941.534749,104.636958813319
ALGO,2025-07-02,0.171038395738179,0.184094430081869,0.170839912724287,0.181145087476681,62237649.5987639,351375841.918466,62.237649598763895
ALGO,2025-07-03,0.181145087476681,0.188744467854084,0.181145087476681,0.182207080679317,42741021.4876558,231283853.770227,42.7410214876558
ALGO,2025-07-04,0.182207080679317,0.183362633651666,0.171775530910718,0.173613088517379,40399426.3335508,230164681.935332,40.39942633355081
ALGO,2025-07-05,0.173613088517379,0.176366859326919,0.172327951636178,0.174552499020667,19141442.3425914,109937547.819859,19.1414423425914
ALGO,2025-07-06,0.174552499020667,0.179123682124437,0.173507124564252,0.177033840088789,21025812.6173481,119232407.53461,21.0258126173481
ALGO,2025-07-07,0.177033840088789,0.179068187618949,0.173161848646805,0.176014641833532,28263132.2573001,160784036.536222,28.2631322573001
ALGO,2025-07-08,0.176014641833532,0.180798133844973,0.17301480150438,0.179134079557278,29607919.5199046,167671511.575634,29.6079195199046
ALGO,2025-07-09,0.179134079557278,0.193445046101687,0.178344243032481,0.192114883984976,53665921.5543134,286963094.6813,53.6659215543134
ALGO,2025-07-10,0.192114883984976,0.212107900820909,0.190248336422712,0.211727091680804,79756861.9384855,397272325.625029,79.7568619384855
ALGO,2025-07-11,0.211727091680804,0.235973232869407,0.210232260289341,0.217684892866854,157977197.973572,707428473.770597,157.97719797357198
ALGO,2025-07-12,0.217684892866854,0.226995476109554,0.212543592806934,0.218724299141996,86131272.7262632,391880865.230349,86.13127272626319
ALGO,2025-07-13,0.218724299141996,0.269894637554155,0.217310192929558,0.263418783088798,363726469.404321,1457317184.07621,363.726469404321
ALGO,2025-07-14,0.263418783088798,0.309159015625347,0.262413901899296,0.279336506449361,584130064.343009,2063010130.19827,584.1300643430089
ALGO,2025-07-15,0.279336506449361,0.29320947549872,0.2690972950337,0.283159503662273,300979430.507969,1069829338.33115,300.979430507969
ALGO,2025-07-16,0.283159503662273,0.295752072746001,0.273664554653953,0.284120152080404,210225153.21687,739203437.050673,210.22515321687
ALGO,2025-07-17,0.284120152080404,0.327993176333712,0.27710296615607,0.31785425507107,434810099.113685,1440579053.06094,434.810099113685
ALGO,2025-07-18,0.31785425507107,0.335037419630634,0.28811174556591,0.293054204736839,337740057.386046,1084754821.4597,337.740057386046
ALGO,2025-07-19,0.293054204736839,0.296083834407294,0.281731344095178,0.291457352151529,115863307.441256,400083353.782952,115.863307441256
ALGO,2025-07-20,0.291457352151529,0.3065882721638,0.286679701630702,0.290642595408228,106179664.224362,357208290.871336,106.179664224362
ALGO,2025-07-21,0.290642595408228,0.310423803128074,0.286110787645406,0.297805328650876,170801562.610922,567931027.537288,170.80156261092202
ALGO,2025-07-22,0.297805328650876,0.299628765020293,0.279367099746091,0.296039822180561,139154097.755761,481536275.168332,139.154097755761
ALGO,2025-07-23,0.296039822180561,0.296059651913884,0.258317813753107,0.267332148543734,158038226.596757,577291023.432667,158.038226596757
ALGO,2025-07-24,0.267332148543734,0.273115390137964,0.249783788840225,0.261212623006909,125723720.514917,478308823.309463,125.723720514917
ALGO,2025-07-25,0.261212623006909,0.270126071112926,0.251629771932629,0.266358549076003,113587713.251087,437416436.002701,113.587713251087
ALGO,2025-07-26,0.266358549076003,0.280624527605495,0.264536559554594,0.273963396005965,79243061.8974804,290355762.670153,79.2430618974804
ALGO,2025-07-27,0.273963396005965,0.290355326596274,0.272821384564894,0.2853414503517,106917231.935385,378620066.22456,106.917231935385
ALGO,2025-07-28,0.2853414503517,0.287333113425981,0.263065166367418,0.264712330376667,103970113.455484,376894662.394792,103.970113455484
ALGO,2025-07-29,0.264712330376667,0.272616373724662,0.255132683466028,0.260470896042841,75802806.8906685,288269633.350485,75.80280689066849
ALGO,2025-07-30,0.260470896042841,0.262556653487829,0.242579244419302,0.253586411275689,77841655.3622127,307710136.623557,77.8416553622127
ALGO,2025-07-31,0.253586411275689,0.266911498942963,0.243235276381878,0.244013950174063,91395277.963077,355285176.805037,91.39527796307699
ALGO,2025-08-01,0.244013950174063,0.246377107097676,0.23082434022808,0.23624016824788,110758723.754367,462273471.940474,110.758723754367
ALGO,2025-08-02,0.23624016824788,0.240463436074525,0.224177963846458,0.227800917609899,61831952.9316969,267993877.903282,61.8319529316969
ALGO,2025-08-03,0.227800917609899,0.244588495710976,0.22375570889344,0.244045268425951,56735775.4619467,238764317.785645,56.7357754619467
ALGO,2025-08-04,0.244045268425951,0.250930545353696,0.24287003467015,0.246755433309994,24093888.5164142,97671627.5170806,24.0938885164142
