symbol,date,open,high,low,close,usd_volume,crypto_volume,usd_volume_mil
APT,2022-10-18,1.00029081599307,1.00029081599307,1.00029081599307,1.00029081599307,2.00058163198614,2.0,2.00058163198614e-06
APT,2022-10-19,1.00029081599307,14.6852546745412,1.00029081599307,7.32897341797077,1784470516.15447,223155056.049796,1784.47051615447
APT,2022-10-20,7.32897341797077,7.72401575571828,6.95245900732297,7.3840087582083,484687975.717097,65657581.5093785,484.687975717097
APT,2022-10-21,7.3840087582083,7.68438454266156,7.04985504541357,7.51150813681073,370967391.036344,50146428.2735234,370.967391036344
APT,2022-10-22,7.51150813681073,9.27133183525863,7.36446030243039,8.97332401513456,707973173.039803,83909241.7351822,707.973173039803
APT,2022-10-23,8.97332401513456,10.2666714037541,8.95196498191181,9.79309858830496,1110755188.15378,115417852.822967,1110.75518815378
APT,2022-10-24,9.79309858830496,9.90624405939557,9.25980617238142,9.52585670426775,579261972.814943,60363612.8319526,579.261972814943
APT,2022-10-25,9.52585670426775,9.57632576908051,8.52679242296282,8.78504770047433,541702263.968604,59621296.0144226,541.7022639686039
APT,2022-10-26,8.78504770047433,9.26288858348737,8.64331519255204,9.19227414330045,467851048.178142,52208583.6420236,467.85104817814204
APT,2022-10-27,9.19227414330045,9.56142550535698,8.64223649217582,8.69110094413568,443903722.377035,48347230.6914595,443.903722377035
APT,2022-10-28,8.69110094413568,8.8079134911312,7.95413407800474,8.17667688156046,400772461.944136,48754702.9491853,400.772461944136
APT,2022-10-29,8.17667688156046,8.34518521712884,7.72757345376038,7.92488484027029,385742289.456972,47881256.7745715,385.742289456972
APT,2022-10-30,7.92488484027029,8.32359092135784,7.68275346660939,7.7861067850553,328238941.626216,41445808.2444091,328.238941626216
APT,2022-10-31,7.7861067850553,8.17953940130778,7.72183302890847,7.91916873843395,252697381.091928,32006907.4277429,252.697381091928
APT,2022-11-01,7.91916873843395,8.28818461944025,7.81293156312877,8.17506126992615,256275090.808392,31753385.1084045,256.275090808392
APT,2022-11-02,8.17506126992615,8.18617933824972,7.17689069774306,7.38012567139349,344474924.002082,45846052.4295479,344.474924002082
APT,2022-11-03,7.38012567139349,7.54109097762334,7.19046090051985,7.23338271467774,173150439.379811,23466149.5959415,173.150439379811
APT,2022-11-04,7.23338271467774,7.76722839709352,7.18730329974594,7.64302220467976,209512744.595142,28226985.9315964,209.512744595142
APT,2022-11-05,7.64302220467976,7.96274418462162,7.5231121391824,7.62961033778242,227490650.83698,29499305.8425943,227.49065083698
APT,2022-11-06,7.62961033778242,8.21488247073859,7.26682741614241,7.32061406399965,335476564.339255,42745669.8141231,335.476564339255
APT,2022-11-07,7.32061406399965,7.46126375336422,6.87972910112511,7.01578121087027,245379172.234289,34387221.6386631,245.379172234289
APT,2022-11-08,7.01578121087027,7.04750653355516,4.77709724956238,5.43491328519242,493246830.29031,81675448.6577352,493.24683029031
APT,2022-11-09,5.43491328519242,5.44416550419442,3.54650020298132,3.99958840121062,375167850.420909,85231915.5959975,375.16785042090896
APT,2022-11-10,3.99958840121062,5.51851709366141,3.93858660363782,5.22424264705822,369594105.014293,78330037.9913033,369.594105014293
APT,2022-11-11,5.22424264705822,5.77685980707985,4.63992609769261,5.22399579109306,217407656.315443,43431811.3772669,217.407656315443
APT,2022-11-12,5.22399579109306,5.22399579109306,4.50067134852503,4.59105775824726,95673018.5170459,20147295.6987893,95.6730185170459
APT,2022-11-13,4.59105775824726,4.65152346446402,4.17307771822632,4.25137103333863,95895488.3513296,21985061.7629218,95.89548835132959
APT,2022-11-14,4.25137103333863,4.52191713313838,3.80291915118627,4.2170148393261,126564293.895956,30487820.6256478,126.564293895956
APT,2022-11-15,4.2170148393261,4.74039707762421,4.14205346906934,4.37454519002954,133663401.528626,29945259.5435413,133.663401528626
APT,2022-11-16,4.37454519002954,4.8991701405563,4.19236297571308,4.5262440767124,183614990.286766,40286638.598001,183.614990286766
APT,2022-11-17,4.5262440767124,4.83560764257663,4.37923838498011,4.68496113456673,166535592.981595,35872864.4490518,166.53559298159502
APT,2022-11-18,4.68496113456673,4.93741829488852,4.61548972151317,4.75611555768688,116397425.466624,24392570.0838213,116.397425466624
APT,2022-11-19,4.75611555768688,4.81044281394128,4.55417016016749,4.65396015797543,55540992.5829785,11944899.2821654,55.540992582978504
APT,2022-11-20,4.65396015797543,4.65772702181198,4.08460420242591,4.15093227381259,72075805.5426384,16368484.8379907,72.0758055426384
APT,2022-11-21,4.15093227381259,4.15670441845154,3.91313865568268,4.08130218808075,92820306.6277265,22945296.6171695,92.8203066277265
APT,2022-11-22,4.08130218808075,4.51575480782318,3.88848260306394,4.33758660324104,103276190.435721,24382371.2563447,103.27619043572099
APT,2022-11-23,4.33758660324104,4.62144039271782,4.29378518822576,4.46798948025174,83874228.383076,18876491.9710659,83.874228383076
APT,2022-11-24,4.46798948025174,4.73317897729031,4.25945261907636,4.46212964645106,96498435.0187266,21586825.5358654,96.4984350187266
APT,2022-11-25,4.46212964645106,4.56457867937555,4.2839850474994,4.44257331613339,64644873.8056502,14677177.5284796,64.64487380565019
APT,2022-11-26,4.44257331613339,5.05315471434474,4.42505025682796,4.81685515024298,180544660.560594,37178073.6103791,180.544660560594
APT,2022-11-27,4.81685515024298,5.07685667477935,4.69070312528854,4.84161223215183,109054414.887572,22655781.278478,109.05441488757201
APT,2022-11-28,4.84161223215183,4.84161223215183,4.37704469710182,4.49860041016717,80788986.8276772,17961112.8620704,80.7889868276772
APT,2022-11-29,4.49860041016717,4.78914176492775,4.46183281917527,4.69858467695538,76645588.5546281,16355526.0612289,76.6455885546281
APT,2022-11-30,4.69858467695538,4.89440118844174,4.62033843346506,4.79829162323544,68403504.0830215,14359763.5916732,68.4035040830215
APT,2022-12-01,4.79829162323544,5.20541182406479,4.61874956230891,4.67556861800048,47388360.5977609,10067433.0339339,47.3883605977609
APT,2022-12-02,4.67556861800048,5.05549012583568,4.56479458930071,4.9186878389413,83647053.7975857,17408329.2420505,83.6470537975857
APT,2022-12-03,4.9186878389413,5.28440269195331,4.89778072426803,5.15808945231635,130720329.670733,25457557.1149336,130.720329670733
APT,2022-12-04,5.15808945231635,5.42011983260174,5.11416482001209,5.2319656690922,113697719.138103,21526564.2167546,113.697719138103
APT,2022-12-05,5.2319656690922,5.44848442579359,5.04674224701178,5.19272118505283,94811029.5096066,17892210.9913403,94.8110295096066
APT,2022-12-06,5.19272118505283,5.42713308741875,4.91976443688764,5.07081652188461,80168405.1647211,15469056.2499564,80.16840516472111
APT,2022-12-07,5.07081652188461,5.07301157402533,4.69066279518214,4.83248014185511,74530263.8615947,15396269.4021198,74.5302638615947
APT,2022-12-08,4.83248014185511,4.94910502530897,4.7260097860061,4.92808476176599,59729570.8592698,12335093.3851909,59.7295708592698
APT,2022-12-09,4.92808476176599,4.95519928885902,4.77463741112593,4.82353572249853,39120335.6514731,8038897.88041386,39.1203356514731
APT,2022-12-10,4.82353572249853,4.85019498042407,4.77904257250455,4.7997281764961,23909065.5682414,4964926.57317571,23.9090655682414
APT,2022-12-11,4.7997281764961,4.91612856884109,4.66858046650922,4.67992727384759,33154258.504937,6891464.84034936,33.154258504937
APT,2022-12-12,4.67992727384759,4.72066213547524,4.39285336294569,4.53544271450332,55199985.0377356,12290820.3527161,55.199985037735594
APT,2022-12-13,4.53544271450332,4.66799302084271,4.30557723321031,4.62773402050021,73262072.144049,16252031.1605812,73.262072144049
APT,2022-12-14,4.62773402050021,4.72558837600326,4.54509357466467,4.7028041851002,66579350.3584174,14333168.2173153,66.5793503584174
APT,2022-12-15,4.7028041851002,4.78746795294486,4.51676297174303,4.66871936307486,81843949.3077027,17460908.8954036,81.8439493077027
APT,2022-12-16,4.66871936307486,4.74580351825448,3.99384494586612,4.0594910873328,84933602.8946636,19315865.6292325,84.93360289466361
APT,2022-12-17,4.0594910873328,4.16020348418067,3.97915974990981,4.09796204472005,65068600.8002103,16015721.2229514,65.06860080021029
APT,2022-12-18,4.09796204472005,4.10769943622213,4.0072085254842,4.05996100134767,35437075.3063387,8732478.27981973,35.4370753063387
APT,2022-12-19,4.05996100134767,4.12247490425321,3.71103229549948,3.81392306440527,55104605.4719292,13869412.5678826,55.1046054719292
APT,2022-12-20,3.81392306440527,3.93517785417634,3.80452945515765,3.90654651040688,51503762.2564321,13233503.9402221,51.503762256432104
APT,2022-12-21,3.90654651040688,3.91513468415433,3.69880898259584,3.77772753536257,43095144.5277924,11365277.6341905,43.0951445277924
APT,2022-12-22,3.77772753536257,3.78976509533584,3.58150563593169,3.71365093389515,47760368.5584712,12917124.6101836,47.7603685584712
APT,2022-12-23,3.71365093389515,3.8168990565414,3.69927202135965,3.75615495471065,30475758.563851,8117792.20186683,30.475758563851
APT,2022-12-24,3.75615495471065,3.78061812994661,3.69418579376243,3.70441987457436,17711520.3990072,4738027.81271302,17.711520399007203
APT,2022-12-25,3.70441987457436,3.72979714035438,3.53712752305531,3.58305870930636,48061981.6787704,13381776.6792553,48.0619816787704
APT,2022-12-26,3.58305870930636,3.65468217193136,3.56428841912179,3.64934675747205,26037077.0161661,7213083.12316711,26.037077016166098
APT,2022-12-27,3.64934675747205,3.67303522973364,3.55187019425652,3.60700652515312,30681088.9020974,8502376.77651452,30.6810889020974
APT,2022-12-28,3.60700652515312,3.61716562292586,3.19430443799465,3.23704021042916,77255185.7881328,23319956.2055442,77.2551857881328
APT,2022-12-29,3.23704021042916,3.32664833670152,3.07388414493044,3.21447535060065,50676742.8694968,15874091.3399155,50.6767428694968
APT,2022-12-30,3.21447535060065,3.43306145873721,3.12341792593797,3.42248218337654,60950273.7420595,18660835.1942517,60.9502737420595
APT,2022-12-31,3.42248218337654,3.50663498635682,3.32720151217464,3.45165752936147,54874639.3860515,16074621.778637,54.8746393860515
APT,2023-01-01,3.45165752936147,3.54558027799457,3.41820084886048,3.52408106945404,37280674.7203677,10729020.4325629,37.2806747203677
APT,2023-01-02,3.52408106945404,3.79473057145039,3.45943000339713,3.75838125949059,96100130.1794686,25963715.1041951,96.10013017946861
APT,2023-01-03,3.75838125949059,3.8764308260068,3.65740328444566,3.82136332304509,102949493.737054,27311477.7222382,102.949493737054
APT,2023-01-04,3.82136332304509,4.01285081497706,3.7122378909507,3.81857794864936,110248274.058913,28283727.6166683,110.24827405891301
APT,2023-01-05,3.81857794864936,3.84706993476137,3.66093622038671,3.70967058943444,59820954.8569224,16004042.9137438,59.820954856922405
APT,2023-01-06,3.70967058943444,3.90910031502192,3.5940105604271,3.86250626751272,64799220.6559557,17293480.9007593,64.79922065595571
APT,2023-01-07,3.86250626751272,3.89904653735387,3.79509981812839,3.83853177755906,33579567.0313196,8746180.95618171,33.579567031319606
APT,2023-01-08,3.83853177755906,3.93717330340763,3.74180091582256,3.9265187606333,50971979.6217824,13373270.6613485,50.9719796217824
APT,2023-01-09,3.9265187606333,5.54266657928229,3.90146919611479,5.24290913243578,463828990.069696,95629691.700305,463.82899006969603
APT,2023-01-10,5.24290913243578,5.92288467870058,4.96332766267439,5.53369879021096,719210640.821373,129981955.306309,719.210640821373
APT,2023-01-11,5.53369879021096,5.54554847313416,5.03835688875062,5.30516272135371,302460734.33463,57429519.3664619,302.46073433463
APT,2023-01-12,5.30516272135371,6.57899774823538,5.06355836964636,6.51370313276478,472842220.713486,82506483.4317705,472.84222071348603
APT,2023-01-13,6.51370313276478,7.09652288246258,6.2365097501779,6.83561025524182,583049536.592633,86787236.3707449,583.049536592633
APT,2023-01-14,6.83561025524182,8.22533414584908,6.80542995215691,7.70750898050346,900390182.618788,117905269.722198,900.390182618788
APT,2023-01-15,7.70750898050346,8.81415549419924,7.07957271428239,7.92785843271582,723299751.418059,90598119.4389114,723.299751418059
APT,2023-01-16,7.92785843271582,8.60583472521005,7.73440794786524,8.13684034864223,572904813.355102,70209776.855581,572.904813355102
APT,2023-01-17,8.13684034864223,8.26293464090658,7.60089630442834,7.61622919017056,310216665.182874,38716550.708976,310.216665182874
APT,2023-01-18,7.61622919017056,8.38101735398707,7.10881125008243,7.63968380026224,487304158.538372,62848145.3372586,487.304158538372
APT,2023-01-19,7.63968380026224,8.12264745658762,7.57842129243141,7.89947966313926,333042734.101673,42372473.5887295,333.04273410167303
APT,2023-01-20,7.89947966313926,11.1138256626171,7.79112755673123,11.0163492629599,739798336.949479,80118372.4076203,739.798336949479
APT,2023-01-21,11.0163492629599,13.2677081534153,10.7128740021628,11.8055058779266,1818548542.05432,149049016.88492,1818.54854205432
APT,2023-01-22,11.8055058779266,14.5771203667066,11.8055058779266,13.42531379847,1651293238.846,121356504.61283,1651.293238846
APT,2023-01-23,13.42531379847,14.5487588348897,12.7758453278538,12.7778600036641,990868967.910852,73447713.8443286,990.868967910852
APT,2023-01-24,12.7778600036641,15.2535352546943,11.9246114287062,12.4630648271744,770503374.3746,59435678.7799837,770.5033743746001
APT,2023-01-25,12.4630648271744,18.6848127574493,12.3664089985831,18.4550274510947,2018782441.38295,130734610.613739,2018.78244138295
APT,2023-01-26,18.4550274510947,20.1487402736967,17.3839718128145,18.3203597688126,1779601378.40293,95085660.7365573,1779.60137840293
APT,2023-01-27,18.3203597688126,18.9269117271327,17.487546404492,17.9049452711618,898171499.590287,49811521.7799897,898.171499590287
APT,2023-01-28,17.9049452711618,19.1169932989984,16.9568716940485,18.0123269950719,1073119683.02644,59628022.7596923,1073.11968302644
APT,2023-01-29,18.0123269950719,18.9191574830816,17.6806907039288,18.4558006317044,767053209.914337,42108844.5425634,767.053209914337
APT,2023-01-30,18.4558006317044,20.2277132854664,16.4842669783468,17.3929432093025,1333617434.87632,73509764.7965362,1333.61743487632
APT,2023-01-31,17.3929432093025,17.5400782096487,16.256600372259,16.8998222347512,781905143.502568,46219842.3966606,781.905143502568
APT,2023-02-01,16.8998222347512,18.5092023908739,15.7862573039915,18.3930299985831,890450446.248245,52681861.4302821,890.450446248245
APT,2023-02-02,18.3930299985831,18.7881872031454,17.2150006041111,17.3852540852764,815989657.777322,44890165.9207103,815.989657777322
APT,2023-02-03,17.3852540852764,17.4774522163488,16.662635019155,17.0542500883195,593868414.010847,34920875.5729948,593.868414010847
APT,2023-02-04,17.0542500883195,17.1041346861288,16.4791820089235,16.5509219093412,313511524.898412,18744347.3965882,313.511524898412
APT,2023-02-05,16.5509219093412,17.0946043301697,14.9336897265955,15.4862239181654,534740502.157435,33605074.833552,534.740502157435
APT,2023-02-06,15.4862239181654,15.9502779267981,14.4120931031252,15.0318881065835,604646144.738402,39937214.7104678,604.646144738402
APT,2023-02-07,15.0318881065835,16.3131496236298,15.0318881065835,16.0975369471399,664034951.549592,42217553.4105841,664.034951549592
APT,2023-02-08,16.0975369471399,16.3250753723765,14.8135979276921,15.1372832050405,419118731.130709,26873667.5284948,419.11873113070897
APT,2023-02-09,15.1372832050405,15.1769765657111,13.003793040523,13.4273068521742,601446340.394136,42820934.7663851,601.446340394136
APT,2023-02-10,13.4273068521742,13.7915105116777,12.7093328330391,13.7585762426683,561855256.517388,42592707.4831556,561.8552565173879
APT,2023-02-11,13.7585762426683,14.7216782961719,13.3430964866761,13.9893998964031,593083873.828183,42399271.9539336,593.0838738281831
APT,2023-02-12,13.9893998964031,14.264398697701,13.117004598256,13.2071393425184,329080325.587973,23829873.9910352,329.080325587973
APT,2023-02-13,13.2071393425184,13.899117735489,12.5028007496563,13.8205907830915,497612755.673692,37480019.065985,497.612755673692
APT,2023-02-14,13.8205907830915,14.8761367608569,13.7864945278055,14.8629357852679,649422461.431123,45674980.3954563,649.422461431123
APT,2023-02-15,14.8629357852679,16.2458709211646,14.1777376610911,15.9346013813581,565403912.781547,37661119.5221635,565.403912781547
APT,2023-02-16,15.9346013813581,16.6413067210261,14.6154567872958,14.7149659921947,647356925.77793,40759330.570713,647.35692577793
APT,2023-02-17,14.7149659921947,14.9967531057067,14.1692109949349,14.7238809217369,497616423.812002,34110785.2350638,497.616423812002
APT,2023-02-18,14.7238809217369,14.9503199663354,14.1940305210275,14.4305241728552,232816688.324794,15992628.2026399,232.816688324794
APT,2023-02-19,14.4305241728552,14.7597698243952,13.8720221720367,14.1036653457076,324364472.870417,22576704.3499721,324.364472870417
APT,2023-02-20,14.1036653457076,14.5377607025812,13.7083857644915,14.17677166308,271644043.086543,19269101.3527472,271.64404308654304
APT,2023-02-21,14.17677166308,14.1790620297203,13.1049636330452,13.4303118899998,227882505.183463,16670007.2326675,227.882505183463
APT,2023-02-22,13.4303118899998,13.9962100795724,12.776731801015,13.9279084940518,304259475.077512,22875279.811909,304.25947507751204
APT,2023-02-23,13.9279084940518,14.1705782694851,13.29341616703,13.492081382597,251399993.388043,18329312.7546265,251.399993388043
APT,2023-02-24,13.492081382597,13.7417143637044,12.6214867838368,12.8897968579179,229193081.439812,17444916.1627923,229.193081439812
APT,2023-02-25,12.8897968579179,12.9261931113176,11.5894690282498,12.3031384823099,252754485.20616,20605776.5512277,252.75448520616
APT,2023-02-26,12.3031384823099,12.9660714470489,12.1666816815636,12.6707951191448,182104773.467422,14508826.7572865,182.104773467422
APT,2023-02-27,12.6707951191448,13.057914417674,12.1621404613088,12.4059994398127,180039326.018535,14345230.6523957,180.03932601853498
APT,2023-02-28,12.4059994398127,12.4522096028654,11.8327068227504,11.9093915639383,187644495.843488,15480680.4991844,187.64449584348802
APT,2023-03-01,11.9093915639383,13.5130312472802,11.8897018964911,13.4985635016619,451894933.949067,34835299.277731,451.894933949067
APT,2023-03-02,13.4985635016619,13.6668370127258,12.6090905133308,12.891951886884,397431834.717316,30366127.164889,397.43183471731595
APT,2023-03-03,12.891951886884,12.9569872566202,11.6102809237264,11.8054842960445,340566017.269519,28686504.8500685,340.56601726951897
APT,2023-03-04,11.8054842960445,11.9007006963887,10.7345264229811,11.3433969034353,181666185.565449,16051339.1801196,181.666185565449
APT,2023-03-05,11.3433969034353,11.5890916814757,11.1319663317188,11.2365810452439,148169491.739326,13030744.3545756,148.169491739326
APT,2023-03-06,11.2365810452439,11.5529019900506,11.0595123925367,11.337316886527,150793797.798101,13371184.5944177,150.793797798101
APT,2023-03-07,11.337316886527,11.7106339537182,10.8088381659984,11.1447707515006,199320475.80315,17807502.6338161,199.32047580315
APT,2023-03-08,11.1447707515006,11.2167504022646,10.3044988650048,10.5401603098866,175560072.358626,16304023.5450312,175.560072358626
APT,2023-03-09,10.5401603098866,11.4688433632378,10.4489838626956,11.1593841275046,418381368.548743,38033070.642686,418.381368548743
APT,2023-03-10,11.1593841275046,11.6579214214834,9.80849435484588,10.8944729145723,629270752.927455,59178539.331865,629.270752927455
APT,2023-03-11,10.8944729145723,11.2024819860135,10.0482452130508,10.5490031301469,317310670.899959,30268614.9743871,317.310670899959
APT,2023-03-12,10.5490031301469,12.0867582858432,10.1867521608998,11.9429800509073,302780516.38601,27679296.7634569,302.78051638601
APT,2023-03-13,11.9429800509073,12.7431255931608,11.5097745488033,12.3909193670332,533735037.711386,44007219.6415192,533.735037711386
APT,2023-03-14,12.3909193670332,14.6086019443608,12.0591823208282,13.6401983687551,774725797.329055,57739085.380635,774.7257973290549
APT,2023-03-15,13.6401983687551,14.2035600200638,12.0871964643676,12.3426106419241,545545235.680768,41524725.7861117,545.545235680768
APT,2023-03-16,12.3426106419241,12.5376944530629,11.9571186550419,12.4222643445765,377148315.626305,30661154.2028006,377.14831562630496
APT,2023-03-17,12.4222643445765,13.6842068487518,12.179386744329,13.5829407423435,398427118.307367,30710800.1434733,398.42711830736704
APT,2023-03-18,13.5829407423435,14.2603206074907,12.79080120232,12.8748613349882,458607606.080346,33507567.1734028,458.607606080346
APT,2023-03-19,12.8748613349882,13.5390287721742,12.7304202378469,13.0842684453935,247371938.554241,18795475.8738936,247.371938554241
APT,2023-03-20,13.0842684453935,13.2292738542591,12.103855236702,12.2068492123258,223900651.596982,17654319.6628455,223.90065159698202
APT,2023-03-21,12.2068492123258,12.5793254413285,11.7789368857582,12.332199190706,192301101.798411,15738025.0508582,192.30110179841103
APT,2023-03-22,12.332199190706,13.2572038432397,11.834845917996,13.2260991712064,338758388.002859,27481426.1154324,338.758388002859
APT,2023-03-23,13.2260991712064,13.3835606532065,12.4684923579119,13.3478324276837,327247060.365415,25312420.8808874,327.247060365415
APT,2023-03-24,13.3478324276837,16.7745859168484,12.1554029679942,12.3024132188329,221609280.055638,17443648.9437575,221.60928005563798
APT,2023-03-25,12.3024132188329,12.3582477651975,11.5525858006909,11.6963753766004,117562077.4041,9816084.9582416,117.5620774041
APT,2023-03-26,11.6963753766004,12.0834329127602,11.4521789202067,11.9247516680933,113738022.365493,9588245.39876077,113.738022365493
APT,2023-03-27,11.9247516680933,12.0851206686581,10.9202685698802,11.199608396931,140047879.565019,12272232.014209,140.047879565019
APT,2023-03-28,11.199608396931,11.3416632996456,10.8772287039198,11.2986544180235,115681004.081893,10430434.3158206,115.681004081893
APT,2023-03-29,11.2986544180235,11.8022853281387,11.2003124515173,11.6627277754511,116556648.869124,10070598.3168943,116.55664886912399
APT,2023-03-30,11.6627277754511,11.8721182350457,10.9126098556359,11.189487799315,165006418.611998,14585427.6213909,165.006418611998
APT,2023-03-31,11.189487799315,11.4704793771677,11.0832754047177,11.4026974116136,127228217.248568,11254316.6220473,127.228217248568
APT,2023-04-01,11.4026974116136,11.5188720275489,11.109443814692,11.2864364978341,75339530.3413263,6671751.38186541,75.3395303413263
APT,2023-04-02,11.2864364978341,12.5864163596972,11.1815886401596,12.2182735833753,435182357.852641,35861710.9523455,435.18235785264096
APT,2023-04-03,12.2182735833753,12.2182735833753,11.094162280057,11.3759524410495,248410193.518478,21465026.0100031,248.410193518478
APT,2023-04-04,11.3759524410495,11.5728324605359,11.1076851343417,11.4889038166998,120303762.420414,10547032.6710255,120.303762420414
APT,2023-04-05,11.4889038166998,12.0080798539417,11.2743104420404,11.5535258208637,142953286.328556,12295170.9910985,142.953286328556
APT,2023-04-06,11.5535258208637,11.7087720470728,11.2485884729975,11.4772217359114,128275733.849781,11141897.1020481,128.275733849781
APT,2023-04-07,11.4772217359114,11.5221717220273,11.0109616205487,11.1722318744293,96787536.7489827,8615575.24569032,96.7875367489827
APT,2023-04-08,11.1722318744293,11.317839349735,10.6912719930445,11.0526232827898,86919026.2527218,7836942.63006924,86.9190262527218
APT,2023-04-09,11.0526232827898,11.2457628189477,10.884885729874,11.0852921684935,69589100.9372184,6313584.88150088,69.5891009372184
APT,2023-04-10,11.0852921684935,11.4806067335684,10.9161402684455,11.4680056634795,82742433.8561467,7421537.52322741,82.74243385614669
APT,2023-04-11,11.4680056634795,12.1083838969663,11.2888687942011,11.7577626234901,210535442.285407,17948904.2894116,210.53544228540702
APT,2023-04-12,11.7577626234901,11.9904301246494,11.1356387220217,11.3717345578491,184358404.141284,16181389.1571757,184.35840414128398
APT,2023-04-13,11.3717345578491,12.5430549278183,11.3035026618149,12.406941734585,249150336.669631,20571904.7134166,249.150336669631
APT,2023-04-14,12.406941734585,13.451498210122,12.2300440702984,12.6909661823651,402039430.995008,31423849.0125569,402.039430995008
APT,2023-04-15,12.6909661823651,12.9095307005818,12.4715060219836,12.5858883524553,136915175.987014,10790628.059766,136.915175987014
APT,2023-04-16,12.5858883524553,12.7450993745179,12.3338846588509,12.6080445033146,106104305.687643,8474857.58846857,106.104305687643
APT,2023-04-17,12.6080445033146,12.83658595083,12.1750241374612,12.3197976439745,156816642.382632,12616093.9209042,156.81664238263198
APT,2023-04-18,12.3197976439745,12.7582735032844,12.1649127916524,12.712411283654,124594273.150952,9943089.07459575,124.59427315095199
APT,2023-04-19,12.712411283654,13.1047133790046,11.20525382983,11.3423476379858,241950027.510262,20265866.659605,241.950027510262
APT,2023-04-20,11.3423476379858,11.4811286994152,10.8703802296682,11.0549046464256,153750196.653205,13703348.3955781,153.750196653205
APT,2023-04-21,11.0549046464256,11.1972098872357,10.0887851918308,10.1555935332314,179210409.773092,16954110.9829218,179.210409773092
APT,2023-04-22,10.1555935332314,10.4255306032713,9.97728025872719,10.3379250559681,105280899.168132,10340308.0737158,105.28089916813201
APT,2023-04-23,10.3379250559681,10.3379250559681,9.81661615706216,10.2191352473324,95653386.7661863,9459756.22432761,95.6533867661863
APT,2023-04-24,10.2191352473324,10.4049337963872,9.9990806970971,10.230500170205,114157146.409834,11159711.7920017,114.157146409834
APT,2023-04-25,10.230500170205,10.4727592931089,9.80191559130485,10.3622920573318,120030075.608379,11947325.2415789,120.03007560837901
APT,2023-04-26,10.3622920573318,10.8602263356562,9.58684431021662,10.0422099269323,201918348.976029,19540526.6429787,201.918348976029
APT,2023-04-27,10.0422099269323,10.3774822443825,9.99184107160013,10.1910535312111,130604420.02971,12852636.104031,130.60442002970998
APT,2023-04-28,10.1910535312111,10.2395815110577,9.94266133419194,10.17282326275,74501610.1314878,7386390.43288394,74.50161013148781
APT,2023-04-29,10.17282326275,10.8680650644419,10.1147751286571,10.7503501168082,196514513.829607,18394469.8747679,196.514513829607
APT,2023-04-30,10.7503501168082,10.9349294425308,10.3286229291484,10.3286229291484,119053580.427541,11227660.3752495,119.05358042754101
APT,2023-05-01,10.3286229291484,10.3547658422741,9.8233702075368,9.93914729069298,109895155.294906,10931292.4073532,109.895155294906
APT,2023-05-02,9.93914729069298,10.0070600962292,9.78771579040841,9.94220544848647,65019493.120162,6566155.86363322,65.019493120162
APT,2023-05-03,9.94220544848647,10.1320316490633,9.48445995125071,10.0289619304874,134449590.141392,13837137.0239134,134.44959014139198
APT,2023-05-04,10.0289619304874,10.0503553101826,9.60894454289399,9.70898318531802,68103749.6664356,6901842.04298064,68.1037496664356
APT,2023-05-05,9.70898318531802,10.0482871358724,9.6181443546929,9.86656411772317,66891995.9486456,6850562.94724631,66.8919959486456
APT,2023-05-06,9.86656411772317,9.92608548932349,9.08825520863739,9.25471784405378,108009681.662095,11528747.8806259,108.00968166209499
APT,2023-05-07,9.25471784405378,9.52488956356281,9.20665343915967,9.24741102478086,61265581.2300892,6566057.40198763,61.265581230089204
APT,2023-05-08,9.24741102478086,9.39292510473556,8.10959500385028,8.33890124123824,138047547.287775,16055086.1198038,138.04754728777502
APT,2023-05-09,8.33890124123824,8.44912501158052,8.14390979541733,8.37457502775307,62888233.2722367,7573455.75948498,62.8882332722367
APT,2023-05-10,8.37457502775307,8.79145526881588,8.15431935651666,8.62823455547622,126744689.614152,14933713.576675,126.744689614152
APT,2023-05-11,8.62823455547622,8.62823455547622,7.93463281396532,8.07776647376191,101148359.271304,12317957.0356711,101.148359271304
APT,2023-05-12,8.07776647376191,8.33951065243278,7.75506493308626,8.3113953578636,95143593.2350588,11877595.7053765,95.1435932350588
APT,2023-05-13,8.3113953578636,8.36991516716174,8.16547879246201,8.29714322715704,43976872.2452088,5325836.63885656,43.9768722452088
APT,2023-05-14,8.29714322715704,8.70805685466593,8.11947517863618,8.48046281154259,57262835.1180369,6797211.4535427,57.262835118036904
APT,2023-05-15,8.48046281154259,9.0229057858577,8.32590361477463,8.60592044483224,92797522.5727107,10672250.4128581,92.79752257271069
APT,2023-05-16,8.60592044483224,8.74425731143334,8.46143588530667,8.54064210447234,72617483.8481581,8471616.15333785,72.6174838481581
APT,2023-05-17,8.54064210447234,8.87926572688316,8.34849948807196,8.71969328656978,77811423.6689642,9046347.85429966,77.81142366896421
APT,2023-05-18,8.71969328656978,8.74402797057918,8.37215336796025,8.53555372026595,73717701.3319732,8578441.22074596,73.71770133197319
APT,2023-05-19,8.53555372026595,8.56270822503808,8.39226401191502,8.44603211722235,46676298.11535,5505868.16253508,46.67629811535
APT,2023-05-20,8.44603211722235,8.52226041128791,8.3488048444543,8.46399900040149,28250552.5532954,3346554.48893616,28.2505525532954
APT,2023-05-21,8.46399900040149,8.49829900638077,8.11403584475226,8.18151929639445,37066226.8240424,4466752.60170353,37.0662268240424
APT,2023-05-22,8.18151929639445,8.23083009580861,8.01588376824272,8.12541269467565,41443577.669943,5090853.3092997,41.443577669943
APT,2023-05-23,8.12541269467565,8.56939367348259,8.03767326418405,8.53029365265088,57366811.1942076,6855749.32780701,57.3668111942076
APT,2023-05-24,8.53029365265088,8.54208979461777,7.9930192957926,8.10496085415805,72836455.2366094,8882626.11221294,72.8364552366094
APT,2023-05-25,8.10496085415805,8.11696528814929,7.78720022359067,7.98522698288907,47473544.9609472,5963461.04884083,47.4735449609472
APT,2023-05-26,7.98522698288907,8.16619159929344,7.85737438016336,8.08492145942506,42460250.6786447,5284447.95028316,42.460250678644705
APT,2023-05-27,8.08492145942506,8.26266019781185,8.05846017398468,8.24163039394207,31184462.0425618,3822607.78029032,31.184462042561798
APT,2023-05-28,8.24163039394207,8.6579492465123,8.21384864731082,8.52541554356322,86964160.0035114,10240971.7485458,86.9641600035114
APT,2023-05-29,8.52541554356322,8.62844278084612,8.23187224716308,8.51561544311481,77943286.5661251,9221061.11354806,77.9432865661251
APT,2023-05-30,8.51561544311481,8.61294182042316,8.40166130685285,8.50514600870939,64445912.2833129,7581278.25866318,64.44591228331291
APT,2023-05-31,8.50514600870939,8.79725519316119,8.22919602829626,8.3696352307152,110148167.871005,12997156.9446047,110.148167871005
APT,2023-06-01,8.3696352307152,8.66814713899133,8.31802578066061,8.57213201871296,83127658.4516978,9759096.70389464,83.1276584516978
APT,2023-06-02,8.57213201871296,9.19692432005819,8.45762826553818,9.07427326448678,146307651.598732,16340161.9472112,146.307651598732
APT,2023-06-03,9.07427326448678,9.19970550260344,8.9074199488114,8.99430497158974,53530923.3506351,5928168.61603497,53.5309233506351
APT,2023-06-04,8.99430497158974,9.42119840463188,8.85660100523959,9.19129588335478,102644390.358655,11142905.8317036,102.644390358655
APT,2023-06-05,9.19129588335478,9.24193888276615,7.91561219480342,8.1402989873929,194634452.473068,22834086.7921861,194.634452473068
APT,2023-06-06,8.1402989873929,11.9193392523349,7.65844515517343,8.24680182412307,108794191.11656,13534132.7249871,108.79419111656
APT,2023-06-07,8.24680182412307,8.28153219329858,7.64756803275129,7.79860945935441,83599665.9948296,10507895.109853,83.59966599482959
APT,2023-06-08,7.79860945935441,7.85087094767606,7.58087199464337,7.69934759756898,58841489.1036006,7633318.00055751,58.8414891036006
APT,2023-06-09,7.69934759756898,7.78841641815845,7.29767451106528,7.46033060600609,74588715.70047,9818776.87399443,74.58871570047
APT,2023-06-10,7.46033060600609,7.46033060600609,5.55036740141514,6.03934576803209,229636527.7395,37189563.5166926,229.6365277395
APT,2023-06-11,6.03934576803209,6.71736124648346,5.89243161153362,6.2809666919699,111340578.624238,17922188.0123234,111.340578624238
APT,2023-06-12,6.2809666919699,6.472736207743,6.13127957733926,6.29571983468297,111398720.498895,17729328.3309368,111.398720498895
APT,2023-06-13,6.29571983468297,6.53858874570962,6.13408563593109,6.28110020968487,82060005.1692316,12973208.7215967,82.06000516923159
APT,2023-06-14,6.28110020968487,6.45700598912759,5.94602227585231,6.05316378295605,87603910.7338174,14023370.4123214,87.6039107338174
APT,2023-06-15,6.05316378295605,6.30073633393399,5.98640082996786,6.23988928449021,68028228.8992153,11126607.7575636,68.02822889921529
APT,2023-06-16,6.23988928449021,6.34296531286133,6.0521801894082,6.31115146027639,50169349.434531,8085983.21562227,50.169349434531
APT,2023-06-17,6.31115146027639,7.10618066222141,6.23730553277721,7.04523435578349,165721380.756506,24104887.2727329,165.721380756506
APT,2023-06-18,7.04523435578349,7.30111672358543,6.67698425975493,6.77263253177476,133083688.764325,19018988.3486204,133.083688764325
APT,2023-06-19,6.77263253177476,7.05073357480001,6.7109022998228,6.9663516048818,87221208.0550854,12645927.4899421,87.22120805508541
APT,2023-06-20,6.9663516048818,7.31432073885181,6.69244502248874,7.23791929576151,128677627.293036,18468903.093811,128.677627293036
APT,2023-06-21,7.23791929576151,7.57974508694376,7.12719391036206,7.47745984041008,155049627.16451,21109575.9911311,155.04962716451
APT,2023-06-22,7.47745984041008,7.76179094509204,7.32711491481483,7.36844522401733,166942965.052783,22168450.2457853,166.94296505278302
APT,2023-06-23,7.36844522401733,7.9616765090793,7.22242213133113,7.6742707269603,113146793.445476,14867578.8531759,113.14679344547599
APT,2023-06-24,7.6742707269603,7.76535263121722,7.16932432590478,7.36204467698698,80868150.1238144,10832162.1182683,80.8681501238144
APT,2023-06-25,7.36204467698698,7.98232325441887,7.29441240432853,7.56728130139204,112152880.509417,14557804.729813,112.152880509417
APT,2023-06-26,7.56728130139204,7.73422439307567,7.20648939360959,7.30163030333623,115418242.125688,15372875.4208132,115.418242125688
APT,2023-06-27,7.30163030333623,7.54519149944955,7.20115889331549,7.43750444302605,63236766.2592519,8515939.27241755,63.2367662592519
APT,2023-06-28,7.43750444302605,7.44500028293307,6.78549202998321,6.93327269457926,79672652.8205991,11279677.6052092,79.6726528205991
APT,2023-06-29,6.93327269457926,7.57217057743647,6.87217477220974,7.15470020616052,104699745.71864,14493363.3489625,104.69974571864
APT,2023-06-30,7.15470020616052,7.50532781400827,6.77764710285923,7.24087667055605,151915536.530264,21026594.0897843,151.91553653026398
APT,2023-07-01,7.24087667055605,7.39021474099254,7.00232852401008,7.38443695587397,59778424.5020321,8265289.99495068,59.7784245020321
APT,2023-07-02,7.38443695587397,7.44942348630259,7.04620431737464,7.34064263191243,77262394.2934136,10605456.4860129,77.26239429341359
APT,2023-07-03,7.34064263191243,7.62887392759904,7.24942762852745,7.51905083794395,79033639.9006048,10580193.378151,79.0336399006048
APT,2023-07-04,7.51905083794395,8.34356827170763,7.47802014269039,7.71547249798922,237850219.035552,29489325.7644151,237.850219035552
APT,2023-07-05,7.71547249798922,7.9723102959319,7.24230037374877,7.45954032407481,110907237.241127,14597006.4806163,110.90723724112699
APT,2023-07-06,7.45954032407481,7.69817984397821,7.08336297092231,7.13095916805588,87656186.5990498,11888438.9924162,87.6561865990498
APT,2023-07-07,7.13095916805588,7.29843370322362,6.79220423779733,7.24499301805202,56419194.3181486,7848829.51461204,56.4191943181486
APT,2023-07-08,7.24499301805202,7.27516186402489,6.92513257679404,7.07427306232428,46789012.8091745,6575784.8112938,46.7890128091745
APT,2023-07-09,7.07427306232428,7.21017901848365,6.7064882335273,7.06591305367633,39962659.8459835,5623671.40662714,39.962659845983495
APT,2023-07-10,7.06591305367633,7.20512022599522,6.56608293950628,7.09855449463427,66324342.9223666,9442587.6829275,66.3243429223666
APT,2023-07-11,7.09855449463427,7.14500466716905,6.93034490806101,7.05562923833835,46624818.817086,6632120.54737134,46.624818817086
APT,2023-07-12,7.05562923833835,7.13238760505994,6.87502162484983,7.00598992197495,52243988.361544,7427417.60633927,52.243988361544
APT,2023-07-13,7.00598992197495,7.68971689888177,6.95476363620782,7.57677708954363,114509879.220116,15578508.8066421,114.509879220116
APT,2023-07-14,7.57677708954363,7.98167210192418,7.11743512953847,7.39261311593026,184220442.022096,24229329.8755851,184.220442022096
APT,2023-07-15,7.39261311593026,7.56625216071345,7.2566589653959,7.47042765520268,67422974.9161608,9092740.36288025,67.42297491616081
APT,2023-07-16,7.47042765520268,7.62191820709049,7.35228478643552,7.41978380971982,67048707.4394493,8951895.90475837,67.0487074394493
APT,2023-07-17,7.41978380971982,7.94551890482832,7.38479140920109,7.83118580805679,131003796.299377,17047647.0370073,131.003796299377
APT,2023-07-18,7.83118580805679,8.19830894039365,7.44016749874475,7.61886993501418,105554757.466041,13559027.010165,105.554757466041
APT,2023-07-19,7.61886993501418,7.73183342571374,7.45512628280884,7.56074086510135,44679022.2004435,5888139.14711019,44.6790222004435
APT,2023-07-20,7.56074086510135,7.69927062381421,7.22375094489943,7.43286322233618,48874962.4657607,6487425.36521224,48.8749624657607
APT,2023-07-21,7.43286322233618,7.59487815250222,7.27834461700622,7.54645714908876,43802313.2980016,5839144.2449066,43.8023132980016
APT,2023-07-22,7.54645714908876,7.76518763100503,7.54645714908876,7.68628421448193,60375375.0097173,7889319.18469694,60.3753750097173
APT,2023-07-23,7.68628421448193,7.79140389022993,7.52521800212229,7.58221065311693,42484672.7609337,5553996.98686403,42.4846727609337
APT,2023-07-24,7.58221065311693,7.60971420667949,7.00461119412211,7.06480397164007,65530289.1646994,9040142.8427061,65.5302891646994
APT,2023-07-25,7.06480397164007,7.09559332101755,6.86362683031532,6.98859925487516,45702114.6019653,6545871.52420432,45.7021146019653
APT,2023-07-26,6.98859925487516,7.13679766500659,6.85008467237732,7.03030552368894,48371830.7126808,6913452.41583494,48.371830712680804
APT,2023-07-27,7.03030552368894,7.14515340744654,6.93202862715922,7.08452189800043,38117918.8689993,5406194.21050553,38.117918868999304
APT,2023-07-28,7.08452189800043,7.12713259976012,6.99788448361032,7.0788177102172,31224979.1346696,4421493.9207011,31.2249791346696
APT,2023-07-29,7.0788177102172,7.16110412396031,7.06252930263953,7.14945576883512,26434523.8276472,3720404.56162096,26.4345238276472
APT,2023-07-30,7.14945576883512,7.19729203440752,6.89329789726314,7.04828864155732,41143967.4411285,5826241.00947527,41.1439674411285
APT,2023-07-31,7.04828864155732,7.10250715866209,6.95241788253209,7.04176457138763,33084157.3016515,4701548.73120989,33.0841573016515
APT,2023-08-01,7.04176457138763,7.07929084136276,6.82500201889172,7.07247999061419,53127168.4758801,7653752.40692189,53.127168475880104
APT,2023-08-02,7.07247999061419,7.08391134732216,6.86794642412262,6.89648642313976,64891050.6693456,9314053.80452389,64.8910506693456
APT,2023-08-03,6.89648642313976,6.94533806592748,6.78296189035805,6.81504831216977,81296706.3987929,11798281.2347288,81.29670639879289
APT,2023-08-04,6.81504831216977,6.88303013403563,6.66830322120506,6.74030088224754,89697618.8127412,13184018.3606618,89.69761881274121
APT,2023-08-05,6.74030088224754,6.81102795273575,6.67345498092265,6.79744024737081,175315924.466571,26004136.803801,175.315924466571
APT,2023-08-06,6.79744024737081,6.86942204677201,6.70991002790558,6.75669547258907,70770494.0310233,10415821.5591008,70.77049403102329
APT,2023-08-07,6.75669547258907,6.80323718263769,6.51340231291062,6.6865430831776,81624502.6980603,12226098.5118036,81.6245026980603
APT,2023-08-08,6.6865430831776,6.75941910851389,6.61435902565339,6.70183574267844,56366656.2778493,8442378.94979745,56.3666562778493
APT,2023-08-09,6.70183574267844,7.95586014951679,6.66849936202996,7.42655038142864,449858293.559583,59634253.3885451,449.858293559583
APT,2023-08-10,7.42655038142864,7.59843724122873,7.1480252889554,7.17422818840075,245267003.375257,33251471.3434979,245.267003375257
APT,2023-08-11,7.17422818840075,7.17422818840075,6.98963727897753,7.09229432346208,96080776.7835448,13578946.4586149,96.08077678354479
APT,2023-08-12,7.09229432346208,7.23371508796477,7.07610302028174,7.20676589861971,71125090.2687352,9937289.29117313,71.1250902687352
APT,2023-08-13,7.20676589861971,7.2436307197912,7.03772272882155,7.05792155351218,68304660.1633557,9535202.71013801,68.30466016335569
APT,2023-08-14,7.05792155351218,7.13350684736696,6.99513767683667,7.06952099201624,57056174.9567862,8076886.67627331,57.0561749567862
APT,2023-08-15,7.06952099201624,7.07250179396017,6.32470749640218,6.53292600255372,100714109.643071,14916979.8834439,100.714109643071
APT,2023-08-16,6.53292600255372,6.53977125117919,6.01689874200027,6.18466582622561,130666662.093097,20693339.1382298,130.666662093097
APT,2023-08-17,6.18466582622561,6.33536741037199,5.0372373563347,5.69569167789192,133728748.60329,22472076.7657322,133.72874860329
APT,2023-08-18,5.69569167789192,5.90368140166091,5.49209118224327,5.8368724988982,114521426.195195,19955564.5481779,114.521426195195
APT,2023-08-19,5.8368724988982,6.07028688606028,5.82737944550301,6.02725119134686,76216690.7930428,12764813.8780599,76.21669079304279
APT,2023-08-20,6.02725119134686,6.17947129553669,5.95290525905846,6.08098886474087,72502795.2051816,11997600.6534192,72.5027952051816
APT,2023-08-21,6.08098886474087,6.09678233067405,5.83804841650781,5.96899986811787,69456185.9687063,11661896.1460214,69.4561859687063
APT,2023-08-22,5.96899986811787,5.98991837633443,5.66344536559103,5.8473691850809,69941145.4134227,11970794.2220523,69.9411454134227
APT,2023-08-23,5.8473691850809,6.13940145693768,5.82879794724551,6.02258154670454,72292202.7486429,12121807.6837414,72.29220274864291
APT,2023-08-24,6.02258154670454,6.07344249459857,5.73162111134928,5.8303236020067,59760608.6257132,10105577.7558027,59.760608625713196
APT,2023-08-25,5.8303236020067,5.83400209967947,5.59713911221758,5.69947538039499,61561788.0081532,10847441.152827,61.5617880081532
APT,2023-08-26,5.69947538039499,5.81878392582333,5.66859649278065,5.74036075181603,42783879.7351493,7451794.89412288,42.7838797351493
APT,2023-08-27,5.74036075181603,5.82741261730248,5.6653555250627,5.70711870011312,46087746.124745,8060309.64004388,46.087746124744996
APT,2023-08-28,5.70711870011312,5.76507345834461,5.58694606932877,5.73862075344236,49325414.527348,8703145.38249756,49.325414527347995
APT,2023-08-29,5.73862075344236,5.98267928314157,5.59057038774353,5.91532470656248,74048779.5234882,12724024.2683285,74.0487795234882
APT,2023-08-30,5.91532470656248,5.94545817338593,5.78615359490209,5.80848159714038,64096864.0475309,10923068.4380635,64.0968640475309
APT,2023-08-31,5.80848159714038,5.82183194019932,5.49189239524399,5.525300533296,59001006.7904931,10393373.8634842,59.0010067904931
APT,2023-09-01,5.525300533296,5.58943808128515,5.41299977983062,5.55201819325919,50444810.3503631,9130513.52761854,50.4448103503631
APT,2023-09-02,5.55201819325919,5.66188592667935,5.51365218648985,5.59224471761195,51086027.287101,9133571.92229216,51.086027287101004
APT,2023-09-03,5.59224471761195,5.61569471578616,5.43374021465996,5.47392445119679,41743948.0175694,7554571.96688209,41.7439480175694
APT,2023-09-04,5.47392445119679,5.59844696873338,5.44319943151731,5.52138592452656,37419970.8741064,6775519.41228574,37.4199708741064
APT,2023-09-05,5.52138592452656,5.55394251416223,5.43228037692231,5.53913648875672,34421395.1052661,6258910.05756043,34.4213951052661
APT,2023-09-06,5.53913648875672,5.59090032606668,5.41899778189584,5.54154324353022,40527853.0175138,7372746.60515502,40.5278530175138
APT,2023-09-07,5.54154324353022,5.67883984081514,5.49013405260216,5.64211628603753,47048572.9615566,8415021.2007669,47.0485729615566
APT,2023-09-08,5.64211628603753,5.66872130419745,5.46144408678706,5.52503648632328,43681913.4754539,7868997.56585838,43.6819134754539
APT,2023-09-09,5.52503648632328,5.54947231397014,5.45821961730015,5.48486951693012,26209137.1337882,4764827.81638504,26.209137133788197
APT,2023-09-10,5.48486951693012,5.51545250828534,5.13448432817469,5.17828156672758,55111500.5267584,10460652.0178004,55.111500526758405
APT,2023-09-11,5.17828156672758,5.19344181625345,4.91343679624374,5.01828633957166,78345769.9293567,15605305.9962898,78.34576992935669
APT,2023-09-12,5.01828633957166,5.19407300787164,4.97023991318357,5.04356074338608,72932837.2786641,14339173.6772301,72.9328372786641
APT,2023-09-13,5.04356074338608,5.33369409917219,5.03266677782605,5.19156252215333,87971730.4140009,16908849.3790077,87.9717304140009
APT,2023-09-14,5.19156252215333,5.31616563021162,5.15320229940278,5.22737433136305,61732395.9085525,11834876.7814044,61.7323959085525
APT,2023-09-15,5.22737433136305,5.30930621276493,5.12959352640188,5.27287172276417,48752332.5906741,9335044.402028,48.7523325906741
APT,2023-09-16,5.27287172276417,5.37796273441034,5.25765982176124,5.32641883301778,46473651.891582,8748962.58805788,46.473651891581994
APT,2023-09-17,5.32641883301778,5.3382315359748,5.17312702377866,5.23124227177766,52518656.6359938,10005808.1707683,52.5186566359938
APT,2023-09-18,5.23124227177766,5.37906527159705,5.17038220871529,5.19322699605552,57312886.9384544,10872207.3250053,57.3128869384544
APT,2023-09-19,5.19322699605552,5.27620274725493,5.13971728274312,5.22789493350939,32210179.8332556,6195744.91271933,32.2101798332556
APT,2023-09-20,5.22789493350939,5.25873828303145,5.08979312489115,5.1751215524393,38892843.7584458,7533150.09521634,38.8928437584458
APT,2023-09-21,5.1751215524393,5.2455990758342,5.04605910595489,5.10239164154859,51159582.6593664,9966025.9272162,51.1595826593664
APT,2023-09-22,5.10239164154859,5.15745894232264,5.06647409373404,5.13577752013887,38031959.2194358,7421015.04187715,38.031959219435805
APT,2023-09-23,5.13577752013887,5.20039766461439,5.07629204317297,5.15687139736683,28296328.2095191,5503704.32089719,28.2963282095191
APT,2023-09-24,5.15687139736683,5.69618569481471,5.09218160189989,5.35116825299095,165287953.903265,30809897.2492019,165.287953903265
APT,2023-09-25,5.35116825299095,5.80159322905848,5.32438618825542,5.58153354604293,250066009.891499,44859423.7671483,250.06600989149902
APT,2023-09-26,5.58153354604293,5.65465210964537,5.23309159253974,5.32470610162585,100586363.145448,18437000.9320384,100.586363145448
APT,2023-09-27,5.32470610162585,5.34640335365328,5.21800580665223,5.31865467295349,81845285.3605656,15502780.9844198,81.8452853605656
APT,2023-09-28,5.31865467295349,5.40244512091389,5.27546415413519,5.33381538657561,114852308.202158,21504759.5957186,114.852308202158
APT,2023-09-29,5.33381538657561,5.55939789822011,5.32513260176833,5.40134743445568,119725148.195913,22005174.7860037,119.72514819591301
APT,2023-09-30,5.40134743445568,5.51708059607841,5.32565812684892,5.49515100466473,65342130.8673007,12057758.3399147,65.3421308673007
APT,2023-10-01,5.49515100466473,5.7010051298114,5.44892214610596,5.67012173588749,79386947.0400162,14291142.7969255,79.38694704001621
APT,2023-10-02,5.67012173588749,5.7548435750334,5.35873450541106,5.44278894350193,114926731.08434,20565049.5737599,114.92673108434
APT,2023-10-03,5.44278894350193,5.46244201055701,5.32252138582739,5.34733015785139,44877626.0455803,8330812.44106271,44.8776260455803
APT,2023-10-04,5.34733015785139,5.34767824198931,5.14379330283837,5.32431557903457,43398759.9697025,8250065.67427665,43.398759969702496
APT,2023-10-05,5.32431557903457,5.36414835814364,5.1548226632163,5.22479672544424,27465846.9659167,5191221.68901416,27.4658469659167
APT,2023-10-06,5.22479672544424,5.36913542503121,5.21625255741637,5.33351315860105,28557960.4359437,5404535.3235551,28.557960435943702
APT,2023-10-07,5.33351315860105,5.36629908694897,5.23903263195123,5.28090128440436,27501356.2058401,5197527.34355916,27.5013562058401
APT,2023-10-08,5.28090128440436,5.2984231506033,5.20422237618204,5.20654838411436,23407588.478604,4465092.03051046,23.407588478604
APT,2023-10-09,5.20654838411436,5.22993635984562,4.88375144016269,4.96746025359811,55828627.6434537,11121124.0865272,55.8286276434537
APT,2023-10-10,4.96746025359811,5.00482067887879,4.83300147300516,4.91855783805522,41053399.4200987,8335020.93526583,41.0533994200987
APT,2023-10-11,4.91855783805522,4.94216207829159,4.74783653489531,4.84808520780296,51007230.3464261,10580430.7609009,51.0072303464261
APT,2023-10-12,4.84808520780296,4.94832576088279,4.74124165711107,4.84228751549152,49908817.7326439,10317379.4848501,49.908817732643904
APT,2023-10-13,4.84228751549152,4.96836382000387,4.81111527008237,4.90126094055154,40563125.1297759,8323032.50021645,40.5631251297759
APT,2023-10-14,4.90126094055154,4.98658678184146,4.89619076714033,4.94970540097888,26948927.5264434,5455870.84181159,26.9489275264434
APT,2023-10-15,4.94970540097888,4.96052404931791,4.86509249504184,4.93161336757812,30206740.7442855,6147427.96332188,30.2067407442855
APT,2023-10-16,4.93161336757812,5.21309473139177,4.91417450238204,5.06342573131832,73346788.9689545,14536571.1849773,73.3467889689545
APT,2023-10-17,5.06342573131832,5.20417307425101,5.02890932084168,5.08343954737198,104717032.539216,20421112.5089673,104.71703253921599
APT,2023-10-18,5.08343954737198,5.13653981848648,4.9035689649208,4.94782767280925,55506517.5014105,11140094.8087605,55.5065175014105
APT,2023-10-19,4.94782767280925,5.05047216633013,4.83047108432728,4.91805060201105,76116976.8674365,15353699.2001983,76.11697686743649
APT,2023-10-20,4.91805060201105,5.20019998625587,4.89883256267666,5.05689325325193,71154695.4404219,14012290.0048621,71.15469544042189
APT,2023-10-21,5.05689325325193,5.85026131912009,5.05013116739347,5.55211920713472,230047846.056077,41121776.5151459,230.047846056077
APT,2023-10-22,5.55211920713472,6.26874400127079,5.46227037313843,6.14569420899677,346876548.115704,57975738.6212782,346.876548115704
APT,2023-10-23,6.14569420899677,6.40736405651471,5.80854501397465,6.19298606390722,261621732.743415,43040196.2744115,261.621732743415
APT,2023-10-24,6.19298606390722,6.59450363947682,5.97904898015213,6.30294964152642,299265588.174741,48242548.920566,299.265588174741
APT,2023-10-25,6.30294964152642,7.01015973338957,6.24223137759284,6.92339287827073,254070349.39223,38693189.9458383,254.07034939223
APT,2023-10-26,6.92339287827073,6.96235273548626,6.30537441927,6.5325753767002,173582796.433579,26184428.7905434,173.582796433579
APT,2023-10-27,6.5325753767002,6.76728539714451,6.30383067326003,6.58082166193692,95981044.1759156,14792582.9808077,95.9810441759156
APT,2023-10-28,6.58082166193692,6.85583288778058,6.55460549756363,6.8505972168491,87533929.8661986,12964679.4923854,87.5339298661986
APT,2023-10-29,6.8505972168491,6.88671309114327,6.67478160020614,6.74603633900284,66222685.8751738,9790948.4917279,66.2226858751738
APT,2023-10-30,6.74603633900284,6.95006384821831,6.68902607514752,6.87557185725216,112142176.935103,16412923.4753733,112.142176935103
APT,2023-10-31,6.87557185725216,7.44547480326814,6.784037314821,7.06131939959316,197114423.751008,27605115.6014053,197.114423751008
APT,2023-11-01,7.06131939959316,7.30542035924517,6.69199074581357,7.11399222691431,169407804.496839,24167326.130062,169.407804496839
APT,2023-11-02,7.11399222691431,7.20765453654344,6.5420826460366,6.6923365340165,145914456.236141,21170679.0982698,145.914456236141
APT,2023-11-03,6.6923365340165,6.74155044748675,6.39270015139884,6.71317513554914,91450338.6936262,13929213.405938,91.4503386936262
APT,2023-11-04,6.71317513554914,7.12258400671407,6.67942391766496,6.9731833802851,62514906.7427556,9058144.1466846,62.5149067427556
APT,2023-11-05,6.9731833802851,7.16620886521575,6.78556500104947,6.90551045763087,86695788.8979642,12402108.1033652,86.69578889796419
APT,2023-11-06,6.90551045763087,7.47123993611692,6.85415629068029,7.42756300749128,131134991.521083,18231220.890234,131.134991521083
APT,2023-11-07,7.42756300749128,7.69150875623911,7.05010907501454,7.30037097827992,150905729.564536,20445831.1232691,150.90572956453602
APT,2023-11-08,7.30037097827992,7.53605668364055,7.12146936246405,7.42517051020805,114009341.229108,15634794.2645915,114.009341229108
APT,2023-11-09,7.42517051020805,7.70843595682792,6.57076178440654,7.30621071288816,257858071.005604,35559692.366255,257.858071005604
APT,2023-11-10,7.30621071288816,7.56573186629234,7.1074552043716,7.50734654099744,170115507.074732,23023460.8592638,170.115507074732
APT,2023-11-11,7.50734654099744,7.87510389264614,7.24008601779946,7.68417238458175,198236715.257393,26263409.7094733,198.236715257393
APT,2023-11-12,7.68417238458175,8.40372727432544,7.25761551475248,7.82341950330741,280662252.014057,35251840.232993,280.662252014057
APT,2023-11-13,7.82341950330741,8.02120225406488,7.29869961809005,7.33672610258816,181702354.170937,23807334.0245511,181.702354170937
APT,2023-11-14,7.33672610258816,7.37743894309446,6.88918201482917,7.13907041933962,180396605.886077,25073820.4192914,180.396605886077
APT,2023-11-15,7.13907041933962,7.76598481007142,7.08538612873627,7.69668178894353,141902487.86852,18946814.5695402,141.90248786851998
APT,2023-11-16,7.69668178894353,7.89795660944732,7.19204774650622,7.28144183769103,85603178.7110808,11398818.7598417,85.6031787110808
APT,2023-11-17,7.28144183769103,7.67096191066938,6.95890614422315,7.2602763284859,123142113.652205,16862942.6105824,123.14211365220501
APT,2023-11-18,7.2602763284859,7.26028561992863,6.72917348454978,7.08018186302742,92845199.6144003,13302438.691513,92.8451996144003
APT,2023-11-19,7.08018186302742,7.24929073389982,6.8654158197323,7.21788356583345,64574243.1980517,9165806.17123433,64.5742431980517
APT,2023-11-20,7.21788356583345,7.5194685341488,7.15388896426123,7.21039830922076,113792399.623664,15488474.9838192,113.79239962366401
APT,2023-11-21,7.21039830922076,7.4957278872246,6.78594266177485,6.79747385104621,133209770.797921,18588913.9385637,133.209770797921
APT,2023-11-22,6.79747385104621,7.45042642844182,6.78145489490378,7.31625201814261,87178311.0093094,12120503.0651016,87.1783110093094
APT,2023-11-23,7.31625201814261,7.41648322672987,7.15174933917972,7.22420484601579,59714341.6383711,8212157.73548227,59.7143416383711
APT,2023-11-24,7.22420484601579,7.49284424012296,7.21162898632444,7.44142157598423,101988445.005819,13881435.8001443,101.98844500581899
APT,2023-11-25,7.44142157598423,7.61279955655117,7.31104725488789,7.40183184625633,72243021.9761284,9734776.33424992,72.2430219761284
APT,2023-11-26,7.40183184625633,7.47308349438148,7.08943018450341,7.26827897989125,65291383.2281611,8949777.17324854,65.2913832281611
APT,2023-11-27,7.26827897989125,7.36718660850501,6.83007358587078,6.94787659972671,73757293.5647293,10475843.5498425,73.75729356472931
APT,2023-11-28,6.94787659972671,7.06281650298007,6.7287394637845,6.97767127896106,62960818.0813278,9102694.21584504,62.9608180813278
APT,2023-11-29,6.97767127896106,7.11707493894566,6.86271148027337,7.00519928455747,71392237.8057569,10211668.8432402,71.39223780575689
APT,2023-11-30,7.00519928455747,7.10343781505274,6.9280641682757,6.9652257267822,63140905.0518682,9026121.06159582,63.1409050518682
APT,2023-12-01,6.9652257267822,7.08554957347884,6.91048736688172,7.04806162238502,63082759.0348502,8971700.56887544,63.082759034850206
APT,2023-12-02,7.04806162238502,7.39833257803285,7.02757719166604,7.33223764930024,75216051.9197994,10384013.5541932,75.2160519197994
APT,2023-12-03,7.33223764930024,7.50474029405255,7.21264769616531,7.28346494282229,77120045.6264768,10524286.6446682,77.1200456264768
APT,2023-12-04,7.28346494282229,7.83498758111478,7.12836529343063,7.75602277051761,164779298.380936,22149887.7535209,164.77929838093598
APT,2023-12-05,7.75602277051761,7.82494352716063,7.32128222228635,7.68368705353863,120149458.991882,15912306.7538931,120.149458991882
APT,2023-12-06,7.68368705353863,7.85189943012784,7.34190139264595,7.36739481897764,131443281.504565,17376335.5056817,131.443281504565
APT,2023-12-07,7.36739481897764,8.1926404347664,7.3507165828453,7.9475744648378,161074853.831191,20776576.2303897,161.074853831191
APT,2023-12-08,7.9475744648378,8.64099892782964,7.84135941360682,8.49395350611583,184899610.544539,22253082.2840012,184.899610544539
APT,2023-12-09,8.49395350611583,8.79257697354836,8.16737472626576,8.24825856181454,158612309.003895,18548840.0943033,158.612309003895
APT,2023-12-10,8.24825856181454,8.47783994841969,8.00540083742099,8.42763290916132,128093782.055479,15535288.7551978,128.093782055479
APT,2023-12-11,8.42763290916132,8.44483231417475,7.49593730899925,7.79130228202421,157593151.344104,20146591.2797259,157.593151344104
APT,2023-12-12,7.79130228202421,9.20572813558817,7.78894332048649,9.10675433147838,292894802.722293,34087805.3906591,292.89480272229304
APT,2023-12-13,9.10675433147838,9.10814578330827,8.17016554955395,8.58261174165385,222077888.939341,26210215.436679,222.07788893934102
APT,2023-12-14,8.58261174165385,8.68544567796519,8.1053765123423,8.422511774165,185172247.170643,22086014.7304201,185.172247170643
APT,2023-12-15,8.422511774165,8.42547466334785,8.06913662975155,8.22027944914734,134227146.014749,16271962.8197376,134.227146014749
APT,2023-12-16,8.22027944914734,8.51265742204583,8.11628032983291,8.17205091905655,134651198.060422,16170116.2084804,134.651198060422
APT,2023-12-17,8.17205091905655,8.35779786675288,7.98895054424927,8.03908525163915,99963518.7292114,12233414.0935276,99.9635187292114
APT,2023-12-18,8.03908525163915,8.09658105838185,7.51883202080322,7.88701430991555,117618563.711441,15085170.0587439,117.618563711441
APT,2023-12-19,7.88701430991555,8.1157540943083,7.69551748189722,8.09689508570608,120212324.686049,15194291.1369976,120.212324686049
APT,2023-12-20,8.09689508570608,8.32903795096878,7.94284942349662,8.10694583655688,127906210.706429,15685138.9905377,127.90621070642901
APT,2023-12-21,8.10694583655688,8.70089938928778,8.01983636576372,8.52246030194764,136134419.608698,16210999.007005,136.134419608698
APT,2023-12-22,8.52246030194764,9.42986649504723,8.32533160878744,9.27115440524845,196663016.423494,22440788.1015222,196.663016423494
APT,2023-12-23,9.27115440524845,10.1470002924974,9.00965281204029,9.3176572909656,303226099.208158,32089523.418527,303.226099208158
APT,2023-12-24,9.3176572909656,9.82942510159055,9.13057239493716,9.32447867132313,232700248.210393,24647024.996205,232.700248210393
APT,2023-12-25,9.32447867132313,10.6843606044918,9.14296723154949,10.4186759546554,280621781.746822,28038782.1592767,280.621781746822
APT,2023-12-26,10.4186759546554,10.9057361824178,9.51165787409811,10.7470009723086,314837411.689847,30832519.707193,314.837411689847
APT,2023-12-27,10.7470009723086,10.9802116635998,10.0203831116934,10.1495419648651,213742324.063889,20769227.5949573,213.742324063889
APT,2023-12-28,10.1495419648651,10.3828352956364,9.54316719127136,9.63076715022174,160459121.042293,16233542.0866516,160.45912104229302
APT,2023-12-29,9.63076715022174,10.0983760312947,9.44489150952136,9.68713823986678,168558682.353084,17195890.1303073,168.558682353084
APT,2023-12-30,9.68713823986678,9.82086019035128,9.38257433651756,9.38916360589144,96392663.8022784,10065966.7309994,96.3926638022784
APT,2023-12-31,9.38916360589144,9.74338623841357,9.3020655528448,9.39922109057829,93899498.2500014,9832308.61711348,93.8994982500014
APT,2024-01-01,9.39922109057829,10.0281529686114,9.25558528405949,9.9414801837422,96714476.1414834,10037461.0313482,96.7144761414834
APT,2024-01-02,9.9414801837422,10.3616230471229,9.87860610995263,10.2600903374666,163975831.994935,16127440.0936112,163.975831994935
APT,2024-01-03,10.2600903374666,10.4006023579109,8.05703123225185,9.067241556732,198301157.58536,20957906.0612262,198.30115758536
APT,2024-01-04,9.067241556732,11.0852914957372,8.83527926056037,10.327086916708,444921124.199253,43414906.5820887,444.92112419925303
APT,2024-01-05,10.327086916708,10.9526175677048,9.41597057704009,9.65586757852791,362128981.364879,35254722.6023339,362.128981364879
APT,2024-01-06,9.65586757852791,9.70767286478742,8.87474843886541,9.05510000625674,170745221.304818,18614882.3471131,170.74522130481802
APT,2024-01-07,9.05510000625674,9.2964673788851,8.40523267799004,8.48354524501881,141322624.399242,15802851.947505,141.32262439924202
APT,2024-01-08,8.48354524501881,8.87086367555078,7.8329324126461,8.81795376647606,177893565.899032,21159110.6309903,177.89356589903198
APT,2024-01-09,8.81795376647606,8.85419271038659,7.95127713673216,8.28661207974056,161490600.068972,19467711.6230019,161.490600068972
APT,2024-01-10,8.28661207974056,9.096595850322,8.00672168746249,8.88655740852034,191603469.576739,22715154.5776057,191.603469576739
APT,2024-01-11,8.88655740852034,9.62868434214227,8.76370981909283,9.4548723589247,241084362.747071,26021838.9730791,241.084362747071
APT,2024-01-12,9.4548723589247,9.9449819661121,8.66470910675146,9.02504375213935,261502419.977553,27596333.4882868,261.502419977553
APT,2024-01-13,9.02504375213935,10.39415861548,8.66564169892496,10.0032443519716,321235957.004877,32887285.7672475,321.235957004877
APT,2024-01-14,10.0032443519716,10.0600494301296,9.52001290086375,9.67420545172899,199490993.628963,20402570.4740619,199.490993628963
APT,2024-01-15,9.67420545172899,10.4217126449522,9.41735388052272,9.51368995121168,304343338.250451,30518197.2113553,304.34333825045104
APT,2024-01-16,9.51368995121168,9.59484317483746,9.16462236688657,9.43851315076429,172344839.887211,18311655.790227,172.344839887211
APT,2024-01-17,9.43851315076429,9.48472604021383,9.12303699362806,9.33218595528624,135366530.774456,14558059.3265552,135.36653077445598
APT,2024-01-18,9.33218595528624,9.50896268314239,8.6821630202394,8.708879479851,203193444.508706,22424982.3967429,203.193444508706
APT,2024-01-19,8.708879479851,8.73641669640655,8.1107152127783,8.58157727953413,173995484.420987,20474488.1710764,173.995484420987
APT,2024-01-20,8.58157727953413,8.58831478409256,8.33939755896905,8.57179125797849,86213559.172469,10178929.4961166,86.213559172469
APT,2024-01-21,8.57179125797849,8.67559797942607,8.44118292205602,8.44679475171261,58541010.2983902,6837523.38273848,58.541010298390205
APT,2024-01-22,8.44679475171261,8.51388552833516,7.97009201771276,8.04147902044478,114549694.127464,13989752.8769647,114.549694127464
APT,2024-01-23,8.04147902044478,8.81379677802295,7.50931599119638,8.74505893136619,205845558.111809,25205200.0153876,205.845558111809
APT,2024-01-24,8.74505893136619,8.74739587583369,8.42133906577574,8.5755233556621,126757634.530168,14787360.4277129,126.75763453016799
APT,2024-01-25,8.5755233556621,8.63740511244295,8.21068163289918,8.33076106388854,91139277.4079279,10883559.1341538,91.1392774079279
APT,2024-01-26,8.33076106388854,8.87943681744587,8.24485312474258,8.72046471326692,94072851.197261,10937355.9242541,94.072851197261
APT,2024-01-27,8.72046471326692,9.34873630375846,8.67629482657149,9.12162218875953,109395828.444229,12179427.5125245,109.39582844422901
APT,2024-01-28,9.12162218875953,9.22648398371628,8.73914920754376,8.8719094816915,78650794.1139344,8752610.82727493,78.6507941139344
APT,2024-01-29,8.8719094816915,9.44931243198707,8.84012933808159,9.21722005137348,136108319.670422,14838684.6261408,136.108319670422
APT,2024-01-30,9.21722005137348,9.499403979071,9.01269053099892,9.07128333567595,105737099.695013,11439584.2036312,105.737099695013
APT,2024-01-31,9.07128333567595,9.19995453892888,8.70003117396161,8.84430886431069,108679586.748588,12152740.7482154,108.679586748588
APT,2024-02-01,8.84430886431069,9.23117117678194,8.59609429969119,9.23117117654829,121666762.297176,13529559.591166,121.666762297176
APT,2024-02-02,9.23117117654829,9.50537323347934,9.13238859035788,9.40949501316955,131473736.783585,14084579.4925254,131.473736783585
APT,2024-02-03,9.40949501316955,9.73225888942822,9.13833178277632,9.15574144523854,105344618.997857,11069633.4517,105.344618997857
APT,2024-02-04,9.15574144523854,9.16955681219862,8.80382428082063,8.8365614458037,68561756.1341832,7645937.48482134,68.5617561341832
APT,2024-02-05,8.8365614458037,9.0685378755754,8.56277587305987,8.66200870383163,98135357.0646593,11092937.6326139,98.1353570646593
APT,2024-02-06,8.66200870383163,8.71675058515982,8.50616581456863,8.5980615188417,63009098.5503704,7311415.54801137,63.0090985503704
APT,2024-02-07,8.5980615188417,8.85972927270101,8.48330224126555,8.78973883415206,82389528.0763867,9548289.19783489,82.38952807638671
APT,2024-02-08,8.78973883415206,8.93273764069558,8.7173625764984,8.76083764986362,73700455.5733854,8337055.08728111,73.7004555733854
APT,2024-02-09,8.76083764986362,9.16415301960794,8.7324739357109,9.09530314877177,102691777.566545,11443057.8868533,102.691777566545
APT,2024-02-10,9.09530314877177,9.26167859877953,9.00117529506765,9.0786042294028,78004071.5678588,8550431.83608449,78.0040715678588
APT,2024-02-11,9.0786042294028,9.27862094946166,8.97132994938008,9.04942146665455,75251608.0233801,8251846.64221356,75.2516080233801
APT,2024-02-12,9.04942146665455,9.28857014020916,8.76387242704216,9.16617984641361,128182207.408873,14153228.5333621,128.182207408873
APT,2024-02-13,9.16617984641361,9.28613514839886,8.89692657813202,9.21153621945084,128387259.95781,14071719.6120643,128.38725995781
APT,2024-02-14,9.21153621945084,9.58440963585506,9.06523810869959,9.45186295977173,129223028.795369,13773039.8787416,129.223028795369
APT,2024-02-15,9.45186295977173,10.7901309441284,9.43114113211263,10.1879778259603,337278567.449888,33146415.4436242,337.278567449888
APT,2024-02-16,10.1879778259603,10.3364589948292,9.6727222639959,9.81293245839031,168652734.601927,16862426.2539973,168.65273460192702
APT,2024-02-17,9.81293245839031,9.83471957097009,9.25588712350315,9.70185613877243,115460433.646329,12088338.5696114,115.460433646329
APT,2024-02-18,9.70185613877243,9.80379765030569,9.52332615866917,9.71039324850233,111810560.57864,11566541.1626568,111.81056057864
APT,2024-02-19,9.71039324850233,10.2554233156504,9.70940058430658,10.1280253498011,209590849.224566,21027075.1831615,209.590849224566
APT,2024-02-20,10.1280253498011,10.1588434875997,9.22433068296786,9.6443371759184,180758668.779897,18593848.3746771,180.758668779897
APT,2024-02-21,9.6443371759184,9.85572711330951,8.88286075466833,9.24176083602781,150292724.490656,16209841.263779,150.29272449065598
APT,2024-02-22,9.24176083602781,9.49186929040717,8.94055706086872,9.22663065432581,104026589.678844,11224479.1890534,104.026589678844
APT,2024-02-23,9.22663065432581,9.33629812156027,8.90087800948448,9.12088300199447,91378891.4091546,10002217.0549727,91.37889140915459
APT,2024-02-24,9.12088300199447,9.49368487594269,9.04194588377949,9.47289488976964,80861813.7819901,8643802.66612626,80.8618137819901
APT,2024-02-25,9.47289488976964,9.7122517880303,9.31714010621677,9.65811746473454,82103793.1351242,8626007.92479681,82.1037931351242
APT,2024-02-26,9.65811746473454,10.3812494800679,9.33369708468759,10.1548930453203,160907847.113581,16291053.2921523,160.907847113581
APT,2024-02-27,10.1548930453203,10.384307546355,9.76087472664212,9.95680783614303,132413026.493844,13174120.7951419,132.413026493844
APT,2024-02-28,9.95680783614303,12.8131425567679,9.9003603083052,12.3706457531375,623605803.897417,53391810.3798362,623.605803897417
APT,2024-02-29,12.3706457531375,13.0912488299354,11.3969543612256,11.7345210720265,474574906.676579,39002648.0856654,474.574906676579
APT,2024-03-01,11.7345210720265,12.0061614525607,11.4557131660134,11.8685969251077,230825955.250893,19705557.9094633,230.825955250893
APT,2024-03-02,11.8685969251077,12.2482003077362,11.5489800765155,12.1560534179382,202342418.153788,16887531.9265577,202.342418153788
APT,2024-03-03,12.1560534179382,12.3858612314445,11.1857492870981,11.6109257213024,220889988.026766,18814028.5336423,220.889988026766
APT,2024-03-04,11.6109257213024,12.6299728745509,11.4684759645722,12.091067217657,304486248.043479,25420821.4272103,304.486248043479
APT,2024-03-05,12.091067217657,13.8878846757755,11.8651910719522,13.6937334654423,661048821.956176,51509987.7474924,661.0488219561761
APT,2024-03-06,13.6937334654423,14.5661935207207,12.9062643216441,13.7223387766148,437979237.648946,32042840.3756544,437.97923764894597
APT,2024-03-07,13.7223387766148,13.9605540456354,13.1553842554951,13.2723873305725,280905709.974767,20789986.8002946,280.90570997476703
APT,2024-03-08,13.2723873305725,13.5677496001723,12.6746254901013,13.2512114818356,191678486.145258,14558838.9702239,191.678486145258
APT,2024-03-09,13.2512114818356,13.879304169524,13.0936695624526,13.1764062707126,159548175.362183,11867261.1420144,159.548175362183
APT,2024-03-10,13.1764062707126,13.4461137696975,12.4450262881918,12.7599731980862,145395647.645148,11219779.6234709,145.39564764514802
APT,2024-03-11,12.7599731980862,13.6385112627719,12.2066042765728,13.5368214943135,186422991.223858,14181296.5195953,186.422991223858
APT,2024-03-12,13.5368214943135,13.7631870772938,12.5624147788521,13.4197082934979,178128533.501347,13448753.1913817,178.128533501347
APT,2024-03-13,13.4197082934979,13.7959671474128,12.8523152275671,13.15359839886,179646744.566894,13559117.8030896,179.646744566894
APT,2024-03-14,13.15359839886,14.4421463380624,13.0883314391289,14.2972116945028,426052914.508063,30869039.4986988,426.052914508063
APT,2024-03-15,14.2972116945028,15.1863627998625,12.1665629944493,15.1305591100319,436842134.828381,32265458.9776752,436.842134828381
APT,2024-03-16,15.1305591100319,15.6602701750465,12.93229095565,13.2983640134617,433918107.417558,29731445.7011118,433.918107417558
APT,2024-03-17,13.2983640134617,15.7222400066941,13.2518934217986,14.0241699561106,436286742.05638,30605480.8721805,436.28674205638
APT,2024-03-18,14.0241699561106,15.4422366826829,13.7211467924217,14.4348938970296,395138887.553542,26894037.1591638,395.138887553542
APT,2024-03-19,14.4348938970296,16.7325169977822,13.561941006677,15.4582130187672,842000456.918905,54947868.1670589,842.000456918905
APT,2024-03-20,15.4582130187672,15.9555030257032,14.0420828859792,15.5960107845917,469636651.276218,31368444.9333959,469.636651276218
APT,2024-03-21,15.5960107845917,16.3662832490229,14.7827085824929,15.0350374674917,350243671.545721,22844123.2420826,350.243671545721
APT,2024-03-22,15.0350374674917,16.9748151209985,14.8070395033201,16.2658864549488,482970375.849252,30099783.5091596,482.970375849252
APT,2024-03-23,16.2658864549488,16.3303737484231,15.4909649439322,16.1542984048096,224112876.469545,14130705.7227552,224.112876469545
APT,2024-03-24,16.1542984048096,16.8369426769989,15.8131643877643,16.3451184390495,258941665.777294,15858303.1778376,258.941665777294
APT,2024-03-25,16.3451184390495,17.3657329303714,15.7840838764805,17.3335272460522,310654530.538096,18887555.3571276,310.654530538096
APT,2024-03-26,17.3335272460522,19.3397944045496,17.0221216836258,18.070050807841,520918796.84636,28472359.351011,520.91879684636
APT,2024-03-27,18.070050807841,18.8721979402472,17.4540672481106,17.6793089225328,379078363.493559,20927910.009206,379.078363493559
APT,2024-03-28,17.6793089225328,18.2718750597879,16.9351106887042,17.3787045778078,273827727.074941,15533157.6144283,273.827727074941
APT,2024-03-29,17.3787045778078,17.3904729019476,16.7853412587902,17.222224271714,191671413.905572,11228209.479663,191.671413905572
APT,2024-03-30,17.222224271714,17.7082584120094,16.5387555759251,16.6198888561501,163696174.629264,9558838.25932687,163.696174629264
APT,2024-03-31,16.6198888561501,17.2087478111761,16.397744848045,17.0863185696868,154293814.077375,9230618.96626012,154.293814077375
APT,2024-04-01,17.0863185696868,17.8996426541392,16.4390063702213,16.6948604685231,439772983.270865,25558076.0888575,439.77298327086504
APT,2024-04-02,16.6948604685231,16.695088800853,14.6573727195867,14.7037307473282,324401329.58042,21136928.042638,324.40132958042
APT,2024-04-03,14.7037307473282,14.9317795959262,13.7217313694248,14.1519572513368,352437909.250533,24576446.9956715,352.437909250533
APT,2024-04-04,14.1519572513368,14.7450750974417,13.849044573613,14.1621196521699,153150393.477435,10732077.9362218,153.150393477435
APT,2024-04-05,14.1621196521699,14.1654083518495,12.6154022133593,13.154547205348,267286594.805777,20297247.9979016,267.286594805777
APT,2024-04-06,13.154547205348,13.5331136908623,12.8970303487892,13.2226406254299,151513792.37047,11496068.3490541,151.51379237047
APT,2024-04-07,13.2226406254299,13.8396221057851,13.1104638374602,13.6346935991247,137686472.90971,10133822.0410575,137.68647290970998
APT,2024-04-08,13.6346935991247,14.4035382808537,13.2544777275672,14.2651481593844,164557707.875121,11795124.6136589,164.557707875121
APT,2024-04-09,14.2651481593844,14.2999688631845,12.6841954963024,12.7322833994979,178188196.898526,13215691.9777088,178.188196898526
APT,2024-04-10,12.7322833994979,12.8047199023387,11.6068785520661,12.2292066240845,272514547.024215,22370144.9698005,272.514547024215
APT,2024-04-11,12.2292066240845,12.529575195511,11.7342318310421,11.8609066006353,156186190.139591,12877535.4423677,156.18619013959102
APT,2024-04-12,11.8609066006353,12.2179276818563,8.7696074917361,9.78637204989173,309986145.229138,29324837.2899927,309.986145229138
APT,2024-04-13,9.78637204989173,10.4144820417012,7.5453637354393,8.78236239622425,407969441.774121,44445553.8955011,407.969441774121
APT,2024-04-14,8.78236239622425,9.76118026250647,8.4389506330315,9.59356501462128,251887954.915136,27531717.5274233,251.88795491513602
APT,2024-04-15,9.59356501462128,9.95824283509315,8.81844313993245,9.13548735816375,215306371.878732,22816364.2645593,215.306371878732
APT,2024-04-16,9.13548735816375,9.37976429046963,8.60789943805147,9.25591382146829,159586439.498485,17753108.4599259,159.586439498485
APT,2024-04-17,9.25591382146829,9.64540833999235,8.87124613576368,9.1449152147192,159187555.311793,17244940.820837,159.187555311793
APT,2024-04-18,9.1449152147192,9.66637443149136,8.82530829158644,9.50043193069338,155964907.62664,16773417.1179258,155.96490762663998
APT,2024-04-19,9.50043193069338,9.6887967588548,8.62552992348742,9.4188557881637,156245303.330161,16717578.0760904,156.245303330161
APT,2024-04-20,9.4188557881637,10.2851945639539,9.28712818488869,10.2446544047869,108540000.668866,11077425.6419665,108.540000668866
APT,2024-04-21,10.2446544047869,10.2827979419212,9.67879010777462,10.0077022834336,88197708.2793747,8820284.79878294,88.19770827937471
APT,2024-04-22,10.0077022834336,10.405496657348,9.88946489276343,10.1885927327328,128275992.014633,12610197.8299582,128.275992014633
APT,2024-04-23,10.1885927327328,10.2939519615267,9.68718687386857,9.77700558269611,142756077.318811,14370420.6448382,142.756077318811
APT,2024-04-24,9.77700558269611,10.0261375544219,9.0665701775698,9.14944201669035,164812962.417739,17188219.5981822,164.81296241773902
APT,2024-04-25,9.14944201669035,9.23738746539157,8.76543700520864,9.02978176559707,117945806.752856,13104313.1375523,117.945806752856
APT,2024-04-26,9.02978176559707,9.11509038093262,8.73947141506105,8.849377030792,101379444.016003,11370687.8092769,101.37944401600299
APT,2024-04-27,8.849377030792,9.10553234055335,8.49646656672622,9.00473491430151,92846357.1342494,10524561.02492,92.8463571342494
APT,2024-04-28,9.00473491430151,9.23165313237709,8.94043464399797,8.98945535218631,70907249.9863857,7796428.09334274,70.90724998638571
APT,2024-04-29,8.98945535218631,9.1943291186071,8.79745353879494,9.10743135573512,120315227.347344,13411792.6261078,120.31522734734399
APT,2024-04-30,9.10743135573512,9.27884549949312,8.15495598510391,8.70208363710292,170013569.756629,19774871.9620612,170.01356975662898
APT,2024-05-01,8.70208363710292,8.96416143187492,8.17042219566561,8.93444763778927,202625076.76543,23663953.5239093,202.62507676543
APT,2024-05-02,8.93444763778927,8.98040693103764,8.47246414386923,8.87102953356958,113776050.665839,12978696.2527219,113.77605066583901
APT,2024-05-03,8.87102953356958,9.21514433638585,8.82003104510016,9.10847125497347,122793823.680297,13566725.1148829,122.793823680297
APT,2024-05-04,9.10847125497347,9.33234621837359,9.03488002972062,9.12046135585453,102699156.146988,11199202.2141544,102.699156146988
APT,2024-05-05,9.12046135585453,9.29895853295032,8.93851627038087,9.26719274724407,76002190.0719778,8334439.65258977,76.0021900719778
APT,2024-05-06,9.26719274724407,9.59251646453392,9.01274193916732,9.02338498620031,124877393.183953,13472217.5489356,124.877393183953
APT,2024-05-07,9.02338498620031,9.16377133854526,8.77752562135968,8.79047204114655,92297261.4658927,10261925.6225494,92.2972614658927
APT,2024-05-08,8.79047204114655,8.82209812498169,8.50925838852787,8.59601224794434,104150517.256113,12029922.7230965,104.15051725611299
APT,2024-05-09,8.59601224794434,8.91587911277905,8.39369244412252,8.82154067382755,86386062.9788481,9993589.97947519,86.3860629788481
APT,2024-05-10,8.82154067382755,8.93345954997988,8.38353064881735,8.47105308434004,91951944.8966412,10627824.6361967,91.9519448966412
APT,2024-05-11,8.47105308434004,8.57762885627288,8.32530963609376,8.39445908951439,58621063.1551216,6937831.20124638,58.621063155121604
APT,2024-05-12,8.39445908951439,8.51433668900297,8.32579014535412,8.3594256261528,52322010.7230297,6218583.26177744,52.322010723029706
APT,2024-05-13,8.3594256261528,8.54021056907466,7.92831632325627,8.19722592191439,132791224.518089,16028409.5138701,132.791224518089
APT,2024-05-14,8.19722592191439,8.25691513352553,7.78577155415296,7.8158265642786,97565092.4785853,12185200.5222662,97.5650924785853
APT,2024-05-15,7.8158265642786,8.58674291343073,7.7346357097607,8.50266114170642,107061281.474929,13124638.1096471,107.061281474929
APT,2024-05-16,8.50266114170642,8.6013648431153,8.12620272291447,8.3909973776146,97730877.6399379,11628282.5094256,97.73087763993789
APT,2024-05-17,8.3909973776146,8.71959485771235,8.29015356161026,8.59325377034929,99644684.3140373,11694129.5373558,99.64468431403729
APT,2024-05-18,8.59325377034929,8.74293592964287,8.47339767296694,8.5831318085066,71610805.402596,8312338.61490408,71.610805402596
APT,2024-05-19,8.5831318085066,8.69106425495548,8.10481084627625,8.131264561602,67272412.9733694,8032437.29288283,67.2724129733694
APT,2024-05-20,8.131264561602,9.10781343528121,8.03072100197387,9.10087947541439,141035844.251483,16478714.8359512,141.03584425148298
APT,2024-05-21,9.10087947541439,9.43695014391379,8.90619698055682,9.32169459999926,189196912.065439,20534419.4805637,189.196912065439
APT,2024-05-22,9.32169459999926,9.37436057684529,8.91296685369293,8.99707174656338,131009122.723216,14355024.404964,131.009122723216
APT,2024-05-23,8.99707174656338,9.18532479478944,8.45219282512705,8.92981741441864,182377482.971229,20649535.4979139,182.377482971229
APT,2024-05-24,8.92981741441864,9.1964410035623,8.70611137381902,8.9627473106606,135294256.642836,15113011.5449896,135.29425664283602
APT,2024-05-25,8.9627473106606,9.17327743114077,8.9065049209619,9.09003678755119,76722087.3288929,8469462.03820136,76.7220873288929
APT,2024-05-26,9.09003678755119,9.20299794564037,8.92483790140102,9.05275848842331,77611797.4810802,8549728.09711804,77.6117974810802
APT,2024-05-27,9.05275848842331,9.74063794042911,9.04467067088151,9.66512881188199,128177313.453414,13597963.7764318,128.177313453414
APT,2024-05-28,9.66512881188199,9.70102550945764,9.23429644492743,9.36100117561088,149769104.917346,15847005.7864492,149.769104917346
APT,2024-05-29,9.36100117561088,9.53435870932478,9.0517271712389,9.08632370923699,105527599.926578,11399333.9419085,105.527599926578
APT,2024-05-30,9.08632370923699,9.48376979842517,8.86711354943208,9.19008164669665,112289312.547318,12202434.5900095,112.28931254731799
APT,2024-05-31,9.19008164669665,9.27418486789879,8.97784908307054,9.14284091640059,88887780.3089588,9718934.23295946,88.8877803089588
APT,2024-06-01,9.14284091640059,9.16744162878148,9.02035882341365,9.067007241279,50354216.6802457,5543114.15703368,50.3542166802457
APT,2024-06-02,9.067007241279,9.15308407164992,8.79767047016291,8.92446023058968,64785647.652133,7199169.7737625,64.78564765213301
APT,2024-06-03,8.92446023058968,9.16344338664239,8.80438220404464,8.92119313969736,89663554.4093726,9935841.81988184,89.6635544093726
APT,2024-06-04,8.92119313969736,9.23731675623867,8.75979816836612,9.1553278693512,91184261.8653493,10144516.2949618,91.1842618653493
APT,2024-06-05,9.1553278693512,9.37446270408073,9.15532687860597,9.31206844060065,91455000.3274306,9877994.0849913,91.45500032743061
APT,2024-06-06,9.31206844060065,9.3188320578271,8.93606534757523,9.09562809275382,74898653.0308881,8167504.66172997,74.8986530308881
APT,2024-06-07,9.09562809275382,9.38594566220016,7.94392043255169,8.59660942510944,184111756.696961,20974749.1544159,184.11175669696098
APT,2024-06-08,8.59660942510944,8.60005271275581,8.05476322640887,8.18708233007645,104067888.213298,12557491.0765763,104.06788821329799
APT,2024-06-09,8.18708233007645,8.62477493285879,8.07162037205242,8.59952609948051,73728621.7383963,8813308.68496455,73.7286217383963
APT,2024-06-10,8.59952609948051,8.62326165617138,8.21614867133339,8.27647773998808,117036004.837568,13921077.6664197,117.036004837568
APT,2024-06-11,8.27647773998808,8.32618340898276,7.7488805770794,7.96578977905617,266784417.367982,33288602.9549805,266.784417367982
APT,2024-06-12,7.96578977905617,8.55664527282154,7.82528020056521,8.24651195347406,154076548.16532,18760301.3482267,154.07654816532002
APT,2024-06-13,8.24651195347406,8.25633116440834,7.78775893241131,7.88643823050203,127124804.790174,15908124.9339716,127.12480479017401
APT,2024-06-14,7.88643823050203,8.09860602446951,7.44204893922747,7.69087139012091,129547399.432971,16638507.5626666,129.547399432971
APT,2024-06-15,7.69087139012091,7.93608981311629,7.64601904338144,7.88352279577923,72985065.7701501,9317288.77069693,72.9850657701501
APT,2024-06-16,7.88352279577923,7.96187192889696,7.74158187500735,7.90151950147313,59782932.9487161,7600636.71796207,59.782932948716095
APT,2024-06-17,7.90151950147313,7.93632485031799,7.25706257224493,7.44494156377502,142835143.446772,18837577.1302661,142.835143446772
APT,2024-06-18,7.44494156377502,7.46127407874977,6.48077849766969,6.82714845633687,254699176.274219,37503745.932935,254.699176274219
APT,2024-06-19,6.82714845633687,7.12470162557181,6.74821095506845,6.90576416239455,137867557.225692,19833448.3895704,137.867557225692
APT,2024-06-20,6.90576416239455,7.17394539011623,6.71336657085687,6.90639214566453,149192582.135321,21452473.8786297,149.192582135321
APT,2024-06-21,6.90639214566453,7.04358656977748,6.80478884061576,6.93656997732896,126884891.105902,18289042.9296446,126.884891105902
APT,2024-06-22,6.93656997732896,6.94119621281382,6.81658038234751,6.85763374324865,60552534.6791025,8802555.16180091,60.5525346791025
APT,2024-06-23,6.85763374324865,6.98739101113088,6.68405153230029,6.74469049925315,61271081.8776878,8929224.60040349,61.2710818776878
APT,2024-06-24,6.74469049925315,6.95902627413255,6.45283136039521,6.95446878529076,157476418.498835,23449306.6897005,157.476418498835
APT,2024-06-25,6.95446878529076,7.10620041857361,6.84131881914144,6.95227427025924,105109509.910801,15068350.029839,105.109509910801
APT,2024-06-26,6.95227427025924,7.01267577678573,6.71019658579718,6.84629489909247,74633178.2636369,10885899.7927096,74.6331782636369
APT,2024-06-27,6.84629489909247,7.09465495077454,6.7345228248977,7.02787962688111,73838281.129726,10664395.4921058,73.838281129726
APT,2024-06-28,7.02787962688111,7.12190257795295,6.83867676739076,6.84554467811236,75006494.2097343,10714838.5074241,75.0064942097343
APT,2024-06-29,6.84554467811236,7.04485236629278,6.83606841383813,6.89030931912098,49182825.0863246,7065287.18284405,49.182825086324605
APT,2024-06-30,6.89030931912098,7.08119477587589,6.78888419193116,7.06873862386064,58112518.7289474,8399652.64654949,58.1125187289474
APT,2024-07-01,7.06873862386064,7.2344999039315,7.0005170689887,7.05170217907593,76693032.8325181,10768747.3937708,76.6930328325181
APT,2024-07-02,7.05170217907593,7.07576926966447,6.84091870072125,6.95111563284833,68948400.1998178,9909488.34247965,68.94840019981781
APT,2024-07-03,6.95111563284833,6.99035378231951,6.55117536458398,6.59410956310304,89726502.4004013,13323095.4211852,89.72650240040129
APT,2024-07-04,6.59410956310304,6.65294541085415,5.95580253755084,5.9793798042908,126168180.851652,20127961.463399,126.168180851652
APT,2024-07-05,5.9793798042908,5.98922005212506,5.24758440728414,5.55711394309613,219205881.024695,39573481.7656766,219.205881024695
APT,2024-07-06,5.55711394309613,6.06454185238058,5.48778918427335,5.97910078860998,72528152.9838307,12617336.6797986,72.52815298383071
APT,2024-07-07,5.97910078860998,5.99519023576525,5.56440101255979,5.59351738867733,72259443.7480249,12436565.576614,72.25944374802489
APT,2024-07-08,5.59351738867733,5.9755756531757,5.33997329890382,5.83752252926798,145921730.375034,25530490.5049375,145.921730375034
APT,2024-07-09,5.83752252926798,6.054773765,5.74773499103078,6.02560095380571,77988738.8691984,13217413.7428337,77.9887388691984
APT,2024-07-10,6.02560095380571,6.25747607421019,5.95110021088213,6.1532158770084,62510555.9512391,10247175.1681701,62.5105559512391
APT,2024-07-11,6.1532158770084,6.38720916628802,6.02308819740622,6.039721766855,61911489.0333826,10009662.130609,61.9114890333826
APT,2024-07-12,6.039721766855,6.14590354120728,5.91323615158879,6.11174690166776,58090528.6663271,9633662.09717131,58.090528666327096
APT,2024-07-13,6.11174690166776,6.41261079032029,6.10898198580675,6.34946301620628,48414582.6936829,7731847.61536954,48.4145826936829
APT,2024-07-14,6.34946301620628,6.71086042684144,6.33389468159037,6.64194147468761,61546548.8921036,9376741.15061139,61.546548892103594
APT,2024-07-15,6.64194147468761,7.00593017612072,6.62242811129664,6.99224499100422,84890501.6390561,12576503.4068745,84.8905016390561
APT,2024-07-16,6.99224499100422,7.16838361101226,6.61828399229434,7.07250341267001,100070393.75208,14402947.4123002,100.07039375208
APT,2024-07-17,7.07250341267001,7.37506127310531,7.05448702319468,7.05862982331829,95653414.9808995,13280514.050821,95.6534149808995
APT,2024-07-18,7.05862982331829,7.14784717999051,6.84178085645273,6.99844873113916,80010438.87698,11419275.6575643,80.01043887698
APT,2024-07-19,6.99844873113916,7.49684363820092,6.85554080156952,7.45671582599576,95485821.6863691,13253012.486035,95.4858216863691
APT,2024-07-20,7.45671582599576,7.49314162178083,7.26461191209048,7.3647095052206,61134636.3562135,8261586.23869803,61.134636356213505
APT,2024-07-21,7.3647095052206,7.55150717110432,7.09496841852195,7.48600323050721,76391928.8773524,10383216.8247737,76.3919288773524
APT,2024-07-22,7.48600323050721,7.65391852325723,7.16254259674522,7.21862331440306,248980786.764698,33795083.6066457,248.980786764698
APT,2024-07-23,7.21862331440306,7.33567279818959,6.93085770416066,7.14577560541411,80131535.3928695,11197379.8118156,80.13153539286951
APT,2024-07-24,7.14577560541411,7.19940302784424,6.77331259734961,6.81111343311514,59997682.7743292,8560583.41000174,59.9976827743292
APT,2024-07-25,6.81111343311514,6.83597810813732,6.42610565092679,6.61723397021614,79953505.8252714,12042030.955887,79.95350582527139
APT,2024-07-26,6.61723397021614,6.98709414927596,6.60760842887555,6.97637778046347,56671105.794912,8303703.61381662,56.671105794912
APT,2024-07-27,6.97637778046347,7.35443909308919,6.97516575247834,7.13983912237876,73273501.3143619,10226782.6234008,73.2735013143619
APT,2024-07-28,7.13983912237876,7.13985630756931,6.78704784342641,6.84573041744263,50380367.6018501,7237419.7172711,50.3803676018501
APT,2024-07-29,6.84573041744263,7.092071864502,6.72375047448856,6.75936405130786,70213535.6967753,10165178.9142826,70.2135356967753
APT,2024-07-30,6.75936405130786,6.87824659452505,6.51138225279645,6.59537664677993,60210520.9089318,8956498.11739435,60.2105209089318
APT,2024-07-31,6.59537664677993,6.69149180909486,6.38652222062759,6.41421428996132,65016125.3458296,9903034.06739429,65.0161253458296
APT,2024-08-01,6.41421428996132,6.46779879122665,6.06031497762404,6.40922167120314,81303440.6067407,12925354.7933673,81.3034406067407
APT,2024-08-02,6.40922167120314,6.47738138375931,5.91686129246457,6.00911611148923,78151068.107814,12686381.381988,78.151068107814
APT,2024-08-03,6.00911611148923,6.02429778751263,5.4631519081869,5.57701294222576,82326039.9781447,14242233.9141624,82.3260399781447
APT,2024-08-04,5.57701294222576,5.63006162452423,5.14220892313318,5.34354248861324,77962877.3667628,14347590.6923846,77.9628773667628
APT,2024-08-05,5.34354248861324,5.38969840708322,4.35888828106757,4.98682929675016,259485444.097763,54626098.4850344,259.485444097763
APT,2024-08-06,4.98682929675016,5.31064659243011,4.98145062771299,5.1370878263984,99963402.9752236,19255361.6084795,99.9634029752236
APT,2024-08-07,5.1370878263984,5.37191568737334,4.95281985972545,5.08444792794925,93361995.27033,18106056.4352994,93.36199527033
APT,2024-08-08,5.08444792794925,5.7701687832955,4.99677598362178,5.76863219412475,74853140.2423954,13904991.003567,74.8531402423954
APT,2024-08-09,5.76863219412475,5.89472440442444,5.63422298455216,5.75554419126476,79882059.1889609,13904262.0557722,79.8820591889609
APT,2024-08-10,5.75554419126476,6.39399420469154,5.69473097110367,6.27312097683665,86528640.934329,14244319.4913514,86.528640934329
APT,2024-08-11,6.27312097683665,6.29025383272382,5.73573333183541,5.73585681554331,62694317.8610234,10372969.7967539,62.69431786102341
APT,2024-08-12,5.73585681554331,6.864662970234,5.73124315968182,6.45659181995525,176576467.982122,27567730.5958429,176.576467982122
APT,2024-08-13,6.45659181995525,6.94346639100428,6.17418667905366,6.80579886184864,112889380.605569,17278203.351597,112.889380605569
APT,2024-08-14,6.80579886184864,6.97330602467383,6.59949031935047,6.69858904545768,94491354.7478497,13942711.3336297,94.4913547478497
APT,2024-08-15,6.69858904545768,6.76457221934621,6.12816889243599,6.23405126130258,114577028.224919,17764528.8979118,114.577028224919
APT,2024-08-16,6.23405126130258,6.50855519102089,5.79888341263092,5.92930343168732,103737767.566838,16959820.5215179,103.737767566838
APT,2024-08-17,5.92930343168732,5.98135208927445,5.79359873768605,5.82367785632647,59229511.8430745,10081417.7273401,59.2295118430745
APT,2024-08-18,5.82367785632647,5.98342183863789,5.77981565001292,5.79027821404322,65831134.2346601,11227983.9685101,65.8311342346601
APT,2024-08-19,5.79027821404322,6.06499522468121,5.73708629114071,6.05710355756787,103470281.327233,17469944.4268723,103.470281327233
APT,2024-08-20,6.05710355756787,6.46029628919712,5.97082298573545,6.06683997485663,79768969.9165111,12962721.2720035,79.7689699165111
APT,2024-08-21,6.06683997485663,6.37817649517748,6.03029843754175,6.35837459583864,77772753.4806437,12525672.7196084,77.7727534806437
APT,2024-08-22,6.35837459583864,6.51530235594492,6.25099110855658,6.50984392122682,59178553.6247023,9268054.65151026,59.178553624702296
APT,2024-08-23,6.50984392122682,7.1959920352535,6.49698663109698,7.10146959928162,105019282.573278,15225758.4407486,105.01928257327799
APT,2024-08-24,7.10146959928162,7.39409179295034,7.05507958172693,7.15476206530496,81706328.2599313,11355113.0914421,81.7063282599313
APT,2024-08-25,7.15476206530496,7.47870431611473,6.82940906662566,7.3429631309396,103673949.802394,14423499.5883913,103.673949802394
APT,2024-08-26,7.3429631309396,7.38544873957543,6.95742184943022,7.01859440099938,83478762.6219233,11677530.1519639,83.4787626219233
APT,2024-08-27,7.01859440099938,7.56388169742546,6.7248027690816,6.84886258395627,194970891.710303,27026131.2544707,194.97089171030302
APT,2024-08-28,6.84886258395627,7.28857544093347,6.51190214573921,6.74507120994701,177666831.558408,25899403.8644945,177.666831558408
APT,2024-08-29,6.74507120994701,7.27517619192689,6.60586973740969,6.80351063169586,134493975.250729,19508155.1151157,134.493975250729
APT,2024-08-30,6.80351063169586,7.02520232844845,6.38451737077383,6.72028496705369,151146789.353021,22418499.3948863,151.146789353021
APT,2024-08-31,6.72028496705369,6.80096552026161,6.39786119198954,6.49504994443777,63801707.6166141,9620490.65930541,63.8017076166141
APT,2024-09-01,6.49504994443777,6.52169053686122,6.13074375780441,6.17792187343518,68831008.3018187,10919813.7984327,68.8310083018187
APT,2024-09-02,6.17792187343518,6.45652695133917,6.12103797682524,6.36488364217923,87823651.3292056,14003179.9172971,87.8236513292056
APT,2024-09-03,6.36488364217923,6.48053508429629,6.06902740945341,6.13980261003852,71673671.8484291,11472573.0858602,71.6736718484291
APT,2024-09-04,6.13980261003852,6.33415236377438,5.87622391255818,6.13516248954296,71085335.4683374,11599434.990078,71.0853354683374
APT,2024-09-05,6.13516248954296,6.15171330208586,5.68613120346557,5.78527919573499,72112020.7251316,12305574.6144092,72.1120207251316
APT,2024-09-06,5.78527919573499,5.91942186664232,5.50314365863194,5.70938385878617,97845255.0931136,17026352.8454836,97.84525509311361
APT,2024-09-07,5.70938385878617,5.97814953143754,5.70575250374453,5.86414481655283,48373801.2088752,8270459.89065473,48.3738012088752
APT,2024-09-08,5.86414481655283,6.11006783510753,5.80506506703469,6.04650046130986,56460705.8721738,9471119.61049518,56.460705872173804
APT,2024-09-09,6.04650046130986,6.40566839051391,6.02509968332088,6.30709751351973,60487907.7722082,9779316.30163528,60.487907772208196
APT,2024-09-10,6.30709751351973,6.33710254548389,6.13989714092662,6.28075939782044,60851250.3880172,9774685.87482243,60.8512503880172
APT,2024-09-11,6.28075939782044,6.30508732353092,5.96646781044537,6.10595192961166,80840509.0699868,13217909.1894582,80.84050906998681
APT,2024-09-12,6.10595192961166,6.23828463625618,6.06755864244876,6.18899698357598,60741745.0081258,9863816.38648093,60.7417450081258
APT,2024-09-13,6.18899698357598,6.34917293624417,6.10631340539123,6.3110125595797,52238369.7735171,8408034.68108755,52.2383697735171
APT,2024-09-14,6.3110125595797,6.35949746390974,5.9961965640327,6.0664986028773,46236128.4407987,7492808.54252402,46.2361284407987
APT,2024-09-15,6.0664986028773,6.17267179139238,5.84670727230785,5.88506503695591,47123822.5730735,7771922.17948344,47.1238225730735
APT,2024-09-16,5.88506503695591,5.89261023071786,5.67108670411636,5.75061508680117,56895034.9178652,9859714.93767866,56.8950349178652
APT,2024-09-17,5.75061508680117,6.01058588998979,5.69754014736667,5.94152088885603,66329636.1344343,11238516.3380972,66.3296361344343
APT,2024-09-18,5.94152088885603,6.22563991761468,5.71345369753683,6.22563988948301,84961875.6734417,14349949.2581646,84.9618756734417
APT,2024-09-19,6.22563988948301,6.95244808159342,6.22563988948301,6.81049782158643,157305007.863692,23876009.6523869,157.305007863692
APT,2024-09-20,6.81049782158643,7.44472337003641,6.70868360837414,7.31018352352882,176793495.88233,24742930.557047,176.79349588233
APT,2024-09-21,7.31018352352882,8.3625190578923,7.20153268691256,8.25040941875034,221277256.383696,28043103.3419992,221.277256383696
APT,2024-09-22,8.25040941875034,8.25123728709898,7.75914958856059,7.96640614940393,126380223.37856,15908814.883468,126.38022337856
APT,2024-09-23,7.96640614940393,8.11039936979884,7.67662451999938,7.95761667941057,129952677.92044,16498868.4768044,129.95267792044
APT,2024-09-24,7.95761667941057,8.38661572788003,7.7045737562409,8.15727221819407,180832957.759913,22626050.7073489,180.832957759913
APT,2024-09-25,8.15727221819407,8.43121365123279,7.93857996423825,8.01232056262762,172019808.394985,21092598.4855304,172.01980839498498
APT,2024-09-26,8.01232056262762,8.62181851280181,7.86848451920138,8.07131375433876,216401113.59427,26162588.5817498,216.40111359427
APT,2024-09-27,8.07131375433876,8.5835182275767,8.0390809150055,8.5025510917614,129795279.320648,15720281.9925761,129.795279320648
APT,2024-09-28,8.5025510917614,8.5416153940306,7.93759144817175,8.07169376005031,87476160.7514258,10703513.5962827,87.47616075142581
APT,2024-09-29,8.07169376005031,8.29061929229264,7.7614421361412,8.07670297300763,100386703.760175,12489013.4481746,100.38670376017501
APT,2024-09-30,8.07670297300763,8.11477012580273,7.59074272551638,7.67767863230499,123742499.485775,15648510.2449087,123.742499485775
APT,2024-10-01,7.67767863230499,8.36638145523428,7.31569430301692,7.55469827092618,273682899.036978,34887108.2115925,273.68289903697803
APT,2024-10-02,7.55469827092618,7.98033769997267,7.47911687214275,7.79623412682421,233603222.653315,29862215.523249,233.60322265331502
APT,2024-10-03,7.79623412682421,8.70689598926308,7.63466018436315,8.57811595764454,468502954.922393,56470998.5102207,468.50295492239303
APT,2024-10-04,8.57811595764454,9.30712355578754,8.20734542048588,9.10079410576278,357934368.308992,40618194.1631133,357.934368308992
APT,2024-10-05,9.10079410576278,9.20661346436944,8.60294780790159,8.61030920893589,151048549.808959,16880882.6560857,151.048549808959
APT,2024-10-06,8.61030920893589,8.99585631372902,8.49436621582707,8.70866130185881,135537827.727541,15563174.7189025,135.53782772754099
APT,2024-10-07,8.70866130185881,9.31809341531114,8.44819245914321,8.67545223773204,312304290.400298,35313285.4363152,312.304290400298
APT,2024-10-08,8.67545223773204,9.5515269023181,8.67545223773204,9.34247182085127,333675191.255498,36558935.5794822,333.67519125549796
APT,2024-10-09,9.34247182085127,9.44235415281997,8.51493665242968,8.56850261078784,199407141.660028,21971232.6261461,199.407141660028
APT,2024-10-10,8.56850261078784,8.56859140133986,7.86773313049763,8.10683518209789,223069693.92234,27149755.778951,223.06969392234
APT,2024-10-11,8.10683518209789,8.59291072448001,7.94902502603769,8.51590779313356,181970750.184007,21913758.6792116,181.970750184007
APT,2024-10-12,8.51590779313356,9.95584401617528,8.41854278369522,9.93126721234866,316764791.068394,34467979.8578852,316.764791068394
APT,2024-10-13,9.93126721234866,10.4116074161019,9.68246878961451,10.1845240783227,420481934.537196,41871943.833325,420.48193453719597
APT,2024-10-14,10.1845240783227,10.4420569984544,9.91552200685511,10.15478313268,306228343.482843,30256762.3894576,306.228343482843
APT,2024-10-15,10.15478313268,10.7180979675021,9.94544082092093,10.4570711449924,427744594.70045,41363947.112939,427.74459470045
APT,2024-10-16,10.4570711449924,10.4574372430938,9.69787312909019,10.0250292946809,261660006.402402,25908460.5723491,261.660006402402
APT,2024-10-17,10.0250292946809,10.2726820218157,9.73185086968754,9.9269992728706,178658667.745431,17821987.0170681,178.65866774543102
APT,2024-10-18,9.9269992728706,10.1798736188804,9.76440798829073,10.0150841783082,167614020.365077,16872016.0877061,167.61402036507698
APT,2024-10-19,10.0150841783082,10.0178452158223,9.6563274301468,9.71288262860897,92346921.8167145,9435032.99630502,92.3469218167145
APT,2024-10-20,9.71288262860897,10.1847701124863,9.69362415354826,9.99255157333302,125332711.992481,12604268.3005707,125.332711992481
APT,2024-10-21,9.99255157333302,10.2915762194981,9.80082324988201,10.0893770627077,181762906.331534,18062788.863842,181.762906331534
APT,2024-10-22,10.0893770627077,11.1863143506028,10.0085083596919,10.3910986287571,511268062.000881,47527413.8483977,511.268062000881
APT,2024-10-23,10.3910986287571,10.6149962198626,9.67220747519158,9.93287011999976,249768259.593642,24719207.0862217,249.768259593642
APT,2024-10-24,9.93287011999976,10.4039225673497,9.81571422458215,10.1807179990344,240439812.064275,23757276.5617037,240.439812064275
APT,2024-10-25,10.1807179990344,10.2200809378284,8.6315933041292,8.94526845132762,241238998.82103,25279336.0155418,241.23899882102998
APT,2024-10-26,8.94526845132762,9.315290295263,8.72232607944546,9.29631061316505,149597491.854649,16527999.489996,149.597491854649
APT,2024-10-27,9.29631061316505,9.37174386991474,9.06299512753947,9.19589835935322,79473973.0718279,8645449.58830975,79.4739730718279
APT,2024-10-28,9.19589835935322,9.30090791008501,8.71692215301866,9.21413796870157,185862822.068663,20633249.0069499,185.862822068663
APT,2024-10-29,9.21413796870157,10.1779405300437,9.20245221574374,10.0434597875716,237650953.148612,24239673.5514977,237.650953148612
APT,2024-10-30,10.0434597875716,10.1965844992648,9.6918091752127,9.79889036898276,153128724.226904,15457752.5507687,153.128724226904
APT,2024-10-31,9.79889036898276,9.8067200230572,9.08336402474797,9.09218893686358,135563876.047768,14418127.2884896,135.563876047768
APT,2024-11-01,9.09218893686358,9.29490331987568,8.69417895069258,8.94060604215422,149158739.020116,16626139.9848715,149.158739020116
APT,2024-11-02,8.94060604215422,8.96769393835724,8.55173847111239,8.62858599040777,69608998.190336,7990238.95019088,69.60899819033601
APT,2024-11-03,8.62858599040777,8.65726181520872,7.85384384712554,8.19740235733139,140296262.473034,17248391.8321516,140.296262473034
APT,2024-11-04,8.19740235733139,8.35760339012687,7.74845871202536,8.06407146239194,126702148.291754,15560407.1325802,126.70214829175401
APT,2024-11-05,8.06407146239194,8.64408057729166,8.04596698735218,8.46501879370336,139769750.213028,16668515.6136023,139.769750213028
APT,2024-11-06,8.46501879370336,9.71514986745887,8.46325955489907,9.56018727202397,279365194.400075,30359476.1045875,279.36519440007504
APT,2024-11-07,9.56018727202397,9.95828435022808,9.42998294211332,9.82333408691756,204814200.652914,21090980.2077955,204.814200652914
APT,2024-11-08,9.82333408691756,10.0831328401949,9.4374621268686,9.72275912415624,174317680.659631,17974642.1594473,174.317680659631
APT,2024-11-09,9.72275912415624,10.5866835407749,9.55800976889062,10.4359478728285,179841823.596803,18013770.9812655,179.841823596803
APT,2024-11-10,10.4359478728285,11.5040047864467,10.2111618139037,10.9004481611454,502274446.138712,45955561.8150041,502.274446138712
APT,2024-11-11,10.9004481611454,14.0898529746262,10.5766575409694,13.7325279888698,966849196.687118,80493976.6665087,966.849196687118
APT,2024-11-12,13.7325279888698,13.7477598963233,11.6702059634743,12.3859944024916,783381083.11343,62407784.4183588,783.38108311343
APT,2024-11-13,12.3859944024916,12.732744813301,11.2541057186253,11.7391064300021,652468729.967443,54244681.3375551,652.468729967443
APT,2024-11-14,11.7391064300021,12.3503497574303,11.0112193880992,11.2419706073964,372349331.172255,32029923.1264727,372.349331172255
APT,2024-11-15,11.2419706073964,12.2209075985987,11.0337929640876,11.8872016859154,297568345.369243,25465492.0454944,297.56834536924305
APT,2024-11-16,11.8872016859154,12.7535902811721,11.7566605556592,12.3085163628306,325659722.633551,26498414.2264845,325.659722633551
APT,2024-11-17,12.3085163628306,12.7041188161488,11.5301292731789,11.7986019333228,272560427.368027,22453339.2587085,272.560427368027
APT,2024-11-18,11.7986019333228,12.2725668713185,11.5675397641145,12.0613590812473,250341534.964296,20946408.8564022,250.34153496429602
APT,2024-11-19,12.0613590812473,12.3387618426937,11.4537653252841,11.8334308413161,196620987.102245,16638786.173871,196.620987102245
APT,2024-11-20,11.8334308413161,13.4419867786399,11.1370378629882,11.8020316459546,646859167.648193,52358026.6106231,646.859167648193
APT,2024-11-21,11.8020316459546,12.3446185065381,11.2634305078868,12.0763187788164,384842466.73865,32423333.1846389,384.84246673865005
APT,2024-11-22,12.0763187788164,12.497940680245,11.6489044978675,12.4810588089414,345355985.088467,28804049.5264175,345.355985088467
APT,2024-11-23,12.4810588089414,13.2037580146574,12.2917403969691,12.7445939233397,464254659.933818,36544925.8869434,464.254659933818
APT,2024-11-24,12.7445939233397,13.3660859048634,11.6091490989998,12.5182617632358,407999127.483896,33012667.1830193,407.999127483896
APT,2024-11-25,12.5182617632358,12.8193014487307,11.6758523923586,11.8194196773794,415244244.994925,33649890.1146282,415.244244994925
APT,2024-11-26,11.8194196773794,12.1066954426645,10.9471547945478,11.9954584210208,312991282.446674,27014980.7625882,312.991282446674
APT,2024-11-27,11.9954584210208,12.7280733888188,11.7494852069146,12.6634715926574,247052492.990996,20258880.8597553,247.052492990996
APT,2024-11-28,12.6634715926574,13.049587689579,12.2583005029495,12.7750135599624,281391591.672035,22238576.3078403,281.39159167203496
APT,2024-11-29,12.7750135599624,13.3355456199614,12.5604004300519,13.2763540719186,247811560.261374,19079288.4080391,247.81156026137398
APT,2024-11-30,13.2763540719186,13.6537945176917,12.8529365067227,13.3940468661544,264990081.149019,20029704.5223483,264.990081149019
APT,2024-12-01,13.3940468661544,13.9075842599194,12.9167427382252,13.4483668552685,219126783.209135,16337702.7233118,219.126783209135
APT,2024-12-02,13.4483668552685,13.7770313065273,12.3261434409097,13.7225876613239,404516429.312199,31322493.2777583,404.516429312199
APT,2024-12-03,13.7225876613239,14.7249513687941,13.1175115943597,14.5120728002262,707635302.856084,50519954.7382061,707.635302856084
APT,2024-12-04,14.5120728002262,14.8609928729231,13.7182683246983,14.1430087148634,428927080.295344,29830454.0858658,428.927080295344
APT,2024-12-05,14.1430087148634,14.4169847444113,13.1040200933585,13.6449810452753,536115476.277225,38658326.4319106,536.1154762772251
APT,2024-12-06,13.6449810452753,14.7433941633451,13.4833310561074,14.6674922860771,575450837.868631,40216252.8293658,575.450837868631
APT,2024-12-07,14.6674922860771,15.2972917991192,14.4031553565623,14.5896418405637,321446247.09498,21645522.2411264,321.44624709498
APT,2024-12-08,14.5896418405637,14.6423908660798,14.0791248239092,14.4944914510295,182587458.386427,12697276.9352104,182.587458386427
APT,2024-12-09,14.4944914510295,14.4980233061461,11.0133772104718,11.9689358848484,485326327.988811,38125329.751925,485.326327988811
APT,2024-12-10,11.9689358848484,12.1743044208444,10.6740348769275,11.6394122538798,472618659.59121,41344048.7519419,472.61865959121
APT,2024-12-11,11.6394122538798,12.9647310058883,11.1853266571453,12.881031740165,272437058.365533,22443343.1805092,272.437058365533
APT,2024-12-12,12.881031740165,14.1224102282341,12.864131501861,13.674254631566,397253941.725188,29010153.7484379,397.25394172518804
APT,2024-12-13,13.674254631566,14.5333939720288,13.4344892557365,14.2067990264994,355773447.064664,25281490.7364382,355.773447064664
APT,2024-12-14,14.2067990264994,14.686489790467,13.1656254696554,13.4180722555491,217525422.398429,15676650.6226797,217.52542239842901
APT,2024-12-15,13.4180722555491,13.7548054985688,13.0542663129671,13.6431128661616,169911833.676063,12660193.9482002,169.911833676063
APT,2024-12-16,13.6431128661616,14.2082726603577,13.2391035559413,13.9359539459523,297575638.235202,21591431.3806605,297.575638235202
APT,2024-12-17,13.9359539459523,14.3901420451326,12.7803253244396,12.9494948291327,396766762.668815,28974789.6150048,396.76676266881503
APT,2024-12-18,12.9494948291327,13.0144587707087,11.8288013937727,11.8531393553269,408944437.225196,32736797.7717913,408.944437225196
APT,2024-12-19,11.8531393553269,12.7442234370346,11.2751980390712,11.3875640991665,629652554.26516,53040954.8660492,629.65255426516
APT,2024-12-20,11.3875640991665,11.902515828406,9.96505345048839,10.8948684557078,691966154.794953,64383513.6035167,691.966154794953
APT,2024-12-21,10.8948684557078,11.2630815529266,9.27418143932137,9.51746229528976,877706783.211835,86489285.3175542,877.706783211835
APT,2024-12-22,9.51746229528976,9.66324508916585,8.98042177458106,9.21917996591644,354704032.238496,37965188.3533143,354.704032238496
APT,2024-12-23,9.21917996591644,9.84105790223167,8.88440131084466,9.72335166208346,322647486.117484,34649286.0823558,322.647486117484
APT,2024-12-24,9.72335166208346,9.9589938608506,9.29040983124428,9.83898327047794,211084509.14687,21956671.5638983,211.08450914686998
APT,2024-12-25,9.83898327047794,9.90736650436188,9.5179744036588,9.58120579148797,156373776.010492,16102169.6821124,156.373776010492
APT,2024-12-26,9.58120579148797,9.68187903885939,8.78150695975246,8.84361673278447,155944286.030406,17139962.2073767,155.944286030406
APT,2024-12-27,8.84361673278447,9.30121893186067,8.66575364194084,8.73970159627869,184083478.989069,20583124.4787186,184.08347898906902
APT,2024-12-28,8.73970159627869,9.25159933402828,8.63174077510223,9.17951288840919,110132896.360121,12322375.043371,110.132896360121
APT,2024-12-29,9.17951288840919,9.2198127708221,8.79613690948492,8.87835644482981,79558014.2878099,8805614.18354829,79.5580142878099
APT,2024-12-30,8.87835644482981,9.30288576558321,8.67944655001026,8.87339398791966,163112822.740696,18158191.6337209,163.112822740696
APT,2024-12-31,8.87339398791966,9.03238929058225,8.64751774512068,8.70750908153851,115471022.137795,13083963.7051862,115.471022137795
APT,2025-01-01,8.70750908153851,9.0256303525914,8.42184275692767,9.0142227227549,100455619.308663,11522414.4797482,100.45561930866299
APT,2025-01-02,9.0142227227549,9.41427608819448,9.00534343156732,9.29307959242466,119301869.225243,12889070.3348603,119.301869225243
APT,2025-01-03,9.29307959242466,9.88214152265565,9.15763807128814,9.80400766691447,119699887.311405,12504273.962875,119.699887311405
APT,2025-01-04,9.80400766691447,10.0662389304524,9.63924986811315,9.99336855807486,133002681.958391,13532286.3852515,133.002681958391
APT,2025-01-05,9.99336855807486,10.1595929334554,9.72307965021744,10.0890294423468,96435400.8627724,9729190.42921791,96.43540086277241
APT,2025-01-06,10.0890294423468,10.3255372201627,9.82575796705778,10.179967555669,158152146.532473,15727407.2980165,158.152146532473
APT,2025-01-07,10.179967555669,10.6572089613861,9.55279086931165,9.67717323482504,384376745.665023,37731807.1868379,384.376745665023
APT,2025-01-08,9.67717323482504,9.7277818529843,8.68495715034546,9.03099371993074,257127877.343024,28035088.3390263,257.127877343024
APT,2025-01-09,9.03099371993074,9.14135454901487,8.48922427286311,8.66220080398435,166371547.773195,18964811.0228738,166.371547773195
APT,2025-01-10,8.66220080398435,9.24844549203365,8.66107888983088,9.14381222124393,168740614.279092,18779906.9664475,168.740614279092
APT,2025-01-11,9.14381222124393,9.26796417349806,8.8572770635768,9.12097451568353,78667634.8706336,8707536.45301079,78.6676348706336
APT,2025-01-12,9.12097451568353,9.1531219444211,8.72922360399166,8.83631634961216,75157233.0352439,8395595.60452449,75.1572330352439
APT,2025-01-13,8.83631634961216,9.08234013285612,7.98503148147864,8.48645716087568,213532374.782735,25568170.2158281,213.532374782735
APT,2025-01-14,8.48645716087568,9.10269466180016,8.42436797371896,9.01845469167545,133220915.937355,15248733.3712463,133.220915937355
APT,2025-01-15,9.01845469167545,9.51225601020197,8.74124198497846,9.46500183569426,159337534.706817,17447442.5364542,159.337534706817
APT,2025-01-16,9.46500183569426,9.4963622708538,9.04281726900568,9.23417763830866,192177660.195127,20665115.4345231,192.177660195127
APT,2025-01-17,9.23417763830866,9.83457201865716,9.2309102234103,9.75967636300738,173077759.639438,18019918.5363795,173.077759639438
APT,2025-01-18,9.75967636300738,9.87310362002686,9.07335467164966,9.31812427585386,188033842.751802,20196385.4010338,188.03384275180198
APT,2025-01-19,9.31812427585386,9.54204196365279,8.44483498007652,8.5012149299088,403353825.388161,44551822.9985916,403.353825388161
APT,2025-01-20,8.5012149299088,9.2028436654434,8.20981473891149,8.55376980514582,412620881.972552,47647757.0382434,412.620881972552
APT,2025-01-21,8.55376980514582,8.87245909606436,8.12882934112015,8.76110755933086,203676595.273373,24088494.599526,203.676595273373
APT,2025-01-22,8.76110755933086,8.97426413516716,8.46365128010073,8.5047499095523,126233065.190567,14551101.3116044,126.233065190567
APT,2025-01-23,8.5047499095523,8.58676545574414,8.10139594497903,8.3431651834135,157658329.607763,18898152.2330651,157.658329607763
APT,2025-01-24,8.3431651834135,8.58279380194189,8.0202649679374,8.2109512798553,129863011.555193,15491672.0667174,129.863011555193
APT,2025-01-25,8.2109512798553,8.26654465796591,8.03995912115077,8.11515833553202,89657727.8958502,11017720.6201784,89.6577278958502
APT,2025-01-26,8.11515833553202,8.45213048051938,7.82890817595612,7.83971623941112,75171011.6980787,9174837.5678393,75.1710116980787
APT,2025-01-27,7.83971623941112,7.83973032137959,6.90748788614723,7.62983930693718,251213415.267662,34364938.6979982,251.213415267662
APT,2025-01-28,7.62983930693718,7.76458059410636,7.1242775618638,7.21637039891474,128395320.099968,17048627.8498529,128.395320099968
APT,2025-01-29,7.21637039891474,7.67202795001518,7.16125627353456,7.42974905017254,171487011.146127,23191740.9015531,171.48701114612697
APT,2025-01-30,7.42974905017254,8.02052896805129,7.37165744285973,7.8570034645731,148070286.023378,19125778.3752263,148.070286023378
APT,2025-01-31,7.8570034645731,8.40393779874354,7.68994631669011,7.82085386732753,169939454.72024,21225483.3963037,169.93945472024
APT,2025-02-01,7.82085386732753,7.86818632830675,7.01623613963176,7.05931551175733,159008300.926376,21285113.7261794,159.008300926376
APT,2025-02-02,7.05931551175733,7.18621545506935,5.89941866779714,6.15514512412398,294310908.497415,44819162.4385514,294.310908497415
APT,2025-02-03,6.15514512412398,6.51655562120276,4.76236491760795,6.50981131689883,556011472.434528,97907012.1354961,556.011472434528
APT,2025-02-04,6.50981131689883,6.58112790318225,5.83961844312813,6.08339220855519,242275018.462711,39539123.8303396,242.27501846271102
APT,2025-02-05,6.08339220855519,6.27046878812189,5.88258498363059,5.97151765722973,158382575.364121,26022391.5734839,158.38257536412098
APT,2025-02-06,5.97151765722973,6.14843713449633,5.68796639495028,5.73401068567717,174638437.258563,29651490.1099517,174.63843725856302
APT,2025-02-07,5.73401068567717,6.24801971009744,5.53361035356131,5.717866874108,213751004.994464,36309169.4905421,213.751004994464
APT,2025-02-08,5.717866874108,5.8898796564082,5.51295028389872,5.84487252662699,103499982.655773,18213011.4574534,103.499982655773
APT,2025-02-09,5.84487252662699,5.97619819442439,5.6067690622938,5.91358949709752,123375873.52549,21076526.3021139,123.37587352549001
APT,2025-02-10,5.91358949709752,6.39170383540057,5.67596897476495,6.2014204718631,228053541.335119,37244849.9600059,228.053541335119
APT,2025-02-11,6.2014204718631,6.40187583452508,5.80981156850071,5.89544010894921,170312796.546509,27792720.4479304,170.312796546509
APT,2025-02-12,5.89544010894921,6.25257773156485,5.76260845513409,6.16450134448881,171414770.431237,28727247.7490185,171.414770431237
APT,2025-02-13,6.16450134448881,6.31111254704803,5.96573083147679,6.14411941611361,145968643.57536,23835001.8063362,145.96864357536
APT,2025-02-14,6.14411941611361,6.32561394923733,6.0384858129927,6.11646061843955,127383811.250844,20613308.2583381,127.383811250844
APT,2025-02-15,6.11646061843955,6.26685342165528,5.97893958575574,6.02151217269106,82517487.5781967,13517644.6976075,82.51748757819671
APT,2025-02-16,6.02151217269106,6.06081348125982,5.78307615533768,5.83690539800813,65899261.4682355,11137984.8676979,65.8992614682355
APT,2025-02-17,5.83690539800813,6.16351900776336,5.79033981748175,5.94276378967339,105641751.698703,17713521.6680797,105.641751698703
APT,2025-02-18,5.94276378967339,5.96108948981912,5.35081439092338,5.63580535845942,138746911.227031,24770593.7992723,138.746911227031
APT,2025-02-19,5.63580535845942,6.6207486088713,5.59655104609723,6.35472575057682,322500755.849313,50952228.9218259,322.500755849313
APT,2025-02-20,6.35472575057682,7.0515967548296,6.18940723862363,6.34415007214291,305429127.574608,46776909.8006815,305.429127574608
APT,2025-02-21,6.34415007214291,6.50755274754221,5.92263609353904,5.99396337484699,250632627.046421,40017032.6237705,250.632627046421
APT,2025-02-22,5.99396337484699,6.16130700311912,5.93751588128691,6.03066116867326,105551062.978882,17461238.2774587,105.551062978882
APT,2025-02-23,6.03066116867326,6.24575085035051,5.96952517429725,6.12073063879794,84504852.6449959,13785653.3793566,84.50485264499589
APT,2025-02-24,6.12073063879794,6.15997117738222,5.32510302793593,5.41496396598711,172515355.264119,30094791.2025375,172.515355264119
APT,2025-02-25,5.41496396598711,5.79968502086372,5.10703783779246,5.64140133944988,245958512.179972,45672050.3751882,245.958512179972
APT,2025-02-26,5.64140133944988,5.95477896063486,5.52701553576125,5.90274041960133,181250057.83097,31817284.0544285,181.25005783096998
APT,2025-02-27,5.90274041960133,6.43705719461131,5.90274041960133,6.15547775018615,222961101.971971,36160772.8078114,222.961101971971
APT,2025-02-28,6.15547775018615,6.48770556585009,5.63976624114866,6.46781222734433,258831391.038684,43341681.681319,258.831391038684
APT,2025-03-01,6.46781222734433,6.60613101905817,6.23382386984417,6.30493148947489,152637367.460487,23716516.5256816,152.637367460487
APT,2025-03-02,6.30493148947489,6.81152084265683,6.17062746651342,6.76280364422683,186952676.913711,28748085.5908216,186.952676913711
APT,2025-03-03,6.76280364422683,6.78516053415318,5.62312793328602,5.7393084803652,242182061.197721,39152420.7230018,242.182061197721
APT,2025-03-04,5.7393084803652,5.77287311289856,5.06110108020562,5.45853710887926,267927331.87717,49442262.9882856,267.92733187717
APT,2025-03-05,5.45853710887926,6.54263684723861,5.41146607915185,6.21812272915654,315591531.385182,52542617.654962,315.591531385182
APT,2025-03-06,6.21812272915654,6.30800416221348,5.9252642726078,6.00296684706651,147380469.557809,24002957.6311539,147.380469557809
APT,2025-03-07,6.00296684706651,6.38367455300753,5.8271589751014,6.17381774704043,178119833.082267,28946791.6399914,178.11983308226698
APT,2025-03-08,6.17381774704043,6.22029731027926,5.78712870949715,5.96115830058116,79998509.2499711,13366303.5054744,79.99850924997111
APT,2025-03-09,5.96115830058116,6.15492633518475,5.59507620717138,5.61876101319277,152777218.822411,25930386.1715708,152.777218822411
APT,2025-03-10,5.61876101319277,5.75481409886543,5.03456485307674,5.2033227197046,195720944.941323,36204639.6371337,195.720944941323
APT,2025-03-11,5.2033227197046,5.65708611756051,5.03534701336014,5.31298863695704,223546543.102208,41347830.8310552,223.54654310220798
APT,2025-03-12,5.31298863695704,5.36989466766788,5.03166166688522,5.21042764208102,149209928.981953,28834372.9493199,149.209928981953
APT,2025-03-13,5.21042764208102,5.22553051793231,4.92502670069436,5.1503988177869,122354742.089579,24018369.2714377,122.354742089579
APT,2025-03-14,5.1503988177869,5.32642845479642,5.12253386268084,5.21165962940684,88366487.2983033,16950010.9127192,88.36648729830331
APT,2025-03-15,5.21165962940684,5.43993507512324,5.1934087503596,5.34813505781893,70010054.1963001,13146889.7590325,70.0100541963001
APT,2025-03-16,5.34813505781893,5.39075386832526,5.11043724559104,5.14870836900687,69364717.6254494,13233715.1007196,69.3647176254494
APT,2025-03-17,5.14870836900687,5.44859896342826,5.14665110714705,5.34788128231912,88888462.3828445,16578097.5411874,88.8884623828445
APT,2025-03-18,5.34788128231912,5.47617546050751,5.22188057165805,5.43043468371902,103166476.132884,19308544.5115351,103.166476132884
APT,2025-03-19,5.43043468371902,5.63486994209044,5.36583591800714,5.60852636149672,114538340.520061,20687112.8626793,114.538340520061
APT,2025-03-20,5.60852636149672,5.63882840319942,5.4103738214564,5.62601851552766,69984997.1308819,12684977.9817751,69.98499713088191
APT,2025-03-21,5.62601851552766,5.73851679083474,5.40805524318881,5.61979173535215,75503726.5178386,13575342.6373676,75.5037265178386
APT,2025-03-22,5.61979173535215,5.81750680493591,5.59370946338719,5.68019103977807,61454481.2538666,10711728.5711803,61.4544812538666
APT,2025-03-23,5.68019103977807,5.72039430065697,5.59139814153543,5.71692298329238,44601151.9645754,7899077.31504112,44.6011519645754
APT,2025-03-24,5.71692298329238,6.05190973647715,5.63636848980454,6.03519601360213,90486463.3353045,15463325.7279535,90.48646333530449
APT,2025-03-25,6.03519601360213,6.10108282578695,5.82971908628885,5.92017172116269,77310068.9953216,13028679.2619147,77.3100689953216
APT,2025-03-26,5.92017172116269,6.05886103921463,5.80706952103443,5.9487791684739,63854814.4767602,10786869.9721473,63.854814476760204
APT,2025-03-27,5.9487791684739,6.08452723961348,5.83586574303677,5.96501607580392,64648141.4112425,10840635.8551505,64.6481414112425
APT,2025-03-28,5.96501607580392,5.96532625374493,5.45023781249522,5.54973961782465,100208095.813254,17883596.0540019,100.208095813254
APT,2025-03-29,5.54973961782465,5.59546489264013,5.15791061439644,5.23397258752724,67300024.86815,12545329.4752372,67.30002486814999
APT,2025-03-30,5.23397258752724,5.40769942170186,5.16958009092297,5.29865723769856,46909202.2186388,8853547.31836589,46.909202218638804
APT,2025-03-31,5.29865723769856,5.42056209057548,5.07423896212008,5.26742427057929,87657419.9331114,16657088.1638166,87.6574199331114
APT,2025-04-01,5.26742427057929,5.44624943864198,5.25093088593943,5.40150204635362,71269368.5115016,13300993.3983558,71.2693685115016
APT,2025-04-02,5.40150204635362,5.50003312359666,5.02490561615218,5.09809202134158,103202365.026603,19447595.5097576,103.202365026603
APT,2025-04-03,5.09809202134158,5.32560860255301,4.94790166942087,5.05603634733496,95562667.5666884,18727105.9994344,95.5626675666884
APT,2025-04-04,5.05603634733496,5.09669416261931,4.74378925156901,4.90461238385492,128028401.921001,26151368.5340612,128.028401921001
APT,2025-04-05,4.90461238385492,4.93930145118707,4.78580444931074,4.88673983799049,43727596.4848911,9012020.15327028,43.7275964848911
APT,2025-04-06,4.88673983799049,4.91431543848952,4.25041641254505,4.3452635966525,91653163.4349132,20109530.0475036,91.6531634349132
APT,2025-04-07,4.3452635966525,4.53293516041731,3.91818159628074,4.41141956091941,185886784.400356,43574656.8542498,185.886784400356
APT,2025-04-08,4.41141956091941,4.71316943751016,4.31035722029661,4.3511233171838,104018606.578587,23176694.2483593,104.018606578587
APT,2025-04-09,4.3511233171838,4.82751737223935,4.18361935648384,4.73280975163468,143181056.585582,32011341.3996129,143.18105658558198
APT,2025-04-10,4.73280975163468,4.73456413403067,4.44616757930246,4.61205202244205,87187121.5293352,19051646.2703089,87.1871215293352
APT,2025-04-11,4.61205202244205,4.86629682869232,4.61150914661794,4.78702828504036,71374065.0756404,14979769.4066389,71.3740650756404
APT,2025-04-12,4.78702828504036,4.99208009722502,4.75136720555429,4.96519056888368,68174414.509426,13952234.3083854,68.174414509426
APT,2025-04-13,4.96519056888368,5.19743784795943,4.75800977734786,4.82422099339809,98268343.559251,19775297.5417885,98.268343559251
APT,2025-04-14,4.82422099339809,4.99718972318627,4.77658047771265,4.81039272566836,94368357.6551662,19290784.2899108,94.3683576551662
APT,2025-04-15,4.81039272566836,4.82859004303353,4.61751025293434,4.62453427538416,71072934.7943617,15079129.4762362,71.0729347943617
APT,2025-04-16,4.62453427538416,4.73571123037893,4.5117685073577,4.62472139232598,80620869.141563,17388974.9153519,80.62086914156299
APT,2025-04-17,4.62472139232598,4.72981927906541,4.52050365107973,4.59030849746767,68103362.7187441,14731427.1487335,68.1033627187441
APT,2025-04-18,4.59030849746767,4.80074097280594,4.55214406603885,4.69361606559221,60659631.9639361,12965447.6352251,60.6596319639361
APT,2025-04-19,4.69361606559221,4.95489507362583,4.6422114093468,4.91442500386828,58732071.8735114,12248081.2166852,58.732071873511394
APT,2025-04-20,4.91442500386828,5.0773507633452,4.8597411353245,5.07008981545071,62249532.1587645,12525765.2544595,62.249532158764495
APT,2025-04-21,5.07008981545071,5.24092052258663,4.9116001149119,4.92229272807418,85206410.6319584,16715862.8422928,85.20641063195839
APT,2025-04-22,4.92229272807418,5.2977747008839,4.77063421580623,5.2678265395778,133657094.773808,26366016.9333337,133.657094773808
APT,2025-04-23,5.2678265395778,5.40000458124238,5.21714577978302,5.35582095929425,111791394.655167,20987288.4270935,111.791394655167
APT,2025-04-24,5.35582095929425,5.60485309933426,5.18545416493134,5.49947572346731,122514919.218226,22732938.9108183,122.514919218226
APT,2025-04-25,5.49947572346731,5.64093032402212,5.34965366445825,5.54940231648933,112823006.422447,20377145.5250847,112.823006422447
APT,2025-04-26,5.54940231648933,5.68716246894195,5.50249358109353,5.62262708898743,78723941.4759955,14076438.413792,78.7239414759955
APT,2025-04-27,5.62262708898743,5.66349029142745,5.32121814506957,5.3733133121722,75838766.06061,13856087.5368707,75.83876606061
APT,2025-04-28,5.3733133121722,5.66156675148451,5.25536605862177,5.52804133626988,98797454.0829586,17905281.1267024,98.7974540829586
APT,2025-04-29,5.52804133626988,5.67931971023673,5.38625738282238,5.43200322087859,76630103.5241101,13763117.6177689,76.6301035241101
APT,2025-04-30,5.43200322087859,5.46020796541964,5.17154197120663,5.34920464208001,80863546.0886927,15135672.9041877,80.8635460886927
APT,2025-05-01,5.34920464208001,5.58958388323847,5.34834802140579,5.50779984334564,67266270.152658,12261192.8826945,67.266270152658
APT,2025-05-02,5.50779984334564,5.58281227554813,5.38790156583804,5.44865969768796,62998853.6320597,11506587.3679588,62.9988536320597
APT,2025-05-03,5.44865969768796,5.4601428256496,5.15287443159885,5.18561286714466,57341359.2914096,10864646.9576743,57.341359291409596
APT,2025-05-04,5.18561286714466,5.2167754509238,5.08544191724459,5.11133246150003,58562010.8028266,11375729.6810276,58.5620108028266
APT,2025-05-05,5.11133246150003,5.21882369039513,4.97639815406745,4.97948856064685,69023596.9679821,13506762.5544793,69.0235969679821
APT,2025-05-06,4.97948856064685,4.98040689275673,4.59995431004035,4.76683170961126,107474392.951545,22465463.9329057,107.474392951545
APT,2025-05-07,4.76683170961126,4.82331592893369,4.65367186915921,4.79459512729753,96589952.0099139,20282191.2251279,96.5899520099139
APT,2025-05-08,4.79459512729753,5.48730762931389,4.78928546096081,5.48730624222978,112986420.516363,21917471.2968803,112.986420516363
APT,2025-05-09,5.48730624222978,5.8491175824525,5.46026380880592,5.58390643665073,181577828.476178,32220597.9916665,181.57782847617798
APT,2025-05-10,5.58390643665073,6.08053965600403,5.51576292481523,6.07270909546143,167198318.691989,29019254.0527932,167.19831869198902
APT,2025-05-11,6.07270909546143,6.27446548000696,5.78163887184299,5.88783298222249,182870272.723469,30529354.3637215,182.870272723469
APT,2025-05-12,5.88783298222249,6.15355326938655,5.62963428009901,5.84751350324105,190626315.67075,32019018.2406559,190.62631567075
APT,2025-05-13,5.84751350324105,6.24816315900316,5.50943099578283,6.13954758964129,172828651.841832,29309576.3717935,172.828651841832
APT,2025-05-14,6.13954758964129,6.18199870211173,5.69389203267679,5.73753549353043,121162783.452922,20393174.3647257,121.162783452922
APT,2025-05-15,5.73753549353043,5.82692137392203,5.20329959111143,5.31323321129086,160820150.191877,29217002.8993734,160.82015019187702
APT,2025-05-16,5.31323321129086,5.44931823044605,5.22054463858563,5.25835753615376,116447215.118402,21711227.4547322,116.447215118402
APT,2025-05-17,5.25835753615376,5.27936618930181,5.0229256012735,5.07979275695886,109132229.921697,21292645.6972083,109.132229921697
APT,2025-05-18,5.07979275695886,5.32418882040086,4.91809101435442,5.19057146705958,110021364.84506,21390013.5557075,110.02136484506
APT,2025-05-19,5.19057146705958,5.22351353177676,4.83741161762965,5.21648933847781,109042451.739365,21652434.4708249,109.04245173936499
APT,2025-05-20,5.21648933847781,5.29811221829462,4.99554107090644,5.15079895817074,94813169.3938358,18443892.3157378,94.81316939383579
APT,2025-05-21,5.15079895817074,5.39271603845862,5.08062362550181,5.27505288618975,132730717.503598,25463784.5613471,132.73071750359802
APT,2025-05-22,5.27505288618975,5.77718837741761,5.26922893826788,5.71571237656623,185982138.196695,33753217.3799654,185.982138196695
APT,2025-05-23,5.71571237656623,5.99139167935615,5.32212708637045,5.34259893146099,202170558.216393,35519082.0901103,202.170558216393
APT,2025-05-24,5.34259893146099,5.44859190519003,5.2835798165104,5.31031760254062,76131863.7264745,14141226.4432705,76.13186372647449
APT,2025-05-25,5.31031760254062,5.33920363008848,5.00622687515227,5.26781235205169,92795756.60274,17997760.0646788,92.79575660274
APT,2025-05-26,5.26781235205169,5.48333587723099,5.2458424468308,5.29741803770582,102038919.395456,19042625.9035292,102.038919395456
APT,2025-05-27,5.29741803770582,5.51986090184616,5.19334218874903,5.3703864121102,91673907.7427531,17015789.6746422,91.6739077427531
APT,2025-05-28,5.3703864121102,5.48027064188399,5.23737885325875,5.39679111873982,108070967.348045,20236233.7448112,108.070967348045
APT,2025-05-29,5.39679111873982,5.57682509153566,5.14285418224019,5.16447547024413,103390237.062846,19305979.908251,103.39023706284601
APT,2025-05-30,5.16447547024413,5.18747550229211,4.71020385581218,4.74394409967062,182868722.006479,36733877.1675244,182.868722006479
APT,2025-05-31,4.74394409967062,4.82002750103972,4.54846896467629,4.72797337119568,119696702.962208,25632606.0964733,119.69670296220801
APT,2025-06-01,4.72797337119568,4.82939057128242,4.63392932876398,4.81195617235559,71201263.2234803,15012611.2924228,71.2012632234803
APT,2025-06-02,4.81195617235559,4.91216470188427,4.66444141555488,4.8918577931345,84938820.2920582,17825149.6155863,84.9388202920582
APT,2025-06-03,4.8918577931345,5.04578084591463,4.86312565629114,4.94026075523807,73614598.9432625,14862769.4077252,73.61459894326251
APT,2025-06-04,4.94026075523807,5.01692856826394,4.76021148336209,4.79695125244807,67764699.9688851,13810604.5813243,67.7646999688851
APT,2025-06-05,4.79695125244807,4.86544025368562,4.45567533165967,4.49366324538716,112722525.673567,24059268.9409455,112.72252567356699
APT,2025-06-06,4.49366324538716,4.72775565845152,4.46942891452655,4.61874313289692,71278564.4791368,15448667.2134458,71.27856447913679
APT,2025-06-07,4.61874313289692,4.77615954523333,4.61077792857489,4.75571854101657,46362215.4199066,9805216.95024502,46.362215419906605
APT,2025-06-08,4.75571854101657,4.78519087426672,4.60075364494991,4.71647615334413,51111014.6155238,10841528.4979297,51.1110146155238
APT,2025-06-09,4.71647615334413,4.9666643191509,4.64690762062137,4.95730403674553,63485773.7505327,13254595.8669274,63.4857737505327
APT,2025-06-10,4.95730403674553,5.13996208580119,4.8798564189728,5.13870289750277,99228995.6672741,19757481.5157747,99.2289956672741
APT,2025-06-11,5.13870289750277,5.24682555703766,4.94756269431872,5.0216426928164,125802773.232438,24516478.5987423,125.802773232438
APT,2025-06-12,5.0216426928164,5.07076849169621,4.68613252032288,4.70316107043686,82736090.516608,16886259.3975816,82.736090516608
APT,2025-06-13,4.70316107043686,4.70316284413975,4.35668336459444,4.50131448437878,138358229.50266,31111260.2465937,138.35822950266
APT,2025-06-14,4.50131448437878,4.54893300149497,4.32267836046911,4.46075466927885,57769593.8353792,12937985.1799377,57.7695938353792
APT,2025-06-15,4.46075466927885,4.55589308515856,4.43270208453239,4.53811412285916,53488311.5607459,11890369.8074655,53.4883115607459
APT,2025-06-16,4.53811412285916,4.90527379062378,4.49950863804304,4.68548395177408,87688263.478998,18585281.2460733,87.68826347899801
APT,2025-06-17,4.68548395177408,4.76075975009632,4.38845610434155,4.44754764415528,96303479.3057281,21083226.3125932,96.30347930572809
APT,2025-06-18,4.44754764415528,4.53711392905513,4.27582017468164,4.46436486001812,88359711.2396099,20080735.5413837,88.3597112396099
APT,2025-06-19,4.46436486001812,4.5109524177004,4.31397005618931,4.38786131447041,55208368.1277888,12498034.1850793,55.208368127788795
APT,2025-06-20,4.38786131447041,4.47592748622917,4.18088809564314,4.27366523732036,88341674.3368712,20342867.5591935,88.34167433687121
APT,2025-06-21,4.27366523732036,4.69263104742613,4.07219290490766,4.16669824448406,201216013.535969,45242060.9399559,201.21601353596898
APT,2025-06-22,4.16669824448406,4.22327685541905,3.75811893175574,3.93904587882082,131697879.049435,33326315.5316311,131.69787904943502
APT,2025-06-23,3.93904587882082,4.36059507719334,3.87836422001774,4.32289384721406,111963906.236116,27504877.3240798,111.963906236116
APT,2025-06-24,4.32289384721406,5.14849038760163,4.25635055133383,4.96641212197699,356422070.792104,75423428.4685314,356.422070792104
APT,2025-06-25,4.96641212197699,5.0967565757567,4.64910758476456,4.90056240758191,321455304.122741,66012020.5518698,321.455304122741
APT,2025-06-26,4.90056240758191,5.03545962049398,4.65607816754788,4.88580328357328,189213899.53946,38987452.8325461,189.21389953946002
APT,2025-06-27,4.88580328357328,5.29550334723911,4.82194583655674,4.8447828719321,310608663.354471,61497448.5267092,310.60866335447105
APT,2025-06-28,4.8447828719321,4.95765791939887,4.73241050210027,4.85182030308639,113390847.833203,23522918.102087,113.390847833203
APT,2025-06-29,4.85182030308639,5.0112284357081,4.72100139869951,4.95682095647018,107794141.016405,22283862.9879818,107.794141016405
APT,2025-06-30,4.95682095647018,4.96014865358266,4.77707309636975,4.8960352626238,102782540.873371,21088091.5044184,102.782540873371
APT,2025-07-01,4.8960352626238,4.95800231431768,4.49390779414039,4.49544563397567,120035575.372831,25526311.8822658,120.035575372831
APT,2025-07-02,4.49544563397567,4.8533210782617,4.42374969654555,4.74281984833704,128551555.210106,27809993.7508994,128.551555210106
APT,2025-07-03,4.74281984833704,4.85620400131586,4.66171266141193,4.7396028816488,109452996.430425,22937333.0728674,109.452996430425
APT,2025-07-04,4.7396028816488,4.76864732279494,4.32436626252811,4.40656379523846,106230415.399046,23531715.6149011,106.23041539904601
APT,2025-07-05,4.40656379523846,4.45847604429745,4.35365685987553,4.4221547092228,44413036.3380336,10066108.455266,44.4130363380336
APT,2025-07-06,4.4221547092228,4.53429659380051,4.37429871506987,4.46809964513786,57426584.6312244,12902547.2254402,57.4265846312244
APT,2025-07-07,4.46809964513786,4.50931597535594,4.40194452924237,4.45344199353858,56536048.9237338,12683935.7571797,56.5360489237338
APT,2025-07-08,4.45344199353858,4.47693629292715,4.35743801198417,4.47184729964143,62670421.5168644,14176863.5819973,62.670421516864394
APT,2025-07-09,4.47184729964143,4.6818406991093,4.403072717188,4.63847032323351,99818562.1544781,21952169.1476303,99.8185621544781
APT,2025-07-10,4.63847032323351,4.90108771225152,4.5626210003857,4.87424833334328,137544276.473838,29304617.8107604,137.544276473838
APT,2025-07-11,4.87424833334328,5.08475468959661,4.7751966797163,4.87912706353689,207336462.67117,41818190.9152436,207.33646267116998
APT,2025-07-12,4.87912706353689,4.9412361562301,4.67642833818563,4.80095032992747,111180605.033237,23077937.1781196,111.180605033237
APT,2025-07-13,4.80095032992747,5.05738258674813,4.78741365645778,4.93571934913724,107696180.931322,21715502.8156566,107.69618093132199
APT,2025-07-14,4.93571934913724,5.20364379390772,4.90328064016236,4.97297132395254,179766418.318377,35347857.4887133,179.766418318377
APT,2025-07-15,4.97297132395254,5.11095706087438,4.79034250535442,5.09390351391898,152563463.761704,31010993.4852639,152.56346376170399
APT,2025-07-16,5.09390351391898,5.36477527408018,5.0315756615286,5.19692650993126,218213609.089604,42025009.4452873,218.21360908960398
APT,2025-07-17,5.19692650993126,5.35430210990375,5.05714493084706,5.28481962634013,205666898.540658,39585912.1981113,205.666898540658
APT,2025-07-18,5.28481962634013,5.57661852309911,5.20578943698931,5.31748724998002,276158086.530417,50902801.5529517,276.15808653041705
APT,2025-07-19,5.31748724998002,5.42941021849564,5.15771244832202,5.32697158096411,137887194.637046,26044242.8349368,137.887194637046
APT,2025-07-20,5.32697158096411,5.51428201565861,5.22858936548065,5.30878847275462,240940269.730374,44519866.5530124,240.940269730374
APT,2025-07-21,5.30878847275462,5.53623839981871,5.22419173027768,5.40443197196115,347557058.606124,63958332.2578246,347.557058606124
APT,2025-07-22,5.40443197196115,5.47515614323598,5.16308246880103,5.47124472953822,311711804.250702,58743985.4386711,311.711804250702
APT,2025-07-23,5.47124472953822,5.65002043356416,4.71183367321361,4.81599972339657,399487198.025771,77329336.7767559,399.487198025771
APT,2025-07-24,4.81599972339657,4.87530100716654,4.48075475251,4.62740001482911,298845994.940787,63852994.777844,298.845994940787
APT,2025-07-25,4.62740001482911,4.7585012766855,4.52914813209595,4.75165009259542,181284730.242071,38929844.1475535,181.284730242071
APT,2025-07-26,4.75165009259542,4.85577894250726,4.7260857851363,4.80206616232844,78955992.1250175,16464782.1120451,78.95599212501749
APT,2025-07-27,4.80206616232844,4.91595286637831,4.75912191034658,4.90043109510237,94286216.7447671,19481823.0682504,94.2862167447671
APT,2025-07-28,4.90043109510237,4.98272640989045,4.61396688599539,4.64890938135473,174502560.067614,36147140.0627728,174.50256006761398
APT,2025-07-29,4.64890938135473,4.77390320773874,4.45908177285754,4.58639245547289,157385825.97679,33768011.7853154,157.38582597679002
APT,2025-07-30,4.58639245547289,4.59155088421814,4.29780990944279,4.48970594049474,154642190.036364,34544857.6807575,154.64219003636398
APT,2025-07-31,4.48970594049474,4.6215542005185,4.30268072966069,4.32037799784993,145358731.655039,32464832.5631866,145.358731655039
APT,2025-08-01,4.32037799784993,4.38331602071035,4.13110910329881,4.23056244058307,220583049.076794,51494219.7275331,220.583049076794
APT,2025-08-02,4.23056244058307,4.28222362493512,4.05393421588785,4.12511791253172,152039874.26642,36471652.0456736,152.03987426642001
APT,2025-08-03,4.12511791253172,4.25435656441865,4.06714751340431,4.23167838619913,55376445.4968503,13204000.816138,55.376445496850295
APT,2025-08-04,4.23167838619913,4.298796841539,4.22846472429779,4.26572482678485,21278410.633174,4984841.97109165,21.278410633173998
