symbol,date,open,high,low,close,usd_volume,crypto_volume,usd_volume_mil
AVAX,2020-07-24,0.85085,3.6139103,0.85085,2.999487,16534.059711162,5441.59,0.016534059711162
AVAX,2020-07-25,2.999487,3.0218316,2.8248384,2.9345316,2319147.42485896,793099.88,2.3191474248589596
AVAX,2020-07-26,2.9345316,2.9404692,2.5805508,2.755753,4006229.57438984,1417684.1,4.00622957438984
AVAX,2020-07-27,2.755753,2.9362608,2.6775749,2.8753392,5049685.4019239,1799524.64155889,5.0496854019239
AVAX,2020-07-28,2.8753392,2.8755396,2.4050004,2.6084064,3410888.41176706,1266554.04,3.41088841176706
AVAX,2020-07-29,2.6084064,3.6813777,2.4406716,3.5591556,1986298.42396332,680421.08520952,1.98629842396332
AVAX,2020-07-30,3.5591556,3.7243206,2.42123278009842,2.42123278009842,2556333.96869232,775660.79068338,2.55633396869232
AVAX,2020-07-31,2.42123278009842,2.92803296856868,2.29409191114537,2.3265242,1073619.58412361,405046.63369999,1.07361958412361
AVAX,2020-08-01,2.3265242,5.7739682,2.1736715,2.9987,3980672.32635141,1285211.43672349,3.9806723263514097
AVAX,2020-08-02,2.9987,3.0720781,2.9862,3.04648092,8316599.10258313,2761728.02,8.31659910258313
AVAX,2020-08-03,3.04648092,3.0727,2.69209905810363,2.7939,3540817.43540445,1246122.03580275,3.5408174354044504
AVAX,2020-08-04,2.7939,2.8736,2.7586,2.8604,3488047.34292168,1238969.77999999,3.48804734292168
AVAX,2020-08-05,2.8604,3.035032,2.80187889442984,3.0138108,1170984.68089951,403068.43419722,1.17098468089951
AVAX,2020-08-06,3.0138108,3.0348318,2.5004,2.9271,790648.767521146,280458.65999999,0.790648767521146
AVAX,2020-08-07,2.9271,3.06948598,2.3965206,2.68700781079001,1172993.75732899,407766.76550821,1.17299375732899
AVAX,2020-08-08,2.68700781079001,3.3952,2.55437591895167,2.88576988062107,1741221.96039847,608759.31,1.74122196039847
AVAX,2020-08-09,2.88576988062107,3.3744,2.6382356,2.86061296770905,1963734.53082671,668297.65999998,1.96373453082671
AVAX,2020-08-10,2.86061296770905,3.79556737621737,2.83167592020709,3.26194936490848,1709896.9443064,562302.05,1.7098969443063998
AVAX,2020-08-11,3.26194936490848,4.44482136,3.0218188,3.635026549415,1822965.21134209,533560.00398281,1.82296521134209
AVAX,2020-08-12,3.635026549415,4.7305258,3.2420388,4.7235188,1446781.9080535,374677.36,1.4467819080535
AVAX,2020-08-13,4.7235188,4.84598675653761,3.8668,4.704891,2519358.99342362,585576.44247367,2.51935899342362
AVAX,2020-08-14,4.704891,5.07249262414236,4.6707228,4.9747698,4133496.02961738,839167.69,4.13349602961738
AVAX,2020-08-15,4.9747698,5.1863812,4.6633587,4.7275228,2663744.32315582,551307.85,2.6637443231558198
AVAX,2020-08-16,4.7275228,5.67901181890312,4.6713667,5.22379077590488,3427413.42190164,677336.72,3.42741342190164
AVAX,2020-08-17,5.22379077590488,5.32296825124878,4.88959884223752,5.08786494969579,3823534.807264,752681.05,3.823534807264
AVAX,2020-08-18,5.08786494969579,5.15633157091969,4.86541897042395,4.91724158149919,1694148.22997709,338270.09,1.6941482299770898
AVAX,2020-08-19,4.91724158149919,6.0357297,4.87000938407334,6.0145,1743303.5220681,344265.92890736,1.7433035220681001
AVAX,2020-08-20,6.0145,6.0356296,4.8523475,5.0388338,683889.599517977,120781.83,0.683889599517977
AVAX,2020-08-21,5.0388338,5.93777222283518,4.8520472,5.81975069034739,1472247.65226111,254493.16625289,1.47224765226111
AVAX,2020-08-22,5.81975069034739,6.0044985,5.2864,5.88355763422739,1112851.88094065,192708.89556476,1.1128518809406498
AVAX,2020-08-23,5.88355763422739,6.0537357579097,5.68516776041452,5.82430990018575,1042744.55643051,177187.22091187,1.04274455643051
AVAX,2020-08-24,5.82430990018575,6.06213378263988,5.57649437506751,5.91811983373135,1330661.35175613,224872.20275101,1.33066135175613
AVAX,2020-08-25,5.91811983373135,6.6814748,5.87651018776842,6.4838774,1974471.50095472,324125.87796668,1.97447150095472
AVAX,2020-08-26,6.4838774,9.3432339,5.12453123129363,6.593587,1029541.38974371,156740.9709471,1.02954138974371
AVAX,2020-08-27,6.593587,6.7631564,5.1006956,5.1182131,1576915.81125774,245158.46,1.57691581125774
AVAX,2020-08-28,5.1182131,6.3607544,5.1005955,5.84960283014042,868473.892791505,142583.79,0.868473892791505
AVAX,2020-08-29,5.84960283014042,5.89542324319936,5.3537484,5.55950147813705,1059495.86974895,186584.57051181,1.05949586974895
AVAX,2020-08-30,5.55950147813705,6.80602140554112,5.33387590942225,6.6238327804496,1471872.78680253,242953.69686776,1.47187278680253
AVAX,2020-08-31,6.6238327804496,6.7863796,5.78658312605987,5.89429023956537,1686621.88881132,268220.97341453,1.68662188881132
AVAX,2020-09-01,5.89429023956537,7.07317858375094,5.58859739339056,6.50366510663115,2582302.81446613,436536.55021137,2.58230281446613
AVAX,2020-09-02,6.50366510663115,6.7169,2.22705521871374,5.12274731066748,3354109.01985323,577434.5135,3.35410901985323
AVAX,2020-09-03,5.12274731066748,5.54452149014924,5.00778178600554,5.2681572,392114.604231483,75680.03,0.39211460423148303
AVAX,2020-09-04,5.2681572,10.00998,5.2238809,8.26184668623485,2047311.88025199,247498.11612912,2.04731188025199
AVAX,2020-09-05,8.26184668623485,10.1704593,7.51151491306739,7.7171094,7934925.13069242,811593.32170257,7.934925130692419
AVAX,2020-09-06,7.7171094,10.01,7.41730122,8.8939,3861206.21596845,486066.74,3.86120621596845
AVAX,2020-09-07,8.8939,8.9611866,5.9275,6.0972912,1605391.88757936,185601.45,1.60539188757936
AVAX,2020-09-08,6.0972912,8.9927838,5.9292,8.9716,461587.154897098,52503.32,0.461587154897098
AVAX,2020-09-09,8.9716,8.9923834,7.23378607849089,7.3681608,357611.764834681,40678.15,0.357611764834681
AVAX,2020-09-10,7.3681608,7.68482511810751,5.75603867515526,5.98688215043958,534880.75717111,87446.09139402,0.53488075717111
AVAX,2020-09-11,5.98688215043958,6.2674446809057,5.80069103271342,6.04389848727792,452676.23843255,75050.5,0.45267623843255
AVAX,2020-09-12,6.04389848727792,6.4453,5.78404071510867,5.86633275591816,408900.008303559,67478.85,0.408900008303559
AVAX,2020-09-13,5.86633275591816,6.099093,5.50605992365717,5.52869434306114,474066.103292282,81464.35437618,0.474066103292282
AVAX,2020-09-14,5.52869434306114,6.94308672317248,5.0101002,6.11178971641617,416963.284632739,73385.15,0.416963284632739
AVAX,2020-09-15,6.11178971641617,6.41677483419528,5.62136059236728,5.83805544502054,493008.574716564,82455.52,0.49300857471656395
AVAX,2020-09-16,5.83805544502054,6.5065,5.4329917237335,5.61427590978727,451677.416825685,78280.22,0.451677416825685
AVAX,2020-09-17,5.61427590978727,6.71348497163976,5.49799992,6.70023716848883,497772.233294098,84700.62999999,0.497772233294098
AVAX,2020-09-18,6.70023716848883,7.7045969,6.68219511124269,7.583576,311835.835503755,44423.14018866,0.31183583550375504
AVAX,2020-09-19,7.583576,15.015,7.5028,14.4062,99217.2946656815,11496.75205428,0.09921729466568151
AVAX,2020-09-20,14.4062,19.36935,8.71094526736641,13.1713,296947.08052876,24443.2325403,0.29694708052875995
AVAX,2020-09-21,13.1713,14.3420277,7.7219,9.10629571091492,433080.974427125,46068.94572947,0.433080974427125
AVAX,2020-09-22,9.10629571091492,11.6091309785864,2.38084366223474,5.31880006884885,229077600.875679,42855813.2566709,229.077600875679
AVAX,2020-09-23,5.31880006884885,5.34355783284923,3.42672267060113,3.52671914469606,97251146.6102181,23030004.5295986,97.25114661021809
AVAX,2020-09-24,3.52671914469606,4.86450416671887,3.44802547566368,4.63865410482753,62930276.0729079,15404042.4396231,62.9302760729079
AVAX,2020-09-25,4.63865410482753,4.98666052448771,4.22172409065631,4.7187500198526,42425083.3975887,9203597.27235684,42.4250833975887
AVAX,2020-09-26,4.7187500198526,4.8140779074299,4.36464710370729,4.52625885892332,21303631.6426988,4650339.52602525,21.303631642698797
AVAX,2020-09-27,4.52625885892332,4.70698069092274,4.12490284956764,4.65328572553198,17504583.833491,3950645.11651642,17.504583833491
AVAX,2020-09-28,4.65328572553198,4.68460611723877,4.19605941529799,4.20749273414976,15709428.5278491,3592721.38180694,15.7094285278491
AVAX,2020-09-29,4.20749273414976,4.2845741069767,3.96706773119516,4.13729352756841,12455614.1267181,3015684.74196991,12.4556141267181
AVAX,2020-09-30,4.13729352756841,4.40687408663219,4.00323353622262,4.32794477882407,11803035.9728534,2816482.26128195,11.8030359728534
AVAX,2020-10-01,4.32794477882407,4.52533963052156,4.04716163961143,4.15322648363806,16277526.3992108,3846803.95558972,16.2775263992108
AVAX,2020-10-02,4.15322648363806,4.21295608749369,3.67281082527575,3.91072185358856,19125531.1401507,4898839.66460708,19.1255311401507
AVAX,2020-10-03,3.91072185358856,4.16666169903784,3.87951306506368,4.0272974221131,7585423.18376469,1888378.14583986,7.585423183764689
AVAX,2020-10-04,4.0272974221131,4.07895107286037,3.84196990794393,3.97073029890612,7601246.73377477,1926160.88850632,7.6012467337747704
AVAX,2020-10-05,3.97073029890612,4.04409256668321,3.89034393896896,3.98711883342935,4919267.47047167,1239072.31800729,4.91926747047167
AVAX,2020-10-06,3.98711883342935,4.00009052141963,3.51701944619403,3.54578429295642,8476816.37626114,2308930.56474919,8.476816376261139
AVAX,2020-10-07,3.54578429295642,3.54610870264221,3.22511075477157,3.44831862669253,9787157.21585175,2904576.9293731,9.78715721585175
AVAX,2020-10-08,3.44831862669253,3.95613727098401,3.33986315397032,3.91593328523017,8667302.76767222,2360833.72785229,8.66730276767222
AVAX,2020-10-09,3.91593328523017,4.29807590184828,3.8180093824971,4.24778695825255,7678469.99806219,1893157.56037215,7.67846999806219
AVAX,2020-10-10,4.24778695825255,4.2629924242169,4.0179094110302,4.02680485690461,8791713.04146782,2129215.92098412,8.791713041467819
AVAX,2020-10-11,4.02680485690461,4.16990560865156,3.97154261599933,4.09669243340678,6460380.01773437,1588493.11142285,6.46038001773437
AVAX,2020-10-12,4.09669243340678,4.70594400508548,4.05880551666792,4.41474087554347,9053197.26936497,2062274.50659651,9.05319726936497
AVAX,2020-10-13,4.41474087554347,4.56148125235368,4.34327117911112,4.48413106184777,9183415.78983474,2057023.61648708,9.18341578983474
AVAX,2020-10-14,4.48413106184777,4.48850014658009,4.02058670616647,4.16068775917295,5817680.46315981,1368944.05647661,5.81768046315981
AVAX,2020-10-15,4.16068775917295,4.22875811537809,4.01173841549637,4.13152385329477,3741543.4129577,912105.962278392,3.7415434129577
AVAX,2020-10-16,4.13152385329477,4.14940969885495,3.89116255893549,4.04505073087565,5830245.15897875,1452177.51451338,5.83024515897875
AVAX,2020-10-17,4.04505073087565,4.19963307049288,3.9763017157804,4.19598693728872,3388849.74925593,827136.381093867,3.38884974925593
AVAX,2020-10-18,4.19598693728872,4.25236928391139,4.07943717120768,4.12327000008537,2146238.87635144,514227.671493122,2.1462388763514397
AVAX,2020-10-19,4.12327000008537,4.17065415975895,3.99801557102894,4.05226958627329,3304705.27973963,811952.318405445,3.30470527973963
AVAX,2020-10-20,4.05226958627329,4.08964062178595,3.71237156624347,3.80776980803456,5835598.74081825,1505069.40578652,5.83559874081825
AVAX,2020-10-21,3.80776980803456,4.09843103892209,3.79389136068014,3.96526260862564,3955664.62001634,997567.893513974,3.95566462001634
AVAX,2020-10-22,3.96526260862564,4.48930168247917,3.96526260862564,4.33998810754025,7832221.16980913,1809697.33681919,7.83222116980913
AVAX,2020-10-23,4.33998810754025,4.47622069109528,4.14313334889656,4.25614620500756,4001914.82939086,928705.928046988,4.00191482939086
AVAX,2020-10-24,4.25614620500756,4.35379101791522,4.15836289842565,4.18685986143584,3536152.30623741,826635.155190928,3.5361523062374096
AVAX,2020-10-25,4.18685986143584,4.25348297339533,4.10459098239483,4.15162415568182,2791883.23988347,666941.807094654,2.79188323988347
AVAX,2020-10-26,4.15162415568182,4.48615241145307,4.04255824326707,4.1518049855474,6829785.72916681,1609603.63172134,6.829785729166811
AVAX,2020-10-27,4.1518049855474,4.34931266888919,4.04217581774494,4.12053842727514,3564532.66671853,851647.075654146,3.56453266671853
AVAX,2020-10-28,4.12053842727514,4.17803744226994,3.93794155282577,4.05595596608713,3957741.52879539,981269.755120725,3.95774152879539
AVAX,2020-10-29,4.05595596608713,4.09836101528626,3.73357630744503,3.77588568079756,4267413.65189027,1100931.6494923,4.26741365189027
AVAX,2020-10-30,3.77588568079756,3.8173489271522,3.58265066407273,3.72530189099023,6918741.98068695,1872465.84784203,6.918741980686949
AVAX,2020-10-31,3.72530189099023,3.74777681197875,3.59457268134918,3.6367671593078,3469835.16475497,946438.445581775,3.46983516475497
AVAX,2020-11-01,3.6367671593078,3.7111363440483,3.5596397869459,3.68123102465821,2401970.76302102,659454.839142059,2.40197076302102
AVAX,2020-11-02,3.68123102465821,3.88169351526612,3.61481433286944,3.6178967087729,3224646.44738832,868705.029934348,3.22464644738832
AVAX,2020-11-03,3.6178967087729,3.65177946878113,3.24855219185335,3.32826328725688,4914000.13881082,1445740.91661258,4.91400013881082
AVAX,2020-11-04,3.32826328725688,3.37680882823329,3.00334332370446,3.1730706456469,3470499.23755475,1094129.62045865,3.47049923755475
AVAX,2020-11-05,3.1730706456469,3.38128661444898,3.02369200522404,3.3388477850789,4406575.92861345,1359142.36077973,4.40657592861345
AVAX,2020-11-06,3.3388477850789,3.65640571982179,3.32087189857134,3.59163244128751,7439263.52311782,2115490.51805125,7.43926352311782
AVAX,2020-11-07,3.59163244128751,3.90488340490756,3.3779643744825,3.41851399047394,7235200.33204679,1982059.0004303,7.23520033204679
AVAX,2020-11-08,3.41851399047394,3.65279254737857,3.37698554115511,3.47366525608573,4466219.00612644,1273270.84109531,4.46621900612644
AVAX,2020-11-09,3.47366525608573,3.53484813961922,3.27021608172301,3.41392263373293,4289511.29143098,1253851.51494894,4.28951129143098
AVAX,2020-11-10,3.41392263373293,3.63106993773305,3.37558902094431,3.57693106532,4221778.52716058,1201787.94141057,4.2217785271605806
AVAX,2020-11-11,3.57693106532,3.79835094585958,3.46182207282589,3.4870165550984,3429604.08243498,947053.380851115,3.42960408243498
AVAX,2020-11-12,3.4870165550984,3.56390225196853,3.32966308997656,3.42642046098355,2861292.22425373,832750.121565389,2.86129222425373
AVAX,2020-11-13,3.42642046098355,3.6977842840942,3.39702032858953,3.67853196795259,4273379.46452869,1211433.97032547,4.27337946452869
AVAX,2020-11-14,3.67853196795259,3.69363551994425,3.40299273572808,3.49132258958585,3123853.24623306,888149.472670197,3.12385324623306
AVAX,2020-11-15,3.49132258958585,3.64091141638378,3.42332381507536,3.54721222353544,3063536.11085624,866102.907585318,3.0635361108562402
AVAX,2020-11-16,3.54721222353544,3.81402904088595,3.46453081212892,3.70232615888451,4458733.16443187,1208768.07105432,4.45873316443187
AVAX,2020-11-17,3.70232615888451,3.9245269975686,3.69346769496489,3.84115239036045,3854025.15014854,1014832.26222883,3.85402515014854
AVAX,2020-11-18,3.84115239036045,3.87059857175835,3.56203488584874,3.74639617426947,3813593.42469418,1022011.72061954,3.81359342469418
AVAX,2020-11-19,3.74639617426947,3.81219666197942,3.57155753730132,3.64281520663984,3267786.58319754,886601.092312522,3.26778658319754
AVAX,2020-11-20,3.64281520663984,4.0066833257463,3.62930807569268,3.71374729814389,5972839.96414462,1579766.83225383,5.97283996414462
AVAX,2020-11-21,3.71374729814389,4.08695254954727,3.68526746057677,4.017946107238,5002154.71817745,1283437.27232398,5.00215471817745
AVAX,2020-11-22,4.017946107238,4.04662147014062,3.71600363167928,3.88805227683251,4975725.41301596,1285249.65414715,4.97572541301596
AVAX,2020-11-23,3.88805227683251,4.24726732042268,3.85206683198262,4.0701775536311,6330772.37892055,1551021.19246198,6.330772378920551
AVAX,2020-11-24,4.0701775536311,4.32372682983593,3.86914598409139,4.25781107499625,8691344.38416091,2106898.91994913,8.69134438416091
AVAX,2020-11-25,4.25781107499625,4.40418311118062,3.92647401184446,4.04600965497882,7228505.71010449,1710288.17501642,7.22850571010449
AVAX,2020-11-26,4.04600965497882,4.08146646755514,3.3139962240239,3.54754814147106,8612149.54682123,2421764.09191932,8.612149546821229
AVAX,2020-11-27,3.54754814147106,3.76031080574827,3.44086419528325,3.59485619088594,3969989.65663942,1106288.5275599,3.96998965663942
AVAX,2020-11-28,3.59485619088594,3.69281184256099,3.47641628213556,3.63310352900311,2723221.79081612,756842.086322371,2.72322179081612
AVAX,2020-11-29,3.63310352900311,3.76514716036049,3.53712825607673,3.70272581867783,2605506.81017185,713912.618898648,2.60550681017185
AVAX,2020-11-30,3.70272581867783,3.81736068644894,3.65212464846836,3.69987378786301,3554578.46477905,953831.148705929,3.55457846477905
AVAX,2020-12-01,3.69987378786301,3.81236012771393,3.47535962653432,3.56345873397786,4899186.58998228,1346192.3712161,4.899186589982279
AVAX,2020-12-02,3.56345873397786,3.84329744794891,3.52195884737525,3.74041212246237,3339879.58788913,893217.22050525,3.33987958788913
AVAX,2020-12-03,3.74041212246237,3.89285883670319,3.72199458860112,3.81813852381153,3198105.52321302,842648.265766308,3.19810552321302
AVAX,2020-12-04,3.81813852381153,3.86171251536694,3.5140321565317,3.53564171798385,3489417.17201628,946943.742878534,3.48941717201628
AVAX,2020-12-05,3.53564171798385,3.71691890942621,3.50796707221119,3.63943144060247,2392165.50731933,656242.42200199,2.39216550731933
AVAX,2020-12-06,3.63943144060247,3.67610069587124,3.5144314305269,3.60650245912217,2365390.95213982,660022.049087025,2.36539095213982
AVAX,2020-12-07,3.60650245912217,3.60985302702725,3.33073898398643,3.39040207282326,3167164.4568794,916255.038389153,3.1671644568794
AVAX,2020-12-08,3.39040207282326,3.39114871795133,3.09615031115005,3.11688870574485,7133351.69110335,2218925.21315216,7.133351691103351
AVAX,2020-12-09,3.11688870574485,3.40503304048114,2.79697536512587,3.25988211726231,10988751.0584915,3550012.59506025,10.9887510584915
AVAX,2020-12-10,3.25988211726231,3.3449798519907,3.06751117850139,3.14593341260717,9758572.15333652,3074300.64295862,9.75857215333652
AVAX,2020-12-11,3.14593341260717,3.30385456104274,3.01489678643331,3.23732756113946,7118289.13207162,2259326.04542401,7.11828913207162
AVAX,2020-12-12,3.23732756113946,3.45366175909034,3.23629190355644,3.3376791101625,7594954.91490617,2249955.724962,7.59495491490617
AVAX,2020-12-13,3.3376791101625,3.41598006247651,3.28383232567248,3.34225064234015,7244636.74132616,2161691.3513365,7.244636741326159
AVAX,2020-12-14,3.34225064234015,3.34225064234015,3.13685949676495,3.14015343130922,11104060.7190309,3425593.20316212,11.1040607190309
AVAX,2020-12-15,3.14015343130922,3.37746171737391,3.06312937336141,3.30172641730651,7317939.07290814,2298219.97951695,7.31793907290814
AVAX,2020-12-16,3.30172641730651,3.37178563032022,3.15263374110122,3.34104283607938,7028474.61032436,2163451.06131171,7.02847461032436
AVAX,2020-12-17,3.34104283607938,3.37239840686716,3.18656543025678,3.21124505094803,6889960.52112,2100578.58106944,6.88996052112
AVAX,2020-12-18,3.21124505094803,3.47074215959153,3.14430721749086,3.41100297065778,6103761.34805088,1820304.31804966,6.10376134805088
AVAX,2020-12-19,3.41100297065778,3.61058537663655,3.38623552831735,3.46421313230983,5606562.79704832,1604171.15153567,5.60656279704832
AVAX,2020-12-20,3.46421313230983,3.49300863942309,3.2881555690489,3.30701982667307,4731830.03630767,1394803.72951425,4.73183003630767
AVAX,2020-12-21,3.30701982667307,3.35351116144449,3.03830424442298,3.09332241821887,10848864.4133969,3432706.14029833,10.8488644133969
AVAX,2020-12-22,3.09332241821887,3.13161081515959,2.92817851421274,3.07990315791899,6350772.04840905,2070087.26483894,6.35077204840905
AVAX,2020-12-23,3.07990315791899,3.63486930155977,2.77646803807368,2.95095384630545,27754774.1127598,8590830.50216248,27.754774112759797
AVAX,2020-12-24,2.95095384630545,3.10936501536725,2.81020818073326,3.10233467439732,7821489.17974915,2646927.92338408,7.8214891797491495
AVAX,2020-12-25,3.10233467439732,3.12452459885483,2.8519136488126,2.95241570429636,7134763.25811855,2372070.69673034,7.13476325811855
AVAX,2020-12-26,2.95241570429636,2.99183014170673,2.85141329174666,2.91709998298503,4662223.15451394,1598090.52900239,4.66222315451394
AVAX,2020-12-27,2.91709998298503,3.06415740869541,2.84053205557574,2.90036604178804,5983574.59577755,2033076.57006996,5.98357459577755
AVAX,2020-12-28,2.90036604178804,3.08210592521877,2.87060460317284,2.96254545770155,9085881.11325768,3059689.81331305,9.08588111325768
AVAX,2020-12-29,2.96254545770155,3.02022417538933,2.84246023391654,2.92559067806424,7459504.75011096,2565003.43550949,7.45950475011096
AVAX,2020-12-30,2.92559067806424,2.9415908113972,2.84499521017064,2.92144374874552,4262602.10151857,1469673.90534414,4.262602101518571
AVAX,2020-12-31,2.92144374874552,3.25727869137681,2.80694680000893,3.23505535367318,8077293.96655951,2729320.26899653,8.077293966559509
AVAX,2021-01-01,3.23505535367318,3.96463900129197,3.06370532355354,3.66693440384273,39695394.1941546,11137418.3268062,39.695394194154595
AVAX,2021-01-02,3.66693440384273,3.93890716615041,3.29426975486373,3.4960056894607,20702152.7478749,5799435.69248055,20.7021527478749
AVAX,2021-01-03,3.4960056894607,3.82206843732118,3.39729077024384,3.47019749156046,14296488.7396225,3971962.39686603,14.2964887396225
AVAX,2021-01-04,3.47019749156046,3.8329223673304,3.27659235246715,3.59931208899108,14889679.9841301,4225584.17933912,14.8896799841301
AVAX,2021-01-05,3.59931208899108,4.36326505027071,3.48607442811173,4.26555838122309,30727226.6558867,7641284.04629842,30.7272266558867
AVAX,2021-01-06,4.26555838122309,4.97040927362815,4.14962963115381,4.59283920080144,36745448.3156459,7975184.393662,36.7454483156459
AVAX,2021-01-07,4.59283920080144,4.81283649396385,4.2350243870037,4.4763042343091,21058174.1059169,4585304.57522139,21.058174105916898
AVAX,2021-01-08,4.4763042343091,5.84764715259193,4.11386938070385,5.71461285012462,49860638.838245,9568709.08806351,49.860638838244995
AVAX,2021-01-09,5.71461285012462,7.47485437769508,5.63256476988287,7.2386355411673,99642793.2803549,14894670.0771099,99.64279328035491
AVAX,2021-01-10,7.2386355411673,7.49881030514276,6.16168883057048,6.55289739705071,42490744.817068,6183812.49409584,42.490744817068006
AVAX,2021-01-11,6.55289739705071,7.0008896880154,5.81030728912657,6.48068265772524,41004461.9319721,6539890.78199275,41.0044619319721
AVAX,2021-01-12,6.48068265772524,8.19952169757819,6.43673773037886,7.74853268353616,74362765.0919666,9739231.79998217,74.3627650919666
AVAX,2021-01-13,7.74853268353616,8.48562872572252,7.23633233490996,8.45380997530988,42604339.3294773,5481822.1164602,42.604339329477305
AVAX,2021-01-14,8.45380997530988,9.54923022971069,8.23565302190673,9.30857601772018,72873197.7024131,8080644.19999562,72.8731977024131
AVAX,2021-01-15,9.30857601772018,9.8440460231567,8.58941221973946,9.39375280471734,57866131.5482724,6213244.7612536,57.8661315482724
AVAX,2021-01-16,9.39375280471734,13.4123189569372,9.18572413588632,12.885650815373,156700783.187986,13199885.2574722,156.700783187986
AVAX,2021-01-17,12.885650815373,14.415114666402,12.374032615399,13.1741136152813,157308727.292985,11786757.7747304,157.308727292985
AVAX,2021-01-18,13.1741136152813,13.8848032676734,12.6768965774126,12.7475415090719,58772521.2459995,4444597.33322938,58.7725212459995
AVAX,2021-01-19,12.7475415090719,13.3549608651,11.607714523316,11.8028949319704,76000094.3034435,6108970.05050925,76.0000943034435
AVAX,2021-01-20,11.8028949319704,13.0034077630052,11.0911544006983,12.440379882509,66916590.1578665,5491017.03511196,66.9165901578665
AVAX,2021-01-21,12.440379882509,13.0161033867227,11.1295631620664,11.3405770249497,63483970.1668319,5247103.40395715,63.4839701668319
AVAX,2021-01-22,11.3405770249497,13.3787003395753,10.6999758474928,12.7298099459989,85726814.6274191,7025918.02461166,85.7268146274191
AVAX,2021-01-23,12.7298099459989,13.4786021391041,12.5634691714788,12.8845952075321,53734558.9611088,4137763.85947081,53.734558961108796
AVAX,2021-01-24,12.8845952075321,13.152466491353,12.267895324654,12.50225814044,38796913.6681084,3044753.65289263,38.7969136681084
AVAX,2021-01-25,12.50225814044,12.9174275894085,12.1157717596048,12.1976190524529,29803267.5027552,2368045.22004756,29.803267502755197
AVAX,2021-01-26,12.1976190524529,12.7231625208813,11.4486707369035,12.2279847432561,35842319.9818207,2961665.17766759,35.8423199818207
AVAX,2021-01-27,12.2279847432561,12.2279847432561,10.8061479821655,11.17556295939,29775921.3912583,2601991.30443153,29.7759213912583
AVAX,2021-01-28,11.17556295939,12.7277038489508,10.8794121235743,11.9460248115164,41188995.2126751,3399681.06857238,41.1889952126751
AVAX,2021-01-29,11.9460248115164,12.6290129290097,11.3996371025444,11.6084342307631,57608924.0758903,4864580.05359897,57.6089240758903
AVAX,2021-01-30,11.6084342307631,12.6114915841627,11.3216467091989,12.016256026066,42734349.9117829,3589017.02407672,42.7343499117829
AVAX,2021-01-31,12.016256026066,15.5009284855101,11.8505791435795,13.4810231548902,189172646.573985,13946554.2491765,189.17264657398502
AVAX,2021-02-01,13.4810231548902,13.580980160637,12.6718160908624,13.2321453411322,65358187.7131873,5014003.63290128,65.3581877131873
AVAX,2021-02-02,13.2321453411322,13.6514902670827,12.7902958008737,13.4653690610308,31164232.7401699,2370439.79813006,31.1642327401699
AVAX,2021-02-03,13.4653690610308,14.892815290572,13.2197203770546,14.798610977438,57914936.7480657,4119201.40768335,57.9149367480657
AVAX,2021-02-04,14.798610977438,15.8721700645293,13.9857186014659,15.2894864538205,77098158.5094838,5143918.86143283,77.0981585094838
AVAX,2021-02-05,15.2894864538205,18.0490392746599,15.20435794853,17.9016483567238,89584556.6185085,5328831.30157354,89.5845566185085
AVAX,2021-02-06,17.9016483567238,18.565883706122,15.9490324480133,18.0977582839718,83182129.6132275,4769887.7536038,83.1821296132275
AVAX,2021-02-07,18.0977582839718,24.3927332375274,17.9772855727601,23.7345327301258,272754033.958789,12684228.5347275,272.75403395878897
AVAX,2021-02-08,23.7345327301258,33.5136249111341,23.6115714510366,30.0970583754216,437975981.501466,15009261.6364878,437.975981501466
AVAX,2021-02-09,30.0970583754216,33.0219960923766,27.5565559557054,31.8566805547194,215803642.805982,7183186.62048309,215.80364280598198
AVAX,2021-02-10,31.8566805547194,60.1257062320462,31.4830054714455,55.0007249224678,1110731961.41923,22893436.3112164,1110.73196141923
AVAX,2021-02-11,55.0007249224678,56.6898359552599,41.9185158397828,47.492692487333,448069840.373571,9105029.84505912,448.06984037357097
AVAX,2021-02-12,47.492692487333,54.6206532626272,43.6815207900499,48.8753121557649,379744180.071365,7679926.52861438,379.744180071365
AVAX,2021-02-13,48.8753121557649,52.0433824542726,43.6025899866886,43.6663523735103,206929190.870076,4394975.87706889,206.929190870076
AVAX,2021-02-14,43.6663523735103,47.2793375773226,37.6680882167513,37.8186749798506,234034533.636748,5653744.1329755,234.034533636748
AVAX,2021-02-15,37.8186749798506,43.6982005591505,33.1455408621868,38.1143747399117,310818275.157878,8100862.87033069,310.81827515787796
AVAX,2021-02-16,38.1143747399117,39.3096718043907,34.938068831912,36.2766778948792,201651864.085609,5449436.81813386,201.651864085609
AVAX,2021-02-17,36.2766778948792,40.9010468707559,34.1118248842562,36.7859010019193,239368494.920352,6472721.7667093,239.36849492035202
AVAX,2021-02-18,36.7859010019193,43.1371328485479,35.7971276007115,41.0125380864002,262608913.495965,6432815.15041447,262.608913495965
AVAX,2021-02-19,41.0125380864002,41.178619286892,37.8823846172771,38.8165197370632,202918941.390269,5167963.85847656,202.918941390269
AVAX,2021-02-20,38.8165197370632,42.7997471174017,32.9879849450017,36.0772297322611,307120075.860317,7885778.3555455,307.120075860317
AVAX,2021-02-21,36.0772297322611,37.9760533241087,35.1752181190226,36.2083651708953,143578192.531845,3916657.10718107,143.578192531845
AVAX,2021-02-22,36.2083651708953,36.2478307940938,26.0856476371149,32.2874209596716,210629387.911471,6503956.3332815,210.629387911471
AVAX,2021-02-23,32.2874209596716,32.3373911607212,23.1651780382316,27.6001494067376,223876908.988983,8227485.61978128,223.87690898898302
AVAX,2021-02-24,27.6001494067376,31.9796178152584,25.378830274127,29.8417663587629,226490659.477075,7759607.51529952,226.490659477075
AVAX,2021-02-25,29.8417663587629,32.0419779233082,26.6025410829385,26.8381455228652,180279102.031456,6075792.95147455,180.279102031456
AVAX,2021-02-26,26.8381455228652,28.0021356518455,24.9972417916313,25.9776932739317,123765816.937625,4659389.39505356,123.765816937625
AVAX,2021-02-27,25.9776932739317,27.4495821005901,25.1803052966833,25.8511107975173,111773860.533431,4222141.41563733,111.77386053343099
AVAX,2021-02-28,25.8511107975173,25.9515682386743,22.2678176226048,24.0288337534302,112228263.501809,4716299.00977938,112.228263501809
AVAX,2021-03-01,24.0288337534302,27.816614143997,23.7640106168124,27.4808690163291,155056094.789836,5955066.20302926,155.05609478983598
AVAX,2021-03-02,27.4808690163291,31.846848790224,25.952050238881,27.1485421883613,379927686.691705,13399946.8401694,379.927686691705
AVAX,2021-03-03,27.1485421883613,29.2917405952829,26.5801457442369,27.2408912186308,210370542.060424,7501086.04502444,210.370542060424
AVAX,2021-03-04,27.2408912186308,28.7243160605057,24.2976416313834,25.7751876839601,197728049.653872,7440399.34253177,197.728049653872
AVAX,2021-03-05,25.7751876839601,25.7751876839601,23.5965822508365,24.2965188557057,137563483.78326,5591688.72546738,137.56348378325998
AVAX,2021-03-06,24.2965188557057,25.5125218927226,23.9148133113883,24.8974148359505,95977861.509516,3883575.42773639,95.977861509516
AVAX,2021-03-07,24.8974148359505,27.88858278915,24.8974148359505,26.6624823188403,204923041.828909,7681424.50087656,204.92304182890902
AVAX,2021-03-08,26.6624823188403,27.0155811657888,25.1666716737316,25.5664689982312,147591670.758618,5712887.80012065,147.591670758618
AVAX,2021-03-09,25.5664689982312,34.7685850253323,23.7957840776281,34.309343872545,734781955.49018,25493195.1728262,734.78195549018
AVAX,2021-03-10,34.309343872545,35.7520717255377,28.8724678182179,29.6713237540049,633231965.899661,19811676.3566121,633.231965899661
AVAX,2021-03-11,29.6713237540049,32.7987188152243,28.5534780253618,30.8336789195336,405399424.357932,13112604.3396629,405.399424357932
AVAX,2021-03-12,30.8336789195336,31.4944421498409,27.0073288674106,27.9836414624615,301171082.134181,10279678.9495155,301.171082134181
AVAX,2021-03-13,27.9836414624615,33.2163228429227,27.0289294463945,30.8608747097512,348244763.246754,11584572.202432,348.244763246754
AVAX,2021-03-14,30.8608747097512,32.216716729106,28.9020415541124,28.9020415541124,231972770.398761,7585383.30171268,231.972770398761
AVAX,2021-03-15,28.9020415541124,30.5559769185929,27.1410927426463,28.9812618936973,242593727.0425,8358369.50825441,242.59372704249998
AVAX,2021-03-16,28.9812618936973,33.2057728914739,27.7951036278097,33.0554992416518,295721605.064659,9740153.62145955,295.721605064659
AVAX,2021-03-17,33.0554992416518,33.8830149834857,30.8293358816298,32.6671274472438,297821895.027783,9258836.44868974,297.821895027783
AVAX,2021-03-18,32.6671274472438,35.6035526964415,31.9617583310723,33.226201436086,310743715.26937,9236270.23282599,310.74371526937
AVAX,2021-03-19,33.226201436086,38.455663792772,31.6452314720693,37.3713696660552,417482197.368199,11532404.2287342,417.48219736819897
AVAX,2021-03-20,37.3713696660552,39.282939865673,34.2520883346635,34.2520883346635,239422382.806364,6502170.30436393,239.422382806364
AVAX,2021-03-21,34.2520883346635,35.3136308723619,31.969845643827,32.7492124397363,229218274.041403,6868868.05953315,229.218274041403
AVAX,2021-03-22,32.7492124397363,33.5615274050466,28.7480575313972,29.1733923540377,215297425.310631,6822730.91538978,215.297425310631
AVAX,2021-03-23,29.1733923540377,30.8377501160883,28.2203092852398,28.4889925250777,172398766.180487,5825053.70052601,172.398766180487
AVAX,2021-03-24,28.4889925250777,30.4223614115714,24.9040366772405,25.9054209623378,212724489.758704,7491995.96969296,212.724489758704
AVAX,2021-03-25,25.9054209623378,27.4992203824991,24.5463944755819,25.8657274966586,172201665.998066,6615574.62174072,172.201665998066
AVAX,2021-03-26,25.8657274966586,28.8670717178137,25.8657274966586,28.2291595640964,153857170.791717,5548882.45482493,153.85717079171698
AVAX,2021-03-27,28.2291595640964,28.5781639832788,26.832325121463,27.5979878726215,120430210.187771,4332454.60508449,120.43021018777101
AVAX,2021-03-28,27.5979878726215,29.454818357627,27.2291818570524,28.6775229114374,154975604.551601,5433335.11524467,154.97560455160098
AVAX,2021-03-29,28.6775229114374,30.2559642403186,28.1699774181592,29.4560446251506,147625961.246475,5005019.73502046,147.62596124647501
AVAX,2021-03-30,29.4560446251506,30.760612554944,28.9198662529312,29.6091382276611,146614370.209405,4921313.67138116,146.614370209405
AVAX,2021-03-31,29.6091382276611,29.9029742794804,26.2967001187814,28.7250807529729,145615106.546579,5140123.18829415,145.615106546579
AVAX,2021-04-01,28.7250807529729,29.2986001921358,27.8599891201142,28.2791202091053,116743937.02702,4090505.45167793,116.74393702702001
AVAX,2021-04-02,28.2791202091053,29.5397695705451,28.0047196659224,29.0319224877794,110364936.858698,3824159.05292531,110.364936858698
AVAX,2021-04-03,29.0319224877794,32.7757203187025,28.0635105126099,28.2078337538667,296631226.050762,9652090.1317003,296.631226050762
AVAX,2021-04-04,28.2078337538667,29.8733885132289,27.6987292170494,29.1779845051976,123794892.228012,4244359.57188699,123.79489222801199
AVAX,2021-04-05,29.1779845051976,32.9439335309314,28.62145985663,31.3293058484994,298063930.072669,9532092.54600643,298.06393007266905
AVAX,2021-04-06,31.3293058484994,34.6363427468769,30.1995317239632,31.5078697980113,298776394.603858,9138587.48602523,298.77639460385797
AVAX,2021-04-07,31.5078697980113,32.4973391329251,28.6729643737086,29.5206108183438,220171771.254574,7201023.11552158,220.171771254574
AVAX,2021-04-08,29.5206108183438,31.55592458297,29.273813307016,30.7502601927642,125100255.892078,4076250.44375242,125.100255892078
AVAX,2021-04-09,30.7502601927642,32.4302287144911,30.3636316579652,31.5313726988866,190322157.308099,6073543.0019086,190.322157308099
AVAX,2021-04-10,31.5313726988866,33.9399045207293,30.9339820441106,31.7914460026257,253544915.334606,7754108.53369375,253.544915334606
AVAX,2021-04-11,31.7914460026257,32.2781717516241,30.9720209723175,31.60602485888,141256184.199393,4464313.35592262,141.256184199393
AVAX,2021-04-12,31.60602485888,35.5838753956358,31.3485204537193,33.8003295523863,312360678.005233,9418515.6382863,312.360678005233
AVAX,2021-04-13,33.8003295523863,34.8505416204347,31.7364950629444,33.6417666029724,243253891.482675,7305921.26890233,243.253891482675
AVAX,2021-04-14,33.6417666029724,39.3073644333502,32.9684051072049,38.3599111564931,638234559.137719,17415920.7825805,638.2345591377191
AVAX,2021-04-15,38.3599111564931,40.7159241050135,36.3046027192917,37.0487258170635,393008252.151945,10309171.5652738,393.008252151945
AVAX,2021-04-16,37.0487258170635,37.5061979859577,33.1899649892315,35.4996087591029,270242046.80039,7595806.66407345,270.24204680039
AVAX,2021-04-17,35.4996087591029,36.8682940531352,33.6281108977431,33.9738655832561,197461080.129222,5573376.15944028,197.461080129222
AVAX,2021-04-18,33.9738655832561,34.2642262157518,23.0770875700747,29.3812176767546,289134580.705765,10062514.4441482,289.134580705765
AVAX,2021-04-19,29.3812176767546,30.5068916399971,25.676603287159,26.2404928461041,199281906.151353,7085345.92625032,199.281906151353
AVAX,2021-04-20,26.2404928461041,28.2904800761978,24.031827455196,27.4381287111025,217087616.929014,8231721.44662263,217.087616929014
AVAX,2021-04-21,27.4381287111025,28.4226675497641,25.8390590430795,25.8390590430795,181389677.610281,6673517.85378106,181.38967761028098
AVAX,2021-04-22,25.8390590430795,27.733972854836,22.979604504236,23.9829399652833,205230371.588174,7939383.97027674,205.230371588174
AVAX,2021-04-23,23.9829399652833,24.6617161740077,20.2234823696485,23.5262752220477,176991720.687389,7926482.46073146,176.99172068738898
AVAX,2021-04-24,23.5262752220477,23.8838822174773,21.5304121031767,21.8372156119024,122542843.106472,5411558.57638919,122.542843106472
AVAX,2021-04-25,21.8372156119024,23.6802778589802,20.4822963100343,21.625115407825,92906650.6042691,4196582.38425111,92.9066506042691
AVAX,2021-04-26,21.625115407825,26.465379682733,21.419092261461,26.4474966217462,169783503.604921,6812743.60425312,169.783503604921
AVAX,2021-04-27,26.4474966217462,27.9750498150378,25.7854798011719,27.9750498150378,139949625.206038,5159474.27731408,139.949625206038
AVAX,2021-04-28,27.9750498150378,29.0271857330684,25.8658785933645,28.2676052189648,156557180.960513,5660825.28804835,156.557180960513
AVAX,2021-04-29,28.2676052189648,29.7216807393429,26.6790413867966,27.9196092383995,144807924.19876,5170958.70194632,144.80792419876
AVAX,2021-04-30,27.9196092383995,32.9932256039721,27.5526765479127,32.806675154534,245957700.196429,7969080.22856798,245.95770019642902
AVAX,2021-05-01,32.806675154534,35.5982441395762,31.766496030462,31.8064060585018,280906222.072852,8362447.92118686,280.906222072852
AVAX,2021-05-02,31.8064060585018,32.660785750226,30.484591050358,31.2875288158685,163565269.902587,5172595.22111579,163.565269902587
AVAX,2021-05-03,31.2875288158685,37.0571447922685,31.1973126684033,35.9196082369036,398596290.877806,11664865.1989588,398.596290877806
AVAX,2021-05-04,35.9196082369036,36.1864028429836,30.202749692365,30.4411393788646,245410901.335972,7458174.68408005,245.410901335972
AVAX,2021-05-05,30.4411393788646,35.5998042775912,30.0111421942086,35.3085202194193,166986009.588913,5008560.02474237,166.986009588913
AVAX,2021-05-06,35.3085202194193,39.2554549568989,34.845682264027,38.0507480979156,330705688.358831,8883626.50515896,330.70568835883097
AVAX,2021-05-07,38.0507480979156,43.7927335702124,36.1314099130934,37.9569674128084,437140419.485436,10797293.7162987,437.14041948543604
AVAX,2021-05-08,37.9569674128084,39.8238181953857,37.3044606350965,38.4484217196215,211230051.101599,5491227.90363761,211.230051101599
AVAX,2021-05-09,38.4484217196215,39.3615092805005,35.4705642581258,39.0123441299281,166032901.084866,4431796.97026657,166.03290108486598
AVAX,2021-05-10,39.0123441299281,41.8443948758742,30.4381632312886,34.7394214258192,297609317.813253,7963232.20984135,297.60931781325297
AVAX,2021-05-11,34.7394214258192,37.3176622010705,32.7068549044682,36.839307340149,178126772.179276,5069357.80359808,178.126772179276
AVAX,2021-05-12,36.839307340149,41.4932145419942,32.2946580119592,32.8624032551202,413433305.426192,10768495.861838,413.43330542619196
AVAX,2021-05-13,32.8624032551202,37.2103612037293,31.0831186358728,35.065240710356,248322572.999731,7293928.33987624,248.322572999731
AVAX,2021-05-14,35.065240710356,38.027439711943,33.4501202948014,37.0146323355707,163263544.69223,4570353.84700611,163.26354469223
AVAX,2021-05-15,37.0146323355707,39.8849861178495,34.2940036911193,34.4961333264027,395743228.961212,10663096.1866533,395.74322896121197
AVAX,2021-05-16,34.4961333264027,39.4975187844236,32.7384924416645,36.6637608612621,385019654.850474,10616406.4656986,385.019654850474
AVAX,2021-05-17,36.6637608612621,37.594051774238,32.2250628327025,33.6713997404576,294695076.686653,8454582.12643546,294.695076686653
AVAX,2021-05-18,33.6713997404576,37.6750867855679,33.3471408626795,36.9249473869314,285074455.065,7923045.21037456,285.074455065
AVAX,2021-05-19,36.9249473869314,38.4557554823801,18.7120474433063,23.1244406477631,302455345.231273,10404122.9458057,302.455345231273
AVAX,2021-05-20,23.1244406477631,28.0925933010792,21.0232382590701,25.1383842315717,188193294.924025,7570686.44671601,188.193294924025
AVAX,2021-05-21,25.1383842315717,26.6914999669394,18.4952318884657,21.8742968226705,148226351.000358,6510715.03353265,148.226351000358
AVAX,2021-05-22,21.8742968226705,22.1620365465162,18.365033344126,18.8464729167408,91291226.967125,4610961.45861403,91.291226967125
AVAX,2021-05-23,18.8464729167408,19.6824308282574,12.1680268790041,15.6405808537725,142226133.219638,9143361.37660507,142.226133219638
AVAX,2021-05-24,15.6405808537725,20.5055936313867,15.1330130633484,19.4211138584576,137025174.42942,7512589.55940106,137.02517442942
AVAX,2021-05-25,19.4211138584576,20.117927163554,17.1487327743483,19.4626666062039,115392064.718105,6179584.149363,115.392064718105
AVAX,2021-05-26,19.4626666062039,21.4335675618032,19.0681031129515,20.8233621605067,139329400.565615,6875318.37762376,139.329400565615
AVAX,2021-05-27,20.8233621605067,21.1849403631885,18.8172256676659,19.1249086660262,95061004.6155543,4804219.83115482,95.0610046155543
AVAX,2021-05-28,19.1249086660262,19.5668274784086,16.0463350562268,16.7218514479789,95244845.8931447,5460794.94592938,95.2448458931447
AVAX,2021-05-29,16.7218514479789,17.5905993090996,15.2155664558761,16.1765592098927,53782743.0549113,3307036.68895458,53.7827430549113
AVAX,2021-05-30,16.1765592098927,17.4293887287991,15.1653407164984,16.5386381226036,47716037.989447,2854217.64795564,47.716037989446995
AVAX,2021-05-31,16.5386381226036,18.1810155134791,15.7533445275826,18.1453293827696,57519490.4109865,3343012.58344202,57.5194904109865
AVAX,2021-06-01,18.1453293827696,18.5459275697304,17.1436997843879,17.749419260413,58195026.6813227,3268788.25726425,58.1950266813227
AVAX,2021-06-02,17.749419260413,19.3853375845148,17.1767851378162,18.6833518012496,74821086.3843569,4045300.61279176,74.8210863843569
AVAX,2021-06-03,18.6833518012496,20.6808648570485,18.2722343289985,20.271789344574,82190374.5232101,4147126.13504508,82.1903745232101
AVAX,2021-06-04,20.271789344574,20.5428234014055,17.4927947121344,18.2666504808528,77612112.2579243,4192512.71356162,77.61211225792431
AVAX,2021-06-05,18.2666504808528,19.1338358476213,16.9448022797229,17.2362063711782,68744012.9650921,3806526.54052121,68.7440129650921
AVAX,2021-06-06,17.2362063711782,17.9915901948256,17.1159743837793,17.3833994899021,33584432.6711786,1905924.37675785,33.584432671178604
AVAX,2021-06-07,17.3833994899021,18.0534698410902,15.3374670645158,15.5463253659324,97585092.4971514,5748298.15784247,97.58509249715141
AVAX,2021-06-08,15.5463253659324,16.01594797614,13.677627692297,14.8128073335695,88913799.0460363,5989635.26173377,88.9137990460363
AVAX,2021-06-09,14.8128073335695,15.6753215715604,13.6750525932556,15.3948390998274,70245733.9322367,4760352.9824638,70.2457339322367
AVAX,2021-06-10,15.3948390998274,15.5682511834389,13.762543830986,14.2006422360252,60989500.6119193,4201451.59792105,60.9895006119193
AVAX,2021-06-11,14.2006422360252,14.5955184913261,13.173049794261,13.4243645340919,56457795.6280812,4046101.07200711,56.4577956280812
AVAX,2021-06-12,13.4243645340919,13.8832940319893,12.6748744066438,13.5437636336501,53977282.4185508,4065869.03559885,53.9772824185508
AVAX,2021-06-13,13.5437636336501,14.9769950923915,13.2717002947665,14.7600440496986,64875942.0428001,4602213.53007139,64.8759420428001
AVAX,2021-06-14,14.7600440496986,15.3681927477459,14.3944001046766,15.1094870304709,65436411.2907165,4403619.36679819,65.43641129071649
AVAX,2021-06-15,15.1094870304709,15.5143120399284,14.6047677470624,14.7196209292642,58618083.5255219,3896529.85078434,58.6180835255219
AVAX,2021-06-16,14.7196209292642,14.9015902139536,13.940402306333,14.0786089005253,55157177.7508116,3826315.51766204,55.1571777508116
AVAX,2021-06-17,14.0786089005253,15.4637820920004,14.0409629763963,14.843142323204,73105333.2063574,4908832.85479452,73.1053332063574
AVAX,2021-06-18,14.843142323204,15.2609069785424,13.1352798774169,13.6481488821025,56784239.0412896,4000331.00665978,56.784239041289595
AVAX,2021-06-19,13.6481488821025,14.037089377996,13.2325906408231,13.4019824369363,24871342.0095171,1815072.673953,24.8713420095171
AVAX,2021-06-20,13.4019824369363,14.1483409831155,12.8518895923543,13.9360010538028,37833212.4324181,2821536.85803081,37.8332124324181
AVAX,2021-06-21,13.9360010538028,14.0599553379621,11.0875460578489,11.2225184093701,54119911.2446159,4378072.82062717,54.1199112446159
AVAX,2021-06-22,11.2225184093701,11.7672340619871,9.49698131719856,10.5924237454443,67619422.1570395,6361486.66448822,67.6194221570395
AVAX,2021-06-23,10.5924237454443,11.7811305272511,10.1874925377348,11.4576579060314,51602718.9576679,4577802.41753179,51.6027189576679
AVAX,2021-06-24,11.4576579060314,11.7501390387562,10.8344419613521,11.4902268759253,35245068.9800359,3104351.25316137,35.2450689800359
AVAX,2021-06-25,11.4902268759253,11.7437418305579,10.2187393100727,10.2482277667181,35981646.8472813,3312421.35313035,35.9816468472813
AVAX,2021-06-26,10.2482277667181,10.593620394917,9.80266738336063,10.325252779585,27466365.5047482,2698667.33048418,27.4663655047482
AVAX,2021-06-27,10.325252779585,10.9890805641709,10.113545123308,10.9490664025258,20532484.4204311,1964003.14199342,20.5324844204311
AVAX,2021-06-28,10.9490664025258,11.4591573018687,10.7350217439217,11.3261349039674,29152873.9947567,2619126.9068096,29.1528739947567
AVAX,2021-06-29,11.3261349039674,12.280672516437,11.1077013327816,11.9143237229486,39804081.1712288,3375340.80918118,39.8040811712288
AVAX,2021-06-30,11.9143237229486,12.0872031480928,11.0476763646459,11.944585047023,33859672.0921943,2909518.23830232,33.859672092194295
AVAX,2021-07-01,11.944585047023,12.064524257409,11.0131890222026,11.1882704936974,21580534.4061023,1904369.33128612,21.5805344061023
AVAX,2021-07-02,11.1882704936974,11.3409812983504,10.5839848821112,11.117890370184,27113898.6181169,2492347.57944962,27.1138986181169
AVAX,2021-07-03,11.117890370184,11.664826784297,10.8868998267255,11.497927202439,20633197.4001592,1818909.82208571,20.633197400159197
AVAX,2021-07-04,11.497927202439,12.8748279374911,11.2199781872147,12.34845986515,40485772.75709,3326078.74217888,40.485772757090004
AVAX,2021-07-05,12.34845986515,12.4137190985842,11.5319624233065,12.0405994778847,42913883.1260967,3554535.38630259,42.91388312609671
AVAX,2021-07-06,12.0405994778847,14.1875574302282,12.0362617490232,13.3726017532357,79951154.9703886,5965980.65305553,79.9511549703886
AVAX,2021-07-07,13.3726017532357,14.1684150575301,13.0513551894791,13.1037231527077,64461252.8740501,4735080.52036907,64.4612528740501
AVAX,2021-07-08,13.1037231527077,13.1038968124647,11.8564314251461,12.1036280685649,43602726.5009418,3535998.12747318,43.6027265009418
AVAX,2021-07-09,12.1036280685649,12.865471933033,11.6511099086464,12.5444954859008,40405572.7756292,3288599.88325654,40.4055727756292
AVAX,2021-07-10,12.5444954859008,12.8382125247068,11.8698405718986,12.0265043709057,22828237.1652119,1858984.73370925,22.828237165211902
AVAX,2021-07-11,12.0265043709057,12.4850368177475,11.9257630518217,12.4360888229332,18054106.4017769,1478343.08611596,18.0541064017769
AVAX,2021-07-12,12.4360888229332,12.8284451381097,11.7181813914378,12.1624841788508,31893549.3478498,2584393.24644465,31.893549347849802
AVAX,2021-07-13,12.1624841788508,12.4276159907326,11.7741705751459,11.9156451875094,28400135.9364,2342935.34166935,28.4001359364
AVAX,2021-07-14,11.9156451875094,12.0904758090309,11.1462869099284,11.7949869582928,27381501.6333712,2351356.8931639,27.3815016333712
AVAX,2021-07-15,11.7949869582928,12.0950577201909,11.145336258273,11.3882679357065,22733152.8987787,1971782.72849359,22.733152898778698
AVAX,2021-07-16,11.3882679357065,11.8149960810536,10.8280224805365,10.8280224805365,25639040.4473248,2266579.7605436,25.639040447324803
AVAX,2021-07-17,10.8280224805365,11.1474793231215,10.7491854956198,10.970840281467,16545550.8110894,1515005.86250874,16.5455508110894
AVAX,2021-07-18,10.970840281467,11.2749189031556,10.680835524259,10.7111439311062,17401449.7059778,1589828.09871842,17.4014497059778
AVAX,2021-07-19,10.7111439311062,10.7564818398257,10.0540346953056,10.1910504464215,16743573.5263998,1620002.68977199,16.7435735263998
AVAX,2021-07-20,10.1910504464215,10.3468468758365,9.33836497043601,9.64313626113825,19101817.8609859,1984246.06326281,19.1018178609859
AVAX,2021-07-21,9.64313626113825,10.7344267650532,9.48769067402579,10.4300163947076,25158527.5504862,2438425.37349562,25.1585275504862
AVAX,2021-07-22,10.4300163947076,10.9581892962646,10.2425262984063,10.8358775492229,23486757.6848209,2208900.34290925,23.4867576848209
AVAX,2021-07-23,10.8358775492229,11.160015070058,10.5370806427315,11.0838642642695,19822363.1602517,1828900.48182506,19.8223631602517
AVAX,2021-07-24,11.0838642642695,11.4411958280329,10.9720123057583,11.1559636026854,23151396.309801,2066143.27677149,23.151396309801
AVAX,2021-07-25,11.1559636026854,11.3388438586193,10.7829962181404,11.2543942130129,17339670.274792,1566791.52888346,17.339670274792002
AVAX,2021-07-26,11.2543942130129,12.6830936265386,11.230884625887,11.4686732485322,49586625.353805,4121202.17782525,49.586625353805
AVAX,2021-07-27,11.4686732485322,12.2682064485146,11.188193134692,11.9198973239561,29167129.4811837,2489369.60740102,29.1671294811837
AVAX,2021-07-28,11.9198973239561,12.4212227869045,11.700521795018,12.3171530428151,42358319.215822,3476645.92810419,42.35831921582199
AVAX,2021-07-29,12.3171530428151,12.6302962837528,11.9905158832233,12.4273414694564,43429176.38873,3518456.89027684,43.42917638873
AVAX,2021-07-30,12.4273414694564,12.988866222315,11.9682133407894,12.971868797582,37412300.7553477,2988444.43967429,37.4123007553477
AVAX,2021-07-31,12.971868797582,13.5992669106825,12.5985417373719,13.5252262116806,40239961.9840616,3090581.50014273,40.2399619840616
AVAX,2021-08-01,13.5252262116806,14.0604914122064,12.6570357689443,12.8713358055313,59855048.719885,4426648.67568511,59.855048719885
AVAX,2021-08-02,12.8713358055313,13.3680013937092,12.6638493419384,13.0017883111441,31738972.7217852,2427423.75186846,31.7389727217852
AVAX,2021-08-03,13.0017883111441,13.4969756122896,12.3410362580353,12.5672363525897,38723327.4421601,3040990.34030028,38.7233274421601
AVAX,2021-08-04,12.5672363525897,13.7551063197071,12.42708239464,13.6952906216989,39597158.3182596,3036925.99616489,39.597158318259595
AVAX,2021-08-05,13.6952906216989,13.9374750949685,12.9034227951157,13.8341616290973,43922582.7537405,3259095.35395784,43.9225827537405
AVAX,2021-08-06,13.8341616290973,15.0206565319014,13.4094742590121,14.7628726188709,66390771.2331849,4678520.43219056,66.39077123318489
AVAX,2021-08-07,14.7628726188709,15.9054916471758,14.6170655672051,15.8226966083492,82305089.6548035,5383265.82969183,82.3050896548035
AVAX,2021-08-08,15.8226966083492,16.0733003672532,14.5899723251478,14.823116336559,49946480.0625496,3248185.08321954,49.9464800625496
AVAX,2021-08-09,14.823116336559,16.7092284366526,14.4483162796766,16.1699230924609,93398537.9090278,5948867.89796591,93.3985379090278
AVAX,2021-08-10,16.1699230924609,17.173320229571,15.8109851952925,16.4281102244654,82353979.6535383,5000474.22567191,82.3539796535383
AVAX,2021-08-11,16.4281102244654,17.5376119520371,16.390117140936,16.717596409309,77759720.7135852,4545359.33761549,77.7597207135852
AVAX,2021-08-12,16.717596409309,17.5338761320355,15.4663037228756,16.5681770647742,61197478.4192828,3725328.18053925,61.1974784192828
AVAX,2021-08-13,16.5681770647742,18.256846399787,16.3354688030387,18.0211106578498,46562263.0144082,2621847.50785273,46.5622630144082
AVAX,2021-08-14,18.0211106578498,18.3962347472855,17.26535107738,18.0973279896394,61870815.2421609,3459814.56442961,61.8708152421609
AVAX,2021-08-15,18.0973279896394,18.8369568362576,17.1613439401973,18.7792312307965,59274261.1348075,3327704.74785148,59.274261134807496
AVAX,2021-08-16,18.7792312307965,21.06200430376,18.4841518656643,19.0998215677274,169938171.015541,8590595.95408062,169.93817101554097
AVAX,2021-08-17,19.0998215677274,25.3180331106193,18.5044492027108,23.4766594119634,501934822.382607,21937267.3839363,501.93482238260697
AVAX,2021-08-18,23.4766594119634,30.776771200875,21.5433434040781,29.9938265564294,723170284.326996,28257947.055249,723.170284326996
AVAX,2021-08-19,29.9938265564294,33.6905504832988,28.8210711675959,30.6618465782512,777530801.463413,25077275.4367109,777.530801463413
AVAX,2021-08-20,30.6618465782512,39.1709982507908,30.0449240158374,39.1212958442243,561398452.474003,15751602.0982655,561.398452474003
AVAX,2021-08-21,39.1212958442243,50.008918806527,37.7964443810003,43.7675171187667,1283611860.15288,28235221.4572327,1283.61186015288
AVAX,2021-08-22,43.7675171187667,44.9706193996359,40.7952793038013,43.6983750347173,777315309.310595,18118550.0385011,777.315309310595
AVAX,2021-08-23,43.6983750347173,53.2824767653996,43.6983750347173,46.4517701632737,1035050456.06381,21253280.8408737,1035.05045606381
AVAX,2021-08-24,46.4517701632737,58.9136535439794,44.3001449187983,55.5377393205686,1413474800.77696,27708357.5711271,1413.47480077696
AVAX,2021-08-25,55.5377393205686,57.4365102981908,45.7296279391591,46.2767689121926,1108130453.05887,21859120.6127418,1108.13045305887
AVAX,2021-08-26,46.2767689121926,48.3000763984262,41.3264777939214,41.3774375018001,873864140.998472,19714769.1350121,873.864140998472
AVAX,2021-08-27,41.3774375018001,50.3870155545625,40.4220760882518,50.160148312698,1073766285.52352,23538275.5317395,1073.76628552352
AVAX,2021-08-28,50.160148312698,51.789692365421,46.2056988815408,50.2240280534288,751799107.70558,15435744.3081503,751.79910770558
AVAX,2021-08-29,50.2240280534288,52.3507520436018,46.8102096796724,47.4529092315925,531720776.694028,10837355.2906466,531.720776694028
AVAX,2021-08-30,47.4529092315925,48.2359389690775,41.0689909800893,41.4454318683435,596854873.090809,13443526.1285591,596.854873090809
AVAX,2021-08-31,41.4454318683435,44.1194986125026,38.4446482612361,39.5062114247315,586400649.032694,14103420.6543572,586.400649032694
AVAX,2021-09-01,39.5062114247315,45.5355924313048,38.6358963680005,42.4898839332524,714751403.088628,16585395.3529773,714.7514030886281
AVAX,2021-09-02,42.4898839332524,47.8045526806285,41.3471958333207,47.5834105437516,589666978.832946,13389199.7607051,589.6669788329459
AVAX,2021-09-03,47.5834105437516,51.347744509849,44.8922630638306,45.8995088194885,867350618.707311,18018227.6930013,867.350618707311
AVAX,2021-09-04,45.8995088194885,49.6976744190998,44.1324491315815,47.1389849131929,596609708.552946,12700156.3623864,596.609708552946
AVAX,2021-09-05,47.1389849131929,49.3288777528333,45.5276625658876,48.1090343413815,559876302.34943,11836376.6026322,559.8763023494299
AVAX,2021-09-06,48.1090343413815,51.2369695091996,44.125095438021,47.0935779567557,770736231.552339,16163401.7547036,770.736231552339
AVAX,2021-09-07,47.0935779567557,47.1328865938811,32.6594784337758,37.9342062650482,872721673.588354,21604591.3751418,872.721673588354
AVAX,2021-09-08,37.9342062650482,39.2043394085724,33.3470962500301,37.0151384409413,521700620.298892,14354306.2289828,521.700620298892
AVAX,2021-09-09,37.0151384409413,44.5772306348027,36.363385354294,40.8172649789786,903046414.345418,21662849.7929681,903.0464143454179
AVAX,2021-09-10,40.8172649789786,49.5686928103995,40.522524465748,49.3091462186665,1536042575.55754,33266510.8960002,1536.04257555754
AVAX,2021-09-11,49.3091462186665,58.8412497612202,48.3544997865613,57.0558879910388,1680182789.5779,32020438.662167,1680.1827895779
AVAX,2021-09-12,57.0558879910388,64.9272517183757,53.779866015008,59.2321849341179,1901624175.69163,31462081.7182177,1901.62417569163
AVAX,2021-09-13,59.2321849341179,60.824211389353,49.3715476138847,53.1728215258521,1648434261.46534,30818150.514195,1648.43426146534
AVAX,2021-09-14,53.1728215258521,57.193168881718,49.359310200354,51.497627492416,878841063.783165,16548215.3463179,878.8410637831649
AVAX,2021-09-15,51.497627492416,58.0780987760429,50.3699001557398,57.8275491467393,738152870.922073,13718506.4230231,738.152870922073
AVAX,2021-09-16,57.8275491467393,68.2546889681291,57.1609763432327,67.5382464712719,1876409894.59052,29832997.5240851,1876.4098945905198
AVAX,2021-09-17,67.5382464712719,70.797254920639,60.7301954419655,70.0721989402308,1393945222.4506,21288942.2864322,1393.9452224505999
AVAX,2021-09-18,70.0721989402308,75.3252271246692,67.261471419724,69.0037543079936,1392658563.60647,19509284.4689886,1392.6585636064701
AVAX,2021-09-19,69.0037543079936,76.0887395949519,66.5860655811183,70.1233909708767,1247492716.17924,17411531.0687116,1247.49271617924
AVAX,2021-09-20,70.1233909708767,70.326006202358,56.088953132438,57.3617276423528,1580247396.74327,25511521.9639584,1580.24739674327
AVAX,2021-09-21,57.3617276423528,66.0510652661037,53.0327543875956,59.0150148547905,1576139604.67915,26198865.7114218,1576.1396046791501
AVAX,2021-09-22,59.0150148547905,74.3741290858841,57.9774620367742,73.98179011597,1496517592.46082,22755684.7658487,1496.51759246082
AVAX,2021-09-23,73.98179011597,79.4314436944779,72.9978954543479,76.5000006032123,1525334165.52876,20126358.1867356,1525.33416552876
AVAX,2021-09-24,76.5000006032123,78.2778412147069,67.5425806325364,72.4119946045529,1217872560.50806,16830368.9331382,1217.87256050806
AVAX,2021-09-25,72.4119946045529,72.5561699597882,67.7705746394221,68.4043178290558,680827662.560186,9694615.4239708,680.827662560186
AVAX,2021-09-26,68.4043178290558,70.5308534868048,61.8788462808956,66.8955384064659,716151436.432537,10782465.3097163,716.1514364325369
AVAX,2021-09-27,66.8955384064659,72.5663533480845,65.6118377904361,66.3978193948516,789707009.892407,11374373.5245341,789.707009892407
AVAX,2021-09-28,66.3978193948516,69.4521897085848,61.3011373356808,61.561143442986,638959886.579951,9741272.92163297,638.9598865799511
AVAX,2021-09-29,61.561143442986,68.9829957779235,61.3782923173965,65.4567577084024,838914704.923541,12919166.4737528,838.914704923541
AVAX,2021-09-30,65.4567577084024,68.7298701429168,64.4707658669377,66.6333869194596,666176109.646213,10082423.825945,666.176109646213
AVAX,2021-10-01,66.6333869194596,69.3603441094015,63.3693187411719,67.6347996820257,828173611.432255,12394035.1041494,828.173611432255
AVAX,2021-10-02,67.6347996820257,73.3019384611073,65.8510698692536,69.035325841345,830198287.306425,11947605.689841,830.198287306425
AVAX,2021-10-03,69.035325841345,71.4766736123275,67.6788635614752,68.7416737324638,612527787.024606,8767801.39495538,612.527787024606
AVAX,2021-10-04,68.7416737324638,68.7416737324638,63.9051208718187,65.3001912009513,598070968.729963,9023972.75010489,598.0709687299629
AVAX,2021-10-05,65.3001912009513,66.6673390839819,62.910565243868,64.6541024197356,495359004.010909,7643360.87519393,495.359004010909
AVAX,2021-10-06,64.6541024197356,65.6662013923856,58.6745878295101,60.0144975258949,590836098.922088,9616431.55838883,590.836098922088
AVAX,2021-10-07,60.0144975258949,62.1816143732102,57.5508907296984,61.4949038486656,570047425.129076,9522712.65683249,570.047425129076
AVAX,2021-10-08,61.4949038486656,64.8696728737947,60.0823038901923,60.4915420680197,537678854.225561,8582826.13093441,537.678854225561
AVAX,2021-10-09,60.4915420680197,61.9010262009774,59.8927498971626,60.6275792389291,247225979.467169,4059030.46127888,247.225979467169
AVAX,2021-10-10,60.6275792389291,60.8550425331842,56.3767114525499,56.5625589396898,304468116.921565,5161370.17233467,304.468116921565
AVAX,2021-10-11,56.5625589396898,59.1628618428494,53.9082720556077,55.3128410511743,392802166.004734,6937595.29868126,392.802166004734
AVAX,2021-10-12,55.3128410511743,55.3128410511743,51.2103933827056,54.3488400948473,451527089.570083,8466349.06561625,451.52708957008304
AVAX,2021-10-13,54.3488400948473,56.9968980323545,53.3759016733819,54.9905490977212,427765471.908298,7751446.92405193,427.765471908298
AVAX,2021-10-14,54.9905490977212,58.3270652426523,54.9387739061066,56.1798575956041,339639787.134139,5995065.75486728,339.639787134139
AVAX,2021-10-15,56.1798575956041,57.0800377770633,54.6239521347481,56.3446743493718,360239505.402532,6460703.43635101,360.23950540253196
AVAX,2021-10-16,56.3446743493718,61.817640333569,55.767912622234,57.5931218572975,484179052.629664,8200370.0736759,484.179052629664
AVAX,2021-10-17,57.5931218572975,58.5077342089952,53.4665903989836,56.0971458424963,266665353.082967,4701964.25018114,266.665353082967
AVAX,2021-10-18,56.0971458424963,56.434102826522,54.2800467436782,55.5271756589285,199247947.771605,3602643.31886591,199.24794777160503
AVAX,2021-10-19,55.5271756589285,58.0313928175747,55.2084283999003,56.8536117094656,272934938.07576,4823821.69728443,272.93493807576
AVAX,2021-10-20,56.8536117094656,61.4898719513556,56.8411650173389,59.5958131958146,402545608.210301,6856791.93489758,402.545608210301
AVAX,2021-10-21,59.5958131958146,64.0837340466861,58.8569806746675,61.4587307604695,579743110.68527,9453155.65621047,579.7431106852699
AVAX,2021-10-22,61.4587307604695,68.6346761507109,61.3632999514439,65.5458143407925,889213378.055843,13566960.3524694,889.213378055843
AVAX,2021-10-23,65.5458143407925,69.0797705164549,64.6151497982122,65.4392083831432,494436473.782853,7444791.36706633,494.436473782853
AVAX,2021-10-24,65.4392083831432,67.4527507077034,61.9978598156168,64.5376538945818,382942971.203887,5903715.91584281,382.942971203887
AVAX,2021-10-25,64.5376538945818,69.836036178931,64.5376538945818,69.7197076538415,396160322.414781,5925831.81203757,396.160322414781
AVAX,2021-10-26,69.7197076538415,72.8694173836998,67.9054473234838,68.7327927284657,673093963.117403,9512297.47080592,673.0939631174031
AVAX,2021-10-27,68.7327927284657,69.7305313444817,58.6154350049413,61.7014156116418,557697031.689536,8727814.81449491,557.697031689536
AVAX,2021-10-28,61.7014156116418,65.0026053631219,61.7014156116418,64.4392266862259,363777532.387765,5741829.65123124,363.777532387765
AVAX,2021-10-29,64.4392266862259,66.1327062931688,63.6159379522006,64.8370434264233,251600516.680901,3873943.52707607,251.600516680901
AVAX,2021-10-30,64.8370434264233,64.8370434264233,61.0560763417698,62.3716336977919,246560877.440223,3918274.97503765,246.560877440223
AVAX,2021-10-31,62.3716336977919,64.5281634786265,60.3087239444402,64.5281634786265,223378645.89644,3561452.77620478,223.37864589644
AVAX,2021-11-01,64.5281634786265,66.56704500869,62.4374197589449,65.005047224623,398971192.244751,6159221.5381795,398.97119224475097
AVAX,2021-11-02,65.005047224623,68.2830366316287,64.3657783961831,67.7885220048234,307189952.783149,4635133.52112285,307.189952783149
AVAX,2021-11-03,67.7885220048234,75.6892809814174,67.2120131788354,75.6892809814174,777363976.57684,10801039.9413832,777.3639765768401
AVAX,2021-11-04,75.6892809814174,80.9996952144988,74.4548332050699,79.1669873392635,811558065.523386,10424626.2605498,811.558065523386
AVAX,2021-11-05,79.1669873392635,81.1547566092702,72.5336722867708,74.2899754314751,456204583.880072,5932653.49879818,456.204583880072
AVAX,2021-11-06,74.2899754314751,78.7826385280796,72.4999821679171,78.7826385280796,354411930.431809,4694480.79885031,354.411930431809
AVAX,2021-11-07,78.7826385280796,88.8286304435517,78.1436015830205,87.7060430446992,970730907.313468,11473802.4182483,970.7309073134679
AVAX,2021-11-08,87.7060430446992,97.1397471831547,83.8376535972764,91.2277676294552,1441480964.02051,15718696.5862812,1441.4809640205099
AVAX,2021-11-09,91.2277676294552,91.4692687030703,87.2181128595321,88.4076250707907,553637745.778962,6201115.59631723,553.637745778962
AVAX,2021-11-10,88.4076250707907,93.9743159130485,79.1148405734565,85.3659121593489,857102625.503708,9611422.42381931,857.102625503708
AVAX,2021-11-11,85.3659121593489,89.5744380291835,83.9753275164526,88.0125312218832,415609069.496884,4742515.06927389,415.609069496884
AVAX,2021-11-12,88.0125312218832,89.7893011880303,81.4283122238301,84.8654822119562,478228668.310499,5618868.99508959,478.228668310499
AVAX,2021-11-13,84.8654822119562,98.4331727838122,84.8654822119562,97.6160475657565,770772515.999019,8327676.20434751,770.772515999019
AVAX,2021-11-14,97.6160475657565,99.8417362324283,91.8493574861333,95.4780078073058,826109357.614124,8648940.27886968,826.109357614124
AVAX,2021-11-15,95.4780078073058,101.554462132817,92.3655249198511,93.9464399014807,862256706.561391,8858867.03284161,862.256706561391
AVAX,2021-11-16,93.9464399014807,101.957335176012,84.1897340316299,97.9006204716054,347038481548.791,11974293.609281,347038.481548791
AVAX,2021-11-17,97.9006204716054,110.071148531175,91.9619029227799,107.76003835957,1580221853.97491,15565690.747999,1580.2218539749101
AVAX,2021-11-18,107.76003835957,110.275740281485,92.4820838421676,100.786956088918,1244799287.42469,12213160.8746454,1244.79928742469
AVAX,2021-11-19,100.786956088918,112.061670190193,96.1618763456091,112.009755445155,1077580916.35226,10189344.9543556,1077.5809163522601
AVAX,2021-11-20,112.009755445155,129.9612641746,111.873354457818,125.868208435854,1051785110.86878,8745774.83916377,1051.78511086878
AVAX,2021-11-21,125.868208435854,146.683612936855,123.731482840053,128.876790237801,1435561786.28541,10647226.3403707,1435.5617862854099
AVAX,2021-11-22,128.876790237801,144.900618815878,126.171345891587,135.132186670216,1249625371.9548,9169003.29614628,1249.6253719548
AVAX,2021-11-23,135.132186670216,136.613547508499,121.761453930849,123.435571429408,803352497.406897,6231703.03832817,803.352497406897
AVAX,2021-11-24,123.435571429408,125.39596543557,113.479883354952,115.58191805441,816244255.769678,6871011.14765507,816.244255769678
AVAX,2021-11-25,115.58191805441,130.098871356007,114.721259090143,119.356197533672,887545160.544898,7186067.00454179,887.5451605448981
AVAX,2021-11-26,119.356197533672,119.660818364837,102.569120387199,104.300398247665,641589296.313147,1234545662.02042,641.589296313147
AVAX,2021-11-27,104.300398247665,118.290484036435,103.287058000048,114.126449550044,519519561.152486,4665496.77533201,519.5195611524861
AVAX,2021-11-28,114.126449550044,114.370917000834,102.013894055804,110.887618089702,613956757.417546,5678371.53667519,613.956757417546
AVAX,2021-11-29,110.887618089702,120.515845291708,109.594978830702,120.515845291708,565334905.250836,4957997.65369234,565.334905250836
AVAX,2021-11-30,120.515845291708,123.943942448477,113.996634339451,120.480313139764,777924633.385205,6502027.79007858,777.9246333852051
AVAX,2021-12-01,120.480313139764,126.996336656509,117.678950901832,119.840713020031,699539128.163772,5655943.770548,699.539128163772
AVAX,2021-12-02,119.840713020031,119.840713020031,107.277655165076,107.901219194735,546234977.741174,4756320.50559412,546.234977741174
AVAX,2021-12-03,107.901219194735,113.298097807127,101.517700687133,109.129728893443,594334126.160201,5536003.49121124,594.334126160201
AVAX,2021-12-04,109.129728893443,109.129728893443,81.2962538230775,92.9433817444213,707238379.240489,7619551.35545677,707.238379240489
AVAX,2021-12-05,92.9433817444213,94.91719478772,83.1804404726464,86.8054920511876,543647906.170809,6132724.79120435,543.647906170809
AVAX,2021-12-06,86.8054920511876,94.9615479021104,77.8781246659614,93.3204415938867,633833471.54718,7350475.2578275,633.83347154718
AVAX,2021-12-07,93.3204415938867,96.9774220882466,88.3440317753791,89.8970479206881,502892939.940978,5374408.7089019,502.892939940978
AVAX,2021-12-08,89.8970479206881,93.4227573991955,87.027045748631,93.3981459118832,309836769.172853,3429405.48144048,309.836769172853
AVAX,2021-12-09,93.3981459118832,94.5667613398621,83.6796436456798,85.7479632172311,422112267.41132,4735998.20222103,422.11226741132
AVAX,2021-12-10,85.7479632172311,91.9090131391645,80.9556479444444,81.0028196957798,456329940.81443,5259428.94976383,456.32994081443
AVAX,2021-12-11,81.0028196957798,87.203708474455,79.3380624471089,86.7164131929394,345299715.339168,4146694.16356822,345.299715339168
AVAX,2021-12-12,86.7164131929394,89.0222048855119,83.2978760804774,88.2276358857236,285855422.906141,3319825.45667118,285.855422906141
AVAX,2021-12-13,88.2276358857236,90.1028341297746,75.9386194023796,79.3225739931145,547110871.825016,6609838.44575701,547.110871825016
AVAX,2021-12-14,79.3225739931145,87.488385342253,76.7230498004353,87.2913573773545,433426141.796382,5342130.56979341,433.426141796382
AVAX,2021-12-15,87.2913573773545,104.782937291253,86.4938332101351,101.366859744473,938778158.334725,10008301.0736482,938.778158334725
AVAX,2021-12-16,101.366859744473,109.465411778982,98.2433705462691,98.2969806045131,678584071.491166,6511398.69346845,678.584071491166
AVAX,2021-12-17,98.2969806045131,115.837212164152,97.9838896105575,111.038851907682,990299200.120319,9256508.89703964,990.299200120319
AVAX,2021-12-18,111.038851907682,117.368076111957,105.899231926323,116.115649070218,532020363853.495,6376079.91952588,532020.363853495
AVAX,2021-12-19,116.115649070218,116.654015004763,107.116083645304,107.89227178695,459325781.995041,4116204.98082261,459.32578199504104
AVAX,2021-12-20,107.89227178695,116.689146223232,101.172652881943,114.007718543692,780315499.835971,7236345.36722897,780.315499835971
AVAX,2021-12-21,114.007718543692,124.875378606459,110.696439517161,124.325486058612,713666233.308968,6048350.3525634,713.666233308968
AVAX,2021-12-22,124.325486058612,128.382622492938,116.344957174332,117.053718427938,610124762.361822,4959958.63341915,610.124762361822
AVAX,2021-12-23,117.053718427938,125.144504464625,116.44685792838,121.531119690712,567865290.234638,4685004.25555647,567.865290234638
AVAX,2021-12-24,121.531119690712,124.522556612505,113.686007400091,114.943635350757,586239372.801578,4847464.59509684,586.239372801578
AVAX,2021-12-25,114.943635350757,117.579857426819,112.429378955829,115.452502780578,481722515.493771,4177128.64048952,481.722515493771
AVAX,2021-12-26,115.452502780578,118.019060419157,110.05024361367,115.271892084745,559220381.074283,4904191.73872536,559.220381074283
AVAX,2021-12-27,115.271892084745,120.746140574689,113.616838264098,113.866549056132,582097764.266973,4978869.81796647,582.0977642669731
AVAX,2021-12-28,113.866549056132,116.558114739921,104.803419053589,107.19470679756,906633926.379035,8176004.06528893,906.633926379035
AVAX,2021-12-29,107.19470679756,110.295847098591,102.63399298326,103.109191929214,769329142.102322,7212724.0033313,769.329142102322
AVAX,2021-12-30,103.109191929214,105.204280263347,98.2787869667143,101.702916467076,837937155.03381,7259904.46479351,837.93715503381
AVAX,2021-12-31,101.702916467076,111.606965596258,100.303561401794,109.475842613374,850071819.057979,8020685.45911666,850.071819057979
AVAX,2022-01-01,109.475842613374,114.385441584568,108.645853580236,114.261927777041,539705961.575211,4856559.72549329,539.7059615752111
AVAX,2022-01-02,114.261927777041,117.308923133511,112.177400663309,113.145099300192,523013777.646759,4548398.81319567,523.013777646759
AVAX,2022-01-03,113.145099300192,114.044349397595,106.414095007386,108.217535683485,595406334.744308,5388067.01319028,595.406334744308
AVAX,2022-01-04,108.217535683485,109.132442705023,103.207793726997,103.381120060529,616622879.813438,5803975.47816044,616.6228798134381
AVAX,2022-01-05,103.381120060529,106.338921247742,90.9883050423226,97.5349819036302,722606341.11966,7114534.80703482,722.60634111966
AVAX,2022-01-06,97.5349819036302,98.0760150590796,91.1794888824795,95.2413827609936,578337908.507079,6125122.75003887,578.337908507079
AVAX,2022-01-07,95.2413827609936,95.4025508703985,85.5067629210289,86.7930352534826,744405508.636074,8358600.18423068,744.4055086360739
AVAX,2022-01-08,86.7930352534826,89.5791040902021,79.5653090348022,83.9956451752755,686316567.677022,8096435.93672767,686.316567677022
AVAX,2022-01-09,83.9956451752755,91.931307454869,82.8883719379768,89.4323699134975,536623261.793004,6134387.65696955,536.623261793004
AVAX,2022-01-10,89.4323699134975,91.0048821814809,80.7538491866062,84.5402285402344,727827253.689643,8507736.36838706,727.827253689643
AVAX,2022-01-11,84.5402285402344,90.9474820948445,83.3750210070524,89.6095116535871,455527878.243501,5222902.678366,455.527878243501
AVAX,2022-01-12,89.6095116535871,97.0242845251065,89.1236999986417,96.0320991657776,611802119.071221,6520679.9613588,611.802119071221
AVAX,2022-01-13,96.0320991657776,97.1239280268939,89.3095618665532,89.7154655778198,491395288.376503,5265436.2098411,491.395288376503
AVAX,2022-01-14,89.7154655778198,91.6724208527892,87.5049336871505,90.4123514526639,423735130.671702,4717379.24005828,423.73513067170205
AVAX,2022-01-15,90.4123514526639,94.3384017696764,89.6464396434218,93.1393801711985,339036194.862203,3690198.99461051,339.036194862203
AVAX,2022-01-16,93.1393801711985,94.8480677457577,91.9488687894831,92.2832339880366,332907209.658296,3571248.88663899,332.907209658296
AVAX,2022-01-17,92.2832339880366,92.5036168340922,85.55854697224,86.6945852389613,424441601.503761,4798426.57393864,424.441601503761
AVAX,2022-01-18,86.6945852389613,87.3415659163056,83.85390424143,86.0469127315002,367520300.039212,4297523.47901732,367.520300039212
AVAX,2022-01-19,86.0469127315002,86.3568853415076,81.3453565720781,82.7302293267885,383177879.411485,4566219.52062126,383.17787941148504
AVAX,2022-01-20,82.7302293267885,87.714259012138,78.9747373147556,79.3631819890666,377996571.828531,4486260.13802169,377.99657182853105
AVAX,2022-01-21,79.3631819890666,80.335963745709,64.2117261897172,66.1577199404629,752827404.399997,10347649.3037142,752.827404399997
AVAX,2022-01-22,66.1577199404629,67.5081565878947,53.6941844969556,59.8765441206339,924410486.948323,15319319.0180158,924.410486948323
AVAX,2022-01-23,59.8765441206339,66.811052657492,59.2099991587373,64.8740254650192,740221474.070424,11763785.5674902,740.2214740704239
AVAX,2022-01-24,64.8740254650192,64.8740254650192,55.3618972645078,63.0780693222129,717460616.787522,12013592.6740791,717.460616787522
AVAX,2022-01-25,63.0780693222129,70.5210128394208,61.802484642792,68.0758456567961,742455086.66613,11304891.2824601,742.45508666613
AVAX,2022-01-26,68.0758456567961,73.3506301984525,64.6667075998578,65.9234936674936,812102151.450967,11800344.3882339,812.102151450967
AVAX,2022-01-27,65.9234936674936,67.97350788301,61.2922349245059,64.6659891666258,626690069.844861,9753329.57518663,626.690069844861
AVAX,2022-01-28,64.6659891666258,67.3428320100285,61.8715193476778,67.0461870990826,605660869.269778,9335536.06723683,605.660869269778
AVAX,2022-01-29,67.0461870990826,73.429555567276,66.928304783999,71.9426092377014,617378127.961601,8774555.25760063,617.378127961601
AVAX,2022-01-30,71.9426092377014,72.2925861130162,66.9744462948202,68.0309229978562,476799101.133615,6841267.2684804,476.799101133615
AVAX,2022-01-31,68.0309229978562,70.6819045669753,64.3698356634869,69.9580605559817,619063388.902221,9180217.3536373,619.0633889022209
AVAX,2022-02-01,69.9580605559817,73.8775610510092,68.6423646719178,73.381692732288,760072657.711469,10728082.6740702,760.0726577114691
AVAX,2022-02-02,73.381692732288,74.6473075107741,67.6071781484094,67.9122961105237,818555601.102273,11421801.0568705,818.5556011022729
AVAX,2022-02-03,67.9122961105237,69.1360607150827,65.1624263519834,68.4286746316494,637024147.185282,9474780.2518303,637.024147185282
AVAX,2022-02-04,68.4286746316494,77.869160123478,67.5569859226494,77.869160123478,793152802.560256,10909026.0105354,793.152802560256
AVAX,2022-02-05,77.869160123478,80.8880724723016,75.1945512685756,77.0901207958911,720707416.008589,9225714.01947096,720.707416008589
AVAX,2022-02-06,77.0901207958911,78.9886208143396,74.4848756856304,78.9886208143396,439780459.853504,5713962.5897552,439.780459853504
AVAX,2022-02-07,78.9886208143396,85.2218344998786,77.6126964300678,83.238846053904,785975316.939742,9529851.38253654,785.975316939742
AVAX,2022-02-08,83.238846053904,92.5843802179048,81.7588791068271,86.4363164986475,1620883630.87263,18531330.9253747,1620.88363087263
AVAX,2022-02-09,86.4363164986475,92.0764168426323,84.6416125409594,90.1918159813828,940419032.008783,10565798.3737748,940.419032008783
AVAX,2022-02-10,90.1918159813828,95.121246963644,85.428617405817,91.3217414033665,1062072924.06794,11720462.1532446,1062.07292406794
AVAX,2022-02-11,91.3217414033665,92.4475103586752,80.1886061769357,81.8910384431632,952887878.999791,10903467.7493375,952.887878999791
AVAX,2022-02-12,81.8910384431632,84.8334338725293,79.0440355914694,81.3975172731961,824447059.63185,10051496.1516641,824.44705963185
AVAX,2022-02-13,81.3975172731961,83.3444165676995,77.7106766467673,78.0144198651039,518387723.256887,6408899.36204254,518.387723256887
AVAX,2022-02-14,78.0144198651039,82.6436920051041,76.3731298994339,81.9379621340547,637690027.777109,7994472.97389078,637.690027777109
AVAX,2022-02-15,81.9379621340547,93.6283152561893,81.5848930583419,93.0405613164615,884129377.385116,10068355.4344256,884.129377385116
AVAX,2022-02-16,93.0405613164615,97.2573012827612,91.6909613900409,95.3718046633017,1185531387.87962,12575638.5226136,1185.53138787962
AVAX,2022-02-17,95.3718046633017,98.7276246096642,86.6265049866092,88.3773629882203,1357869425.66159,14703977.8998714,1357.8694256615902
AVAX,2022-02-18,88.3773629882203,90.0435159028262,82.8281528739304,83.8182851421086,948405987.866994,11003881.6768452,948.405987866994
AVAX,2022-02-19,83.8182851421086,86.4193963313618,81.1993366770973,85.1021872143551,645923517.852794,7679752.44179161,645.923517852794
AVAX,2022-02-20,85.1021872143551,85.6727299903388,76.724494595078,77.4027964532008,753642619.060711,9414051.12983729,753.642619060711
AVAX,2022-02-21,77.4027964532008,82.7362564498484,69.6537190739013,70.1697079918644,1241321576.03174,16093239.1795557,1241.32157603174
AVAX,2022-02-22,70.1697079918644,74.9328633486099,67.4379686017862,74.5199990458755,984074677.067713,13793167.3133908,984.074677067713
AVAX,2022-02-23,74.5199990458755,82.4370906564578,73.4658298376843,73.5724729932455,1305278838.16497,16697470.1292145,1305.27883816497
AVAX,2022-02-24,73.5724729932455,79.8137413336447,64.7323974929364,76.5121914488785,1918757182.26055,27204673.9031902,1918.75718226055
AVAX,2022-02-25,76.5121914488785,81.9844229978965,72.8939024644754,81.0709765599423,1319596093.55341,17144865.7710654,1319.5960935534101
AVAX,2022-02-26,81.0709765599423,84.9671988598162,78.4869300913553,81.8878260737888,1038082601.85546,12755469.2976669,1038.08260185546
AVAX,2022-02-27,81.8878260737888,82.3601722206298,73.3567942068817,75.1658019294596,1171790901.58172,14990095.5636388,1171.7909015817202
AVAX,2022-02-28,75.1658019294596,85.6235478489698,72.0891733063677,84.5268756762159,1308223470.34561,16705867.3624078,1308.22347034561
AVAX,2022-03-01,84.5268756762159,90.6884090759665,83.7206374213962,86.8905766896086,1490661977.60943,18039686.0982917,1490.66197760943
AVAX,2022-03-02,86.8905766896086,89.8129388155897,82.5961690129813,83.3991835069219,1024069351.36673,11988639.6809774,1024.06935136673
AVAX,2022-03-03,83.3991835069219,84.2675525840317,77.3275443331817,78.5530376425696,1072389216.22292,13349772.6300563,1072.38921622292
AVAX,2022-03-04,78.5530376425696,82.1218548201335,75.1202553116799,75.8360320297097,1347673937.68717,17166702.9609982,1347.67393768717
AVAX,2022-03-05,75.8360320297097,78.6116176220769,73.5758591782209,76.7144169497273,668429919.509085,8758895.3248398,668.429919509085
AVAX,2022-03-06,76.7144169497273,77.0254319877603,72.2863630915121,72.5108820963318,569657011.743305,7610880.21648621,569.657011743305
AVAX,2022-03-07,72.5108820963318,76.4417622823139,70.5595279729552,71.7331670126875,728743545.308376,9982125.4152228,728.7435453083759
AVAX,2022-03-08,71.7331670126875,76.4784655692576,71.361872957384,73.0131906605516,912642927.817019,12486855.4284966,912.642927817019
AVAX,2022-03-09,73.0131906605516,80.2282336032459,72.4592663948422,77.6162865349199,1229379230.99308,15808987.0213346,1229.37923099308
AVAX,2022-03-10,77.6162865349199,78.8959826052496,71.7732536191768,73.9841945138175,848270381.88295,11445220.7640374,848.27038188295
AVAX,2022-03-11,73.9841945138175,76.8348545080909,70.9233316597877,71.2632440443372,1173351929.25236,15828369.239039,1173.3519292523602
AVAX,2022-03-12,71.2632440443372,73.5151341286957,70.9315733073129,71.0002927935964,449538785.274995,6228389.22678204,449.538785274995
AVAX,2022-03-13,71.0002927935964,71.9573989559755,67.4126562038483,68.0531850043885,432115916.099226,6142169.83633658,432.115916099226
AVAX,2022-03-14,68.0531850043885,71.4519463032659,65.6333884563462,68.9861810029801,841809344.425442,12396518.7631214,841.809344425442
AVAX,2022-03-15,68.9861810029801,72.1422737087244,66.1769504477382,69.8307839821821,639293326.676476,9265666.73021423,639.293326676476
AVAX,2022-03-16,69.8307839821821,74.5953181568952,68.2616909287338,74.091334553489,715016105.972129,10039255.11561,715.016105972129
AVAX,2022-03-17,74.091334553489,81.6671339654055,73.2291810715811,79.4876120452549,1110932430.6167,14135739.5511828,1110.9324306167
AVAX,2022-03-18,79.4876120452549,86.8224777880123,76.634820153516,85.7070199119952,1162337260.01309,14251931.6030945,1162.33726001309
AVAX,2022-03-19,85.7070199119952,92.2954499515608,85.6993664921906,89.5529838943134,1173347993.97734,13199748.4830111,1173.34799397734
AVAX,2022-03-20,89.5529838943134,89.9228842189157,84.5888603460966,84.8373236748478,926801968.36071,10629527.7659805,926.80196836071
AVAX,2022-03-21,84.8373236748478,92.3754596412098,83.2875391856278,86.2616666582011,1294968797.34612,14760448.4241572,1294.96879734612
AVAX,2022-03-22,86.2616666582011,89.7765834620878,83.8531232854905,83.9774300102319,1178617763.06954,13526108.4540066,1178.61776306954
AVAX,2022-03-23,83.9774300102319,87.0303140958714,82.3569630131507,86.0301523002764,1019459184.57534,12028971.0119916,1019.45918457534
AVAX,2022-03-24,86.0301523002764,88.1382990975544,83.7425591687916,87.5411785012786,1104263379.34743,12817082.1143365,1104.26337934743
AVAX,2022-03-25,87.5411785012786,87.6734579556304,82.5618284046687,83.5712536137529,988150909.367246,11576571.2137239,988.1509093672461
AVAX,2022-03-26,83.5712536137529,86.7090616222488,82.5086015693945,85.8993355318379,575791875.44006,6769716.58697617,575.79187544006
AVAX,2022-03-27,85.8993355318379,89.9011246308928,84.4356003321652,89.850678453777,626008920.982731,7227864.44829857,626.008920982731
AVAX,2022-03-28,89.850678453777,96.1183287106111,88.6057029688227,89.5342040293789,1487832875.91845,16105152.3416602,1487.83287591845
AVAX,2022-03-29,89.5342040293789,96.1520743161762,89.5342040293789,92.7529320676597,1362666043.93565,14578674.6655899,1362.6660439356501
AVAX,2022-03-30,92.7529320676597,100.216099441187,89.7853437070354,95.5321488161056,1485701618.04693,15605398.2457607,1485.70161804693
AVAX,2022-03-31,95.5321488161056,101.835133160018,94.0074788787358,97.4342701165298,1918249431.08596,19581673.6303372,1918.24943108596
AVAX,2022-04-01,97.4342701165298,99.7582680796384,90.5900446899974,96.8298432037709,1449356166.6454,15195125.835508,1449.3561666454
AVAX,2022-04-02,96.8298432037709,103.563969360072,95.8290792276628,96.2130838599554,1357874598.23682,13648143.4930286,1357.87459823682
AVAX,2022-04-03,96.2130838599554,100.006363283063,94.6843687182923,98.0631669197814,1095337247.51709,11197766.9868109,1095.3372475170902
AVAX,2022-04-04,98.0631669197814,98.0631669197814,91.0441707712052,96.1615821916346,985585241.126163,10388840.4605941,985.585241126163
AVAX,2022-04-05,96.1615821916346,97.6100174010687,90.7598233232471,91.0823042736791,916086863.905079,9664483.19344311,916.086863905079
AVAX,2022-04-06,91.0823042736791,91.0823042736791,82.6965847137488,82.9785323602515,1246200467.57266,14341424.0714353,1246.20046757266
AVAX,2022-04-07,82.9785323602515,88.6136056603413,81.5815186543965,87.6456319480252,1152433078.70378,13587430.6273507,1152.43307870378
AVAX,2022-04-08,87.6456319480252,90.3626746844456,82.8091201542918,83.7517733605058,1143667504.32644,13036862.5972826,1143.6675043264402
AVAX,2022-04-09,83.7517733605058,85.5589700807106,82.2625314337186,84.5995930596861,496854235.945209,5938894.67011797,496.85423594520904
AVAX,2022-04-10,84.5995930596861,85.6553686945997,81.0369583598119,81.0640369642458,401904289.894481,4797949.82757842,401.904289894481
AVAX,2022-04-11,81.0640369642458,81.551610637989,72.9240050400006,74.3824270893159,987409072.44254,12859477.1646644,987.40907244254
AVAX,2022-04-12,74.3824270893159,79.530598634379,73.9978433986618,76.3736241151199,749777120.569039,9779166.70254722,749.777120569039
AVAX,2022-04-13,76.3736241151199,80.6586736610589,75.9344851214196,80.2320388256994,617166972.763659,7867905.25295603,617.166972763659
AVAX,2022-04-14,80.2320388256994,81.8065170631784,76.2964062644339,76.8582565462736,621028815.685028,7851581.94271224,621.028815685028
AVAX,2022-04-15,76.8582565462736,78.5466391806197,74.8318388642815,77.4773185440049,453355819.629758,5888538.82648117,453.355819629758
AVAX,2022-04-16,77.4773185440049,78.2555624111074,76.5605399549142,77.7423886824517,237024162.325117,3064435.77002484,237.024162325117
AVAX,2022-04-17,77.7423886824517,78.5991536447924,75.2093132281566,75.4764288643312,255797499.648939,3306693.79731222,255.797499648939
AVAX,2022-04-18,75.4764288643312,77.9378348363946,72.0388116760084,77.7620519064672,538566274.815183,7201444.53710698,538.5662748151831
AVAX,2022-04-19,77.7620519064672,80.9933837567256,76.83769944681,80.267040915528,497546692.232047,6310605.48771346,497.546692232047
AVAX,2022-04-20,80.267040915528,81.2766921636774,77.5383825231557,78.2320720412466,515371335.914509,6503950.750844,515.371335914509
AVAX,2022-04-21,78.2320720412466,80.114532181791,74.3647788426536,75.0602003445844,482372974.993865,6199890.50578575,482.372974993865
AVAX,2022-04-22,75.0602003445844,77.1513403197872,73.4402885213576,74.0463194706316,442049014.429939,5884077.86255155,442.04901442993895
AVAX,2022-04-23,74.0463194706316,74.4048507563666,72.5786988725965,72.8566853372598,286774562.9366,3885610.62210404,286.77456293660003
AVAX,2022-04-24,72.8566853372598,73.4962686319111,71.2335711483015,71.539874553196,245646386.444819,3390259.17106424,245.646386444819
AVAX,2022-04-25,71.539874553196,72.9451113065908,67.4844618478689,72.8920282922545,607031061.03978,8688271.64787365,607.0310610397801
AVAX,2022-04-26,72.8920282922545,73.1472992207662,67.6287184601413,68.7315474386851,496743572.48367,7093811.76969049,496.74357248367
AVAX,2022-04-27,68.7315474386851,71.9041434923411,68.3982265628196,69.881452601119,389707511.178759,5566485.38417355,389.707511178759
AVAX,2022-04-28,69.881452601119,70.6895656566422,66.695038517126,67.2972530145692,455930290.713187,6645312.06001752,455.930290713187
AVAX,2022-04-29,67.2972530145692,67.9591268750686,62.4333541586242,63.428195513564,454666842.423957,6953463.90479896,454.666842423957
AVAX,2022-04-30,63.428195513564,64.6736426832893,55.4320270136001,57.0479453994441,552169789.034815,9183266.32832526,552.1697890348149
AVAX,2022-05-01,57.0479453994441,61.0445018885155,56.4954248485809,58.816931069949,618607935.730151,10527537.047721,618.6079357301511
AVAX,2022-05-02,58.816931069949,62.3748879319221,56.877755992964,60.4065956230544,749872033.371209,12594825.1684492,749.872033371209
AVAX,2022-05-03,60.4065956230544,62.4241971496562,58.2045452583588,59.6646144518049,485042821.809335,8020206.52149529,485.042821809335
AVAX,2022-05-04,59.6646144518049,67.4204551829047,59.3657870411418,67.2594880236695,647591717.070656,10268334.1226072,647.5917170706559
AVAX,2022-05-05,67.2594880236695,69.383778661464,56.8850018264127,59.0677157704566,1000147252.77466,16196914.8317028,1000.14725277466
AVAX,2022-05-06,59.0677157704566,59.3279711355657,55.2167541933744,57.0370288008684,687983308.296692,12016290.6484467,687.983308296692
AVAX,2022-05-07,57.0370288008684,57.5030622331842,53.4183348352218,55.0881676944378,450423671.553552,8014533.42703047,450.42367155355197
AVAX,2022-05-08,55.0881676944378,55.3905620335413,50.8309047979075,51.6707658730104,638330375.532645,12064616.1737849,638.330375532645
AVAX,2022-05-09,51.6707658730104,53.0204695012694,41.3147783356314,41.3147783356314,1049390979.53838,22158750.743414,1049.39097953838
AVAX,2022-05-10,41.3147783356314,50.3462429012172,40.240981507882,44.6094003985467,1219679891.77369,26764941.9699888,1219.67989177369
AVAX,2022-05-11,44.6094003985467,46.2310049585994,26.3343853452304,31.1334216117828,1786246998.52607,50155361.2030944,1786.2469985260702
AVAX,2022-05-12,31.1334216117828,33.7474282203369,22.4684464930783,30.2817055419855,1259719085.31462,43306901.2748708,1259.71908531462
AVAX,2022-05-13,30.2817055419855,37.7767116107283,29.5731206874702,32.2320429132917,931518713.483706,27281850.7956604,931.518713483706
AVAX,2022-05-14,32.2320429132917,34.2516880019583,29.3695986367751,33.9788047061165,498207049.536876,15664727.6531558,498.207049536876
AVAX,2022-05-15,33.9788047061165,36.94835303099,31.9485172906385,36.5726486346305,503500215.333791,14626258.2902796,503.500215333791
AVAX,2022-05-16,36.5726486346305,36.5726486346305,31.6401276159306,32.5430296307768,610717881.003086,18371917.1660142,610.717881003086
AVAX,2022-05-17,32.5430296307768,35.6922447553675,32.2792312016731,34.3720830257429,469240473.621785,13827537.4630035,469.240473621785
AVAX,2022-05-18,34.3720830257429,35.0626987404548,29.4104040122563,29.5649725929641,466539636.941454,14625684.5245325,466.539636941454
AVAX,2022-05-19,29.5649725929641,31.8113866876624,27.5671870257595,30.3737014434583,585128307.269964,19757522.1696077,585.128307269964
AVAX,2022-05-20,30.3737014434583,31.829727248307,27.8824570357061,28.7916333277947,598841473.760267,20045346.4180665,598.841473760267
AVAX,2022-05-21,28.7916333277947,30.5635370309281,28.3130824170254,29.862428472413,328168678.833147,11154885.2368413,328.168678833147
AVAX,2022-05-22,29.862428472413,32.5117790744091,29.0172641220788,31.6975564675406,475307281.313423,15378492.1921232,475.307281313423
AVAX,2022-05-23,31.6975564675406,32.8928601813863,28.6608050304625,29.0619658182213,570584204.239532,18231720.2543628,570.584204239532
AVAX,2022-05-24,29.0619658182213,29.5941047646879,27.0289063324349,29.0569900160902,476076416.677094,16681776.7334455,476.07641667709396
AVAX,2022-05-25,29.0569900160902,29.5515338999014,27.1672629555316,27.2287966610964,421733171.112696,14989202.8986841,421.73317111269597
AVAX,2022-05-26,27.2287966610964,27.9203308971442,23.018227795387,23.4503205819509,702845802.717424,28168902.3582709,702.845802717424
AVAX,2022-05-27,23.4503205819509,23.7656161658233,21.4247318308894,22.5568505818707,687869140.544773,30496771.2805269,687.869140544773
AVAX,2022-05-28,22.5568505818707,25.6511245642357,22.1992754895422,24.7678493192741,489037986.940617,20552486.9980044,489.03798694061703
AVAX,2022-05-29,24.7678493192741,26.9362393956348,23.7873057332097,26.1576412700862,506823580.199707,19860931.3965233,506.82358019970695
AVAX,2022-05-30,26.1576412700862,28.3532800317968,25.3867410357272,27.6978103793151,684211649.097608,25210994.9610254,684.211649097608
AVAX,2022-05-31,27.6978103793151,29.0684228464025,25.5958092034477,26.411494231902,687000286.451151,25386769.9361433,687.000286451151
AVAX,2022-06-01,26.411494231902,26.9705991689932,23.355690554746,23.6977083489096,512639370.467849,20331373.8820375,512.6393704678491
AVAX,2022-06-02,23.6977083489096,24.8516333225135,22.7246810581175,24.6392277705518,423061189.533082,17812810.7487193,423.06118953308203
AVAX,2022-06-03,24.6392277705518,24.6555117826856,22.584190671709,23.0080289587164,319705046.546658,13716142.8147355,319.70504654665797
AVAX,2022-06-04,23.0080289587164,24.6594916434125,22.1980247906595,24.5789489642334,253218049.953801,10894556.6627127,253.218049953801
AVAX,2022-06-05,24.5789489642334,25.1395152176588,23.9488031605795,24.1790477127367,284730607.497583,11600131.3891856,284.730607497583
AVAX,2022-06-06,24.1790477127367,27.7268619180349,24.0542280181261,25.9859403042051,567618758.888657,21546578.4273986,567.618758888657
AVAX,2022-06-07,25.9859403042051,26.1176030972055,23.1561454990911,24.5877065053918,618140710.117126,25402582.3585951,618.140710117126
AVAX,2022-06-08,24.5877065053918,25.3413256882779,23.7491171434035,24.4987630824399,327831857.487327,13422045.5248352,327.831857487327
AVAX,2022-06-09,24.4987630824399,25.2427085895467,23.7740965780107,24.3868295604931,220042123.366803,8963996.68304519,220.042123366803
AVAX,2022-06-10,24.3868295604931,24.7007168417022,22.0253791344871,22.1090720265709,38223289.944522,1644754.28632859,38.223289944522
AVAX,2022-06-11,22.1090720265709,22.9333116273434,19.7056694050916,19.885270682005,26292255.7829927,1248775.93625225,26.292255782992697
AVAX,2022-06-12,19.885270682005,20.0998525994434,17.2754551825834,17.2754551825834,13257237.2738158,712186.9235702,13.2572372738158
AVAX,2022-06-13,17.2754551825834,17.2787957354699,15.3596141527046,16.1260834239913,3471348.17463536,213787.90455537,3.47134817463536
AVAX,2022-06-14,16.1260834239913,17.2647117398118,14.7424538738696,16.5326479359457,102983883.331211,6369924.53787935,102.983883331211
AVAX,2022-06-15,16.5326479359457,18.4271084591089,14.6084767605856,18.309029360282,178847375.054197,11109432.4634048,178.84737505419702
AVAX,2022-06-16,18.309029360282,18.6411835250109,15.5269352257125,15.7888756392433,436360395.309957,26123426.5963874,436.360395309957
AVAX,2022-06-17,15.7888756392433,16.6468038215763,15.5146042652171,15.9851121525285,271906172.065413,16841564.6666118,271.906172065413
AVAX,2022-06-18,15.9851121525285,16.2812902689699,13.8220425913479,14.8230178786375,362811647.746119,24308785.5427262,362.81164774611904
AVAX,2022-06-19,14.8230178786375,16.3211469976278,13.7765684060734,16.1554882437935,342247587.295528,22788739.6938013,342.247587295528
AVAX,2022-06-20,16.1554882437935,17.8172113650089,15.3550637819751,17.0896392049563,362453349.568476,21660230.7507167,362.453349568476
AVAX,2022-06-21,17.0896392049563,18.4396735263417,16.6538491191459,16.9060736642201,327285211.274617,18680085.8082803,327.28521127461704
AVAX,2022-06-22,16.9060736642201,17.3600938007903,15.9876013205237,16.0779557934708,294503526.126214,17785438.1697762,294.503526126214
AVAX,2022-06-23,16.0779557934708,18.3594092909388,16.0746178478985,18.2765724111119,341310663.128507,19505849.4552008,341.31066312850703
AVAX,2022-06-24,18.2765724111119,20.9030906002771,18.068123652544,20.4771939806762,487024697.270899,24904327.8268988,487.024697270899
AVAX,2022-06-25,20.4771939806762,21.4834065198657,19.9108531909869,21.3561503674602,349398021.027455,16788929.0755302,349.39802102745494
AVAX,2022-06-26,21.3561503674602,21.8197490139839,19.6756062545538,19.7282203669112,321264096.328265,15333415.9079353,321.264096328265
AVAX,2022-06-27,19.7282203669112,21.3514506167566,19.2116243788019,19.3318811803086,336658310.282977,16691572.4525018,336.65831028297697
AVAX,2022-06-28,19.3318811803086,20.4955413409815,18.0321507259249,18.1147767700741,384665890.960258,19884926.847012,384.665890960258
AVAX,2022-06-29,18.1147767700741,18.6476913359065,17.2361289657914,17.7810555164178,338758083.439296,18907604.2550168,338.758083439296
AVAX,2022-06-30,17.7810555164178,17.7899716001187,15.8216185773127,16.9737551324802,324985659.430715,19692627.2421268,324.98565943071503
AVAX,2022-07-01,16.9737551324802,17.6047578680114,15.8271530291206,16.11849595538,362736433.922736,22125822.5065575,362.736433922736
AVAX,2022-07-02,16.11849595538,16.5951662899757,15.9823018297513,16.3206153510819,169906744.217894,10428940.7513973,169.906744217894
AVAX,2022-07-03,16.3206153510819,16.8044209648561,15.8639483025939,16.6426255980906,190804692.613705,11753205.6202535,190.80469261370501
AVAX,2022-07-04,16.6426255980906,18.0006985876382,16.3162741807913,17.9014408677684,311318764.207444,18136070.6564815,311.318764207444
AVAX,2022-07-05,17.9014408677684,18.5819925947939,16.6912337606885,18.0276787826052,387967262.535124,22108867.8524871,387.967262535124
AVAX,2022-07-06,18.0276787826052,19.3998449854352,17.8045303652376,19.1546724775842,411978993.024498,22234994.7261543,411.978993024498
AVAX,2022-07-07,19.1546724775842,20.5295098276933,18.8640655083403,20.1778572689234,403533914.072778,20507086.202826,403.533914072778
AVAX,2022-07-08,20.1778572689234,20.9803160449615,19.4694802750695,19.7287770553474,415524870.486428,20666585.6819353,415.52487048642803
AVAX,2022-07-09,19.7287770553474,20.2351204808484,19.586893355499,19.90172179734,197642470.334578,9910164.17188629,197.642470334578
AVAX,2022-07-10,19.90172179734,19.9815835775378,18.8014678279712,19.168009945609,218568985.385531,11332230.5153797,218.56898538553102
AVAX,2022-07-11,19.168009945609,19.168009945609,17.3435501915529,17.3569998140029,225656112.65501,12324240.9956525,225.65611265501002
AVAX,2022-07-12,17.3569998140029,18.0514095619349,16.740604285094,16.7647061226565,256642806.905812,14642667.802298,256.642806905812
AVAX,2022-07-13,16.7647061226565,18.889965155916,16.4303130937491,18.8333885370984,401691028.067735,22956138.6942301,401.69102806773503
AVAX,2022-07-14,18.8333885370984,19.8975247726324,17.8077717641866,19.7456846768144,413705190.391271,22000036.5480108,413.705190391271
AVAX,2022-07-15,19.7456846768144,20.1814813950255,19.1124386554761,19.3574933511682,342596027.488743,17366050.0101105,342.596027488743
AVAX,2022-07-16,19.3574933511682,21.3622466991627,18.7185715676709,21.2235034405605,376543052.608053,18647146.8912414,376.543052608053
AVAX,2022-07-17,21.2235034405605,22.0311714354063,20.5846103084808,20.6138050999596,322560622.686485,15135487.5549,322.560622686485
AVAX,2022-07-18,20.6138050999596,24.2068704518433,20.5923100311387,23.965292891421,652014533.630566,28197898.4201827,652.014533630566
AVAX,2022-07-19,23.965292891421,26.1843614398265,23.0617365365008,24.7237233597754,758637665.128908,30939806.1195055,758.637665128908
AVAX,2022-07-20,24.7237233597754,26.2477714011577,23.469197466443,23.5997742948212,687384597.158345,27511825.0682647,687.384597158345
AVAX,2022-07-21,23.5997742948212,25.4428548895671,22.6791144304602,25.0146358357697,508385918.814124,21087448.452783,508.385918814124
AVAX,2022-07-22,25.0146358357697,25.4762317965645,23.6398916681447,23.6627954690013,416194136.39973,16835868.9460292,416.19413639973004
AVAX,2022-07-23,23.6627954690013,24.6538669426943,22.8790849101519,23.6310892500442,279887933.662595,11792042.584179,279.88793366259495
AVAX,2022-07-24,23.6310892500442,24.4715269570947,23.2773618221697,23.8181824554069,249241714.671719,10410159.5204769,249.24171467171902
AVAX,2022-07-25,23.8181824554069,23.8484081552924,20.9492670908543,20.9492670908543,371054352.317537,16790852.5189151,371.054352317537
AVAX,2022-07-26,20.9492670908543,20.9825449306846,19.5848184481466,20.7330518186693,276999634.947925,13587719.305824,276.99963494792496
AVAX,2022-07-27,20.7330518186693,23.44103826195,20.2475646019874,23.4083192915245,444910808.680514,20339704.478,444.910808680514
AVAX,2022-07-28,23.4083192915245,24.6666471108995,22.5148323453514,24.2142062060456,546099873.804844,23190513.3702232,546.099873804844
AVAX,2022-07-29,24.2142062060456,25.3583812070139,23.5236287854056,24.4935027123213,518376070.464055,21148142.7018394,518.376070464055
AVAX,2022-07-30,24.4935027123213,25.7704628185069,24.0292873205769,24.2427542862872,441434255.275727,17786222.2630794,441.43425527572697
AVAX,2022-07-31,24.2427542862872,25.1484857357399,23.5854611550753,23.7519731512607,320624724.439468,13084875.1493766,320.624724439468
AVAX,2022-08-01,23.7519731512607,24.3106772465011,23.040291703134,23.6063333263212,312926856.190587,13264058.1127005,312.926856190587
AVAX,2022-08-02,23.6063333263212,23.9155478510056,22.2830658625504,22.8691942124215,301573715.70221,13137713.0908168,301.57371570221
AVAX,2022-08-03,22.8691942124215,24.1674194556328,22.3381684167276,23.0869112744383,280122282.857586,11899052.7271088,280.122282857586
AVAX,2022-08-04,23.0869112744383,24.0042682618048,22.9748991590811,23.3952592282977,226344205.22804,9657952.09313202,226.34420522804
AVAX,2022-08-05,23.3952592282977,24.9750972737332,23.1629512336995,24.9721085689969,316815430.434722,13078198.5487055,316.81543043472203
AVAX,2022-08-06,24.9721085689969,26.8800711482333,24.7365150416331,26.6825333217998,417625936.688618,16146040.6013203,417.625936688618
AVAX,2022-08-07,26.6825333217998,28.3266179277511,25.8789683788965,27.9280237593276,447818961.994212,16419275.8159167,447.818961994212
AVAX,2022-08-08,27.9280237593276,30.7929541649316,27.618665339495,27.9578095088052,619307262.178686,21331531.4296781,619.3072621786861
AVAX,2022-08-09,27.9578095088052,28.7970968461031,27.0792070634733,27.4845671933518,458931802.377207,16502873.1423302,458.93180237720696
AVAX,2022-08-10,27.4845671933518,30.1296706846898,26.7370135453562,29.2039965415254,552545894.782572,19249306.1605144,552.5458947825721
AVAX,2022-08-11,29.2039965415254,30.0025183202506,28.4565775350022,28.5703861424188,435779442.023428,14829375.8205013,435.77944202342803
AVAX,2022-08-12,28.5703861424188,29.4375185419387,28.1795105590269,29.355011663449,266937198.038204,9234146.81276718,266.93719803820403
AVAX,2022-08-13,29.355011663449,30.3251539327514,28.9404298969255,29.2025217917686,302621577.659482,10208041.2468104,302.621577659482
AVAX,2022-08-14,29.2025217917686,29.8376875285522,27.9407438432301,28.2314939988774,277722947.583907,9595523.15170493,277.722947583907
AVAX,2022-08-15,28.2314939988774,29.2776507688681,27.1588140718399,27.9234425248781,286519142.513365,10221707.4091946,286.51914251336495
AVAX,2022-08-16,27.9234425248781,28.3906227222046,27.0145437706502,27.1519040818944,243841483.688006,8821709.07000263,243.841483688006
AVAX,2022-08-17,27.1519040818944,28.2204029092931,25.3359080498268,25.5962940546565,301900916.15835,11292533.1057965,301.90091615835
AVAX,2022-08-18,25.5962940546565,26.27971125066,24.1953447253675,24.2543639323532,231599180.456128,9075349.7098583,231.599180456128
AVAX,2022-08-19,24.2543639323532,24.4005765703298,21.5554515408423,22.4884486819875,472153192.91951,20723649.229016,472.15319291951
AVAX,2022-08-20,22.4884486819875,23.1096206694615,21.7166607309921,22.3376585161105,278874435.057191,12363124.5556795,278.874435057191
AVAX,2022-08-21,22.3376585161105,23.5283608784831,22.2111855855997,23.002878213875,231242797.812251,10107963.6787169,231.242797812251
AVAX,2022-08-22,23.002878213875,23.0231482503556,21.6805359066232,22.5820193303477,212826204.973201,9551038.20622868,212.82620497320102
AVAX,2022-08-23,22.5820193303477,23.6890058214324,21.8839529823234,23.5243197073516,276646970.586628,12044286.543457,276.646970586628
AVAX,2022-08-24,23.5243197073516,23.6326198736643,22.8688517603698,23.0315420721618,216021311.377205,9298828.11478146,216.02131137720502
AVAX,2022-08-25,23.0315420721618,23.6561876426628,22.7450408319405,23.0203493143044,195779039.774567,8437044.97037833,195.779039774567
AVAX,2022-08-26,23.0203493143044,23.1969659499301,20.4253557106342,20.6959097336527,382039304.934632,17303989.176209,382.039304934632
AVAX,2022-08-27,20.6959097336527,20.9124092000084,19.8441900302259,20.0608397388946,252088670.455977,12351847.3073734,252.088670455977
AVAX,2022-08-28,20.0608397388946,20.4927264495607,18.1720179867437,18.5620733491344,269767636.801479,13777397.7766495,269.767636801479
AVAX,2022-08-29,18.5620733491344,19.4834183510259,17.5511557644257,19.3553645443647,441584646.506568,23867249.4544181,441.584646506568
AVAX,2022-08-30,19.3553645443647,20.6111813700427,18.9629219455624,19.4235671156778,432987551.995964,21882077.4477427,432.987551995964
AVAX,2022-08-31,19.4235671156778,20.0497799854264,19.0430445572056,19.172710241592,283584725.572741,14435877.4628713,283.584725572741
AVAX,2022-09-01,19.172710241592,19.4463589165083,18.3978377438016,19.3341021074856,214870087.26203,11331167.9105576,214.87008726203
AVAX,2022-09-02,19.3341021074856,19.6534561271931,18.7326171994089,18.8871432889032,202873042.676134,10567414.6298457,202.873042676134
AVAX,2022-09-03,18.8871432889032,19.023677710775,18.6156014135513,18.9087049514006,114017568.26343,6048799.15838974,114.01756826343
AVAX,2022-09-04,18.9087049514006,19.1293243040917,18.76508903292,19.0261571474448,128837855.011125,6795118.33154342,128.837855011125
AVAX,2022-09-05,19.0261571474448,19.4604535338362,18.4838884786495,19.4479744365854,148229769.513354,7870136.14324939,148.229769513354
AVAX,2022-09-06,19.4479744365854,20.4486290402715,18.2273682364045,18.2384865365905,335922408.699419,17179700.8706215,335.922408699419
AVAX,2022-09-07,18.2384865365905,19.2939607868294,17.9149942181127,19.0128334515614,197285948.937884,10621751.0014756,197.285948937884
AVAX,2022-09-08,19.0128334515614,19.1580416828983,18.4520650059268,19.1383269343786,199848547.942216,10587937.4570117,199.84854794221602
AVAX,2022-09-09,19.1383269343786,20.7020295998417,19.1253467736955,20.3977023747272,284642357.232138,14148486.7832803,284.64235723213795
AVAX,2022-09-10,20.3977023747272,21.1382552076103,20.0755642597224,20.4506493218184,245796151.001636,11994889.8927082,245.796151001636
AVAX,2022-09-11,20.4506493218184,20.9357128539545,19.9735297893928,20.6850181474704,223493238.345026,10913785.3203882,223.493238345026
AVAX,2022-09-12,20.6850181474704,21.9037146268784,20.0774350593079,21.3852068102107,511194915.839462,24215514.7087734,511.194915839462
AVAX,2022-09-13,21.3852068102107,21.7444605792942,18.8218722254843,18.8903479169605,486026821.610189,23731273.5235333,486.026821610189
AVAX,2022-09-14,18.8903479169605,19.3222422553502,18.4886126498888,19.1360113401063,296123821.943119,15565392.7042366,296.12382194311897
AVAX,2022-09-15,19.1360113401063,19.360972997035,18.1320600161167,18.2229615019913,300378799.287202,16029783.2366046,300.378799287202
AVAX,2022-09-16,18.2229615019913,18.3184829455676,17.6335049546877,18.0730173956791,248654039.921036,13814889.1730948,248.654039921036
AVAX,2022-09-17,18.0730173956791,18.5936612664557,18.0667683992204,18.4914872699781,142958919.692716,7793883.31891918,142.958919692716
AVAX,2022-09-18,18.4914872699781,18.7560908775915,16.4914047820254,16.7274427564672,287606318.167693,15926353.7883395,287.606318167693
AVAX,2022-09-19,16.7274427564672,17.3892050650017,16.4268993490239,17.3042582541455,214794477.394581,12693221.244021,214.79447739458098
AVAX,2022-09-20,17.3042582541455,17.3862202718518,16.614782612787,16.6770218356974,183735550.038311,10835105.2174643,183.735550038311
AVAX,2022-09-21,16.6770218356974,17.855580552214,16.2654577349512,16.5826269908793,267344073.493863,15752363.8547342,267.344073493863
AVAX,2022-09-22,16.5826269908793,17.8740846840006,16.4463603677996,17.6917711092193,206773271.833777,11942431.1046937,206.77327183377702
AVAX,2022-09-23,17.6917711092193,18.2095246318964,17.1731180211033,17.966529812775,228831440.532565,12967020.7490301,228.831440532565
AVAX,2022-09-24,17.966529812775,18.1926188321496,17.5820541995623,17.6064026103629,147578945.857801,8230747.76353323,147.578945857801
AVAX,2022-09-25,17.6064026103629,17.8827773812312,17.1630416681248,17.3504800435242,124061148.175209,7045596.76584217,124.061148175209
AVAX,2022-09-26,17.3504800435242,17.5993959696937,16.9837062230674,17.5623318401249,163609531.937514,9440487.16048885,163.60953193751402
AVAX,2022-09-27,17.5623318401249,18.4619380409956,17.0716084362235,17.3187567197849,284675948.40412,16019908.7542752,284.67594840412005
AVAX,2022-09-28,17.3187567197849,17.4377464239931,16.783058020756,17.2730893079395,202085711.722334,11810503.1985331,202.085711722334
AVAX,2022-09-29,17.2730893079395,17.3970495310105,16.9294494451603,17.3582848054423,163946608.214315,9537464.05625734,163.946608214315
AVAX,2022-09-30,17.3582848054423,17.713963677668,17.0324123197026,17.2032686107512,224464730.750893,12939172.8128188,224.46473075089298
AVAX,2022-10-01,17.2032686107512,17.3097324270631,16.9030842768943,16.9717858510413,117849424.617461,6873781.00996217,117.849424617461
AVAX,2022-10-02,16.9717858510413,17.1394821796136,16.4965553094965,16.5486682037023,155785607.860902,9249585.65616339,155.78560786090202
AVAX,2022-10-03,16.5486682037023,17.3069113848198,16.4229435846263,17.1507224706495,180124981.208874,10693793.3627046,180.12498120887398
AVAX,2022-10-04,17.1507224706495,17.5410003821823,17.0939811216986,17.4452849566845,162448029.632379,9364576.37841877,162.448029632379
AVAX,2022-10-05,17.4452849566845,17.4602250044051,16.965728826663,17.3852464519124,159522095.750861,9257962.62571805,159.52209575086098
AVAX,2022-10-06,17.3852464519124,17.6559092674559,16.9874044470828,17.0411522788409,183938576.716851,10624540.9611926,183.938576716851
AVAX,2022-10-07,17.0411522788409,17.14037293281,16.7460187421848,16.9122900683403,159860239.34946,9437956.59260185,159.86023934946002
AVAX,2022-10-08,16.9122900683403,17.0017709594579,16.6855390744627,16.8006075709287,101844878.741234,6038598.65031746,101.844878741234
AVAX,2022-10-09,16.8006075709287,17.0072985293041,16.7229743374986,16.9236324293551,99415748.1549301,5887863.25583414,99.4157481549301
AVAX,2022-10-10,16.9236324293551,17.2087533079998,16.2079398024621,16.2113867490668,173302558.151488,10385031.4856202,173.302558151488
AVAX,2022-10-11,16.2113867490668,16.3026458284333,15.6980543213403,15.9625200648935,198207566.732473,12406441.4204155,198.207566732473
AVAX,2022-10-12,15.9625200648935,16.1566202777581,15.8652371291407,15.967604543901,124180462.961204,7756962.62652735,124.180462961204
AVAX,2022-10-13,15.967604543901,16.0044875982802,14.5342209826,15.6621094659542,345438421.234385,22696579.0758805,345.43842123438503
AVAX,2022-10-14,15.6621094659542,16.3836221631387,15.5564943469127,15.6768011490467,208551827.758879,12997663.2124494,208.551827758879
AVAX,2022-10-15,15.6768011490467,15.7661073693458,15.3663157624619,15.4411812708058,121756903.310528,7783271.67128634,121.75690331052799
AVAX,2022-10-16,15.4411812708058,15.8815355984169,15.4400735547144,15.7452677265313,129576859.741506,8279429.71561184,129.57685974150598
AVAX,2022-10-17,15.7452677265313,16.2692083417739,15.6664172147071,16.1754712802305,193679114.133962,12098937.9364924,193.679114133962
AVAX,2022-10-18,16.1754712802305,16.3475435118045,15.5861417389664,15.8668939895257,224277475.956237,13985334.1801546,224.277475956237
AVAX,2022-10-19,15.8668939895257,15.9031040986831,15.0471134036096,15.0588959987389,229391091.659402,14784361.8092452,229.391091659402
AVAX,2022-10-20,15.0588959987389,15.4634964613451,14.9164076095346,15.1444701558504,257918173.172839,16927834.4303584,257.918173172839
AVAX,2022-10-21,15.1444701558504,15.7440447807388,14.6386258989796,15.6870264693266,242353970.87806,16024977.0923749,242.35397087806
AVAX,2022-10-22,15.6870264693266,15.8876222549983,15.5432372446008,15.6811997116682,157811509.750063,10049826.2356034,157.811509750063
AVAX,2022-10-23,15.6811997116682,16.3554289497004,15.6098590244118,16.3295687786081,206168379.655117,12993412.9769979,206.168379655117
AVAX,2022-10-24,16.3295687786081,16.4778395067056,15.6483642498767,15.7439262520227,188871925.782807,11837839.3053456,188.87192578280698
AVAX,2022-10-25,15.7439262520227,16.9836398098195,15.6234612687046,16.6341872094868,286057918.331373,17492511.8496074,286.057918331373
AVAX,2022-10-26,16.6341872094868,17.2922564570151,16.6341872094868,17.0013206180603,361723196.423119,21209082.608795,361.723196423119
AVAX,2022-10-27,17.0013206180603,17.4645800341239,16.8485101733011,16.8973276213345,413275070.058078,24116543.2172568,413.275070058078
AVAX,2022-10-28,16.8973276213345,18.3922482332179,16.7596729308596,18.3331677990836,457098803.616353,26069873.5985513,457.098803616353
AVAX,2022-10-29,18.3331677990836,18.8705007716949,18.1712179155966,18.2838133598641,360948083.13073,19500097.9935703,360.94808313072997
AVAX,2022-10-30,18.2838133598641,18.7893617560813,17.9423838054918,18.239469924998,323449659.965311,17605118.418924,323.449659965311
AVAX,2022-10-31,18.239469924998,19.8060293551186,18.1870567491223,19.2646910865606,459834982.024198,24156072.6980967,459.834982024198
AVAX,2022-11-01,19.2646910865606,19.4641980877374,18.5825530205985,18.622653337528,235680177.184659,12367221.2567009,235.68017718465902
AVAX,2022-11-02,18.622653337528,18.7611622221478,17.4498747469182,17.9210036074359,294354811.93112,16253204.1235434,294.35481193111997
AVAX,2022-11-03,17.9210036074359,18.8478477781319,17.8267468932739,18.0427655167941,197688643.629796,10726534.6457072,197.688643629796
AVAX,2022-11-04,18.0427655167941,19.6233754891186,17.9156155705406,19.3829394169816,293058460.633849,15448393.6740928,293.05846063384905
AVAX,2022-11-05,19.3829394169816,20.5187965242843,19.1950395489781,19.6072287536048,313494327.5846,15874551.020394,313.49432758459994
AVAX,2022-11-06,19.6072287536048,19.7277831928402,18.2436928044509,18.2496586709807,196645639.238463,10249050.5240289,196.64563923846302
AVAX,2022-11-07,18.2496586709807,18.8687139711516,17.7814789851944,18.0868908673809,252735541.606628,13764658.6498362,252.735541606628
AVAX,2022-11-08,18.0868908673809,18.1625195730308,15.1094697656679,16.0497575064883,721321989.562901,43547179.8608596,721.321989562901
AVAX,2022-11-09,16.0497575064883,16.1570398749029,12.1428056645322,12.9382457426718,665583321.082287,47052899.1507938,665.583321082287
AVAX,2022-11-10,12.9382457426718,15.902299880837,12.7454863296412,15.4033364312913,405247066.050189,28052148.3054178,405.247066050189
AVAX,2022-11-11,15.4033364312913,15.4406829487601,13.6191176219153,14.1273742371582,241614733.889419,16739718.1150889,241.614733889419
AVAX,2022-11-12,14.1273742371582,14.1273742371582,12.95837421118,13.1128532449226,114310468.832221,8546195.71866888,114.310468832221
AVAX,2022-11-13,13.1128532449226,13.3624893334005,12.7174555723049,13.0402780297608,129467229.869231,9887762.07546873,129.467229869231
AVAX,2022-11-14,13.0402780297608,13.5917921049922,12.0982670924291,13.1436151136656,186288769.895383,14392935.6120774,186.288769895383
AVAX,2022-11-15,13.1436151136656,13.9968660265959,13.0325989461129,13.5177045055942,139597750.629752,10361872.3388531,139.597750629752
AVAX,2022-11-16,13.5177045055942,13.70522985164,12.8519480793256,13.0762914898847,120984014.465886,9126274.16371669,120.98401446588599
AVAX,2022-11-17,13.0762914898847,13.3173944807239,12.6784023332801,12.8809919241616,127680357.895147,9804723.97337721,127.680357895147
AVAX,2022-11-18,12.8809919241616,13.2854370085823,12.8763541482163,12.9947906408644,137076205.599444,10464253.5465847,137.076205599444
AVAX,2022-11-19,12.9947906408644,12.9947906408644,12.542930365126,12.8692969046919,107717662.181347,8427096.15077133,107.717662181347
AVAX,2022-11-20,12.8692969046919,13.1380132523323,12.0927753632987,12.1827549393881,139076105.155175,10931554.0372428,139.07610515517501
AVAX,2022-11-21,12.1827549393881,12.2016497550981,11.6017567058206,11.8068257588444,186438036.439871,15668865.6577477,186.438036439871
AVAX,2022-11-22,11.8068257588444,12.3580791606909,11.4729850154639,12.3368725152894,180622592.763798,15123260.360597,180.622592763798
AVAX,2022-11-23,12.3368725152894,13.0535000488929,12.3368725152894,13.049983990698,173383596.101741,13666959.5705978,173.38359610174098
AVAX,2022-11-24,13.049983990698,13.3907026638476,12.7714715180984,12.9410641818802,155835650.390415,11966068.710157,155.83565039041503
AVAX,2022-11-25,12.9410641818802,13.0144722838855,12.5165191353087,12.8275312620545,119899831.926037,9388727.23559315,119.899831926037
AVAX,2022-11-26,12.8275312620545,13.2410661639014,12.6399633313615,12.743997069539,147437908.647273,11382904.6235459,147.437908647273
AVAX,2022-11-27,12.743997069539,13.2549619182976,12.6736854550039,12.85225714439,139778802.310686,10741059.8220267,139.778802310686
AVAX,2022-11-28,12.85225714439,12.996104534275,11.9924962533899,12.4473670118067,200703350.398754,16255643.5311518,200.703350398754
AVAX,2022-11-29,12.4473670118067,12.6961307137407,12.3091375058405,12.4634943360863,180600089.933512,14480787.99519,180.600089933512
AVAX,2022-11-30,12.4634943360863,13.1880048245609,12.4634943360863,13.1525050737066,201398287.240405,15613515.6190321,201.39828724040498
AVAX,2022-12-01,13.1525050737066,13.3246988002895,12.8258593486427,12.9021454012628,153301033.318788,11753722.1328547,153.301033318788
AVAX,2022-12-02,12.9021454012628,13.6411884410004,12.799798337162,13.5722092378684,197582296.437164,14984750.3881006,197.58229643716402
AVAX,2022-12-03,13.5722092378684,13.8916872013045,13.3101226016629,13.4393252164825,198104248.71519,14588905.5638716,198.10424871518998
AVAX,2022-12-04,13.4393252164825,13.9263365421291,13.405560782815,13.9217298126601,196883768.704584,14392250.7359309,196.883768704584
AVAX,2022-12-05,13.9217298126601,14.3333448181119,13.4900981121517,13.6040065785731,196293694.283631,14087370.5354561,196.293694283631
AVAX,2022-12-06,13.6040065785731,13.7035523401118,13.4666822436877,13.6993680853668,152053986.487088,11200824.8207786,152.053986487088
AVAX,2022-12-07,13.6993680853668,13.7187991358912,13.0095270807937,13.2688571068517,143915823.597344,10831025.2509205,143.915823597344
AVAX,2022-12-08,13.2688571068517,13.5013579558988,13.0722670004113,13.4011377726738,134409403.367206,10116743.6582879,134.409403367206
AVAX,2022-12-09,13.4011377726738,13.6221721018404,13.3444211212122,13.488181465449,149310888.665783,11093875.4716569,149.31088866578298
AVAX,2022-12-10,13.488181465449,13.5764605990679,13.3200359954581,13.4745686659642,124435742.248822,9253086.5387784,124.43574224882201
AVAX,2022-12-11,13.4745686659642,13.5095464500479,12.9220190719134,12.9664834896563,126416674.33501,9449342.90264492,126.41667433501
AVAX,2022-12-12,12.9664834896563,13.0788510152344,12.5992039708432,12.9815293265373,154485826.178614,12064884.7300047,154.485826178614
AVAX,2022-12-13,12.9815293265373,14.1486143853643,12.5902322472436,13.7581560243841,250814414.532771,18615442.9489131,250.814414532771
AVAX,2022-12-14,13.7581560243841,14.1799797540933,13.609558267513,13.7053859153437,225356146.788063,16312181.7313083,225.356146788063
AVAX,2022-12-15,13.7053859153437,13.8419302912041,13.0951171870316,13.1979675886563,163024322.971735,12076193.9682702,163.024322971735
AVAX,2022-12-16,13.1979675886563,13.2968518767293,11.6561118961272,11.8345924320271,214949884.710497,16978681.1457442,214.949884710497
AVAX,2022-12-17,11.8345924320271,11.9753628734331,11.5370467976953,11.938168281627,159759272.940887,13491670.4867289,159.759272940887
AVAX,2022-12-18,11.938168281627,12.00821322825,11.798821594977,11.9157678352569,106915066.616517,8976973.26040899,106.91506661651701
AVAX,2022-12-19,11.9157678352569,12.0857453016771,11.239731676412,11.3876242364889,233373797.501514,19733629.6833829,233.373797501514
AVAX,2022-12-20,11.3876242364889,12.0368564725361,11.3540451874393,11.9393519823415,170053704.27131,14361103.7600189,170.05370427131
AVAX,2022-12-21,11.9393519823415,11.9657876856091,11.641081489836,11.7126495472964,106376178.583372,9006241.90271537,106.376178583372
AVAX,2022-12-22,11.7126495472964,11.8406923520952,11.47390214159,11.8406923520952,123048356.602046,10534103.4459887,123.048356602046
AVAX,2022-12-23,11.8406923520952,11.9042382251507,11.7034788768947,11.764007128192,175227338.261207,14849781.8314216,175.22733826120702
AVAX,2022-12-24,11.764007128192,11.8697317213105,11.6530368210192,11.709185305898,79627451.326626,6793120.9503945,79.627451326626
AVAX,2022-12-25,11.709185305898,11.7172991872952,11.5143142186408,11.6586352200164,132691944.671326,11422909.3908555,132.69194467132598
AVAX,2022-12-26,11.6586352200164,11.809907935086,11.5667964974072,11.6930080225241,139638209.683811,11956716.4802462,139.638209683811
AVAX,2022-12-27,11.6930080225241,11.8092741672617,11.5414579272923,11.6144566098628,183879431.085002,15746634.762154,183.879431085002
AVAX,2022-12-28,11.6144566098628,11.6388326850055,11.0899211591088,11.192870470507,165101039.566836,14588337.7471027,165.101039566836
AVAX,2022-12-29,11.192870470507,11.2295873431562,10.6410377978175,10.9638572912728,148526851.212952,13421478.764539,148.52685121295198
AVAX,2022-12-30,10.9638572912728,10.9818778256065,10.6159402034518,10.8628714496974,162017597.593736,14982760.6732201,162.01759759373599
AVAX,2022-12-31,10.8628714496974,11.0337005441961,10.8210014803676,10.8710474570559,150996494.208307,13826599.3188224,150.99649420830698
AVAX,2023-01-01,10.8710474570559,10.923561996357,10.6725934606033,10.856652152023,107046841.114594,9913312.18068437,107.046841114594
AVAX,2023-01-02,10.856652152023,11.2602588643699,10.7243694103391,11.1463036167178,168702098.68707,15283445.8242237,168.70209868707002
AVAX,2023-01-03,11.1463036167178,11.5414057388659,11.0479718051896,11.3831615407144,158898827.631999,14094340.1597289,158.89882763199898
AVAX,2023-01-04,11.3831615407144,12.2948193301122,11.3574088729484,12.0714446149121,214556456.714205,18048051.3433929,214.55645671420498
AVAX,2023-01-05,12.0714446149121,12.1462480940509,11.7159550514184,11.7283702342455,170166491.879213,14295030.3822381,170.166491879213
AVAX,2023-01-06,11.7283702342455,11.8489291798612,11.3915014510645,11.7785002245956,145821111.848687,12552002.3834455,145.821111848687
AVAX,2023-01-07,11.7785002245956,11.8779884095793,11.639408963964,11.733842449387,126231292.693356,10739628.5539544,126.23129269335601
AVAX,2023-01-08,11.733842449387,12.1322469686649,11.5948245099219,12.1090545575613,161837971.700193,13679297.5132543,161.83797170019298
AVAX,2023-01-09,12.1090545575613,12.6605650054205,12.1090545575613,12.1943893419978,250906013.011451,20199350.153522,250.906013011451
AVAX,2023-01-10,12.1943893419978,12.9299330355401,12.0655450555402,12.7418935676736,244597120.497397,19543165.9825407,244.59712049739701
AVAX,2023-01-11,12.7418935676736,15.9702519961158,12.3045983595157,15.8837504473169,628831476.673998,44574047.234474,628.831476673998
AVAX,2023-01-12,15.8837504473169,16.457347683093,14.8788864933878,15.463130843778,747033465.214617,48052374.3658816,747.033465214617
AVAX,2023-01-13,15.463130843778,16.5251259489455,15.0097429510002,15.9693732775196,594372701.616312,37943149.3914659,594.372701616312
AVAX,2023-01-14,15.9693732775196,18.4442311785335,15.8759933351495,16.9586540649624,956322759.848885,56426822.988922,956.3227598488851
AVAX,2023-01-15,16.9586540649624,17.0634794159969,16.0471792818878,16.7909174391092,562437046.812106,33931831.5672894,562.437046812106
AVAX,2023-01-16,16.7909174391092,17.3005082843165,16.1134425693926,16.781769923578,502069860.565541,30018803.6180429,502.06986056554103
AVAX,2023-01-17,16.781769923578,18.2340245375316,16.6629659239496,17.1330511087158,522201200.936074,30223037.9858647,522.201200936074
AVAX,2023-01-18,17.1330511087158,17.4398188940077,15.7467475818147,15.8269278719689,466422295.161342,27966584.1767998,466.42229516134205
AVAX,2023-01-19,15.8269278719689,16.3087217061519,15.7326094792457,16.2220591443259,319830872.6642,19975060.7302692,319.8308726642
AVAX,2023-01-20,16.2220591443259,17.5719069971032,15.9183605272985,17.5305740675664,390726985.349985,23549404.1545912,390.726985349985
AVAX,2023-01-21,17.5305740675664,17.7819214938113,16.8721693710309,16.9160978186333,441436493.943551,25481675.9342978,441.436493943551
AVAX,2023-01-22,16.9160978186333,18.4437387514878,16.8682797327646,17.3568917609172,474579031.179446,26968723.8577142,474.57903117944596
AVAX,2023-01-23,17.3568917609172,18.3544137898748,17.3568917609172,17.9922394233706,425523738.68486,23924939.5641204,425.52373868486
AVAX,2023-01-24,17.9922394233706,18.971952765644,16.8494820003026,17.0444755099785,437640935.085034,24071717.9077262,437.640935085034
AVAX,2023-01-25,17.0444755099785,18.2604730059644,16.5850047960692,17.828868765651,363945950.709426,20983874.9357408,363.945950709426
AVAX,2023-01-26,17.828868765651,18.7683617583794,17.7969374005229,18.102891700382,445883575.656402,24521578.4399161,445.883575656402
AVAX,2023-01-27,18.102891700382,21.7211654575711,17.6118218208996,21.2431777301364,564462358.029761,29418694.2628914,564.4623580297609
AVAX,2023-01-28,21.2431777301364,21.827627081259,20.183639543163,20.6116676566981,584214451.211441,28089660.4600684,584.2144512114411
AVAX,2023-01-29,20.6116676566981,21.185780062663,20.2233802095961,20.9969393324915,413500864.099864,19972042.7119428,413.50086409986403
AVAX,2023-01-30,20.9969393324915,21.278985023812,19.3834900866211,19.7808073222989,597293075.647216,29251263.4854544,597.2930756472159
AVAX,2023-01-31,19.7808073222989,20.1464325934457,19.3889642635179,19.848400140883,399157590.756438,20200064.8657261,399.157590756438
AVAX,2023-02-01,19.848400140883,21.0187581121136,18.7910886240859,20.9550022682516,506445439.849736,25738502.2366488,506.445439849736
AVAX,2023-02-02,20.9550022682516,22.8050017898723,20.9550022682516,21.2606033968919,808249252.23601,36678083.7213382,808.24925223601
AVAX,2023-02-03,21.2606033968919,21.9050184476646,20.8586880178082,21.3533969934045,436456012.27393,20531106.5796526,436.45601227393
AVAX,2023-02-04,21.3533969934045,21.6899174487126,20.9549823321787,21.0230227524696,309111395.666202,14540684.8379273,309.111395666202
AVAX,2023-02-05,21.0230227524696,21.1656101806336,19.7543211916746,20.0854942624727,341070011.19285,16679626.3048351,341.07001119285
AVAX,2023-02-06,20.0854942624727,20.4164514878639,19.4992087674844,19.5564543335221,291784845.837112,14575345.0983234,291.784845837112
AVAX,2023-02-07,19.5564543335221,20.9844236672329,19.5564543335221,20.8634330184301,324418764.290996,16026476.0008365,324.418764290996
AVAX,2023-02-08,20.8634330184301,21.0140356450972,19.7159350525955,20.0990312031053,287980123.509512,14118078.0946858,287.980123509512
AVAX,2023-02-09,20.0990312031053,20.2698490823467,17.530996371955,17.8881336044054,480877637.089671,25017823.9301548,480.877637089671
AVAX,2023-02-10,17.8881336044054,18.2472744611561,17.5745826901189,17.7716038911513,398387278.733713,22196316.1572974,398.38727873371295
AVAX,2023-02-11,17.7716038911513,18.1274078104802,17.671482324833,17.9867965426823,277133776.5528,15516042.5925883,277.1337765528
AVAX,2023-02-12,17.9867965426823,18.5150728445581,17.5826920727881,17.7728669754361,380648545.260746,21026227.900865,380.648545260746
AVAX,2023-02-13,17.7728669754361,17.8985317509894,16.8969330863974,17.6800271935326,370726416.472653,21266739.1064571,370.726416472653
AVAX,2023-02-14,17.6800271935326,18.2845123244435,17.333935925715,18.1800316623404,364400383.580589,20508483.48685,364.400383580589
AVAX,2023-02-15,18.1800316623404,19.9785054110493,17.8846548451295,19.9664061963885,371775740.220212,19925450.6827537,371.77574022021196
AVAX,2023-02-16,19.9664061963885,20.3464585453794,18.5757324888694,18.5757324888694,501398284.682062,25410337.3313034,501.39828468206196
AVAX,2023-02-17,18.5757324888694,19.6699579646576,18.4738227627092,19.441888141747,382119786.974575,19934024.4813087,382.119786974575
AVAX,2023-02-18,19.441888141747,20.0704672864689,19.3146927373757,19.5258670798064,390733713.819529,19881809.0259557,390.733713819529
AVAX,2023-02-19,19.5258670798064,20.3799517493724,19.3987542835339,19.7907037216074,420099208.54995,21229296.6424407,420.09920854995
AVAX,2023-02-20,19.7907037216074,21.3374028860981,19.1431066533028,20.8530958775238,545516029.699198,26492391.7142944,545.516029699198
AVAX,2023-02-21,20.8530958775238,21.6338104291985,19.9936410577474,20.9567735606761,556713891.496126,26910012.5970414,556.713891496126
AVAX,2023-02-22,20.9567735606761,21.5095797381693,19.6116567929021,20.3081590451886,695036454.420779,33926718.9598613,695.036454420779
AVAX,2023-02-23,20.3081590451886,20.7297968521682,19.5297852961291,19.6914323543469,459724268.316999,22845615.4726233,459.72426831699903
AVAX,2023-02-24,19.6914323543469,19.7954581446655,18.1017959407196,18.4372724327178,464226854.139,24369335.9088078,464.226854139
AVAX,2023-02-25,18.4372724327178,18.6075388604364,17.4907158137601,17.925706335113,408828077.048809,22575512.8945014,408.828077048809
AVAX,2023-02-26,17.925706335113,18.6080299948831,17.8161950100841,18.4125414735413,322636243.569255,17763312.2724952,322.636243569255
AVAX,2023-02-27,18.4125414735413,18.6759367103344,17.7340598412823,17.902729756853,389620429.154677,21453025.6272237,389.62042915467697
AVAX,2023-02-28,17.902729756853,17.9449039124583,16.9843675032436,17.1223756183271,368378289.334286,21055810.0231475,368.37828933428597
AVAX,2023-03-01,17.1223756183271,17.8434229993313,17.0233348610476,17.822396701793,334243931.656574,19004143.7886515,334.24393165657403
AVAX,2023-03-02,17.822396701793,17.8634420739076,17.1235537483499,17.5153267478989,330221027.488458,19014745.8012026,330.221027488458
AVAX,2023-03-03,17.5153267478989,17.56155973529,15.8638841541988,16.7035637584322,360404744.636573,21865246.8478687,360.404744636573
AVAX,2023-03-04,16.7035637584322,16.9233649863692,15.7566041962606,16.1151348981817,277761116.086703,16793634.9097516,277.761116086703
AVAX,2023-03-05,16.1151348981817,16.509479106144,16.0344406101501,16.1844571505931,263945364.489302,16185271.3900446,263.945364489302
AVAX,2023-03-06,16.1844571505931,16.6937123052133,15.8278907287509,16.4922971579212,354649412.381606,21798429.3798722,354.649412381606
AVAX,2023-03-07,16.4922971579212,16.6690001112267,15.844276426051,16.2084002979642,334687381.561571,20599735.7009511,334.687381561571
AVAX,2023-03-08,16.2084002979642,16.2806049623861,15.0522497180452,15.1332720234139,222251418.816926,14027689.9101471,222.251418816926
AVAX,2023-03-09,15.1332720234139,15.677083136858,14.224780803865,14.4318499019082,191922757.281467,12765966.1412636,191.922757281467
AVAX,2023-03-10,14.4318499019082,15.1248327097362,13.9479850090357,14.867171452408,236041684.376643,16199592.7447786,236.041684376643
AVAX,2023-03-11,14.867171452408,15.3066964566946,14.0939125833642,14.6038943221146,196681079.28161,13535738.3306492,196.68107928161
AVAX,2023-03-12,14.6038943221146,16.3466121754482,14.3384115782413,16.2848630659788,171726846.821982,11297585.109378,171.726846821982
AVAX,2023-03-13,16.2848630659788,16.8471382955528,15.5651318433474,16.5465542250374,228821584.956945,14069573.9707027,228.821584956945
AVAX,2023-03-14,16.5465542250374,17.920777867729,16.188370836033,17.2137030185797,283487702.758474,16599963.7190184,283.487702758474
AVAX,2023-03-15,17.2137030185797,17.5144979073615,15.4236456127401,15.6271261715266,224701747.070286,13668338.7154112,224.70174707028602
AVAX,2023-03-16,15.6271261715266,16.1212193836382,15.337005496002,15.8827399846785,150069073.249427,9532155.01580617,150.069073249427
AVAX,2023-03-17,15.8827399846785,17.7829706589733,15.7005833085752,17.6968357628907,185299859.759706,11115986.3870002,185.29985975970598
AVAX,2023-03-18,17.6968357628907,18.2047383498614,16.9474855399978,17.0427747553091,196704876.699603,11182195.3097929,196.704876699603
AVAX,2023-03-19,17.0427747553091,18.1342192311931,17.0427747553091,17.5922265667559,140624241.135307,7976564.33088635,140.62424113530702
AVAX,2023-03-20,17.5922265667559,17.8259070377284,16.6223846285637,16.7070010758787,176360489.860608,10199956.7706651,176.360489860608
AVAX,2023-03-21,16.7070010758787,17.5837022510321,16.4137150279818,17.4945432630112,154556092.009104,9060030.6066792,154.55609200910402
AVAX,2023-03-22,17.4945432630112,17.9744574231457,16.4086058126776,16.8060686523866,237504850.514374,13722428.5564401,237.504850514374
AVAX,2023-03-23,16.8060686523866,17.8592213627064,16.6770141152995,17.5911342379848,175667808.175239,10113316.1199653,175.667808175239
AVAX,2023-03-24,17.5911342379848,17.6804263593384,16.7436149694988,16.9983436783605,131465373.562165,7642208.74718812,131.465373562165
AVAX,2023-03-25,16.9983436783605,17.1853972507335,16.4371438799167,16.9320587903325,126416441.658418,7521488.72086162,126.416441658418
AVAX,2023-03-26,16.9320587903325,17.3065508760901,16.9027334916092,17.1466246087215,96239722.814327,5623827.03658169,96.239722814327
AVAX,2023-03-27,17.1466246087215,17.1811945960735,16.1558131300496,16.5181286042384,127118729.807535,7634545.87113599,127.11872980753499
AVAX,2023-03-28,16.5181286042384,16.8297004191199,16.3507036775657,16.7312683721912,129046683.737865,7780260.27722452,129.046683737865
AVAX,2023-03-29,16.7312683721912,17.4130218897739,16.6827416702874,17.3203090613654,139028490.478202,8081395.04774717,139.02849047820197
AVAX,2023-03-30,17.3203090613654,17.5654401608934,17.0361313878392,17.2520877131177,163547366.208455,9460257.71647159,163.547366208455
AVAX,2023-03-31,17.2520877131177,17.8220521982414,17.0935361149129,17.6981944758702,147853511.533982,8480911.66414344,147.85351153398202
AVAX,2023-04-01,17.6981944758702,17.871416289999,17.5778603717817,17.8184002970135,96864654.3269275,5467219.21826881,96.86465432692749
AVAX,2023-04-02,17.8184002970135,17.8626672185712,17.0917021442698,17.2747956624957,97434538.4614702,5571920.95035781,97.4345384614702
AVAX,2023-04-03,17.2747956624957,17.4499982499179,16.7260907022035,17.1200515156451,145970112.660367,8507297.3969475,145.97011266036702
AVAX,2023-04-04,17.1200515156451,17.6648442466775,16.9913542621473,17.6616257662358,110594628.931762,6375654.22712987,110.59462893176199
AVAX,2023-04-05,17.6616257662358,18.3548569894609,17.6362584114406,18.0133385543799,169799672.713722,9431352.50208647,169.799672713722
AVAX,2023-04-06,18.0133385543799,18.3329217295102,17.6162868246655,17.9878212182724,139773088.926564,7770893.2935027,139.77308892656401
AVAX,2023-04-07,17.9878212182724,18.1437564595253,17.4991451534672,17.6178625840256,100469862.951915,5666871.23851236,100.46986295191499
AVAX,2023-04-08,17.6178625840256,17.7555209470961,17.3983832443124,17.477857288523,70055118.3740976,3979355.43597058,70.0551183740976
AVAX,2023-04-09,17.477857288523,17.632737209472,17.2797060406214,17.5763851540964,73289171.5638653,4204171.14581644,73.28917156386531
AVAX,2023-04-10,17.5763851540964,17.9939279817583,17.412850485667,17.9716380120521,96999616.4661957,5485162.50650753,96.9996164661957
AVAX,2023-04-11,17.9716380120521,18.653321936848,17.9149829596648,18.1663642681232,135564865.437147,7411028.57361115,135.56486543714698
AVAX,2023-04-12,18.1663642681232,18.7015566460313,17.7245908960083,18.3105445192815,226776976.565214,12485365.1558705,226.776976565214
AVAX,2023-04-13,18.3105445192815,19.0286949779125,18.2032547715748,18.8440822658314,193943839.662401,10353629.4266137,193.943839662401
AVAX,2023-04-14,18.8440822658314,19.3082916513098,18.5022640818766,19.2315740226685,196065571.503923,10315770.3777179,196.065571503923
AVAX,2023-04-15,19.2315740226685,19.5252608430194,19.013494187756,19.0996729403054,146244767.789199,7604456.29820459,146.244767789199
AVAX,2023-04-16,19.0996729403054,20.4747346630853,18.8788567855433,20.1818982699101,205652592.744098,10460834.7616328,205.652592744098
AVAX,2023-04-17,20.1818982699101,21.1490590841023,19.9960358634009,20.5231587705555,390356993.017164,18906911.7940321,390.356993017164
AVAX,2023-04-18,20.5231587705555,21.5212845065598,20.3398623732361,21.1893262529885,228770082.67864,10833190.6904677,228.77008267864
AVAX,2023-04-19,21.1893262529885,21.1893262529885,18.758297280634,19.0074044588523,290924976.142263,14755260.8592739,290.924976142263
AVAX,2023-04-20,19.0074044588523,19.4393519196107,18.2574343840981,18.2864607849012,226772548.893655,11827701.2995694,226.772548893655
AVAX,2023-04-21,18.2864607849012,18.5366848695553,16.7417081319833,16.9251249956236,226718205.8545,12854724.7578012,226.71820585449998
AVAX,2023-04-22,16.9251249956236,17.3298787414856,16.8024073369707,17.2028714116249,102046430.138344,5964886.38924636,102.04643013834401
AVAX,2023-04-23,17.2028714116249,17.2317002133859,16.5409141493113,16.8351675829797,100052503.047357,5915430.3244617,100.05250304735699
AVAX,2023-04-24,16.8351675829797,17.2702573334896,16.5920940457186,16.9551890826911,123437780.8247,7295026.42982777,123.4377808247
AVAX,2023-04-25,16.9551890826911,17.7532867261505,16.7997565954786,17.6391157978259,151631990.712018,8845134.1793712,151.63199071201802
AVAX,2023-04-26,17.6391157978259,18.2162984024682,16.4106914363285,17.1935361061291,219475760.601488,12597456.2445967,219.475760601488
AVAX,2023-04-27,17.1935361061291,17.9160139963735,17.1377685697609,17.7331146087691,155466294.029746,8850991.97600995,155.466294029746
AVAX,2023-04-28,17.7331146087691,17.8405967374385,17.304385665372,17.5793456708933,99552897.3844899,5664358.91223541,99.5528973844899
AVAX,2023-04-29,17.5793456708933,17.7511235495397,17.4026068470861,17.5348602232079,77896633.2352941,4427802.09880803,77.8966332352941
AVAX,2023-04-30,17.5348602232079,17.8434002635863,17.127647932577,17.127647932577,92629754.7756739,5310734.19333453,92.6297547756739
AVAX,2023-05-01,17.127647932577,17.2308639894696,16.5374982129819,16.6714139017872,103746114.834453,6145241.27350401,103.746114834453
AVAX,2023-05-02,16.6714139017872,16.9876844305984,16.5357301844882,16.8599089572466,87311955.75532,5221285.80843907,87.31195575532
AVAX,2023-05-03,16.8599089572466,17.3362691380037,16.4369528913478,17.2214620264946,124349366.311181,7384877.61269581,124.349366311181
AVAX,2023-05-04,17.2214620264946,17.273264074825,16.8202156923742,16.9407350312519,89748208.9636219,5274279.73111203,89.7482089636219
AVAX,2023-05-05,16.9407350312519,17.4296511524579,16.8645534074737,17.401579219312,138071047.571783,8044427.16222725,138.071047571783
AVAX,2023-05-06,17.401579219312,17.4953174562386,16.4838609565013,16.631865180375,113801652.610418,6740211.21731837,113.801652610418
AVAX,2023-05-07,16.631865180375,16.7590916265875,16.3990069338502,16.4601098958719,81840047.3366532,4925153.67365167,81.8400473366532
AVAX,2023-05-08,16.4601098958719,16.5444855916446,15.0100043175811,15.4630299497982,187120813.350208,11923886.108134,187.120813350208
AVAX,2023-05-09,15.4630299497982,15.6251811276112,15.2788835427585,15.3469425024137,95035498.4008392,6156966.51643143,95.03549840083919
AVAX,2023-05-10,15.3469425024137,15.7303845506331,14.8740168803165,15.5359846044636,170084810.205917,11062871.4647839,170.084810205917
AVAX,2023-05-11,15.5359846044636,15.5428555242147,14.8219898806323,14.9562560795822,108456216.587749,7134314.60812872,108.456216587749
AVAX,2023-05-12,14.9562560795822,15.1972804829616,14.6326089500453,15.1849403301246,106436795.180994,7149461.24553911,106.43679518099401
AVAX,2023-05-13,15.1849403301246,15.2023556835942,14.9060314877274,14.9134675280799,53448165.4516068,3553962.64884679,53.448165451606805
AVAX,2023-05-14,14.9134675280799,15.1887084094308,14.8091669058016,15.0275570635324,58295522.9649268,3890930.19701398,58.2955229649268
AVAX,2023-05-15,15.0275570635324,15.3651819626508,14.816696765865,15.0951160097167,96335025.5561185,6339053.25636467,96.33502555611851
AVAX,2023-05-16,15.0951160097167,15.1657049966852,14.7554599016803,14.9127211627117,85495123.3434276,5725175.50093499,85.4951233434276
AVAX,2023-05-17,14.9127211627117,15.2952107672661,14.667627201296,15.1660439591263,97824410.1218568,6546617.55097964,97.8244101218568
AVAX,2023-05-18,15.1660439591263,15.1799378738151,14.4719897586703,14.6905813610137,97808115.4752757,6579336.30291841,97.8081154752757
AVAX,2023-05-19,14.6905813610137,14.8356072184683,14.5864703416187,14.6846496653013,71950699.085579,4893867.03397677,71.95069908557899
AVAX,2023-05-20,14.6846496653013,14.7176116740543,14.5461400454986,14.6385229736267,53663057.7341369,3669582.28614376,53.6630577341369
AVAX,2023-05-21,14.6385229736267,14.7010332756628,14.2519612371653,14.3270358938566,62841755.9782713,4343000.87094502,62.8417559782713
AVAX,2023-05-22,14.3270358938566,14.7679739140204,14.12866336441,14.6889645570174,92658508.7603611,6379917.62929178,92.6585087603611
AVAX,2023-05-23,14.6889645570174,14.9580958161273,14.6156312159705,14.7207803194767,77364804.7862639,5239170.25813672,77.3648047862639
AVAX,2023-05-24,14.7207803194767,14.7207803194767,14.030772557996,14.1598214583988,95047666.4340706,6654606.70595064,95.0476664340706
AVAX,2023-05-25,14.1598214583988,14.2585453820734,13.7925370361868,14.0898497881643,93837676.0181004,6654888.31386887,93.8376760181004
AVAX,2023-05-26,14.0898497881643,14.400423352161,13.9814669070282,14.3418830404703,92204552.8873227,6496779.93806582,92.20455288732269
AVAX,2023-05-27,14.3418830404703,14.6188526728336,14.2774731702668,14.5754133169833,75703250.7982303,5254478.60044966,75.7032507982303
AVAX,2023-05-28,14.5754133169833,15.049745844223,14.2974039345248,14.9070960250906,115649347.082121,7869967.91913653,115.649347082121
AVAX,2023-05-29,14.9070960250906,14.9756225587974,14.3677192902001,14.4847450559619,101296882.295998,6918871.28339114,101.296882295998
AVAX,2023-05-30,14.4847450559619,14.7281721391172,14.3769833074022,14.4463179145517,106664115.816432,7339278.90714443,106.664115816432
AVAX,2023-05-31,14.4463179145517,14.4536233989872,14.0046419265965,14.1119412137838,99833852.3458709,7056493.7455714,99.8338523458709
AVAX,2023-06-01,14.1119412137838,14.2860222038614,13.8669788428421,14.0883407123519,91664460.989796,6493020.87907112,91.664460989796
AVAX,2023-06-02,14.0883407123519,14.5547140680151,14.0053231730884,14.493148888942,99845681.1487654,6949890.42298709,99.8456811487654
AVAX,2023-06-03,14.493148888942,14.5940470727295,14.399790230353,14.5817972840799,71020880.174624,4889328.13816451,71.020880174624
AVAX,2023-06-04,14.5817972840799,14.9173493620076,14.5198984142135,14.778936780692,86030369.5071009,5835961.01829968,86.0303695071009
AVAX,2023-06-05,14.778936780692,14.8711818740563,13.5215116340095,13.8750999898207,178228837.093627,12433447.4812175,178.228837093627
AVAX,2023-06-06,13.8750999898207,15.3107779565819,13.8160878482619,14.6243045193577,126451182.6892,8916696.55198709,126.4511826892
AVAX,2023-06-07,14.6243045193577,14.9273641807804,13.9773269724373,14.0304858466577,120798382.499135,8411987.22999325,120.798382499135
AVAX,2023-06-08,14.0304858466577,14.098924890149,13.7942493229265,13.9275645197589,84499021.0992405,6057510.76286708,84.4990210992405
AVAX,2023-06-09,13.9275645197589,14.2397486445213,13.7093043332331,13.7520090875211,96894715.0816106,6957953.04331566,96.8947150816106
AVAX,2023-06-10,13.7520090875211,13.7520090875211,10.1037985828309,11.6614774565975,294205475.870317,25549448.5045032,294.205475870317
AVAX,2023-06-11,11.6614774565975,11.8070558132977,11.4744399024802,11.5803197860103,86202330.9558099,7401572.47376338,86.20233095580991
AVAX,2023-06-12,11.5803197860103,11.5911877521147,11.2530644478678,11.5140679552805,88902855.370498,7756822.61272742,88.902855370498
AVAX,2023-06-13,11.5140679552805,12.0388586832486,11.4393243940677,11.7872264321881,98437764.5544634,8384657.18459036,98.4377645544634
AVAX,2023-06-14,11.7872264321881,11.9486873793776,11.233371736819,11.3740843027156,91306340.0573582,7834483.89008703,91.3063400573582
AVAX,2023-06-15,11.3740843027156,11.5529631061045,10.9967688577126,11.3921506450517,95214832.7854156,8432724.86630029,95.21483278541561
AVAX,2023-06-16,11.3921506450517,11.6884583332701,11.2488906581546,11.5319671543046,66212149.0461227,5781227.55414368,66.2121490461227
AVAX,2023-06-17,11.5319671543046,11.8317075974934,11.4668125569462,11.6092383083274,63102194.245702,5403262.78514036,63.102194245702
AVAX,2023-06-18,11.6092383083274,11.6136847422318,11.3169927879915,11.3331747564174,66907117.1059762,5822425.02373151,66.9071171059762
AVAX,2023-06-19,11.3331747564174,11.4852951214421,11.1757346752659,11.4567697154473,61422207.1530162,5419592.07840228,61.4222071530162
AVAX,2023-06-20,11.4567697154473,12.1008833252347,11.1822137408644,12.1006477488212,85312221.9447116,7349960.3429326,85.3122219447116
AVAX,2023-06-21,12.1006477488212,13.0053514307941,12.0531607006857,12.8741713974661,137312081.192026,10989878.9406074,137.312081192026
AVAX,2023-06-22,12.8741713974661,13.167661487274,12.6087616713648,12.6379304743907,118836516.650533,9233554.55252095,118.836516650533
AVAX,2023-06-23,12.6379304743907,13.4784095918875,12.6247001129667,13.2805054650608,116909145.99697,8968352.74670953,116.90914599697
AVAX,2023-06-24,13.2805054650608,13.3865652021192,12.7687607620556,13.007728936283,86709381.7163248,6632191.38199297,86.70938171632481
AVAX,2023-06-25,13.007728936283,13.6926850238711,12.9798530885838,13.4520084944875,108661164.056801,8074387.70632406,108.66116405680101
AVAX,2023-06-26,13.4520084944875,13.6445539617739,12.9753890658311,13.1531082771689,115581670.645052,8675501.64059199,115.581670645052
AVAX,2023-06-27,13.1531082771689,13.4598855859871,13.1038674698642,13.19665621629,78943647.5008143,5942438.00317198,78.94364750081431
AVAX,2023-06-28,13.19665621629,13.19665621629,12.0295000255636,12.230641153743,107573706.247656,8527171.41106863,107.573706247656
AVAX,2023-06-29,12.230641153743,12.9312920966284,12.1381983076658,12.6717851007021,90746921.2136698,7224358.17426653,90.74692121366981
AVAX,2023-06-30,12.6717851007021,13.3168251934696,12.2208618194488,13.0173730246737,174642353.183941,13568765.0904167,174.642353183941
AVAX,2023-07-01,13.0173730246737,13.1399236300928,12.8455064705197,12.9951194792142,77938121.048814,6003449.14371438,77.938121048814
AVAX,2023-07-02,12.9951194792142,13.2012696068997,12.7378996931869,13.1190099925913,96075059.4288477,7409452.95487899,96.0750594288477
AVAX,2023-07-03,13.1190099925913,13.4376384942634,13.0761381896862,13.2323944603077,116352971.490082,8788945.96581156,116.352971490082
AVAX,2023-07-04,13.2323944603077,13.3861938542797,13.0201845286825,13.0329413027936,98478242.8458433,7452721.50707822,98.4782428458433
AVAX,2023-07-05,13.0329413027936,13.1381445199009,12.5045209037875,12.6569320511575,94041226.3961761,7318634.40991618,94.0412263961761
AVAX,2023-07-06,12.6569320511575,13.0851795802565,12.2635115692716,12.3574048824876,105810340.433706,8353790.5434968,105.810340433706
AVAX,2023-07-07,12.3574048824876,12.7338168355529,12.2940962264291,12.7314644566861,76771432.4176637,6097997.85290351,76.77143241766369
AVAX,2023-07-08,12.7314644566861,13.8854549317686,12.720581004882,13.6702975980838,205443897.607099,15133214.9106181,205.443897607099
AVAX,2023-07-09,13.6702975980838,14.231018420553,13.6044185037686,13.6179622424719,162033416.475314,11590409.923301,162.033416475314
AVAX,2023-07-10,13.6179622424719,13.825069337649,13.218790883375,13.372533261389,122399676.786172,9149589.47540905,122.39967678617201
AVAX,2023-07-11,13.372533261389,13.6678496024863,13.1463688812376,13.2482302897765,107534943.251496,8015881.28534196,107.534943251496
AVAX,2023-07-12,13.2482302897765,13.3307095178119,12.8714735594059,13.0066107344097,90980566.6354449,6923830.35994606,90.98056663544489
AVAX,2023-07-13,13.0066107344097,14.142551688447,12.8966658402767,14.0844113339548,195081266.92489,14241326.2563195,195.08126692489
AVAX,2023-07-14,14.0844113339548,15.9213954296268,14.0844113339548,14.6385687754031,487301951.041176,32393092.4131569,487.30195104117604
AVAX,2023-07-15,14.6385687754031,15.2778164943167,14.4152493318399,14.831253593288,155410298.276978,10444846.168573,155.41029827697798
AVAX,2023-07-16,14.831253593288,14.9097348190302,14.1780045273888,14.2806482739316,102825997.914109,7059015.92185947,102.82599791410901
AVAX,2023-07-17,14.2806482739316,14.5982846152936,13.899546553895,14.3752691031802,112250047.364399,7896762.03371482,112.250047364399
AVAX,2023-07-18,14.3752691031802,14.5488664720612,13.6595464296126,13.786762680527,96956079.6606424,6941410.50051181,96.9560796606424
AVAX,2023-07-19,13.786762680527,14.2447275277464,13.7568277236433,13.9743073540508,93150715.9042239,6660893.59782229,93.1507159042239
AVAX,2023-07-20,13.9743073540508,14.3907127953447,13.700274098565,13.8592240711827,111921581.419732,7981777.93767665,111.92158141973201
AVAX,2023-07-21,13.8592240711827,14.0518087999623,13.7201733242147,13.9682903411487,75385116.1414848,5412738.80692965,75.3851161414848
AVAX,2023-07-22,13.9682903411487,14.0403419877685,13.3547626844779,13.5122243175543,73438114.4646301,5343415.35232013,73.4381144646301
AVAX,2023-07-23,13.5122243175543,13.7343857911982,13.3971461940483,13.5336433736382,70842797.098872,5218466.85233223,70.84279709887201
AVAX,2023-07-24,13.5336433736382,13.5885031987854,12.8627202597221,13.0916343285271,100331712.327493,7632225.35279682,100.331712327493
AVAX,2023-07-25,13.0916343285271,13.4209838690251,13.0401549913836,13.3207249102056,98659980.9876674,7441388.00708367,98.6599809876674
AVAX,2023-07-26,13.3207249102056,13.4359786263042,13.0814773299128,13.2509998483704,88955055.4751048,6718045.95056516,88.9550554751048
AVAX,2023-07-27,13.2509998483704,13.404222336173,13.0156648941163,13.1349185062776,66236047.5397542,5005956.61715821,66.2360475397542
AVAX,2023-07-28,13.1349185062776,13.2737381261422,13.0086423559354,13.2134778271103,55055888.998813,4188089.76859819,55.055888998813
AVAX,2023-07-29,13.2134778271103,13.277602050652,13.1473140271882,13.2363450334402,37824807.63482,2860640.71360506,37.82480763482
AVAX,2023-07-30,13.2363450334402,13.409270717667,12.9580249681348,13.1218574888614,67952139.7957491,5139222.45807745,67.9521397957491
AVAX,2023-07-31,13.1218574888614,13.2654411375429,12.7204979033671,12.8017048942094,79060361.7175807,6091014.90298411,79.0603617175807
AVAX,2023-08-01,12.8017048942094,12.869205012874,12.456863347746,12.8615665365509,89038776.5799671,7022209.3282469,89.03877657996709
AVAX,2023-08-02,12.8615665365509,12.9303107994906,12.4437523328262,12.5325818870732,85405790.2081301,6752464.55335583,85.4057902081301
AVAX,2023-08-03,12.5325818870732,12.6172716222572,12.3695206485322,12.4248073676266,89077176.9465925,7130668.89866818,89.0771769465925
AVAX,2023-08-04,12.4248073676266,12.6131784116799,12.3133010880958,12.3853310391086,75051222.7516955,6025389.80913106,75.0512227516955
AVAX,2023-08-05,12.3853310391086,12.4425424516658,12.2810842683365,12.4393036244159,62584737.0907611,5070906.67629174,62.5847370907611
AVAX,2023-08-06,12.4393036244159,12.642504124691,12.4164966553843,12.5748058768949,72350758.6343246,5758568.73329776,72.35075863432459
AVAX,2023-08-07,12.5748058768949,12.7307067595616,12.2276323145729,12.4498847562846,86830273.0580744,6928931.45058972,86.8302730580744
AVAX,2023-08-08,12.4498847562846,12.7612157448523,12.3760337394529,12.6751475535151,92329221.9835851,7349439.56988513,92.3292219835851
AVAX,2023-08-09,12.6751475535151,12.7841294224201,12.4914497562047,12.611416882289,79071584.7383788,6254752.2077722,79.07158473837879
AVAX,2023-08-10,12.611416882289,12.6414482406099,12.4537287224306,12.4660076872346,74529080.9084762,5943922.69648013,74.5290809084762
AVAX,2023-08-11,12.4660076872346,12.5240760061487,12.3614964888331,12.4305016536468,62475508.0679005,5022317.80227566,62.4755080679005
AVAX,2023-08-12,12.4305016536468,12.477433366785,12.3491502783572,12.3902854212903,53182682.341157,4279125.14692055,53.182682341157
AVAX,2023-08-13,12.3902854212903,12.4078063165525,12.2025589704176,12.2554587326768,66230787.225257,5374923.22970724,66.230787225257
AVAX,2023-08-14,12.2554587326768,12.4302349798365,12.1831632370144,12.349075033667,72344024.094925,5872545.85790198,72.344024094925
AVAX,2023-08-15,12.349075033667,12.3569464274967,11.5267773546123,11.8064261783789,82395024.8117132,6873909.2203325,82.3950248117132
AVAX,2023-08-16,11.8064261783789,11.8404185045522,11.101891966801,11.3605067361989,83649293.8806397,7275722.16518931,83.6492938806397
AVAX,2023-08-17,11.3605067361989,11.4822149896011,10.021678702272,10.5752124555507,116146803.595186,10619288.5514734,116.146803595186
AVAX,2023-08-18,10.5752124555507,10.9860241334609,10.5535583971159,10.8011918016875,94883750.6158076,8807119.18006804,94.8837506158076
AVAX,2023-08-19,10.8011918016875,10.8774019686202,10.5637204394443,10.815864879949,69917880.240713,6507382.03327578,69.917880240713
AVAX,2023-08-20,10.815864879949,10.9130321901364,10.7450785092923,10.8623754203132,57908320.8367733,5343916.28169226,57.9083208367733
AVAX,2023-08-21,10.8623754203132,10.8662462290918,10.1927593848593,10.3554303171033,87256162.0705132,8290188.78010783,87.2561620705132
AVAX,2023-08-22,10.3554303171033,10.3733135047094,9.79023371828672,10.1383487463001,100896117.953377,10008874.2142172,100.89611795337699
AVAX,2023-08-23,10.1383487463001,10.4547446147758,10.0584428785636,10.3299888345022,74237382.6705772,7249735.42768073,74.2373826705772
AVAX,2023-08-24,10.3299888345022,10.3643973171583,9.9946009095321,10.1182767389213,73495849.8415185,7202633.22990464,73.4958498415185
AVAX,2023-08-25,10.1182767389213,10.1182767389213,9.89648263096688,10.042625753284,87238043.7668167,8701933.74366049,87.2380437668167
AVAX,2023-08-26,10.042625753284,10.1246908114879,10.0098216860391,10.0932493510163,52037516.9088372,5179239.77900304,52.0375169088372
AVAX,2023-08-27,10.0932493510163,10.2677224948597,10.0788580731768,10.1963123982343,67119332.5876888,6603399.56183679,67.1193325876888
AVAX,2023-08-28,10.1963123982343,10.4231079459324,9.94935954561012,10.3694630701792,75011547.1783231,7367409.25003057,75.0115471783231
AVAX,2023-08-29,10.3694630701792,11.1799164598095,10.3402856539308,10.8206620837469,132932891.423313,12417268.8521106,132.932891423313
AVAX,2023-08-30,10.8206620837469,10.8258229834888,10.3379415793913,10.4117719808731,85029724.3076594,8085681.58906925,85.02972430765941
AVAX,2023-08-31,10.4117719808731,10.5247359289639,9.85857080169403,9.98193515930298,104751346.98148,10254991.2847727,104.75134698148
AVAX,2023-09-01,9.98193515930298,10.0612522732306,9.76687435656541,9.92430204503741,80137330.6804361,8058570.68443758,80.13733068043611
AVAX,2023-09-02,9.92430204503741,9.96511776498581,9.77224954000575,9.91128686949435,61928500.7821339,6269757.4352103,61.9285007821339
AVAX,2023-09-03,9.91128686949435,9.98823000007851,9.83511274887889,9.87550211803534,55220668.636913,5575413.82835807,55.220668636913004
AVAX,2023-09-04,9.87550211803534,10.032783261209,9.70054045361467,9.80121271901264,60197036.1557279,6096108.99719516,60.1970361557279
AVAX,2023-09-05,9.80121271901264,9.94791396753844,9.67087259513422,9.90552547999908,57423661.3750514,5840062.39665781,57.4236613750514
AVAX,2023-09-06,9.90552547999908,10.0389218556588,9.79012417351947,9.93948433656455,58497076.6981477,5904304.38384055,58.4970766981477
AVAX,2023-09-07,9.93948433656455,10.1197330263346,9.83253129197739,10.0832905410851,54914943.2776053,5515058.81574218,54.9149432776053
AVAX,2023-09-08,10.0832905410851,10.1332868728674,9.84965988386413,9.92001042870744,48569415.7197561,4870597.01969012,48.569415719756094
AVAX,2023-09-09,9.92001042870744,9.92001042870744,9.83284195002923,9.83463847343683,27102590.4768239,2743988.77175507,27.1025904768239
AVAX,2023-09-10,9.83463847343683,9.83463847343683,9.2450652280123,9.46260565188186,71184350.9895963,7464131.78690655,71.18435098959631
AVAX,2023-09-11,9.46260565188186,9.50244382825726,9.08443064861068,9.22984899745918,75597922.1435677,8161285.78852413,75.5979221435677
AVAX,2023-09-12,9.22984899745918,9.5425367839168,9.20564640498136,9.21218036760076,92141948.4536909,9858254.23595051,92.1419484536909
AVAX,2023-09-13,9.21218036760076,9.41821651020769,9.10503639741267,9.289596354897,75807508.9143846,8198328.16337883,75.8075089143846
AVAX,2023-09-14,9.289596354897,9.46258951503068,9.25342733172301,9.39907867218269,64768688.592921,6923867.30398103,64.76868859292101
AVAX,2023-09-15,9.39907867218269,9.5057023495326,9.20451614261511,9.42603683325014,57938604.3527427,6199909.38366623,57.9386043527427
AVAX,2023-09-16,9.42603683325014,9.59938788707093,9.37527263441966,9.39258808512303,52508722.1359668,5544138.06681186,52.5087221359668
AVAX,2023-09-17,9.39258808512303,9.39258808512303,9.03484731296805,9.10798616688048,54117751.7797452,5880675.33434215,54.1177517797452
AVAX,2023-09-18,9.10798616688048,9.31272686682668,8.83261485765061,9.10995668337341,90101204.5008077,9860010.57506744,90.1012045008077
AVAX,2023-09-19,9.10995668337341,9.29655332742485,9.04663492633004,9.20968107428777,77434387.895706,8429646.3988592,77.434387895706
AVAX,2023-09-20,9.20968107428777,9.23378043695027,8.90454979727839,9.04955912155703,92853975.373782,10239351.2538941,92.85397537378199
AVAX,2023-09-21,9.04955912155703,9.10376172699063,8.78552542091353,8.82412255229098,86340960.9958591,9685529.80896749,86.3409609958591
AVAX,2023-09-22,8.82412255229098,8.91504987550472,8.76504114454866,8.86509258341811,63595885.8509263,7177616.27958317,63.5958858509263
AVAX,2023-09-23,8.86509258341811,8.9827396521506,8.83142037240226,8.90654057968348,48491013.8117213,5444422.09650134,48.4910138117213
AVAX,2023-09-24,8.90654057968348,9.0512009285113,8.78023095086218,8.79435974174474,54290564.3822646,6067561.46589748,54.2905643822646
AVAX,2023-09-25,8.79435974174474,8.95247348244698,8.65327564170879,8.94572543349653,61894709.4215902,7000480.5469266,61.8947094215902
AVAX,2023-09-26,8.94572543349653,9.05475390252405,8.87465932575205,9.04048921034525,60965301.0757441,6790210.02533142,60.9653010757441
AVAX,2023-09-27,9.04048921034525,9.1752339453059,8.83800441662357,8.91949005579622,73813464.8193139,8201426.40495617,73.8134648193139
AVAX,2023-09-28,8.91949005579622,9.34805284063066,8.90788748678205,9.26798770804584,85754709.6675891,9369998.75504028,85.7547096675891
AVAX,2023-09-29,9.26798770804584,9.35404278630922,9.07799525850531,9.17233668550132,84142483.1770759,9123973.64840934,84.14248317707589
AVAX,2023-09-30,9.17233668550132,9.28828792179111,9.1147944659927,9.2380008203689,56222010.8010943,6109649.47598911,56.2220108010943
AVAX,2023-10-01,9.2380008203689,9.80831399999538,9.2152630895047,9.74280906790938,79534476.3869203,8345582.93013815,79.5344763869203
AVAX,2023-10-02,9.74280906790938,9.79361377480851,9.20441076843985,9.31377068106154,79884006.770375,8379682.26711059,79.884006770375
AVAX,2023-10-03,9.31377068106154,9.38113059871475,9.16505662217104,9.29985628781009,63885245.4044015,6933333.72228375,63.8852454044015
AVAX,2023-10-04,9.29985628781009,10.2060838928424,9.02376245922923,10.0968343670246,154894527.471853,15924169.1779701,154.894527471853
AVAX,2023-10-05,10.0968343670246,10.2964415915891,9.8250995206274,10.1314906928607,137064319.851538,13611116.7090427,137.06431985153802
AVAX,2023-10-06,10.1314906928607,10.8245597154765,10.1314906928607,10.6599353931633,133069722.892411,12574808.4425956,133.069722892411
AVAX,2023-10-07,10.6599353931633,11.705054007729,10.2777426965667,10.3630325644781,238760687.808583,22005283.0139752,238.760687808583
AVAX,2023-10-08,10.3630325644781,10.5408431300428,9.98096979270262,10.094922116691,86806095.503293,8522312.03784276,86.806095503293
AVAX,2023-10-09,10.094922116691,10.094922116691,9.36861004045511,9.54473648710036,111132316.174466,11462431.8571046,111.132316174466
AVAX,2023-10-10,9.54473648710036,9.82946485344717,9.44371112745194,9.53298182602417,99416097.3256898,10302492.7348419,99.41609732568979
AVAX,2023-10-11,9.53298182602417,9.56854983254514,9.22714763999954,9.3034944927667,91803283.1524783,9810946.37452221,91.80328315247829
AVAX,2023-10-12,9.3034944927667,9.31107040569531,8.889578797473,9.11438537483044,98144572.4875672,10828892.4285004,98.1445724875672
AVAX,2023-10-13,9.11438537483044,9.3263210037768,9.03053660426231,9.15145305054972,74700250.4094541,8163901.01558289,74.70025040945411
AVAX,2023-10-14,9.15145305054972,9.24599299579905,9.131478672849,9.14789469559327,34202894.461268,3722367.1445608,34.202894461268
AVAX,2023-10-15,9.14789469559327,9.26300061664849,9.08412107450024,9.1749326148837,53563082.9461807,5844926.56707622,53.5630829461807
AVAX,2023-10-16,9.1749326148837,9.77564441612591,9.1749326148837,9.40552207849376,105218922.264106,11132639.2367833,105.218922264106
AVAX,2023-10-17,9.40552207849376,9.4072658502941,9.05619307730384,9.10405760872983,111183882.163895,12056454.217573,111.18388216389499
AVAX,2023-10-18,9.10405760872983,9.20474458769829,8.84719108032352,8.90952276571885,95712881.6010329,10583624.8793466,95.7128816010329
AVAX,2023-10-19,8.90952276571885,9.11056765935847,8.69157465210389,9.06751842410177,94467193.2575951,10579687.8675219,94.46719325759511
AVAX,2023-10-20,9.06751842410177,9.37525060880176,9.03105708280985,9.2212926314182,118571303.676735,12856230.9098476,118.571303676735
AVAX,2023-10-21,9.2212926314182,9.79957324841465,9.18348447124466,9.63459812374518,142916049.259432,14996805.6229884,142.916049259432
AVAX,2023-10-22,9.63459812374518,10.0798752385964,9.54764921362593,10.0798752385964,156207299.795545,15874407.1696524,156.207299795545
AVAX,2023-10-23,10.0798752385964,10.642550236977,9.87925403318299,10.5803236769583,239147205.868205,23510314.4531853,239.14720586820502
AVAX,2023-10-24,10.5803236769583,10.7926275138142,10.1146769462683,10.3245701089762,257642776.675679,24612243.3337575,257.642776675679
AVAX,2023-10-25,10.3245701089762,10.6294320392286,10.1819053179633,10.5222707645463,180121452.415946,17293378.0816044,180.121452415946
AVAX,2023-10-26,10.5222707645463,11.455736515971,10.3766139503269,11.0468810632832,334536732.000787,30549190.6967138,334.536732000787
AVAX,2023-10-27,11.0468810632832,11.054934817778,10.4223179745637,10.5947343230809,167364222.901518,15659521.3416373,167.364222901518
AVAX,2023-10-28,10.5947343230809,11.0724560392438,10.5591915855641,10.9722624079536,129916220.69368,12006306.2704269,129.91622069368
AVAX,2023-10-29,10.9722624079536,11.4325571288485,10.7979275449315,11.371518404446,112661072.361989,10136025.3543998,112.661072361989
AVAX,2023-10-30,11.371518404446,11.6795929194703,11.0791558512752,11.4651925606165,134202268.041224,11723104.0108732,134.20226804122402
AVAX,2023-10-31,11.4651925606165,11.7509303223578,11.1043240190666,11.3299914143728,208650532.656904,18256823.3879445,208.650532656904
AVAX,2023-11-01,11.3299914143728,12.311205375831,10.9003268383781,12.2273109125264,266915283.683428,23075763.2529263,266.915283683428
AVAX,2023-11-02,12.2273109125264,12.5272083519092,11.5065907643322,11.8882496622146,244448386.210826,20378841.8080373,244.44838621082602
AVAX,2023-11-03,11.8882496622146,12.1906927994737,11.4861414987626,12.1187605055356,140465386.139392,11837926.0040688,140.465386139392
AVAX,2023-11-04,12.1187605055356,12.3291436837159,11.9510509434462,12.2321183029944,90102012.5056466,7445461.44895698,90.1020125056466
AVAX,2023-11-05,12.2321183029944,12.684926189797,12.1286041744228,12.3691281158079,143600594.694521,11576347.9822668,143.60059469452102
AVAX,2023-11-06,12.3691281158079,13.1701559245857,12.2729000376738,13.0898702036644,170399185.591569,13292050.1558129,170.399185591569
AVAX,2023-11-07,13.0898702036644,13.1002576002691,12.3495098865743,12.8214529442041,174840996.73575,13702222.2208579,174.84099673575
AVAX,2023-11-08,12.8214529442041,13.1412172617296,12.6769859606604,12.9958757429091,148314298.417025,11504823.2081388,148.314298417025
AVAX,2023-11-09,12.9958757429091,13.9483721077866,12.2619886699115,12.9733709171592,352105788.344711,26638272.818594,352.105788344711
AVAX,2023-11-10,12.9733709171592,14.8494541545935,12.9265363718498,14.7509687772914,447141607.101612,32439724.654033,447.14160710161195
AVAX,2023-11-11,14.7509687772914,16.9844715631009,14.0172862013092,16.8068745493634,678720999.770692,44081476.3856163,678.720999770692
AVAX,2023-11-12,16.8068745493634,19.6893796920586,16.0148308311248,18.9959341236195,933444164.786836,51599930.3721928,933.444164786836
AVAX,2023-11-13,18.9959341236195,19.6844151207071,16.134391718277,16.134391718277,645813737.639459,36482040.8929342,645.813737639459
AVAX,2023-11-14,16.134391718277,18.1153515457772,15.6507421561251,17.0874854591731,691569408.06288,40478960.687033,691.56940806288
AVAX,2023-11-15,17.0874854591731,20.9804899482059,17.0717845674277,20.7560697707277,1147424074.6985,58900534.5337209,1147.4240746985
AVAX,2023-11-16,20.7560697707277,23.7615539092434,20.7560697707277,21.7281236859466,617187604.149483,27379573.344276,617.1876041494829
AVAX,2023-11-17,21.7281236859466,24.6521670316618,20.07414148882,21.9617230760339,1194128213.95919,53502796.6278511,1194.12821395919
AVAX,2023-11-18,21.9617230760339,22.7023124245189,20.2074796260176,22.0283614835419,526984132.231954,24298920.1253619,526.9841322319539
AVAX,2023-11-19,22.0283614835419,23.0497641251912,20.7972641312483,22.8700967412782,457829787.919065,21051366.6171636,457.829787919065
AVAX,2023-11-20,22.8700967412782,23.2446347016054,20.772788940905,20.8891991187544,485458293.937344,22003621.1921973,485.458293937344
AVAX,2023-11-21,20.8891991187544,22.2633763224186,19.0094596222259,19.0332791593228,812154928.896596,38943836.4852236,812.154928896596
AVAX,2023-11-22,19.0332791593228,21.2244685206862,19.0083771974792,20.7682998891084,470638615.507187,23307773.8845832,470.638615507187
AVAX,2023-11-23,20.7682998891084,21.4472596317111,20.4508496208447,20.6431643211349,264483564.490491,12655597.1551142,264.483564490491
AVAX,2023-11-24,20.6431643211349,21.8466230703017,20.4562997037358,20.9027865303674,331401009.0401,15702233.3642688,331.40100904009995
AVAX,2023-11-25,20.9027865303674,21.4785106758834,20.655143373434,21.3551599023369,189263119.209254,8969415.67329627,189.263119209254
AVAX,2023-11-26,21.3551599023369,21.4838927027717,20.2403069229309,21.0744573978804,243520044.44186,11608654.9675947,243.52004444186
AVAX,2023-11-27,21.0744573978804,21.2952715828051,19.8673476581676,20.3581148546269,256771858.315404,12550436.881831,256.771858315404
AVAX,2023-11-28,20.3581148546269,20.8337142269367,19.5403197931026,20.6711655369919,274818378.971194,13534769.5868326,274.818378971194
AVAX,2023-11-29,20.6711655369919,21.5417824057218,20.5548321614177,21.1054891300585,335603330.472696,15932158.5432878,335.60333047269603
AVAX,2023-11-30,21.1054891300585,21.4850034895051,20.8329809004216,21.377462339708,251312026.484016,11883680.1050041,251.312026484016
AVAX,2023-12-01,21.377462339708,22.6036589485639,21.1139298521275,21.8590258796691,395773310.654626,17891232.286683,395.773310654626
AVAX,2023-12-02,21.8590258796691,22.3564971825604,21.7615153601815,22.2230007882343,205091466.132993,9294327.81115419,205.09146613299302
AVAX,2023-12-03,22.2230007882343,22.6795789268819,21.6132519103454,21.9230783039306,226596899.039016,10287157.334168,226.596899039016
AVAX,2023-12-04,21.9230783039306,23.1278595772918,21.2294097134281,22.6515022935479,454027909.267609,20529225.3558996,454.027909267609
AVAX,2023-12-05,22.6515022935479,24.6960066312308,21.8013011338347,24.4889286619093,545273731.080072,23576278.3731835,545.273731080072
AVAX,2023-12-06,24.4889286619093,27.6276188673238,24.4863088185795,26.2202847749708,1047664194.17368,39911969.2815877,1047.66419417368
AVAX,2023-12-07,26.2202847749708,27.8577166888888,25.7819327292413,26.2934086632688,735455825.813552,27548085.1220014,735.455825813552
AVAX,2023-12-08,26.2934086632688,30.7800092598056,26.0755669840163,30.4666336235448,849760708.401515,30222211.3890627,849.760708401515
AVAX,2023-12-09,30.4666336235448,34.2535305386096,30.4665631161414,31.891682628391,1216172445.26793,37491446.3518395,1216.17244526793
AVAX,2023-12-10,31.891682628391,37.8690754476544,31.618886301036,37.1528121387634,1103180277.9312,32044207.9836764,1103.1802779312
AVAX,2023-12-11,37.1528121387634,39.3777812094982,33.8464548034153,38.0828944528143,2128039955.74203,58822307.971795,2128.03995574203
AVAX,2023-12-12,38.0828944528143,42.8425670264971,36.0238910545599,37.4680106654138,1789048273.01017,45127214.306774,1789.04827301017
AVAX,2023-12-13,37.4680106654138,41.3458562505729,34.195425375971,38.977784624086,1599489305.81151,42233817.3952358,1599.4893058115101
AVAX,2023-12-14,38.977784624086,40.3105935980791,37.5213183408898,39.3008799798903,1006843924.37298,25965171.1150801,1006.84392437298
AVAX,2023-12-15,39.3008799798903,42.1903586133777,38.5579764011003,39.7395905482257,1266618271.23956,31358320.9445265,1266.6182712395598
AVAX,2023-12-16,39.7395905482257,45.2349265341703,38.5897598322509,42.202089486027,1341506112.27915,31444670.853315,1341.50611227915
AVAX,2023-12-17,42.202089486027,43.958228281043,40.3417200929381,40.5860886352744,788103427.637467,18712745.5899759,788.103427637467
AVAX,2023-12-18,40.5860886352744,41.4012579240831,36.579931934105,41.1919368170487,966739563.88026,24587932.6680335,966.73956388026
AVAX,2023-12-19,41.1919368170487,42.0857749116834,38.8184654303968,39.7932268511756,765458093.892887,18870153.1119597,765.458093892887
AVAX,2023-12-20,39.7932268511756,44.510582159672,39.1954451808307,43.4900777354455,1021638677.82922,24056235.851662,1021.63867782922
AVAX,2023-12-21,43.4900777354455,47.2137379786812,43.1265160150456,46.0036402224582,1214390586.45938,26771143.2089601,1214.3905864593798
AVAX,2023-12-22,46.0036402224582,48.8809403670006,43.7783730206785,45.4266848000052,1146360812.75328,24850977.2589199,1146.36081275328
AVAX,2023-12-23,45.4266848000052,48.3127482794247,43.5906528960045,48.1323693094714,813587287.524422,17880868.381847,813.5872875244221
AVAX,2023-12-24,48.1323693094714,49.9328679452726,46.559464171679,47.7687789698612,1107497381.38688,23106662.3159743,1107.4973813868799
AVAX,2023-12-25,47.7687789698612,48.9256914182857,46.0940558410754,48.2681704268348,730251211.803169,15344422.2525016,730.251211803169
AVAX,2023-12-26,48.2681704268348,48.368715678928,42.6751772557242,44.4726664580469,829061438.701417,18294717.0154415,829.0614387014169
AVAX,2023-12-27,44.4726664580469,44.9360352278615,41.9495724374754,42.4514984117627,694971857.81161,16030292.1288688,694.97185781161
AVAX,2023-12-28,42.4514984117627,43.3544087648627,39.2940029626373,39.8536330915327,827528690.519315,20191081.8847317,827.528690519315
AVAX,2023-12-29,39.8536330915327,42.1447924304357,38.6120682692425,40.2277173063486,791056968.575178,19471085.2503603,791.0569685751781
AVAX,2023-12-30,40.2277173063486,40.3848731819228,38.2347327959051,39.3302065509848,386427444.222351,9785597.94793764,386.427444222351
AVAX,2023-12-31,39.3302065509848,40.4819351396269,38.1381063316065,38.5882114080118,367536158.636014,9302054.04605266,367.53615863601397
AVAX,2024-01-01,38.5882114080118,42.0094315260795,38.1246525232237,41.9485013827612,439213030.898863,10985158.0564101,439.213030898863
AVAX,2024-01-02,41.9485013827612,43.4547611694261,40.3949865829241,40.6447957889325,594249084.348782,14152349.7907293,594.2490843487819
AVAX,2024-01-03,40.6447957889325,41.4158959284111,33.490351665761,36.8336056320237,825505093.402284,21891157.9813921,825.505093402284
AVAX,2024-01-04,36.8336056320237,39.4207276573882,36.2385756068466,38.7686046033445,597741895.118086,15734694.0500951,597.741895118086
AVAX,2024-01-05,38.7686046033445,38.9513656012984,35.1403967870439,36.4580961659942,587022231.930242,16010182.8173592,587.0222319302419
AVAX,2024-01-06,36.4580961659942,36.5083860061983,33.5118941754862,34.6479302000185,403344979.487357,11595907.886196,403.344979487357
AVAX,2024-01-07,34.6479302000185,35.7731425906142,33.2001995868333,33.6713550965323,421129770.61478,12109386.0165829,421.12977061478
AVAX,2024-01-08,33.6713550965323,36.416729364702,31.3350432387806,36.1226196125386,765352477.03739,22514567.7417876,765.35247703739
AVAX,2024-01-09,36.1226196125386,37.6187504182744,33.8427636584951,34.6740746250126,702105224.933391,19642628.2399267,702.105224933391
AVAX,2024-01-10,34.6740746250126,39.5242543850164,33.4889339887178,38.5194544918608,742839394.91676,20718573.2820799,742.8393949167599
AVAX,2024-01-11,38.5194544918608,41.7137543277753,37.5985718149826,39.3264181674603,909122188.070312,23085655.0418418,909.1221880703121
AVAX,2024-01-12,39.3264181674603,39.5559117341471,34.9238046187061,35.9239186971457,616850774.845557,16446218.7647815,616.850774845557
AVAX,2024-01-13,35.9239186971457,36.594812254122,34.7773150743933,36.4681260591991,332357789.97905,9262967.70858247,332.35778997905
AVAX,2024-01-14,36.4681260591991,37.8237952792618,35.3166408964141,35.3248932114556,407010433.878763,11135289.3796637,407.010433878763
AVAX,2024-01-15,35.3248932114556,36.7765271309397,35.1947546692438,35.6186141298979,292511524.976052,8120406.29606975,292.511524976052
AVAX,2024-01-16,35.6186141298979,36.5004275593784,34.8074573076128,35.5827217161172,303217251.092441,8475866.40738201,303.217251092441
AVAX,2024-01-17,35.5827217161172,36.4662947275479,35.288724580729,36.0326262400966,362114881.673866,10065241.8860372,362.11488167386597
AVAX,2024-01-18,36.0326262400966,36.1338522689576,32.8248500722694,33.5654320917902,387660216.929737,11244944.2304128,387.660216929737
AVAX,2024-01-19,33.5654320917902,33.7163012297692,31.2284791555174,32.7159367033253,373643349.456522,11441116.1205974,373.643349456522
AVAX,2024-01-20,32.7159367033253,32.9569286972052,32.045637460202,32.8627981348147,202444994.52271,6217138.63657822,202.44499452271
AVAX,2024-01-21,32.8627981348147,33.42844675105,32.4543719852896,32.5137093202492,157170399.267165,4762140.06154097,157.170399267165
AVAX,2024-01-22,32.5137093202492,32.6574949733868,29.424840566706,29.4971319377515,447566784.756934,14514513.5019033,447.566784756934
AVAX,2024-01-23,29.4971319377515,30.6328114784597,27.2518955967664,30.6225059757019,588981550.857832,20417741.576971,588.981550857832
AVAX,2024-01-24,30.6225059757019,31.8902009518313,29.5052753264717,31.2057380590651,468419464.615229,15244772.6816734,468.419464615229
AVAX,2024-01-25,31.2057380590651,31.3536182831885,29.636317366526,30.4993752333187,279058390.787875,9192323.27176354,279.058390787875
AVAX,2024-01-26,30.4993752333187,33.038426656018,30.144583713107,32.2597203617949,374478142.59362,11760356.1747677,374.47814259362
AVAX,2024-01-27,32.2597203617949,33.2870011055411,31.8965232474223,33.283786247052,197833125.184002,6076175.01684985,197.833125184002
AVAX,2024-01-28,33.283786247052,36.6370929617156,33.2093912568143,34.8384820823196,660800723.139061,18632274.8697599,660.800723139061
AVAX,2024-01-29,34.8384820823196,36.5206294476366,34.3853262903976,36.0749806287818,477087942.205993,13451602.6410406,477.087942205993
AVAX,2024-01-30,36.0749806287818,37.1168510750709,35.0304902976888,35.2034979711649,472994680.205438,13081917.6997904,472.99468020543804
AVAX,2024-01-31,35.2034979711649,35.4895031659957,33.1417129228536,33.1772658888965,398988794.844226,11519204.750989,398.988794844226
AVAX,2024-02-01,33.1772658888965,33.9320494960277,32.316957366576,33.8490025332167,317418086.605802,9544977.31946219,317.418086605802
AVAX,2024-02-02,33.8490025332167,36.8946423454464,33.7753355800867,36.7544236903953,494372259.855374,13868713.3233113,494.37225985537395
AVAX,2024-02-03,36.7544236903953,37.5627437363543,35.4264223027148,35.9476352411273,279724790.540839,7717581.57545178,279.724790540839
AVAX,2024-02-04,35.9476352411273,36.5201264851606,34.8073183711489,34.8718219705028,207806616.277221,5833036.3176526,207.806616277221
AVAX,2024-02-05,34.8718219705028,35.883714621632,34.1137564428549,34.519935997906,258316657.167313,7382939.87794244,258.316657167313
AVAX,2024-02-06,34.519935997906,34.7128281518776,33.7558453066631,34.1596565258793,215383658.332076,6302390.30628659,215.383658332076
AVAX,2024-02-07,34.1596565258793,35.4958025313911,33.6713203036592,35.1981549849665,268759205.210348,7736795.33587925,268.759205210348
AVAX,2024-02-08,35.1981549849665,36.1247653476803,35.0975116543823,35.4301688231775,298698990.665104,8410812.07205147,298.69899066510396
AVAX,2024-02-09,35.4301688231775,38.6185005940241,35.4287624683193,38.009900246352,508793905.430847,13699009.5696187,508.79390543084696
AVAX,2024-02-10,38.009900246352,41.2338028895993,38.0098768013964,40.2232537782231,473228405.407243,11987123.3703832,473.22840540724303
AVAX,2024-02-11,40.2232537782231,41.1964201202679,39.4063647937936,39.747544676214,296802719.09045,7380424.42592802,296.80271909045
AVAX,2024-02-12,39.747544676214,41.1640654842327,38.4386606579671,41.0378744467612,544571536.094871,13674269.5979922,544.571536094871
AVAX,2024-02-13,41.0378744467612,41.6941286184085,38.9215546499177,39.7693140816326,471528871.360829,11671366.7635109,471.528871360829
AVAX,2024-02-14,39.7693140816326,42.4458898847523,39.1825414186713,42.2640186033799,535988310.521105,12984614.3654307,535.988310521105
AVAX,2024-02-15,42.2640186033799,43.5425763991361,41.0703471083645,41.6121738465592,542653552.186127,12832447.3765806,542.653552186127
AVAX,2024-02-16,41.6121738465592,41.7997432241463,39.5437693857084,40.3010038063011,349396289.681754,8590644.65316046,349.396289681754
AVAX,2024-02-17,40.3010038063011,40.4704863846323,38.4701218491073,39.7653688401376,264737691.806323,6688195.74888626,264.73769180632297
AVAX,2024-02-18,39.7653688401376,40.7610558505153,39.0171009395465,40.3130547665122,237497560.642734,5923827.73684453,237.497560642734
AVAX,2024-02-19,40.3130547665122,40.6478541910571,39.2201663427521,39.5229907664724,378610422.142533,9492864.4911641,378.610422142533
AVAX,2024-02-20,39.5229907664724,39.6830453986331,37.022574145335,38.5329563041471,435492682.713026,11312642.310004,435.492682713026
AVAX,2024-02-21,38.5329563041471,38.5589052756435,35.9455984316785,37.6396766712621,331832871.336435,8963247.03550011,331.832871336435
AVAX,2024-02-22,37.6396766712621,38.2146145195017,36.5376873243538,36.7833786337162,282731150.320685,7576793.42248061,282.731150320685
AVAX,2024-02-23,36.7833786337162,36.944132084683,35.2113990278969,35.9457864696102,299058768.790757,8252324.44625992,299.05876879075703
AVAX,2024-02-24,35.9457864696102,36.9636194858045,35.2486661986461,36.7694676159225,194324589.540852,5345851.75158258,194.324589540852
AVAX,2024-02-25,36.7694676159225,37.4930037160497,36.4495063231723,37.4749802285815,188753150.878843,5111141.87670562,188.753150878843
AVAX,2024-02-26,37.4749802285815,39.3659947272577,36.3283751877644,39.3225555539611,351969136.58355,9265833.0890407,351.96913658355
AVAX,2024-02-27,39.3225555539611,39.9326895830084,38.3903330049373,39.2880339096643,306036414.623446,7786448.32808428,306.036414623446
AVAX,2024-02-28,39.2880339096643,41.2271741311551,37.7723682481903,40.3747798716142,627807381.504007,15849337.7977694,627.807381504007
AVAX,2024-02-29,40.3747798716142,44.5654523012765,39.704929769213,40.9368156921894,814670806.2431,19232011.8338453,814.6708062431001
AVAX,2024-03-01,40.9368156921894,43.3462110025005,40.9331492842197,42.7382772593311,506059349.435977,11973396.5314975,506.05934943597697
AVAX,2024-03-02,42.7382772593311,44.5503791417222,42.0399074365179,44.4281233338813,539467874.086988,12549270.1569855,539.467874086988
AVAX,2024-03-03,44.4281233338813,44.9111684158464,41.457218945101,42.6307576543082,470021570.17921,10949422.7406304,470.02157017921
AVAX,2024-03-04,42.6307576543082,44.0201385241235,41.5073318343902,43.088584453939,699519449.399329,16297079.9226255,699.5194493993289
AVAX,2024-03-05,43.088584453939,45.0584777401351,36.1961815555278,39.5475883538641,1223741275.71151,29501083.1893548,1223.7412757115098
AVAX,2024-03-06,39.5475883538641,42.1582355280843,37.986343032944,41.5749406502353,677303622.414064,16802459.1928927,677.3036224140641
AVAX,2024-03-07,41.5749406502353,44.5227618933191,41.5748871810025,43.2785333132883,823536840.838578,19048186.2048119,823.536840838578
AVAX,2024-03-08,43.2785333132883,44.0197897643278,41.2232520390969,42.7188972618613,568272587.557234,13251993.860635,568.272587557234
AVAX,2024-03-09,42.7188972618613,43.637119794977,42.4572034534066,42.9797634803126,337555038.53893,7843876.67127018,337.55503853893
AVAX,2024-03-10,42.9797634803126,44.0140800000613,41.0747601565144,42.1056190273839,383805151.699876,8997445.90287571,383.80515169987603
AVAX,2024-03-11,42.1056190273839,49.5363182874427,40.3547704443061,49.001764281948,1537100407.38343,33075710.714442,1537.10040738343
AVAX,2024-03-12,49.001764281948,57.3102597699762,46.471097171071,55.5408113229698,2490638349.69739,47872154.0708971,2490.63834969739
AVAX,2024-03-13,55.5408113229698,55.5408113229698,52.4003702575948,54.8814853402383,992816627.472566,18374775.9775188,992.816627472566
AVAX,2024-03-14,54.8814853402383,59.2326803261233,50.4999759419699,53.9611864357679,1497866958.31413,27112449.4147479,1497.86695831413
AVAX,2024-03-15,53.9611864357679,58.7636930817554,48.6139904637953,58.4030617718335,2244873394.76767,41292308.2268113,2244.87339476767
AVAX,2024-03-16,58.4030617718335,61.4570661709788,52.0324361877105,53.4165071576429,1764235209.53053,30887066.5896295,1764.23520953053
AVAX,2024-03-17,53.4165071576429,58.4210798552068,50.0872980951779,58.3988469101184,1278026950.85043,23279575.3212051,1278.02695085043
AVAX,2024-03-18,58.3988469101184,65.3676047375217,55.3302551417333,60.6897695876377,2455779811.52677,39741618.803179,2455.77981152677
AVAX,2024-03-19,60.6897695876377,61.9197177098937,53.2125510459284,53.6302139553723,2832404497.34802,48775102.7827516,2832.40449734802
AVAX,2024-03-20,53.6302139553723,58.1530711740854,50.4630914293527,57.1015019099225,1756662517.28672,32822394.4168564,1756.66251728672
AVAX,2024-03-21,57.1015019099225,57.8662054677457,52.8108671769855,53.8305270426055,1199010644.92162,21787777.79104,1199.0106449216198
AVAX,2024-03-22,53.8305270426055,57.7328740888181,51.6917025238932,53.4590419791175,1107715049.62352,20286209.8962602,1107.71504962352
AVAX,2024-03-23,53.4590419791175,55.9640468368004,52.6834155029721,53.4485325476248,633097473.325594,11642568.3309038,633.0974733255939
AVAX,2024-03-24,53.4485325476248,55.8288037393654,52.4616382156572,55.6835726676777,494903278.086581,9152996.34851123,494.903278086581
AVAX,2024-03-25,55.6835726676777,59.2016438385965,54.9769919901477,57.7697863475002,818826114.995337,14180986.3041409,818.826114995337
AVAX,2024-03-26,57.7697863475002,59.3037294511031,55.3799147284515,55.7987582614204,908180787.305143,15823772.1833452,908.180787305143
AVAX,2024-03-27,55.7987582614204,56.7174034422818,53.0506997642434,54.079208340776,717010302.959693,13130852.022675,717.0103029596929
AVAX,2024-03-28,54.079208340776,55.0243228273554,53.1804079961943,54.6163405164934,429211146.400938,7895421.41322563,429.211146400938
AVAX,2024-03-29,54.6163405164934,54.6469878881632,52.587285565696,53.3835036800992,393369893.473502,7344101.74922151,393.369893473502
AVAX,2024-03-30,53.3835036800992,54.6321491813233,52.8062221370729,52.9602191632403,297406738.045294,5525711.10925246,297.406738045294
AVAX,2024-03-31,52.9602191632403,54.2837191369008,52.9084390666855,54.1048471351614,276762989.475071,5148765.07756131,276.76298947507104
AVAX,2024-04-01,54.1048471351614,54.1611438580176,50.3276092928019,51.4175652008832,760391930.211945,14657638.3803557,760.391930211945
AVAX,2024-04-02,51.4175652008832,51.4175652008832,46.3166857709779,46.8723373638163,721806342.192452,15114375.0855657,721.806342192452
AVAX,2024-04-03,46.8723373638163,48.299849963756,45.0172417254639,45.9073123805625,500973250.230138,10708159.457185,500.973250230138
AVAX,2024-04-04,45.9073123805625,48.1756513388464,45.4579444695222,46.5260813911807,397548796.057869,8488417.15293807,397.548796057869
AVAX,2024-04-05,46.5260813911807,46.603802061158,44.0176058731458,45.3381199647412,380729452.702543,8425863.69832863,380.729452702543
AVAX,2024-04-06,45.3381199647412,48.8104743068511,45.0999201584333,48.1947806188128,412290973.593626,8710788.09258264,412.290973593626
AVAX,2024-04-07,48.1947806188128,49.4827586609913,47.9403163398976,49.3462956960873,258352350.210147,5314478.38818496,258.352350210147
AVAX,2024-04-08,49.3462956960873,50.8083656660155,48.3001681212508,49.8733027767908,393881295.319325,7926153.90915954,393.881295319325
AVAX,2024-04-09,49.8733027767908,49.9636231922979,46.3746564458995,46.4681081716545,351747933.654453,7315042.13020978,351.747933654453
AVAX,2024-04-10,46.4681081716545,48.0142431171431,45.4627968338371,47.3203336333501,432006171.252568,9222595.75914533,432.006171252568
AVAX,2024-04-11,47.3203336333501,47.5112787391314,45.6320803792699,46.0571799881842,300815501.550377,6474951.47722278,300.815501550377
AVAX,2024-04-12,46.0571799881842,46.8931513361638,36.5852842793665,39.3936132223014,776255180.674956,19061541.6978812,776.2551806749559
AVAX,2024-04-13,39.3936132223014,39.3937081543001,29.5877031501226,33.9455400512843,1233883593.58872,35557988.5663177,1233.88359358872
AVAX,2024-04-14,33.9455400512843,37.8875595834455,32.6985585701428,37.3210905413756,981049964.803706,27688444.953257,981.0499648037061
AVAX,2024-04-15,37.3210905413756,38.6163379658161,34.1998145585898,35.1695707685307,1024793637.41458,27932695.1991878,1024.79363741458
AVAX,2024-04-16,35.1695707685307,35.9275332242013,32.7458712357826,34.774044143907,594980667.250853,17306597.6643202,594.9806672508529
AVAX,2024-04-17,34.774044143907,35.3484117786005,32.3006558445911,33.5959812689776,573601418.477089,16897225.5625147,573.601418477089
AVAX,2024-04-18,33.5959812689776,35.5884100668794,32.82863574584,34.8652132842819,540747417.38212,15686867.7923171,540.74741738212
AVAX,2024-04-19,34.8652132842819,36.0786817116495,31.9833585063127,34.6850268484134,534166303.116856,15468663.3571069,534.1663031168559
AVAX,2024-04-20,34.6850268484134,38.4909244211329,34.1816970693237,38.3289834647933,344751777.366838,9514332.63793693,344.751777366838
AVAX,2024-04-21,38.3289834647933,38.7473824422633,36.4066147296168,37.149262409125,304581788.819586,8127573.93747757,304.581788819586
AVAX,2024-04-22,37.149262409125,39.7019491015035,36.8040167569042,39.2062085074733,417266848.91235,10765035.1344462,417.26684891235
AVAX,2024-04-23,39.2062085074733,39.8902539630791,38.0112703200155,38.3056680341024,293512023.048664,7575599.79061722,293.512023048664
AVAX,2024-04-24,38.3056680341024,39.8335452654089,36.0444895986911,36.3561326565743,424901456.455425,11189193.0400795,424.90145645542503
AVAX,2024-04-25,36.3561326565743,36.7257763353059,34.7415998203698,35.5925157815092,341545831.054466,9590425.88963328,341.545831054466
AVAX,2024-04-26,35.5925157815092,35.8508489210687,34.2847767270516,34.42214103001,285040515.434725,8086791.79925506,285.04051543472497
AVAX,2024-04-27,34.42214103001,35.110151081791,33.2344013353059,34.4496192535121,264484036.174341,7749557.95373438,264.484036174341
AVAX,2024-04-28,34.4496192535121,35.3704563396347,33.8154922427556,33.9585910583317,188768141.801109,5431860.68549336,188.76814180110898
AVAX,2024-04-29,33.9585910583317,35.8526184435577,32.8668447514775,35.2889648969031,366393746.563166,10718567.5108546,366.393746563166
AVAX,2024-04-30,35.2889648969031,35.696402917992,31.9158610102061,32.695917113593,504497800.209303,15120855.1618516,504.497800209303
AVAX,2024-05-01,32.695917113593,33.9114327156031,30.6350442778743,33.3143348900687,596370687.178143,18575737.0886048,596.370687178143
AVAX,2024-05-02,33.3143348900687,34.1504576044434,32.3116187532997,33.6361870361146,300068318.659092,8996476.32156878,300.06831865909203
AVAX,2024-05-03,33.6361870361146,36.0140460023094,33.3935438559165,35.639886952181,267318008.561691,7708109.59049399,267.318008561691
AVAX,2024-05-04,35.639886952181,37.721356024236,35.2772113942985,37.3677114081025,311412135.83684,8564717.30497009,311.41213583684
AVAX,2024-05-05,37.3677114081025,37.9935570072545,36.6992190790829,37.4283126785616,265882580.261526,7138199.70511022,265.882580261526
AVAX,2024-05-06,37.4283126785616,39.8875996334588,36.8669796969671,37.1794109868072,499465264.20967,13101681.7581435,499.46526420967
AVAX,2024-05-07,37.1794109868072,37.6447495898197,35.3419253452385,35.3687227404014,321938473.625836,8765551.13729436,321.938473625836
AVAX,2024-05-08,35.3687227404014,35.5352457409967,33.7178670867551,34.0515852894394,352126911.571219,10180202.2365024,352.126911571219
AVAX,2024-05-09,34.0515852894394,35.3949727560227,33.7813019391639,35.0955996085175,257075870.309407,7473005.72832119,257.075870309407
AVAX,2024-05-10,35.0955996085175,36.1342554678638,33.2747463019738,33.7415796339915,342695190.651611,9845108.74260076,342.695190651611
AVAX,2024-05-11,33.7415796339915,34.0456009183327,33.1145028191518,33.4976740177098,180182092.172124,5359778.12981992,180.182092172124
AVAX,2024-05-12,33.4976740177098,33.9582251496781,32.9661430116172,33.1625227299315,117672109.785283,3507761.79095433,117.672109785283
AVAX,2024-05-13,33.1625227299315,33.8353189201759,32.0024013805922,32.4841528138344,322787788.978875,9788638.50316288,322.78778897887497
AVAX,2024-05-14,32.4841528138344,33.2390744947298,31.5104535575086,31.599409993557,305925274.342786,9465782.50188484,305.925274342786
AVAX,2024-05-15,31.599409993557,34.8143813078274,31.4138008360601,34.7130480180632,391451462.979361,11645199.4775737,391.451462979361
AVAX,2024-05-16,34.7130480180632,35.0433318068999,33.8080582235442,34.5030867860721,275274411.014391,7984696.46041155,275.274411014391
AVAX,2024-05-17,34.5030867860721,37.6017972828734,34.3090615588309,36.4826155468912,354209098.479575,9733862.99151223,354.209098479575
AVAX,2024-05-18,36.4826155468912,37.7112513823668,36.4242153390804,37.2495017626026,216995067.853339,5826793.76947308,216.99506785333898
AVAX,2024-05-19,37.2495017626026,37.7492391467281,35.3988457220833,35.648597022768,210719332.066608,5781752.27917558,210.71933206660802
AVAX,2024-05-20,35.648597022768,40.2314384501691,35.2080490198014,40.1227055331334,462444588.328378,12359127.3342205,462.444588328378
AVAX,2024-05-21,40.1227055331334,41.3528367284805,39.6747007258604,41.210327190807,553138810.108745,13621902.773561,553.138810108745
AVAX,2024-05-22,41.210327190807,41.7485904812841,39.2351183544832,40.0061477869225,407705000.291718,10087291.1038583,407.705000291718
AVAX,2024-05-23,40.0061477869225,40.4455482005126,36.6633762320395,38.5273696325261,532704842.965117,13782996.0294249,532.704842965117
AVAX,2024-05-24,38.5273696325261,38.9912457073555,36.9925274046311,38.0286197168675,281096072.265036,7388282.38412181,281.096072265036
AVAX,2024-05-25,38.0286197168675,38.7117629021095,37.7603435567278,38.2818742522085,157059169.03571,4113541.33217543,157.05916903571
AVAX,2024-05-26,38.2818742522085,38.2938363161541,36.5324801717872,36.7860025651907,163438834.480269,4386386.40793232,163.438834480269
AVAX,2024-05-27,36.7860025651907,38.9112819587275,36.6912911718667,38.2571052369171,257336096.317402,6806219.38510291,257.336096317402
AVAX,2024-05-28,38.2571052369171,38.3680177047181,36.5559474494815,36.9959677325542,363614464.169184,9792524.8643903,363.61446416918403
AVAX,2024-05-29,36.9959677325542,37.4444450310471,36.1348315684318,36.1692492198398,283930360.018243,7710280.62393579,283.930360018243
AVAX,2024-05-30,36.1692492198398,37.0729394003446,35.3178492364919,35.9845900994626,292456831.067755,8039604.32643226,292.456831067755
AVAX,2024-05-31,35.9845900994626,36.7663763040415,35.2154663280895,36.0067469928408,216900452.972853,6006946.9817847,216.900452972853
AVAX,2024-06-01,36.0067469928408,36.2002391071285,35.6841815232589,35.7491175298202,99369676.1365005,2759826.85871881,99.36967613650049
AVAX,2024-06-02,35.7491175298202,36.1506274738938,34.7672256907802,34.9166560936708,159653195.782041,4496421.66666791,159.65319578204102
AVAX,2024-06-03,34.9166560936708,36.2547132404127,34.5995887563254,35.0358984188544,262999548.106461,7390274.89527129,262.99954810646096
AVAX,2024-06-04,35.0358984188544,36.2575549886288,34.5342533898484,36.0616494240793,230324440.543353,6526896.38266443,230.32444054335298
AVAX,2024-06-05,36.0616494240793,36.8948331839524,35.9574155467149,36.5759105617058,232704387.525885,6396097.57873704,232.70438752588498
AVAX,2024-06-06,36.5759105617058,37.1866162862938,35.7954763888419,35.9056978657104,204946648.715994,5613623.87435281,204.946648715994
AVAX,2024-06-07,35.9056978657104,36.8556852364775,31.3075884618826,33.5395705266385,498448994.666047,14626893.2155199,498.448994666047
AVAX,2024-06-08,33.5395705266385,33.7321196200527,31.9650222534373,32.2861517403707,189818141.248778,5779137.73075839,189.81814124877798
AVAX,2024-06-09,32.2861517403707,33.0225627073932,32.0610633461597,33.0148616603489,104035191.690281,3196450.61753626,104.03519169028101
AVAX,2024-06-10,33.0148616603489,33.4756409086893,32.0902792546635,32.2861516935413,209803843.504727,6417414.55844548,209.803843504727
AVAX,2024-06-11,32.2861516935413,32.3675205948774,30.6319333137741,31.5646168367646,379578800.239869,11969821.6194434,379.578800239869
AVAX,2024-06-12,31.5646168367646,33.996926792175,30.8293627865765,33.2978324125814,332231066.74922,10145225.4092253,332.23106674922
AVAX,2024-06-13,33.2978324125814,33.4356729154842,30.9383715243535,31.0059643779845,241206114.209613,7515308.38793865,241.206114209613
AVAX,2024-06-14,31.0059643779845,32.0872917640597,29.3211647069795,30.3089376611483,325958816.202791,10616219.7512815,325.95881620279096
AVAX,2024-06-15,30.3089376611483,30.6411565114141,29.9340698487468,30.0086663243118,128458073.742634,4245809.85938696,128.45807374263399
AVAX,2024-06-16,30.0086663243118,30.4645648015996,29.6693587086131,30.0888156313853,140235866.124876,4668502.67800477,140.235866124876
AVAX,2024-06-17,30.0888156313853,30.3585473843077,27.4433241185608,28.4961371692637,280150649.978541,9713805.79367033,280.150649978541
AVAX,2024-06-18,28.4961371692637,28.5514440377961,25.3198294141699,26.6221540643064,379790959.330618,14421264.8482936,379.790959330618
AVAX,2024-06-19,26.6221540643064,27.6635609097268,26.4151838698772,26.9646273804018,182582926.053348,6729290.72421147,182.58292605334802
AVAX,2024-06-20,26.9646273804018,28.9149472988398,26.7197241798314,27.5802988701581,254598518.684251,9200462.99456329,254.59851868425102
AVAX,2024-06-21,27.5802988701581,28.0201510526638,26.9629895020285,27.486987793888,192394181.611409,6978026.62470827,192.394181611409
AVAX,2024-06-22,27.486987793888,27.4954555387776,24.5936634489515,25.6184318180926,508377143.109622,19830818.635643,508.377143109622
AVAX,2024-06-23,25.6184318180926,25.9984162841147,24.1494427430431,25.0957751640269,319943480.006522,12780213.5355135,319.943480006522
AVAX,2024-06-24,25.0957751640269,25.2322144663291,23.6205748561214,24.8244933274843,391766940.956125,16034962.9802724,391.76694095612504
AVAX,2024-06-25,24.8244933274843,25.7679637344546,24.6350638648842,25.4187656861665,205217245.055126,8124084.21660658,205.217245055126
AVAX,2024-06-26,25.4187656861665,26.6400362640549,25.3144842190565,25.8195951746798,300279911.275249,11567867.319617,300.279911275249
AVAX,2024-06-27,25.8195951746798,28.3533660172112,25.3669033355404,27.9009760114303,307274305.391951,11396475.207566,307.27430539195103
AVAX,2024-06-28,27.9009760114303,29.0268273401529,27.6613406600036,27.9288146103989,278666454.665887,9854984.69295121,278.666454665887
AVAX,2024-06-29,27.9288146103989,28.6269437867889,27.5765510962084,27.7240591978474,154797112.22512,5508480.31273762,154.79711222512
AVAX,2024-06-30,27.7240591978474,29.5076524554912,27.3847137245776,29.3461584324992,201207450.501964,7095788.25773283,201.207450501964
AVAX,2024-07-01,29.3461584324992,30.0741180813933,28.8084337259077,28.8151804423914,250954236.174562,8465822.83512517,250.954236174562
AVAX,2024-07-02,28.8151804423914,28.8800644939195,28.077915070827,28.6836718042099,206715693.330751,7266440.2801871,206.715693330751
AVAX,2024-07-03,28.6836718042099,28.9310441072738,26.4543557581086,26.5033922975796,280420191.916916,10239821.5036604,280.420191916916
AVAX,2024-07-04,26.5033922975796,26.6791529619586,24.4010564666809,24.4622967709395,272238356.724397,10642833.0403286,272.238356724397
AVAX,2024-07-05,24.4622967709395,25.4572352815016,22.0424538979674,25.1527807837287,496137792.570095,20980011.8040815,496.13779257009503
AVAX,2024-07-06,25.1527807837287,27.6031762694102,24.9383597476261,27.4290375509063,197279264.932557,7570269.64422103,197.279264932557
AVAX,2024-07-07,27.4290375509063,27.4934695983128,25.5028838570256,25.7632411871606,195190933.570337,7413950.73526224,195.190933570337
AVAX,2024-07-08,25.7632411871606,27.1884729070184,24.6374307743757,25.2397081375486,378057350.350801,14580199.0281616,378.057350350801
AVAX,2024-07-09,25.2397081375486,26.5183269551017,24.7462807405436,26.4555569676876,282020380.098203,11006942.9288908,282.020380098203
AVAX,2024-07-10,26.4555569676876,27.4191504428993,25.661485134336,25.7868525329637,203978839.022638,7672389.40169981,203.978839022638
AVAX,2024-07-11,25.7868525329637,26.3633333141602,25.0871826708977,25.2420227047545,243153197.180576,9474563.54361075,243.153197180576
AVAX,2024-07-12,25.2420227047545,26.1077370277817,24.8798526673545,25.9920835324076,195865185.906331,7695190.68793207,195.865185906331
AVAX,2024-07-13,25.9920835324076,26.3536197857789,25.5632909314047,25.8741336621088,209203286.182976,8065188.20696555,209.203286182976
AVAX,2024-07-14,25.8741336621088,26.6836299401191,25.6340433924702,26.3827812067814,193549026.493352,7424351.92246631,193.549026493352
AVAX,2024-07-15,26.3827812067814,27.9044163049218,26.3195541964011,27.854177725322,294580558.050729,10868213.700788,294.580558050729
AVAX,2024-07-16,27.854177725322,29.2421526887853,26.5150406401586,28.0376266087557,406081037.738755,14585518.6963807,406.081037738755
AVAX,2024-07-17,28.0376266087557,29.0317897875607,27.245237609644,27.2587089386646,309251281.697388,10940277.8464639,309.251281697388
AVAX,2024-07-18,27.2587089386646,27.9407720559886,26.6630895600785,27.1462963728011,220006499.708683,8034138.2680652,220.006499708683
AVAX,2024-07-19,27.1462963728011,28.418555983233,26.6864668909421,28.1831177198395,280305229.327547,10165884.4160814,280.305229327547
AVAX,2024-07-20,28.1831177198395,29.1834845853978,27.8394276145184,29.1146015175461,194394071.384986,6832124.04415873,194.394071384986
AVAX,2024-07-21,29.1146015175461,32.9726151927298,28.5937727137581,32.647557952262,598104774.65703,19451662.168426,598.10477465703
AVAX,2024-07-22,32.647557952262,32.9334878924708,31.3639807205979,31.8919436956684,422418877.834211,13135726.3112661,422.418877834211
AVAX,2024-07-23,31.8919436956684,32.6160491731523,29.5157775754761,29.8444074267873,409694087.373833,13363982.4034981,409.694087373833
AVAX,2024-07-24,29.8444074267873,30.5416159212552,28.3056587745985,28.3954864700865,390036328.915096,13269878.3645855,390.03632891509596
AVAX,2024-07-25,28.3954864700865,28.5889577901631,26.3270553634961,27.25580337367,349240162.693422,12808900.5744805,349.240162693422
AVAX,2024-07-26,27.25580337367,28.8600823955291,27.2005586805728,28.7313905922175,293129608.461513,10418021.5290809,293.129608461513
AVAX,2024-07-27,28.7313905922175,29.51865043784,27.6612777492658,28.0563523334185,250805718.71534,8725870.81085895,250.80571871534
AVAX,2024-07-28,28.0563523334185,28.1729117456866,27.1491003866766,27.4175214916771,144033011.344353,5222937.6800011,144.03301134435299
AVAX,2024-07-29,27.4175214916771,28.8290465482979,27.0157558776521,27.0165787348645,295737770.555285,10554511.4441801,295.73777055528495
AVAX,2024-07-30,27.0165787348645,27.3135562916328,26.0758472524771,26.3421754246465,195631429.932171,7296976.05294417,195.631429932171
AVAX,2024-07-31,26.3421754246465,26.8634033690288,25.477696572746,25.7231780699153,237152540.958698,9036257.8420807,237.152540958698
AVAX,2024-08-01,25.7231780699153,25.9246213057227,24.090981870339,25.7212782123695,250500409.675893,9988883.13879838,250.500409675893
AVAX,2024-08-02,25.7212782123695,25.9016344616801,23.3892109616989,23.6145868762717,282345612.229014,11524729.9101104,282.34561222901397
AVAX,2024-08-03,23.6145868762717,24.1134627565068,22.2369499314248,22.6657743724165,236629048.541607,10172673.0864225,236.629048541607
AVAX,2024-08-04,22.6657743724165,22.9410011054774,20.630338789022,21.2736962372087,225435923.523546,10270220.2608799,225.43592352354602
AVAX,2024-08-05,21.2736962372087,21.3824553224207,17.4687766880064,19.5454273735872,889570193.183156,47006399.2574152,889.570193183156
AVAX,2024-08-06,19.5454273735872,21.4726944539026,19.5367832263414,20.9136170942587,309621559.427027,14908155.5147222,309.62155942702697
AVAX,2024-08-07,20.9136170942587,21.7165970166927,19.7539944867332,19.8674693203062,249229761.463047,12007156.8162345,249.229761463047
AVAX,2024-08-08,19.8674693203062,22.8022191979198,19.5714627056205,22.7558575242244,242821391.260587,11436909.8433978,242.821391260587
AVAX,2024-08-09,22.7558575242244,22.8044754685693,21.360418092548,21.7918189005281,196461487.982479,9001233.84568156,196.461487982479
AVAX,2024-08-10,21.7918189005281,22.0546882570905,21.452997192855,21.5983599028712,105386160.667337,4855375.63681814,105.386160667337
AVAX,2024-08-11,21.5983599028712,22.3496011783776,20.4370269979197,20.4409886402223,153315984.452172,7148939.75243832,153.31598445217202
AVAX,2024-08-12,20.4409886402223,21.7069986384681,20.3569311001816,21.2902883814186,205455175.042749,9736397.14165057,205.45517504274898
AVAX,2024-08-13,21.2902883814186,21.6145416306412,20.6373721419878,21.4036339881362,157953005.347719,7470240.49326247,157.95300534771903
AVAX,2024-08-14,21.4036339881362,21.8886812055854,20.8467820519354,20.9862881322282,145026143.297913,6801120.64529809,145.02614329791302
AVAX,2024-08-15,20.9862881322282,21.174482879146,19.8919323049396,20.1547297421676,205213268.428464,9929407.79835791,205.213268428464
AVAX,2024-08-16,20.1547297421676,20.7034948542543,19.8407923229282,20.4002382388085,149138640.641526,7346366.98734642,149.13864064152602
AVAX,2024-08-17,20.4002382388085,20.7077603536495,20.2729804769159,20.7050510231156,79367494.8718237,3866979.84472269,79.3674948718237
AVAX,2024-08-18,20.7050510231156,21.5240195100345,20.55801639665,20.8422896688084,121164576.651535,5757017.8056477,121.164576651535
AVAX,2024-08-19,20.8422896688084,21.2555415468032,20.4260964932746,21.2335483901754,129494918.808975,6234647.40379053,129.494918808975
AVAX,2024-08-20,21.2335483901754,22.7960108440688,21.1968654329063,22.2792633068368,234884521.042934,10614353.4288622,234.884521042934
AVAX,2024-08-21,22.2792633068368,23.811106909563,22.2750795481136,23.552188866995,245929747.57334,10564410.8424799,245.92974757334
AVAX,2024-08-22,23.552188866995,25.2959375767965,23.0975343961901,25.2420366795957,311057233.198414,12785971.7775219,311.05723319841405
AVAX,2024-08-23,25.2420366795957,26.9729095654816,25.2420366795957,26.5331722758027,421569874.352968,16022770.6772133,421.569874352968
AVAX,2024-08-24,26.5331722758027,28.0049892070205,26.2368012225858,27.1341736918369,293490571.965464,10799047.6620198,293.49057196546397
AVAX,2024-08-25,27.1341736918369,27.6819143402184,26.1736557193452,26.9556597499204,253504010.154717,9427028.32993156,253.504010154717
AVAX,2024-08-26,26.9556597499204,27.208837832647,25.9233811160886,25.9565325534225,266144874.898199,9999596.41831783,266.14487489819896
AVAX,2024-08-27,25.9565325534225,26.8011633831136,23.7788917801115,24.1247372986318,283304552.718777,11141202.419723,283.304552718777
AVAX,2024-08-28,24.1247372986318,24.8352950924648,23.2444046272467,23.4702407376089,289644763.138623,12083955.7103903,289.644763138623
AVAX,2024-08-29,23.4702407376089,24.6827220791444,22.8141853202681,22.9239311175252,237483919.462393,10024417.6566235,237.48391946239298
AVAX,2024-08-30,22.9239311175252,23.6464791478787,22.2626992164072,23.3098738167424,206595686.377182,8976215.62847366,206.595686377182
AVAX,2024-08-31,23.3098738167424,23.4104305002957,22.5169430219436,22.8235613975633,95761004.489495,4164039.71198342,95.761004489495
AVAX,2024-09-01,22.8235613975633,22.8498191435179,21.2554289144189,21.4634800398062,187502805.780236,8470628.93448748,187.502805780236
AVAX,2024-09-02,21.4634800398062,22.5656876625934,21.4111624979849,22.3848456945631,149623709.174341,6784973.02731865,149.623709174341
AVAX,2024-09-03,22.3848456945631,22.7335252075371,21.3806723602119,21.3972765258971,143884106.008531,6482213.57031484,143.884106008531
AVAX,2024-09-04,21.3972765258971,22.3095662619352,20.6240503010296,21.9208220057765,187936097.728937,8719291.28676206,187.936097728937
AVAX,2024-09-05,21.9208220057765,22.1917941091541,21.2534607819743,21.3902643631071,128740388.172502,5939948.64446257,128.740388172502
AVAX,2024-09-06,21.3902643631071,22.1811473468975,20.5225057687737,21.1781480203165,263997314.793854,12357560.4554243,263.997314793854
AVAX,2024-09-07,21.1781480203165,22.0172206116593,21.0794804332272,21.811028683606,111389108.254591,5157325.51787791,111.38910825459101
AVAX,2024-09-08,21.811028683606,23.521719411347,21.7348069924338,23.2683154362315,183306549.147709,8034552.91357383,183.306549147709
AVAX,2024-09-09,23.2683154362315,24.364114978942,23.1845836630061,23.8590434867083,240467019.672318,10093644.0422014,240.467019672318
AVAX,2024-09-10,23.8590434867083,24.5733580412231,23.6000371954997,24.3621839889939,170474471.444624,7102193.29396569,170.47447144462402
AVAX,2024-09-11,24.3621839889939,24.5151312667734,22.912945416078,23.2882895654704,200955964.733373,8531516.32315244,200.95596473337298
AVAX,2024-09-12,23.2882895654704,24.0547853804051,23.2844442863873,24.024003469186,173889036.086646,7336619.70923834,173.889036086646
AVAX,2024-09-13,24.024003469186,25.1101330046785,23.6886687801987,24.9356443014414,213290408.046423,8786238.35409381,213.29040804642298
AVAX,2024-09-14,24.9356443014414,25.6608448851658,24.6369351855785,25.3384044431504,148677657.150776,5912681.25252165,148.67765715077599
AVAX,2024-09-15,25.3384044431504,25.3767207551298,23.7059711659877,23.8296624294147,156342181.450329,6360433.5497903,156.342181450329
AVAX,2024-09-16,23.8296624294147,24.2541746406146,23.2593807894101,23.5277838031345,191860596.71455,8102580.09990464,191.86059671454998
AVAX,2024-09-17,23.5277838031345,24.4774296553894,23.1827280882383,23.7865572990008,194161806.296017,8100895.63761057,194.161806296017
AVAX,2024-09-18,23.7865572990008,24.7119899475006,22.8428557136598,24.696657524657,245390544.863299,10423692.3188568,245.390544863299
AVAX,2024-09-19,24.696657524657,26.7716052476553,24.696657524657,26.667312041511,384317427.082523,14721036.7434717,384.317427082523
AVAX,2024-09-20,26.667312041511,28.7092821035532,26.4902722426629,27.6815597359265,466177272.190186,16809130.9183825,466.17727219018605
AVAX,2024-09-21,27.6815597359265,28.1214819624514,27.0387894711838,27.8069152452213,175713422.934728,6382649.60627392,175.713422934728
AVAX,2024-09-22,27.8069152452213,27.8100560642846,26.5073174750544,27.3130764028026,173933257.897315,6409105.13556153,173.933257897315
AVAX,2024-09-23,27.3130764028026,28.1618766608529,26.6051811566785,27.3999432558088,312682714.079101,11382092.5933459,312.682714079101
AVAX,2024-09-24,27.3999432558088,28.5392952696643,26.863431490376,28.4785019039434,289181758.261481,10515740.2231503,289.181758261481
AVAX,2024-09-25,28.4785019039434,28.4959161483409,27.1702577874746,27.2732109480162,328014594.8643,11827102.6148026,328.0145948643
AVAX,2024-09-26,27.2732109480162,29.4159662580621,26.9761309289675,29.1702411663642,419707307.507739,14721302.0241517,419.707307507739
AVAX,2024-09-27,29.1702411663642,30.8334579112356,28.949894106071,30.4394483573796,373979209.185849,12492917.7192111,373.979209185849
AVAX,2024-09-28,30.4394483573796,30.7654357682339,29.063632689122,29.3036824758647,230530694.927352,7764886.19107813,230.53069492735202
AVAX,2024-09-29,29.3036824758647,29.4786768949403,28.2810843728362,29.0660845373465,225816614.998951,7807055.75461966,225.816614998951
AVAX,2024-09-30,29.0660845373465,29.1188747041082,27.5773611335343,27.7218143550353,333010165.472859,11746509.6223917,333.010165472859
AVAX,2024-10-01,27.7218143550353,28.8803615530894,25.0773541186301,25.8326622717625,526989150.71624,19377120.7156479,526.98915071624
AVAX,2024-10-02,25.8326622717625,26.7697010773386,25.064588666626,25.3387973673792,338152914.898107,13061557.7575823,338.152914898107
AVAX,2024-10-03,25.3387973673792,25.6613922693376,23.9144686310487,24.6637573547081,351201163.273762,14210978.4537717,351.201163273762
AVAX,2024-10-04,24.6637573547081,26.4915588809537,24.4481084374012,26.2709242618824,276700165.263518,10801664.2863667,276.700165263518
AVAX,2024-10-05,26.2709242618824,26.424304062843,25.1137288329042,25.6689842590724,160004214.920743,6189365.78575574,160.00421492074298
AVAX,2024-10-06,25.6689842590724,27.0832866568627,25.501230691961,26.9382012407214,190537731.079797,7197415.93123359,190.537731079797
AVAX,2024-10-07,26.9382012407214,27.7151385026085,26.5401760867955,26.5669189751542,291132100.567976,10720572.1631088,291.132100567976
AVAX,2024-10-08,26.5669189751542,27.1643438037477,26.059079773738,26.3355370567893,234726596.145339,8818409.04566666,234.72659614533902
AVAX,2024-10-09,26.3355370567893,26.6756234147888,25.6670930180597,25.7466638247723,237757479.587002,9096559.06134361,237.757479587002
AVAX,2024-10-10,25.7466638247723,26.3273722807794,25.0562265092411,25.8399337500223,228646332.054126,8870796.95157861,228.646332054126
AVAX,2024-10-11,25.8399337500223,27.5652052541972,25.7348718929821,27.4424577391001,216937085.985928,8142993.31884512,216.937085985928
AVAX,2024-10-12,27.4424577391001,29.3570129645981,27.404338634923,28.6439821623872,313594950.051927,10952045.6947334,313.59495005192696
AVAX,2024-10-13,28.6439821623872,29.3452904684548,28.3189057808447,29.0653119395269,242113262.905146,8398505.75346458,242.113262905146
AVAX,2024-10-14,29.0653119395269,29.8381074373324,28.6650035292772,29.0458290495374,324663970.53719,11066486.2604087,324.66397053719004
AVAX,2024-10-15,29.0458290495374,29.5700499720163,27.5696208242377,28.2184013206339,428170811.256163,14997630.7810162,428.170811256163
AVAX,2024-10-16,28.2184013206339,28.2184034095949,27.2555751210901,28.0186023703507,254445846.889927,9177871.31710203,254.445846889927
AVAX,2024-10-17,28.0186023703507,28.2391262295375,26.8403559255696,27.2915046555781,185701058.33143,6756554.80320288,185.70105833142998
AVAX,2024-10-18,27.2915046555781,28.1437420976881,27.0996722187002,28.0949481081134,132084899.939413,4772647.84820368,132.084899939413
AVAX,2024-10-19,28.0949481081134,28.4362445725762,27.7299541422126,28.1008709736301,91851765.2176836,3270484.51157163,91.85176521768359
AVAX,2024-10-20,28.1008709736301,28.9737913080331,27.7707586029442,28.9536529455907,116210674.116424,4110203.74562857,116.21067411642399
AVAX,2024-10-21,28.9536529455907,29.2887862463943,27.3856748936863,27.7549600145914,202551804.769291,7165319.83729919,202.551804769291
AVAX,2024-10-22,27.7549600145914,28.1957686961698,27.2407924644259,27.6218502304026,187140555.757729,6754342.30910204,187.140555757729
AVAX,2024-10-23,27.6218502304026,27.6835010055584,25.8925296602518,26.7504876580804,196324649.954813,7352868.91850166,196.324649954813
AVAX,2024-10-24,26.7504876580804,27.2123105950286,26.3792531798272,26.8232925474123,153672017.737348,5726892.91583882,153.672017737348
AVAX,2024-10-25,26.8232925474123,26.8684425728693,24.2146993365379,24.9135348245915,316866152.030586,12323117.5941875,316.866152030586
AVAX,2024-10-26,24.9135348245915,25.6504721565836,24.570386962883,25.3860082322077,135549742.095195,5380755.99068474,135.549742095195
AVAX,2024-10-27,25.3860082322077,25.9003857547249,25.2410327192017,25.7484265010274,77517120.8000634,3028023.81519494,77.5171208000634
AVAX,2024-10-28,25.7484265010274,26.5127683368327,25.0549327578266,26.2544982665215,185089033.849569,7152470.14983285,185.089033849569
AVAX,2024-10-29,26.2544982665215,27.1444240371796,26.1861638684297,26.8737081944649,191689421.620617,7178985.80777701,191.689421620617
AVAX,2024-10-30,26.8737081944649,26.8975653777298,26.0111027921369,26.1845534579721,178989219.262088,6776171.57960849,178.989219262088
AVAX,2024-10-31,26.1845534579721,26.220089120731,24.6844619050734,25.0172635766799,162763790.585149,6413362.06824874,162.763790585149
AVAX,2024-11-01,25.0172635766799,25.7017999420675,24.4229697980052,24.7939161628652,181443559.431187,7266348.82018608,181.443559431187
AVAX,2024-11-02,24.7939161628652,25.0152360832749,23.9996243054596,24.1212764811953,93264395.8823045,3817654.07967794,93.2643958823045
AVAX,2024-11-03,24.1212764811953,24.2030022137137,22.6139819642942,23.5459277437165,194795968.307629,8353539.76183749,194.79596830762898
AVAX,2024-11-04,23.5459277437165,23.933630374927,22.3724260032685,22.7296486040799,182867306.051499,7883994.28393049,182.867306051499
AVAX,2024-11-05,22.7296486040799,24.4451792798927,22.6107493276901,23.9989662198507,181172833.407613,7660963.2526776,181.172833407613
AVAX,2024-11-06,23.9989662198507,27.2822165579379,23.9989662198507,27.0119896715042,450036406.13482,17271188.0347039,450.03640613481997
AVAX,2024-11-07,27.0119896715042,27.9944551476363,26.5730598600611,27.3943848035183,278419473.977853,10201500.6443766,278.419473977853
AVAX,2024-11-08,27.3943848035183,28.7992937929138,27.1422883053364,28.796117936603,297153352.209884,10617235.6689688,297.15335220988396
AVAX,2024-11-09,28.796117936603,30.4811128535534,28.5245293480931,30.3870066747907,334272357.026687,11423769.5107349,334.272357026687
AVAX,2024-11-10,30.3870066747907,33.2981622882564,29.7291595360423,31.8999505417414,705276219.096319,22247814.4561913,705.276219096319
AVAX,2024-11-11,31.8999505417414,35.7902981880675,30.7340245835019,35.7453938237614,873546039.175258,26396360.1848838,873.546039175258
AVAX,2024-11-12,35.7453938237614,37.6944253785258,32.7417973755454,33.9903074657884,1594734502.56941,45362748.1872357,1594.73450256941
AVAX,2024-11-13,33.9903074657884,35.0963743352901,31.2747629091359,33.1659278035679,1156993163.2689,34746765.4933465,1156.9931632689
AVAX,2024-11-14,33.1659278035679,34.7221956401716,30.707613667347,31.2132778000103,575677366.287925,17646986.5105003,575.677366287925
AVAX,2024-11-15,31.2132778000103,33.3175621367841,30.6372143933014,33.1448217848285,384037599.260193,11978161.7077671,384.03759926019296
AVAX,2024-11-16,33.1448217848285,35.718218733432,32.8443116319344,35.1513775901502,513504436.595936,14762776.8574449,513.504436595936
AVAX,2024-11-17,35.1513775901502,37.2482634895071,33.1435236234084,34.7471959478952,680651010.049963,19059669.6830609,680.651010049963
AVAX,2024-11-18,34.7471959478952,36.1202919797473,34.1796297080707,35.5195954261831,569124333.017559,16157482.7290824,569.124333017559
AVAX,2024-11-19,35.5195954261831,35.6565079803833,33.6057119692637,34.2830013217718,374839377.673282,10806721.1618721,374.839377673282
AVAX,2024-11-20,34.2830013217718,35.7489222945819,32.8269769395038,33.6281391374341,487499160.995359,14251435.7057768,487.499160995359
AVAX,2024-11-21,33.6281391374341,36.1806917718326,32.4130413314407,35.7843555514294,525110040.137501,15089137.3992761,525.110040137501
AVAX,2024-11-22,35.7843555514294,43.4373320431626,35.2300333712848,43.1652324904148,1202605785.80182,31054167.0260879,1202.60578580182
AVAX,2024-11-23,43.1652324904148,45.1822329744518,40.7536742680374,41.4616877450007,1106871091.08388,25782161.2667896,1106.87109108388
AVAX,2024-11-24,41.4616877450007,43.1118033313582,38.485766061799,42.0559072191504,731552624.463381,17893303.1854001,731.5526244633811
AVAX,2024-11-25,42.0559072191504,47.8438731227923,40.0440209620703,41.3205391898569,1328668737.42613,30461143.1942924,1328.66873742613
AVAX,2024-11-26,41.3205391898569,43.3175706863789,38.5458490550383,42.7159427074595,995455929.249627,24061950.2899734,995.455929249627
AVAX,2024-11-27,42.7159427074595,44.4406003357415,41.980338715748,43.8256538378165,934191884.989635,21577389.0182802,934.191884989635
AVAX,2024-11-28,43.8256538378165,44.2375409123169,41.5675139842923,42.7811515206328,485259545.981758,11336810.2475036,485.259545981758
AVAX,2024-11-29,42.7811515206328,45.0389590635793,42.5631719334753,44.8516826371047,473790684.820587,10800723.3922555,473.790684820587
AVAX,2024-11-30,44.8516826371047,46.2234546043579,43.7351196270499,44.8427092759872,457873785.985907,10143198.8244865,457.87378598590703
AVAX,2024-12-01,44.8427092759872,45.7292702943625,43.835772814187,45.0789373104127,428678670.118773,9598130.53071572,428.67867011877297
AVAX,2024-12-02,45.0789373104127,52.4417057815811,45.0287874290329,52.2603665597419,2442543574.30729,50478771.9363614,2442.54357430729
AVAX,2024-12-03,52.2603665597419,53.8950772351183,47.9679855118861,50.873157666004,1566413755.5322,30749008.6342171,1566.4137555322002
AVAX,2024-12-04,50.873157666004,55.7617036337614,50.873157666004,52.8247733109785,1468183951.45282,27351250.5781499,1468.18395145282
AVAX,2024-12-05,52.8247733109785,53.5797520716263,49.7662434909343,50.364343168317,994324136.605417,19224527.1104231,994.324136605417
AVAX,2024-12-06,50.364343168317,53.5175055228734,49.6709108376918,52.4895938214495,783357199.223537,15150742.9318815,783.357199223537
AVAX,2024-12-07,52.4895938214495,53.0199257302221,51.1974652704869,51.6595758516485,375744655.475499,7219393.17559442,375.744655475499
AVAX,2024-12-08,51.6595758516485,54.3536645248767,50.4089603065197,53.9588619530829,522572188.421075,9982206.47643325,522.572188421075
AVAX,2024-12-09,53.9588619530829,54.159973551508,41.6251633784773,45.1303643839225,1722289378.53759,36731996.8904391,1722.28937853759
AVAX,2024-12-10,45.1303643839225,46.4873831223455,41.4070748718848,44.6347809555849,942085762.919415,21335250.1347379,942.085762919415
AVAX,2024-12-11,44.6347809555849,48.4376587642879,42.8753344633397,48.4376587642879,541459115.186078,11772739.7245126,541.459115186078
AVAX,2024-12-12,48.4376587642879,55.3169503036116,48.2414486313878,53.1504253956651,1185048273.36208,22786580.6831013,1185.0482733620802
AVAX,2024-12-13,53.1504253956651,54.0228747407272,50.8607448984419,52.7532829398073,651326183.08404,12501379.9092496,651.32618308404
AVAX,2024-12-14,52.7532829398073,53.7649057500248,49.4480044864472,49.8478026043054,456324929.53983,8822524.80087327,456.32492953983
AVAX,2024-12-15,49.8478026043054,51.3287027868051,48.1623300079839,50.7144548354112,444672839.558693,8929994.39977238,444.672839558693
AVAX,2024-12-16,50.7144548354112,51.9627456641406,48.4340454303808,49.0122378636561,549146150.109461,11017210.9785022,549.1461501094609
AVAX,2024-12-17,49.0122378636561,50.818781755253,47.6151300708204,47.9443757281758,467323438.283196,9478651.11263203,467.32343828319597
AVAX,2024-12-18,47.9443757281758,48.2385072682751,42.697870671842,42.8511415820278,728423880.443075,16007993.7624371,728.423880443075
AVAX,2024-12-19,42.8511415820278,43.6330766933726,37.4873559285961,38.8951130544172,854442018.180057,20991416.1947919,854.4420181800571
AVAX,2024-12-20,38.8951130544172,40.3949908122964,33.5932082530043,39.9446222529843,864309423.470628,23157993.2756683,864.3094234706281
AVAX,2024-12-21,39.9446222529843,42.4147592446867,36.9339192366795,37.3950065701014,453217827.204647,11477018.8026812,453.217827204647
AVAX,2024-12-22,37.3950065701014,38.5085635376411,35.5506800787637,36.554256667414,388798206.514184,10514841.6364142,388.798206514184
AVAX,2024-12-23,36.554256667414,39.7125395586059,35.7019329079222,39.1294799077168,485826959.812384,13033944.2140477,485.826959812384
AVAX,2024-12-24,39.1294799077168,42.0557256989347,37.7355195355641,41.2599392024711,410448537.287271,10274185.3587907,410.448537287271
AVAX,2024-12-25,41.2599392024711,41.8943695916408,39.8806779037372,40.2907187402758,228518367.493036,5597185.13881373,228.518367493036
AVAX,2024-12-26,40.2907187402758,40.7521997741666,37.0162878001145,37.3375230793699,311364380.437487,8128911.78960234,311.364380437487
AVAX,2024-12-27,37.3375230793699,38.9921004536474,36.3451445659146,36.5557103356035,281966798.295076,7520457.49992313,281.966798295076
AVAX,2024-12-28,36.5557103356035,38.0657193167932,36.3058315164732,37.6849215968623,180171425.79276,4857430.05825437,180.17142579276
AVAX,2024-12-29,37.6849215968623,37.7374002662487,35.5094542337435,35.824025872538,171064902.311067,4670592.54579311,171.064902311067
AVAX,2024-12-30,35.824025872538,37.1356608059674,34.8356559471013,35.9301035538699,361020049.809194,9957413.74317182,361.020049809194
AVAX,2024-12-31,35.9301035538699,37.2319193624233,34.926983920309,35.678022707973,218324308.233569,6060576.38711682,218.32430823356898
AVAX,2025-01-01,35.678022707973,37.9112875499198,34.9472734000314,37.7264210001578,188557726.614107,5182910.4882251,188.55772661410703
AVAX,2025-01-02,37.7264210001578,40.5706147191209,37.7246077779238,39.2601622591592,329617505.420262,8379980.06924972,329.617505420262
AVAX,2025-01-03,39.2601622591592,42.1477980870798,38.8968143109352,41.9168784306211,372851072.549694,9099454.02082102,372.851072549694
AVAX,2025-01-04,41.9168784306211,42.8403300614497,40.9462632308983,42.6226834421892,262168452.360536,6256750.45459481,262.16845236053604
AVAX,2025-01-05,42.6226834421892,43.1606444909353,41.2590557291635,43.0896838101794,207220656.585471,4915638.12880985,207.220656585471
AVAX,2025-01-06,43.0896838101794,45.0412635437425,42.0543314762147,44.0839862663675,419152449.16645,9547057.40023104,419.15244916645
AVAX,2025-01-07,44.0839862663675,44.5697804968849,39.2250412732959,39.2373598649781,477801066.887236,11473298.1228246,477.801066887236
AVAX,2025-01-08,39.2373598649781,39.9422510460843,36.2893456211541,37.4566987014585,566159342.074317,14927319.2834446,566.159342074317
AVAX,2025-01-09,37.4566987014585,37.9321379596194,35.592268445764,36.243072679899,329805682.550812,9009190.16579752,329.805682550812
AVAX,2025-01-10,36.243072679899,37.9418070798535,35.9902113161084,36.7012943731916,431550505.252705,11692042.2388636,431.55050525270497
AVAX,2025-01-11,36.7012943731916,37.7799776447787,36.0532971781318,37.1264182487605,144030180.200963,3920285.88240102,144.030180200963
AVAX,2025-01-12,37.1264182487605,37.5932525585123,36.1576488077955,36.5613179130472,123953768.140907,3360783.978469,123.953768140907
AVAX,2025-01-13,36.5613179130472,37.3414677154599,33.0583152997199,35.3145112165181,416236416.928961,12065811.5960547,416.236416928961
AVAX,2025-01-14,35.3145112165181,36.7038594320158,35.0471894004708,36.5681943844749,231787746.849264,6439136.43980075,231.78774684926398
AVAX,2025-01-15,36.5681943844749,40.013143443049,36.2405798288068,39.8387283164258,360274668.723855,9415151.41999882,360.27466872385503
AVAX,2025-01-16,39.8387283164258,40.504121535081,38.3716069000748,40.0594998740262,351905144.278619,8906675.48257359,351.905144278619
AVAX,2025-01-17,40.0594998740262,41.8308198487699,40.059354930443,41.3906511502965,328733008.723409,8001239.21724629,328.733008723409
AVAX,2025-01-18,41.3906511502965,41.6932836233049,38.3778928023114,39.2081519558855,363841278.342735,9206271.59429872,363.841278342735
AVAX,2025-01-19,39.2081519558855,40.5019073238687,35.1497031783486,35.7178916382657,645566537.707422,17164731.571825,645.5665377074221
AVAX,2025-01-20,35.7178916382657,39.5478012525794,34.521214823093,36.0224574000807,1404669345.24703,37459356.3691725,1404.66934524703
AVAX,2025-01-21,36.0224574000807,37.6100201735615,34.5542698726623,37.0045357026432,364452487.97381,10085220.1664301,364.45248797381004
AVAX,2025-01-22,37.0045357026432,37.7840501812422,36.5798304918954,36.843022710081,272012536.938755,7336856.39334926,272.012536938755
AVAX,2025-01-23,36.843022710081,36.9861339573466,34.7410623442051,35.6154295130076,334528853.157423,9377637.35352336,334.52885315742304
AVAX,2025-01-24,35.6154295130076,36.8231522774159,34.6373880268345,35.3864765109672,453496938.415734,12568141.4208896,453.496938415734
AVAX,2025-01-25,35.3864765109672,37.2551732032191,34.9226745957048,36.6221271022645,526740613.099354,14576352.5575746,526.740613099354
AVAX,2025-01-26,36.6221271022645,38.1996543994904,35.7285642059413,35.7509208971991,249598593.445854,6677709.46378246,249.59859344585402
AVAX,2025-01-27,35.7509208971991,35.9938311572333,32.8729453797644,34.1991716103132,573217271.718554,16917308.8781142,573.217271718554
AVAX,2025-01-28,34.1991716103132,34.5517446867739,31.838680958304,32.0721425691365,244347001.64515,7279260.85524756,244.34700164515002
AVAX,2025-01-29,32.0721425691365,33.8075931054668,31.9102099871497,32.7903269251592,270980335.732406,8229612.54052268,270.98033573240605
AVAX,2025-01-30,32.7903269251592,34.7310787101486,32.455091376701,34.3520850211834,203563862.89919,5979936.58107837,203.56386289919
AVAX,2025-01-31,34.3520850211834,36.2001579356941,33.8720729027749,34.4573375555685,305749565.8119,8748186.23933947,305.7495658119
AVAX,2025-02-01,34.4573375555685,35.1346701497412,31.8804064186284,32.1251711013868,208244588.641402,6194954.48857608,208.244588641402
AVAX,2025-02-02,32.1251711013868,32.5745109313757,26.1063045086611,27.6185286349426,615848953.31286,21179616.6843852,615.84895331286
AVAX,2025-02-03,27.6185286349426,28.7839097537924,22.6889911670709,28.4337505587548,1314100683.32255,51395848.8097714,1314.1006833225501
AVAX,2025-02-04,28.4337505587548,28.6352998050964,25.5823598338583,26.4742682105959,499556667.463115,18722056.6385643,499.556667463115
AVAX,2025-02-05,26.4742682105959,27.4103453979631,25.6615252343834,25.8491091671299,254160551.821365,9575203.10437525,254.160551821365
AVAX,2025-02-06,25.8491091671299,26.8171692560776,24.3276794382126,24.5126283313033,234006805.750783,9171507.17235249,234.006805750783
AVAX,2025-02-07,24.5126283313033,26.2055668437225,23.7396088127842,24.4696356289725,330711819.055339,13179942.8398403,330.711819055339
AVAX,2025-02-08,24.4696356289725,24.8133073979038,23.9351883098932,24.5885803442746,134637160.613886,5529913.86155849,134.637160613886
AVAX,2025-02-09,24.5885803442746,25.5370655088134,23.7203420125135,24.8872819704912,194496755.377909,7823586.53529691,194.496755377909
AVAX,2025-02-10,24.8872819704912,26.0014735080348,23.8897550360916,25.7036393734317,239099660.133194,9460619.59532064,239.099660133194
AVAX,2025-02-11,25.7036393734317,27.0375240773806,24.9063722132626,25.4268950809467,246383393.451418,9452631.94311882,246.38339345141802
AVAX,2025-02-12,25.4268950809467,27.0867252471478,24.367926302853,26.5179797823947,344767300.90603,13588422.301777,344.76730090603
AVAX,2025-02-13,26.5179797823947,26.6317849828487,25.1582769002091,25.4441117475448,224299653.191015,8725676.41534629,224.299653191015
AVAX,2025-02-14,25.4441117475448,27.2206679717179,25.356309976384,26.4179512912446,248897289.81999,9443750.33381075,248.89728981999002
AVAX,2025-02-15,26.4179512912446,26.9854583239038,25.4123852352779,25.5269030518945,121382392.407119,4644767.56453231,121.382392407119
AVAX,2025-02-16,25.5269030518945,25.6172815126667,24.7870048823575,24.9036346260601,129274813.237305,5123512.69181885,129.274813237305
AVAX,2025-02-17,24.9036346260601,25.9735122059941,24.4635255568703,25.0627716733267,223473256.706389,8864470.81775583,223.473256706389
AVAX,2025-02-18,25.0627716733267,25.1411485833855,22.9872193722054,23.5530408668468,255070818.062231,10731749.025977,255.070818062231
AVAX,2025-02-19,23.5530408668468,24.0397006196639,23.053721566396,23.7727114274843,206074311.581322,8708752.63915228,206.074311581322
AVAX,2025-02-20,23.7727114274843,25.3635078087186,23.7563416785744,25.1700397333025,248014237.499256,10064547.7160503,248.014237499256
AVAX,2025-02-21,25.1700397333025,26.5162533704589,23.8038372545454,24.5387332501779,734694314.887948,29024140.0949274,734.694314887948
AVAX,2025-02-22,24.5387332501779,26.3510862778421,24.4644801736659,25.8484190489673,361805966.407999,14216748.2926554,361.805966407999
AVAX,2025-02-23,25.8484190489673,25.9834195583184,24.4351607904857,24.8641905940684,188416086.676841,7499450.91079549,188.416086676841
AVAX,2025-02-24,24.8641905940684,25.1804947409062,21.6282078149324,21.9041455666765,449319793.731319,19348638.2733615,449.319793731319
AVAX,2025-02-25,21.9041455666765,22.3313508586421,20.3709346171335,21.9464981367007,871824002.724186,41077340.0690175,871.8240027241859
AVAX,2025-02-26,21.9464981367007,22.530031872554,21.0312945093123,21.8738657455065,428738708.48048,19636667.8554399,428.73870848048
AVAX,2025-02-27,21.8738657455065,23.3609550872007,21.6820458140089,22.5311298796885,313226640.937423,13838471.3411764,313.226640937423
AVAX,2025-02-28,22.5311298796885,22.5946623379261,20.2838460366717,22.3830193514613,636164815.635852,30050178.235906,636.1648156358519
AVAX,2025-03-01,22.3830193514613,22.4851769398038,21.0877493083443,21.8697245490203,202714750.903796,9292802.92045488,202.714750903796
AVAX,2025-03-02,21.8697245490203,25.0016162505696,21.6124562293072,24.9854950108437,620381385.407742,26426555.1371606,620.3813854077421
AVAX,2025-03-03,24.9854950108437,25.1113163678708,20.6151821938457,20.9602957646994,640951372.75776,28212817.3438084,640.95137275776
AVAX,2025-03-04,20.9602957646994,21.1056183905954,18.9557734818787,20.0127098667291,635567653.206684,31787067.755687,635.567653206684
AVAX,2025-03-05,20.0127098667291,22.4884443275287,19.7183026652647,21.7542769122019,445408134.97742,21341147.1633511,445.40813497742
AVAX,2025-03-06,21.7542769122019,22.5642909503024,20.9327194692709,21.0145799108169,437084757.180949,20142664.0878666,437.084757180949
AVAX,2025-03-07,21.0145799108169,21.2802285026586,19.7403204357379,20.1520133135826,676358584.600482,32984644.3508789,676.358584600482
AVAX,2025-03-08,20.1520133135826,21.0608427181354,19.468446797865,20.5132442383898,238762664.149609,11767933.2751896,238.762664149609
AVAX,2025-03-09,20.5132442383898,20.6996827796602,17.8212778657825,17.9900391057086,244365108.587595,12956610.8326518,244.365108587595
AVAX,2025-03-10,17.9900391057086,19.0402598811033,16.1927158870507,16.2696721958432,590366810.77818,33826314.0445553,590.36681077818
AVAX,2025-03-11,16.2696721958432,17.909234981193,15.3434894826921,17.5083356888451,686761907.068761,40964241.876556,686.761907068761
AVAX,2025-03-12,17.5083356888451,18.972089427776,16.9694499065584,18.9177868006817,332273487.223684,18346025.0577888,332.273487223684
AVAX,2025-03-13,18.9177868006817,19.3143742587342,17.7627432309682,18.5087738777516,289517024.715094,15492012.886606,289.51702471509395
AVAX,2025-03-14,18.5087738777516,19.2968176272992,18.4814241312299,18.5841524205667,231072350.613728,12275958.9433305,231.072350613728
AVAX,2025-03-15,18.5841524205667,19.472574790042,18.4024390816922,19.4109379580518,207035628.306694,11018413.4761293,207.035628306694
AVAX,2025-03-16,19.4109379580518,19.8478985418645,18.1489668652381,18.2768650799387,185503209.287758,9823488.50443121,185.50320928775798
AVAX,2025-03-17,18.2768650799387,19.0836344735304,18.2321794590608,18.8355448878128,229958548.539923,12350418.9422531,229.95854853992302
AVAX,2025-03-18,18.8355448878128,19.2567488070506,18.3591050705436,18.9890917696786,252867633.715209,13453448.0444536,252.867633715209
AVAX,2025-03-19,18.9890917696786,20.0911184138741,18.8575381755871,19.7509742409452,295264322.670003,15147105.9094904,295.26432267000297
AVAX,2025-03-20,19.7509742409452,19.8514794368498,18.4281534207451,18.7453132506543,230894020.830118,12162233.1082336,230.894020830118
AVAX,2025-03-21,18.7453132506543,19.4909269398893,18.3751741356946,19.1838504749118,158128825.813827,8386996.56997086,158.128825813827
AVAX,2025-03-22,19.1838504749118,19.7495862518987,19.1083743852761,19.4555078641796,119276430.041753,6127621.86940418,119.27643004175299
AVAX,2025-03-23,19.4555078641796,19.8510241073801,19.3430796894137,19.8332522290602,111693235.400816,5705971.83699448,111.693235400816
AVAX,2025-03-24,19.8332522290602,22.1109304867995,19.8237946403109,21.4870788869559,453576855.492598,21205354.0310833,453.576855492598
AVAX,2025-03-25,21.4870788869559,23.4562838706311,21.313189109399,22.9227325293747,305184145.183237,13596479.2092127,305.18414518323704
AVAX,2025-03-26,22.9227325293747,23.2435554612724,21.8555668861176,22.0527977485522,241480664.084458,10756199.4030292,241.480664084458
AVAX,2025-03-27,22.0527977485522,22.3745189545419,21.6600090136892,22.0228343032471,179790488.041901,8158427.17823615,179.790488041901
AVAX,2025-03-28,22.0228343032471,22.183493081915,19.7942135211473,20.3807953606349,273248515.936955,13212780.5009258,273.24851593695496
AVAX,2025-03-29,20.3807953606349,20.5504236545247,19.4869636514471,19.6115448878047,191238943.352022,9569497.93366051,191.238943352022
AVAX,2025-03-30,19.6115448878047,19.9157931119504,18.7181449766574,18.870658798265,167684789.544927,8669733.12566346,167.684789544927
AVAX,2025-03-31,18.870658798265,19.1188827171906,18.2015562010505,18.7826217229965,209009694.616351,11158480.2891535,209.009694616351
AVAX,2025-04-01,18.7826217229965,19.9384212611473,18.7326277845284,19.8218074618924,249036389.861939,12785366.035016,249.036389861939
AVAX,2025-04-02,19.8218074618924,19.8513569380471,17.7949876582407,17.9899537061919,414352998.993292,21597082.321482,414.352998993292
AVAX,2025-04-03,17.9899537061919,18.984876873611,17.60971665675,18.155561728799,267170361.312577,14680011.6332405,267.17036131257703
AVAX,2025-04-04,18.155561728799,18.7708615665392,17.6489501127244,18.186904770232,278189241.344577,15339336.8209934,278.189241344577
AVAX,2025-04-05,18.186904770232,18.3679642986295,17.7395511433636,17.8877644124091,96688957.0547323,5369026.67552327,96.6889570547323
AVAX,2025-04-06,17.8877644124091,17.9174744529247,15.6336100131089,16.0349940856772,267152703.532709,15941827.5355712,267.152703532709
AVAX,2025-04-07,16.0349940856772,17.1430494290753,14.6933314389566,16.6876310330607,613629590.180432,38445466.2372082,613.6295901804319
AVAX,2025-04-08,16.6876310330607,17.7061618848567,15.947306787482,16.1432672489899,340884129.590154,20202496.1392824,340.884129590154
AVAX,2025-04-09,16.1432672489899,18.8800834928909,15.6137811085669,18.444114953958,491833275.631393,28481846.7290723,491.833275631393
AVAX,2025-04-10,18.444114953958,18.4447820558104,17.5973443056342,18.320328077399,236782833.100066,13099346.0284716,236.782833100066
AVAX,2025-04-11,18.320328077399,19.5645547780445,18.31949125206,19.1311507476043,297180412.17726,15653380.7592461,297.18041217726
AVAX,2025-04-12,19.1311507476043,21.0147158046895,18.8543968747504,20.4971184120536,305805712.351584,15313461.6183933,305.805712351584
AVAX,2025-04-13,20.4971184120536,20.6688265946802,19.3214838404134,19.5867858271459,254960404.060186,12782445.7950212,254.960404060186
AVAX,2025-04-14,19.5867858271459,20.6549367467911,19.5614908209963,20.1089424481687,373009935.530184,18451607.3336463,373.00993553018395
AVAX,2025-04-15,20.1089424481687,20.2732525991284,18.9857118884793,19.0250089355572,287180387.736481,14549834.545576,287.180387736481
AVAX,2025-04-16,19.0250089355572,19.2821432279904,18.5507054780556,18.7732165805609,213379681.749444,11297102.1831128,213.37968174944402
AVAX,2025-04-17,18.7732165805609,19.5559814269119,18.7108484082643,19.0566768139572,165585781.852687,8606858.56776977,165.585781852687
AVAX,2025-04-18,19.0566768139572,19.3363783801477,18.8688122792428,19.0616298582476,91505898.1796083,4794277.83610645,91.5058981796083
AVAX,2025-04-19,19.0616298582476,20.3391216816055,19.0259115253468,19.8822385980977,125324370.583809,6355614.23163531,125.324370583809
AVAX,2025-04-20,19.8822385980977,20.0265569658934,19.2326346986479,19.5024210855369,108313649.472586,5533427.11381885,108.31364947258601
AVAX,2025-04-21,19.5024210855369,20.9274060698216,19.5024001871185,19.9227299050586,272988232.074276,13449332.1918335,272.98823207427597
AVAX,2025-04-22,19.9227299050586,22.2711163970714,19.4714229528599,22.0851825059007,377765642.139242,17956411.070173,377.765642139242
AVAX,2025-04-23,22.0851825059007,23.0741592479661,21.8950955308165,22.3444464111833,393801023.16102,17512171.3599473,393.80102316102
AVAX,2025-04-24,22.3444464111833,22.6279862962545,21.6255565793072,22.3763273466384,244608026.439671,11042122.8455747,244.60802643967102
AVAX,2025-04-25,22.3763273466384,22.8671729640999,21.7941349230181,22.1965974532957,299145746.042743,13329373.215532,299.14574604274304
AVAX,2025-04-26,22.1965974532957,22.9605522004685,21.7409913103183,22.4194400730246,230826149.470563,10357213.8668436,230.826149470563
AVAX,2025-04-27,22.4194400730246,22.7952252131382,21.6797194705978,21.7275881528113,183374428.622901,8275065.06229535,183.37442862290098
AVAX,2025-04-28,21.7275881528113,22.4341703114378,21.0577743841031,21.8428685209557,305358087.412265,13991602.8131968,305.358087412265
AVAX,2025-04-29,21.8428685209557,22.2927742076308,21.2979236410724,21.5770087018074,237109179.248161,10794941.446169,237.10917924816098
AVAX,2025-04-30,21.5770087018074,21.9107900362322,20.4351760168735,20.9277173561676,261135098.72324,12321008.3022097,261.13509872324
AVAX,2025-05-01,20.9277173561676,21.8699816860072,20.8284850858535,21.6458228665876,283069448.91094,13226212.744783,283.06944891093997
AVAX,2025-05-02,21.6458228665876,22.1843300152173,21.0050150321993,21.2712446534331,255587117.713051,11887723.9046225,255.587117713051
AVAX,2025-05-03,21.2712446534331,21.2973594438793,20.537484271108,20.5382404831235,133309895.522543,6384805.35499144,133.309895522543
AVAX,2025-05-04,20.5382404831235,20.6419271415516,19.835505022383,19.9640963647118,136744577.0246,6783379.86209992,136.7445770246
AVAX,2025-05-05,19.9640963647118,20.299072251774,19.3729047157337,19.7235712495804,168044384.078443,8486935.0266197,168.044384078443
AVAX,2025-05-06,19.7235712495804,20.1438673903893,19.3110921162749,20.0287155609954,163395931.937167,8283057.09371544,163.39593193716698
AVAX,2025-05-07,20.0287155609954,20.2544245141066,19.1163606528048,19.5590483895835,219342612.047664,11190431.4080438,219.34261204766398
AVAX,2025-05-08,19.5590483895835,22.1549388608344,19.5145755967714,22.1502713366315,416570967.039733,19773306.5574138,416.570967039733
AVAX,2025-05-09,22.1502713366315,23.9690974865052,21.9644321036371,23.265536095179,554300599.643622,24099430.7983106,554.300599643622
AVAX,2025-05-10,23.265536095179,25.959758257635,23.0378769576271,25.8237486423282,535954800.188422,21959343.0990551,535.954800188422
AVAX,2025-05-11,25.8237486423282,26.0040259450403,24.1696628315152,24.7845496627825,372795712.549981,14928295.4107784,372.795712549981
AVAX,2025-05-12,24.7845496627825,26.7836177803936,23.8226840578377,24.8319681282015,673235131.314466,26703753.1162328,673.235131314466
AVAX,2025-05-13,24.8319681282015,26.2112187110939,23.4813964278439,25.722753288913,437634675.356688,17620336.2448999,437.63467535668804
AVAX,2025-05-14,25.722753288913,26.524410924218,24.7628360992313,24.9673103012768,423506683.684323,16483978.6750644,423.50668368432304
AVAX,2025-05-15,24.9673103012768,25.1165624413429,22.9859436070856,23.5111464341321,523336963.420627,21937071.0866657,523.336963420627
AVAX,2025-05-16,23.5111464341321,24.0603227389817,22.7093693693494,23.0798610924295,308123607.221668,13060099.509807,308.123607221668
AVAX,2025-05-17,23.0798610924295,23.1425730436903,21.9888299075382,22.182281045652,235268468.85069,10421787.1989214,235.26846885069
AVAX,2025-05-18,22.182281045652,23.8507668271368,21.693467034601,23.0686232544213,350967457.489872,15427542.9629406,350.967457489872
AVAX,2025-05-19,23.0686232544213,23.180473355158,21.2932458852981,22.269593714244,299235912.028438,13575142.3037007,299.23591202843795
AVAX,2025-05-20,22.269593714244,22.8140579111297,21.7899004405749,22.6109026205201,297559309.789388,13336858.5562305,297.559309789388
AVAX,2025-05-21,22.6109026205201,23.8061657951701,22.1835711027147,23.1864533178346,460883667.491345,20173423.6186556,460.88366749134497
AVAX,2025-05-22,23.1864533178346,25.4179463377914,23.1516193220451,25.2539961810353,677647608.296791,27487022.2645718,677.647608296791
AVAX,2025-05-23,25.2539961810353,25.9699696359052,22.9617109226614,23.0889836023583,639571998.379,25864970.3497859,639.571998379
AVAX,2025-05-24,23.0889836023583,23.4839421546479,22.7556326936951,22.9408127784429,272348009.584501,11768342.6675547,272.348009584501
AVAX,2025-05-25,22.9408127784429,23.4621289253783,22.0413134462315,23.4290882759366,222462583.790112,9838222.12395404,222.46258379011198
AVAX,2025-05-26,23.4290882759366,24.0122128722014,22.8992819583558,23.0816613927044,256013567.87682,10915294.3554574,256.01356787682
AVAX,2025-05-27,23.0816613927044,23.8801134018879,22.5510047793196,23.3838347890453,338582810.985915,14443274.1525871,338.582810985915
AVAX,2025-05-28,23.3838347890453,23.7712461519348,22.7960666795971,23.6101902502203,284443631.8152,12208452.8980098,284.4436318152
AVAX,2025-05-29,23.6101902502203,24.3245789020587,22.2068369085075,22.2623374801125,503244792.651296,21638543.6814715,503.244792651296
AVAX,2025-05-30,22.2623374801125,22.3537601477988,20.4814905079213,20.5697391711402,516614477.764726,24107996.240971,516.614477764726
AVAX,2025-05-31,20.5697391711402,21.1262741883491,19.819881973633,20.8117405622145,323420161.245772,15822096.2405358,323.420161245772
AVAX,2025-06-01,20.8117405622145,20.9769414778609,20.1999959681179,20.8915335188523,157386575.672985,7616706.51528613,157.38657567298497
AVAX,2025-06-02,20.8915335188523,21.3133836828524,20.258711703477,21.1726621290832,272382216.773296,13169149.0188011,272.382216773296
AVAX,2025-06-03,21.1726621290832,21.7097926234416,20.9523580659486,21.1564761641242,284478952.080515,13324376.4128536,284.478952080515
AVAX,2025-06-04,21.1564761641242,21.6444793074408,20.0878752916236,20.1015926038101,274993264.336714,13114915.6333617,274.99326433671405
AVAX,2025-06-05,20.1015926038101,20.5470850266318,18.4811401276679,18.7817065437074,412051815.632654,21076061.3953499,412.051815632654
AVAX,2025-06-06,18.7817065437074,19.9561189262018,18.6764586352983,19.6703649137922,252551746.175858,12963220.5881197,252.551746175858
AVAX,2025-06-07,19.6703649137922,21.1435472360313,19.5959288183233,20.6642068482878,211841062.04473,10252216.1449326,211.84106204473
AVAX,2025-06-08,20.6642068482878,21.4929340643117,20.1631932600273,21.0633898355791,243920238.177803,11742905.0554355,243.92023817780301
AVAX,2025-06-09,21.0633898355791,22.0247465197966,20.2450185438454,21.9559482790185,328542699.014554,15582635.7726415,328.54269901455405
AVAX,2025-06-10,21.9559482790185,22.5702536098987,21.5315695608713,22.5660575434353,438254467.960587,19876955.389372,438.254467960587
AVAX,2025-06-11,22.5660575434353,22.7577964011211,21.3418259529735,21.5731894042953,392902850.970233,17755842.2306624,392.90285097023303
AVAX,2025-06-12,21.5731894042953,21.6179613599918,20.1877945021599,20.3165698448893,319299143.953048,15253119.5687983,319.299143953048
AVAX,2025-06-13,20.3165698448893,20.3166720614499,18.5652163836157,19.4305140331188,521021386.583169,27221512.4742125,521.021386583169
AVAX,2025-06-14,19.4305140331188,19.433012484455,18.7399906338967,18.9466141264084,147037665.406413,7690409.75064332,147.037665406413
AVAX,2025-06-15,18.9466141264084,19.2911237200815,18.7539535081915,19.116283847598,131676164.1497,6918259.7481427,131.6761641497
AVAX,2025-06-16,19.116283847598,19.9951933327549,18.9267342430081,19.0464325952753,266047247.025403,13571627.5943105,266.047247025403
AVAX,2025-06-17,19.0464325952753,19.4798915516932,18.155745514277,18.5982870307424,300858562.661856,16013142.2244302,300.858562661856
AVAX,2025-06-18,18.5982870307424,18.9003164590572,18.0952592659812,18.1826624188692,262369619.640035,14201066.443398,262.369619640035
AVAX,2025-06-19,18.1826624188692,18.4041558820717,17.656942709684,18.0688313456814,249699158.240828,13892185.1335174,249.699158240828
AVAX,2025-06-20,18.0688313456814,18.4164986852775,16.9831184348625,17.3835992483835,255712225.635651,14435925.4236807,255.71222563565098
AVAX,2025-06-21,17.3835992483835,17.6521622134147,16.4225218156987,16.8247613295708,265552438.077304,15585612.5282126,265.55243807730403
AVAX,2025-06-22,16.8247613295708,17.1102585444979,15.6567041379359,16.5529180863088,342216898.172883,20897343.9073417,342.21689817288296
AVAX,2025-06-23,16.5529180863088,18.2003576806881,16.2870863970785,18.0907853039235,438305622.623151,25543300.9695023,438.305622623151
AVAX,2025-06-24,18.0907853039235,18.5004102839243,17.9124489305545,18.2428612184843,289796426.478281,15954202.0656151,289.79642647828103
AVAX,2025-06-25,18.2428612184843,18.3726813533088,17.4500776002628,17.5933663892582,223463499.201643,12480422.5919126,223.463499201643
AVAX,2025-06-26,17.5933663892582,18.0185391377022,17.1323015413446,17.2455089293114,176794128.481651,10122042.3810993,176.794128481651
AVAX,2025-06-27,17.2455089293114,17.7641650099397,17.0684165527161,17.5872575382499,165760525.869842,9496327.84040763,165.76052586984198
AVAX,2025-06-28,17.5872575382499,18.0751784169875,17.4996170393613,17.9823288463839,124058568.832357,6983550.1726711,124.05856883235701
AVAX,2025-06-29,17.9823288463839,18.8801188996309,17.8124510888314,18.7435545069858,167628880.26961,9186228.79458016,167.62888026961
AVAX,2025-06-30,18.7435545069858,18.8679709303895,17.7330917334832,17.9836374655536,233334049.030526,12858086.40383,233.33404903052602
AVAX,2025-07-01,17.9836374655536,18.0660344845983,16.9938969999605,17.119330444522,185736546.301526,10646784.1128482,185.736546301526
AVAX,2025-07-02,17.119330444522,18.8175227340458,17.0057498482057,18.5147097027067,305546712.747143,16822998.6529208,305.546712747143
AVAX,2025-07-03,18.5147097027067,19.1664336425124,18.3612981065392,18.5473442101299,253691882.274186,13534947.3063855,253.69188227418599
AVAX,2025-07-04,18.5473442101299,18.8752296545925,17.5226781975619,17.8002812711785,206509836.935627,11339390.8384247,206.50983693562702
AVAX,2025-07-05,17.8002812711785,17.9973586782926,17.6400549991749,17.9215083458176,96183352.9148376,5397093.57886285,96.1833529148376
AVAX,2025-07-06,17.9215083458176,18.5987473441106,17.7460700960904,18.2935190636945,135981912.721085,7497928.57863927,135.98191272108502
AVAX,2025-07-07,18.2935190636945,18.5810397008281,17.8119307292417,17.9975130914446,151853246.512796,8374009.63868619,151.853246512796
AVAX,2025-07-08,17.9975130914446,18.4727429986166,17.6954924631141,18.3629279236779,186432270.096627,10301128.535063,186.432270096627
AVAX,2025-07-09,18.3629279236779,19.6077255007189,18.0987574676695,19.5044066439084,323767019.276126,17216744.8761052,323.767019276126
AVAX,2025-07-10,19.5044066439084,20.7619622041606,19.3471416950651,20.6840596867583,387381468.772453,19536348.1734298,387.381468772453
AVAX,2025-07-11,20.6840596867583,21.4984751136173,20.3424958754029,20.6605462146356,448549980.382858,21389687.8592466,448.549980382858
AVAX,2025-07-12,20.6605462146356,21.0515378526495,20.1782499541744,20.6757819664759,291251898.021819,14069366.9223435,291.251898021819
AVAX,2025-07-13,20.6757819664759,21.7544684615878,20.6607575931843,21.1855984994301,353795395.793885,16647290.4472846,353.795395793885
AVAX,2025-07-14,21.1855984994301,22.051971720185,21.0288489838059,21.2670967827726,366385025.15039,16952659.4652949,366.38502515039005
AVAX,2025-07-15,21.2670967827726,22.5579050169861,20.3972098607606,22.4987062579006,520659171.970288,24445985.7583437,520.659171970288
AVAX,2025-07-16,22.4987062579006,23.0035795528936,21.6129116897387,22.6505447506794,432047768.895929,19379373.1910989,432.047768895929
AVAX,2025-07-17,22.6505447506794,24.242791171974,22.0202113424056,23.8938422473409,576959341.301527,25210265.7508841,576.959341301527
AVAX,2025-07-18,23.8938422473409,24.9915694315978,23.0925975032432,23.5034779350052,634658090.0473,26333113.2321949,634.6580900473
AVAX,2025-07-19,23.5034779350052,25.1951212806388,23.0213272214281,24.507017980067,444213133.316989,18406446.2965265,444.213133316989
AVAX,2025-07-20,24.507017980067,25.5368438460378,24.3235096680722,25.0413979866332,463726477.152698,18538538.5170129,463.72647715269795
AVAX,2025-07-21,25.0413979866332,26.3725297602772,24.6561743704645,25.4280605464568,579948526.879378,22597653.6845117,579.9485268793779
AVAX,2025-07-22,25.4280605464568,26.0609580461703,24.7618832446208,25.8753305717523,821436781.04103,32396219.9845597,821.43678104103
AVAX,2025-07-23,25.8753305717523,26.0850716856538,23.2049881366108,23.9526058383543,635844843.666348,25950237.6576641,635.844843666348
AVAX,2025-07-24,23.9526058383543,24.4344022410264,22.5934891041308,23.6619009664155,483273954.545277,20372586.9784787,483.273954545277
AVAX,2025-07-25,23.6619009664155,24.0221481782026,22.8837011172288,23.9951137687305,413568278.782187,17649599.0871304,413.568278782187
AVAX,2025-07-26,23.9951137687305,25.7418401005898,23.8428510035241,24.9270957689702,395622976.584472,15984580.9967434,395.622976584472
AVAX,2025-07-27,24.9270957689702,26.4219766776779,24.7517226362671,26.0403251442208,386048047.694003,15242050.0871307,386.048047694003
AVAX,2025-07-28,26.0403251442208,27.3432083344667,25.0028891649891,25.1841718139473,816201220.046467,30979694.5627727,816.2012200464669
AVAX,2025-07-29,25.1841718139473,25.4900448246427,23.8898945030606,24.3676248301599,592051918.749565,23972122.3304666,592.0519187495651
AVAX,2025-07-30,24.3676248301599,24.4991159363899,22.5172898716618,23.3009784321787,511588625.037538,21790179.5042478,511.588625037538
AVAX,2025-07-31,23.3009784321787,24.1022073071788,22.4249086889306,22.4708870438267,412535478.013477,17753962.8718316,412.535478013477
AVAX,2025-08-01,22.4708870438267,22.5684295465763,21.0759390627227,21.5198655115975,549684533.617183,25053332.8351825,549.684533617183
AVAX,2025-08-02,21.5198655115975,21.811276255076,20.683638712903,20.8658010060769,274882250.390117,12923423.5229274,274.882250390117
AVAX,2025-08-03,20.8658010060769,21.5419235033915,20.5978851959302,21.3862274521438,200271211.725896,9411983.27368264,200.271211725896
AVAX,2025-08-04,21.3862274521438,22.0048648258262,21.3605144932289,21.9772310834314,124387964.329322,5688987.54182696,124.38796432932199
