symbol,date,open,high,low,close,usd_volume,crypto_volume,usd_volume_mil
BONK,2023-01-03,9.4981e-07,1.31071485953565e-06,8.30422379006214e-07,1.25471999230987e-06,1808633.1700184,1587020389862.63,1.8086331700184
BONK,2023-01-04,1.25471999230987e-06,3.46460308883683e-06,1.13023053579125e-06,3.41625699606583e-06,61670472.3649451,27826904431042.6,61.6704723649451
BONK,2023-01-05,3.41625699606583e-06,4.95545885639602e-06,2.14892810162534e-06,2.86252922203943e-06,85177859.3209154,26039417647879.6,85.1778593209154
BONK,2023-01-06,2.86252922203943e-06,2.86252922203943e-06,1.43176720699987e-06,2.00528297337475e-06,44332363.7318419,22829258809662.1,44.3323637318419
BONK,2023-01-07,2.00528297337475e-06,2.27868861508996e-06,1.65783937387857e-06,2.02771411176116e-06,28534914.887024,14197300847474.8,28.534914887024
BONK,2023-01-08,2.02771411176116e-06,2.08602890627652e-06,1.50250649375203e-06,1.63120771560562e-06,21258192.610299,11548412324724.7,21.258192610298998
BONK,2023-01-09,1.63120771560562e-06,1.78167311410683e-06,1.54287659794523e-06,1.59864580068773e-06,17778858.9803701,10885864595135.2,17.7788589803701
BONK,2023-01-10,1.59864580068773e-06,1.67825800724135e-06,1.50271192408754e-06,1.51361437537258e-06,14160280.0313578,9123166814315.95,14.1602800313578
BONK,2023-01-11,1.51361437537258e-06,1.60181607517178e-06,7.59021235167428e-07,9.00487400315826e-07,13684061.4324656,10675184431143.0,13.6840614324656
BONK,2023-01-12,9.00487400315826e-07,1.14960980835164e-06,8.58775900490916e-07,1.01404609373306e-06,21312401.1191766,20916324485987.9,21.3124011191766
BONK,2023-01-13,1.01404609373306e-06,1.0497434930391e-06,8.79876453010483e-07,9.09926069368931e-07,9900426.85636056,10556900880700.9,9.90042685636056
BONK,2023-01-14,9.09926069368931e-07,1.34578367059857e-06,8.94122214490403e-07,1.20485087426718e-06,19834499.6006974,17463832995483.1,19.8344996006974
BONK,2023-01-15,1.20485087426718e-06,1.54556820079337e-06,1.07191274632631e-06,1.40308122545892e-06,15035525.0884744,11800167339913.4,15.035525088474401
BONK,2023-01-16,1.40308122545892e-06,1.50165127341088e-06,1.24461180856571e-06,1.32028975264859e-06,12284782.9193041,8963396022268.48,12.284782919304101
BONK,2023-01-17,1.32028975264859e-06,1.39348088741547e-06,1.25053159671939e-06,1.33143504843701e-06,7944929.52346524,5973238386478.4,7.94492952346524
BONK,2023-01-18,1.33143504843701e-06,1.33896532248056e-06,1.11371472739572e-06,1.11600777439832e-06,9770616.98901621,7922323449929.7,9.77061698901621
BONK,2023-01-19,1.11600777439832e-06,1.21613058061364e-06,1.05481562640547e-06,1.18168782382537e-06,6916819.25550612,6058503861161.2,6.91681925550612
BONK,2023-01-20,1.18168782382537e-06,1.31696269768152e-06,1.13997691402539e-06,1.2923255766478e-06,6974420.93473192,5840566920869.4,6.974420934731921
BONK,2023-01-21,1.2923255766478e-06,1.39163185955948e-06,1.1567762119726e-06,1.16736551350378e-06,8206224.14049901,6288226394261.01,8.20622414049901
BONK,2023-01-22,1.16736551350378e-06,1.2422353998729e-06,1.13570855724246e-06,1.15904617017684e-06,6580105.55776239,5482813949308.0,6.58010555776239
BONK,2023-01-23,1.15904617017684e-06,1.21436189317316e-06,1.13175129521395e-06,1.15704225132504e-06,5439510.58033478,4658043749496.75,5.43951058033478
BONK,2023-01-24,1.15704225132504e-06,1.15704225132504e-06,9.38316597225435e-07,9.88691626395018e-07,6745687.93326312,6368714641401.07,6.74568793326312
BONK,2023-01-25,9.88691626395018e-07,1.0981733062866e-06,9.62110165111366e-07,1.06257008453556e-06,6394802.78229839,6343982242605.84,6.39480278229839
BONK,2023-01-26,1.06257008453556e-06,1.09898934802114e-06,1.00288161797663e-06,1.03636538399518e-06,4980585.32150163,4799877428196.18,4.98058532150163
BONK,2023-01-27,1.03636538399518e-06,1.08636522381218e-06,9.95395991185868e-07,1.06000036601007e-06,5142290.72006348,4985978821098.83,5.14229072006348
BONK,2023-01-28,1.06000036601007e-06,1.0997734773691e-06,1.00306052779979e-06,1.00807485789415e-06,6641195.01984974,6312164597048.55,6.64119501984974
BONK,2023-01-29,1.00807485789415e-06,1.05372548942093e-06,9.84142461879283e-07,1.04515392319662e-06,5807604.75886564,5683876341005.54,5.807604758865639
BONK,2023-01-30,1.04515392319662e-06,1.04515392319662e-06,7.19528873658131e-07,8.73335614117984e-07,8085072.48581893,8895376628846.88,8.08507248581893
BONK,2023-01-31,8.73335614117984e-07,9.15285211521397e-07,8.40267421352494e-07,8.82677155776976e-07,6204798.77600988,7063857668110.24,6.20479877600988
BONK,2023-02-01,8.82677155776976e-07,9.07289349447188e-07,7.34233962774942e-07,8.73311541399794e-07,8430502.53127502,10171337835003.4,8.430502531275021
BONK,2023-02-02,8.73311541399794e-07,9.14419441481096e-07,8.34406432652281e-07,8.42662670157782e-07,7323205.97081416,8332367400729.53,7.32320597081416
BONK,2023-02-03,8.42662670157782e-07,1.14589650327961e-06,8.21142504725817e-07,1.04596347728987e-06,9648357.44097318,10438717652847.1,9.648357440973179
BONK,2023-02-04,1.04596347728987e-06,1.29696410001184e-06,9.9472353434003e-07,1.1489208665414e-06,13359568.0687473,11880852703033.7,13.3595680687473
BONK,2023-02-05,1.1489208665414e-06,1.24996928212186e-06,9.99979745121687e-07,1.08079880310654e-06,11072524.345197,9841028915678.34,11.072524345197
BONK,2023-02-06,1.08079880310654e-06,1.11145582042345e-06,9.98735191100763e-07,1.0518769248218e-06,7763526.63686942,7298038120910.84,7.76352663686942
BONK,2023-02-07,1.0518769248218e-06,1.07140170701949e-06,1.02725045868985e-06,1.07045692694779e-06,5373948.07663499,5103691840517.77,5.37394807663499
BONK,2023-02-08,1.07045692694779e-06,1.09189384683734e-06,9.65761581473514e-07,9.9309943243303e-07,5208783.38453029,5017294229070.9,5.20878338453029
BONK,2023-02-09,9.9309943243303e-07,9.93124330648026e-07,7.93429718668855e-07,8.35382761583849e-07,7704116.06270641,8584796809070.34,7.70411606270641
BONK,2023-02-10,8.35382761583849e-07,8.90625395151809e-07,8.26427446254432e-07,8.78198633445234e-07,5730651.47048226,6682016598938.44,5.73065147048226
BONK,2023-02-11,8.78198633445234e-07,9.18672770669263e-07,8.59192369711083e-07,8.89857980737234e-07,4104058.33256929,4599787017090.89,4.10405833256929
BONK,2023-02-12,8.89857980737234e-07,9.03475751079916e-07,8.48546552620667e-07,8.67015726126542e-07,4364982.16130079,4938579891576.73,4.36498216130079
BONK,2023-02-13,8.67015726126542e-07,8.72812111976394e-07,7.76790638843734e-07,8.18938780039248e-07,4544701.65056491,5504979207939.26,4.54470165056491
BONK,2023-02-14,8.18938780039248e-07,8.51794167338176e-07,8.05228606137077e-07,8.1568328424696e-07,4489461.31880028,5439871597160.63,4.48946131880028
BONK,2023-02-15,8.1568328424696e-07,9.89578439872418e-07,8.03301163807991e-07,9.54657655650176e-07,7918890.79640437,8867987582152.64,7.91889079640437
BONK,2023-02-16,9.54657655650176e-07,1.04692784625811e-06,8.31278199196518e-07,8.48591632119439e-07,10779041.6458107,11300764264334.7,10.779041645810699
BONK,2023-02-17,8.48591632119439e-07,9.21910727065849e-07,8.43029500865052e-07,8.79833600778006e-07,5616344.3414288,6380048731421.54,5.6163443414288
BONK,2023-02-18,8.79833600778006e-07,9.1724349077708e-07,8.66797531252443e-07,8.79998907663592e-07,4972058.48038853,5606421160169.31,4.9720584803885295
BONK,2023-02-19,8.79998907663592e-07,9.21446211451441e-07,8.4517402839877e-07,8.61788629125356e-07,4730057.2954814,5373488768286.03,4.7300572954814
BONK,2023-02-20,8.61788629125356e-07,9.07453799913726e-07,8.40590655886424e-07,8.72452712635241e-07,5239720.30408126,5985428610415.45,5.23972030408126
BONK,2023-02-21,8.72452712635241e-07,8.85851969682413e-07,8.14051290292986e-07,8.19770647064392e-07,4499821.08427794,5299396445310.39,4.49982108427794
BONK,2023-02-22,8.19770647064392e-07,8.3210717270784e-07,7.94759088607767e-07,8.10696614106018e-07,4040053.38583253,4984487457330.44,4.04005338583253
BONK,2023-02-23,8.10696614106018e-07,8.37063377397328e-07,7.90786277642724e-07,8.06924101799592e-07,3739786.1347718,4583783947574.8,3.7397861347718
BONK,2023-02-24,8.06924101799592e-07,8.10918624028039e-07,7.58493053680561e-07,7.67042142759762e-07,3493078.16767673,4427381327008.09,3.49307816767673
BONK,2023-02-25,7.67042142759762e-07,7.76209749030418e-07,7.42081644580165e-07,7.63731571937123e-07,2940983.86701924,3854424505808.96,2.9409838670192396
BONK,2023-02-26,7.63731571937123e-07,7.82527137760815e-07,7.56917889158809e-07,7.79638659064432e-07,2738746.82370278,3569317162260.62,2.73874682370278
BONK,2023-02-27,7.79638659064432e-07,7.80794454689023e-07,7.30937986005633e-07,7.35484328878434e-07,3299870.33505977,4371612075960.97,3.29987033505977
BONK,2023-02-28,7.35484328878434e-07,7.41534810117337e-07,7.02095062363003e-07,7.07303570719343e-07,3780463.98678388,5234167438064.76,3.7804639867838796
BONK,2023-03-01,7.07303570719343e-07,7.33665999272379e-07,6.86777351152529e-07,7.05311676323807e-07,3507413.16168228,4929170901905.77,3.5074131616822797
BONK,2023-03-02,7.05311676323807e-07,7.09115199803272e-07,6.62592302980556e-07,6.7509387245554e-07,3281874.84457422,4812295091379.71,3.28187484457422
BONK,2023-03-03,6.7509387245554e-07,6.75314007494126e-07,5.35568935947551e-07,5.92094230398306e-07,6534782.76487867,11333261483137.9,6.53478276487867
BONK,2023-03-04,5.92094230398306e-07,6.51298666056782e-07,5.48836496851415e-07,5.61539790532248e-07,4496743.87721801,7442599163629.98,4.49674387721801
BONK,2023-03-05,5.61539790532248e-07,6.1500663666792e-07,5.53164561544101e-07,5.82312378337722e-07,3998834.37642711,6828724867643.11,3.99883437642711
BONK,2023-03-06,5.82312378337722e-07,5.94791480836246e-07,5.75197112902249e-07,5.84938961213483e-07,2536763.42818577,4338201842669.69,2.5367634281857696
BONK,2023-03-07,5.84938961213483e-07,6.04070110049796e-07,5.54404125470241e-07,5.64544135619887e-07,3306814.35381907,5735540978881.15,3.3068143538190697
BONK,2023-03-08,5.64544135619887e-07,5.72556346283091e-07,4.65353288402629e-07,4.78980917826098e-07,3644588.38879252,6968880893306.33,3.64458838879252
BONK,2023-03-09,4.78980917826098e-07,4.94947107292081e-07,4.11596147148236e-07,4.36334660791585e-07,3330487.56952479,7214867329794.94,3.33048756952479
BONK,2023-03-10,4.36334660791585e-07,4.36723745609799e-07,3.77047676654635e-07,4.11522048551536e-07,3642174.56138477,8870853827702.88,3.64217456138477
BONK,2023-03-11,4.11522048551536e-07,5.04697472754331e-07,3.88001732587969e-07,4.70368306420575e-07,3295795.69770642,7644420970844.08,3.29579569770642
BONK,2023-03-12,4.70368306420575e-07,4.88860255954199e-07,4.31132759860877e-07,4.84082570490316e-07,2603957.06807744,5728006713094.52,2.60395706807744
BONK,2023-03-13,4.84082570490316e-07,5.59416044971203e-07,4.50375367091742e-07,5.58291786997449e-07,2789797.18016788,5625239112765.03,2.78979718016788
BONK,2023-03-14,5.58291786997449e-07,6.24024892091293e-07,5.45777896257299e-07,6.21829947235347e-07,3159501.63050945,5415563189430.81,3.15950163050945
BONK,2023-03-15,6.21829947235347e-07,6.9361130709412e-07,5.65350043843364e-07,6.19820120279372e-07,3836292.41536455,5984925479410.53,3.83629241536455
BONK,2023-03-16,6.19820120279372e-07,6.48103981161679e-07,5.68743406101076e-07,6.48103981161679e-07,2199041.5247143,3678957680999.34,2.1990415247143
BONK,2023-03-17,6.48103981161679e-07,6.67287385363021e-07,6.08448087331187e-07,6.57718252614965e-07,2504314.7620166,3903972827400.92,2.5043147620166
BONK,2023-03-18,6.57718252614965e-07,6.73477063608048e-07,6.13795317099385e-07,6.2678450143269e-07,2491714.57200643,3878336415343.07,2.49171457200643
BONK,2023-03-19,6.2678450143269e-07,7.34698361079988e-07,6.18292340472873e-07,7.29464566854243e-07,2903501.95003687,4378252756502.29,2.90350195003687
BONK,2023-03-20,7.29464566854243e-07,7.30106905672907e-07,6.48732093567805e-07,6.6605273015385e-07,3097543.2579315,4518576336810.79,3.0975432579315
BONK,2023-03-21,6.6605273015385e-07,7.10191163634997e-07,6.55874593839175e-07,6.92610139501608e-07,2214246.09242683,3246941957126.11,2.21424609242683
BONK,2023-03-22,6.92610139501608e-07,6.92838642201768e-07,5.81284961270895e-07,5.99769690732359e-07,2533353.27658294,3974111137510.49,2.53335327658294
BONK,2023-03-23,5.99769690732359e-07,6.2447166579295e-07,5.69079650561109e-07,5.98731557938061e-07,2385554.53901361,3992879479540.13,2.38555453901361
BONK,2023-03-24,5.98731557938061e-07,6.1831883867433e-07,5.64872212563359e-07,5.6924909091366e-07,1963297.55474448,3350116246413.66,1.96329755474448
BONK,2023-03-25,5.6924909091366e-07,5.76139787621967e-07,5.35433254997336e-07,5.49530020705158e-07,1722122.43337586,3077059915895.28,1.72212243337586
BONK,2023-03-26,5.49530020705158e-07,5.6462624665557e-07,5.44614249228635e-07,5.48569534487078e-07,1575395.47308331,2841874810098.06,1.57539547308331
BONK,2023-03-27,5.48569534487078e-07,5.52954713637812e-07,5.01352875636654e-07,5.05553698813813e-07,1665543.20937951,3157702334863.63,1.66554320937951
BONK,2023-03-28,5.05553698813813e-07,5.15107693193822e-07,4.82671725436045e-07,4.99258521384198e-07,1766802.28346125,3556967491157.61,1.7668022834612498
BONK,2023-03-29,4.99258521384198e-07,6.08430728013093e-07,4.99258521384198e-07,5.6411372476286e-07,2415977.85442569,4413446749393.74,2.41597785442569
BONK,2023-03-30,5.6411372476286e-07,5.9084730854511e-07,5.51248056586669e-07,5.74831571539549e-07,2189672.27257986,3847361751711.5,2.18967227257986
BONK,2023-03-31,5.74831571539549e-07,6.64690723910248e-07,5.65986012979308e-07,6.41886601958806e-07,2309473.85532826,3883499202879.38,2.30947385532826
BONK,2023-04-01,6.41886601958806e-07,6.79997378180322e-07,6.34266019805429e-07,6.68619492597153e-07,2324933.80668436,3557611994909.75,2.32493380668436
BONK,2023-04-02,6.68619492597153e-07,6.71978955940958e-07,6.18321118311546e-07,6.26534750303922e-07,1872646.32640529,2901567024075.17,1.87264632640529
BONK,2023-04-03,6.26534750303922e-07,6.5265158317713e-07,5.93931053111601e-07,6.27553254284775e-07,2376686.57407881,3900175244739.63,2.37668657407881
BONK,2023-04-04,6.27553254284775e-07,6.34486199253768e-07,6.08443358951018e-07,6.26165434764926e-07,1281795.76752983,2065467961560.59,1.2817957675298302
BONK,2023-04-05,6.26165434764926e-07,6.31730936131586e-07,5.94513504112691e-07,6.00601865823912e-07,1123696.80913892,1832044616802.6,1.12369680913892
BONK,2023-04-06,6.00601865823912e-07,6.02695369215748e-07,5.72832875569957e-07,5.88850294890818e-07,1027103.20333939,1737372281214.93,1.02710320333939
BONK,2023-04-07,5.88850294890818e-07,5.96209478269613e-07,5.34212882782275e-07,5.71317795802348e-07,1359501.04361193,2403623192913.64,1.35950104361193
BONK,2023-04-08,5.71317795802348e-07,5.78121900633269e-07,5.49234287997603e-07,5.53439694944389e-07,894437.39494807,1583405226308.38,0.8944373949480701
BONK,2023-04-09,5.53439694944389e-07,5.62850055542735e-07,5.35995291726826e-07,5.61110294135106e-07,890868.945762108,1616409147188.71,0.890868945762108
BONK,2023-04-10,5.61110294135106e-07,6.29898493165338e-07,5.60644044904817e-07,6.26521066073475e-07,1307383.0814795,2237291785767.82,1.3073830814795
BONK,2023-04-11,6.26521066073475e-07,6.69983419722582e-07,6.14068617653853e-07,6.51100610033883e-07,1889141.65178098,2948171466825.09,1.88914165178098
BONK,2023-04-12,6.51100610033883e-07,7.55908866910607e-07,6.05534491420129e-07,7.3794837241208e-07,3527105.76806166,5112838750360.57,3.52710576806166
BONK,2023-04-13,7.3794837241208e-07,8.67503784205528e-07,7.34489604979786e-07,8.44577397643011e-07,6701977.86686346,8249732125503.75,6.70197786686346
BONK,2023-04-14,8.44577397643011e-07,9.53473712873862e-07,7.84849389762778e-07,8.32260352174909e-07,5754337.74242513,6599729676437.96,5.75433774242513
BONK,2023-04-15,8.32260352174909e-07,8.39811407677914e-07,7.83589577768579e-07,8.24075789681039e-07,3297764.84541564,4092480584638.49,3.29776484541564
BONK,2023-04-16,8.24075789681039e-07,1.0269783623099e-06,7.98548203454988e-07,9.59998453518253e-07,4916100.69233135,5402001414672.83,4.916100692331351
BONK,2023-04-17,9.59998453518253e-07,9.85254582054189e-07,8.98002431161961e-07,9.27218146919818e-07,4214069.06888228,4478760094687.55,4.21406906888228
BONK,2023-04-18,9.27218146919818e-07,9.80657905028764e-07,8.80595215362327e-07,9.52974183614159e-07,3230442.82698812,3468528381918.86,3.2304428269881202
BONK,2023-04-19,9.52974183614159e-07,9.56986153861306e-07,8.21010468610544e-07,8.26031861590183e-07,2940123.99027275,3373340895111.15,2.9401239902727503
BONK,2023-04-20,8.26031861590183e-07,8.33917858049787e-07,6.73089964607462e-07,7.17658811629028e-07,2909436.04242436,3890777298753.74,2.90943604242436
BONK,2023-04-21,7.17658811629028e-07,7.52023885138992e-07,7.02721570994279e-07,7.2212736569231e-07,1923431.42298185,2650484837034.48,1.92343142298185
BONK,2023-04-22,7.2212736569231e-07,7.30470287158107e-07,6.74198667070192e-07,7.28826673094034e-07,2009690.66386717,2854738652328.93,2.00969066386717
BONK,2023-04-23,7.28826673094034e-07,7.29690719345757e-07,6.53059319508055e-07,6.6530814202841e-07,1804842.98223243,2626235769743.36,1.8048429822324301
BONK,2023-04-24,6.6530814202841e-07,6.79437086450691e-07,6.15072236373075e-07,6.22600399517733e-07,2474960.61932746,3834615598594.92,2.47496061932746
BONK,2023-04-25,6.22600399517733e-07,6.55339414442932e-07,6.09624193789344e-07,6.54282389678532e-07,1596597.63271049,2570530611096.45,1.5965976327104898
BONK,2023-04-26,6.54282389678532e-07,6.80292571087567e-07,6.03660757606763e-07,6.18899938008431e-07,2201931.56673445,3438153795205.08,2.20193156673445
BONK,2023-04-27,6.18899938008431e-07,6.45749253086006e-07,6.12155189272625e-07,6.25706293769287e-07,1507447.37768128,2405841360802.47,1.50744737768128
BONK,2023-04-28,6.25706293769287e-07,6.40863450528832e-07,6.11220451663008e-07,6.29315590550647e-07,1175515.13430333,1872271212107.23,1.1755151343033299
BONK,2023-04-29,6.29315590550647e-07,6.32272094522987e-07,6.17396798039389e-07,6.22610907587747e-07,992138.427853803,1586088984553.37,0.992138427853803
BONK,2023-04-30,6.22610907587747e-07,7.38416613736825e-07,6.1188370841466e-07,6.93902229372152e-07,3545809.45702642,5235060698789.09,3.54580945702642
BONK,2023-05-01,6.93902229372152e-07,6.95314345343283e-07,6.20040382868742e-07,6.36072068804527e-07,2949995.64173874,4516567911411.97,2.94999564173874
BONK,2023-05-02,6.36072068804527e-07,6.39980199933148e-07,6.1642462364161e-07,6.25596386042321e-07,1468970.11554276,2346381287720.46,1.46897011554276
BONK,2023-05-03,6.25596386042321e-07,6.27485305129161e-07,5.56578178100791e-07,5.9404782591256e-07,2417389.75142001,4093255268225.96,2.41738975142001
BONK,2023-05-04,5.9404782591256e-07,6.15911749868336e-07,5.74645237977267e-07,5.74750537196825e-07,1597154.34629652,2672869589078.32,1.5971543462965199
BONK,2023-05-05,5.74750537196825e-07,5.83635412258556e-07,5.31714237179436e-07,5.5405719416412e-07,2357868.45873875,4230610063462.16,2.35786845873875
BONK,2023-05-06,5.5405719416412e-07,5.54440628737319e-07,4.81690169335745e-07,4.94913218048751e-07,2025281.76371663,3902668337606.22,2.02528176371663
BONK,2023-05-07,4.94913218048751e-07,5.6281858781597e-07,4.94913218048751e-07,5.12277013959209e-07,2236093.9715229,4214576576663.0,2.2360939715229
BONK,2023-05-08,5.12277013959209e-07,5.22786622356283e-07,4.31719458129104e-07,4.40513764305608e-07,2138109.70198294,4581515145584.82,2.1381097019829403
BONK,2023-05-09,4.40513764305608e-07,4.49454544334634e-07,4.23771753742196e-07,4.45128546030537e-07,1538250.43331764,3531122865564.88,1.53825043331764
BONK,2023-05-10,4.45128546030537e-07,4.48416094922246e-07,3.89400552549999e-07,4.11796008811154e-07,2247652.40554079,5316407332856.29,2.24765240554079
BONK,2023-05-11,4.11796008811154e-07,4.16197623328225e-07,3.63530926534911e-07,3.74510889586435e-07,1555464.41734435,3993519484236.6,1.55546441734435
BONK,2023-05-12,3.74510889586435e-07,3.92247450919887e-07,3.53398591678958e-07,3.87938628492266e-07,1958575.95036078,5339213423144.65,1.95857595036078
BONK,2023-05-13,3.87938628492266e-07,4.36563202789297e-07,3.87289240699474e-07,4.24809143086895e-07,3535536.06978473,8557397618660.77,3.53553606978473
BONK,2023-05-14,4.24809143086895e-07,4.42871547986304e-07,4.22970699816751e-07,4.31608463008105e-07,1111095.32855644,2570493124790.78,1.11109532855644
BONK,2023-05-15,4.31608463008105e-07,4.98450011977534e-07,4.19744461309615e-07,4.85352568076091e-07,2124788.24096018,4643873426863.93,2.12478824096018
BONK,2023-05-16,4.85352568076091e-07,4.8632929096736e-07,4.23516947020189e-07,4.36443288424675e-07,1549276.49192022,3451096190720.61,1.54927649192022
BONK,2023-05-17,4.36443288424675e-07,4.50792159005197e-07,4.1819137133677e-07,4.31692834272296e-07,1130244.55501905,2607988061093.18,1.1302445550190499
BONK,2023-05-18,4.31692834272296e-07,4.32647769510192e-07,4.12032072724589e-07,4.19426229585985e-07,915938.144280072,2159178527687.09,0.9159381442800719
BONK,2023-05-19,4.19426229585985e-07,4.28288349112646e-07,4.13854939457707e-07,4.27704727536292e-07,844499.869929194,1999393559281.03,0.844499869929194
BONK,2023-05-20,4.27704727536292e-07,4.39998192872329e-07,4.23892473792243e-07,4.33590104310359e-07,1271406.46703201,2947466992305.45,1.27140646703201
BONK,2023-05-21,4.33590104310359e-07,4.33590104310359e-07,4.07158657097304e-07,4.07273962272473e-07,911510.163087873,2172097319798.31,0.911510163087873
BONK,2023-05-22,4.07273962272473e-07,4.08693439790998e-07,3.89495859450606e-07,4.02904565725738e-07,1149184.86242651,2876898792567.69,1.1491848624265102
BONK,2023-05-23,4.02904565725738e-07,4.11539358114003e-07,3.95767902991439e-07,4.03918351010214e-07,1784155.82242488,4423844952915.8,1.78415582242488
BONK,2023-05-24,4.03918351010214e-07,4.03918351010214e-07,3.72188035956592e-07,3.945066563089e-07,1559798.67845919,4034097989332.81,1.55979867845919
BONK,2023-05-25,3.945066563089e-07,4.05114381275989e-07,3.91202819476278e-07,4.02921859865879e-07,1181009.27386632,2973536249643.44,1.18100927386632
BONK,2023-05-26,4.02921859865879e-07,4.07605089764257e-07,3.95157906438972e-07,3.98950700614166e-07,747944.375362498,1863560421462.22,0.747944375362498
BONK,2023-05-27,3.98950700614166e-07,6.07628549861734e-07,3.83666693529155e-07,5.48228605388087e-07,4808111.66663536,9861858736427.26,4.80811166663536
BONK,2023-05-28,5.48228605388087e-07,5.5197460601288e-07,4.8108075979662e-07,5.30783486701047e-07,7400727.58066144,14558967939024.0,7.4007275806614405
BONK,2023-05-29,5.30783486701047e-07,6.00647431305234e-07,4.95836469852332e-07,5.58711485981606e-07,4588198.04308074,8285900995574.19,4.58819804308074
BONK,2023-05-30,5.58711485981606e-07,6.64573112799016e-07,5.56517854212018e-07,6.57811825511044e-07,5701485.95435618,9334679618165.74,5.70148595435618
BONK,2023-05-31,6.57811825511044e-07,6.7316257958009e-07,4.76114568548958e-07,5.05845020578605e-07,8722282.96587315,15977217685710.7,8.72228296587315
BONK,2023-06-01,5.05845020578605e-07,5.20713993664955e-07,4.71277911007633e-07,4.74892713015939e-07,2369155.46050685,4729469373908.95,2.36915546050685
BONK,2023-06-02,4.74892713015939e-07,4.86605790458102e-07,4.7223454111653e-07,4.80714808452767e-07,1227773.68388034,2554384571211.19,1.2277736838803401
BONK,2023-06-03,4.80714808452767e-07,4.82013481964482e-07,4.24549004374589e-07,4.31855154492691e-07,1885124.50929468,4043804022192.05,1.88512450929468
BONK,2023-06-04,4.31855154492691e-07,4.86519906255824e-07,4.2224877403814e-07,4.51835397546708e-07,1856608.74893003,4126392621967.88,1.85660874893003
BONK,2023-06-05,4.51835397546708e-07,4.51835397546708e-07,3.80026882898982e-07,3.9055808975008e-07,1945883.60422953,4719117815157.89,1.94588360422953
BONK,2023-06-06,3.9055808975008e-07,4.29167332539162e-07,3.83116320773246e-07,4.120728982904e-07,2149376.688412,5363705765828.05,2.149376688412
BONK,2023-06-07,4.120728982904e-07,4.120728982904e-07,3.82559392294396e-07,3.82559392294396e-07,985620.14744835,2509635703033.16,0.98562014744835
BONK,2023-06-08,3.82559392294396e-07,3.9728069911853e-07,3.81022552018468e-07,3.88593843016568e-07,835965.007057308,2149228439140.22,0.835965007057308
BONK,2023-06-09,3.88593843016568e-07,3.94130172084876e-07,3.61072229939304e-07,3.64059000702383e-07,885467.426745493,2322481533554.05,0.885467426745493
BONK,2023-06-10,3.64059000702383e-07,3.64746403454835e-07,2.74198816783287e-07,3.14629804665568e-07,1955135.60570256,6445171542779.43,1.95513560570256
BONK,2023-06-11,3.14629804665568e-07,3.16632017605725e-07,3.03721246497369e-07,3.08902714320639e-07,663860.607328518,2134008757039.26,0.6638606073285179
BONK,2023-06-12,3.08902714320639e-07,3.0920948132417e-07,2.85815112629857e-07,2.90171354490522e-07,724773.203859216,2449883823581.7,0.724773203859216
BONK,2023-06-13,2.90171354490522e-07,2.97611777646884e-07,2.89028024006535e-07,2.96058826184124e-07,828253.506150227,2833374431491.45,0.8282535061502271
BONK,2023-06-14,2.96058826184124e-07,3.03008724139045e-07,2.72796553268999e-07,2.79046839586862e-07,736363.617651331,2519607068515.08,0.736363617651331
BONK,2023-06-15,2.79046839586862e-07,3.01350029974393e-07,2.76527021528194e-07,2.89420009955153e-07,892844.962085887,3118892247333.04,0.8928449620858869
BONK,2023-06-16,2.89420009955153e-07,3.2521597948201e-07,2.89171731854446e-07,3.19383538264654e-07,1063937.36717467,3480457528048.63,1.0639373671746701
BONK,2023-06-17,3.19383538264654e-07,3.32660372860756e-07,3.0960042716516e-07,3.12138758428459e-07,797103.015868275,2494496540383.28,0.7971030158682749
BONK,2023-06-18,3.12138758428459e-07,3.17656728504416e-07,2.94524787455672e-07,2.96147507927381e-07,583807.262111445,1893123764183.86,0.583807262111445
BONK,2023-06-19,2.96147507927381e-07,3.15616660344934e-07,2.95616265010177e-07,3.1386381237992e-07,721874.794053948,2401027287617.64,0.721874794053948
BONK,2023-06-20,3.1386381237992e-07,3.24469917944525e-07,3.03635609821162e-07,3.2169805090986e-07,942076.004209148,2995968013804.04,0.9420760042091479
BONK,2023-06-21,3.2169805090986e-07,3.72289901963332e-07,3.21230349938673e-07,3.69660367965477e-07,1342915.14661414,3932323793624.33,1.3429151466141398
BONK,2023-06-22,3.69660367965477e-07,3.83707829996601e-07,3.36348259414145e-07,3.44513722701031e-07,1097277.40722463,3050816364924.08,1.09727740722463
BONK,2023-06-23,3.44513722701031e-07,4.21762525711746e-07,3.24202420707175e-07,4.1678804827343e-07,2768770.28715597,7568252756461.39,2.76877028715597
BONK,2023-06-24,4.1678804827343e-07,4.80412689822969e-07,3.6731824505233e-07,3.72659982318062e-07,4158518.99025127,9831012223691.03,4.15851899025127
BONK,2023-06-25,3.72659982318062e-07,4.30107441594901e-07,3.60789385439427e-07,3.96313695457149e-07,2273093.90736048,5804003329113.96,2.2730939073604803
BONK,2023-06-26,3.96313695457149e-07,3.96313695457149e-07,3.62698296353684e-07,3.65059509372697e-07,1108568.48553296,2945802338537.86,1.1085684855329598
BONK,2023-06-27,3.65059509372697e-07,3.78732979036698e-07,3.61321962490748e-07,3.70612094554877e-07,836768.75025394,2261130131635.97,0.83676875025394
BONK,2023-06-28,3.70612094554877e-07,3.83468322140258e-07,3.30386683199378e-07,3.44867506776471e-07,1539899.60567997,4355775539019.72,1.53989960567997
BONK,2023-06-29,3.44867506776471e-07,3.76792610688906e-07,3.26141616764889e-07,3.57670462387475e-07,1521427.2284403,4259249501942.81,1.5214272284403
BONK,2023-06-30,3.57670462387475e-07,3.8466534633312e-07,3.45298936415721e-07,3.64350592999446e-07,1653426.80435416,4522608268855.85,1.65342680435416
BONK,2023-07-01,3.64350592999446e-07,3.70422866752057e-07,3.53334280527258e-07,3.70422866752057e-07,669126.197828976,1853844794145.12,0.669126197828976
BONK,2023-07-02,3.70422866752057e-07,3.74599019216507e-07,3.54933187349529e-07,3.72219964528452e-07,712160.285634436,1956997538734.91,0.7121602856344359
BONK,2023-07-03,3.72219964528452e-07,3.77268838211693e-07,3.6137256617473e-07,3.65594785885821e-07,679516.752367572,1834622917546.6,0.679516752367572
BONK,2023-07-04,3.65594785885821e-07,3.71952085385774e-07,3.52586953492804e-07,3.56358494852198e-07,526232.343206764,1449253618988.91,0.5262323432067639
BONK,2023-07-05,3.56358494852198e-07,3.58704834930513e-07,3.34052610359332e-07,3.44261573143926e-07,472488.411517035,1370072237911.77,0.47248841151703497
BONK,2023-07-06,3.44261573143926e-07,3.5944465704364e-07,3.24205284242236e-07,3.46591567447259e-07,1009561.22543158,2946799505814.14,1.00956122543158
BONK,2023-07-07,3.46591567447259e-07,3.66042325641907e-07,3.35290016708962e-07,3.51540331805661e-07,1004918.15169921,2863382902572.95,1.00491815169921
BONK,2023-07-08,3.51540331805661e-07,3.6561047294107e-07,3.41045272160046e-07,3.52148994316103e-07,1170121.64967997,3329038497678.96,1.17012164967997
BONK,2023-07-09,3.52148994316103e-07,3.65227436796754e-07,3.38067858623164e-07,3.58728917332747e-07,973959.390592614,2770068838250.77,0.9739593905926139
BONK,2023-07-10,3.58728917332747e-07,3.61909197025638e-07,3.20660373664288e-07,3.45938851572528e-07,1047296.48027385,3068321744598.05,1.04729648027385
BONK,2023-07-11,3.45938851572528e-07,3.71648540053921e-07,3.29191521978555e-07,3.49412847528363e-07,1630067.57856208,4638561147316.09,1.63006757856208
BONK,2023-07-12,3.49412847528363e-07,3.59850269391763e-07,3.28726884064622e-07,3.5880607001637e-07,1236344.8274821,3583426012899.36,1.2363448274821
BONK,2023-07-13,3.5880607001637e-07,3.79430798561217e-07,3.27994990081316e-07,3.63997080544198e-07,2181556.66440474,6182822574101.5,2.18155666440474
BONK,2023-07-14,3.63997080544198e-07,4.42372893512783e-07,3.62232098668287e-07,3.94086869183097e-07,3192591.55656515,8061731829148.27,3.19259155656515
BONK,2023-07-15,3.94086869183097e-07,4.14212525424552e-07,3.71654154762155e-07,3.78025994304391e-07,1580269.52622066,4067263224564.28,1.5802695262206599
BONK,2023-07-16,3.78025994304391e-07,3.88030282926684e-07,3.49554143150728e-07,3.64440166459349e-07,1209058.59125629,3293461946043.67,1.20905859125629
BONK,2023-07-17,3.64440166459349e-07,3.69860819910178e-07,3.37121194756646e-07,3.58485932757633e-07,1064643.75850777,3031918101571.72,1.06464375850777
BONK,2023-07-18,3.58485932757633e-07,3.64577359213167e-07,3.3325797910242e-07,3.45037965346338e-07,1039582.86688387,2990036960878.4,1.03958286688387
BONK,2023-07-19,3.45037965346338e-07,3.69131776937334e-07,3.44895913862318e-07,3.5728741315519e-07,1427084.77595233,3986376507719.42,1.4270847759523302
BONK,2023-07-20,3.5728741315519e-07,3.75319454048133e-07,3.37851629245037e-07,3.48409143130973e-07,2109504.88502076,5985267428237.8,2.10950488502076
BONK,2023-07-21,3.48409143130973e-07,3.57143117510182e-07,3.40679377265082e-07,3.49825172170372e-07,1651848.45244117,4742977677441.57,1.65184845244117
BONK,2023-07-22,3.49825172170372e-07,3.53067700003688e-07,3.25129308972813e-07,3.26598653228691e-07,2019653.10754573,5875893053201.35,2.01965310754573
BONK,2023-07-23,3.26598653228691e-07,3.45998834948759e-07,3.21123953574973e-07,3.37182246290556e-07,2397638.38603796,7193271393501.55,2.39763838603796
BONK,2023-07-24,3.37182246290556e-07,3.37255095600328e-07,3.12675439341324e-07,3.33033050153743e-07,2107030.23670198,6479017461069.97,2.1070302367019798
BONK,2023-07-25,3.33033050153743e-07,3.43888353726191e-07,3.25312735657686e-07,3.29986329525517e-07,1901666.63604684,5703886582458.73,1.9016666360468402
BONK,2023-07-26,3.29986329525517e-07,3.6041246748327e-07,3.27465226086977e-07,3.44551867290415e-07,2369809.96560008,6924542468569.19,2.36980996560008
BONK,2023-07-27,3.44551867290415e-07,3.57981829510853e-07,3.35144714353807e-07,3.46954969937015e-07,2124960.91573716,6165087426143.2,2.12496091573716
BONK,2023-07-28,3.46954969937015e-07,3.61073163434949e-07,3.42059625048557e-07,3.47035472718016e-07,2057413.45938385,5844920558762.12,2.05741345938385
BONK,2023-07-29,3.47035472718016e-07,3.63583969087032e-07,3.40530268348305e-07,3.53364595423778e-07,2096543.74765469,6047162865929.0,2.0965437476546898
BONK,2023-07-30,3.53364595423778e-07,3.54933824751653e-07,3.40255561153032e-07,3.47350657349289e-07,1928582.29259284,5538395846413.41,1.92858229259284
BONK,2023-07-31,3.47350657349289e-07,3.52545360427308e-07,3.25060583882235e-07,3.27229525770122e-07,2294701.92340975,6764874241910.21,2.2947019234097503
BONK,2023-08-01,3.27229525770122e-07,3.82288734866164e-07,3.17425586369682e-07,3.79773451570825e-07,2562904.65822,7640914120250.62,2.56290465822
BONK,2023-08-02,3.79773451570825e-07,3.8123900417279e-07,3.32466913017847e-07,3.36454621211456e-07,2808427.48725298,8145631772240.1,2.80842748725298
BONK,2023-08-03,3.36454621211456e-07,3.48168177878438e-07,3.29002517615218e-07,3.43360289424463e-07,2353673.34707902,6965732056314.09,2.35367334707902
BONK,2023-08-04,3.43360289424463e-07,3.46936385331151e-07,3.25100346930722e-07,3.26040637926385e-07,2230942.44413999,6570451588255.35,2.23094244413999
BONK,2023-08-05,3.26040637926385e-07,3.29175462575317e-07,3.17691729611295e-07,3.23423005708347e-07,2241952.28474954,6914554519472.14,2.24195228474954
BONK,2023-08-06,3.23423005708347e-07,3.282226504914e-07,3.12517848045042e-07,3.14876380886619e-07,2428345.61149674,7584299975019.85,2.42834561149674
BONK,2023-08-07,3.14876380886619e-07,3.32152782904121e-07,3.14751857096841e-07,3.24120575579378e-07,3684304.27976361,11421082676276.1,3.68430427976361
BONK,2023-08-08,3.24120575579378e-07,3.50046691538857e-07,3.17582085194054e-07,3.40574209962414e-07,2397699.3837848,7183545043842.02,2.3976993837847997
BONK,2023-08-09,3.40574209962414e-07,3.55502989857576e-07,3.33797079862912e-07,3.47267386729208e-07,1707527.54074329,4951123080215.39,1.70752754074329
BONK,2023-08-10,3.47267386729208e-07,3.47681255245486e-07,3.39693548167635e-07,3.42374758360931e-07,1744492.60019304,5099765816991.14,1.74449260019304
BONK,2023-08-11,3.42374758360931e-07,3.43871908076459e-07,3.35366941796641e-07,3.3754948485765e-07,2076119.65731852,6169001369134.19,2.07611965731852
BONK,2023-08-12,3.3754948485765e-07,3.47023858624857e-07,3.24361056025348e-07,3.35682785944059e-07,1857252.08213477,5572486702506.58,1.85725208213477
BONK,2023-08-13,3.35682785944059e-07,3.44073157405058e-07,3.2701072742054e-07,3.36650499034594e-07,1840953.21819996,5509258900851.52,1.84095321819996
BONK,2023-08-14,3.36650499034594e-07,3.37398177863493e-07,3.16171823304299e-07,3.34563747966393e-07,2125123.95293129,6481531620814.68,2.12512395293129
BONK,2023-08-15,3.34563747966393e-07,3.37829217567901e-07,3.20789735177532e-07,3.22001521279182e-07,1992076.46222871,6096559437864.55,1.9920764622287102
BONK,2023-08-16,3.22001521279182e-07,3.27851427251238e-07,3.08639620237912e-07,3.08670941957036e-07,1885231.1224958,5926200962551.06,1.8852311224958
BONK,2023-08-17,3.08670941957036e-07,3.12312340691096e-07,2.66195133130343e-07,2.7854663566504e-07,2019548.57369455,6733372609133.33,2.01954857369455
BONK,2023-08-18,2.7854663566504e-07,2.83073178608085e-07,2.62245608967168e-07,2.68639160274105e-07,1893688.53149129,6962408274924.21,1.8936885314912901
BONK,2023-08-19,2.68639160274105e-07,2.79104903897491e-07,2.63624642530098e-07,2.75342361731164e-07,1500251.86472831,5553681662878.77,1.5002518647283098
BONK,2023-08-20,2.75342361731164e-07,2.83563921029608e-07,2.68708978062468e-07,2.75117250771753e-07,1309305.05269466,4753442522203.79,1.30930505269466
BONK,2023-08-21,2.75117250771753e-07,2.75320053951494e-07,2.42425475381979e-07,2.42734928130687e-07,1726811.47104547,6756303842625.66,1.72681147104547
BONK,2023-08-22,2.42734928130687e-07,2.52225420419645e-07,2.328995954559e-07,2.40200952598521e-07,1692285.33398928,6971830586112.0,1.69228533398928
BONK,2023-08-23,2.40200952598521e-07,2.6239251528767e-07,2.38031879275843e-07,2.56698735713675e-07,1310551.51409828,5289528593661.38,1.3105515140982802
BONK,2023-08-24,2.56698735713675e-07,2.65468941867334e-07,2.46943516123284e-07,2.55530495608757e-07,1263291.85940759,4905482306271.25,1.26329185940759
BONK,2023-08-25,2.55530495608757e-07,2.55530495608757e-07,2.40913350504138e-07,2.45764213125481e-07,1437218.36910838,5852530126862.57,1.43721836910838
BONK,2023-08-26,2.45764213125481e-07,2.56761726226971e-07,2.43361650247921e-07,2.5365354274227e-07,1226246.95191866,4888513521891.96,1.22624695191866
BONK,2023-08-27,2.5365354274227e-07,2.5604523039909e-07,2.51097394258041e-07,2.52405822384622e-07,1090796.13845771,4312011214988.2,1.0907961384577098
BONK,2023-08-28,2.52405822384622e-07,2.57633552151668e-07,2.44662583939824e-07,2.56612159722168e-07,1438381.3864056,5740270840484.02,1.4383813864056
BONK,2023-08-29,2.56612159722168e-07,2.70189145659131e-07,2.48568958175146e-07,2.68039709860509e-07,1466388.51104581,5744828732950.68,1.4663885110458101
BONK,2023-08-30,2.68039709860509e-07,2.69703233704071e-07,2.54515442616716e-07,2.58811225256572e-07,1702201.67595397,6533683439412.95,1.70220167595397
BONK,2023-08-31,2.58811225256572e-07,2.60210604273217e-07,2.43317013710101e-07,2.43336377837176e-07,1754498.40558261,6947843894097.44,1.75449840558261
BONK,2023-09-01,2.43336377837176e-07,2.4646938343276e-07,2.36199233976337e-07,2.3727540298116e-07,1774339.08965754,7316555341138.83,1.77433908965754
BONK,2023-09-02,2.3727540298116e-07,2.43835912245579e-07,2.37020011184511e-07,2.40549183529924e-07,1424003.79041928,5914228273664.6,1.4240037904192802
BONK,2023-09-03,2.40549183529924e-07,2.41746161686302e-07,2.36336234165087e-07,2.38959685177272e-07,1607711.77550197,6721052880797.59,1.6077117755019699
BONK,2023-09-04,2.38959685177272e-07,2.40516618617392e-07,2.34017531702461e-07,2.34017531702461e-07,1724764.14635014,7251642914836.46,1.72476414635014
BONK,2023-09-05,2.34017531702461e-07,2.34017531702461e-07,2.27640267065631e-07,2.30982203729584e-07,1683869.90818046,7316722258828.78,1.68386990818046
BONK,2023-09-06,2.30982203729584e-07,2.63566299732494e-07,2.21387417927411e-07,2.42546102342606e-07,1981034.4453873,8547753447442.61,1.9810344453873001
BONK,2023-09-07,2.42546102342606e-07,2.44421967415803e-07,2.30545135334361e-07,2.31524008370145e-07,1704181.24233278,7212187931362.19,1.70418124233278
BONK,2023-09-08,2.31524008370145e-07,2.33303752098599e-07,2.21436385560731e-07,2.22191587306094e-07,1650638.48192365,7254178986421.48,1.65063848192365
BONK,2023-09-09,2.22191587306094e-07,2.23585439888233e-07,2.16454416997582e-07,2.16513481210233e-07,2379335.95058576,10851422461618.4,2.37933595058576
BONK,2023-09-10,2.16513481210233e-07,2.20863287560597e-07,2.05020920448949e-07,2.09798770039109e-07,2553192.62371765,11948825938957.4,2.5531926237176497
BONK,2023-09-11,2.09798770039109e-07,2.1045991058932e-07,1.96940584503526e-07,1.99803558256724e-07,2660918.19203913,13102535166827.9,2.6609181920391296
BONK,2023-09-12,1.99803558256724e-07,2.03979619228212e-07,1.97128733184378e-07,2.03053671099464e-07,2719597.57763521,13497966931399.7,2.71959757763521
BONK,2023-09-13,2.03053671099464e-07,2.08868757166685e-07,2.01821043146177e-07,2.08164423554766e-07,2579083.12619884,12593346563500.2,2.57908312619884
BONK,2023-09-14,2.08164423554766e-07,2.09748594366963e-07,2.06432935401511e-07,2.08730844371846e-07,2693274.62445119,12913525622876.4,2.6932746244511896
BONK,2023-09-15,2.08730844371846e-07,2.09584832243824e-07,2.04285099879907e-07,2.06763393577889e-07,2543583.60142384,12259316953687.0,2.54358360142384
BONK,2023-09-16,2.06763393577889e-07,2.08878895183509e-07,2.02110937534936e-07,2.05632793162985e-07,2696828.74457353,13128755097185.7,2.69682874457353
BONK,2023-09-17,2.05632793162985e-07,2.09050190686113e-07,2.00188873077577e-07,2.02269011110566e-07,2654172.06104793,13055993465776.3,2.65417206104793
BONK,2023-09-18,2.02269011110566e-07,2.04373472018064e-07,2.00114503055545e-07,2.03680635108115e-07,2686068.724848,13269719446869.7,2.686068724848
BONK,2023-09-19,2.03680635108115e-07,2.05486700248669e-07,1.96346604407033e-07,2.03630169406938e-07,2840174.06765872,14108514391089.7,2.84017406765872
BONK,2023-09-20,2.03630169406938e-07,2.04676008540839e-07,2.01834818118671e-07,2.01909076341096e-07,2597346.6373659,12779007443601.1,2.5973466373659
BONK,2023-09-21,2.01909076341096e-07,2.1151877306544e-07,1.94644392405815e-07,1.95298595787725e-07,2989762.20651855,14848019393686.8,2.98976220651855
BONK,2023-09-22,1.95298595787725e-07,1.97397189992427e-07,1.92539389310866e-07,1.94403850002498e-07,2714944.35095505,13900981897999.2,2.71494435095505
BONK,2023-09-23,1.94403850002498e-07,1.97777121458848e-07,1.89976997979586e-07,1.90521957843941e-07,2630962.13837226,13501419782416.7,2.63096213837226
BONK,2023-09-24,1.90521957843941e-07,1.95658543173265e-07,1.90132124647489e-07,1.92860350121985e-07,2490516.37220548,12904638633625.1,2.49051637220548
BONK,2023-09-25,1.92860350121985e-07,2.05387299056865e-07,1.91265472343908e-07,1.9776571952145e-07,2870903.77290355,14462123477688.3,2.87090377290355
BONK,2023-09-26,1.9776571952145e-07,2.10038404206674e-07,1.97408701542028e-07,2.05257636597826e-07,2970362.92689319,14489230403003.5,2.97036292689319
BONK,2023-09-27,2.05257636597826e-07,2.08856281451029e-07,1.87287744222384e-07,1.94776753610554e-07,2930137.6870904,14510503922302.1,2.9301376870904003
BONK,2023-09-28,1.94776753610554e-07,1.99592258490808e-07,1.91649057882821e-07,1.98143193256123e-07,2505891.11622348,12837593309480.3,2.5058911162234803
BONK,2023-09-29,1.98143193256123e-07,2.0677958831106e-07,1.91851463569149e-07,1.96602602612374e-07,2859492.01134562,14408744576524.3,2.85949201134562
BONK,2023-09-30,1.96602602612374e-07,2.09761827364199e-07,1.94906533443893e-07,2.0598378822989e-07,2700965.02563444,13543138591332.4,2.70096502563444
BONK,2023-10-01,2.0598378822989e-07,2.11475405750485e-07,2.02112783450425e-07,2.08925394465176e-07,2699912.18587458,13056100393363.3,2.69991218587458
BONK,2023-10-02,2.08925394465176e-07,2.1159493046323e-07,2.03034566243799e-07,2.06481924186089e-07,2931654.39561954,14095058632847.8,2.93165439561954
BONK,2023-10-03,2.06481924186089e-07,2.06668532756042e-07,1.9800311015199e-07,2.03410129340722e-07,2397317.56581269,11865424799879.9,2.39731756581269
BONK,2023-10-04,2.03410129340722e-07,2.09821108294206e-07,1.9986030102136e-07,2.09614637775859e-07,2283379.04131679,11159725725625.2,2.28337904131679
BONK,2023-10-05,2.09614637775859e-07,2.1069054679693e-07,2.00666910029833e-07,2.07634381916532e-07,2286916.21060439,11026737223421.6,2.28691621060439
BONK,2023-10-06,2.07634381916532e-07,2.10631933583388e-07,2.03398190015222e-07,2.07258132943807e-07,2276527.22315196,10972682564204.5,2.2765272231519598
BONK,2023-10-07,2.07258132943807e-07,2.1149239037859e-07,2.06476136607471e-07,2.11142637404324e-07,2525043.22286383,12073695766511.5,2.52504322286383
BONK,2023-10-08,2.11142637404324e-07,2.11464338509878e-07,2.05323163181356e-07,2.06815372498731e-07,2752614.63094561,13164200643777.6,2.75261463094561
BONK,2023-10-09,2.06815372498731e-07,2.07219529391702e-07,1.9611063176546e-07,1.97580880420038e-07,2816392.61520847,14002501570692.0,2.81639261520847
BONK,2023-10-10,1.97580880420038e-07,1.99224619914028e-07,1.90984062416834e-07,1.928509744827e-07,2751097.24918744,14177918604303.0,2.75109724918744
BONK,2023-10-11,1.928509744827e-07,1.93481791484046e-07,1.88723309256863e-07,1.90788614872215e-07,2626396.20870316,13770835456364.3,2.62639620870316
BONK,2023-10-12,1.90788614872215e-07,1.90975564802252e-07,1.76528365218464e-07,1.77698704567813e-07,2894763.0009349,15707988493901.9,2.8947630009349
BONK,2023-10-13,1.77698704567813e-07,1.81080482276557e-07,1.75400108051485e-07,1.79615150213964e-07,2671523.96019529,15017113158085.3,2.67152396019529
BONK,2023-10-14,1.79615150213964e-07,2.1515459057885e-07,1.7641383169762e-07,1.84359945124999e-07,2601319.06607916,14341474910235.7,2.60131906607916
BONK,2023-10-15,1.84359945124999e-07,2.02782146136816e-07,1.83320573184557e-07,1.97412802493677e-07,2304065.39834965,11772765266587.7,2.30406539834965
BONK,2023-10-16,1.97412802493677e-07,2.00730610178863e-07,1.93752880916335e-07,1.95872618161417e-07,2541633.65843566,12888506995439.1,2.54163365843566
BONK,2023-10-17,1.95872618161417e-07,1.98876136505069e-07,1.83396071727238e-07,1.83938462259521e-07,4070652.70165722,21290783626961.4,4.070652701657219
BONK,2023-10-18,1.83938462259521e-07,1.87084106323167e-07,1.80858558009957e-07,1.841243647787e-07,2861878.46061969,15556827789299.1,2.86187846061969
BONK,2023-10-19,1.841243647787e-07,1.8425504051932e-07,1.76390861384997e-07,1.81095750294874e-07,2416340.01592311,13412456814401.4,2.41634001592311
BONK,2023-10-20,1.81095750294874e-07,1.88798485209448e-07,1.7887629206466e-07,1.88522742320308e-07,2702989.1086366,14662564586465.8,2.7029891086366
BONK,2023-10-21,1.88522742320308e-07,2.0275708661923e-07,1.85748019414529e-07,1.99991668177409e-07,2633604.99365873,13809794710704.1,2.63360499365873
BONK,2023-10-22,1.99991668177409e-07,2.99879917868923e-07,1.99488434067061e-07,2.80505450142016e-07,3242046.35622063,14740824095462.0,3.24204635622063
BONK,2023-10-23,2.80505450142016e-07,3.36486117294707e-07,2.63414228221103e-07,3.16967804514415e-07,7139501.38560606,24209480448574.8,7.13950138560606
BONK,2023-10-24,3.16967804514415e-07,3.41815441581107e-07,3.03736686206886e-07,3.15845732312149e-07,6482613.12018759,20145830487474.9,6.48261312018759
BONK,2023-10-25,3.15845732312149e-07,4.31348366166015e-07,2.92622943246725e-07,4.20353841581158e-07,8670322.40297342,24541191265256.1,8.67032240297342
BONK,2023-10-26,4.20353841581158e-07,6.39204470904098e-07,4.12131815954367e-07,5.42750660671903e-07,16539251.7484072,31972991095264.5,16.5392517484072
BONK,2023-10-27,5.42750660671903e-07,6.6068569042646e-07,5.01569730388365e-07,5.46787935530953e-07,13317994.0587875,22628235733908.8,13.3179940587875
BONK,2023-10-28,5.46787935530953e-07,6.06269811060831e-07,5.0521459547996e-07,5.40210367437561e-07,9697639.39919912,17286403711942.3,9.69763939919912
BONK,2023-10-29,5.40210367437561e-07,5.70236686969425e-07,5.19352605890818e-07,5.57235982434267e-07,8665977.48017648,15930810576286.3,8.66597748017648
BONK,2023-10-30,5.57235982434267e-07,6.92995035368386e-07,5.54389174106918e-07,6.87744869612243e-07,12810302.5541232,20424733224763.7,12.8103025541232
BONK,2023-10-31,6.87744869612243e-07,7.65652468796198e-07,6.24725172459056e-07,7.65323899927894e-07,12077049.8295641,17985793872589.7,12.0770498295641
BONK,2023-11-01,7.65323899927894e-07,8.74475592163104e-07,7.4035001533309e-07,8.54564959102278e-07,17686542.5549108,22169457453979.7,17.6865425549108
BONK,2023-11-02,8.54564959102278e-07,8.71598845434789e-07,5.93957772408636e-07,6.64269320035958e-07,15431722.8241174,21161785958336.6,15.431722824117399
BONK,2023-11-03,6.64269320035958e-07,6.64725754446151e-07,5.90677751837045e-07,6.24702136437638e-07,10597856.6253748,16871147490993.5,10.5978566253748
BONK,2023-11-04,6.24702136437638e-07,8.22540112393436e-07,6.21524286686008e-07,7.7007031104989e-07,12293033.1044896,16682477253316.0,12.2930331044896
BONK,2023-11-05,7.7007031104989e-07,8.25533763602421e-07,7.46580826161116e-07,7.95993999742549e-07,10802766.8280466,13710142492579.7,10.8027668280466
BONK,2023-11-06,7.95993999742549e-07,8.11702419851519e-07,6.85687551114759e-07,7.94036601297251e-07,10578007.6194851,14002532745113.6,10.578007619485101
BONK,2023-11-07,7.94036601297251e-07,9.86552911437489e-07,7.63374104098807e-07,9.37671277721648e-07,15160044.5493141,17880069776108.8,15.160044549314101
BONK,2023-11-08,9.37671277721648e-07,1.14670897667899e-06,9.20140177542048e-07,1.08642741107767e-06,21042483.2016096,19379292613632.4,21.0424832016096
BONK,2023-11-09,1.08642741107767e-06,1.96047642019648e-06,1.08642741107767e-06,1.71522198225605e-06,44252317.0387152,27096605152354.4,44.2523170387152
BONK,2023-11-10,1.71522198225605e-06,2.86608465237707e-06,1.70642993057912e-06,2.75465755918731e-06,56244622.7875132,24114783665683.9,56.244622787513194
BONK,2023-11-11,2.75465755918731e-06,2.87974950515912e-06,2.04576141051889e-06,2.14572206650427e-06,56402410.6202124,23431569244399.1,56.4024106202124
BONK,2023-11-12,2.14572206650427e-06,2.64801857918505e-06,1.95988880277435e-06,2.28606585068608e-06,41168803.0554246,17708574734325.5,41.168803055424604
BONK,2023-11-13,2.28606585068608e-06,2.46521138045234e-06,1.61349006694332e-06,1.8104468893743e-06,39497574.3797081,19509818534675.9,39.4975743797081
BONK,2023-11-14,1.8104468893743e-06,2.24752230895214e-06,1.72551835167789e-06,2.24752230895214e-06,34080121.5279415,17823786406883.6,34.0801215279415
BONK,2023-11-15,2.24752230895214e-06,3.29160830868363e-06,2.21830048368743e-06,3.22396555062646e-06,58649685.0928379,21695800845526.2,58.6496850928379
BONK,2023-11-16,3.22396555062646e-06,3.22396555062646e-06,2.35916956565579e-06,2.53801740481801e-06,12028690.827896,4291418887442.68,12.028690827896002
BONK,2023-11-17,2.53801740481801e-06,3.1924736931979e-06,2.49385029684511e-06,2.91488903339887e-06,24709348.9965317,8566479559856.97,24.7093489965317
BONK,2023-11-18,2.91488903339887e-06,3.09283893368301e-06,2.59916110093764e-06,2.86331401807887e-06,16536890.180686,5863093840408.92,16.536890180686
BONK,2023-11-19,2.86331401807887e-06,4.95144414272084e-06,2.7827604141855e-06,4.44239546484083e-06,49056991.6670322,13360605212930.5,49.0569916670322
BONK,2023-11-20,4.44239546484083e-06,5.49670285710403e-06,3.60927567378394e-06,3.91377144770861e-06,66538925.9506464,14750285527895.9,66.5389259506464
BONK,2023-11-21,3.91377144770861e-06,4.3665392934368e-06,3.36327165020995e-06,3.57322889411398e-06,39523591.9532554,10314323258880.9,39.5235919532554
BONK,2023-11-22,3.57322889411398e-06,5.07898908377117e-06,3.51294591758221e-06,4.52217550331744e-06,44805703.0464658,10104814427353.1,44.8057030464658
BONK,2023-11-23,4.52217550331744e-06,4.81635057159685e-06,3.964733870159e-06,4.25594887071092e-06,20289003.1339873,4678773837617.05,20.2890031339873
BONK,2023-11-24,4.25594887071092e-06,4.29523181587177e-06,3.85773928330431e-06,4.14061356001114e-06,18066684.7895377,4427468987263.92,18.066684789537703
BONK,2023-11-25,4.14061356001114e-06,4.58200730358989e-06,4.08671771247453e-06,4.32862972876284e-06,16497395.9703672,3798637120301.51,16.4973959703672
BONK,2023-11-26,4.32862972876284e-06,4.45827464059751e-06,3.91953715410629e-06,4.0284077579151e-06,11575580.3768081,2783746756281.38,11.5755803768081
BONK,2023-11-27,4.0284077579151e-06,4.08737800973444e-06,3.52123327290356e-06,3.78995540225265e-06,15547760.2740712,4166975915640.85,15.5477602740712
BONK,2023-11-28,3.78995540225265e-06,4.28374518193118e-06,3.66061785059332e-06,4.13256795384391e-06,17986523.165651,4459222473759.88,17.986523165651
BONK,2023-11-29,4.13256795384391e-06,4.55121438888296e-06,4.03159492276722e-06,4.07608789852233e-06,13192006.2317185,3097242072981.25,13.1920062317185
BONK,2023-11-30,4.07608789852233e-06,4.14209658982052e-06,3.84146675440941e-06,3.8633474585159e-06,9710292.85414136,2450860318406.29,9.71029285414136
BONK,2023-12-01,3.8633474585159e-06,4.07330851512703e-06,3.80224788488079e-06,4.02065033319481e-06,9384628.23600052,2359665345415.73,9.38462823600052
BONK,2023-12-02,4.02065033319481e-06,4.84876980595931e-06,3.98742623706777e-06,4.83308348444801e-06,16563533.8803088,3737315508165.01,16.5635338803088
BONK,2023-12-03,4.83308348444801e-06,5.47144463310495e-06,4.61536803728906e-06,5.28826006602248e-06,19391754.4068315,3934860241994.37,19.3917544068315
BONK,2023-12-04,5.28826006602248e-06,6.97185690471323e-06,5.28668079147888e-06,6.2844640431963e-06,107441949.241206,18206221913446.5,107.441949241206
BONK,2023-12-05,6.2844640431963e-06,7.71361197920407e-06,5.86286245340859e-06,7.56481991542158e-06,27021947.1555596,3976425782639.89,27.021947155559598
BONK,2023-12-06,7.56481991542158e-06,8.56065437119614e-06,7.36895527735754e-06,7.49231016828895e-06,31805103.2248309,3968128665234.5,31.805103224830898
BONK,2023-12-07,7.49231016828895e-06,1.13449757524953e-05,7.41926274208963e-06,1.00689768856768e-05,66919729.5765877,7003982746403.78,66.9197295765877
BONK,2023-12-08,1.00689768856768e-05,1.32590038198213e-05,9.91996623606664e-06,1.29793726758151e-05,71318618.0694885,5942132127355.86,71.3186180694885
BONK,2023-12-09,1.29793726758151e-05,1.48537500097883e-05,1.06950962124595e-05,1.09544240772909e-05,89348542.4400072,7115391163362.59,89.3485424400072
BONK,2023-12-10,1.09544240772909e-05,1.27253192400459e-05,9.92543633888415e-06,1.25163010278334e-05,72073124.6276571,6443501532347.86,72.0731246276571
BONK,2023-12-11,1.25163010278334e-05,1.33423402551686e-05,1.02771304132683e-05,1.18646521528778e-05,65276911.6347365,5508258760067.01,65.2769116347365
BONK,2023-12-12,1.18646521528778e-05,1.34849934777544e-05,1.12963510839247e-05,1.1469689376053e-05,52130885.6050972,4190224589624.78,52.1308856050972
BONK,2023-12-13,1.1469689376053e-05,1.49101990684642e-05,9.26540106164414e-06,1.28589264893083e-05,103770789.296085,9095152935822.03,103.770789296085
BONK,2023-12-14,1.28589264893083e-05,2.78479745703696e-05,1.24358457499026e-05,2.41043896815284e-05,257949785.154401,14408381804757.8,257.949785154401
BONK,2023-12-15,2.41043896815284e-05,3.49063385270179e-05,2.15564819371339e-05,2.359678712129e-05,863593307.982659,31116527988321.9,863.593307982659
BONK,2023-12-16,2.359678712129e-05,2.66995738592905e-05,2.03165987663173e-05,2.17450328484057e-05,400420885.125765,17283731604693.1,400.42088512576504
BONK,2023-12-17,2.17450328484057e-05,2.50485527500463e-05,1.97205562085616e-05,2.28685058778944e-05,419320958.343383,18729313504696.9,419.32095834338304
BONK,2023-12-18,2.28685058778944e-05,2.34859898263262e-05,1.84008845940429e-05,2.08970844397936e-05,350983337.439691,17317080187020.8,350.983337439691
BONK,2023-12-19,2.08970844397936e-05,2.30767307032517e-05,1.86635375429939e-05,1.89835796027045e-05,257463594.514905,12587638019825.8,257.463594514905
BONK,2023-12-20,1.89835796027045e-05,2.16258023976205e-05,1.74822701023398e-05,1.89070899302462e-05,330370765.599177,17386739819230.2,330.370765599177
BONK,2023-12-21,1.89070899302462e-05,2.16163477236596e-05,1.83010150094525e-05,2.07020087618842e-05,339738554.324799,17271277767029.5,339.738554324799
BONK,2023-12-22,2.07020087618842e-05,2.28314316797197e-05,1.85305269103717e-05,1.93611794033116e-05,270972826.891698,13567855447938.5,270.972826891698
BONK,2023-12-23,1.93611794033116e-05,2.00188279991856e-05,1.78511241264536e-05,1.98730122481779e-05,161915157.865882,8659021144989.36,161.915157865882
BONK,2023-12-24,1.98730122481779e-05,1.99730267142846e-05,1.79177657372911e-05,1.81815255071462e-05,143481132.119919,7590518147017.32,143.481132119919
BONK,2023-12-25,1.81815255071462e-05,1.93124107369843e-05,1.75949985679693e-05,1.87036350159997e-05,138727419.082304,7461181178856.02,138.727419082304
BONK,2023-12-26,1.87036350159997e-05,1.90231371658948e-05,1.53067180434703e-05,1.6192799799144e-05,200569995.043802,11748039903135.8,200.56999504380198
BONK,2023-12-27,1.6192799799144e-05,1.62621560933055e-05,1.42174816010085e-05,1.45568128630041e-05,187214434.719032,12289868195068.9,187.214434719032
BONK,2023-12-28,1.45568128630041e-05,1.56547057121031e-05,1.24319581701445e-05,1.48869623077217e-05,268424652.170572,19259209746106.2,268.424652170572
BONK,2023-12-29,1.48869623077217e-05,1.68457318722595e-05,1.39705513125085e-05,1.49873495805782e-05,302732273.695991,19531439752800.0,302.73227369599095
BONK,2023-12-30,1.49873495805782e-05,1.51480043394339e-05,1.38581788373736e-05,1.40446135772174e-05,101384734.149711,7036922770997.3,101.384734149711
BONK,2023-12-31,1.40446135772174e-05,1.45132562757067e-05,1.30981973766001e-05,1.33820489235838e-05,85126851.4221246,6089840972263.87,85.12685142212459
BONK,2024-01-01,1.33820489235838e-05,1.502101882169e-05,1.28829066059525e-05,1.50210187466734e-05,89813819.3725671,6543195740333.55,89.8138193725671
BONK,2024-01-02,1.50210187466734e-05,1.54445767384171e-05,1.3399746115367e-05,1.34922553888376e-05,126029771.591451,8728729110517.72,126.02977159145101
BONK,2024-01-03,1.34922553888376e-05,1.38272281809687e-05,1.03525864888289e-05,1.16584701044639e-05,72844683.4709259,5815852078728.85,72.8446834709259
BONK,2024-01-04,1.16584701044639e-05,1.26037819218936e-05,1.12767930412801e-05,1.19555636375251e-05,84128299.663592,6952817962787.85,84.128299663592
BONK,2024-01-05,1.19555636375251e-05,1.20755945753294e-05,1.0586436335162e-05,1.12110590272557e-05,75326860.068632,6746941768336.07,75.326860068632
BONK,2024-01-06,1.12110590272557e-05,1.17008853919044e-05,1.01029523855166e-05,1.07520953948694e-05,72952692.06016,6724536980803.03,72.95269206015999
BONK,2024-01-07,1.07520953948694e-05,1.14875639520478e-05,1.0144397204613e-05,1.03431948040206e-05,69559265.0468654,6415713411681.74,69.5592650468654
BONK,2024-01-08,1.03431948040206e-05,1.30546313161674e-05,9.40141202328781e-06,1.21488200211402e-05,172959932.419233,15301757281147.2,172.95993241923298
BONK,2024-01-09,1.21488200211402e-05,1.43314573681845e-05,1.16173325041432e-05,1.42247433177942e-05,374385146.780088,28612411102845.1,374.385146780088
BONK,2024-01-10,1.42247433177942e-05,1.79458471265603e-05,1.28614638720706e-05,1.61554105004883e-05,482703802.18521,31954773054296.9,482.70380218521
BONK,2024-01-11,1.61554105004883e-05,1.74410705417025e-05,1.46380685837541e-05,1.61217257122909e-05,315609671.225934,19598853893179.3,315.60967122593405
BONK,2024-01-12,1.61217257122909e-05,1.63057618506261e-05,1.3167104413926e-05,1.38196220157744e-05,225463068.062806,15434109249301.5,225.463068062806
BONK,2024-01-13,1.38196220157744e-05,1.56547335043984e-05,1.30848180874909e-05,1.52868198352486e-05,184292215.822531,12828967649448.2,184.292215822531
BONK,2024-01-14,1.52868198352486e-05,1.56622212823417e-05,1.41664650561249e-05,1.42841511036873e-05,143595971.345547,9661402258047.37,143.59597134554699
BONK,2024-01-15,1.42841511036873e-05,1.45330566038026e-05,1.35967637305355e-05,1.36783320597166e-05,123245196.595225,8766986584831.51,123.24519659522501
BONK,2024-01-16,1.36783320597166e-05,1.44631204631076e-05,1.35128546153655e-05,1.4054523107381e-05,103360800.737474,7443952142612.44,103.360800737474
BONK,2024-01-17,1.4054523107381e-05,1.44253358954106e-05,1.32257004167117e-05,1.34426602673024e-05,96323007.6852,7033630431170.74,96.32300768520001
BONK,2024-01-18,1.34426602673024e-05,1.34839445269182e-05,1.18118777949805e-05,1.20613747772632e-05,89837851.0337242,7108693488175.98,89.8378510337242
BONK,2024-01-19,1.20613747772632e-05,1.22628223410834e-05,1.10232831648638e-05,1.19450225200312e-05,78351836.8730097,6689527971936.13,78.3518368730097
BONK,2024-01-20,1.19450225200312e-05,1.19988940401851e-05,1.12436792164976e-05,1.17009229221477e-05,46303215.4029126,3981371183972.4,46.3032154029126
BONK,2024-01-21,1.17009229221477e-05,1.19567094452994e-05,1.13543540145303e-05,1.13597264178458e-05,30736187.9234679,2628129715079.04,30.736187923467902
BONK,2024-01-22,1.13597264178458e-05,1.14487299727952e-05,1.03329210926309e-05,1.04067513559411e-05,67685867.3112685,6227629281430.48,67.6858673112685
BONK,2024-01-23,1.04067513559411e-05,1.08927050815654e-05,9.80318805437323e-06,1.07512533611166e-05,78031826.3750747,7571950382924.89,78.0318263750747
BONK,2024-01-24,1.07512533611166e-05,1.12631976428163e-05,1.04411702171253e-05,1.10484924814309e-05,75709326.2660339,6968599485277.14,75.7093262660339
BONK,2024-01-25,1.10484924814309e-05,1.16332940822852e-05,1.04336031668106e-05,1.12422169917288e-05,66169686.102813,6061803135886.67,66.169686102813
BONK,2024-01-26,1.12422169917288e-05,1.24345216078233e-05,1.10653772235715e-05,1.18559564208626e-05,88218094.2527469,7534582348636.11,88.2180942527469
BONK,2024-01-27,1.18559564208626e-05,1.20082076791735e-05,1.13108377261699e-05,1.1625363858981e-05,49422029.2332695,4245289664359.19,49.4220292332695
BONK,2024-01-28,1.1625363858981e-05,1.26341607247075e-05,1.14417991439976e-05,1.15848005423113e-05,69621304.8891401,5786429795166.97,69.6213048891401
BONK,2024-01-29,1.15848005423113e-05,1.20999611183514e-05,1.13809824661334e-05,1.2003358140122e-05,56024088.3789405,4756442169795.8,56.0240883789405
BONK,2024-01-30,1.2003358140122e-05,1.22336900410981e-05,1.11967365970219e-05,1.12607899778471e-05,50841482.1962551,4292006966508.51,50.8414821962551
BONK,2024-01-31,1.12607899778471e-05,1.13342063631749e-05,1.05262617500812e-05,1.06488756303334e-05,57867276.1673323,5280372446839.33,57.8672761673323
BONK,2024-02-01,1.06488756303334e-05,1.08335355145975e-05,1.01995714589395e-05,1.07482782281275e-05,36748001.4698883,3495871219651.04,36.7480014698883
BONK,2024-02-02,1.07482782281275e-05,1.08564231463058e-05,1.03800780943977e-05,1.05436731526529e-05,31631640.3574265,2986446461325.65,31.6316403574265
BONK,2024-02-03,1.05436731526529e-05,1.06316663520638e-05,1.03127873059801e-05,1.03349340150476e-05,18402415.225794,1763425624076.89,18.402415225793998
BONK,2024-02-04,1.03349340150476e-05,1.03991300845533e-05,1.00212536317116e-05,1.00794010365567e-05,24311214.5111922,2374650775990.38,24.311214511192198
BONK,2024-02-05,1.00794010365567e-05,1.06186089116121e-05,9.6177740885912e-06,1.01643962664184e-05,41025916.534847,4040181723895.14,41.025916534847
BONK,2024-02-06,1.01643962664184e-05,1.01889021552494e-05,9.84369668530042e-06,9.93716414430907e-06,29772902.8296213,2971048995242.9,29.7729028296213
BONK,2024-02-07,9.93716414430907e-06,1.05881080664722e-05,9.81638220612108e-06,1.04248566144269e-05,35482852.9952421,3485180193853.46,35.4828529952421
BONK,2024-02-08,1.04248566144269e-05,1.06215964448789e-05,1.02907610712492e-05,1.03515946398782e-05,34181294.6231418,3262764732485.99,34.1812946231418
BONK,2024-02-09,1.03515946398782e-05,1.27800229602372e-05,1.02834732833064e-05,1.2151569392237e-05,161430472.819555,13613238554627.4,161.430472819555
BONK,2024-02-10,1.2151569392237e-05,1.37268469198541e-05,1.21501423829875e-05,1.32750603118365e-05,153460716.47282,11673770277135.5,153.46071647282002
BONK,2024-02-11,1.32750603118365e-05,1.4126006158968e-05,1.22521333757848e-05,1.23737434743719e-05,97504915.9075659,7306778318558.29,97.5049159075659
BONK,2024-02-12,1.23737434743719e-05,1.33310641259439e-05,1.17810088857874e-05,1.32112530764783e-05,98533227.3314471,7800717877421.85,98.5332273314471
BONK,2024-02-13,1.32112530764783e-05,1.35187502096437e-05,1.22340044145988e-05,1.25433709244072e-05,66319232.1162454,5189051761020.28,66.3192321162454
BONK,2024-02-14,1.25433709244072e-05,1.44621505513245e-05,1.23260643122227e-05,1.43165829286436e-05,106429871.84397,7872807182963.12,106.42987184397
BONK,2024-02-15,1.43165829286436e-05,1.46379391035266e-05,1.36239852556053e-05,1.38997583214501e-05,102052842.801124,7244510453211.09,102.052842801124
BONK,2024-02-16,1.38997583214501e-05,1.43473536965492e-05,1.28683729496442e-05,1.33117764569449e-05,65306064.0312459,4799450005156.47,65.3060640312459
BONK,2024-02-17,1.33117764569449e-05,1.34303821861886e-05,1.24349852283283e-05,1.28397370501795e-05,44879124.969682,3490915395961.09,44.879124969682
BONK,2024-02-18,1.28397370501795e-05,1.33066888106465e-05,1.26631961903523e-05,1.30476083065956e-05,36980238.2273375,2836301575427.88,36.9802382273375
BONK,2024-02-19,1.30476083065956e-05,1.33545670445559e-05,1.2837161440808e-05,1.30174906432592e-05,53875822.4525495,4120581461721.55,53.8758224525495
BONK,2024-02-20,1.30174906432592e-05,1.310056488981e-05,1.18877420591972e-05,1.23773432913112e-05,72622588.1830594,5781838425382.6,72.62258818305939
BONK,2024-02-21,1.23773432913112e-05,1.23774295944054e-05,1.12569922089211e-05,1.17735900110642e-05,51300364.4044585,4384728739337.68,51.3003644044585
BONK,2024-02-22,1.17735900110642e-05,1.21936940403058e-05,1.11837381545986e-05,1.16568355514731e-05,46041594.1497923,3898293608131.68,46.041594149792296
BONK,2024-02-23,1.16568355514731e-05,1.19007136133957e-05,1.11795220961958e-05,1.13502234443359e-05,48610815.0691671,4210285049503.14,48.6108150691671
BONK,2024-02-24,1.13502234443359e-05,1.18378259895613e-05,1.10748175180796e-05,1.16953718499169e-05,32726851.0200643,2834105470858.21,32.7268510200643
BONK,2024-02-25,1.16953718499169e-05,1.21237940821442e-05,1.141187160974e-05,1.19495864132644e-05,34380675.577329,2925870509265.6,34.380675577329
BONK,2024-02-26,1.19495864132644e-05,1.36213813955856e-05,1.16214955799795e-05,1.3448939941201e-05,105900605.254768,8345560843681.82,105.900605254768
BONK,2024-02-27,1.3448939941201e-05,1.60641303149007e-05,1.32328295640895e-05,1.48580787323211e-05,270919121.947674,18747439654774.3,270.919121947674
BONK,2024-02-28,1.48580787323211e-05,1.90447619235626e-05,1.36573955433665e-05,1.90228063338344e-05,404766475.320375,25160673607524.3,404.76647532037504
BONK,2024-02-29,1.90228063338344e-05,2.55849852187011e-05,1.85733758047819e-05,2.21102409710022e-05,798782858.612883,35998826376907.5,798.7828586128829
BONK,2024-03-01,2.21102409710022e-05,2.61764272907776e-05,2.07368895379956e-05,2.48748355132005e-05,504142329.939209,21311549601489.0,504.142329939209
BONK,2024-03-02,2.48748355132005e-05,2.92657757434117e-05,2.28704363745719e-05,2.43997086482078e-05,519822211.495061,20587620714543.3,519.822211495061
BONK,2024-03-03,2.43997086482078e-05,2.73089561469733e-05,2.02260317955646e-05,2.7245915999029e-05,489425968.123582,19856903040359.3,489.425968123582
BONK,2024-03-04,2.7245915999029e-05,4.74732911901386e-05,2.57729125434956e-05,3.76426622943307e-05,1681596793.19895,46383037547555.2,1681.59679319895
BONK,2024-03-05,3.76426622943307e-05,4.21461912222181e-05,2.55982657564201e-05,3.06862995509441e-05,1177256555.58951,34228443630393.9,1177.25655558951
BONK,2024-03-06,3.06862995509441e-05,3.69015037741697e-05,2.83144654360032e-05,3.00343069753106e-05,585769998.020794,17914258664108.3,585.769998020794
BONK,2024-03-07,3.00343069753106e-05,3.08286169690875e-05,2.65700295937858e-05,2.70589659878078e-05,479109800.622129,16836297784412.1,479.109800622129
BONK,2024-03-08,2.70589659878078e-05,3.50147225753034e-05,2.70589264686716e-05,3.18657119267694e-05,801891721.001141,25106369572188.1,801.8917210011409
BONK,2024-03-09,3.18657119267694e-05,3.45201048636692e-05,3.03456116701818e-05,3.40098850141609e-05,419934366.961603,13070330688488.6,419.93436696160296
BONK,2024-03-10,3.40098850141609e-05,3.4009894129471e-05,2.96754528944068e-05,3.11193163110371e-05,309066072.81684,9740961977724.83,309.06607281684
BONK,2024-03-11,3.11193163110371e-05,3.26935601342111e-05,2.89073448903885e-05,3.10284081441298e-05,302047717.392013,9840839115768.81,302.047717392013
BONK,2024-03-12,3.10284081441298e-05,3.20405756377913e-05,2.69569331616539e-05,2.88730671074217e-05,281410264.399826,9517964117803.58,281.41026439982596
BONK,2024-03-13,2.88730671074217e-05,3.29818258130927e-05,2.83794078431365e-05,3.1909567363306e-05,441750151.511153,14431201944709.3,441.750151511153
BONK,2024-03-14,3.1909567363306e-05,3.67080118364825e-05,3.05795372050759e-05,3.41013018504547e-05,788151893.390613,23237873565395.8,788.1518933906129
BONK,2024-03-15,3.41013018504547e-05,3.65626551950311e-05,2.82332511362967e-05,2.96228818111808e-05,523511778.950348,16645388495660.3,523.511778950348
BONK,2024-03-16,2.96228818111808e-05,3.05362257185232e-05,2.42587167024577e-05,2.51239001277655e-05,309593448.630415,11125284607767.1,309.593448630415
BONK,2024-03-17,2.51239001277655e-05,2.86815146992308e-05,2.38336864947366e-05,2.81783225686669e-05,253927663.805611,9717611814188.27,253.92766380561102
BONK,2024-03-18,2.81783225686669e-05,2.81838910617026e-05,2.30109129386242e-05,2.36226421968539e-05,199623075.942854,7921620462514.6,199.623075942854
BONK,2024-03-19,2.36226421968539e-05,2.40731467298756e-05,1.95784796423188e-05,2.1619890619903e-05,291360314.5159,13494209706589.2,291.36031451590003
BONK,2024-03-20,2.1619890619903e-05,2.49180914574896e-05,2.04980177704021e-05,2.44986647982551e-05,236011455.192798,10464884826092.6,236.011455192798
BONK,2024-03-21,2.44986647982551e-05,2.46250610458826e-05,2.21889543899015e-05,2.28542941515353e-05,179106212.28464,7612156806658.09,179.10621228464
BONK,2024-03-22,2.28542941515353e-05,2.43631678996853e-05,2.10953471985472e-05,2.17418093939848e-05,123029682.417166,5502481683940.93,123.029682417166
BONK,2024-03-23,2.17418093939848e-05,2.33050607773204e-05,2.14882706797441e-05,2.20116840148275e-05,88904066.729518,3949262481407.19,88.904066729518
BONK,2024-03-24,2.20116840148275e-05,2.42642526323758e-05,2.18296850830187e-05,2.41204370378041e-05,101331409.880488,4402371152183.86,101.331409880488
BONK,2024-03-25,2.41204370378041e-05,2.61375337145501e-05,2.30749083982682e-05,2.52649515816376e-05,189678376.488037,7696793639649.05,189.678376488037
BONK,2024-03-26,2.52649515816376e-05,2.76815893938318e-05,2.51428493326431e-05,2.68931760670906e-05,261094912.866399,9945602124247.39,261.094912866399
BONK,2024-03-27,2.68931760670906e-05,2.73186246321324e-05,2.48526161172009e-05,2.58169736974652e-05,147742675.90815,5695777319152.65,147.74267590814998
BONK,2024-03-28,2.58169736974652e-05,2.94265694315033e-05,2.53448029106948e-05,2.83701461281167e-05,273219611.474328,9927348922045.86,273.21961147432796
BONK,2024-03-29,2.83701461281167e-05,2.92401331760084e-05,2.61433038022185e-05,2.63545229066302e-05,156266050.009658,5678941632833.44,156.26605000965802
BONK,2024-03-30,2.63545229066302e-05,2.92034163851671e-05,2.61691216275041e-05,2.70821338769781e-05,190359295.459595,6887712738144.13,190.359295459595
BONK,2024-03-31,2.70821338769781e-05,2.83523192347581e-05,2.69490663887294e-05,2.81320709680513e-05,116444145.943062,4200296115829.66,116.44414594306201
BONK,2024-04-01,2.81320709680513e-05,2.81321779632788e-05,2.4883854372256e-05,2.57900891285525e-05,133831187.352705,5121328050048.21,133.831187352705
BONK,2024-04-02,2.57900891285525e-05,2.57945837324325e-05,2.23515876703176e-05,2.26768140840499e-05,127066974.746335,5408427261953.11,127.066974746335
BONK,2024-04-03,2.26768140840499e-05,2.36498990369931e-05,2.17412848438382e-05,2.23899987101167e-05,99614124.3442228,4338610692146.18,99.6141243442228
BONK,2024-04-04,2.23899987101167e-05,2.44314762922824e-05,2.19545355114242e-05,2.32113713409196e-05,97251583.2036051,4175135628293.2,97.2515832036051
BONK,2024-04-05,2.32113713409196e-05,2.32114295653712e-05,2.12813420407169e-05,2.18228776700193e-05,68295868.1023591,3102435521444.74,68.2958681023591
BONK,2024-04-06,2.18228776700193e-05,2.30067487656682e-05,2.16665943280808e-05,2.27222019246546e-05,48576377.035843,2155269209227.68,48.576377035843
BONK,2024-04-07,2.27222019246546e-05,2.4175026681356e-05,2.26203845886646e-05,2.3528824704844e-05,75326295.3057325,3204974851216.72,75.3262953057325
BONK,2024-04-08,2.3528824704844e-05,2.48475153574863e-05,2.29155244149728e-05,2.44421065709495e-05,91513783.6689385,3790023382077.06,91.5137836689385
BONK,2024-04-09,2.44421065709495e-05,2.47238441604005e-05,2.20793996121343e-05,2.22563065626804e-05,80913837.7944975,3492912636669.43,80.91383779449751
BONK,2024-04-10,2.22563065626804e-05,2.29081674139911e-05,2.08040332490542e-05,2.2729268101057e-05,82852888.2533297,3788114487819.63,82.8528882533297
BONK,2024-04-11,2.2729268101057e-05,2.27295325416735e-05,2.14104799181955e-05,2.16821073447146e-05,63839939.1453998,2904285637292.78,63.8399391453998
BONK,2024-04-12,2.16821073447146e-05,2.21100768284002e-05,1.51472151727731e-05,1.73965450726965e-05,148558485.700387,8044950068674.57,148.558485700387
BONK,2024-04-13,1.73965450726965e-05,1.76506853990531e-05,1.25663829866889e-05,1.53698955425277e-05,165841055.240553,10790445201536.9,165.841055240553
BONK,2024-04-14,1.53698955425277e-05,1.66465774977354e-05,1.45739476834874e-05,1.62739767295717e-05,102533836.732929,6547838233237.64,102.533836732929
BONK,2024-04-15,1.62739767295717e-05,1.70716496079602e-05,1.41896647403361e-05,1.46858063426391e-05,96240650.7268999,6174718997098.68,96.2406507268999
BONK,2024-04-16,1.46858063426391e-05,1.4880863949718e-05,1.37618691566675e-05,1.4693556398172e-05,80281130.7947206,5595923346027.92,80.28113079472061
BONK,2024-04-17,1.4693556398172e-05,1.50604489009321e-05,1.3652757236063e-05,1.39514630319995e-05,55630583.1367721,3890930071165.57,55.6305831367721
BONK,2024-04-18,1.39514630319995e-05,1.49170677849246e-05,1.35876763821362e-05,1.47395254191484e-05,53984221.7810505,3769410267915.15,53.9842217810505
BONK,2024-04-19,1.47395254191484e-05,1.52735251100757e-05,1.32544387311825e-05,1.48156374230266e-05,79485865.2696954,5432307642605.22,79.4858652696954
BONK,2024-04-20,1.48156374230266e-05,1.98530446134082e-05,1.44960218117139e-05,1.95495814157554e-05,155745086.51931,8969358088519.69,155.74508651931
BONK,2024-04-21,1.95495814157554e-05,2.21126076860402e-05,1.86524633899196e-05,2.08539604365615e-05,355111660.568837,17072744284082.7,355.111660568837
BONK,2024-04-22,2.08539604365615e-05,2.15843598203999e-05,1.96206680980313e-05,2.02509872580097e-05,151099661.743567,7331555897932.72,151.099661743567
BONK,2024-04-23,2.02509872580097e-05,2.49104273090631e-05,1.98902884129518e-05,2.47624145121024e-05,270603367.382877,12089138177455.9,270.60336738287697
BONK,2024-04-24,2.47624145121024e-05,2.84614566509354e-05,2.38622215925856e-05,2.45028469515449e-05,546141050.443008,20702902760755.5,546.141050443008
BONK,2024-04-25,2.45028469515449e-05,2.9594055504771e-05,2.28119218294996e-05,2.68482769268835e-05,476049943.190804,17870781878101.5,476.049943190804
BONK,2024-04-26,2.68482769268835e-05,2.78079798218103e-05,2.48709162957933e-05,2.55393313276887e-05,397218571.586411,15100560230513.9,397.218571586411
BONK,2024-04-27,2.55393313276887e-05,2.67673061512851e-05,2.33799396631606e-05,2.45073763991452e-05,288596075.637332,11564809925165.4,288.59607563733204
BONK,2024-04-28,2.45073763991452e-05,2.75499736431602e-05,2.45072859847573e-05,2.51625501856711e-05,226075708.783408,8715147314124.95,226.07570878340798
BONK,2024-04-29,2.51625501856711e-05,2.58242115928624e-05,2.38636394718464e-05,2.54780067127409e-05,234354809.106125,9500730499537.07,234.354809106125
BONK,2024-04-30,2.54780067127409e-05,2.59563564781247e-05,2.16164394317577e-05,2.26908760324053e-05,242561939.056633,10399948757522.0,242.561939056633
BONK,2024-05-01,2.26908760324053e-05,2.44462994648747e-05,2.06339032181914e-05,2.29455612288823e-05,368481650.329178,16471577215876.1,368.48165032917797
BONK,2024-05-02,2.29455612288823e-05,2.60175655215649e-05,2.15351520538175e-05,2.53175423996707e-05,396421529.23955,16481035150565.8,396.42152923955
BONK,2024-05-03,2.53175423996707e-05,2.78954941082359e-05,2.48547281576384e-05,2.72199495609358e-05,383815493.970353,14402441502469.2,383.81549397035303
BONK,2024-05-04,2.72199495609358e-05,2.92896015236167e-05,2.71804119190288e-05,2.7522110527553e-05,306097143.760266,10879061090021.3,306.097143760266
BONK,2024-05-05,2.7522110527553e-05,2.78573825512594e-05,2.62419820131642e-05,2.63932948300163e-05,167970791.20132,6247164495216.63,167.97079120132
BONK,2024-05-06,2.63932948300163e-05,2.78593734104354e-05,2.46699156523033e-05,2.49485735677914e-05,261537708.792186,10057506547795.6,261.537708792186
BONK,2024-05-07,2.49485735677914e-05,2.55817464830295e-05,2.3745395411366e-05,2.38047431259122e-05,151298979.741283,6090354180332.63,151.298979741283
BONK,2024-05-08,2.38047431259122e-05,2.4603339057066e-05,2.28157537221418e-05,2.33801279916844e-05,132685759.240683,5600837004460.58,132.685759240683
BONK,2024-05-09,2.33801279916844e-05,2.51556464559141e-05,2.28712525533338e-05,2.4527360459736e-05,157549227.144242,6521649901875.41,157.549227144242
BONK,2024-05-10,2.4527360459736e-05,2.53742373416558e-05,2.25329832119146e-05,2.29013225656852e-05,200167258.236117,8491440153838.21,200.167258236117
BONK,2024-05-11,2.29013225656852e-05,2.36904380463178e-05,2.26362335388025e-05,2.29346902110399e-05,88428870.796956,3824196447619.94,88.428870796956
BONK,2024-05-12,2.29346902110399e-05,2.33673956154312e-05,2.25933119884524e-05,2.27774280675874e-05,54671815.109688,2381943439197.75,54.671815109688
BONK,2024-05-13,2.27774280675874e-05,2.53810464913548e-05,2.15122604777902e-05,2.33179182034349e-05,248179622.548129,10480121950546.8,248.179622548129
BONK,2024-05-14,2.33179182034349e-05,2.47362750371527e-05,2.25773960950808e-05,2.29170667472601e-05,219346404.991476,9298532560334.79,219.346404991476
BONK,2024-05-15,2.29170667472601e-05,2.52063654809128e-05,2.29137031832676e-05,2.48644365576724e-05,237315872.848658,9780478599872.06,237.315872848658
BONK,2024-05-16,2.48644365576724e-05,2.64434707462643e-05,2.35444865874624e-05,2.38866339104611e-05,246546208.078468,9869114602931.7,246.546208078468
BONK,2024-05-17,2.38866339104611e-05,2.52242764818137e-05,2.35443867288157e-05,2.44192520007869e-05,121226947.716362,4980593877397.32,121.226947716362
BONK,2024-05-18,2.44192520007869e-05,2.69588015355271e-05,2.36109389946926e-05,2.62867192265641e-05,208775432.492521,8285556285659.6,208.775432492521
BONK,2024-05-19,2.62867192265641e-05,2.83268787979597e-05,2.5035237179734e-05,2.51958500382465e-05,348897476.431204,12961953107453.0,348.89747643120404
BONK,2024-05-20,2.51958500382465e-05,3.09389504014012e-05,2.44235822577511e-05,3.04657984213571e-05,390835264.003315,14458468266837.9,390.835264003315
BONK,2024-05-21,3.04657984213571e-05,3.43820249970077e-05,3.00867748691535e-05,3.2895454091179e-05,743322062.066536,23294487946080.9,743.322062066536
BONK,2024-05-22,3.2895454091179e-05,3.47617837421084e-05,3.09527052267256e-05,3.23718340891012e-05,465822124.079326,14277077237764.3,465.822124079326
BONK,2024-05-23,3.23718340891012e-05,3.74383960785421e-05,3.17637377832175e-05,3.52123596517751e-05,709254598.34389,20259243911557.6,709.2545983438899
BONK,2024-05-24,3.52123596517751e-05,3.58508976351081e-05,3.21035920075962e-05,3.31617666138189e-05,334794518.82738,9911935017475.67,334.79451882738
BONK,2024-05-25,3.31617666138189e-05,3.71672388818684e-05,3.31494034718402e-05,3.49749389704114e-05,316820997.311357,8933143207399.84,316.820997311357
BONK,2024-05-26,3.49749389704114e-05,3.6038910109628e-05,3.37859016752299e-05,3.39341577560449e-05,235351474.226966,6759142687892.9,235.351474226966
BONK,2024-05-27,3.39341577560449e-05,3.94972514956807e-05,3.39007038196965e-05,3.91729291553467e-05,509924850.291357,13535050871353.1,509.92485029135696
BONK,2024-05-28,3.91729291553467e-05,4.44039859383606e-05,3.71922589158371e-05,4.10994846075218e-05,699537423.61719,17231126069319.7,699.53742361719
BONK,2024-05-29,4.10994846075218e-05,4.39023993379417e-05,3.60641899284344e-05,3.6322506552083e-05,496193921.453764,12508137324001.2,496.193921453764
BONK,2024-05-30,3.6322506552083e-05,3.75860683213005e-05,3.23443494355653e-05,3.38464256836668e-05,537041693.91462,15546274877872.5,537.04169391462
BONK,2024-05-31,3.38464256836668e-05,3.64496835164198e-05,3.30344636947027e-05,3.43969339425323e-05,326220555.223906,9422132364400.63,326.220555223906
BONK,2024-06-01,3.43969339425323e-05,3.52843726513941e-05,3.31132647474398e-05,3.31160442993821e-05,176264065.773992,5148815378817.31,176.264065773992
BONK,2024-06-02,3.31160442993821e-05,3.36594258247672e-05,3.072399039778e-05,3.16901241639318e-05,203741125.481763,6287550569503.34,203.741125481763
BONK,2024-06-03,3.16901241639318e-05,3.51431271203669e-05,3.0921302154108e-05,3.19805926444727e-05,374434635.988528,11213940668276.2,374.434635988528
BONK,2024-06-04,3.19805926444727e-05,3.37264496835909e-05,3.15224424509315e-05,3.31373068523639e-05,263837411.967369,8139597415754.64,263.837411967369
BONK,2024-06-05,3.31373068523639e-05,3.57649102487675e-05,3.28604760701833e-05,3.39564576304951e-05,374407069.990931,10926244205296.0,374.40706999093095
BONK,2024-06-06,3.39564576304951e-05,3.40758672325762e-05,3.17357663213626e-05,3.17874965894839e-05,188188553.432937,5689155721633.28,188.188553432937
BONK,2024-06-07,3.17874965894839e-05,3.23253506881749e-05,2.52861935303063e-05,2.88267070968114e-05,361182529.199723,12180994322106.9,361.182529199723
BONK,2024-06-08,2.88267070968114e-05,2.98685094584359e-05,2.70871595823293e-05,2.74108953159175e-05,220384078.106093,7780082591377.99,220.384078106093
BONK,2024-06-09,2.74108953159175e-05,2.9133166996498e-05,2.72475292991236e-05,2.85901224824871e-05,145448362.298556,5138255868823.99,145.448362298556
BONK,2024-06-10,2.85901224824871e-05,2.87692097494954e-05,2.68245525066775e-05,2.70825350207571e-05,164462796.111398,5931659375383.41,164.462796111398
BONK,2024-06-11,2.70825350207571e-05,2.83110380499945e-05,2.56301410935916e-05,2.71416611856523e-05,292624537.281197,10821159209668.3,292.62453728119704
BONK,2024-06-12,2.71416611856523e-05,3.08033182223445e-05,2.57793511017674e-05,2.89532291020704e-05,346218233.824626,11984220336648.7,346.21823382462605
BONK,2024-06-13,2.89532291020704e-05,2.89573061087385e-05,2.51103121520161e-05,2.56141660693987e-05,230466423.287857,8656463412790.42,230.466423287857
BONK,2024-06-14,2.56141660693987e-05,2.63646859095891e-05,2.32559146935012e-05,2.42230835283736e-05,207895787.871455,8369355630496.25,207.895787871455
BONK,2024-06-15,2.42230835283736e-05,2.54771331425666e-05,2.40248502234842e-05,2.44744581856807e-05,106276957.621602,4274162053056.2,106.276957621602
BONK,2024-06-16,2.44744581856807e-05,2.56183869833072e-05,2.39586024039792e-05,2.52612213861437e-05,85136543.756825,3413357152058.45,85.136543756825
BONK,2024-06-17,2.52612213861437e-05,2.56320198446634e-05,2.19131425370967e-05,2.29806615928511e-05,190854681.361143,8103502594642.23,190.85468136114298
BONK,2024-06-18,2.29806615928511e-05,2.30778412986238e-05,1.99710563070525e-05,2.11141898799737e-05,218985047.110589,10436511348107.1,218.985047110589
BONK,2024-06-19,2.11141898799737e-05,2.26444909487316e-05,2.06899810289975e-05,2.11000181714014e-05,148733766.543002,6879268774248.15,148.73376654300202
BONK,2024-06-20,2.11000181714014e-05,2.27421237413032e-05,2.08525151816401e-05,2.11430956322597e-05,146900326.892393,6774606593347.4,146.900326892393
BONK,2024-06-21,2.11430956322597e-05,2.13922381749631e-05,1.97065767205139e-05,2.03844548659418e-05,149074025.717521,7292168047684.36,149.074025717521
BONK,2024-06-22,2.03844548659418e-05,2.12668435542163e-05,1.99755799324315e-05,2.06571157189585e-05,83016591.76244,4016533717928.59,83.01659176244
BONK,2024-06-23,2.06571157189585e-05,2.14259918628353e-05,1.98364030612175e-05,1.9967326028083e-05,82382255.1938793,3985713259650.8,82.3822551938793
BONK,2024-06-24,1.9967326028083e-05,2.19282442043244e-05,1.84455214269053e-05,2.17640029049695e-05,205765526.974924,10247695133004.9,205.765526974924
BONK,2024-06-25,2.17640029049695e-05,2.38790589441658e-05,2.1671680128017e-05,2.32530391013037e-05,220199205.82117,9664039527887.0,220.19920582117
BONK,2024-06-26,2.32530391013037e-05,2.40104978204065e-05,2.18631646984276e-05,2.1887990684994e-05,144589998.080876,6350269075017.22,144.589998080876
BONK,2024-06-27,2.1887990684994e-05,2.51014130687783e-05,2.14733967742496e-05,2.46318829041645e-05,220224654.27969,9448935789504.29,220.22465427969
BONK,2024-06-28,2.46318829041645e-05,2.48710357340404e-05,2.21918570058034e-05,2.25714926686957e-05,156346407.270133,6695754398044.82,156.346407270133
BONK,2024-06-29,2.25714926686957e-05,2.31796850763394e-05,2.19165247390312e-05,2.23055410013578e-05,94102104.3617006,4143158058897.35,94.1021043617006
BONK,2024-06-30,2.23055410013578e-05,2.31184106590182e-05,2.15111652807285e-05,2.26315837586061e-05,100121509.136782,4511569680976.08,100.12150913678201
BONK,2024-07-01,2.26315837586061e-05,2.6121841196357e-05,2.24791588866152e-05,2.55684033631602e-05,260008933.401498,10640677107021.0,260.008933401498
BONK,2024-07-02,2.55684033631602e-05,2.71713608469672e-05,2.48467270334929e-05,2.53839416541442e-05,294264547.698889,11348428587908.8,294.26454769888903
BONK,2024-07-03,2.53839416541442e-05,2.56813137781526e-05,2.17024691698062e-05,2.24535822105035e-05,226600336.209407,9599612601342.16,226.600336209407
BONK,2024-07-04,2.24535822105035e-05,2.28433183668117e-05,2.06016355144355e-05,2.06921265013343e-05,233838283.479127,10707639491954.8,233.838283479127
BONK,2024-07-05,2.06921265013343e-05,2.30155781142618e-05,1.83168709297483e-05,2.18636044710735e-05,330988681.382813,16054234708434.5,330.98868138281296
BONK,2024-07-06,2.18636044710735e-05,2.3867368449411e-05,2.13630522769259e-05,2.31797025168478e-05,196981597.101094,8709503592023.2,196.981597101094
BONK,2024-07-07,2.31797025168478e-05,2.32102703817524e-05,2.09578810111392e-05,2.11091958388171e-05,158478806.810689,7154329318292.55,158.478806810689
BONK,2024-07-08,2.11091958388171e-05,2.53037662047702e-05,1.99684949271976e-05,2.39766950741583e-05,412948861.575574,17774962626708.9,412.94886157557397
BONK,2024-07-09,2.39766950741583e-05,2.68721342106183e-05,2.38092212006281e-05,2.59328897761495e-05,360914127.866241,13930172500993.3,360.91412786624096
BONK,2024-07-10,2.59328897761495e-05,2.69041400973009e-05,2.53800219054668e-05,2.64554069001607e-05,191865583.07817,7311970024318.84,191.86558307817
BONK,2024-07-11,2.64554069001607e-05,2.76790197827953e-05,2.33654938064601e-05,2.35333150423693e-05,290822334.854882,11431168535834.0,290.822334854882
BONK,2024-07-12,2.35333150423693e-05,2.37609283052121e-05,2.20290490922586e-05,2.25905920730531e-05,200006655.311932,8765871336865.34,200.006655311932
BONK,2024-07-13,2.25905920730531e-05,2.32214851852013e-05,2.20813778024513e-05,2.27553227150763e-05,129451608.779969,5707518302994.96,129.451608779969
BONK,2024-07-14,2.27553227150763e-05,2.43432082760724e-05,2.27530723540732e-05,2.40437620337331e-05,181609549.221394,7692894070208.28,181.609549221394
BONK,2024-07-15,2.40437620337331e-05,2.69554440745059e-05,2.39383914239762e-05,2.67033640698079e-05,278553274.317631,11146336866214.2,278.553274317631
BONK,2024-07-16,2.67033640698079e-05,2.88230537802264e-05,2.53996976429866e-05,2.86072023537473e-05,450683250.967918,16542367710254.9,450.68325096791796
BONK,2024-07-17,2.86072023537473e-05,2.95225955410305e-05,2.66057587084152e-05,2.66887635968315e-05,257094374.691409,9174855558252.93,257.094374691409
BONK,2024-07-18,2.66887635968315e-05,2.81573286005852e-05,2.57778630063446e-05,2.6858659989936e-05,248285232.789378,9215114489871.7,248.285232789378
BONK,2024-07-19,2.6858659989936e-05,3.23045146885008e-05,2.59290335117715e-05,3.15139775826578e-05,459109485.902716,15549605947588.4,459.10948590271596
BONK,2024-07-20,3.15139775826578e-05,3.24885704154083e-05,2.98400964029267e-05,3.09657981274393e-05,296713966.393511,9516990740991.73,296.713966393511
BONK,2024-07-21,3.09657981274393e-05,3.38182163521892e-05,2.93031722952719e-05,3.24890212860679e-05,296163309.249271,9486991235736.34,296.163309249271
BONK,2024-07-22,3.24890212860679e-05,3.25808244476377e-05,2.95963771825375e-05,3.00360432880926e-05,254742924.218933,8220349731652.76,254.74292421893298
BONK,2024-07-23,3.00360432880926e-05,3.02511090512583e-05,2.73428245324523e-05,2.8262915557946e-05,283281550.433493,9929243608448.69,283.281550433493
BONK,2024-07-24,2.8262915557946e-05,2.97660855449441e-05,2.71210355594544e-05,2.74904646233397e-05,242592148.824174,8523732901935.45,242.592148824174
BONK,2024-07-25,2.74904646233397e-05,2.78505220637295e-05,2.55108217662313e-05,2.70408593613106e-05,241972296.854044,9021114908355.52,241.972296854044
BONK,2024-07-26,2.70408593613106e-05,2.88992002675958e-05,2.69030933602912e-05,2.86481668720659e-05,181902475.751518,6452525117485.19,181.902475751518
BONK,2024-07-27,2.86481668720659e-05,3.04744176425338e-05,2.74506414618651e-05,2.82937249236531e-05,223437120.921544,7713720537670.99,223.437120921544
BONK,2024-07-28,2.82937249236531e-05,2.87080358598665e-05,2.75739336750431e-05,2.80342255984904e-05,107327945.140641,3804631603991.41,107.327945140641
BONK,2024-07-29,2.80342255984904e-05,2.93962328429287e-05,2.68978198619685e-05,2.69564274778104e-05,193273136.247732,6820766530613.34,193.27313624773203
BONK,2024-07-30,2.69564274778104e-05,2.7982081318944e-05,2.56557791198623e-05,2.59574056071003e-05,169637480.194604,6336787405719.3,169.637480194604
BONK,2024-07-31,2.59574056071003e-05,2.68944005780079e-05,2.44945610277219e-05,2.45293096549242e-05,143690109.912566,5550551610437.05,143.69010991256602
BONK,2024-08-01,2.45293096549242e-05,2.51403049141582e-05,2.23371595060184e-05,2.50145984232795e-05,195947041.6624,8264075218876.09,195.9470416624
BONK,2024-08-02,2.50145984232795e-05,2.53690195945319e-05,2.21305820531585e-05,2.24087600733469e-05,229422321.856743,9759220219032.9,229.422321856743
BONK,2024-08-03,2.24087600733469e-05,2.27834082883885e-05,2.02429746972776e-05,2.10137713599672e-05,163082725.49771,7551832529968.23,163.08272549771
BONK,2024-08-04,2.10137713599672e-05,2.15085663808393e-05,1.87032111966017e-05,1.98450799660968e-05,180449718.75163,8926377598010.7,180.44971875163
BONK,2024-08-05,1.98450799660968e-05,2.01792274277211e-05,1.55840155558055e-05,1.79171462154319e-05,439576111.582618,24721693740770.5,439.576111582618
BONK,2024-08-06,1.79171462154319e-05,2.09912880883517e-05,1.78953298531526e-05,1.9884232727074e-05,247892854.195846,12435994398660.3,247.89285419584598
BONK,2024-08-07,1.9884232727074e-05,2.17966550478776e-05,1.89647595922849e-05,1.91044331404904e-05,268165535.259893,13034408289738.9,268.165535259893
BONK,2024-08-08,1.91044331404904e-05,2.18134673612271e-05,1.8551276071152e-05,2.17512567363391e-05,200828477.542769,9808370178806.35,200.828477542769
BONK,2024-08-09,2.17512567363391e-05,2.17599746724584e-05,2.00005357701278e-05,2.08302010509723e-05,141112894.908182,6797201763373.47,141.112894908182
BONK,2024-08-10,2.08302010509723e-05,2.12129557280579e-05,2.02760190158671e-05,2.04657513223257e-05,71622697.3488641,3475267344777.46,71.6226973488641
BONK,2024-08-11,2.04657513223257e-05,2.11742943845835e-05,1.87660648235177e-05,1.8849595565105e-05,109602085.869672,5478364646397.19,109.602085869672
BONK,2024-08-12,1.8849595565105e-05,2.04357608690585e-05,1.88250953655232e-05,2.00215433967327e-05,124236946.910054,6312963310903.88,124.236946910054
BONK,2024-08-13,2.00215433967327e-05,2.0224578044901e-05,1.92835625343883e-05,1.9824043310289e-05,91534557.1022436,4637480931020.07,91.5345571022436
BONK,2024-08-14,1.9824043310289e-05,2.03284078252022e-05,1.89599295744955e-05,1.92447754443703e-05,120222468.546303,6177908561418.45,120.222468546303
BONK,2024-08-15,1.92447754443703e-05,1.97524602119799e-05,1.80718545501577e-05,1.85978189460317e-05,118804046.091241,6274778753751.17,118.804046091241
BONK,2024-08-16,1.85978189460317e-05,1.88077683901067e-05,1.72146298681565e-05,1.75761582515289e-05,100541428.33496,5581000665452.81,100.54142833496
BONK,2024-08-17,1.75761582515289e-05,1.81144202116234e-05,1.73945222101666e-05,1.79712305007951e-05,62876927.8188304,3538863749923.12,62.8769278188304
BONK,2024-08-18,1.79712305007951e-05,1.83482093472545e-05,1.76779676401823e-05,1.768782396422e-05,59432112.5621018,3288519533706.34,59.43211256210181
BONK,2024-08-19,1.768782396422e-05,1.78949953609985e-05,1.70526269391361e-05,1.784103863736e-05,89419859.622098,5108893453719.08,89.419859622098
BONK,2024-08-20,1.784103863736e-05,1.91000056023954e-05,1.76993468838646e-05,1.81744715978923e-05,126477896.816611,6877052565858.32,126.47789681661101
BONK,2024-08-21,1.81744715978923e-05,1.8885496939713e-05,1.76947292958455e-05,1.85684555395364e-05,83423526.2292294,4557599942678.55,83.42352622922941
BONK,2024-08-22,1.85684555395364e-05,1.92580646558415e-05,1.82436885577155e-05,1.89457746301627e-05,84038210.4822383,4471302979357.0,84.0382104822383
BONK,2024-08-23,1.89457746301627e-05,2.10545061982072e-05,1.87620376540927e-05,2.07483284939536e-05,150709600.453186,7631378969120.9,150.709600453186
BONK,2024-08-24,2.07483284939536e-05,2.32356685685386e-05,2.03833939198609e-05,2.20100878383335e-05,184733777.009018,8475535747519.49,184.733777009018
BONK,2024-08-25,2.20100878383335e-05,2.20188773889435e-05,2.02623588165932e-05,2.10593319222279e-05,107393325.277842,5090727401992.97,107.393325277842
BONK,2024-08-26,2.10593319222279e-05,2.13213646005258e-05,1.96338976173634e-05,1.96934689841641e-05,108910192.176805,5327143815824.73,108.910192176805
BONK,2024-08-27,1.96934689841641e-05,2.03085622995144e-05,1.80159624513926e-05,1.82729179514731e-05,113531473.301383,5875878559162.65,113.531473301383
BONK,2024-08-28,1.82729179514731e-05,1.88475751190304e-05,1.76424786164596e-05,1.8111627065942e-05,114589000.947687,6288873089238.7,114.589000947687
BONK,2024-08-29,1.8111627065942e-05,1.90098551340548e-05,1.77864827928127e-05,1.80384147822295e-05,80419020.0521955,4361485337566.51,80.4190200521955
BONK,2024-08-30,1.80384147822295e-05,1.82154909461586e-05,1.69045274402593e-05,1.77502764209741e-05,85574597.9206154,4847089390017.23,85.5745979206154
BONK,2024-08-31,1.77502764209741e-05,1.79952827884345e-05,1.71424009884765e-05,1.73475415676828e-05,39551756.6297308,2251683454115.66,39.5517566297308
BONK,2024-09-01,1.73475415676828e-05,1.73978862981378e-05,1.63764646661415e-05,1.65004200359404e-05,56651328.9104768,3343625948951.5,56.6513289104768
BONK,2024-09-02,1.65004200359404e-05,1.76390621650948e-05,1.63758682912028e-05,1.75300334751294e-05,73999092.2713246,4353878015057.21,73.9990922713246
BONK,2024-09-03,1.75300334751294e-05,1.8093251807624e-05,1.6539280201615e-05,1.65592940240184e-05,68849660.4044977,3962264335236.92,68.8496604044977
BONK,2024-09-04,1.65592940240184e-05,1.73342877895434e-05,1.57295539840892e-05,1.68455576133825e-05,83297436.9349367,5020391010964.25,83.2974369349367
BONK,2024-09-05,1.68455576133825e-05,1.70951649719009e-05,1.58363517292865e-05,1.58369566996129e-05,73669073.8498003,4461316984031.7,73.6690738498003
BONK,2024-09-06,1.58369566996129e-05,1.66531334320284e-05,1.51107890296866e-05,1.58657461722872e-05,129482069.47393,8153764626172.94,129.48206947393
BONK,2024-09-07,1.58657461722872e-05,1.63860388237539e-05,1.56864920337569e-05,1.59145518041842e-05,58798999.364449,3658670975527.73,58.798999364449
BONK,2024-09-08,1.59145518041842e-05,1.67419283277417e-05,1.58485435045528e-05,1.64286357441933e-05,56083416.4811849,3446094398092.56,56.0834164811849
BONK,2024-09-09,1.64286357441933e-05,1.76499455293375e-05,1.61642006475198e-05,1.72028806745189e-05,90071704.8697164,5375275263241.63,90.0717048697164
BONK,2024-09-10,1.72028806745189e-05,1.76859931377448e-05,1.70401721944776e-05,1.72539304086541e-05,75290882.4805786,4343735481964.93,75.2908824805786
BONK,2024-09-11,1.72539304086541e-05,1.72781652492495e-05,1.61004454083368e-05,1.65918387105443e-05,78270474.0775445,4702586391975.69,78.27047407754449
BONK,2024-09-12,1.65918387105443e-05,1.73623448639298e-05,1.65903482681338e-05,1.70852971423274e-05,70345261.05926,4144899973883.55,70.34526105926
BONK,2024-09-13,1.70852971423274e-05,1.78961286631388e-05,1.674673797901e-05,1.76757890800512e-05,69729977.2748004,4055963158846.36,69.7299772748004
BONK,2024-09-14,1.76757890800512e-05,1.77140309161061e-05,1.70435020269835e-05,1.71683338344932e-05,46984335.1301722,2710306756609.78,46.9843351301722
BONK,2024-09-15,1.71683338344932e-05,1.7456813243747e-05,1.63285914234856e-05,1.64806183676212e-05,47934823.8467528,2817500861897.3,47.9348238467528
BONK,2024-09-16,1.64806183676212e-05,1.67822026619778e-05,1.60204508322723e-05,1.61776929838515e-05,51662213.8897253,3161486574437.08,51.6622138897253
BONK,2024-09-17,1.61776929838515e-05,1.68783810356793e-05,1.590501711894e-05,1.65518326791232e-05,54805712.9137351,3328959051602.34,54.8057129137351
BONK,2024-09-18,1.65518326791232e-05,1.69334258325444e-05,1.57565565652766e-05,1.69227416142369e-05,64488767.4468734,3945479700091.46,64.4887674468734
BONK,2024-09-19,1.69227416142369e-05,1.83339435957668e-05,1.67951835678845e-05,1.76199829839065e-05,128557200.522231,7336848296972.03,128.557200522231
BONK,2024-09-20,1.76199829839065e-05,1.86544880874369e-05,1.72770937618103e-05,1.82978549513139e-05,112894071.648322,6229259207889.47,112.894071648322
BONK,2024-09-21,1.82978549513139e-05,1.85678049942731e-05,1.76075319072125e-05,1.83868729435175e-05,69636268.3959892,3831731738113.46,69.63626839598919
BONK,2024-09-22,1.83868729435175e-05,1.84345744709144e-05,1.66395364585435e-05,1.71214020673341e-05,63071846.2612464,3619226747308.96,63.0718462612464
BONK,2024-09-23,1.71214020673341e-05,1.78029150440678e-05,1.67861686534115e-05,1.7632131073112e-05,73394619.4443007,4216136205480.03,73.3946194443007
BONK,2024-09-24,1.7632131073112e-05,1.87558421085908e-05,1.71953097185507e-05,1.85119036771599e-05,101650426.443351,5635418851279.35,101.650426443351
BONK,2024-09-25,1.85119036771599e-05,1.94972544345244e-05,1.83879247968304e-05,1.85440139127432e-05,138641963.144384,7317544455044.32,138.641963144384
BONK,2024-09-26,1.85440139127432e-05,2.10634029205564e-05,1.81652356197958e-05,2.09630413736568e-05,199006258.419188,10011259621183.4,199.006258419188
BONK,2024-09-27,2.09630413736568e-05,2.44987150636118e-05,2.08934348095455e-05,2.31690100454431e-05,324167328.873536,14270327613941.3,324.167328873536
BONK,2024-09-28,2.31690100454431e-05,2.44940618783717e-05,2.18317355256537e-05,2.40032644763407e-05,222459546.165384,9455310944066.56,222.45954616538398
BONK,2024-09-29,2.40032644763407e-05,2.48521114023339e-05,2.25647207200535e-05,2.29484814415043e-05,186729848.884213,7984287416618.81,186.729848884213
BONK,2024-09-30,2.29484814415043e-05,2.54209554842372e-05,2.23778629304012e-05,2.38423519867459e-05,424625674.546297,17564309892328.4,424.62567454629703
BONK,2024-10-01,2.38423519867459e-05,2.62028693099751e-05,2.1782815042739e-05,2.38751166250623e-05,530737562.165014,21790128265516.4,530.7375621650141
BONK,2024-10-02,2.38751166250623e-05,2.56801537480794e-05,2.05628902297497e-05,2.20282787841733e-05,437656388.229402,18902164594483.0,437.656388229402
BONK,2024-10-03,2.20282787841733e-05,2.32277531449585e-05,1.93565995115148e-05,1.98588301527191e-05,327525498.004805,15533661380817.6,327.525498004805
BONK,2024-10-04,1.98588301527191e-05,2.22032006315899e-05,1.96927106357094e-05,2.15142079172933e-05,260754811.766188,12326590367542.3,260.75481176618797
BONK,2024-10-05,2.15142079172933e-05,2.18369989376161e-05,2.02797169185826e-05,2.06007128872845e-05,113622402.500228,5377417246021.99,113.622402500228
BONK,2024-10-06,2.06007128872845e-05,2.21280446005843e-05,2.03509778330353e-05,2.19296055578416e-05,131253839.2641,6156925526946.95,131.2538392641
BONK,2024-10-07,2.19296055578416e-05,2.34004620068138e-05,2.11446536789296e-05,2.11785318333718e-05,252332065.823932,11207373779296.1,252.332065823932
BONK,2024-10-08,2.11785318333718e-05,2.15674522523142e-05,2.05579861561002e-05,2.09632591500667e-05,146645500.993119,6962858577884.95,146.64550099311901
BONK,2024-10-09,2.09632591500667e-05,2.13569879725748e-05,1.96632291553893e-05,1.9871468379402e-05,127523321.814456,6189394125594.88,127.523321814456
BONK,2024-10-10,1.9871468379402e-05,2.02894519747823e-05,1.92077703350862e-05,2.02776372742811e-05,116442020.70936,5874216721487.44,116.44202070936001
BONK,2024-10-11,2.02776372742811e-05,2.17933642831258e-05,2.01259353534969e-05,2.1559155890369e-05,126258919.003705,5999820517710.59,126.25891900370499
BONK,2024-10-12,2.1559155890369e-05,2.23676895304146e-05,2.134393332455e-05,2.17380387736812e-05,93919903.0616763,4291727864383.36,93.9199030616763
BONK,2024-10-13,2.17380387736812e-05,2.18713524806087e-05,2.06511766358294e-05,2.10742791437596e-05,81782499.5536557,3851228474394.14,81.7824995536557
BONK,2024-10-14,2.10742791437596e-05,2.34609381657579e-05,2.06980000162226e-05,2.31930439637044e-05,203493470.535397,9076429994396.56,203.493470535397
BONK,2024-10-15,2.31930439637044e-05,2.3848009645839e-05,2.1839299174426e-05,2.24727170508175e-05,270761710.387981,11945376855170.0,270.761710387981
BONK,2024-10-16,2.24727170508175e-05,2.51991377944427e-05,2.18065219727315e-05,2.43644440205546e-05,327716456.622611,13948784810969.4,327.71645662261096
BONK,2024-10-17,2.43644440205546e-05,2.4841028780867e-05,2.2195657075967e-05,2.23972175776487e-05,214973715.694835,9196580907097.45,214.973715694835
BONK,2024-10-18,2.23972175776487e-05,2.40405520905328e-05,2.23773685470257e-05,2.35986320522988e-05,169577677.954355,7222572937473.46,169.577677954355
BONK,2024-10-19,2.35986320522988e-05,2.46812927078716e-05,2.3061597842501e-05,2.34869074074624e-05,115093358.729606,4841252858590.46,115.09335872960601
BONK,2024-10-20,2.34869074074624e-05,2.43206041194164e-05,2.28082930642184e-05,2.41998425624983e-05,103611278.970921,4422180232631.19,103.61127897092099
BONK,2024-10-21,2.41998425624983e-05,2.50577231188732e-05,2.30208196882586e-05,2.33867210244614e-05,183923830.983434,7656404168585.73,183.923830983434
BONK,2024-10-22,2.33867210244614e-05,2.48952444288242e-05,2.25158279373397e-05,2.2734272190522e-05,222806869.428772,9434565378879.42,222.806869428772
BONK,2024-10-23,2.2734272190522e-05,2.28353414320931e-05,2.11125336620479e-05,2.18539206886703e-05,127288846.476571,5777104252084.62,127.288846476571
BONK,2024-10-24,2.18539206886703e-05,2.3105596279187e-05,2.17810678893981e-05,2.29220849617307e-05,118478561.82294,5251185041347.99,118.47856182294001
BONK,2024-10-25,2.29220849617307e-05,2.31769347471977e-05,1.99118942276703e-05,2.05154191120042e-05,158858123.336514,7293415939948.14,158.85812333651398
BONK,2024-10-26,2.05154191120042e-05,2.14451401621559e-05,2.00101407242326e-05,2.10795616289776e-05,84413624.4355038,4046971514532.04,84.41362443550379
BONK,2024-10-27,2.10795616289776e-05,2.16165726009127e-05,2.07786142065974e-05,2.13410394977363e-05,58582602.532695,2763568972114.39,58.582602532695006
BONK,2024-10-28,2.13410394977363e-05,2.18387816387718e-05,2.00082548488402e-05,2.12204364861179e-05,128007694.138168,6131716128204.97,128.007694138168
BONK,2024-10-29,2.12204364861179e-05,2.26674173879953e-05,2.11666209294192e-05,2.19377184002007e-05,136758508.088289,6236696233353.97,136.758508088289
BONK,2024-10-30,2.19377184002007e-05,2.25759039870974e-05,2.10605233905883e-05,2.11074457106238e-05,133070641.30839,6138885773022.73,133.07064130839
BONK,2024-10-31,2.11074457106238e-05,2.12213326957632e-05,2.00026019441442e-05,2.01888069770967e-05,86259330.0483991,4173772395272.87,86.25933004839911
BONK,2024-11-01,2.01888069770967e-05,2.04569641231132e-05,1.89091027593398e-05,1.92261171463263e-05,96927225.1747413,4903016300245.95,96.9272251747413
BONK,2024-11-02,1.92261171463263e-05,1.95648801854743e-05,1.86798138886187e-05,1.89986857719425e-05,50176129.0949167,2629061233005.75,50.1761290949167
BONK,2024-11-03,1.89986857719425e-05,1.90658034801359e-05,1.71142785448868e-05,1.80092264836108e-05,93957311.9706944,5250874863219.23,93.95731197069439
BONK,2024-11-04,1.80092264836108e-05,1.83931688978675e-05,1.71850656675124e-05,1.78230611068148e-05,75420973.6421614,4209015896796.94,75.4209736421614
BONK,2024-11-05,1.78230611068148e-05,1.98332823456528e-05,1.78085856869092e-05,1.91995118195447e-05,140906859.76644,7406583975536.03,140.90685976644
BONK,2024-11-06,1.91995118195447e-05,2.29412633237484e-05,1.91994375148021e-05,2.26120921010791e-05,383440579.075905,17560687779731.3,383.440579075905
BONK,2024-11-07,2.26120921010791e-05,2.33800675260665e-05,2.15887088928428e-05,2.26629659516826e-05,196727140.506805,8775291677259.93,196.727140506805
BONK,2024-11-08,2.26629659516826e-05,2.31651384511221e-05,2.13607433968063e-05,2.19134988507058e-05,190510656.408372,8566232128991.7,190.51065640837203
BONK,2024-11-09,2.19134988507058e-05,2.26322366795657e-05,2.13898873750053e-05,2.23809928438862e-05,145221732.930864,6576378375788.83,145.221732930864
BONK,2024-11-10,2.23809928438862e-05,2.78183884879391e-05,2.21661194839104e-05,2.54403560087753e-05,685286225.837685,27384610259084.8,685.286225837685
BONK,2024-11-11,2.54403560087753e-05,2.75317360603297e-05,2.46528243509484e-05,2.67317960832895e-05,577744734.908639,22023361993535.0,577.744734908639
BONK,2024-11-12,2.67317960832895e-05,3.99937466013567e-05,2.5174381117508e-05,3.72566722504404e-05,1505735598.51304,47537818493284.8,1505.73559851304
BONK,2024-11-13,3.72566722504404e-05,4.2424722061909e-05,3.10990553100406e-05,3.75647736110596e-05,1898501567.11757,51785074203670.2,1898.50156711757
BONK,2024-11-14,3.75647736110596e-05,4.40641874891709e-05,3.47415332023109e-05,3.55962921171537e-05,1455387232.2366,37317455726701.5,1455.3872322365999
BONK,2024-11-15,3.55962921171537e-05,4.89511946666244e-05,3.31355232437818e-05,4.5312783366231e-05,1261365366.03731,31751145992416.5,1261.36536603731
BONK,2024-11-16,4.5312783366231e-05,4.8628642838868e-05,3.85733283834715e-05,4.74035034218985e-05,1082888432.42664,25021615284984.1,1082.88843242664
BONK,2024-11-17,4.74035034218985e-05,5.65886619179494e-05,4.42556247862302e-05,5.1265739972446e-05,1677394395.08436,32855303344899.9,1677.39439508436
BONK,2024-11-18,5.1265739972446e-05,5.38461147203395e-05,4.55832380257095e-05,4.82613035039368e-05,1129831985.813,22528831156226.5,1129.831985813
BONK,2024-11-19,4.82613035039368e-05,5.76779888266214e-05,4.79006185241372e-05,5.23075791663489e-05,1299814448.10397,24656458736321.7,1299.81444810397
BONK,2024-11-20,5.23075791663489e-05,5.99024442522363e-05,4.80587004974488e-05,4.95097859596529e-05,1612426945.67703,29819706633980.9,1612.42694567703
BONK,2024-11-21,4.95097859596529e-05,5.43880431877591e-05,4.67178689939504e-05,5.35025107311806e-05,1220697285.61696,23857315856978.1,1220.69728561696
BONK,2024-11-22,5.35025107311806e-05,5.37918487332165e-05,4.81201451731345e-05,4.95588466663482e-05,693360383.532016,13686808395266.6,693.360383532016
BONK,2024-11-23,4.95588466663482e-05,5.28945052748823e-05,4.67071394114842e-05,4.76702807211179e-05,799357801.106028,16109314916902.9,799.357801106028
BONK,2024-11-24,4.76702807211179e-05,4.94924139809948e-05,4.28085999419906e-05,4.78059581098767e-05,675229258.517709,14566291079269.7,675.229258517709
BONK,2024-11-25,4.78059581098767e-05,4.84929584664975e-05,4.20987465729911e-05,4.33546294452653e-05,760230389.817733,15915300027074.9,760.230389817733
BONK,2024-11-26,4.33546294452653e-05,4.44996658068384e-05,3.99835534286034e-05,4.25172262705669e-05,546161979.549379,12887805473329.3,546.161979549379
BONK,2024-11-27,4.25172262705669e-05,4.49100831896232e-05,4.10686284927145e-05,4.38372681935872e-05,431679543.903475,10031461053127.9,431.679543903475
BONK,2024-11-28,4.38372681935872e-05,4.59235914552207e-05,4.21468053001916e-05,4.29370789640553e-05,346483477.222394,7963930835027.76,346.483477222394
BONK,2024-11-29,4.29370789640553e-05,4.81788885964138e-05,4.27268801084924e-05,4.66329200051589e-05,624379691.028944,13582033416208.1,624.379691028944
BONK,2024-11-30,4.66329200051589e-05,4.66329619448011e-05,4.47477141835686e-05,4.49199780335133e-05,341885048.043235,7502941927143.62,341.88504804323503
BONK,2024-12-01,4.49199780335133e-05,4.85309408546153e-05,4.41630472892728e-05,4.60354276684558e-05,458651795.545638,9921933785766.86,458.65179554563804
BONK,2024-12-02,4.60354276684558e-05,4.64808450918585e-05,4.14264077658483e-05,4.28209070775541e-05,519071002.054613,12030068477533.3,519.071002054613
BONK,2024-12-03,4.28209070775541e-05,4.38192453183038e-05,3.87293201840006e-05,4.15581893777258e-05,509111343.033847,12217913659053.1,509.111343033847
BONK,2024-12-04,4.15581893777258e-05,4.33852084789836e-05,4.02960720950454e-05,4.23927364996864e-05,471080858.482223,11178312926596.7,471.080858482223
BONK,2024-12-05,4.23927364996864e-05,4.40146940890624e-05,3.99004078075084e-05,4.27235111389798e-05,593355422.225158,13985186569241.3,593.355422225158
BONK,2024-12-06,4.27235111389798e-05,4.49690424682138e-05,4.14901759693808e-05,4.28508133529247e-05,463671921.649482,10690877423418.2,463.671921649482
BONK,2024-12-07,4.28508133529247e-05,4.84157963231586e-05,4.21445204465257e-05,4.65608599941865e-05,594515916.986602,13038426395654.9,594.515916986602
BONK,2024-12-08,4.65608599941865e-05,4.86798544708105e-05,4.4542388932345e-05,4.58227134312157e-05,397223134.246271,8583812738301.22,397.223134246271
BONK,2024-12-09,4.58227134312157e-05,4.63772047865969e-05,3.44778589733897e-05,3.90291498025995e-05,745548984.282813,17692785023967.8,745.548984282813
BONK,2024-12-10,3.90291498025995e-05,4.00958485365212e-05,3.26030666950482e-05,3.58620446446787e-05,556937826.412186,15348357863954.2,556.937826412186
BONK,2024-12-11,3.58620446446787e-05,4.01276960647115e-05,3.41030946840299e-05,3.93463455394548e-05,347999603.856445,9255105860569.86,347.999603856445
BONK,2024-12-12,3.93463455394548e-05,4.08192145112363e-05,3.74919174573959e-05,3.78598321475105e-05,317315286.621295,8073462234043.61,317.315286621295
BONK,2024-12-13,3.78598321475105e-05,4.0420438901436e-05,3.69891230210857e-05,3.88271754147859e-05,263687015.888414,6855748909680.18,263.687015888414
BONK,2024-12-14,3.88271754147859e-05,3.92835018346903e-05,3.56343285072898e-05,3.64601492378795e-05,187139248.819557,5015075452070.39,187.13924881955703
BONK,2024-12-15,3.64601492378795e-05,3.71098487992626e-05,3.44183272347127e-05,3.67690361644302e-05,179234499.740708,4983366087413.84,179.234499740708
BONK,2024-12-16,3.67690361644302e-05,3.80153268053152e-05,3.44787811535469e-05,3.6926695421118e-05,318961040.2086,8784613149095.8,318.96104020859997
BONK,2024-12-17,3.6926695421118e-05,3.9424602359698e-05,3.54774983988209e-05,3.5980559608561e-05,404252051.738353,10850519527719.5,404.25205173835303
BONK,2024-12-18,3.5980559608561e-05,3.67057330087398e-05,3.09796346035525e-05,3.11422516965855e-05,430570719.528721,12811486896582.2,430.570719528721
BONK,2024-12-19,3.11422516965855e-05,3.14722163901837e-05,2.67071187644866e-05,2.94258499202201e-05,528221187.883322,17862233577780.6,528.221187883322
BONK,2024-12-20,2.94258499202201e-05,3.48036542680165e-05,2.48858697593463e-05,3.35036119463999e-05,639583829.25467,21753453355283.9,639.58382925467
BONK,2024-12-21,3.35036119463999e-05,3.5066166795953e-05,2.95067326773952e-05,2.99866154826269e-05,387869048.528437,11995126284062.8,387.869048528437
BONK,2024-12-22,2.99866154826269e-05,3.27621566400728e-05,2.9438099762168e-05,3.13414810542011e-05,273575050.214073,8757338466651.79,273.57505021407303
BONK,2024-12-23,3.13414810542011e-05,3.30087807744204e-05,3.02619112478132e-05,3.24605974731183e-05,254385193.95893,8060517246383.42,254.38519395893
BONK,2024-12-24,3.24605974731183e-05,3.38954219665097e-05,3.10977270675901e-05,3.34359643892708e-05,204362867.994102,6286065606452.47,204.362867994102
BONK,2024-12-25,3.34359643892708e-05,3.44944353801894e-05,3.25032401099902e-05,3.28719922429216e-05,206725327.096786,6191937237988.96,206.725327096786
BONK,2024-12-26,3.28719922429216e-05,3.35413844727092e-05,3.01840410948463e-05,3.04824858314594e-05,208975555.885739,6577773530868.13,208.975555885739
BONK,2024-12-27,3.04824858314594e-05,3.40995123714072e-05,2.99448857173178e-05,3.20781632182869e-05,261095973.12099,8099795138426.27,261.09597312099
BONK,2024-12-28,3.20781632182869e-05,3.34075010710706e-05,3.12074723763326e-05,3.26867781786873e-05,140395221.076968,4348114867832.53,140.39522107696803
BONK,2024-12-29,3.26867781786873e-05,3.27413853755555e-05,3.0572347073764e-05,3.08224195861079e-05,95868608.0925397,3023699385515.38,95.8686080925397
BONK,2024-12-30,3.08224195861079e-05,3.29966355322289e-05,3.01546625299483e-05,3.09724694200725e-05,219027893.061237,6944310686656.24,219.027893061237
BONK,2024-12-31,3.09724694200725e-05,3.21816594756513e-05,2.9643774570936e-05,3.05684185374923e-05,186228540.847493,6008072736339.79,186.22854084749298
BONK,2025-01-01,3.05684185374923e-05,3.08664024586423e-05,2.89702946041717e-05,2.9674689473654e-05,178307400.945141,5990684049190.81,178.30740094514098
BONK,2025-01-02,2.9674689473654e-05,3.27309650812287e-05,2.96012790996592e-05,3.18014687338872e-05,265005242.16416,8410748636770.1,265.00524216416
BONK,2025-01-03,3.18014687338872e-05,3.68197605845292e-05,3.10465377125527e-05,3.60568348020212e-05,343026959.602982,10035655220270.5,343.026959602982
BONK,2025-01-04,3.60568348020212e-05,3.65274302829614e-05,3.4458403297408e-05,3.56298919966953e-05,177263160.586301,4998898972591.9,177.263160586301
BONK,2025-01-05,3.56298919966953e-05,3.63194481540173e-05,3.35362288787346e-05,3.4382215281999e-05,143545027.828254,4123669950445.09,143.545027828254
BONK,2025-01-06,3.4382215281999e-05,3.61706452692132e-05,3.34694926629285e-05,3.52290387724432e-05,207670218.140065,5959370705586.42,207.670218140065
BONK,2025-01-07,3.52290387724432e-05,3.54848799430945e-05,3.0765581023606e-05,3.09162585098703e-05,234551636.145392,7185216121310.24,234.551636145392
BONK,2025-01-08,3.09162585098703e-05,3.11934238180082e-05,2.74004009669937e-05,2.89003490272818e-05,219630559.001832,7526431582121.63,219.630559001832
BONK,2025-01-09,2.89003490272818e-05,2.93560899035364e-05,2.68855646371859e-05,2.72717048016143e-05,155889226.849324,5584312543040.26,155.889226849324
BONK,2025-01-10,2.72717048016143e-05,2.86710651563718e-05,2.70178992808015e-05,2.76902467620594e-05,138080838.933742,4954825404976.37,138.08083893374197
BONK,2025-01-11,2.76902467620594e-05,2.90154940371599e-05,2.7440126192073e-05,2.81031416650256e-05,80410942.736641,2866339919095.97,80.410942736641
BONK,2025-01-12,2.81031416650256e-05,2.82323439278522e-05,2.71509246629823e-05,2.75519277649048e-05,55828374.9833865,2009570501258.21,55.8283749833865
BONK,2025-01-13,2.75519277649048e-05,2.8339387807331e-05,2.4584749834366e-05,2.62516837077826e-05,173842064.810973,6733902236071.89,173.842064810973
BONK,2025-01-14,2.62516837077826e-05,2.77322988989381e-05,2.60772637569441e-05,2.73283767198727e-05,103436039.001016,3827891616032.74,103.436039001016
BONK,2025-01-15,2.73283767198727e-05,2.93790269127785e-05,2.64736421372727e-05,2.92021086856431e-05,144540913.105082,5160748258080.92,144.540913105082
BONK,2025-01-16,2.92021086856431e-05,3.00977225014059e-05,2.77908655913832e-05,2.83820957975595e-05,173558720.91817,5999804070144.86,173.55872091817
BONK,2025-01-17,2.83820957975595e-05,3.46865794390936e-05,2.83798585766623e-05,3.33402065780371e-05,334798425.802243,10692734065047.4,334.798425802243
BONK,2025-01-18,3.33402065780371e-05,3.65918511864138e-05,3.09564982947724e-05,3.35521353749049e-05,734416005.01215,21666299463620.0,734.4160050121501
BONK,2025-01-19,3.35521353749049e-05,3.97700615075611e-05,3.1780897067301e-05,3.26007888589312e-05,860135572.094961,24711626707946.0,860.135572094961
BONK,2025-01-20,3.26007888589312e-05,3.5655806975563e-05,2.81708918485023e-05,2.98919417634287e-05,857463471.721144,27062050762850.2,857.463471721144
BONK,2025-01-21,2.98919417634287e-05,3.56508707471563e-05,2.82808999016273e-05,3.24390076820952e-05,728262369.723282,22722392153049.7,728.262369723282
BONK,2025-01-22,3.24390076820952e-05,3.40142598983539e-05,3.16290465928161e-05,3.21748279187456e-05,488124705.193525,14919280270987.8,488.124705193525
BONK,2025-01-23,3.21748279187456e-05,3.23865301490707e-05,3.00115125726503e-05,3.13396916825623e-05,331022959.337692,10645194538007.9,331.02295933769204
BONK,2025-01-24,3.13396916825623e-05,3.26292360793145e-05,2.95719958776159e-05,2.98309875594601e-05,248625659.186243,8003869182984.63,248.62565918624298
BONK,2025-01-25,2.98309875594601e-05,3.04133987496635e-05,2.89313977738042e-05,2.94379233984665e-05,128476420.197815,4321680746217.7,128.476420197815
BONK,2025-01-26,2.94379233984665e-05,2.97504594650483e-05,2.71904520754113e-05,2.72170752625381e-05,122494130.328761,4226260322707.77,122.494130328761
BONK,2025-01-27,2.72170752625381e-05,2.7330240164201e-05,2.42960973252874e-05,2.6150726489957e-05,264066310.038224,10349807486350.8,264.066310038224
BONK,2025-01-28,2.6150726489957e-05,2.68560936042393e-05,2.28174455551607e-05,2.29395286376219e-05,162096818.929848,6417746596099.33,162.09681892984798
BONK,2025-01-29,2.29395286376219e-05,2.60499391571446e-05,2.26872496044902e-05,2.43894423990061e-05,231949749.778098,9436103770492.05,231.94974977809798
BONK,2025-01-30,2.43894423990061e-05,2.65487014076579e-05,2.39538299163489e-05,2.5017809150189e-05,195134370.58371,7704438153116.78,195.13437058371002
BONK,2025-01-31,2.5017809150189e-05,2.66173930761009e-05,2.44302930181103e-05,2.49253882393496e-05,176499870.609607,6968432908716.3,176.499870609607
BONK,2025-02-01,2.49253882393496e-05,2.5756313801198e-05,2.17181574663129e-05,2.19813107104651e-05,140863088.179889,5962518005607.41,140.863088179889
BONK,2025-02-02,2.19813107104651e-05,2.25187878788337e-05,1.82734435244867e-05,1.92383318220307e-05,219729912.992124,10697006556174.1,219.72991299212399
BONK,2025-02-03,1.92383318220307e-05,2.07571149965519e-05,1.43070978914115e-05,2.0038228205447e-05,412243766.787544,23476865736135.6,412.243766787544
BONK,2025-02-04,2.0038228205447e-05,2.02443637461818e-05,1.7658885247263e-05,1.8361872849191e-05,177478355.254188,9544996623217.6,177.478355254188
BONK,2025-02-05,1.8361872849191e-05,1.88562929386888e-05,1.7341136350519e-05,1.75877419875387e-05,107774637.526986,5918399415142.37,107.774637526986
BONK,2025-02-06,1.75877419875387e-05,1.84832626297293e-05,1.65254696320415e-05,1.67563313909215e-05,108178457.547936,6199884480009.64,108.178457547936
BONK,2025-02-07,1.67563313909215e-05,1.8181155473805e-05,1.60086411606685e-05,1.66580725470856e-05,110816628.388559,6437263650598.31,110.816628388559
BONK,2025-02-08,1.66580725470856e-05,1.79012745016421e-05,1.65814689880437e-05,1.77116053140715e-05,62575977.8997461,3653142033488.42,62.5759778997461
BONK,2025-02-09,1.77116053140715e-05,1.84851757395679e-05,1.64061598241829e-05,1.72589226123807e-05,81384104.4340847,4628662162858.01,81.3841044340847
BONK,2025-02-10,1.72589226123807e-05,1.81592817400337e-05,1.65961417653766e-05,1.75698906816394e-05,148154760.285824,8409551348263.51,148.154760285824
BONK,2025-02-11,1.75698906816394e-05,1.92100825713039e-05,1.72112257774895e-05,1.76864863399943e-05,120334689.266646,6641024654249.55,120.334689266646
BONK,2025-02-12,1.76864863399943e-05,1.85321231062384e-05,1.67011046355568e-05,1.82497019466852e-05,122101380.059178,6970108330402.59,122.101380059178
BONK,2025-02-13,1.82497019466852e-05,1.83553784172198e-05,1.72746345614878e-05,1.75479691116881e-05,72114005.1293338,4068080910132.55,72.11400512933379
BONK,2025-02-14,1.75479691116881e-05,1.97354084223858e-05,1.75162785107897e-05,1.8601294537349e-05,160457382.689212,8542735391552.49,160.45738268921198
BONK,2025-02-15,1.8601294537349e-05,1.896021427314e-05,1.77827981377651e-05,1.80470022744869e-05,66512378.7582967,3617296996306.77,66.5123787582967
BONK,2025-02-16,1.80470022744869e-05,1.81275967145153e-05,1.72855071026032e-05,1.74564674718587e-05,51328811.0523523,2896702782400.69,51.3288110523523
BONK,2025-02-17,1.74564674718587e-05,1.76479215822701e-05,1.64783982621627e-05,1.67639741516894e-05,83739162.4270811,4899384353916.19,83.7391624270811
BONK,2025-02-18,1.67639741516894e-05,1.68247267187465e-05,1.48315456002464e-05,1.54820209712216e-05,107382729.42955,6871586988446.08,107.38272942955001
BONK,2025-02-19,1.54820209712216e-05,1.59379915315326e-05,1.52093898560423e-05,1.56618509697484e-05,57864774.9036099,3700114285298.32,57.8647749036099
BONK,2025-02-20,1.56618509697484e-05,1.61240183322667e-05,1.56101958771302e-05,1.60747073772337e-05,53504835.8148493,3376776440102.13,53.5048358148493
BONK,2025-02-21,1.60747073772337e-05,1.696981699484e-05,1.53549711654202e-05,1.55131703273233e-05,91671793.4485034,5662371282453.93,91.67179344850341
BONK,2025-02-22,1.55131703273233e-05,1.64752090374061e-05,1.53993807863123e-05,1.61641126012823e-05,54249488.9578858,3409908237799.08,54.2494889578858
BONK,2025-02-23,1.61641126012823e-05,1.62692797165168e-05,1.56098168519412e-05,1.57771163290667e-05,43423662.052904,2727279011215.9,43.423662052904
BONK,2025-02-24,1.57771163290667e-05,1.5927644024029e-05,1.2998892512061e-05,1.31700131077562e-05,109445606.042125,7645421634562.81,109.44560604212501
BONK,2025-02-25,1.31700131077562e-05,1.36164731094373e-05,1.22576023712388e-05,1.34266445660373e-05,133780437.196213,10333370615475.4,133.780437196213
BONK,2025-02-26,1.34266445660373e-05,1.38325488055493e-05,1.28609208470102e-05,1.34134521276401e-05,77065218.2589953,5771257061293.84,77.0652182589953
BONK,2025-02-27,1.34134521276401e-05,1.40441778044158e-05,1.30353292974897e-05,1.31862129806051e-05,63036462.0127088,4639422811568.02,63.036462012708796
BONK,2025-02-28,1.31862129806051e-05,1.39787698443777e-05,1.20612961052341e-05,1.36466965177814e-05,114192331.504329,8887462324927.39,114.19233150432899
BONK,2025-03-01,1.36466965177814e-05,1.40413469308564e-05,1.30918995180572e-05,1.35462219863529e-05,53963616.8883106,3981331442457.92,53.9636168883106
BONK,2025-03-02,1.35462219863529e-05,1.56178047892234e-05,1.3088435350098e-05,1.5612498483756e-05,116905474.732641,8050226640691.5,116.905474732641
BONK,2025-03-03,1.5612498483756e-05,1.56701654538807e-05,1.2267608573562e-05,1.24747868350645e-05,111080727.045861,8030805992067.96,111.08072704586101
BONK,2025-03-04,1.24747868350645e-05,1.25911383856807e-05,1.09751794315422e-05,1.19686340171241e-05,138983529.525268,11780604145186.4,138.98352952526798
BONK,2025-03-05,1.19686340171241e-05,1.29989613926418e-05,1.18029748986904e-05,1.2339488386721e-05,78602356.376842,6396000101603.67,78.60235637684201
BONK,2025-03-06,1.2339488386721e-05,1.29487342294477e-05,1.20062578870193e-05,1.20416001524257e-05,73689173.844817,5888558204488.85,73.68917384481699
BONK,2025-03-07,1.20416001524257e-05,1.2900990060812e-05,1.1446646121127e-05,1.20172016692238e-05,94020913.6490991,7673311090600.53,94.0209136490991
BONK,2025-03-08,1.20172016692238e-05,1.20181260835181e-05,1.15027593343463e-05,1.16907187375983e-05,46989241.6466847,3989525788891.55,46.9892416466847
BONK,2025-03-09,1.16907187375983e-05,1.17821639462281e-05,1.0004892198258e-05,1.01330421526085e-05,75156162.7395451,7037511535353.15,75.15616273954511
BONK,2025-03-10,1.01330421526085e-05,1.10479281801092e-05,9.61637237303149e-06,9.71568231539677e-06,92548663.003616,8974493330200.21,92.548663003616
BONK,2025-03-11,9.71568231539677e-06,1.0823615769983e-05,8.92288478984231e-06,1.0432690834746e-05,85838312.4686935,8620992186903.6,85.83831246869349
BONK,2025-03-12,1.0432690834746e-05,1.08927728522781e-05,1.00777244303087e-05,1.06960518641949e-05,66849435.404462,6381410886970.41,66.849435404462
BONK,2025-03-13,1.06960518641949e-05,1.08890102545464e-05,1.01224845274625e-05,1.04262667021735e-05,58308599.0455649,5544492642587.96,58.3085990455649
BONK,2025-03-14,1.04262667021735e-05,1.13400279081941e-05,1.0380369362743e-05,1.08831200177953e-05,51190297.2794706,4696774423991.87,51.1902972794706
BONK,2025-03-15,1.08831200177953e-05,1.11715866156216e-05,1.08249563866532e-05,1.1042270171275e-05,24185050.145083,2197893857244.98,24.185050145083
BONK,2025-03-16,1.1042270171275e-05,1.11756203754887e-05,1.02745959001659e-05,1.04008543877971e-05,33899124.8889753,3165892280780.48,33.8991248889753
BONK,2025-03-17,1.04008543877971e-05,1.13589400130052e-05,1.03956484413779e-05,1.10841437207367e-05,49032706.4219601,4473508079942.5,49.0327064219601
BONK,2025-03-18,1.10841437207367e-05,1.10957069393539e-05,1.02547273731581e-05,1.0885072782298e-05,45610584.7525335,4303921916807.96,45.610584752533505
BONK,2025-03-19,1.0885072782298e-05,1.20003945869016e-05,1.072046742767e-05,1.19457050407843e-05,86508904.6213627,7819823825960.96,86.5089046213627
BONK,2025-03-20,1.19457050407843e-05,1.26442668575846e-05,1.137375482771e-05,1.16567538353859e-05,124589337.820797,10579164658406.0,124.589337820797
BONK,2025-03-21,1.16567538353859e-05,1.2659445002093e-05,1.12825930097257e-05,1.18622471801835e-05,102884927.282322,8688216388155.49,102.88492728232201
BONK,2025-03-22,1.18622471801835e-05,1.29659360141504e-05,1.18622471801835e-05,1.21348668457148e-05,92654672.7079552,7434720764102.79,92.6546727079552
BONK,2025-03-23,1.21348668457148e-05,1.39878231782754e-05,1.2041235822155e-05,1.39098979685434e-05,142753605.096632,10928567920479.6,142.75360509663201
BONK,2025-03-24,1.39098979685434e-05,1.48285168613085e-05,1.31801022630028e-05,1.41233543550688e-05,139789232.852304,10031209534117.8,139.78923285230402
BONK,2025-03-25,1.41233543550688e-05,1.43143464583792e-05,1.3566633000966e-05,1.40429882105902e-05,74331492.1665283,5319795510986.93,74.33149216652829
BONK,2025-03-26,1.40429882105902e-05,1.54699866283188e-05,1.37119208310422e-05,1.39488659665201e-05,128929083.195738,8839087722000.36,128.929083195738
BONK,2025-03-27,1.39488659665201e-05,1.4266669340395e-05,1.33895582485666e-05,1.35917000196879e-05,76388451.4760397,5527797555213.33,76.38845147603969
BONK,2025-03-28,1.35917000196879e-05,1.38344810928178e-05,1.19163079217083e-05,1.2270266968691e-05,85715817.0121346,6769609124078.53,85.7158170121346
BONK,2025-03-29,1.2270266968691e-05,1.24212174434199e-05,1.10363184286062e-05,1.13522116493845e-05,59450040.1287393,5148469646373.73,59.450040128739296
BONK,2025-03-30,1.13522116493845e-05,1.16284938530184e-05,1.10488555769737e-05,1.11917785894093e-05,44862930.2694244,3943289816519.44,44.8629302694244
BONK,2025-03-31,1.11917785894093e-05,1.13934413196065e-05,1.07833520792918e-05,1.12679446099163e-05,59098908.2203109,5307529862262.27,59.098908220310896
BONK,2025-04-01,1.12679446099163e-05,1.27379049909427e-05,1.12026198053439e-05,1.25023785355702e-05,99804538.989209,8318886988434.63,99.804538989209
BONK,2025-04-02,1.25023785355702e-05,1.2782456191495e-05,1.08292753676496e-05,1.10440178795829e-05,199460855.923042,16456575467201.5,199.460855923042
BONK,2025-04-03,1.10440178795829e-05,1.14461119686367e-05,1.04302565488966e-05,1.09382092225942e-05,85034846.7603946,7795809085553.19,85.0348467603946
BONK,2025-04-04,1.09382092225942e-05,1.15231897432106e-05,1.07098358416033e-05,1.13720608010574e-05,85964832.3638802,7709966137975.98,85.9648323638802
BONK,2025-04-05,1.13720608010574e-05,1.15303328045089e-05,1.09188339973684e-05,1.11325925275097e-05,36393778.9357341,3259251401234.53,36.3937789357341
BONK,2025-04-06,1.11325925275097e-05,1.11394352789283e-05,9.56418312327922e-06,9.82256397985591e-06,60061903.8521997,5866043794923.11,60.061903852199706
BONK,2025-04-07,9.82256397985591e-06,1.06368636497918e-05,8.9035386840482e-06,1.01756070965585e-05,116291754.925101,11865531596651.4,116.291754925101
BONK,2025-04-08,1.01756070965585e-05,1.0492889442747e-05,9.4862651482874e-06,9.52847538657716e-06,60662049.3474692,6034381082276.19,60.6620493474692
BONK,2025-04-09,9.52847538657716e-06,1.13023439160158e-05,9.16960391863602e-06,1.10959871063933e-05,105732025.277852,10208542602541.0,105.732025277852
BONK,2025-04-10,1.10959871063933e-05,1.11004419304788e-05,1.03339873985947e-05,1.06372988928914e-05,62209429.8726579,5820741335060.86,62.2094298726579
BONK,2025-04-11,1.06372988928914e-05,1.3153007690164e-05,1.05787569316798e-05,1.25462804599713e-05,145700125.518161,12236650236930.6,145.700125518161
BONK,2025-04-12,1.25462804599713e-05,1.40914137252714e-05,1.24343239331273e-05,1.39263814637995e-05,157358823.110171,11905286627798.7,157.358823110171
BONK,2025-04-13,1.39263814637995e-05,1.4117705174128e-05,1.23944996007388e-05,1.25803780276073e-05,99379232.5538725,7440864797593.24,99.3792325538725
BONK,2025-04-14,1.25803780276073e-05,1.36711577927172e-05,1.2554694349294e-05,1.28055713130128e-05,103299397.584214,7866612152260.17,103.299397584214
BONK,2025-04-15,1.28055713130128e-05,1.33619351228751e-05,1.17425765812209e-05,1.17917467296947e-05,99005141.6854286,7834361704634.46,99.0051416854286
BONK,2025-04-16,1.17917467296947e-05,1.22120208900728e-05,1.14213964227485e-05,1.17648718425309e-05,98958093.0787383,8360033695398.32,98.9580930787383
BONK,2025-04-17,1.17648718425309e-05,1.23108084702932e-05,1.13869012830025e-05,1.18076423128112e-05,64091207.3745586,5401381557885.72,64.09120737455859
BONK,2025-04-18,1.18076423128112e-05,1.23840627482996e-05,1.17778745189128e-05,1.1912161192788e-05,46417758.5453639,3873359537712.14,46.4177585453639
BONK,2025-04-19,1.1912161192788e-05,1.25769616294313e-05,1.18263214179072e-05,1.24476689204351e-05,54458873.9451161,4445105699793.09,54.4588739451161
BONK,2025-04-20,1.24476689204351e-05,1.27240095670869e-05,1.20191651112252e-05,1.23087012039855e-05,48467400.8080731,3928690016336.14,48.4674008080731
BONK,2025-04-21,1.23087012039855e-05,1.28383268561488e-05,1.21425700677704e-05,1.23420488468077e-05,73253371.2262971,5839547724763.45,73.25337122629709
BONK,2025-04-22,1.23420488468077e-05,1.52914219411487e-05,1.21607874070827e-05,1.5243167843216e-05,221307811.532606,15999774703952.9,221.307811532606
BONK,2025-04-23,1.5243167843216e-05,1.62584210487254e-05,1.48016204622489e-05,1.49358942370155e-05,230847834.426223,14824201988367.0,230.84783442622302
BONK,2025-04-24,1.49358942370155e-05,1.58440804427639e-05,1.38229350812932e-05,1.55877819703161e-05,149973593.25453,10110486620932.8,149.97359325453002
BONK,2025-04-25,1.55877819703161e-05,2.00028859222226e-05,1.54074153539e-05,1.98508740692563e-05,349563210.811693,20325996073976.3,349.563210811693
BONK,2025-04-26,1.98508740692563e-05,2.09855723492259e-05,1.78402295499517e-05,1.84549214163174e-05,413619614.367881,21495723271788.8,413.619614367881
BONK,2025-04-27,1.84549214163174e-05,1.98911930713689e-05,1.77523146173079e-05,1.86380379243934e-05,207090769.992952,10991821173817.6,207.09076999295198
BONK,2025-04-28,1.86380379243934e-05,2.17483957936143e-05,1.80496233720501e-05,2.07769403057838e-05,407831525.899782,20260087413937.6,407.831525899782
BONK,2025-04-29,2.07769403057838e-05,2.10221511898602e-05,1.924321749346e-05,2.02084893801287e-05,247666394.904244,12381030774529.0,247.66639490424402
BONK,2025-04-30,2.02084893801287e-05,2.07582135561021e-05,1.81146126405311e-05,1.95137435875373e-05,212063205.939855,10986627491780.7,212.063205939855
BONK,2025-05-01,1.95137435875373e-05,2.00332758728008e-05,1.85865415471032e-05,1.87987767092541e-05,169501038.601386,8744744752733.11,169.501038601386
BONK,2025-05-02,1.87987767092541e-05,1.91672181468709e-05,1.81899113721253e-05,1.87794680296413e-05,120414491.408033,6456750193749.32,120.414491408033
BONK,2025-05-03,1.87794680296413e-05,1.8853335940129e-05,1.66361254693341e-05,1.66862873368402e-05,110977125.240975,6319504012819.68,110.97712524097501
BONK,2025-05-04,1.66862873368402e-05,1.69064819389251e-05,1.57946903454055e-05,1.64796127423291e-05,120921873.400251,7400412282966.78,120.921873400251
BONK,2025-05-05,1.64796127423291e-05,1.76196587935798e-05,1.63196938498086e-05,1.70297882925012e-05,148590499.646091,8729054487969.24,148.59049964609102
BONK,2025-05-06,1.70297882925012e-05,1.76720142354215e-05,1.59397977585921e-05,1.70091624601038e-05,149343427.596603,8914558743102.42,149.343427596603
BONK,2025-05-07,1.70091624601038e-05,1.75153050514862e-05,1.63357116228981e-05,1.7013608748262e-05,119160096.720208,7064613944420.81,119.160096720208
BONK,2025-05-08,1.7013608748262e-05,2.02349994959434e-05,1.69877277463646e-05,1.98832096055538e-05,362127534.242719,19119812521769.0,362.127534242719
BONK,2025-05-09,1.98832096055538e-05,2.34051546915667e-05,1.95826367326794e-05,2.16866936384548e-05,770357782.666355,35841170973570.3,770.357782666355
BONK,2025-05-10,2.16866936384548e-05,2.40167874788084e-05,2.1249114969641e-05,2.37526831616927e-05,496542207.335203,22147700875992.4,496.542207335203
BONK,2025-05-11,2.37526831616927e-05,2.38487664867598e-05,2.12400953091241e-05,2.22235261596723e-05,371226076.456644,16660434855825.9,371.226076456644
BONK,2025-05-12,2.22235261596723e-05,2.57671706274762e-05,2.10775885973819e-05,2.27396126236671e-05,1077877094.18969,46162446108782.4,1077.87709418969
BONK,2025-05-13,2.27396126236671e-05,2.37353607019677e-05,2.08637051639095e-05,2.34492079075481e-05,546717957.832796,24248604249802.3,546.717957832796
BONK,2025-05-14,2.34492079075481e-05,2.53542136157428e-05,2.22193701564762e-05,2.23782218860287e-05,610640242.724159,25888306232293.9,610.640242724159
BONK,2025-05-15,2.23782218860287e-05,2.27142318283439e-05,2.04109244863539e-05,2.0881149925653e-05,389458302.808243,17980228325167.7,389.458302808243
BONK,2025-05-16,2.0881149925653e-05,2.16958253627233e-05,1.93690702018024e-05,1.95348047647174e-05,282182672.092745,13516329453584.1,282.182672092745
BONK,2025-05-17,1.95348047647174e-05,1.96968969234265e-05,1.81727687589167e-05,1.84173989817641e-05,234171459.645782,12474667221042.4,234.171459645782
BONK,2025-05-18,1.84173989817641e-05,2.0915987269739e-05,1.83917717472623e-05,2.06324594168409e-05,330341005.368701,16740351044781.2,330.34100536870096
BONK,2025-05-19,2.06324594168409e-05,2.08543167999696e-05,1.8654347136391e-05,1.97338216299719e-05,253544390.207533,13035737260622.1,253.544390207533
BONK,2025-05-20,1.97338216299719e-05,2.04683114253778e-05,1.89804520011352e-05,2.00330067326671e-05,220051831.034768,11176311615296.0,220.05183103476799
BONK,2025-05-21,2.00330067326671e-05,2.19003989342402e-05,1.96866127106832e-05,2.06027705147092e-05,402143891.208487,19582498063825.5,402.143891208487
BONK,2025-05-22,2.06027705147092e-05,2.30409576410988e-05,2.05912064890971e-05,2.30212568791323e-05,410438082.263564,18805374358957.7,410.438082263564
BONK,2025-05-23,2.30212568791323e-05,2.46392598948069e-05,2.08886222922864e-05,2.10318626910363e-05,806170813.490452,34776579732179.3,806.170813490452
BONK,2025-05-24,2.10318626910363e-05,2.21166306809808e-05,2.08365298378492e-05,2.12099847727365e-05,275597334.133457,12820037366366.1,275.597334133457
BONK,2025-05-25,2.12099847727365e-05,2.14052932132749e-05,1.91936757830772e-05,2.08890683189211e-05,254164717.399783,12635581327187.3,254.16471739978297
BONK,2025-05-26,2.08890683189211e-05,2.17615219465374e-05,1.98201300784103e-05,2.02178058894866e-05,270409767.03869,12977078818667.4,270.40976703868995
BONK,2025-05-27,2.02178058894866e-05,2.13377456547313e-05,1.95681200674077e-05,2.07126239959836e-05,250655147.275504,12159391324605.9,250.655147275504
BONK,2025-05-28,2.07126239959836e-05,2.09205562257372e-05,1.9430698310471e-05,1.998157283054e-05,205356688.41213,10224859526479.1,205.35668841213
BONK,2025-05-29,1.998157283054e-05,2.08665010450428e-05,1.87267949682523e-05,1.88240190740495e-05,297494362.730066,15054353071305.5,297.49436273006603
BONK,2025-05-30,1.88240190740495e-05,1.89487314101584e-05,1.61244256094137e-05,1.62146820923464e-05,286323252.854871,16404280642215.1,286.323252854871
BONK,2025-05-31,1.62146820923464e-05,1.69058461475144e-05,1.54678231511324e-05,1.65658323788657e-05,212699987.214042,13172954884927.9,212.699987214042
BONK,2025-06-01,1.65658323788657e-05,1.69907072378473e-05,1.59496717361246e-05,1.68724686330905e-05,129203628.418898,7858517787016.5,129.203628418898
BONK,2025-06-02,1.68724686330905e-05,1.76406390798113e-05,1.63080717965434e-05,1.74864013850804e-05,179927074.747186,10678584221497.9,179.927074747186
BONK,2025-06-03,1.74864013850804e-05,1.81149860641669e-05,1.65966621927784e-05,1.67743065068775e-05,214383339.496328,12304797194717.4,214.383339496328
BONK,2025-06-04,1.67743065068775e-05,1.70810162529638e-05,1.56619707024722e-05,1.57296346567538e-05,159754754.672376,9692320095892.93,159.754754672376
BONK,2025-06-05,1.57296346567538e-05,1.60919371127574e-05,1.41543251816723e-05,1.45707964722466e-05,242358691.375737,15926618608618.4,242.358691375737
BONK,2025-06-06,1.45707964722466e-05,1.57357588019107e-05,1.45404931646525e-05,1.48321294521694e-05,173141420.630713,11458882799157.9,173.141420630713
BONK,2025-06-07,1.48321294521694e-05,1.58683193862168e-05,1.47669685621155e-05,1.55412297966177e-05,121348259.023292,7848861972357.31,121.348259023292
BONK,2025-06-08,1.55412297966177e-05,1.63041223118274e-05,1.5102155946249e-05,1.57948510720449e-05,122619952.074195,7823901740561.39,122.619952074195
BONK,2025-06-09,1.57948510720449e-05,1.74415586391503e-05,1.54905372810333e-05,1.74279460933815e-05,209735781.176409,12783053397099.9,209.735781176409
BONK,2025-06-10,1.74279460933815e-05,1.79576098394539e-05,1.69767518662614e-05,1.79528726389544e-05,249382924.628582,14284967049912.3,249.382924628582
BONK,2025-06-11,1.79528726389544e-05,1.82790147106031e-05,1.65623481815329e-05,1.6776865996846e-05,229663654.890367,13090918910807.8,229.663654890367
BONK,2025-06-12,1.6776865996846e-05,1.67874820291488e-05,1.52909801079137e-05,1.53483738608783e-05,184906038.311273,11441378850979.1,184.90603831127302
BONK,2025-06-13,1.53483738608783e-05,1.53483738608783e-05,1.38274640453727e-05,1.50275612076789e-05,314621068.727924,21589120607520.8,314.621068727924
BONK,2025-06-14,1.50275612076789e-05,1.51246593846895e-05,1.44119005640832e-05,1.47417204930403e-05,97322393.1952254,6579290793229.2,97.3223931952254
BONK,2025-06-15,1.47417204930403e-05,1.52801667629415e-05,1.45771777363034e-05,1.50531794407098e-05,119456591.531529,8014168012076.51,119.456591531529
BONK,2025-06-16,1.50531794407098e-05,1.59002310090975e-05,1.4691494614252e-05,1.47129951303985e-05,171399207.052047,11061506294839.9,171.39920705204702
BONK,2025-06-17,1.47129951303985e-05,1.50283174425349e-05,1.37651133337145e-05,1.40968641583779e-05,189575656.423708,13155477630194.7,189.57565642370798
BONK,2025-06-18,1.40968641583779e-05,1.43596591173111e-05,1.3335967695854e-05,1.43269587273461e-05,136173135.215802,9780107664664.91,136.173135215802
BONK,2025-06-19,1.43269587273461e-05,1.45467921735224e-05,1.39171674630464e-05,1.42533989910098e-05,77819534.7334524,5475109448608.34,77.8195347334524
BONK,2025-06-20,1.42533989910098e-05,1.46041079084491e-05,1.32024450430782e-05,1.3559641164604e-05,133321633.341711,9552083913651.53,133.321633341711
BONK,2025-06-21,1.3559641164604e-05,1.38090320670591e-05,1.23688029639798e-05,1.27860655039879e-05,112201979.963435,8610421095792.44,112.201979963435
BONK,2025-06-22,1.27860655039879e-05,1.30280383782641e-05,1.14501391275326e-05,1.22356392615674e-05,174082513.380327,14267522041525.9,174.082513380327
BONK,2025-06-23,1.22356392615674e-05,1.39963861757081e-05,1.20899551171839e-05,1.39765875992971e-05,187404296.128755,14583195420021.8,187.404296128755
BONK,2025-06-24,1.39765875992971e-05,1.45440740186309e-05,1.38527976104067e-05,1.42158181165715e-05,164915583.8006,11661398562342.0,164.9155838006
BONK,2025-06-25,1.42158181165715e-05,1.43720684611036e-05,1.36161111600876e-05,1.37634795350556e-05,113783290.51021,8130950595181.3,113.78329051021001
BONK,2025-06-26,1.37634795350556e-05,1.410651730834e-05,1.29603248710304e-05,1.31352804250976e-05,101233588.962679,7558611648502.1,101.233588962679
BONK,2025-06-27,1.31352804250976e-05,1.36676332604704e-05,1.30128270235341e-05,1.33790236291254e-05,75587360.065871,5681624620529.11,75.587360065871
BONK,2025-06-28,1.33790236291254e-05,1.4790764786097e-05,1.33224658472689e-05,1.4767511221524e-05,110083185.595674,7791218782621.45,110.083185595674
BONK,2025-06-29,1.4767511221524e-05,1.51910543988628e-05,1.43564420217665e-05,1.50164229264873e-05,122163348.404255,8338662217593.24,122.163348404255
BONK,2025-06-30,1.50164229264873e-05,1.51034258080667e-05,1.41108939301929e-05,1.45455539568554e-05,154971164.940688,10608279572121.1,154.97116494068803
BONK,2025-07-01,1.45455539568554e-05,1.4627586870187e-05,1.3554160603278e-05,1.36836160975154e-05,103012885.175451,7397151737929.81,103.01288517545099
BONK,2025-07-02,1.36836160975154e-05,1.59018436301993e-05,1.35585773977167e-05,1.57278486519872e-05,217076146.112092,14661057676586.0,217.07614611209198
BONK,2025-07-03,1.57278486519872e-05,1.74764224847449e-05,1.56971018592949e-05,1.66627363836825e-05,493302480.620411,29506159211938.5,493.30248062041096
BONK,2025-07-04,1.66627363836825e-05,1.78123876174105e-05,1.6123365985614e-05,1.74985990028008e-05,371306248.347863,22039236025168.2,371.306248347863
BONK,2025-07-05,1.74985990028008e-05,1.91611026521437e-05,1.71509389454992e-05,1.8951758527308e-05,472589542.346393,26012983215945.8,472.589542346393
BONK,2025-07-06,1.8951758527308e-05,2.31311723970388e-05,1.88150243123014e-05,2.20348281000163e-05,979585466.494448,45633688983186.7,979.5854664944479
BONK,2025-07-07,2.20348281000163e-05,2.35469598659652e-05,2.11286615017479e-05,2.27818178122217e-05,860106510.387846,38383595430786.4,860.106510387846
BONK,2025-07-08,2.27818178122217e-05,2.38624345023852e-05,2.16220550461464e-05,2.20266072182183e-05,635169789.964867,28051667861605.9,635.169789964867
BONK,2025-07-09,2.20266072182183e-05,2.23897072553037e-05,1.98100203343881e-05,2.10159234764068e-05,638800161.215419,30437635605655.9,638.800161215419
BONK,2025-07-10,2.10159234764068e-05,2.43519151602569e-05,2.0452314051558e-05,2.37124703526089e-05,829583022.59201,36987646001459.5,829.58302259201
BONK,2025-07-11,2.37124703526089e-05,2.44673345405857e-05,2.19719322833392e-05,2.23968155265674e-05,602303207.702252,25757751132829.5,602.303207702252
BONK,2025-07-12,2.23968155265674e-05,2.64092421668241e-05,2.15854921922349e-05,2.51382848451804e-05,941033774.834515,39171528089970.0,941.0337748345149
BONK,2025-07-13,2.51382848451804e-05,2.77564001488219e-05,2.43160673889922e-05,2.62925079911511e-05,750103001.944127,29205248363584.8,750.103001944127
BONK,2025-07-14,2.62925079911511e-05,2.81556203921302e-05,2.60609278192713e-05,2.69168964823982e-05,882663565.485632,32629298764619.3,882.6635654856319
BONK,2025-07-15,2.69168964823982e-05,3.05594239747485e-05,2.67573962545013e-05,2.96208392416736e-05,1173353532.75147,40846973590328.3,1173.35353275147
BONK,2025-07-16,2.96208392416736e-05,3.91288142036853e-05,2.94725913384296e-05,3.85103254043392e-05,1799788976.78257,52314740715580.0,1799.78897678257
BONK,2025-07-17,3.85103254043392e-05,4.04833759636744e-05,3.38029294534626e-05,3.50621606179181e-05,1676916986.83066,45307144676156.1,1676.91698683066
BONK,2025-07-18,3.50621606179181e-05,3.67597075312604e-05,3.14882825081996e-05,3.24395424031143e-05,982294205.524982,28523783216040.4,982.294205524982
BONK,2025-07-19,3.24395424031143e-05,3.45314236026608e-05,3.16537008746948e-05,3.30966752794044e-05,539421124.998683,16205005274737.5,539.421124998683
BONK,2025-07-20,3.30966752794044e-05,3.52414697592876e-05,3.24322180533359e-05,3.27590225191975e-05,518806991.057833,15290067349547.5,518.806991057833
BONK,2025-07-21,3.27590225191975e-05,3.68115205196205e-05,3.23304359141772e-05,3.4565979854882e-05,950549344.691759,27306662331150.3,950.549344691759
BONK,2025-07-22,3.4565979854882e-05,3.70091666751741e-05,3.28456925696476e-05,3.69516963467518e-05,1031911345.84624,29543258954071.4,1031.91134584624
BONK,2025-07-23,3.69516963467518e-05,3.7899039808337e-05,3.10776891227773e-05,3.45388767509895e-05,1096968580.74644,31895038782572.7,1096.96858074644
BONK,2025-07-24,3.45388767509895e-05,3.7626276276109e-05,3.15342934907223e-05,3.30501918685577e-05,1265104297.22967,36357504241028.4,1265.10429722967
BONK,2025-07-25,3.30501918685577e-05,3.57314470960923e-05,3.18849088594992e-05,3.527594301462e-05,943884273.211618,27933819326540.6,943.8842732116179
BONK,2025-07-26,3.527594301462e-05,3.62007053703546e-05,3.38127048351094e-05,3.46312989094394e-05,462141330.001156,13132822613480.6,462.14133000115595
BONK,2025-07-27,3.46312989094394e-05,3.5569733248926e-05,3.32923797219548e-05,3.37224575955122e-05,528795813.472681,15351930949042.2,528.795813472681
BONK,2025-07-28,3.37224575955122e-05,3.67840987653199e-05,3.18494778497979e-05,3.21501705804218e-05,1214375290.56773,35169647255695.2,1214.37529056773
BONK,2025-07-29,3.21501705804218e-05,3.27583026330816e-05,2.81126036426684e-05,2.87481365712363e-05,811787792.394369,26414200533900.9,811.787792394369
BONK,2025-07-30,2.87481365712363e-05,2.9279925740224e-05,2.64821698011747e-05,2.84027615580001e-05,723836024.93978,25816558485870.2,723.83602493978
BONK,2025-07-31,2.84027615580001e-05,3.00013808565871e-05,2.59861516353464e-05,2.61121808830071e-05,538496803.094294,19158633585801.6,538.4968030942939
BONK,2025-08-01,2.61121808830071e-05,2.71333855881609e-05,2.47312428233531e-05,2.55381287414552e-05,552623946.617796,21161329038758.4,552.6239466177959
BONK,2025-08-02,2.55381287414552e-05,2.61631074757798e-05,2.41762200000554e-05,2.48765050265645e-05,365794325.016646,14484673273415.0,365.79432501664604
BONK,2025-08-03,2.48765050265645e-05,2.65047885575437e-05,2.44967688337837e-05,2.61142565253607e-05,214560008.379991,8375973403369.35,214.560008379991
BONK,2025-08-04,2.61142565253607e-05,2.727234818704e-05,2.61142411809864e-05,2.69851682426444e-05,114762625.378938,4277527957770.44,114.762625378938
