symbol,date,open,high,low,close,usd_volume,crypto_volume,usd_volume_mil
BTC,2020-02-13,10339.4685845639,10488.815897371,10094.0127104069,10225.3954195325,6950942314.91624,676327.897253645,6950.942314916239
BTC,2020-02-14,10225.3954195325,10378.5436543503,10099.7999882793,10347.9412053541,5486930059.77042,535606.300143091,5486.9300597704205
BTC,2020-02-15,10347.9412053541,10378.8595290742,9825.82133722837,9899.92905239554,5648798169.25711,559214.084665502,5648.798169257109
BTC,2020-02-16,9899.92905239554,10043.7630657183,9663.14118861155,9938.8747781215,5317747147.77615,537565.479866058,5317.74714777615
BTC,2020-02-17,9938.8747781215,9949.16615941486,9470.11672413356,9705.57263992697,6215664393.60734,641118.830418178,6215.66439360734
BTC,2020-02-18,9705.57263992697,10236.5349457739,9606.50084790717,10176.9112915874,6723928175.45132,682361.575027511,6723.9281754513195
BTC,2020-02-19,10176.9112915874,10251.2017680659,9439.72035561191,9603.59179932087,6467980948.36015,646893.580422978,6467.98094836015
BTC,2020-02-20,9603.59179932087,9823.1572713557,9452.91898425906,9753.18206686123,6052366542.57326,627099.721116208,6052.366542573261
BTC,2020-02-21,9753.18206686123,9925.23996240024,9580.56100192469,9725.82402100957,5115669961.11794,525230.585732559,5115.66996111794
BTC,2020-02-22,9725.82402100957,9910.77565698663,9576.01605618774,9864.95845678748,3838852787.40097,394834.535243013,3838.85278740097
BTC,2020-02-23,9864.95845678748,10094.8520973966,9667.34446579904,9976.31729254294,5015853285.53806,506102.681167485,5015.85328553806
BTC,2020-02-24,9976.31729254294,10075.8315076035,9506.82167078872,9794.02400647799,6206182761.13861,635038.777443814,6206.18276113861
BTC,2020-02-25,9794.02400647799,9797.23927607621,9295.62740500169,9370.60782070447,6057375271.72221,634020.735571533,6057.37527172221
BTC,2020-02-26,9370.60782070447,9545.55300864433,8661.40695320889,8805.10601546749,7991100591.34137,876623.52447597,7991.100591341369
BTC,2020-02-27,8805.10601546749,9225.27879623655,8545.68872269119,8834.23208091019,6962809941.42424,781199.284307856,6962.80994142424
BTC,2020-02-28,8834.23208091019,9191.95865506362,8473.42526944704,8704.42728079738,6357112532.87679,723183.570319904,6357.11253287679
BTC,2020-02-29,8704.42728079738,9028.30567584193,8523.04038517677,8523.04038517677,4253162986.44887,484633.006380336,4253.1629864488705
BTC,2020-03-01,8523.04038517677,8970.20894652638,8441.21916494051,8654.73740278669,4850140734.59183,556422.108160521,4850.140734591831
BTC,2020-03-02,8654.73740278669,9163.88901209418,8496.11035521139,8925.19525740527,6117376263.57201,689796.816053645,6117.37626357201
BTC,2020-03-03,8925.19525740527,9125.91329944569,8671.30602995257,8762.03229531437,5994061620.81689,676072.671521585,5994.061620816889
BTC,2020-03-04,8762.03229531437,9061.18639644001,8683.81359284266,8825.74030878652,4772724957.48508,539520.911203361,4772.724957485079
BTC,2020-03-05,8825.74030878652,9344.83455341999,8785.06747373171,9289.64862516547,5659759279.92636,624470.354424537,5659.75927992636
BTC,2020-03-06,9289.64862516547,9394.3589863177,9012.22412776115,9201.63236572705,5869305707.56318,641542.965779726,5869.30570756318
BTC,2020-03-07,9201.63236572705,9370.37246604002,8868.89950285699,9117.72760312678,4921392740.91285,537744.071721029,4921.39274091285
BTC,2020-03-08,9117.72760312678,9117.72760312678,8040.85221904534,8109.13334083755,7122469563.42787,828010.787433856,7122.46956342787
BTC,2020-03-09,8109.13334083755,8465.21550436001,7649.61381072299,7934.77087679265,8914305248.97251,1117085.5985257,8914.305248972509
BTC,2020-03-10,7934.77087679265,8451.42803079869,7747.88902294303,8154.08625794656,7463251690.5023,919961.822429801,7463.2516905023
BTC,2020-03-11,8154.08625794656,8256.43129126967,7607.99638919631,8210.61535148085,6610336447.04716,830771.955505777,6610.33644704716
BTC,2020-03-12,8210.61535148085,8232.04870667462,4618.27701133308,4837.32127554015,14425956439.2385,2255556.91483587,14425.9564392385
BTC,2020-03-13,4837.32127554015,6077.62007466253,3940.20661353237,5631.97293041623,14286960812.9759,2735456.35495501,14286.9608129759
BTC,2020-03-14,5631.97293041623,5883.84541696181,5080.09397727144,5193.49593749969,7905843695.36783,1448536.02774247,7905.84369536783
BTC,2020-03-15,5193.49593749969,6079.71981404692,5144.2416849221,5382.38878298045,6669720983.89255,1208149.60622731,6669.72098389255
BTC,2020-03-16,5382.38878298045,5752.37795925479,4503.92508124718,5108.45858990639,9337279128.97393,1867082.02558235,9337.27912897393
BTC,2020-03-17,5108.45858990639,5807.42465645029,4967.82349560249,5497.03945252489,7402802734.74734,1362121.62758227,7402.80273474734
BTC,2020-03-18,5497.03945252489,5727.02556295648,5036.80310105355,5474.32622639066,6716874748.72494,1254578.53954413,6716.87474872494
BTC,2020-03-19,5474.32622639066,6514.2563490398,5267.09563791691,6386.20624595847,9069942450.01287,1553168.3315497,9069.942450012872
BTC,2020-03-20,6386.20624595847,7101.11354129677,5813.98652737821,6218.97507235305,10247683651.6442,1588510.01110567,10247.6836516442
BTC,2020-03-21,6218.97507235305,6608.93266307887,5916.57937578153,6373.71211016573,7924707979.60355,1262206.85422392,7924.70797960355
BTC,2020-03-22,6373.71211016573,6582.15956005076,5784.36350804523,5902.94302850539,6963351288.18869,1120217.73386211,6963.35128818869
BTC,2020-03-23,5902.94302850539,6722.97506901193,5758.75808569183,6510.28301229095,8639051769.41893,1378395.46420625,8639.05176941893
BTC,2020-03-24,6510.28301229095,7041.38182820248,6423.26128747634,6764.90235664289,8645820641.3345,1282069.55332012,8645.8206413345
BTC,2020-03-25,6764.90235664289,7121.62906893129,6520.74135568648,6732.13525849177,7623482675.13515,1127838.97449176,7623.48267513515
BTC,2020-03-26,6732.13525849177,6996.74503300548,6583.88498946526,6799.24658729842,6384062560.57544,939781.334609362,6384.06256057544
BTC,2020-03-27,6799.24658729842,7044.60392495301,6352.32477861221,6608.30190699645,6217668658.12436,917821.583726988,6217.66865812436
BTC,2020-03-28,6608.30190699645,6608.30190699645,6068.76984575624,6255.7111013077,6260842367.62387,988071.183228385,6260.84236762387
BTC,2020-03-29,6255.7111013077,6478.21740410946,5891.2474403812,5902.66037975136,4227983288.63732,678852.266225979,4227.98328863732
BTC,2020-03-30,5902.66037975136,6771.11488337611,5891.37757321454,6604.69028233354,6481926464.69594,1013228.61554447,6481.92646469594
BTC,2020-03-31,6604.69028233354,6746.24291990567,6365.2214017142,6421.35877324677,5285005958.67432,801627.250880772,5285.00595867432
BTC,2020-04-01,6421.35877324677,6738.21275827287,6180.23966325337,6633.66281207525,5995905443.86568,932172.626275503,5995.905443865679
BTC,2020-04-02,6633.66281207525,7161.00006230245,6577.60137022571,6945.26780180217,8642481951.82871,1270879.48118335,8642.481951828711
BTC,2020-04-03,6945.26780180217,7134.61400626013,6633.34572495833,6813.68612736077,6559152320.99153,952983.769986364,6559.15232099153
BTC,2020-04-04,6813.68612736077,7002.58061346141,6682.37012790663,6962.80545203319,4694120003.93852,685737.222854225,4694.12000393852
BTC,2020-04-05,6962.80545203319,6980.30553589866,6707.92583885998,6899.45808968313,3967689820.42353,577425.092442505,3967.68982042353
BTC,2020-04-06,6899.45808968313,7373.72176911621,6804.05065096035,7324.71438682949,7129284616.50302,1002731.65585973,7129.2846165030205
BTC,2020-04-07,7324.71438682949,7502.7988722206,7076.12037672171,7182.0694610853,7206888201.2557,981773.757374415,7206.888201255701
BTC,2020-04-08,7182.0694610853,7478.39386146294,7158.77539612841,7419.50678996563,5530723925.04608,754019.6528513,5530.72392504608
BTC,2020-04-09,7419.50678996563,7455.60236662863,7155.6650192531,7288.37088722667,4946876949.35959,675119.20174596,4946.876949359589
BTC,2020-04-10,7288.37088722667,7388.25600759956,6773.95101818922,6884.31714076024,6108286660.04862,871136.194256811,6108.28666004862
BTC,2020-04-11,6884.31714076024,7074.06594209398,6746.82123363755,6876.54354385171,4085565755.26126,590723.873142854,4085.56575526126
BTC,2020-04-12,6876.54354385171,7354.9793550599,6819.19797349768,6934.91789792915,4950847050.81747,703614.673620344,4950.84705081747
BTC,2020-04-13,6934.91789792915,7080.52586485887,6647.1393137275,6858.63583836966,5481329032.9495,807690.53153442,5481.3290329495
BTC,2020-04-14,6858.63583836966,7180.6130239081,6785.83260544847,7092.60984616508,4919380571.90989,705853.98745683,4919.38057190989
BTC,2020-04-15,7092.60984616508,7138.4624982473,6636.7539706537,6854.77180372965,4895553396.31645,710564.136415382,4895.55339631645
BTC,2020-04-16,6854.77180372965,7258.68201814751,6517.69901715388,7101.25897789595,7102284414.55496,1021349.71491937,7102.284414554961
BTC,2020-04-17,7101.25897789595,7243.12467142289,7007.76843049623,7044.99750434058,4089012567.01217,572238.986030471,4089.0125670121697
BTC,2020-04-18,7044.99750434058,7319.23385749562,7044.99750434058,7278.67435839077,4117441047.9726,571961.015371687,4117.4410479726
BTC,2020-04-19,7278.67435839077,7290.27421202041,7037.74734389691,7196.7378868904,3861516911.62983,535765.828681195,3861.51691162983
BTC,2020-04-20,7196.7378868904,7272.51861255564,6791.05210004105,6956.9807038754,5657049256.07626,800447.814300072,5657.04925607626
BTC,2020-04-21,6956.9807038754,7038.29108617811,6774.98665436331,6900.31758940102,3973442722.93651,573171.541933727,3973.44272293651
BTC,2020-04-22,6900.31758940102,7222.73782801357,6803.57386218409,7207.93050757476,4268449352.53262,605274.407789161,4268.44935253262
BTC,2020-04-23,7207.93050757476,7640.30517762442,7007.07629963123,7496.42300165878,6593626879.33852,896872.8255073,6593.62687933852
BTC,2020-04-24,7496.42300165878,7601.65793737026,7395.10385550935,7520.88587306134,4656378160.71619,619074.556508247,4656.37816071619
BTC,2020-04-25,7520.88587306134,7675.12443197078,7393.79353809188,7562.90554105182,4220629739.28612,559245.106033939,4220.62973928612
BTC,2020-04-26,7562.90554105182,7690.5212338548,7438.09466843776,7677.2048449588,4399700681.66735,578777.278116346,4399.70068166735
BTC,2020-04-27,7677.2048449588,7814.63618392531,7584.64969375576,7698.02545541384,5191937701.21914,673164.027301273,5191.93770121914
BTC,2020-04-28,7698.02545541384,7805.15419684538,7570.24950555231,7777.06600578363,4165530375.9644,538574.921958311,4165.5303759644
BTC,2020-04-29,7777.06600578363,8893.6932796625,7704.80435536455,8796.55715768272,10643437653.0836,1280594.37068803,10643.4376530836
BTC,2020-04-30,8796.55715768272,9435.42472719461,8443.00737450922,8646.09346578049,13560582959.7846,1523661.86081722,13560.582959784599
BTC,2020-05-01,8646.09346578049,9039.13687133586,8625.62094346205,8849.40817807646,7240684188.90123,822350.341658941,7240.68418890123
BTC,2020-05-02,8849.40817807646,9009.53723507348,8758.81087308432,8982.09057593528,5697829317.34066,641284.910440671,5697.82931734066
BTC,2020-05-03,8982.09057593528,9151.55605969384,8736.98885419055,8934.84463316123,7608859688.48409,847369.207602362,7608.85968848409
BTC,2020-05-04,8934.84463316123,8976.6737043984,8561.40772951227,8908.78629947007,7331277812.76622,835145.950412791,7331.27781276622
BTC,2020-05-05,8908.78629947007,9068.54930900916,8776.60878428771,9017.98016239598,6966986452.4785,780033.015941643,6966.986452478501
BTC,2020-05-06,9017.98016239598,9446.06036434364,8913.3564656559,9161.25884067051,7704990066.83192,841209.369892829,7704.99006683192
BTC,2020-05-07,9161.25884067051,10009.9469237808,9073.69038138216,9971.23131878634,10417323579.0967,1091074.51080467,10417.323579096701
BTC,2020-05-08,9971.23131878634,10002.8673550673,9703.86153616049,9801.65390836398,7952504820.95221,803375.541600953,7952.50482095221
BTC,2020-05-09,9801.65390836398,9912.5708430186,9542.42100936852,9548.62821173925,7150626512.35504,737556.527849187,7150.626512355039
BTC,2020-05-10,9548.62821173925,9548.62821173925,8223.67776212971,8740.4179326506,12294584806.5051,1414271.33411518,12294.5848065051
BTC,2020-05-11,8740.4179326506,9130.71980161575,8249.65254001456,8641.00220583123,11796395706.3458,1352698.9215702,11796.3957063458
BTC,2020-05-12,8641.00220583123,8989.31967319485,8565.62280399013,8875.79917297786,7392661009.12265,839073.126268171,7392.66100912265
BTC,2020-05-13,8875.79917297786,9382.66386361187,8810.04600065361,9297.38596150461,8064685997.86628,888785.435857486,8064.68599786628
BTC,2020-05-14,9297.38596150461,9870.91397807703,9246.17904135798,9758.49501265674,11110461019.7828,1158405.95775501,11110.4610197828
BTC,2020-05-15,9758.49501265674,9809.78983005409,9215.93254235827,9314.74502176767,9427585841.96692,992229.673083257,9427.58584196692
BTC,2020-05-16,9314.74502176767,9567.58898876144,9221.89444030755,9387.04146504907,5797904918.30677,616589.601064736,5797.90491830677
BTC,2020-05-17,9387.04146504907,9861.89951427569,9328.79597056391,9671.06469824559,6771048221.83915,702693.948761556,6771.048221839151
BTC,2020-05-18,9671.06469824559,9926.21835704417,9520.44067193723,9706.90475344103,7032457807.3954,724543.374507469,7032.4578073954
BTC,2020-05-19,9706.90475344103,9865.66440925832,9487.0120302294,9772.15111515857,6858731544.63972,709154.667804321,6858.73154463972
BTC,2020-05-20,9772.15111515857,9823.81639365705,9363.71595204677,9513.98697325318,6935966438.80961,719313.196038947,6935.966438809611
BTC,2020-05-21,9513.98697325318,9563.16022742857,8828.86481753132,9065.8802917068,7581882341.52444,821133.08321853,7581.88234152444
BTC,2020-05-22,9065.8802917068,9260.06283237237,8938.61023031417,9174.22114726037,5024232868.1122,550462.308723022,5024.2328681122
BTC,2020-05-23,9174.22114726037,9316.73588401701,9091.83597359629,9178.12170710802,4326099044.04611,469375.301183134,4326.09904404611
BTC,2020-05-24,9178.12170710802,9332.77031993338,8732.65709972182,8733.04352827803,5574224026.96364,612875.01489001,5574.22402696364
BTC,2020-05-25,8733.04352827803,9028.58586586304,8665.42708230214,8976.2996446713,5200583263.9936,586847.507653729,5200.5832639936
BTC,2020-05-26,8976.2996446713,9087.54942860743,8723.22396149995,8836.16271690057,4812491526.25499,539919.355819325,4812.491526254989
BTC,2020-05-27,8836.16271690057,9240.19506431958,8826.30003853107,9239.29481173782,5107145241.46264,562484.872093729,5107.14524146264
BTC,2020-05-28,9239.29481173782,9607.64538862432,9120.69391108517,9567.99818292576,6144297583.91842,657327.685282632,6144.29758391842
BTC,2020-05-29,9567.99818292576,9588.68513890952,9341.33088813523,9423.86930534028,6165701307.52735,652861.341512751,6165.701307527351
BTC,2020-05-30,9423.86930534028,9720.48901189674,9339.16435908574,9696.46441073909,4765792359.98388,500388.964925885,4765.7923599838805
BTC,2020-05-31,9696.46441073909,9696.46441073909,9402.78518342815,9450.9515134233,5179400494.83634,543156.955838259,5179.40049483634
BTC,2020-06-01,9450.9515134233,10327.2020842288,9413.51956014319,10189.9790223102,6025232574.59084,621271.28148572,6025.23257459084
BTC,2020-06-02,10189.9790223102,10195.1906104178,9331.71020828937,9532.84938215527,8429346086.38072,856392.745201527,8429.34608638072
BTC,2020-06-03,9532.84938215527,9669.59379760606,9416.55652583746,9663.70697000841,4677370037.40918,489805.621429584,4677.3700374091795
BTC,2020-06-04,9663.70697000841,9870.76081616888,9473.06499217164,9795.62269140986,4780839546.39865,493450.369125517,4780.83954639865
BTC,2020-06-05,9795.62269140986,9838.64522489257,9619.98433630143,9626.47795503711,4188769445.88505,430245.266648436,4188.76944588505
BTC,2020-06-06,9626.47795503711,9737.35559465012,9546.40834183487,9677.23142207293,2746697989.13809,285007.92406971,2746.69798913809
BTC,2020-06-07,9677.23142207293,9795.23562388859,9416.79132187667,9751.28064058002,4046823623.17431,420930.611195792,4046.8236231743103
BTC,2020-06-08,9751.28064058002,9794.81457706191,9659.20968211468,9780.99619651199,3311998766.47751,340552.527654577,3311.99876647751
BTC,2020-06-09,9780.99619651199,9868.77929801647,9627.83464580733,9777.32282153703,3664109413.35232,377101.84539589,3664.10941335232
BTC,2020-06-10,9777.32282153703,9974.78809111646,9716.58467718501,9883.85776375287,4091355770.32124,417174.16079981,4091.35577032124
BTC,2020-06-11,9883.85776375287,9955.99915635947,9159.6721124814,9272.36764252557,6204578364.31912,647484.922350713,6204.578364319121
BTC,2020-06-12,9272.36764252557,9558.80803727958,9240.07610924906,9465.31643360108,3702303374.38869,393058.270590026,3702.30337438869
BTC,2020-06-13,9465.31643360108,9510.72818156061,9374.08756232032,9474.17785160749,2554120981.73402,270593.417404689,2554.12098173402
BTC,2020-06-14,9474.17785160749,9505.58448309903,9261.6836076949,9335.64807084669,2363311619.26347,251329.868798761,2363.31161926347
BTC,2020-06-15,9335.64807084669,9572.93464319157,8924.12839811965,9500.63565042032,5003997542.25132,542069.408941488,5003.99754225132
BTC,2020-06-16,9500.63565042032,9635.57009359084,9379.70169878032,9530.47708115578,3919611895.37541,412363.698685958,3919.61189537541
BTC,2020-06-17,9530.47708115578,9570.62575643761,9258.30439982849,9457.67367065552,3414596542.73526,361452.084112371,3414.59654273526
BTC,2020-06-18,9457.67367065552,9487.40006977589,9277.70690579102,9379.76179791113,2912740306.55693,309639.270991569,2912.74030655693
BTC,2020-06-19,9379.76179791113,9441.59595072186,9237.17188019062,9300.30726072619,3554201243.65906,380814.614706481,3554.20124365906
BTC,2020-06-20,9300.30726072619,9435.75391284097,9193.54638974502,9350.03681802414,2917098217.49974,313330.806589834,2917.0982174997403
BTC,2020-06-21,9350.03681802414,9500.512576363,9281.44035019803,9286.00592889455,2615032181.51537,279417.773219991,2615.0321815153698
BTC,2020-06-22,9286.00592889455,9751.27687172905,9271.73263610806,9691.18891001144,4048007880.34484,425589.390917355,4048.00788034484
BTC,2020-06-23,9691.18891001144,9736.23821909318,9584.26740875026,9623.62738620504,3043467816.01991,315635.972443491,3043.46781601991
BTC,2020-06-24,9623.62738620504,9671.27909712342,9209.44713444929,9290.90001196646,3595463915.3805,382160.980028393,3595.4639153804997
BTC,2020-06-25,9290.90001196646,9374.95321350222,9037.34562377122,9261.12661219675,3457365581.19903,374760.748069979,3457.3655811990297
BTC,2020-06-26,9261.12661219675,9348.58844545249,9046.43448514927,9158.20219830445,3252656844.67967,354405.636771357,3252.65684467967
BTC,2020-06-27,9158.20219830445,9279.93276017552,8863.64299360632,9014.37949959402,2775324988.84463,305610.425178267,2775.32498884463
BTC,2020-06-28,9014.37949959402,9310.53060299361,8952.03986886976,9122.15583492354,1928741152.12292,212240.860697819,1928.74115212292
BTC,2020-06-29,9122.15583492354,9297.48840215718,9025.06507486145,9187.70772585798,2351725471.38312,257456.188457689,2351.72547138312
BTC,2020-06-30,9187.70772585798,9257.55686481264,9072.58042668163,9151.48059555084,2337176977.15018,255114.852195302,2337.17697715018
BTC,2020-07-01,9151.48059555084,9335.03889500619,9102.43884363741,9238.68796305122,2047081689.55763,222254.787111985,2047.0816895576302
BTC,2020-07-02,9238.68796305122,9365.83529759201,8960.73450928635,9090.71684868815,3189989200.68879,348587.619212725,3189.98920068879
BTC,2020-07-03,9090.71684868815,9193.53654569872,9054.70033467411,9077.5693435839,2019388596.71109,221657.291882678,2019.38859671109
BTC,2020-07-04,9077.5693435839,9231.03515117417,9054.61350888127,9199.48374811664,1420126292.44577,155430.197441935,1420.12629244577
BTC,2020-07-05,9199.48374811664,9205.63689823967,8942.09125574523,9084.22499513658,1849657545.4512,203667.724893233,1849.6575454512001
BTC,2020-07-06,9084.22499513658,9376.19123105891,9070.10119510633,9342.21069384062,3141623475.38316,339909.539583028,3141.62347538316
BTC,2020-07-07,9342.21069384062,9371.03634518282,9210.90901402535,9258.70267718087,2259271582.59501,243673.134681691,2259.27158259501
BTC,2020-07-08,9258.70267718087,9468.34497255975,9240.43208869379,9434.09323919054,2875793132.7125,307248.756307852,2875.7931327125
BTC,2020-07-09,9434.09323919054,9439.07220559233,9179.97879415124,9237.95181407941,2535986605.15294,272171.225284961,2535.98660515294
BTC,2020-07-10,9237.95181407941,9314.25514655381,9133.14469450676,9292.76555662409,2211197665.01578,240386.387887126,2211.19766501578
BTC,2020-07-11,9292.76555662409,9310.98674434069,9186.49080371689,9237.055586659,1476471990.94281,159812.766830101,1476.47199094281
BTC,2020-07-12,9237.055586659,9334.76641185055,9170.1658764512,9301.43648076496,1698014720.00667,183500.435331539,1698.01472000667
BTC,2020-07-13,9301.43648076496,9349.20872145549,9203.06088115671,9238.91703811033,2426661221.96985,261588.80786724,2426.66122196985
BTC,2020-07-14,9238.91703811033,9286.29211545515,9127.89362744174,9249.50765728192,2391687382.91094,259559.550200362,2391.68738291094
BTC,2020-07-15,9249.50765728192,9310.95937348309,9165.93621159323,9196.22518054187,2088313935.64727,226405.9146158,2088.31393564727
BTC,2020-07-16,9196.22518054187,9221.1136185893,9040.62331792458,9133.22102443796,2595429961.16825,284436.67570527,2595.42996116825
BTC,2020-07-17,9133.22102443796,9202.49762588936,9090.04945748354,9190.16402227187,1897020553.47776,207484.11966929,1897.0205534777601
BTC,2020-07-18,9190.16402227187,9223.08016386751,9128.25560251846,9199.70458550249,1440618966.65897,156966.976223023,1440.61896665897
BTC,2020-07-19,9199.70458550249,9236.22109510927,9108.6980549161,9208.64012901127,1413758899.36681,154223.2374982,1413.75889936681
BTC,2020-07-20,9208.64012901127,9289.38128908598,9141.37772804736,9191.36788919978,1802784386.68674,196309.042640589,1802.78438668674
BTC,2020-07-21,9191.36788919978,9438.2610276427,9167.46963409601,9393.46927473282,2911170563.00115,311819.074001626,2911.17056300115
BTC,2020-07-22,9393.46927473282,9542.07209371302,9299.54852118632,9531.85160958969,2537814789.84176,270310.825376852,2537.81478984176
BTC,2020-07-23,9531.85160958969,9656.75101028704,9467.3265704182,9608.22007304956,2959403295.21213,310087.155968619,2959.40329521213
BTC,2020-07-24,9608.22007304956,9650.19696062322,9484.53951611583,9549.51963017547,2638783722.75531,276107.711134342,2638.78372275531
BTC,2020-07-25,9549.51963017547,9740.88665260041,9542.59022776136,9706.50154629203,2794137125.46194,290116.939265943,2794.13712546194
BTC,2020-07-26,9706.50154629203,10111.8179419107,9648.59076514666,9942.71401285302,4069615131.50425,411759.344666225,4069.6151315042503
BTC,2020-07-27,9942.71401285302,11378.1901810272,9938.03508128966,11036.7393065731,9715542003.33026,921240.940872608,9715.54200333026
BTC,2020-07-28,11036.7393065731,11241.1042147477,10603.6417173409,10919.8556552348,7456645811.93991,679656.823125747,7456.64581193991
BTC,2020-07-29,10919.8556552348,11335.9859709758,10856.9371013732,11113.977042444,5873141519.33965,528638.176850389,5873.141519339651
BTC,2020-07-30,11113.977042444,11180.8893666926,10873.2168832141,11114.4610092257,4592085805.9276,416183.939940173,4592.0858059276
BTC,2020-07-31,11114.4610092257,11447.539499474,10964.1533626582,11351.5430232964,5253850404.27689,468683.768600874,5253.85040427689
BTC,2020-08-01,11351.5430232964,11868.256926613,11245.2865421785,11814.9456927668,5897321951.58336,507330.470845098,5897.32195158336
BTC,2020-08-02,11814.9456927668,12099.9838759232,10735.7941933681,11067.9597735259,7378566233.07152,651133.036935488,7378.5662330715195
BTC,2020-08-03,11067.9597735259,11477.0970029672,10971.1819146534,11231.253843676,4060122983.05144,360452.47505695,4060.12298305144
BTC,2020-08-04,11231.253843676,11420.9295355264,11060.3202151025,11195.8608235587,4324070229.02176,384720.541042981,4324.07022902176
BTC,2020-08-05,11195.8608235587,11790.0978525301,11123.1687156147,11758.0533726969,5538094645.30135,482031.835988194,5538.094645301349
BTC,2020-08-06,11758.0533726969,11910.8758266706,11586.6901644529,11771.1881935415,5241168516.78698,445737.25241611,5241.16851678698
BTC,2020-08-07,11771.1881935415,11899.9886727126,11356.2452867711,11614.7218569286,5434678423.13665,465236.954410572,5434.67842313665
BTC,2020-08-08,11614.7218569286,11823.2853496466,11542.7414856427,11777.1026053991,3239641836.31636,277055.303410416,3239.64183631636
BTC,2020-08-09,11777.1026053991,11812.9923379396,11538.9688217339,11694.4612084789,2961042023.12378,253605.749410559,2961.04202312378
BTC,2020-08-10,11694.4612084789,12065.8992610969,11562.099310965,11897.7501143332,5560599565.91319,467788.928703443,5560.5995659131895
BTC,2020-08-11,11897.7501143332,11936.808913529,11154.4338728849,11396.7438904613,6049910186.41616,521944.922896944,6049.910186416159
BTC,2020-08-12,11396.7438904613,11626.6579981988,11201.0546650454,11579.2310031057,4535632859.7842,395692.500594197,4535.632859784199
BTC,2020-08-13,11579.2310031057,11792.4709169211,11295.7840494046,11780.9029293741,4595906004.48658,397808.7499086,4595.90600448658
BTC,2020-08-14,11780.9029293741,11852.5657837696,11662.3513931019,11776.6494852842,3909955724.59911,332583.133033772,3909.95572459911
BTC,2020-08-15,11776.6494852842,11977.9054101299,11734.097460448,11859.3632764381,3971626804.43097,334360.420223045,3971.62680443097
BTC,2020-08-16,11859.3632764381,11931.7412856242,11709.3730938199,11915.551267586,3318291440.35878,280118.742693851,3318.2914403587797
BTC,2020-08-17,11915.551267586,12446.3749977105,11793.3833602208,12289.4162465931,5902887195.49474,487340.727983143,5902.88719549474
BTC,2020-08-18,12289.4162465931,12411.2380979973,11872.4581703686,11978.094631518,5457861210.69295,449839.012218514,5457.86121069295
BTC,2020-08-19,11978.094631518,12011.8912928393,11612.6947449753,11753.607402852,5044543614.02428,428149.198237847,5044.54361402428
BTC,2020-08-20,11753.607402852,11921.0631854589,11687.0317781562,11872.4459646607,3216448038.81852,272433.466066091,3216.44803881852
BTC,2020-08-21,11872.4459646607,11895.5416037137,11501.082926566,11529.1326373421,4060462347.99736,346278.298842288,4060.46234799736
BTC,2020-08-22,11529.1326373421,11765.6029059728,11380.9117114517,11678.1463519109,3067898875.34925,265524.599549285,3067.89887534925
BTC,2020-08-23,11678.1463519109,11732.8266363708,11528.7671307428,11652.6965735495,2346563664.48656,201768.321532291,2346.56366448656
BTC,2020-08-24,11652.6965735495,11833.3559221142,11600.5468145678,11771.9887459104,2866335540.23693,244084.299918595,2866.33554023693
BTC,2020-08-25,11771.9887459104,11790.1503368646,11144.1443498336,11334.2521266748,4671652720.92234,407184.744151875,4671.65272092234
BTC,2020-08-26,11334.2521266748,11539.9507556233,11267.9650605322,11462.8624022718,3951503954.20571,346225.778126655,3951.5039542057098
BTC,2020-08-27,11462.8624022718,11569.5197822844,11139.1100998721,11321.4927768167,4333196793.10874,381895.549275453,4333.19679310874
BTC,2020-08-28,11321.4927768167,11583.9150655834,11302.5465646803,11533.1050139327,3429925883.20566,299455.531280332,3429.92588320566
BTC,2020-08-29,11533.1050139327,11657.3529559945,11436.4444374096,11474.8363395285,2256010520.42388,195951.357113342,2256.0105204238803
BTC,2020-08-30,11474.8363395285,11741.2589835196,11468.2835089524,11712.4900927385,2579566941.08416,222037.232601132,2579.5669410841597
BTC,2020-08-31,11712.4900927385,11809.1655542894,11574.7912362015,11680.0334313373,3341175739.2145,285874.247718205,3341.1757392145
BTC,2020-09-01,11680.0334313373,12050.4096224261,11560.1143826416,11922.6469236938,4841035387.44628,407704.469148012,4841.03538744628
BTC,2020-09-02,11922.6469236938,11964.9998994879,11222.2096027059,11403.7637041681,5790124287.1947,502145.714394281,5790.124287194701
BTC,2020-09-03,11403.7637041681,11456.006349481,10057.1701447476,10173.1401308123,7795995171.54306,717541.403685752,7795.995171543061
BTC,2020-09-04,10173.1401308123,10626.8358666675,10005.0289866879,10484.64592283,6332848112.6005,610746.17080322,6332.8481126005
BTC,2020-09-05,10484.64592283,10574.6932808494,9906.74704271081,10173.4383593761,6119414199.73598,599216.969479408,6119.41419973598
BTC,2020-09-06,10173.4383593761,10350.1279858932,10014.2732488533,10259.0252459539,3745700055.72586,366927.445446083,3745.7000557258602
BTC,2020-09-07,10259.0252459539,10401.7314331795,9900.187030398,10374.8515352505,3968667484.47826,391238.38068109,3968.66748447826
BTC,2020-09-08,10374.8515352505,10431.9558739282,9875.78242922402,10126.7840716942,4607711434.77413,455770.636325274,4607.71143477413
BTC,2020-09-09,10126.7840716942,10343.3650902039,9991.95651902787,10225.0875832591,2903886679.93862,284836.444657388,2903.88667993862
BTC,2020-09-10,10225.0875832591,10475.2058483554,10225.0875832591,10341.9430819595,3555639099.18457,343770.790484699,3555.6390991845697
BTC,2020-09-11,10341.9430819595,10397.6925143336,10217.0376859415,10390.8900101108,2709133392.97147,263006.215304964,2709.1333929714697
BTC,2020-09-12,10390.8900101108,10473.6933739798,10277.2775996211,10444.82900808,2111024624.45387,203547.619952796,2111.0246244538703
BTC,2020-09-13,10444.82900808,10573.1381220821,10227.6218049348,10331.4465059812,2758574538.86268,265467.055420035,2758.57453886268
BTC,2020-09-14,10331.4465059812,10744.6865145522,10269.3824576947,10671.5989084194,3628130519.68798,344465.364998603,3628.1305196879803
BTC,2020-09-15,10671.5989084194,10932.1468816937,10634.0557953647,10790.5305483097,3722867665.58612,345114.435682229,3722.86766558612
BTC,2020-09-16,10790.5305483097,11090.9440593821,10674.1536403559,10954.6383216935,3945944361.87993,361643.22436689,3945.94436187993
BTC,2020-09-17,10954.6383216935,11046.1767412997,10763.3809171983,10942.4970165505,3336372968.69841,306362.49756083,3336.37296869841
BTC,2020-09-18,10942.4970165505,11029.9874265868,10821.0664457349,10937.6140823815,2740692263.4404,250880.069235753,2740.6922634404
BTC,2020-09-19,10937.6140823815,11162.7904627343,10898.1098386669,11083.7460368869,2220671923.17552,201428.651089549,2220.67192317552
BTC,2020-09-20,11083.7460368869,11083.7460368869,10777.8894874083,10922.7788838165,2449734662.12441,224463.865009639,2449.73466212441
BTC,2020-09-21,10922.7788838165,10983.2665576528,10337.5709317653,10421.821494943,4204642891.44095,396138.547225312,4204.64289144095
BTC,2020-09-22,10421.821494943,10569.9364086798,10363.6847774389,10535.0045451779,3449415046.41986,329605.772359497,3449.4150464198597
BTC,2020-09-23,10535.0045451779,10535.0045451779,10150.7919857779,10231.6307459128,3453915766.48815,331859.564981319,3453.91576648815
BTC,2020-09-24,10231.6307459128,10779.7374094202,10206.7984041443,10736.4653105566,3602039575.1762,343960.638274775,3602.0395751762
BTC,2020-09-25,10736.4653105566,10763.7581682335,10561.8280695051,10692.6356047524,3425137092.28202,321255.946481944,3425.13709228202
BTC,2020-09-26,10692.6356047524,10796.9775110833,10657.2010643487,10730.8636925432,2509060690.35813,234058.892000993,2509.06069035813
BTC,2020-09-27,10730.8636925432,10807.086792347,10616.3184186047,10774.4086261163,2184424720.43692,203797.531381898,2184.4247204369203
BTC,2020-09-28,10774.4086261163,10947.3850706615,10677.9228483213,10695.8133215283,3513736277.87423,323132.231912902,3513.73627787423
BTC,2020-09-29,10695.8133215283,10855.8284438838,10645.8188744008,10848.5659049815,3301575607.68578,307590.753769115,3301.57560768578
BTC,2020-09-30,10848.5659049815,10851.6813896012,10672.70823851,10784.266015926,2919480464.16493,271646.279054884,2919.48046416493
BTC,2020-10-01,10784.266015926,10915.5313280122,10467.2627027409,10623.2260617153,4055691820.95271,378165.871363734,4055.6918209527103
BTC,2020-10-02,10623.2260617153,10668.7492716067,10396.8435443728,10580.4211386842,3744761883.60772,355961.107157526,3744.76188360772
BTC,2020-10-03,10580.4211386842,10605.3088383873,10514.0282818992,10556.5555355343,2082541620.39953,197284.129881192,2082.54162039953
BTC,2020-10-04,10556.5555355343,10694.6440399573,10533.2053117891,10682.7638617614,2067538594.8487,194733.544144652,2067.5385948487
BTC,2020-10-05,10682.7638617614,10794.913705387,10633.4144125431,10794.913705387,2753970877.33105,257115.155933464,2753.97087733105
BTC,2020-10-06,10794.913705387,10845.6769322429,10538.0748855516,10607.002857884,2983621333.3906,279126.661734524,2983.6213333906003
BTC,2020-10-07,10607.002857884,10681.5139477486,10557.6277027996,10675.5299841504,2177248364.85712,204943.110429338,2177.24836485712
BTC,2020-10-08,10675.5299841504,10949.1657808211,10552.0464629623,10927.9946157921,3527385310.90358,327432.768002103,3527.3853109035804
BTC,2020-10-09,10927.9946157921,11106.9885864905,10847.7063110597,11060.6767626737,3175794935.75357,288637.003315207,3175.79493575357
BTC,2020-10-10,11060.6767626737,11455.6620488295,11060.6273078954,11300.5914423382,3190471699.54413,281330.544100704,3190.47169954413
BTC,2020-10-11,11300.5914423382,11436.7975969955,11279.7895039165,11373.5221892592,2263792852.423,199175.95397608,2263.7928524229997
BTC,2020-10-12,11373.5221892592,11718.2387571589,11233.4734270216,11539.3047487149,4098005317.92377,357499.688306603,4098.00531792377
BTC,2020-10-13,11539.3047487149,11555.9872992173,11319.825431163,11427.2750478001,3480770893.32652,304192.842965543,3480.77089332652
BTC,2020-10-14,11427.2750478001,11542.4752226563,11301.718865348,11424.9324427832,3228997378.43504,282996.561853212,3228.99737843504
BTC,2020-10-15,11424.9324427832,11600.3521001439,11282.8994682747,11514.6858187381,3718640575.72521,325595.445905695,3718.64057572521
BTC,2020-10-16,11514.6858187381,11578.6348922709,11185.4676726988,11330.2004109902,3683132202.86968,324536.072335463,3683.13220286968
BTC,2020-10-17,11330.2004109902,11407.2065951407,11283.6476596892,11370.8721376176,2142708237.6367,188774.655887262,2142.7082376367
BTC,2020-10-18,11370.8721376176,11514.7598621066,11362.2215392131,11514.7598621066,1855993459.59033,162240.084244271,1855.9934595903298
BTC,2020-10-19,11514.7598621066,11813.9328501931,11423.918486182,11764.7797306918,3874712112.40418,333151.091316038,3874.71211240418
BTC,2020-10-20,11764.7797306918,12032.1804578933,11662.0216062921,11929.1257898298,4866645726.09691,409915.40429101,4866.64572609691
BTC,2020-10-21,11929.1257898298,13210.0272400775,11919.9796881766,12818.1779551961,8441275388.32163,672608.859143741,8441.27538832163
BTC,2020-10-22,12818.1779551961,13182.9040002928,12700.3592741325,12975.8080278772,5811400234.85039,449482.370793883,5811.40023485039
BTC,2020-10-23,12975.8080278772,13030.6326601695,12750.0991852119,12938.7752350862,4016220771.42249,310806.572075288,4016.22077142249
BTC,2020-10-24,12938.7752350862,13168.4445607818,12889.4733975914,13127.4639473113,3159180316.26267,242302.301622105,3159.18031626267
BTC,2020-10-25,13127.4639473113,13344.7695393021,12916.2162626358,13038.2990820896,3365041283.48565,257508.441820064,3365.04128348565
BTC,2020-10-26,13038.2990820896,13231.6232824939,12804.4553900429,13069.5502982544,4471948810.82003,342541.152730192,4471.94881082003
BTC,2020-10-27,13069.5502982544,13783.0527017526,13067.8373874455,13646.5458450135,6248272723.14516,465342.99654302,6248.27272314516
BTC,2020-10-28,13646.5458450135,13846.3155662858,12915.8576084748,13281.8442701427,6755142524.38151,504527.211994054,6755.14252438151
BTC,2020-10-29,13281.8442701427,13635.9057883554,12986.4074572866,13458.9959620919,4980721637.8231,373649.689790582,4980.7216378231005
BTC,2020-10-30,13458.9959620919,13676.7661176125,13138.0410592694,13567.5568041081,5402116055.37328,403068.84059525,5402.11605537328
BTC,2020-10-31,13567.5568041081,14020.8256798547,13445.0831291785,13801.3834959702,5269565611.2448,383075.684083323,5269.5656112448
BTC,2020-11-01,13801.3834959702,13884.618061283,13629.4047320656,13762.2235164788,3401647027.1004,247274.086065239,3401.6470271004
BTC,2020-11-02,13762.2235164788,13825.8737718426,13228.7759320645,13565.4857897092,4711037858.41957,347658.514609581,4711.03785841957
BTC,2020-11-03,13565.4857897092,14060.3719959801,13312.3328668528,14018.3308531961,4954119220.84729,363347.308522717,4954.11922084729
BTC,2020-11-04,14018.3308531961,14249.4148192844,13570.3601546076,14155.0471342057,6454370049.30071,464024.701569892,6454.37004930071
BTC,2020-11-05,14155.0471342057,15726.7677745998,14122.2871081357,15595.7718768751,10328624723.7145,695700.11896404,10328.6247237145
BTC,2020-11-06,15595.7718768751,15953.6474399205,15232.8168126238,15585.520544557,8977464560.79708,575894.082368289,8977.46456079708
BTC,2020-11-07,15585.520544557,15760.0113321657,14428.6254663622,14844.0726126198,8566856832.17738,564933.674276694,8566.85683217738
BTC,2020-11-08,14844.0726126198,15654.4499393901,14747.4044818195,15488.7180600669,5122440252.53288,336064.135495361,5122.44025253288
BTC,2020-11-09,15488.7180600669,15795.1866458304,14856.833651399,15330.3539426136,7765158152.19013,506178.133577068,7765.15815219013
BTC,2020-11-10,15330.3539426136,15458.6862532176,15105.6727717087,15314.2732888852,5313079223.79076,347099.444675767,5313.07922379076
BTC,2020-11-11,15314.2732888852,15962.7166177425,15290.464148009,15704.8806554678,5849095040.72618,374197.346520798,5849.09504072618
BTC,2020-11-12,15704.8806554678,16333.7543135369,15504.265351052,16297.3567012793,8175075990.96717,512584.995727492,8175.07599096717
BTC,2020-11-13,16297.3567012793,16494.6454527915,15987.8179072042,16328.2672144497,6088699525.46442,374094.846192489,6088.699525464421
BTC,2020-11-14,16328.2672144497,16330.1427468473,15733.24084806,16077.9656982454,4428465234.00407,276906.062586644,4428.46523400407
BTC,2020-11-15,16077.9656982454,16148.552903125,15795.5014956403,15962.1115572342,3881178123.66538,242874.809721262,3881.17812366538
BTC,2020-11-16,15962.1115572342,16875.4454860858,15883.8514992559,16708.2990479659,6437651089.23299,391755.69594651,6437.651089232991
BTC,2020-11-17,16708.2990479659,17831.6748890383,16577.2961526439,17668.908331884,8529945859.89629,495871.951153892,8529.94585989629
BTC,2020-11-18,17668.908331884,18468.8284225221,17316.870368913,17835.7087250275,12564419937.5429,702759.213045495,12564.4199375429
BTC,2020-11-19,17835.7087250275,18179.3600117034,17397.4560635496,17817.7621238241,7503503038.21525,420881.007553568,7503.50303821525
BTC,2020-11-20,17817.7621238241,18802.1755908207,17779.3128640299,18675.5462601674,7384915157.01303,402253.417824837,7384.91515701303
BTC,2020-11-21,18675.5462601674,18970.4020848675,18406.761528729,18683.8382743241,7064202940.85175,377688.708467726,7064.20294085175
BTC,2020-11-22,18683.8382743241,18727.5196734164,17642.0893569108,18423.4482593986,7121494189.65629,388425.278681201,7121.4941896562905
BTC,2020-11-23,18423.4482593986,18725.2812387397,17997.5555667476,18365.9472311334,7218007285.7987,392021.571778061,7218.007285798701
BTC,2020-11-24,18365.9472311334,19366.5373888619,18103.046652813,19118.1212264696,10488664948.802,556083.536407952,10488.664948802
BTC,2020-11-25,19118.1212264696,19441.5580695665,18554.1092454929,18716.597689569,7951901450.08156,418081.45220092,7951.90145008156
BTC,2020-11-26,18716.597689569,18901.7265310422,16284.976902777,17170.1629922405,14274163536.3449,825790.591655924,14274.1635363449
BTC,2020-11-27,17170.1629922405,17469.1425627322,16499.9966177891,17139.9407519173,7339902071.22827,432411.713131349,7339.90207122827
BTC,2020-11-28,17139.9407519173,17881.1223898559,16901.179496928,17747.7230225413,5720187097.50216,328478.204005556,5720.18709750216
BTC,2020-11-29,17747.7230225413,18336.9790166315,17561.2810192102,18200.8370844748,4804212690.06807,266577.594449051,4804.2126900680705
BTC,2020-11-30,18200.8370844748,19794.0970308142,18200.8370844748,19667.5007343055,9363189421.43202,491092.089593656,9363.18942143202
BTC,2020-12-01,19667.5007343055,19894.3589611343,18231.1305300596,18789.9257000042,11103375178.4486,578215.283651281,11103.375178448601
BTC,2020-12-02,18789.9257000042,19337.2659162503,18364.212773424,19224.1305513393,6322484914.35418,333845.581203944,6322.484914354181
BTC,2020-12-03,19224.1305513393,19594.1961366032,18933.641583366,19448.8607442943,5187861368.53796,268697.640140522,5187.86136853796
BTC,2020-12-04,19448.8607442943,19526.6878976169,18656.5357225404,18674.3518102332,5691839142.29653,298558.619561542,5691.83914229653
BTC,2020-12-05,18674.3518102332,19187.5713085221,18551.6822613594,19165.8438974842,3565494149.92442,187733.939536744,3565.49414992442
BTC,2020-12-06,19165.8438974842,19406.6537989542,18904.0564217058,19381.4358796147,3226039562.64931,168297.284152169,3226.03956264931
BTC,2020-12-07,19381.4358796147,19424.4993110054,18925.8022272822,19187.763155816,3954786118.19969,206086.710420556,3954.78611819969
BTC,2020-12-08,19187.763155816,19286.9538883318,18253.6498609032,18324.9769050087,5926391279.03792,314622.15561194,5926.39127903792
BTC,2020-12-09,18324.9769050087,18644.5655532625,17658.6281629722,18562.2248181049,7025965646.05576,385616.763997628,7025.965646055761
BTC,2020-12-10,18562.2248181049,18564.5604942843,17930.2219940597,18253.1866479509,5477826245.48423,299764.919206183,5477.82624548423
BTC,2020-12-11,18253.1866479509,18291.998981591,17613.3933938689,18039.7802459044,6087212036.69662,339717.879039467,6087.21203669662
BTC,2020-12-12,18039.7802459044,18931.1732311739,18039.7802459044,18796.2128174809,4730126858.9937,255745.847716461,4730.1268589937
BTC,2020-12-13,18796.2128174809,19418.6367194168,18743.3147660359,19173.81442723,6112705433.31538,319063.300270702,6112.70543331538
BTC,2020-12-14,19173.81442723,19338.017741041,19005.816521931,19261.7011273338,4580173468.66897,239015.03583458,4580.17346866897
BTC,2020-12-15,19261.7011273338,19553.4580925496,19083.0547440218,19438.8601450301,6078717595.4233,313959.409308798,6078.7175954233
BTC,2020-12-16,19438.8601450301,21491.3788503955,18741.1694415909,21354.4080754298,12916872457.1132,637717.754852004,12916.872457113199
BTC,2020-12-17,21354.4080754298,23665.5237237151,21253.052482367,22819.8456124226,19528689198.5654,860275.627366752,19528.6891985654
BTC,2020-12-18,22819.8456124226,23255.196211525,22377.1142935483,23135.7560798906,10059796574.6925,439783.809137611,10059.796574692498
BTC,2020-12-19,23135.7560798906,24106.2690159957,22817.2104000944,23861.6771924341,8637396921.2581,368260.376147852,8637.3969212581
BTC,2020-12-20,23861.6771924341,24251.2931077365,23122.5771092399,23488.7747822642,8503995309.23267,360160.042344104,8503.99530923267
BTC,2020-12-21,23488.7747822642,24108.9517434159,22112.0838001609,22743.6464887522,11092137722.2007,479516.981808708,11092.137722200701
BTC,2020-12-22,22743.6464887522,23834.6757304304,22403.1118303011,23827.4312815865,9502414420.75207,411440.039506107,9502.41442075207
BTC,2020-12-23,23827.4312815865,24056.7930135939,22723.4617216892,23275.9181453675,12222538648.938,519941.60326024,12222.538648938
BTC,2020-12-24,23275.9181453675,23794.3369861818,22760.3707029009,23739.9969021727,8683983675.74047,373829.327097674,8683.98367574047
BTC,2020-12-25,23739.9969021727,24748.8834698043,23450.6366103882,24684.0177155461,10053323973.5924,417010.181324808,10053.3239735924
BTC,2020-12-26,24684.0177155461,26786.4603788884,24519.4521632251,26472.3048620795,11347463619.5912,445871.769188508,11347.4636195912
BTC,2020-12-27,26472.3048620795,28365.195519188,25846.1951466079,26244.3979774799,17020871465.0714,627955.289938855,17020.8714650714
BTC,2020-12-28,26244.3979774799,27420.2373397911,26131.753732517,27055.8675960945,11796176356.0086,437385.984513976,11796.1763560086
BTC,2020-12-29,27055.8675960945,27391.2362985809,25933.8074183474,27381.8120727193,10580058564.3759,396659.358337367,10580.0585643759
BTC,2020-12-30,27381.8120727193,28966.778338541,27381.8120727193,28878.7491611544,13468331383.4693,478302.096219895,13468.3313834693
BTC,2020-12-31,28878.7491611544,29271.4325892922,28059.9827349034,28979.3222619658,13240172510.278,459392.424171508,13240.172510278
BTC,2021-01-01,28979.3222619658,29645.4282806949,28771.0988347972,29389.3213460805,10241981762.0961,349988.788521624,10241.9817620961
BTC,2021-01-02,29389.3213460805,33220.6985406733,29067.5017562862,32204.4060882031,19730006084.4886,631617.055954242,19730.006084488603
BTC,2021-01-03,32204.4060882031,34767.4135088688,32071.7239629837,33050.0373376062,20897789098.6615,622528.805394588,20897.7890986615
BTC,2021-01-04,33050.0373376062,33668.5629708449,28339.0324313045,32074.3115511574,22893139106.8221,727332.110347529,22893.139106822102
BTC,2021-01-05,32074.3115511574,34465.9649035393,30116.619418513,34035.598151908,18450909507.4925,572495.282606186,18450.9095074925
BTC,2021-01-06,34035.598151908,36989.067094986,33467.07628165,36893.4240956537,20006880965.1776,571853.623228938,20006.8809651776
BTC,2021-01-07,36893.4240956537,40339.4293434303,36445.8547497346,39519.7736643907,24237388138.6157,634779.721331659,24237.3881386157
BTC,2021-01-08,39519.7736643907,41979.9567998877,36788.8599936295,40736.1542479504,24740929547.9184,620239.678327491,24740.9295479184
BTC,2021-01-09,40736.1542479504,41430.7585212578,38931.8272625004,40308.7304185015,14092484569.6008,348433.32424129,14092.4845696008
BTC,2021-01-10,40308.7304185015,41464.0814167823,35258.3473093569,38290.515852761,19679666597.4818,503724.233276845,19679.6665974818
BTC,2021-01-11,38290.515852761,38309.3936508163,30374.1349367729,35550.7990714535,35298595143.3174,1043848.34132775,35298.5951433174
BTC,2021-01-12,35550.7990714535,36634.9015024343,32631.5327050698,34095.1621488013,20830842191.8418,598455.552967313,20830.8421918418
BTC,2021-01-13,34095.1621488013,37669.7122828392,32481.0830881972,37400.4308787808,18441945307.5004,531253.049816463,18441.945307500402
BTC,2021-01-14,37400.4308787808,40088.0164034813,36838.2592937138,39185.3108948774,17220674670.3026,445881.771978569,17220.6746703026
BTC,2021-01-15,39185.3108948774,39623.9228594337,34525.508043139,36839.6305380535,19726199016.1002,534043.360445674,19726.1990161002
BTC,2021-01-16,36839.6305380535,37911.3430029534,35474.244052439,36081.1602147202,17486098367.0557,475133.742504332,17486.0983670557
BTC,2021-01-17,36081.1602147202,36788.4836140142,33921.0488450006,35826.2364690777,12932882229.4189,364479.810677267,12932.8822294189
BTC,2021-01-18,35826.2364690777,37402.7205186994,34828.5384532289,36637.6966419414,12614825002.4955,348959.431857695,12614.825002495501
BTC,2021-01-19,36637.6966419414,37809.9205689981,35983.2957290893,35983.2957290893,13635044524.3584,369519.041399632,13635.0445243584
BTC,2021-01-20,35983.2957290893,36416.9196113606,33524.2214239808,35538.1364151362,15537073345.1577,443682.202603056,15537.0733451577
BTC,2021-01-21,35538.1364151362,35630.0569917815,30132.997137095,30825.698086867,20882318019.0144,642891.028799331,20882.3180190144
BTC,2021-01-22,30825.698086867,33846.0647041644,28866.3167078953,33024.8329479714,18956867466.1729,603777.398815383,18956.867466172902
BTC,2021-01-23,33024.8329479714,33447.407439197,31471.224028495,32119.9893093566,10034537526.5347,309955.948985348,10034.537526534701
BTC,2021-01-24,32119.9893093566,33029.6396184687,31027.0541622501,32271.9648997127,8313309673.72987,258277.840064153,8313.30967372987
BTC,2021-01-25,32271.9648997127,34857.2154617917,32027.6259700778,32288.5370474562,13462492265.8877,402964.298004171,13462.492265887699
BTC,2021-01-26,32288.5370474562,32886.6411509968,30935.8180081608,32537.857545666,13153324379.2786,411690.849647629,13153.324379278602
BTC,2021-01-27,32537.857545666,32537.857545666,29340.7386842267,30458.0711638745,15055023210.4184,487434.642804009,15055.0232104184
BTC,2021-01-28,30458.0711638745,33793.7358916064,29974.5028327978,33397.9166485297,13544157037.387,424695.951797011,13544.157037387
BTC,2021-01-29,33397.9166485297,38474.2797622395,31992.6448405927,34284.6741806098,32274270684.7148,913432.697233257,32274.2706847148
BTC,2021-01-30,34284.6741806098,34869.8306008331,32907.400456174,34277.8128595616,13772180955.7113,405294.070591742,13772.1809557113
BTC,2021-01-31,34277.8128595616,34304.3478488491,32237.1790520637,33112.7065946175,10296440325.4674,308548.845568957,10296.4403254674
BTC,2021-02-01,33112.7065946175,34644.7728980418,32356.0934789892,33512.6416833693,12787184184.6965,379524.99485043,12787.1841846965
BTC,2021-02-02,33512.6416833693,35930.0274166283,33444.4503742032,35472.6097236885,12870314016.3618,370570.128947088,12870.314016361799
BTC,2021-02-03,35472.6097236885,37613.7489972289,35394.3128182065,37613.7489972289,14361068743.2618,393340.869690404,14361.068743261802
BTC,2021-02-04,37613.7489972289,38625.2120118005,36205.9121113482,36967.84118732,16641421386.1685,444312.668915718,16641.421386168502
BTC,2021-02-05,36967.84118732,38298.8815395665,36669.3829829002,38248.0427781026,12208565528.3314,324539.178250833,12208.565528331399
BTC,2021-02-06,38248.0427781026,40892.1684844008,38238.3275379618,39220.9573682299,16717052626.1174,421224.653227513,16717.052626117398
BTC,2021-02-07,39220.9573682299,39663.525870562,37429.7047641466,38861.9901427614,14244644318.6813,368783.554587084,14244.6443186813
BTC,2021-02-08,38861.9901427614,46480.443614968,38073.9609439891,46342.7016672751,25272345611.3106,596987.426502955,25272.3456113106
BTC,2021-02-09,46342.7016672751,48088.6204232708,45084.4156981653,46479.4103456098,24428177020.48,523849.617401039,24428.177020479998
BTC,2021-02-10,46479.4103456098,47255.1699638781,43837.7838614793,44846.072359375,18136256896.5934,397082.083021574,18136.2568965934
BTC,2021-02-11,44846.072359375,48553.4662166205,44082.5505981225,47992.8833260871,18369135605.4145,393842.16380261,18369.1356054145
BTC,2021-02-12,47992.8833260871,48768.7170969498,46358.8161685703,47396.7466850019,16403661683.86,345003.121520202,16403.661683860002
BTC,2021-02-13,47396.7466850019,48096.1939907578,46366.879138697,47160.7296052015,11922437949.1321,252545.83749271,11922.4379491321
BTC,2021-02-14,47160.7296052015,49591.5863314275,47069.442897227,48654.4957152627,13957156842.7154,287107.090079369,13957.156842715402
BTC,2021-02-15,48654.4957152627,48944.7449997048,46117.7901907545,47935.5077863674,15631712327.613,327902.554049077,15631.712327613
BTC,2021-02-16,47935.5077863674,50314.9682803228,47080.5028330153,49166.6672162532,18764010257.0206,383563.12797041,18764.0102570206
BTC,2021-02-17,49166.6672162532,52586.3133108974,49008.6769237125,52126.9911934531,19117030455.6252,375345.247027186,19117.030455625198
BTC,2021-02-18,52126.9911934531,52536.8821339679,50980.9234275043,51632.4308224497,14355576344.1552,276728.297759013,14355.576344155199
BTC,2021-02-19,51632.4308224497,56223.6108023938,50884.2289022521,55971.8711359096,18684567048.9417,349869.394383423,18684.5670489417
BTC,2021-02-20,55971.8711359096,57554.0170864587,54453.1622434248,56052.4900636912,20341784407.2771,361112.065573421,20341.7844072771
BTC,2021-02-21,56052.4900636912,58376.9267883976,55699.9180933057,57550.822756313,14730781599.5956,257730.696288271,14730.7815995956
BTC,2021-02-22,57550.822756313,57607.4404073291,48579.3750786868,54186.9244533631,31253708116.8304,578640.533688592,31253.7081168304
BTC,2021-02-23,54186.9244533631,54197.3618285006,45100.6047563731,48960.8077850202,37598068570.7296,774001.575105462,37598.0685707296
BTC,2021-02-24,48960.8077850202,51394.2404577315,47121.8674423791,49771.3128687891,22318142957.507,447495.095416675,22318.142957507
BTC,2021-02-25,49771.3128687891,51950.4010053895,46871.58098655,47054.5546276911,19684509075.3341,394602.218494585,19684.5090753341
BTC,2021-02-26,47054.5546276911,48442.7637251772,44325.7211892138,46387.7972375531,26562342874.3259,570570.534435188,26562.342874325903
BTC,2021-02-27,46387.7972375531,48332.7879836541,45178.0012241084,46238.1915529868,16955684701.1963,359825.332063037,16955.6847011963
BTC,2021-02-28,46238.1915529868,46696.0561195847,43207.2951109616,45234.823649694,20476883308.8413,457688.162970277,20476.8833088413
BTC,2021-03-01,45234.823649694,49838.1899673114,45135.3257770988,49682.0926085921,22190442480.1315,464300.4127396,22190.4424801315
BTC,2021-03-02,49682.0926085921,50249.928083854,47171.4393066743,48488.175814668,17796445776.8505,365444.005395828,17796.445776850498
BTC,2021-03-03,48488.175814668,52541.7553390278,48247.3288235315,50432.829991698,21018432337.4871,414548.268223871,21018.4323374871
BTC,2021-03-04,50432.829991698,51697.444166673,47599.6567515467,48410.6719303495,20165791508.2019,408478.658109821,20165.7915082019
BTC,2021-03-05,48410.6719303495,49441.9765936107,46435.605479955,48837.3235160746,19348196881.1591,405201.224134647,19348.1968811591
BTC,2021-03-06,48837.3235160746,49202.186381323,47182.8350144195,48897.1720627471,12763900618.1589,264008.65384124,12763.9006181589
BTC,2021-03-07,48897.1720627471,51433.5091884619,48897.1720627471,50982.1719175322,14686500072.9472,291946.652351938,14686.500072947201
BTC,2021-03-08,50982.1719175322,52349.5841307868,49393.1898420848,52315.43770626,17798657410.9852,350638.507953923,17798.657410985197
BTC,2021-03-09,52315.43770626,54904.392152084,51976.8888159609,54904.392152084,20592846264.5957,381708.317542242,20592.8462645957
BTC,2021-03-10,54904.392152084,57332.7393667066,53218.0906243698,55927.3988501558,26037597802.9466,468887.917536023,26037.597802946602
BTC,2021-03-11,55927.3988501558,58109.9461979755,54422.5190654341,57799.6067876217,24721493486.3483,439037.35406695,24721.4934863483
BTC,2021-03-12,57799.6067876217,58008.641312525,55231.3889525398,57272.1469578519,22299089225.5871,392859.315315899,22299.0892255871
BTC,2021-03-13,57272.1469578519,61700.3554114498,56171.3002839357,61186.2710771734,25120510859.693,424641.604427835,25120.510859693
BTC,2021-03-14,61186.2710771734,61624.6437323189,59106.5350517659,59106.5350517659,17441823177.0705,288768.405984141,17441.8231770705
BTC,2021-03-15,59106.5350517659,60570.7265545277,55131.9401044215,55681.452032207,28382910421.8065,495812.80745413,28382.9104218065
BTC,2021-03-16,55681.452032207,56945.8509968625,53402.7264931665,56945.8509968625,22080386781.7881,399812.89405272,22080.3867817881
BTC,2021-03-17,56945.8509968625,58977.7071491044,54405.737325125,58965.649206165,21926041439.924,389081.520754579,21926.041439924
BTC,2021-03-18,58965.649206165,60076.8199758214,57151.7643440888,57701.0470269185,22488037862.3576,383779.219012692,22488.0378623576
BTC,2021-03-19,57701.0470269185,59469.3861774722,56430.0793351006,58143.0243762907,19491759383.0244,333994.925307476,19491.7593830244
BTC,2021-03-20,58143.0243762907,59915.3033648615,57932.9645966478,58145.9797424363,18062122972.4797,306656.58210432,18062.122972479698
BTC,2021-03-21,58145.9797424363,58594.368837867,55799.7312565356,57377.0672783386,19350421322.3634,338208.166514615,19350.4213223634
BTC,2021-03-22,57377.0672783386,58433.9548703843,53944.3667149806,54220.3842698476,21271856527.532,375696.830035819,21271.856527532
BTC,2021-03-23,54220.3842698476,55871.3989605932,53109.2796916533,54453.6175122283,19939380205.0154,364740.729626686,19939.3802050154
BTC,2021-03-24,54453.6175122283,57178.7655638431,52035.6803859495,52499.5758066772,23453899028.995,426901.098415571,23453.899028994998
BTC,2021-03-25,52499.5758066772,53260.4927481637,50587.8340513382,51454.671432264,22226037883.31,427311.761964777,22226.03788331
BTC,2021-03-26,51454.671432264,55120.7676416274,51397.2416253727,55120.7676416274,18482323786.337,346993.901926309,18482.323786337
BTC,2021-03-27,55120.7676416274,56577.525626263,54076.9169163161,55913.0722694946,15667161862.096,283090.40330188,15667.161862096
BTC,2021-03-28,55913.0722694946,56529.0752969074,54796.268482372,55808.4100699265,17046625833.783,305063.74459508,17046.625833783
BTC,2021-03-29,55808.4100699265,58356.7546835347,54986.0727656308,57649.1086073897,23045660717.9606,403735.034207084,23045.660717960604
BTC,2021-03-30,57649.1086073897,59444.1338644964,57092.2738080018,58825.644162985,20208454999.5593,345663.762834714,20208.4549995593
BTC,2021-03-31,58825.644162985,59829.8631218757,57219.3190964056,58888.9067709399,22304597519.7031,379501.653938068,22304.597519703097
BTC,2021-04-01,58888.9067709399,59525.7259537168,58152.5217268948,58854.2642032084,17825118296.0517,302131.296771206,17825.1182960517
BTC,2021-04-02,58854.2642032084,60195.9553932518,58634.7689496951,58999.4290857968,17153414575.6448,288576.837703047,17153.4145756448
BTC,2021-04-03,58999.4290857968,59716.476991903,57043.6541123227,57099.8154644628,17120447352.9108,291287.949283379,17120.4473529108
BTC,2021-04-04,57099.8154644628,58469.0933018178,56525.4727862632,58224.8904074257,14866196622.1079,257827.656154121,14866.1966221079
BTC,2021-04-05,58224.8904074257,59190.7351495084,56883.2535461917,59081.6543883045,16815488811.1754,288818.041835732,16815.4888111754
BTC,2021-04-06,59081.6543883045,59467.8988039995,57489.1390078525,58006.9873031986,16878906326.4852,288846.076853439,16878.9063264852
BTC,2021-04-07,58006.9873031986,58594.6801051307,55528.431077528,55950.2343528557,20828880468.6733,365844.436327515,20828.880468673302
BTC,2021-04-08,55950.2343528557,58133.0420879453,55817.6582567217,58087.9902046332,14517850885.8195,253829.207725594,14517.8508858195
BTC,2021-04-09,58087.9902046332,58939.7667902206,57718.0367140035,58108.4005289102,13489262233.6729,231713.496959026,13489.2622336729
BTC,2021-04-10,58108.4005289102,61137.1292426075,57909.7510840292,59760.626188806,20474199496.1923,341273.775138242,20474.199496192297
BTC,2021-04-11,59760.626188806,60617.3399101053,59218.4150649729,59949.711112079,13005718225.0667,217536.498011686,13005.7182250667
BTC,2021-04-12,59949.711112079,61208.7773777239,59558.7846502648,59871.8486265718,15392521089.6797,255846.893090649,15392.521089679702
BTC,2021-04-13,59871.8486265718,63679.1823261899,59871.6267126002,63551.3265337792,22113479197.3905,355061.132183449,22113.479197390498
BTC,2021-04-14,63551.3265337792,64815.8892139444,61418.5382707329,63006.7042038547,23738828526.8511,374235.328315176,23738.828526851103
BTC,2021-04-15,63006.7042038547,63758.6818303696,62113.1326114746,63270.3252107559,15991578514.2706,254084.281394469,15991.578514270599
BTC,2021-04-16,63270.3252107559,63558.0505445894,60134.4425551917,61455.0102855569,21515217041.0839,349355.451142245,21515.2170410839
BTC,2021-04-17,61455.0102855569,62516.1684747389,59758.5527106013,60114.8085597083,14724676029.9152,240217.548264322,14724.6760299152
BTC,2021-04-18,60114.8085597083,60410.1170045273,53034.836089777,56338.254982297,31101154119.9186,557126.961821839,31101.1541199186
BTC,2021-04-19,56338.254982297,57610.056531079,54392.7443799149,55694.5729736653,20399004534.9914,362332.371409162,20399.004534991403
BTC,2021-04-20,55694.5729736653,57065.7079609102,53539.3598550492,56501.9014545726,20248036789.054,364014.163086288,20248.036789054
BTC,2021-04-21,56501.9014545726,56780.9426762667,53704.6808635428,53837.9146022618,19710614414.7936,355801.871535673,19710.6144147936
BTC,2021-04-22,53837.9146022618,55553.2263181853,50692.5204182727,51787.8024694745,24606316790.1195,459463.234996081,24606.316790119497
BTC,2021-04-23,51787.8024694745,52148.9232024444,47814.0159668315,51244.5496827701,28089953366.206,564362.133397398,28089.953366206002
BTC,2021-04-24,51244.5496827701,51290.1111022523,48943.0478691979,50226.403367277,15451730535.1066,308430.498849933,15451.7305351066
BTC,2021-04-25,50226.403367277,50692.1241734449,47298.483602,49216.1696621573,14461360408.5303,292180.637396129,14461.3604085303
BTC,2021-04-26,49216.1696621573,54431.4527448258,49030.5823081929,54140.7406779935,21018880870.135,396884.854064985,21018.880870135
BTC,2021-04-27,54140.7406779935,55553.3035014124,53471.3271899389,55177.247113725,14889400442.0092,272156.390321393,14889.400442009199
BTC,2021-04-28,55177.247113725,56427.2635537099,54044.4480875019,54971.4634065037,14734792859.8717,268259.229643914,14734.7928598717
BTC,2021-04-29,54971.4634065037,55243.1011955142,52569.2201304438,53713.1532098934,15017159093.4888,278537.35115081,15017.1590934888
BTC,2021-04-30,53713.1532098934,58028.6536065282,53180.8848866748,57853.0663649613,16844784461.6738,302814.485158161,16844.7844616738
BTC,2021-05-01,57853.0663649613,58567.1507104498,57187.2285461014,57935.8578477097,14546311239.1451,251465.367696464,14546.3112391451
BTC,2021-05-02,57935.8578477097,57998.3835370488,56259.5881671727,56755.4721430315,11429041981.8543,200759.438626277,11429.0419818543
BTC,2021-05-03,56755.4721430315,59085.4566105845,56699.2329742687,57311.6130844576,16419126898.0771,282799.422846403,16419.126898077102
BTC,2021-05-04,57311.6130844576,57311.6130844576,53242.3331847262,53309.5597279595,20518193723.654,371056.506611636,20518.193723654
BTC,2021-05-05,53309.5597279595,58003.7529577271,53069.681974568,57578.4590640068,19419276431.1499,345995.064351324,19419.276431149898
BTC,2021-05-06,57578.4590640068,58525.8578308186,55559.9849507942,56620.7023957848,18501407342.5618,323900.073935983,18501.407342561797
BTC,2021-05-07,56620.7023957848,58761.5098437782,55570.1815531023,57573.9377388494,17520678635.7863,306725.180961112,17520.678635786302
BTC,2021-05-08,57573.9377388494,59626.8437668627,57213.6287558842,59074.0801397817,19264631917.5334,328067.917670174,19264.631917533403
BTC,2021-05-09,59074.0801397817,59401.6076076276,56552.3826832081,58481.3083155406,16974098885.6292,292264.110115142,16974.0988856292
BTC,2021-05-10,58481.3083155406,59703.8459766605,54449.8435027112,55909.8491786804,23111014705.3351,401628.562501426,23111.0147053351
BTC,2021-05-11,55909.8491786804,57115.8981080882,54625.4765803063,56951.0832928406,16262824967.9881,291107.008800517,16262.8249679881
BTC,2021-05-12,56951.0832928406,58098.0139219157,49425.2409420667,49425.2409420667,25465609845.1106,462252.289551296,25465.6098451106
BTC,2021-05-13,49425.2409420667,51453.0665112258,47170.3165463542,49723.0105528306,31203322146.0723,629184.038205643,31203.3221460723
BTC,2021-05-14,49723.0105528306,51606.3460910044,48992.5623433807,50038.4792393681,16265531705.6351,323387.967229627,16265.5317056351
BTC,2021-05-15,50038.4792393681,50778.0578898121,46754.4247306777,46754.4247306777,19738217000.9969,404801.046360643,19738.217000996898
BTC,2021-05-16,46754.4247306777,49878.2586105782,43994.2658841291,46561.9324185729,22749256422.7505,483283.746534893,22749.2564227505
BTC,2021-05-17,46561.9324185729,46628.4801820758,42294.8320825787,43673.1068693392,29166194768.1504,660176.511117552,29166.1947681504
BTC,2021-05-18,43673.1068693392,45817.8746989926,42383.7160195626,43006.1721428662,19451084871.3176,440570.509905578,19451.084871317602
BTC,2021-05-19,43006.1721428662,43585.1011843781,30350.6003113391,36799.6522919344,48888599968.6174,1282389.94191147,48888.599968617404
BTC,2021-05-20,36799.6522919344,42553.2315645938,35158.6933707514,40740.1820399412,32234464309.5721,812428.180557202,32234.4643095721
BTC,2021-05-21,40740.1820399412,42163.896399212,33808.5138122421,37358.8422289155,34775895105.1194,907875.402526574,34775.8951051194
BTC,2021-05-22,37358.8422289155,38797.098204394,35414.3774215908,37524.9032962903,22104247316.6205,589629.46668877,22104.247316620498
BTC,2021-05-23,37524.9032962903,38266.7426865173,31301.8130088852,34762.4447941254,32533166719.7244,947223.180842487,32533.1667197244
BTC,2021-05-24,34762.4447941254,39888.5365991291,34578.369079808,38847.5679358688,28109320511.9883,754173.701661034,28109.3205119883
BTC,2021-05-25,38847.5679358688,39882.834963449,36694.7900914234,38471.185776445,22686234857.0658,595378.43536959,22686.2348570658
BTC,2021-05-26,38471.185776445,40814.5309683036,37948.5187852342,39328.2713283477,23868311674.1989,606918.939527308,23868.3116741989
BTC,2021-05-27,39328.2713283477,40370.3517725405,37281.6488777306,38539.4040325905,20147484016.8742,517995.721211014,20147.484016874198
BTC,2021-05-28,38539.4040325905,38933.4536389589,34789.4299503443,35754.812140681,26258197260.8735,718854.754745455,26258.1972608735
BTC,2021-05-29,35754.812140681,37250.7570762354,33701.7696106038,34612.8980549329,22159946104.4481,629939.500368907,22159.9461044481
BTC,2021-05-30,34612.8980549329,36473.8636297898,33563.6599177266,35748.5782233628,15848460339.9265,447240.071800959,15848.4603399265
BTC,2021-05-31,35748.5782233628,37509.7805295335,34327.7161411728,37352.6470274449,19877045651.695,549033.50252878,19877.045651695
BTC,2021-06-01,37352.6470274449,37904.415155673,35833.2023430183,36717.1012943696,17194099409.0718,469279.661160055,17194.0994090718
BTC,2021-06-02,36717.1012943696,38234.1358076192,36042.9177255008,37601.1034140503,15342091850.4005,410567.182826524,15342.091850400499
BTC,2021-06-03,37601.1034140503,39463.0208889634,37235.0026183761,39209.8037900208,17320579877.9613,448520.993625211,17320.5798779613
BTC,2021-06-04,39209.8037900208,39301.2529212045,35839.3786646434,36926.1343385836,19174763645.3452,517155.965359234,19174.7636453452
BTC,2021-06-05,36926.1343385836,37923.8222535238,34926.20608877,35571.3455793727,19516569545.5976,534973.541914555,19516.5695455976
BTC,2021-06-06,35571.3455793727,36529.7983176299,35334.8069635056,35859.0002512537,14818688226.4644,411889.640938951,14818.6882264644
BTC,2021-06-07,35859.0002512537,36780.6009237096,33443.9086453556,33606.0167776162,20224285676.2127,567035.209365493,20224.2856762127
BTC,2021-06-08,33606.0167776162,34048.3104886351,31138.9257419955,33441.5593811079,25725833588.9896,785037.25482892,25725.8335889896
BTC,2021-06-09,33441.5593811079,37550.5611204405,32468.0304494635,37385.48277123,30553002286.8059,871274.360078955,30553.002286805902
BTC,2021-06-10,37385.48277123,38381.4427115328,35893.449100226,36703.722401889,24155518624.0527,650612.688801417,24155.5186240527
BTC,2021-06-11,36703.722401889,37604.9660394091,36005.525183327,37351.9323531007,20192418750.2839,545850.302009919,20192.4187502839
BTC,2021-06-12,37351.9323531007,37443.5228369301,34732.1798482124,35538.9512953677,21885792881.63,612630.287865664,21885.79288163
BTC,2021-06-13,35538.9512953677,39314.6920341185,34867.6705726425,39082.7586393276,21488550993.8905,587488.399660498,21488.550993890498
BTC,2021-06-14,39082.7586393276,40989.09738759,38806.0378702459,40545.772401773,27685627358.3003,695268.201852516,27685.627358300302
BTC,2021-06-15,40545.772401773,41286.2993458591,39633.888516196,40182.9420347707,27123079441.0034,674000.956988547,27123.0794410034
BTC,2021-06-16,40182.9420347707,40421.5295415882,38162.0820077523,38381.7140531184,24642571846.654,626609.302712316,24642.571846654
BTC,2021-06-17,38381.7140531184,39515.3984713737,37449.4812321523,38075.3214764602,25980398958.7472,673499.612539452,25980.3989587472
BTC,2021-06-18,38075.3214764602,38164.593556325,35211.3193075235,35771.775882414,28194718581.1457,763659.715810597,28194.7185811457
BTC,2021-06-19,35771.775882414,36381.7872799476,34929.7588158168,35555.2859122395,24302931957.1058,679239.44141822,24302.9319571058
BTC,2021-06-20,35555.2859122395,36095.3366408052,33412.6418548846,35619.3314589064,28215967447.2132,807931.257399467,28215.9674472132
BTC,2021-06-21,35619.3314589064,35746.8673392349,31316.9665011856,31682.3045229174,33518785592.5691,1016818.19473177,33518.7855925691
BTC,2021-06-22,31682.3045229174,33279.0999638508,28967.5363221593,32517.4656577842,39532916669.4063,1252030.96551229,39532.9166694063
BTC,2021-06-23,32517.4656577842,34756.477919617,31801.2346137006,33684.8799129249,28794107453.9316,852436.268390807,28794.1074539316
BTC,2021-06-24,33684.8799129249,35181.1675600664,32381.3616754653,34675.9075086688,20823303693.5411,616856.196347912,20823.3036935411
BTC,2021-06-25,34675.9075086688,35458.7767851895,31365.6248420299,31630.859275722,21734350029.3053,653970.781511504,21734.3500293053
BTC,2021-06-26,31630.859275722,32662.768265155,30257.0348297243,32269.0201188845,18885052134.578,601589.979843172,18885.052134578
BTC,2021-06-27,32269.0201188845,34702.5590238434,32062.6254566057,34702.5590238434,18557795639.6394,559618.945961576,18557.7956396394
BTC,2021-06-28,34702.5590238434,35238.8103570802,33978.9732660905,34467.2697142977,22612932180.5373,655427.051829463,22612.9321805373
BTC,2021-06-29,34467.2697142977,36555.6427791798,34256.1123206434,35887.8251389237,24206918454.5926,679913.61891079,24206.9184545926
BTC,2021-06-30,35887.8251389237,36076.7130673835,34089.1799733223,35045.5776844357,20304343072.5487,581881.197495893,20304.343072548698
BTC,2021-07-01,35045.5776844357,35045.5776844357,32806.1764794961,33566.3827974695,19537959724.6484,580829.080912165,19537.9597246484
BTC,2021-07-02,33566.3827974695,33974.4702864846,32788.6479098624,33829.2627170264,16196270350.0745,485865.745608723,16196.2703500745
BTC,2021-07-03,33829.2627170264,34900.5067480709,33375.0730262113,34685.0879246793,17652630027.0821,513557.394431873,17652.6300270821
BTC,2021-07-04,34685.0879246793,35952.9059514211,34414.9552973012,35318.6811291999,15847075545.2684,448598.249656316,15847.0755452684
BTC,2021-07-05,35318.6811291999,35318.6811291999,33219.6576097185,33733.4280953744,20822738577.062,611465.657074056,20822.738577062
BTC,2021-07-06,33733.4280953744,35019.4740985192,33599.8203853348,34249.4317747432,18958845955.5407,554811.372228093,18958.8459555407
BTC,2021-07-07,34249.4317747432,34985.1798165732,33809.472952267,33877.7810852423,15187585736.7349,439535.666792171,15187.5857367349
BTC,2021-07-08,33877.7810852423,33907.712545129,32172.0950928709,32921.4051771039,18260234489.3427,555061.218425338,18260.2344893427
BTC,2021-07-09,32921.4051771039,34108.4110819455,32340.6133601307,33806.1156871775,13439182646.8126,404693.684270669,13439.1826468126
BTC,2021-07-10,33806.1156871775,34251.9877303282,33153.726555533,33537.6091455601,12783202083.3395,378614.790971249,12783.2020833395
BTC,2021-07-11,33537.6091455601,34577.2128198827,33347.5806942078,34231.3138484862,12281617844.38,362472.24860477,12281.61784438
BTC,2021-07-12,34231.3138484862,34628.544456601,32694.2447388024,33164.2631174945,16747333655.2555,497294.437725859,16747.3336552555
BTC,2021-07-13,33164.2631174945,33472.1823589949,32254.1954436062,32733.8350110294,15641701095.2415,476822.863968992,15641.7010952415
BTC,2021-07-14,32733.8350110294,33152.3845361805,31665.1326711767,32852.1173441895,15161457092.5613,467233.066967317,15161.4570925613
BTC,2021-07-15,32852.1173441895,33211.0511029434,31198.4945188005,31879.3317378411,14850661631.4409,463690.42876609,14850.6616314409
BTC,2021-07-16,31879.3317378411,32259.7154362808,31094.275671625,31416.8051323572,14989303410.2002,471802.717906872,14989.303410200198
BTC,2021-07-17,31416.8051323572,32235.3255435649,31230.7719972542,31766.4991811537,9689895562.67037,306924.178000739,9689.89556267037
BTC,2021-07-18,31766.4991811537,32546.4617872059,31266.845028829,31827.0308656312,8819636771.47621,277097.571946547,8819.63677147621
BTC,2021-07-19,31827.0308656312,32252.7870905734,30547.977202969,30844.6504514639,10446831989.2024,335658.84441706,10446.831989202401
BTC,2021-07-20,30844.6504514639,31176.3641735463,29379.0419113063,29837.1840430492,11117157739.5004,372325.754387393,11117.1577395004
BTC,2021-07-21,29837.1840430492,32754.5090699888,29568.9883465609,32145.4527074778,13350587673.4902,425730.613187922,13350.5876734902
BTC,2021-07-22,32145.4527074778,32648.2069486407,31764.1800965582,32279.9417233634,8913261949.82883,277056.902917698,8913.261949828831
BTC,2021-07-23,32279.9417233634,33619.0268839499,32055.5502916222,33619.0268839499,12629557259.097,388045.517403401,12629.557259097
BTC,2021-07-24,33619.0268839499,34494.044643091,33445.2849651495,34283.9191305024,11811207574.5921,348619.213964474,11811.2075745921
BTC,2021-07-25,34283.9191305024,35390.3206179253,33906.586457836,35390.3206179253,10425909270.739,302791.394161801,10425.909270739001
BTC,2021-07-26,35390.3206179253,40466.0073074711,35296.230623298,37288.0149167607,30220615722.4661,789771.356777179,30220.6157224661
BTC,2021-07-27,37288.0149167607,39485.8218067873,36451.2754896563,39485.8218067873,18787445155.2573,497513.14668869,18787.4451552573
BTC,2021-07-28,39485.8218067873,40858.6483145378,38912.4522404405,40007.9393900705,22155389127.7262,555466.328707062,22155.3891277262
BTC,2021-07-29,40007.9393900705,40612.7648546027,39365.5138342324,40008.5509495012,18443527520.4958,462079.112887918,18443.5275204958
BTC,2021-07-30,40008.5509495012,42243.2226963344,38365.9576556032,42243.2226963344,19726039091.2095,494924.972825443,19726.0390912095
BTC,2021-07-31,42243.2226963344,42274.2848268496,41103.6161588638,41507.9391865087,15152037437.8648,363743.883612256,15152.0374378648
BTC,2021-08-01,41507.9391865087,42529.9669785074,39622.2618983385,39926.7992136074,14377876305.1827,347588.560472044,14377.876305182699
BTC,2021-08-02,39926.7992136074,40415.377327861,38759.4655042571,39186.0936725229,13740087800.9594,346932.5905283,13740.0878009594
BTC,2021-08-03,39186.0936725229,39746.7129316893,37807.3538462063,38193.9395385549,14145018892.38,367615.921986714,14145.01889238
BTC,2021-08-04,38193.9395385549,39966.8792697115,37564.7577756429,39736.8063663359,12871051217.687,332280.94953749,12871.051217687
BTC,2021-08-05,39736.8063663359,41354.0462644745,37438.2425103479,40859.1028823608,18655417856.887,474122.18496626,18655.417856887
BTC,2021-08-06,40859.1028823608,43241.5051688616,39915.703674525,42802.8167894893,20283129025.4326,489129.372361517,20283.129025432598
BTC,2021-08-07,42802.8167894893,44701.458691831,42613.1789589866,44594.8457705738,21011840611.1658,482306.340824989,21011.840611165797
BTC,2021-08-08,44594.8457705738,45279.2022274903,43348.5996652517,43830.3069854484,19949241406.7162,449801.924367505,19949.241406716203
BTC,2021-08-09,43830.3069854484,46440.6859217061,42875.9523843838,46290.6974513131,20901308206.4898,465043.547499887,20901.3082064898
BTC,2021-08-10,46290.6974513131,46604.6045908307,44708.5824580418,45595.1894036596,17699635237.7465,388094.399980223,17699.635237746497
BTC,2021-08-11,45595.1894036596,46717.3891784259,45405.5836198081,45590.2828355325,16532638677.0587,358478.010936115,16532.6386770587
BTC,2021-08-12,45590.2828355325,46211.1938763717,43881.1115400263,44432.9519853485,16361720684.1472,364104.726526056,16361.7206841472
BTC,2021-08-13,44432.9519853485,47819.4502724419,44337.92073566,47800.3407332082,15253136621.2337,329167.31051572,15253.1366212337
BTC,2021-08-14,47800.3407332082,48065.3852117334,46129.8963007991,47100.4973571392,15370410947.2917,326793.315796037,15370.4109472917
BTC,2021-08-15,47100.4973571392,47360.9747408606,45606.232995948,47034.4406588719,14811032802.3784,319295.516758511,14811.0328023784
BTC,2021-08-16,47034.4406588719,47974.601292411,45717.7739509457,45948.2462908833,16410530826.5367,349650.629687499,16410.5308265367
BTC,2021-08-17,45948.2462908833,47081.8135876465,44474.8931224398,44691.7820347228,17004166616.6768,370467.867164407,17004.1666166768
BTC,2021-08-18,44691.7820347228,45954.6562541051,44298.5264171407,44744.858788295,15685348040.0362,347801.117248842,15685.3480400362
BTC,2021-08-19,44744.858788295,46966.3552449867,43991.2303038775,46749.1092111184,18137836106.0466,400994.348477295,18137.8361060466
BTC,2021-08-20,46749.1092111184,49299.8876299758,46626.066307799,49297.7525446557,17041379571.6098,355686.218585447,17041.3795716098
BTC,2021-08-21,49297.7525446557,49754.1802028661,48333.1942969227,48892.1735739317,22500790801.9159,459019.345506676,22500.7908019159
BTC,2021-08-22,48892.1735739317,49462.6473140683,48164.2695084146,49273.7112837274,11841024812.4329,242334.021973695,11841.0248124329
BTC,2021-08-23,49273.7112837274,50450.7482477989,49183.2694605911,49529.2239967408,23465993563.4095,469833.759586991,23465.9935634095
BTC,2021-08-24,49529.2239967408,49846.5678932814,47658.8145503817,47721.6354639734,17756630276.4066,363188.099132209,17756.630276406602
BTC,2021-08-25,47721.6354639734,49184.7539570783,47169.6565903332,48992.5471330104,15971909960.1417,331292.516528295,15971.9099601417
BTC,2021-08-26,48992.5471330104,49304.0380677029,46437.1251735544,46893.1661174073,16982270147.6358,358892.544298201,16982.270147635798
BTC,2021-08-27,46893.1661174073,49134.505017399,46444.8164296665,49083.8119906109,17659877357.1936,370091.59399595,17659.8773571936
BTC,2021-08-28,49083.8119906109,49296.2326125137,48432.860289751,48917.3550126657,14608005188.5385,298815.088805859,14608.0051885385
BTC,2021-08-29,48917.3550126657,49610.0669097692,47930.3852271541,48782.9181634071,12038722399.2617,247557.519030116,12038.7223992617
BTC,2021-08-30,48782.9181634071,48889.1619243557,46907.841766788,47009.0340696705,15129871456.3862,314782.563355726,15129.8714563862
BTC,2021-08-31,47009.0340696705,48157.5920519705,46751.450784651,47154.0976229171,15314606224.1611,323618.346197424,15314.6062241611
BTC,2021-09-01,47154.0976229171,49018.9991950972,46568.5862280814,48836.783538819,18007961712.641,378070.363010488,18007.961712640998
BTC,2021-09-02,48836.783538819,50327.2027581172,48680.9418727873,49294.6585813609,19374621351.7322,390172.45895019,19374.6213517322
BTC,2021-09-03,49294.6585813609,50983.6085595909,48431.6071076955,50018.6685379496,18892437880.9977,378910.167880475,18892.4378809977
BTC,2021-09-04,50018.6685379496,50520.2331436794,49484.2585539578,49925.0509170584,15607265276.7828,311701.553560022,15607.2652767828
BTC,2021-09-05,49925.0509170584,51844.737507306,49514.0318661182,51744.0611532536,14125675547.5864,280210.08609293,14125.6755475864
BTC,2021-09-06,51744.0611532536,52703.4886313313,51077.8061733149,52662.3430046349,17558389783.4556,339020.400933632,17558.3897834556
BTC,2021-09-07,52662.3430046349,52835.3642000687,43919.849607128,46862.2080515105,28542858711.9987,579494.309467996,28542.8587119987
BTC,2021-09-08,46862.2080515105,47329.6421416424,44550.3557845611,46092.6953349868,19983111559.1084,432658.49142857,19983.111559108398
BTC,2021-09-09,46092.6953349868,47338.781617955,45681.708239497,46405.4898030801,16857592558.6242,363158.971464395,16857.5925586242
BTC,2021-09-10,46405.4898030801,47038.3415281919,44324.7487880541,44896.3980156971,16792969472.7179,366231.902367976,16792.969472717898
BTC,2021-09-11,44896.3980156971,45994.1635573979,44845.8792088879,45177.2953656965,15416609285.5734,339645.641425261,15416.6092855734
BTC,2021-09-12,45177.2953656965,46397.3722284516,44790.6512920522,46077.3811127876,11643683205.6118,255111.993537185,11643.6832056118
BTC,2021-09-13,46077.3811127876,46760.5885891014,43696.203519234,44974.1671198601,17829667531.3637,397286.414189426,17829.667531363702
BTC,2021-09-14,44974.1671198601,47247.8441492482,44807.6688889222,47102.6390290012,19312329323.8496,420125.125869545,19312.3293238496
BTC,2021-09-15,47102.6390290012,48455.2658604076,46785.2590635015,48156.5789725737,13838397521.2204,290517.507403648,13838.3975212204
BTC,2021-09-16,48156.5789725737,48464.1850268411,47112.2129329929,47782.9717489841,14133876960.5006,295152.609888307,14133.8769605006
BTC,2021-09-17,47782.9717489841,48141.0585957826,46851.1353231355,47316.8980954737,12702900109.8862,267085.95665882,12702.900109886199
BTC,2021-09-18,47316.8980954737,48799.0661783021,47105.364423853,48309.8720428052,13904831078.2711,287944.438886953,13904.8310782711
BTC,2021-09-19,48309.8720428052,48364.9205806024,46909.0847118235,47268.1651914174,12101851334.8843,253573.19188861,12101.8513348843
BTC,2021-09-20,47268.1651914174,47326.9604789191,42613.0944540276,42974.1707595382,20068921491.8549,451423.464548078,20068.9214918549
BTC,2021-09-21,42974.1707595382,43618.4396429241,39854.0777260418,40706.9704034072,23330261748.79,553182.235733009,23330.261748790002
BTC,2021-09-22,40706.9704034072,43968.7905352089,40630.8807084033,43599.0499094126,18238946426.7999,427465.524748916,18238.9464267999
BTC,2021-09-23,43599.0499094126,45007.8297249371,43158.4252087561,44888.7018492214,17388184053.1805,394162.022215777,17388.1840531805
BTC,2021-09-24,44888.7018492214,45111.8300566711,40964.7923211391,42834.0418908137,21724810103.4192,505618.887356284,21724.8101034192
BTC,2021-09-25,42834.0418908137,43350.8547554435,41722.9955235178,42722.3649307385,15982083721.1573,375011.269975752,15982.083721157302
BTC,2021-09-26,42722.3649307385,43901.0168042018,40890.9104335533,43217.3739196458,13433189176.7424,314695.179905141,13433.189176742399
BTC,2021-09-27,43217.3739196458,44333.3587050409,42181.0949013196,42190.161939574,15104918049.7977,346884.223441212,15104.918049797701
BTC,2021-09-28,42190.161939574,42890.6287833874,40940.514365311,41037.3997923888,14760187264.7543,351837.212795666,14760.187264754299
BTC,2021-09-29,41037.3997923888,42847.3389666424,40785.3308061077,41546.3639998857,15423438782.8488,368473.33214981,15423.438782848802
BTC,2021-09-30,41546.3639998857,44100.5779376029,41453.0175335986,43890.0472376814,14475432169.8051,334752.382102816,14475.432169805099
BTC,2021-10-01,43890.0472376814,48437.6163089008,43369.3824817719,48143.8335275487,21482329316.401,465254.512272522,21482.329316401
BTC,2021-10-02,48143.8335275487,48380.288497841,47474.5643786889,47683.8419094453,14333398931.8586,299472.824175085,14333.398931858601
BTC,2021-10-03,47683.8419094453,49145.0431384031,47198.7971113727,48193.5838074308,12785740111.5944,266038.183095632,12785.740111594401
BTC,2021-10-04,48193.5838074308,49504.4017989414,47158.4342580757,49288.559221334,12826534882.9618,265916.520109498,12826.5348829618
BTC,2021-10-05,49288.559221334,51890.0214162111,48958.6671971554,51518.9308226231,14461504003.2659,287791.980780509,14461.5040032659
BTC,2021-10-06,51518.9308226231,55672.771779476,50502.470980662,55347.5026515799,21909363491.9862,413061.627022278,21909.363491986198
BTC,2021-10-07,55347.5026515799,55347.5026515799,53548.1118583129,53804.750734583,16853937331.3276,310180.37613301,16853.9373313276
BTC,2021-10-08,53804.750734583,55536.7250670232,53708.424065182,53945.614415427,18373543702.7307,336477.582373355,18373.5437027307
BTC,2021-10-09,53945.614415427,55410.3113760765,53749.7915285865,54908.8538710603,16667790314.6398,304555.371041831,16667.7903146398
BTC,2021-10-10,54908.8538710603,56375.6236881383,54171.0309928221,54694.7384688706,19413248502.8756,351773.761460715,19413.2485028756
BTC,2021-10-11,54694.7384688706,57805.2090571653,54519.234217182,57500.0558265101,23511882337.8729,414640.578750566,23511.8823378729
BTC,2021-10-12,57500.0558265101,57620.7748441606,54201.0840760154,55981.4498908459,20871815664.0885,368997.722323378,20871.815664088503
BTC,2021-10-13,55981.4498908459,57701.0634009813,54386.2596683822,57403.0997172855,22787911138.8245,406489.17609085,22787.9111388245
BTC,2021-10-14,57403.0997172855,58505.19355594,56912.4112536061,57326.6457806918,20712375128.257,359153.973519963,20712.375128257
BTC,2021-10-15,57326.6457806918,62760.4077946001,56862.2581346134,61695.5100405735,28289208922.6594,471653.059218965,28289.2089226594
BTC,2021-10-16,61695.5100405735,62316.5052887662,60213.3899226196,60874.6921272866,22073012712.1385,360214.846831198,22073.0127121385
BTC,2021-10-17,60874.6921272866,61745.1197175966,59222.7313406955,61585.6141961422,17386257247.1404,286232.959145914,17386.2572471404
BTC,2021-10-18,61585.6141961422,62535.8628844889,60043.8781401022,62056.9063454091,22753015484.5194,368559.558825414,22753.0154845194
BTC,2021-10-19,62056.9063454091,64502.6817790172,61537.9909681018,64300.7801046361,23956116552.1655,381992.902481838,23956.116552165502
BTC,2021-10-20,64300.7801046361,67006.8968340655,63659.2451505674,66026.7013385388,23617033032.5865,361787.807571003,23617.0330325865
BTC,2021-10-21,66026.7013385388,66638.5586660801,62196.3507596272,62249.0642662859,24474469471.8229,380091.07305978,24474.4694718229
BTC,2021-10-22,62249.0642662859,63742.2672321225,60174.2503603972,60755.9661976719,22548986403.0387,362934.413764421,22548.9864030387
BTC,2021-10-23,60755.9661976719,61747.9496397792,59793.3443294068,61366.5041106628,14586934864.7034,238726.588079245,14586.9348647034
BTC,2021-10-24,61366.5041106628,61532.7112940599,59632.7256830642,60911.3515378443,13832163578.9779,228064.735502935,13832.1635789779
BTC,2021-10-25,60911.3515378443,63740.1331345554,60729.416896184,63121.8403337763,14650736548.5107,233559.764741615,14650.7365485107
BTC,2021-10-26,63121.8403337763,63290.6490908632,60034.1381859728,60366.7137544603,17862537737.9378,287151.478747213,17862.5377379378
BTC,2021-10-27,60366.7137544603,61484.9848918229,58329.2489346841,58543.8780723942,19832625757.8169,333318.676905101,19832.6257578169
BTC,2021-10-28,58543.8780723942,62251.9182731059,58303.5376006375,60652.7652214098,21247433610.712,352718.964988907,21247.433610712003
BTC,2021-10-29,60652.7652214098,62960.5738341678,60319.629212111,62274.78330902,18514014697.7729,300604.153941089,18514.0146977729
BTC,2021-10-30,62274.78330902,62325.3963480833,60900.0919422894,61878.0461867853,14567078270.4722,236408.099256782,14567.0782704722
BTC,2021-10-31,61878.0461867853,62384.2585511832,60070.9045800392,61343.2062011738,13864614979.5576,227052.27803525,13864.6149795576
BTC,2021-11-01,61343.2062011738,62410.7512221896,59671.814178784,60946.0830230208,18335503484.1431,298966.955383192,18335.5034841431
BTC,2021-11-02,60946.0830230208,64213.6605714423,60676.2973864283,63215.7813965961,17987424845.5454,287196.037357405,17987.4248455454
BTC,2021-11-03,63215.7813965961,63506.0062543104,61269.6741850178,62926.614542338,18142359393.338,289299.876929075,18142.359393338
BTC,2021-11-04,62926.614542338,63054.8801692441,60814.9665788049,61474.5850401543,15108570092.957,244476.522858361,15108.570092957001
BTC,2021-11-05,61474.5850401543,62605.6741825116,60832.3794830775,61060.6800377701,15579094081.3899,253185.774963487,15579.0940813899
BTC,2021-11-06,61060.6800377701,61585.9326011925,60183.7574294418,61520.3949898102,14672468264.8865,240532.081489229,14672.4682648865
BTC,2021-11-07,61520.3949898102,63317.4577332819,61408.9701426204,63317.4577332819,11909904152.1401,191590.979123143,11909.904152140101
BTC,2021-11-08,63317.4577332819,67691.2646685139,63317.4577332819,67524.6959548011,21131342899.7588,321310.087712725,21131.3428997588
BTC,2021-11-09,67524.6959548011,68508.6511897558,66378.4071992331,66963.116163706,19932770089.8408,295055.146326991,19932.7700898408
BTC,2021-11-10,66963.116163706,68834.997629961,63500.1169465869,65025.467155987,23463201312.0258,352214.403957865,23463.201312025798
BTC,2021-11-11,65025.467155987,65644.3038514001,64183.2043543206,64877.0081930951,17402865017.0754,267923.637679938,17402.8650170754
BTC,2021-11-12,64877.0081930951,65481.7215198584,62382.7840583891,64188.6437134246,20113835510.8223,313711.713400892,20113.8355108223
BTC,2021-11-13,64188.6437134246,64930.4962591861,63429.9705288417,64413.4217953063,17845377181.3237,278554.087339624,17845.3771813237
BTC,2021-11-14,64413.4217953063,65534.6546210558,63655.6699591693,65523.8584709272,12936244432.1462,200456.003509506,12936.2444321462
BTC,2021-11-15,65523.8584709272,66283.6780097606,63510.5843202487,63617.1091595721,18648113124.1486,286991.960922647,18648.1131241486
BTC,2021-11-16,63617.1091595721,63617.1091595721,58912.7305643651,60152.9833214583,26371529078.1286,433524.404285068,26371.529078128602
BTC,2021-11-17,60152.9833214583,61460.0255535386,58602.9813118825,60403.0115101506,22366861732.7566,373492.607636674,22366.8617327566
BTC,2021-11-18,60403.0115101506,60922.5432064301,56602.9095625789,57110.1566553242,22476348270.7889,381621.168352154,22476.348270788898
BTC,2021-11-19,57110.1566553242,58422.2323006283,55733.4601635274,58157.6002732596,22234099763.597,388040.625988346,22234.099763597
BTC,2021-11-20,58157.6002732596,59930.2733261939,57537.6922771896,59771.6315137569,15453631274.2465,263160.393966523,15453.6312742465
BTC,2021-11-21,59771.6315137569,60074.8501999892,58655.3826559313,58807.7175941185,12560966574.6649,211986.527073707,12560.9665746649
BTC,2021-11-22,58807.7175941185,59192.7980960819,55804.1885284875,56346.0376852446,18694496840.5,325662.827068792,18694.4968405
BTC,2021-11-23,56346.0376852446,57888.3250583497,55598.9096069626,57592.7474853861,19635229467.0765,344975.38292411,19635.2294670765
BTC,2021-11-24,57592.7474853861,57760.5155643987,55984.1059253796,57266.2346093222,17423913864.8278,306902.759545085,17423.913864827802
BTC,2021-11-25,57266.2346093222,59457.5389190124,57098.854393217,59000.5855866191,16432416103.7332,281589.60677594,16432.4161037332
BTC,2021-11-26,59000.5855866191,59285.8879469594,53690.0181462943,53719.0603669697,21367585700.426,384708.467607576,21367.585700426
BTC,2021-11-27,53719.0603669697,55416.0505205282,53719.0603669697,54974.1548889334,15291340048.1496,279292.632442868,15291.3400481496
BTC,2021-11-28,54974.1548889334,57491.2965773487,53614.0911723419,57335.8385785585,12652966765.7583,230470.21674307,12652.966765758301
BTC,2021-11-29,57335.8385785585,58921.3413975314,56839.1196012377,57847.2919246656,16229899077.7456,281035.028127209,16229.8990777456
BTC,2021-11-30,57847.2919246656,59183.4762407542,56064.2382501473,56995.3857585774,17702403249.0517,308043.417104062,17702.403249051702
BTC,2021-12-01,56995.3857585774,59057.9838931368,56603.1714906585,57273.6611889464,17819083409.7823,309750.49324864,17819.0834097823
BTC,2021-12-02,57273.6611889464,57446.7768595852,55936.6531361198,56560.2266972815,16835719380.7064,296841.241774443,16835.7193807064
BTC,2021-12-03,56560.2266972815,57549.9910911777,52265.5150688621,53761.801608697,22020929787.5529,396938.570604096,22020.929787552897
BTC,2021-12-04,53761.801608697,53922.0348607115,43876.6097593908,49364.2907212515,27320036404.1317,562889.658332311,27320.036404131697
BTC,2021-12-05,49364.2907212515,49969.2939113598,47918.8150636818,49452.1889584102,18730992235.7248,380802.143866759,18730.9922357248
BTC,2021-12-06,49452.1889584102,50958.4129028908,47311.4152117209,50615.0532827178,20122631641.8085,411860.733275703,20122.631641808497
BTC,2021-12-07,50615.0532827178,52240.6354075375,50198.3966537482,50668.0032962036,19717071138.1483,385675.813332701,19717.0711381483
BTC,2021-12-08,50668.0032962036,51957.2433191896,48847.5300865922,50553.3823409153,15092510618.6063,299583.099734994,15092.5106186063
BTC,2021-12-09,50553.3823409153,51040.5909176608,47427.2898702879,47671.2506039541,17378708784.7112,353533.142492476,17378.7087847112
BTC,2021-12-10,47671.2506039541,49996.7904846644,47134.8438146112,47215.6968142432,19394325495.7666,401133.495406,19394.325495766603
BTC,2021-12-11,47215.6968142432,50252.859936238,46919.6679102403,49388.1539281261,11612693388.174,239412.226173121,11612.693388174
BTC,2021-12-12,49388.1539281261,51121.069479148,48783.5363921213,50143.9127866447,11115489074.9248,223750.667868642,11115.4890749248
BTC,2021-12-13,50143.9127866447,50233.7812705411,45934.3960450676,46800.5088490845,18799244585.1305,392737.122490681,18799.244585130502
BTC,2021-12-14,46800.5088490845,48726.478260248,46391.9521196783,48414.6571558443,18645881599.2306,394550.861162025,18645.881599230597
BTC,2021-12-15,48414.6571558443,49573.2043783348,46680.1915894877,48927.1003013805,21161915669.8497,438649.056722101,21161.915669849703
BTC,2021-12-16,48927.1003013805,49450.0352555356,47573.4667520912,47669.1942846622,14782416795.2022,303956.612507033,14782.4167952022
BTC,2021-12-17,47669.1942846622,47990.5975714532,45572.5876307854,46191.7602477693,19379800263.188,413072.052654804,19379.800263188
BTC,2021-12-18,46191.7602477693,47334.6970382383,45581.8036164449,46875.2589558478,14788458000.4871,317277.083964769,14788.4580004871
BTC,2021-12-19,46875.2589558478,48166.326048621,46492.9726203385,46716.581950515,14823638561.7461,313674.996440769,14823.6385617461
BTC,2021-12-20,46716.581950515,47457.4258001537,45594.0844115768,46919.8442821935,18592318684.4827,400361.039343562,18592.3186844827
BTC,2021-12-21,46919.8442821935,49332.2943544166,46678.2269507471,48950.7754669867,16369942214.4943,337955.974325071,16369.9422144943
BTC,2021-12-22,48950.7754669867,49579.7507495413,48478.7847377266,48613.1718612261,12922596419.4872,263609.059798108,12922.5964194872
BTC,2021-12-23,48613.1718612261,51361.7855329143,48063.8651496973,50811.3412189753,14068250160.5708,285277.556019844,14068.2501605708
BTC,2021-12-24,50811.3412189753,51823.4870094772,50509.2915025214,50823.3614631592,12821020661.9808,250996.214191624,12821.020661980801
BTC,2021-12-25,50823.3614631592,51165.2767199129,50266.5909876308,50453.3251880114,9984645300.51997,196389.069851721,9984.64530051997
BTC,2021-12-26,50453.3251880114,51236.3281492722,49584.8437965454,50797.3196743488,11965961680.0002,238348.339484517,11965.9616800002
BTC,2021-12-27,50797.3196743488,52030.9858845341,50483.3417343576,50698.8674221977,13606244387.952,266065.964250816,13606.244387952
BTC,2021-12-28,50698.8674221977,50698.8674221977,47385.1600572555,47614.4905860455,17653326832.3605,361110.245925462,17653.3268323605
BTC,2021-12-29,47614.4905860455,48146.3386800168,46202.8114304153,46491.2140478384,16020051803.6556,337159.728841641,16020.0518036556
BTC,2021-12-30,46491.2140478384,47921.8056428743,46046.915149466,47158.0920351509,14652951729.903,310908.231118413,14652.951729903
BTC,2021-12-31,47158.0920351509,48566.2357650568,45716.9091276321,46233.8073264065,16129014659.7556,341268.011441147,16129.0146597556
BTC,2022-01-01,46233.8073264065,47923.25159939,46233.8073264065,47713.4800763635,12422596133.4857,263405.14211517,12422.5961334857
BTC,2022-01-02,47713.4800763635,47939.2807564802,46732.1916729986,47319.8922501558,10695917127.548,226294.245009184,10695.917127548
BTC,2022-01-03,47319.8922501558,47535.8951455079,45754.6484301988,46453.3084080836,13398740137.303,286459.281251599,13398.740137302999
BTC,2022-01-04,46453.3084080836,47506.1144578731,45675.4885312208,45862.8155794275,15386334229.8312,331106.493591135,15386.3342298312
BTC,2022-01-05,45862.8155794275,46982.8438159384,42565.7252327174,43468.669734812,16578346275.9086,365285.095506286,16578.3462759086
BTC,2022-01-06,43468.669734812,43808.1520209125,42554.0527838746,43136.3896696428,12775720040.6953,296478.101518358,12775.7200406953
BTC,2022-01-07,43136.3896696428,43150.9770909775,40899.6451167179,41552.7485405801,18529814883.2877,442011.747344685,18529.8148832877
BTC,2022-01-08,41552.7485405801,42518.6602351597,40657.7863468823,41746.2650603275,11699354884.4285,280848.506473465,11699.3548844285
BTC,2022-01-09,41746.2650603275,42783.2577270712,41314.8326097813,41884.5668758102,8279809249.98991,197423.421465439,8279.80924998991
BTC,2022-01-10,41884.5668758102,42302.7642109196,39760.1561162688,41852.7797413142,13993885564.8275,338516.508647768,13993.8855648275
BTC,2022-01-11,41852.7797413142,43095.367441965,41343.0713136939,42765.2780816116,11368707189.3178,269147.216185773,11368.7071893178
BTC,2022-01-12,42765.2780816116,44267.5847514461,42535.3644669832,43935.0013720576,10914471254.7071,251592.173021171,10914.4712547071
BTC,2022-01-13,43935.0013720576,44416.810517694,42395.1304483724,42585.4192823703,13576226303.8062,312140.19980143,13576.2263038062
BTC,2022-01-14,42585.4192823703,43454.8212545676,41875.2663124054,43106.5572964824,9761964266.51822,228579.111559881,9761.96426651822
BTC,2022-01-15,43106.5572964824,43789.7028381751,42664.6094477026,43124.4659261595,6878297751.84829,159345.169131145,6878.29775184829
BTC,2022-01-16,43124.4659261595,43531.5690523321,42698.4560968463,43106.9111899019,6593093119.73257,152905.693667496,6593.09311973257
BTC,2022-01-17,43106.9111899019,43195.0335959137,41642.7337377631,42270.4146206985,8405701562.27872,197716.450887218,8405.70156227872
BTC,2022-01-18,42270.4146206985,42612.9168721706,41344.7686637535,42391.074918118,9191159234.22158,219272.081148628,9191.15923422158
BTC,2022-01-19,42391.074918118,42565.7461962616,41207.8543674907,41707.9618280743,10397468566.7512,248028.511639511,10397.4685667512
BTC,2022-01-20,41707.9618280743,43513.2324980596,40615.7152139603,40757.9095125769,11479281254.0774,271963.984459062,11479.2812540774
BTC,2022-01-21,40757.9095125769,41116.9140735404,35624.5292986642,36528.8835138266,20993905449.2196,546072.595890583,20993.9054492196
BTC,2022-01-22,36528.8835138266,36786.9039651041,34217.4836250891,35095.7013710283,18282848547.143,515229.840492218,18282.848547143003
BTC,2022-01-23,35095.7013710283,36501.9395245988,34704.9857626753,36289.6900877946,12027897784.395,338739.020187919,12027.897784395
BTC,2022-01-24,36289.6900877946,37422.7187192082,33117.5481834219,36695.7141813921,19344127128.6353,555173.087299968,19344.1271286353
BTC,2022-01-25,36695.7141813921,37536.3444090064,35760.1568246527,36976.5994948533,12301875139.9585,336316.383095941,12301.8751399585
BTC,2022-01-26,36976.5994948533,38864.7295184902,36360.6469931616,36830.1308900102,14353896897.934,381456.136111652,14353.896897934
BTC,2022-01-27,36830.1308900102,37223.0119117276,35566.9701649617,37174.3039739391,11554407179.5178,317752.62363311,11554.407179517799
BTC,2022-01-28,37174.3039739391,38014.3291233196,36209.3813187847,37754.5378905794,10086426265.9665,272228.815162165,10086.4262659665
BTC,2022-01-29,37754.5378905794,38862.9177586378,37388.4682092279,38211.0860525392,7146288455.73754,188464.293912665,7146.28845573754
BTC,2022-01-30,38211.0860525392,38575.4897812975,37433.3741756061,37947.4917904629,5916756745.55513,155848.710281586,5916.75674555513
BTC,2022-01-31,37947.4917904629,38740.7738432772,36729.9327144964,38518.7099564129,9312853448.02581,247120.086421392,9312.85344802581
BTC,2022-02-01,38518.7099564129,39263.0744869248,38067.1543259645,38760.2566778841,9093633320.96382,235368.2745439,9093.63332096382
BTC,2022-02-02,38760.2566778841,39029.5271044412,36735.4698134066,36935.2015224288,8807555582.31695,232390.776169467,8807.55558231695
BTC,2022-02-03,36935.2015224288,37307.4534756288,36345.4133847651,37307.4534756288,8438771219.57751,229325.571837627,8438.77121957751
BTC,2022-02-04,37307.4534756288,41715.1749814504,37062.4984035927,41581.992365089,13228682573.0382,338872.049919643,13228.6825730382
BTC,2022-02-05,41581.992365089,41924.3103125954,41012.6620455363,41444.7014378814,8375357483.48203,201592.582819667,8375.35748348203
BTC,2022-02-06,41444.7014378814,42619.079159561,41236.4269425871,42434.8565934934,6155334649.77965,147555.259998971,6155.33464977965
BTC,2022-02-07,42434.8565934934,44496.700799461,41747.4063235496,43888.5171923911,13187309402.702,305017.005321043,13187.309402702
BTC,2022-02-08,43888.5171923911,45450.0270143932,42767.4822756718,44093.2252227645,15911036510.078,362309.858925932,15911.036510078
BTC,2022-02-09,44093.2252227645,44825.0382470671,43221.5955513678,44427.1310356663,10688071077.9483,243046.130764534,10688.0710779483
BTC,2022-02-10,44427.1310356663,45731.3301120281,43333.6273940076,43585.622305455,15665566474.1127,352177.222609356,15665.5664741127
BTC,2022-02-11,43585.622305455,43909.3656163251,42037.3491213086,42421.3845903464,13320794016.8782,308523.845782238,13320.7940168782
BTC,2022-02-12,42421.3845903464,43115.0736005248,41820.0032075845,42249.4882063866,7892721748.32942,186364.955261682,7892.72174832942
BTC,2022-02-13,42249.4882063866,42826.6510928316,41925.7594593398,42088.0385518948,5933662323.80317,140015.465955115,5933.66232380317
BTC,2022-02-14,42088.0385518948,42871.8051627836,41665.7024565608,42583.7069950108,9735419391.74397,230174.498435411,9735.419391743972
BTC,2022-02-15,42583.7069950108,44771.0902555927,42496.871506579,44567.362408842,10577962387.6009,240691.710307189,10577.962387600901
BTC,2022-02-16,44567.362408842,44567.362408842,43417.2242759472,43911.7812747083,8620452449.42786,195920.986934778,8620.45244942786
BTC,2022-02-17,43911.7812747083,44288.0313973171,40148.25706996,40572.5787254018,12620986043.4502,298308.291262314,12620.986043450199
BTC,2022-02-18,40572.5787254018,41411.8005540205,39566.8675078451,40033.5993673829,10854129656.5249,269087.625435499,10854.129656524901
BTC,2022-02-19,40033.5993673829,40652.5094020779,39719.0334016802,40135.9085817186,5273984628.21843,131566.588261797,5273.98462821843
BTC,2022-02-20,40135.9085817186,40168.9063475886,38089.0362330401,38398.6858875527,8020234436.28353,207001.566026352,8020.23443628353
BTC,2022-02-21,38398.6858875527,39616.9926426916,36915.8939768062,37065.5463296146,13923791735.6024,363369.886649918,13923.791735602399
BTC,2022-02-22,37065.5463296146,38441.3701395537,36438.2041207311,38273.7589086326,12022150843.941,321049.085514648,12022.150843941
BTC,2022-02-23,38273.7589086326,39262.675236645,37151.0375320299,37266.670760206,9954439749.53968,260024.473795212,9954.43974953968
BTC,2022-02-24,37266.670760206,39243.1173649897,34381.1254677348,38373.3567294839,21688510243.9155,600835.195811482,21688.5102439155
BTC,2022-02-25,38373.3567294839,39727.1998758811,38090.157922654,39247.0606836865,11768492988.003,302466.272102993,11768.492988003
BTC,2022-02-26,39247.0606836865,40196.0517246813,38683.3710206739,39145.2857313199,6629923290.88467,168684.592578035,6629.923290884671
BTC,2022-02-27,39145.2857313199,40293.1049524705,37121.0696888706,38000.1320731195,9925097164.02681,257288.299227892,9925.097164026809
BTC,2022-02-28,38000.1320731195,44029.8271222175,37516.5164368497,43208.3022431446,15583700947.3025,387927.047808822,15583.7009473025
BTC,2022-03-01,43208.3022431446,44912.5156561906,42912.5160884689,44433.8329941324,15195896753.3648,347302.390798906,15195.8967533648
BTC,2022-03-02,44433.8329941324,45202.3775201678,43394.0244335522,43938.3473929568,13814845320.2783,312795.181358952,13814.845320278298
BTC,2022-03-03,43938.3473929568,44246.748891432,41880.0955777887,42476.3495419097,11797161653.232,274156.091684231,11797.161653232
BTC,2022-03-04,42476.3495419097,42514.0796562017,38661.5791296567,39214.1164340164,14852705160.9385,363494.470305258,14852.7051609385
BTC,2022-03-05,39214.1164340164,40403.5260943559,38675.0616236009,39404.4290408575,6744483034.09039,172202.924866883,6744.48303409039
BTC,2022-03-06,39404.4290408575,39645.0230820338,38151.9778105716,38416.1139211941,7420724291.5813,190667.565061411,7420.724291581299
BTC,2022-03-07,38416.1139211941,39504.0018638852,37243.6492905871,38039.9536778358,12097777807.5806,316150.192312139,12097.7778075806
BTC,2022-03-08,38039.9536778358,40611.3584874976,37924.775586887,38755.8124052357,12325141812.7055,318526.619820647,12325.1418127055
BTC,2022-03-09,38755.8124052357,42789.3462867866,38722.3353387983,41949.2532150797,16009329214.7055,385262.491810193,16009.3292147055
BTC,2022-03-10,41949.2532150797,42031.9143781069,38768.9134722889,39450.472970223,15326057931.7133,386333.780683165,15326.057931713302
BTC,2022-03-11,39450.472970223,40349.786851438,38266.1077673849,38751.0034822877,12883864335.4195,329909.286932379,12883.864335419501
BTC,2022-03-12,38751.0034822877,39550.5715980261,38710.5855112344,38808.912529661,5829545952.46768,149005.311588605,5829.54595246768
BTC,2022-03-13,38808.912529661,39783.1968885991,37691.7495254438,37830.488565129,7182413500.70895,185344.730921459,7182.41350070895
BTC,2022-03-14,37830.488565129,39853.7810022265,37646.0221519084,39669.4584244225,10943402509.8489,282025.098301099,10943.4025098489
BTC,2022-03-15,39669.4584244225,39951.261785732,38275.4173284533,39298.495064226,10855061799.803,277972.943643582,10855.061799803
BTC,2022-03-16,39298.495064226,41618.4334564129,38986.7013248958,41124.7921082548,17450258700.0588,432956.572807875,17450.2587000588
BTC,2022-03-17,41124.7921082548,41615.1038796837,40616.7817703288,41019.1859285344,9341739262.37252,228183.580350402,9341.73926237252
BTC,2022-03-18,41019.1859285344,42371.732665354,40255.6866709143,41788.1158911028,12562965044.0254,306392.680745697,12562.9650440254
BTC,2022-03-19,41788.1158911028,42387.0467594197,41570.5532822066,42227.1822132212,7704287383.83545,183922.842855127,7704.28738383545
BTC,2022-03-20,42227.1822132212,42308.6358135789,40970.6865232092,41265.7887816155,8926929317.42257,214619.425765348,8926.92931742257
BTC,2022-03-21,41265.7887816155,42038.4171944952,40558.5112729449,41072.2757382856,13215752524.022,321568.885214498,13215.752524022
BTC,2022-03-22,41072.2757382856,43336.6817840209,40902.3742974998,42383.4284462752,16495701288.692,388515.333788409,16495.701288692
BTC,2022-03-23,42383.4284462752,43023.322829614,41816.5446176715,42908.0152940736,13034446541.6146,308291.007100258,13034.4465416146
BTC,2022-03-24,42908.0152940736,44198.460519852,42698.3608739976,43995.0544615427,15427756878.9339,355783.383659914,15427.7568789339
BTC,2022-03-25,43995.0544615427,45072.8959672652,43684.6161556621,44324.1456587403,16211801944.3806,365792.612706476,16211.8019443806
BTC,2022-03-26,44324.1456587403,44863.6758035953,44138.9356977709,44543.2618254253,9428828394.46645,212299.510730432,9428.828394466449
BTC,2022-03-27,44543.2618254253,46867.6477853483,44438.7268013942,46829.1925356218,13272813000.9769,293158.284285853,13272.8130009769
BTC,2022-03-28,46829.1925356218,48164.7790157935,46649.0407871733,47109.5900327755,17480325751.8312,369156.621417577,17480.3257518312
BTC,2022-03-29,47109.5900327755,48079.3519732462,47042.8987640817,47444.2536001307,14171543570.1464,297860.114078256,14171.543570146401
BTC,2022-03-30,47444.2536001307,47677.2658549317,46696.0224369548,47046.5588659099,12952237418.4039,274357.045416782,12952.2374184039
BTC,2022-03-31,47046.5588659099,47567.904229292,45254.4246506647,45539.3030499317,14624979156.2318,314122.71350995,14624.9791562318
BTC,2022-04-01,45539.3030499317,46717.2621982611,44309.6517707893,46294.5456536343,16524030480.2614,363178.426043673,16524.0304802614
BTC,2022-04-02,46294.5456536343,47153.6742808151,45705.7440937743,45820.7574400274,12730871800.4264,274016.424371517,12730.8718004264
BTC,2022-04-03,45820.7574400274,47478.1889922282,45593.8011032008,46421.8950152819,11291944786.3197,243206.837694111,11291.9447863197
BTC,2022-04-04,46421.8950152819,46884.5756058334,45203.7975938747,46629.5608508979,14907665643.7976,323771.03804505,14907.6656437976
BTC,2022-04-05,46629.5608508979,47297.3002325226,45500.8118073232,45518.8114534148,14199907317.5179,306800.64003188,14199.9073175179
BTC,2022-04-06,45518.8114534148,45770.7435947722,43153.9794008615,43191.6713431437,18077600785.7729,406265.068990488,18077.6007857729
BTC,2022-04-07,43191.6713431437,44066.6487362521,42810.0527504459,43467.2472281728,13305318760.8302,306222.74433002,13305.3187608302
BTC,2022-04-08,43467.2472281728,44739.7829838005,42152.4159476413,42332.0247333776,13734238403.7683,317590.697049733,13734.238403768299
BTC,2022-04-09,42332.0247333776,43702.1790498137,42158.4870211063,42768.6868370621,7982353202.19415,187962.615857384,7982.35320219415
BTC,2022-04-10,42768.6868370621,43638.2392403212,41944.6131286987,42149.9663795503,8564945626.29653,200453.129160412,8564.94562629653
BTC,2022-04-11,42149.9663795503,42681.2882752739,39284.1942389405,39547.3314208316,16562928524.4034,404577.023888264,16562.9285244034
BTC,2022-04-12,39547.3314208316,41407.8590022821,39325.5854686424,40094.0390121693,15713344284.7326,392696.554993836,15713.344284732599
BTC,2022-04-13,40094.0390121693,41814.3920881859,39644.8472428587,41161.5300146781,13379569254.1637,329456.504222211,13379.5692541637
BTC,2022-04-14,41161.5300146781,41685.4367100088,39640.7453087175,39953.5837486506,11375512214.5673,279858.944297838,11375.512214567301
BTC,2022-04-15,39953.5837486506,40898.6003637117,39811.9302368292,40584.0326118403,12049572419.1757,299199.525502158,12049.5724191757
BTC,2022-04-16,40584.0326118403,41255.2019371979,40055.6544334386,40385.835365387,7904923880.40544,195571.593771615,7904.92388040544
BTC,2022-04-17,40385.835365387,41183.8130055556,39590.71560675,39720.175031325,9548059380.26906,237069.201650192,9548.05938026906
BTC,2022-04-18,39720.175031325,41116.7273797394,38688.1726235153,40810.4266178582,15148699627.202,381464.434570791,15148.699627202
BTC,2022-04-19,40810.4266178582,42123.9126228453,40583.4520316301,41498.8486738084,13709329667.2968,333589.807441312,13709.3296672968
BTC,2022-04-20,41498.8486738084,42314.0476500174,40946.0853617448,41371.2952751209,15621533107.1703,376285.076319705,15621.5331071703
BTC,2022-04-21,41371.2952751209,43012.9155107072,39931.5682468457,40490.4476835698,20395550173.221,488993.003508647,20395.550173221
BTC,2022-04-22,40490.4476835698,41540.931448031,39266.1385501412,39729.9187440143,19958214789.607,497743.155190297,19958.214789607
BTC,2022-04-23,39729.9187440143,40441.5789179986,39336.9587826025,39446.5520631321,12174323079.9069,306730.836770075,12174.3230799069
BTC,2022-04-24,39446.5520631321,39929.784272328,39106.1960249752,39465.644797799,13333461971.6995,336534.971733532,13333.461971699498
BTC,2022-04-25,39465.644797799,40720.226058808,38274.2666085828,40473.134484777,20182428270.5252,514339.157710131,20182.4282705252
BTC,2022-04-26,40473.134484777,41006.7796794465,37772.1977462112,38130.878974108,20107717282.084,510778.39962876,20107.717282084
BTC,2022-04-27,38130.878974108,39432.7283201516,37900.7550427858,39240.7843412564,18763304113.2827,483203.706165248,18763.3041132827
BTC,2022-04-28,39240.7843412564,40451.3780198868,38927.9408843785,39769.0207239483,16830881489.3167,424936.498758119,16830.8814893167
BTC,2022-04-29,39769.0207239483,40160.9361537318,38215.2956990465,38603.0732911076,18030027370.758,462144.679386231,18030.027370757998
BTC,2022-04-30,38603.0732911076,38842.0617916446,37654.3506907709,37690.6156017555,14947703855.553,388430.637012114,14947.703855553
BTC,2022-05-01,37690.6156017555,38671.1590417304,37486.0923225137,38480.6829588327,13950008731.0869,366001.426049571,13950.0087310869
BTC,2022-05-02,38480.6829588327,39290.7991948807,38094.9779193323,38526.9427973215,18566594137.2779,480087.582196695,18566.5941372779
BTC,2022-05-03,38526.9427973215,38828.6969388691,37551.3638683599,37736.5823970341,15238490412.1341,398759.371273071,15238.4904121341
BTC,2022-05-04,37736.5823970341,39993.3536764728,37736.5823970341,39694.6268104868,19766397133.7006,506679.717786022,19766.3971337006
BTC,2022-05-05,39694.6268104868,40155.1433187226,35725.6199061463,36577.7754839369,22874952176.2039,606487.468328581,22874.9521762039
BTC,2022-05-06,36577.7754839369,37016.5503246097,35384.1286798143,36010.7997064727,20957419134.5783,580833.947102751,20957.4191345783
BTC,2022-05-07,36010.7997064727,36897.9756033659,34901.1703693569,35492.272288545,12827422575.0146,358711.040901344,12827.422575014602
BTC,2022-05-08,35492.272288545,35497.3863384037,33798.945188499,34056.3276112642,20638953578.117,598180.772311115,20638.953578117
BTC,2022-05-09,34056.3276112642,34220.0369817477,30115.5299245556,30115.5299245556,34141677464.4941,1058329.43171123,34141.677464494096
BTC,2022-05-10,30115.5299245556,32583.9041530372,29823.5057704844,31013.0903012082,33154562441.5863,1059392.44314903,33154.5624415863
BTC,2022-05-11,31013.0903012082,32067.0247358402,27894.4245313136,28955.3477326609,38973146724.723,1283948.7844319,38973.146724723
BTC,2022-05-12,28955.3477326609,30035.3596614275,25773.6653467465,28948.8468667497,39009759821.9617,1389185.87026836,39009.7598219617
BTC,2022-05-13,28948.8468667497,30961.9093562377,28754.1510988247,29277.014143605,23706836542.7146,785833.921811787,23706.8365427146
BTC,2022-05-14,29277.014143605,30250.7053328338,28664.5841768186,30071.7583952937,15389113421.7382,523829.004597722,15389.113421738199
BTC,2022-05-15,30071.7583952937,31359.7700772112,29511.9933086361,31306.4566177875,13989958535.3321,463435.846969045,13989.9585353321
BTC,2022-05-16,31306.4566177875,31306.4566177875,29166.8593510008,29842.3665899188,17441671187.2316,582766.719007143,17441.6711872316
BTC,2022-05-17,29842.3665899188,30723.2896291171,29475.2383105455,30428.3885599316,15238609518.4323,503459.681314647,15238.6095184323
BTC,2022-05-18,30428.3885599316,30652.3807780672,28652.3437642462,28675.2158699234,18239048173.1749,618088.322587531,18239.0481731749
BTC,2022-05-19,28675.2158699234,30487.0661347947,28675.2158699234,30297.3188695349,18446461243.02,623094.260252091,18446.46124302
BTC,2022-05-20,30297.3188695349,30716.2934043354,28739.3727289,29170.8388784833,18511529705.3016,623390.962559282,18511.5297053016
BTC,2022-05-21,29170.8388784833,29607.0892893568,28983.1271073977,29427.3702282029,9497901906.06387,323866.520851908,9497.90190606387
BTC,2022-05-22,29427.3702282029,30424.1383271413,29260.9171032431,30264.4586309666,13138453392.3707,439769.546543401,13138.4533923707
BTC,2022-05-23,30264.4586309666,30621.3866259365,28884.0073770277,29087.275130061,18033258156.3465,600764.508824188,18033.2581563465
BTC,2022-05-24,29087.275130061,29788.6425038606,28711.7695269353,29627.5068787364,14394072875.4843,491462.480256193,14394.0728754843
BTC,2022-05-25,29627.5068787364,30198.8801306064,29359.465998338,29526.2095277186,15126033430.8263,508591.995573416,15126.033430826299
BTC,2022-05-26,29526.2095277186,29874.4409743256,28137.4491742295,29189.8019829638,20503143381.9816,700488.053889085,20503.1433819816
BTC,2022-05-27,29189.8019829638,29372.1629976521,28283.0606081643,28593.647341069,21193545695.289,733794.578296336,21193.545695289
BTC,2022-05-28,28593.647341069,29621.2136359287,28528.2842888682,29023.6963531194,9639824573.38004,333738.647472176,9639.82457338004
BTC,2022-05-29,29023.6963531194,30212.1619383644,28841.0386964494,29453.8823738123,8720835540.05931,298839.75126464,8720.83554005931
BTC,2022-05-30,29453.8823738123,32080.6773210198,29312.0425078724,31707.0477166798,21415197159.9087,697171.62249019,21415.197159908697
BTC,2022-05-31,31707.0477166798,32297.6527884591,31246.9270364737,31763.9881272722,19975425154.0579,630233.710911995,19975.4251540579
BTC,2022-06-01,31763.9881272722,31940.5414344783,29412.5258761285,29780.3787257085,25409617740.0682,823148.376755719,25409.6177400682
BTC,2022-06-02,29780.3787257085,30613.8847513853,29616.5562922948,30445.6771415581,16949396362.1004,564072.736893308,16949.3963621004
BTC,2022-06-03,30445.6771415581,30819.7664058957,29329.180524134,29692.2803010075,15087622442.7174,504735.786316711,15087.6224427174
BTC,2022-06-04,29692.2803010075,30127.0187559775,29481.1358406864,29851.9731801901,8701671387.75128,293049.497542647,8701.67138775128
BTC,2022-06-05,29851.9731801901,30169.6820845801,29544.7031667393,29906.7016211219,8866901757.67785,297217.667417017,8866.901757677851
BTC,2022-06-06,29906.7016211219,31771.7656924174,29863.0737808414,31359.0052613532,20061428685.0682,642609.084698756,20061.4286850682
BTC,2022-06-07,31359.0052613532,31551.4166192855,29255.4672286595,31119.7778089599,22618205045.147,750292.976886195,22618.205045147
BTC,2022-06-08,31119.7778089599,31274.6555068673,29863.164168777,30194.1657751089,18487196721.9452,607228.423422553,18487.1967219452
BTC,2022-06-09,30194.1657751089,30618.5545321685,29943.5470957563,30088.1992605605,14296611164.5841,473229.477156762,14296.611164584101
BTC,2022-06-10,30088.1992605605,30441.3518197401,28905.56259445,29066.8608555744,18396903428.7714,622768.027577826,18396.903428771402
BTC,2022-06-11,29066.8608555744,29676.2055300112,28155.5503725862,28398.2127825331,16289693546.5588,566542.78126627,16289.6935465588
BTC,2022-06-12,28398.2127825331,28535.6761599377,26593.4364374062,26593.4364374062,19447775549.1198,705198.688458263,19447.7755491198
BTC,2022-06-13,26593.4364374062,26813.0739402972,22003.1868668581,22445.1436398689,43119269915.375,1777208.52264297,43119.269915375
BTC,2022-06-14,22445.1436398689,23149.847345712,20867.6284416242,22138.9698212549,31199901122.3929,1409583.64148773,31199.901122392897
BTC,2022-06-15,22138.9698212549,22685.3699808807,20130.4090933125,22571.0576199162,33791535578.716,1590321.30895148,33791.535578716
BTC,2022-06-16,22571.0576199162,22931.8223008583,20230.2911993752,20380.5325789067,17905402632.0635,838389.774618979,17905.4026320635
BTC,2022-06-17,20380.5325789067,21286.7314621531,20223.9324425415,20444.843150264,14041672482.9462,678821.007789034,14041.6724829462
BTC,2022-06-18,20444.843150264,20744.7284236991,17635.3920921742,18973.1024503608,20894798765.5703,1100356.25484579,20894.7987655703
BTC,2022-06-19,18973.1024503608,20751.9560080049,17977.2668168,20559.5050894125,17962031944.3842,929867.968128972,17962.0319443842
BTC,2022-06-20,20559.5050894125,20955.4488940766,19645.3428813578,20558.6286659958,18145012737.7964,893585.853348158,18145.012737796398
BTC,2022-06-21,20558.6286659958,21641.0468062613,20358.0428108286,20708.9008031907,15404029015.1435,732358.358256577,15404.0290151435
BTC,2022-06-22,20708.9008031907,20855.0047247394,19783.2489305509,19960.2186719402,16776241419.0838,826454.362092704,16776.2414190838
BTC,2022-06-23,19960.2186719402,21161.5695178583,19918.2464881317,21084.0932609266,14241153224.3707,692869.172126901,14241.1532243707
BTC,2022-06-24,21084.0932609266,21467.4454953054,20749.1430922324,21214.6692327235,14025351339.1003,664236.511900602,14025.3513391003
BTC,2022-06-25,21214.6692327235,22067.1642363379,20926.6717147895,21486.7795267034,10230876850.2989,481150.210013248,10230.8768502989
BTC,2022-06-26,21486.7795267034,21821.896474452,20999.8465610721,21035.9629970889,9682624056.3547,452909.800081054,9682.6240563547
BTC,2022-06-27,21035.9629970889,21919.6963176005,20562.230979105,20707.6886918966,11342421179.2398,539733.81640361,11342.4211792398
BTC,2022-06-28,20707.6886918966,21169.9537081558,20203.9292646272,20261.322494417,12980924740.4393,628731.352337981,12980.9247404393
BTC,2022-06-29,20261.322494417,20371.1954304938,19879.9507407633,20101.410032865,12143004431.4778,603393.327824559,12143.0044314778
BTC,2022-06-30,20101.410032865,20140.5837703563,18680.6137692109,19908.4208257945,14610545021.21,757798.627337448,14610.545021209999
BTC,2022-07-01,19908.4208257945,20742.1865938171,19006.1587688864,19252.1638224184,18696353241.2992,954512.54956531,18696.3532412992
BTC,2022-07-02,19252.1638224184,19410.6914165514,18989.0839605387,19232.3596433005,9854215510.22121,512588.644076384,9854.215510221211
BTC,2022-07-03,19232.3596433005,19597.9844785845,18828.2749963885,19298.6909601537,8871765792.09565,462738.833180029,8871.76579209565
BTC,2022-07-04,19298.6909601537,20288.3199885835,19047.7222804431,20208.1258521229,12484841281.0465,637548.737824928,12484.8412810465
BTC,2022-07-05,20208.1258521229,20686.8498705104,19308.2734296699,20177.8719636965,16775772762.7098,841316.980481484,16775.7727627098
BTC,2022-07-06,20177.8719636965,20625.1423073925,19758.1474235319,20542.4083893739,13481944697.9931,668318.848077599,13481.9446979931
BTC,2022-07-07,20542.4083893739,21809.3478238044,20264.8423769027,21632.7264424563,14436258493.8722,691319.584129098,14436.2584938722
BTC,2022-07-08,21632.7264424563,22328.4210107142,21214.6762835154,21599.3104220071,24829073540.5518,1141075.57426054,24829.0735405518
BTC,2022-07-09,21599.3104220071,21940.5225383047,21378.5902074109,21583.8358064306,15939386810.5309,737567.551507696,15939.3868105309
BTC,2022-07-10,21583.8358064306,21587.9273107538,20696.5592299454,20841.4020253745,15110971794.7188,714568.578258897,15110.9717947188
BTC,2022-07-11,20841.4020253745,20841.4020253745,19893.1712816419,19953.6463431842,13527130091.4721,661720.477588744,13527.1300914721
BTC,2022-07-12,19953.6463431842,20045.0868121122,19272.2209135543,19314.5681356567,13624454208.381,690306.873852639,13624.454208381001
BTC,2022-07-13,19314.5681356567,20239.0325461825,18945.0150149065,20239.0325461825,17725932426.6563,906328.664536273,17725.932426656298
BTC,2022-07-14,20239.0325461825,20840.1233165002,19661.490194163,20587.8286458016,16912473479.9927,839253.762033888,16912.4734799927
BTC,2022-07-15,20587.8286458016,21170.2368538274,20397.2374506993,20823.4872892865,16517910311.9593,794253.358327794,16517.9103119593
BTC,2022-07-16,20823.4872892865,21558.2172624097,20487.25054338,21209.9251489495,12400872246.9016,591956.206214943,12400.8722469016
BTC,2022-07-17,21209.9251489495,21698.1296255994,20761.0751984941,20787.2747890091,11942665631.99,562175.07180224,11942.66563199
BTC,2022-07-18,20787.2747890091,22708.8717307454,20775.5453322877,22497.1521495936,20727785465.992,947197.697898047,20727.785465992
BTC,2022-07-19,22497.1521495936,23752.4766598927,21620.5928885349,23407.3349580126,25622303173.1201,1134720.22446228,25622.303173120097
BTC,2022-07-20,23407.3349580126,24240.4194574266,22955.1429831251,23221.329625508,24157129923.7787,1023466.48185723,24157.129923778703
BTC,2022-07-21,23221.329625508,23427.7380082689,22381.6634347265,23151.3577660337,17843374931.4741,777798.120248041,17843.3749314741
BTC,2022-07-22,23151.3577660337,23786.0317926149,22538.7207899743,22701.4180913587,17818217102.4796,767632.294385361,17818.2171024796
BTC,2022-07-23,22701.4180913587,23055.1750239461,21984.6131214252,22463.2046978471,13820615580.1104,614708.932778566,13820.6155801104
BTC,2022-07-24,22463.2046978471,23011.3459487159,22289.6063479279,22587.3412261066,22673476250.8779,999297.965967483,22673.4762508779
BTC,2022-07-25,22587.3412261066,22679.5629226481,21291.1110741724,21316.7699867919,21944284670.798,1000174.65386155,21944.284670798
BTC,2022-07-26,21316.7699867919,21316.7699867919,20747.4416798706,21269.8745649408,17801074128.3868,846363.2650268,17801.074128386797
BTC,2022-07-27,21269.8745649408,23147.2472348727,21079.357621755,22962.8182152291,21283514954.547,970709.776277428,21283.514954547
BTC,2022-07-28,22962.8182152291,24166.2854503185,22649.6019213247,23858.0662916566,23156272463.7783,991789.797073632,23156.2724637783
BTC,2022-07-29,23858.0662916566,24341.7515026132,23483.5353380699,23776.6077602224,20914662983.179,875591.252998112,20914.662983179
BTC,2022-07-30,23776.6077602224,24598.3637495244,23550.9979917047,23649.5949175304,16361110395.1914,679787.302231968,16361.110395191401
BTC,2022-07-31,23649.5949175304,24174.6712790443,23259.2841703149,23313.8527919824,15151260615.4683,638642.659489803,15151.2606154683
BTC,2022-08-01,23313.8527919824,23534.7309491745,22876.9461271017,23283.7273812922,16378087593.2148,705625.290035883,16378.0875932148
BTC,2022-08-02,23283.7273812922,23410.0059927363,22652.5533824206,23002.2350849598,23681039823.7335,1032247.53803445,23681.039823733503
BTC,2022-08-03,23002.2350849598,23602.3778515616,22713.6365099606,22845.0854057235,20247588054.253,871901.607656396,20247.588054253
BTC,2022-08-04,22845.0854057235,23241.847789875,22454.2407894651,22622.431583546,17384897619.3037,760414.883389264,17384.897619303698
BTC,2022-08-05,22622.431583546,23447.6162577578,22575.6609051885,23306.9785860126,22219695265.2524,962717.611238543,22219.695265252398
BTC,2022-08-06,23306.9785860126,23388.5437733189,22935.2297147319,22953.1456804837,11083616848.4559,478136.512082831,11083.6168484559
BTC,2022-08-07,22953.1456804837,23388.9569324817,22863.5281956041,23182.4817640934,11078487054.3891,479976.9554452,11078.4870543891
BTC,2022-08-08,23182.4817640934,24237.9356259194,23182.4817640934,23824.7369983572,17195394253.6221,720467.69816634,17195.3942536221
BTC,2022-08-09,23824.7369983572,23942.760450687,22907.9766538684,23158.794917736,17413937861.1121,745811.64505894,17413.9378611121
BTC,2022-08-10,23158.794917736,24192.3731290265,22764.8097040346,23961.2072606782,19548958820.3809,830833.197260334,19548.9588203809
BTC,2022-08-11,23961.2072606782,24862.6952436189,23888.4237821536,23949.5204902639,23266581772.5931,952636.954358688,23266.5817725931
BTC,2022-08-12,23949.5204902639,24444.5213865322,23638.8102613287,24411.3285140137,16432359630.0016,685052.873987174,16432.3596300016
BTC,2022-08-13,24411.3285140137,24888.109456622,24326.4924812227,24449.7898028232,15135892654.5933,616581.522265464,15135.892654593299
BTC,2022-08-14,24449.7898028232,25092.890390876,24181.2003732937,24313.1832718628,14939683760.9967,608801.294666111,14939.6837609967
BTC,2022-08-15,24313.1832718628,25180.3761737833,23805.2086013221,24097.6857184209,20909270227.1348,860604.394435105,20909.2702271348
BTC,2022-08-16,24097.6857184209,24243.2178985463,23705.0718849611,23867.6750691758,15503653605.9903,647111.527152507,15503.6536059903
BTC,2022-08-17,23867.6750691758,24482.5972062864,23198.9875907955,23346.2252262025,18870853521.9043,795707.472288072,18870.8535219043
BTC,2022-08-18,23346.2252262025,23749.3034838744,23146.9743303322,23203.1358520417,15961618086.9102,682110.760872483,15961.6180869102
BTC,2022-08-19,23203.1358520417,23203.1358520417,20832.4059775829,20842.0781597212,26829002790.0149,1231947.93040358,26829.0027900149
BTC,2022-08-20,20842.0781597212,21388.2327776551,20808.3721306918,21143.9369934609,22981056326.9817,1085662.87696673,22981.0563269817
BTC,2022-08-21,21143.9369934609,21777.2001488285,21086.8980178126,21517.7631751083,21585839600.3008,1009293.62401788,21585.839600300802
BTC,2022-08-22,21517.7631751083,21517.7631751083,20897.1434965935,21407.2600532749,25146053672.6753,1184134.6614866,25146.0536726753
BTC,2022-08-23,21407.2600532749,21652.1218531866,20937.5063833187,21519.0765615916,23884818770.3873,1115932.76124492,23884.818770387297
BTC,2022-08-24,21519.0765615916,21882.72448034,21165.6382169232,21367.5124035899,23201083145.4402,1080572.44310822,23201.0831454402
BTC,2022-08-25,21367.5124035899,21790.5620337305,21347.3015946503,21566.8225731527,21825913782.2243,1010193.7446406,21825.9137822243
BTC,2022-08-26,21566.8225731527,21784.475693238,20128.9255054828,20252.6953138933,28466872388.4539,1348621.44105014,28466.8723884539
BTC,2022-08-27,20252.6953138933,20336.7849147785,19851.9115518488,20038.9379990459,20621595266.0115,1025111.05479237,20621.5952660115
BTC,2022-08-28,20038.9379990459,20134.5435785067,19557.6067702818,19558.4102774165,17553445198.1343,878922.022233403,17553.4451981343
BTC,2022-08-29,19558.4102774165,20401.1373904799,19558.4102774165,20301.3635488976,20112577655.2482,1004010.72609407,20112.5776552482
BTC,2022-08-30,20301.3635488976,20547.1960084836,19593.7661891489,19803.7122711205,25246652999.7614,1257231.6400235,25246.652999761398
BTC,2022-08-31,19803.7122711205,20434.499466105,19803.7122711205,20050.2306826139,24872762381.3142,1231800.61621095,24872.7623813142
BTC,2022-09-01,20050.2306826139,20542.3800157126,19598.5371825291,20132.4351278389,23637441404.9427,1184868.74402923,23637.4414049427
BTC,2022-09-02,20132.4351278389,20419.3944698361,19776.6366831701,19958.1546339531,23776922662.2907,1183230.09531649,23776.922662290697
BTC,2022-09-03,19958.1546339531,20041.8840466114,19671.9343364484,19839.1957300156,17120240298.6376,862619.632958247,17120.2402986376
BTC,2022-09-04,19839.1957300156,20008.690210459,19592.9921828685,19998.2496914502,19774065862.631,998979.251349258,19774.065862631
BTC,2022-09-05,19998.2496914502,20049.1027387257,19659.3186737809,19792.1636053288,21070224059.6196,1064222.60538147,21070.2240596196
BTC,2022-09-06,19792.1636053288,20117.9632270519,18723.7583197526,18790.9069153409,28430601793.6425,1455513.38337971,28430.6017936425
BTC,2022-09-07,18790.9069153409,19436.8399889466,18592.0282423359,19282.7869813442,25630195143.0088,1354277.66905305,25630.1951430088
BTC,2022-09-08,19282.7869813442,19441.8106304918,19047.4897670296,19311.0985224782,23920373100.761,1242344.49407204,23920.373100761
BTC,2022-09-09,19311.0985224782,21539.4395887747,19311.0985224782,21508.8854687482,34109218754.4291,1640871.6064044,34109.2187544291
BTC,2022-09-10,21508.8854687482,21795.7311096633,21144.5556887018,21655.6317589473,26786770591.6574,1251338.575383,26786.770591657398
BTC,2022-09-11,21655.6317589473,21866.5306517855,21365.4283267382,21819.8741310598,22042383108.6786,1020424.96822232,22042.3831086786
BTC,2022-09-12,21819.8741310598,22469.8615082658,21599.1503349666,22397.7556323332,34429636474.8677,1555529.68806005,34429.6364748677
BTC,2022-09-13,22397.7556323332,22641.1795584025,19946.8612787411,20175.3568576726,37856712215.0557,1761194.4973371,37856.712215055704
BTC,2022-09-14,20175.3568576726,20513.7460560012,19665.2156447798,20230.1026493397,28136353495.581,1391942.7133299,28136.353495581003
BTC,2022-09-15,20230.1026493397,20324.1279783619,19545.1796951718,19703.3300886564,26563909517.7554,1329856.06266557,26563.9095177554
BTC,2022-09-16,19703.3300886564,19885.9448038564,19361.5707364822,19801.2191593224,23819731307.2531,1209433.4483267,23819.7313072531
BTC,2022-09-17,19801.2191593224,20174.3391758093,19759.5246286657,20116.1287453886,19453454711.3105,975032.907392258,19453.4547113105
BTC,2022-09-18,20116.1287453886,20119.5487476841,19359.7069183044,19419.2114488315,22827184314.6645,1151457.48750132,22827.1843146645
BTC,2022-09-19,19419.2114488315,19668.6325836499,18360.249485488,19543.3565534122,29195768362.5716,1538582.98206181,29195.7683625716
BTC,2022-09-20,19543.3565534122,19605.7589513136,18768.9641010789,18878.7016110801,25610750572.3946,1337056.57859484,25610.7505723946
BTC,2022-09-21,18878.7016110801,19712.5299820972,18266.76515233,18490.9294708545,25874094081.6096,1359685.43357291,25874.0940816096
BTC,2022-09-22,18490.9294708545,19501.2133549516,18394.4726757241,19409.7534540829,21816501223.4473,1147339.9590139,21816.5012234473
BTC,2022-09-23,19409.7534540829,19453.5967233044,18554.6001021979,19290.201268573,21836882895.7084,1149333.79815328,21836.8828957084
BTC,2022-09-24,19290.201268573,19306.3461940869,18823.2769892156,18923.0396137772,13931388543.6357,730354.136811556,13931.3885436357
BTC,2022-09-25,18923.0396137772,19146.1287101879,18693.048876953,18799.5981202723,12753737545.3405,672508.481887615,12753.7375453405
BTC,2022-09-26,18799.5981202723,19275.6392148178,18703.41998453,19227.254756094,23787483144.6814,1250590.49464942,23787.4831446814
BTC,2022-09-27,19227.254756094,20344.5192981998,18854.8843592865,19091.6412715529,30782334124.4512,1560463.16474014,30782.334124451198
BTC,2022-09-28,19091.6412715529,19716.6960277095,18522.3943642187,19411.5572735283,27813448380.1962,1454553.03697837,27813.4483801962
BTC,2022-09-29,19411.5572735283,19616.9139975588,18887.541796947,19592.383140833,21491419026.7428,1109547.10371365,21491.419026742802
BTC,2022-09-30,19592.383140833,20152.4427015836,19232.9129923963,19424.3694033923,24643768702.592,1259554.30700256,24643.768702592
BTC,2022-10-01,19424.3694033923,19477.7145728112,19211.7206171538,19309.0114018438,10673945152.7908,552431.098589174,10673.9451527908
BTC,2022-10-02,19309.0114018438,19386.5634976076,18948.244981198,19054.683325411,12403237122.2007,645955.099577611,12403.2371222007
BTC,2022-10-03,19054.683325411,19675.4160476632,19003.6513751223,19627.1760107208,18128062518.3019,937403.835006401,18128.0625183019
BTC,2022-10-04,19627.1760107208,20417.579048648,19526.325329955,20344.6489661715,21670259219.8001,1083539.59439591,21670.259219800097
BTC,2022-10-05,20344.6489661715,20348.499739831,19772.1213472767,20162.2221311315,19689499932.3175,979546.665827825,19689.4999323175
BTC,2022-10-06,20162.2221311315,20423.994053023,19877.5884328016,19952.3940142373,20974215732.4175,1041409.26314595,20974.2157324175
BTC,2022-10-07,19952.3940142373,20036.1318932985,19351.8368042664,19533.3286266017,18720787795.1483,949964.413666808,18720.7877951483
BTC,2022-10-08,19533.3286266017,19616.6738759077,19290.5849599644,19415.9679747434,10394252389.1682,533596.335203174,10394.2523891682
BTC,2022-10-09,19415.9679747434,19552.5110051517,19327.0882450983,19443.0462649631,10347732856.4274,532025.241083437,10347.732856427401
BTC,2022-10-10,19443.0462649631,19514.6436020513,19082.0948036119,19133.2766790523,18188633588.8875,942629.254827065,18188.6335888875
BTC,2022-10-11,19133.2766790523,19248.1152819632,18880.9994134336,19058.1590286618,19179168224.0222,1006163.40695309,19179.1682240222
BTC,2022-10-12,19058.1590286618,19209.9677682511,19005.8775285071,19156.9479335102,17583612125.155,919799.075151116,17583.612125155
BTC,2022-10-13,19156.9479335102,19821.4019225104,18263.7346433958,19379.6933449788,29420439324.7544,1555978.48832048,29420.4393247544
BTC,2022-10-14,19379.6933449788,19914.4063438241,19100.923394608,19180.0158817323,24726255209.0342,1264837.54938155,24726.2552090342
BTC,2022-10-15,19180.0158817323,19338.1447709498,19011.9763559192,19066.4862589852,9892815303.10176,516916.819273656,9892.815303101761
BTC,2022-10-16,19066.4862589852,19578.4185616365,19066.4862589852,19262.295619267,11124136096.5344,579635.537543834,11124.136096534401
BTC,2022-10-17,19262.295619267,19659.4781538978,19118.1007382346,19548.6174791554,16019361683.9271,824153.461184854,16019.3616839271
BTC,2022-10-18,19548.6174791554,19687.2048694444,19112.829163079,19330.8474645807,18266034958.9149,938821.563165047,18266.0349589149
BTC,2022-10-19,19330.8474645807,19335.6992253906,19103.2543436768,19126.9220346171,12770136746.345,665024.863706795,12770.136746344999
BTC,2022-10-20,19126.9220346171,19324.6806429677,18946.1388224448,19045.4680600591,13998568644.984,731896.888919617,13998.568644984
BTC,2022-10-21,19045.4680600591,19239.0767472412,18745.7882317521,19168.1408610375,17317392829.8003,909342.120379365,17317.3928298003
BTC,2022-10-22,19168.1408610375,19261.8819193502,19117.2764814591,19207.6963610599,7341623754.79872,382746.119026717,7341.62375479872
BTC,2022-10-23,19207.6963610599,19665.3807685389,19107.1162440865,19569.7325849495,9678500959.51062,500264.797277321,9678.50095951062
BTC,2022-10-24,19569.7325849495,19577.0929247233,19179.726270556,19332.8801797789,15333588023.548,792279.093940911,15333.588023548
BTC,2022-10-25,19332.8801797789,20393.1974068008,19261.0282167773,20086.601334111,22369098467.2036,1128669.40153256,22369.098467203603
BTC,2022-10-26,20086.601334111,20989.5276972786,20078.5246722317,20773.4264453863,25864638477.1939,1255175.38134775,25864.6384771939
BTC,2022-10-27,20773.4264453863,20860.1053126979,20234.5276588003,20289.5828958237,20112567334.5574,976338.907600586,20112.5673345574
BTC,2022-10-28,20289.5828958237,20741.9643700882,20059.5348440408,20596.0509955165,17237345929.8822,845827.15365109,17237.345929882198
BTC,2022-10-29,20596.0509955165,21034.224251261,20564.8914192609,20807.8630909117,15568109703.5595,748131.039921354,15568.1097035595
BTC,2022-10-30,20807.8630909117,20913.6655435775,20524.6605629464,20625.1357557588,11759580507.3386,567698.143937062,11759.5805073386
BTC,2022-10-31,20625.1357557588,20802.5126660251,20262.7677036956,20494.9257299831,19501858176.0368,951158.791194029,19501.8581760368
BTC,2022-11-01,20494.9257299831,20653.8504357585,20341.1523863557,20482.1975751488,21120845186.1276,1030590.83573754,21120.8451861276
BTC,2022-11-02,20482.1975751488,20721.6912688844,20068.2271469478,20153.437580166,28064592212.8131,1375537.28280581,28064.5922128131
BTC,2022-11-03,20153.437580166,20352.6652866596,20062.9143601699,20205.2083159117,22055623615.9933,1089998.95921267,22055.6236159933
BTC,2022-11-04,20205.2083159117,21285.0454792296,20205.2083159117,21145.1212975502,32088009199.8248,1543731.05269202,32088.0091998248
BTC,2022-11-05,21145.1212975502,21464.4978088926,21090.9268225626,21300.4973318852,18686564475.4194,875842.688295438,18686.5644754194
BTC,2022-11-06,21300.4973318852,21350.8429581749,20902.4580673955,20918.721862735,17031403464.5364,803437.332054422,17031.4034645364
BTC,2022-11-07,20918.721862735,21086.085287557,20424.2422687753,20591.5810569268,26774227692.7865,1288711.84054424,26774.2276927865
BTC,2022-11-08,20591.5810569268,20695.4818796829,17347.8717292543,18549.8096066226,57191523321.1314,2961159.67360953,57191.523321131404
BTC,2022-11-09,18549.8096066226,18594.7721814257,15641.6746027677,15912.8757024704,54382524031.82,3137128.59751114,54382.52403182
BTC,2022-11-10,15912.8757024704,18218.7256094369,15894.8239607273,17628.3804115913,38548935826.4255,2262645.40232265,38548.9358264255
BTC,2022-11-11,17628.3804115913,18165.2524019836,16495.8568085968,17054.1262725733,29239635818.0444,1708319.28445794,29239.6358180444
BTC,2022-11-12,17054.1262725733,17098.3349604646,16635.6330947829,16778.3734764205,19235621972.6199,1142421.92952439,19235.6219726199
BTC,2022-11-13,16778.3734764205,16903.852413818,16251.6930020914,16331.086043426,16698674989.9021,1005217.49657238,16698.674989902098
BTC,2022-11-14,16331.086043426,17127.3841170136,15818.8023947934,16616.1149204193,28164946114.5661,1708792.18342899,28164.9461145661
BTC,2022-11-15,16616.1149204193,17080.4126850409,16554.2619772459,16887.1041026214,18345911510.6674,1090068.24625087,18345.9115106674
BTC,2022-11-16,16887.1041026214,16974.2391080786,16399.2827075084,16662.2571518258,17553456382.2398,1054345.64664679,17553.4563822398
BTC,2022-11-17,16662.2571518258,16727.6912727959,16419.9567115141,16683.8645945887,16096094193.0529,970123.012548149,16096.0941930529
BTC,2022-11-18,16683.8645945887,16967.3005021625,16548.0213568249,16690.5061646123,16133972168.054,964269.31617033,16133.972168054
BTC,2022-11-19,16690.5061646123,16805.6431152757,16555.2061225248,16694.0173694121,10828069825.0907,650585.719583792,10828.0698250907
BTC,2022-11-20,16694.0173694121,16737.152754103,16204.2101691801,16275.4041131052,14549475142.0163,879231.09854564,14549.475142016301
BTC,2022-11-21,16275.4041131052,16275.4041131052,15502.7295179851,15774.4832353555,24207027497.5152,1513422.77124028,24207.027497515202
BTC,2022-11-22,15774.4832353555,16270.5690615133,15640.305104319,16205.8221488175,21278352930.6744,1333348.83289294,21278.3529306744
BTC,2022-11-23,16205.8221488175,16659.7413469406,16194.3213792339,16613.9113100967,22056020076.3183,1336752.85805937,22056.0200763183
BTC,2022-11-24,16613.9113100967,16790.7864843532,16473.4837155453,16596.708046295,17499232073.4708,1053841.42702621,17499.232073470797
BTC,2022-11-25,16596.708046295,16597.4864557126,16344.0957005803,16512.9170255092,12513930402.977,759132.998287346,12513.930402977
BTC,2022-11-26,16512.9170255092,16684.6459722285,16394.9395754898,16453.3220545922,11375713446.7519,687029.110830978,11375.713446751899
BTC,2022-11-27,16453.3220545922,16586.5223283088,16412.5620056834,16419.6793920512,10668772532.6564,645580.201182703,10668.772532656401
BTC,2022-11-28,16419.6793920512,16469.3310358364,16005.8577739737,16210.7752707756,16301216543.9762,1006191.31901237,16301.2165439762
BTC,2022-11-29,16210.7752707756,16516.8511317469,16101.1318497848,16438.8702427102,15545118180.5825,947707.611625362,15545.1181805825
BTC,2022-11-30,16438.8702427102,17218.5674682091,16438.8702427102,17172.1372250751,19938163872.6677,1177996.01094978,19938.1638726677
BTC,2022-12-01,17172.1372250751,17243.8342693805,16881.4993816639,16979.0561874183,16559320388.3344,969796.541152351,16559.3203883344
BTC,2022-12-02,16979.0561874183,17096.8345688788,16826.8192131075,17096.8104732562,14481668213.0944,853427.706910903,14481.668213094401
BTC,2022-12-03,17096.8104732562,17125.8106623883,16874.4714218508,16888.6496011212,11047456314.3407,650863.788738214,11047.4563143407
BTC,2022-12-04,16888.6496011212,17174.7622487987,16888.6496011212,17118.4665376458,12809266774.3754,752170.30601902,12809.266774375401
BTC,2022-12-05,17118.4665376458,17364.0681154318,16891.7547361974,16968.8908322988,15069110551.1355,877740.262577618,15069.1105511355
BTC,2022-12-06,16968.8908322988,17101.1925188865,16919.9495021823,17089.9333898539,13402914149.1315,788500.042091397,13402.9141491315
BTC,2022-12-07,17089.9333898539,17129.7507599972,16737.3562000899,16839.0737573858,12735836802.3487,754521.708375217,12735.8368023487
BTC,2022-12-08,16839.0737573858,17289.8368793781,16778.9809148956,17226.214010572,13294920357.0732,783633.07201495,13294.9203570732
BTC,2022-12-09,17226.214010572,17331.8254334382,17087.6949106061,17129.6601171897,13049705581.6759,759281.250268483,13049.7055816759
BTC,2022-12-10,17129.6601171897,17220.6937404946,17106.5513035969,17129.1862768961,8114527545.27979,472854.232357763,8114.52754527979
BTC,2022-12-11,17129.1862768961,17264.9177134746,17081.2130879796,17092.5710718811,8939783788.03155,521090.252959608,8939.78378803155
BTC,2022-12-12,17092.5710718811,17235.6177215669,16886.5794852766,17208.8355970428,12440085209.2129,731702.49338732,12440.0852092129
BTC,2022-12-13,17208.8355970428,17943.6186833546,17118.8315348426,17776.8698615716,17357960238.1568,989174.238768758,17357.9602381568
BTC,2022-12-14,17776.8698615716,18352.50183632,17691.4686454324,17800.5289116282,16922697903.3389,944149.607023503,16922.6979033389
BTC,2022-12-15,17800.5289116282,17820.9088225261,17300.6138388631,17358.599966588,13840512703.5735,789449.587145226,13840.5127035735
BTC,2022-12-16,17358.599966588,17510.8382280713,16556.2566546736,16636.3019783046,15523314221.9207,912131.180611894,15523.3142219207
BTC,2022-12-17,16636.3019783046,16914.9326838296,16592.6713683657,16780.6374709485,9400355595.60143,562887.697526399,9400.355595601432
BTC,2022-12-18,16780.6374709485,16819.0272183427,16673.3149996493,16738.692624659,7356301631.58039,439486.898080687,7356.30163158039
BTC,2022-12-19,16738.692624659,16810.4062553129,16335.1740582386,16441.5653963005,17148138429.847,1028795.55228935,17148.138429847
BTC,2022-12-20,16441.5653963005,17037.50818325,16419.5362901838,16903.9868964253,15366800940.6037,914476.083154676,15366.8009406037
BTC,2022-12-21,16903.9868964253,16915.3734598164,16740.5194665034,16825.6031068065,10284090120.488,611146.636040583,10284.090120488001
BTC,2022-12-22,16825.6031068065,16904.1839307704,16570.1722650089,16819.3397917948,11933756430.8133,712408.626733998,11933.756430813299
BTC,2022-12-23,16819.3397917948,16924.9645751881,16768.7403955525,16776.5713879112,11653072070.6098,692322.720436833,11653.0720706098
BTC,2022-12-24,16776.5713879112,16887.2532191228,16776.5713879112,16831.4918982042,7976966719.23361,473923.564808873,7976.96671923361
BTC,2022-12-25,16831.4918982042,16914.9934617624,16737.6027676978,16832.5436938815,8974387540.78334,533817.544791459,8974.38754078334
BTC,2022-12-26,16832.5436938815,16925.0240645677,16802.6885085129,16922.0231290302,9102786128.04499,540132.55050121,9102.78612804499
BTC,2022-12-27,16922.0231290302,16955.3991095821,16605.7503879756,16701.5323619558,11390175110.262,678280.546339612,11390.175110261998
BTC,2022-12-28,16701.5323619558,16760.5750663007,16471.5506663866,16541.4723044317,11288843924.6777,678964.880536785,11288.8439246777
BTC,2022-12-29,16541.4723044317,17033.6049779858,16497.5833766978,16640.1263641993,9394608869.13907,566101.792745265,9394.60886913907
BTC,2022-12-30,16640.1263641993,16653.5573524096,16382.8193899628,16605.7238616281,10114372448.3393,611661.683227377,10114.3724483393
BTC,2022-12-31,16605.7238616281,16630.7210156936,16491.3101185273,16537.3493546371,7275903564.6374,439164.653014135,7275.9035646373995
BTC,2023-01-01,16537.3493546371,16627.0555588393,16501.9358103731,16614.7996181354,6080581996.18584,367276.161709711,6080.58199618584
BTC,2023-01-02,16614.7996181354,16767.146130419,16546.6235327699,16671.8455481964,7908491913.34927,473837.391773933,7908.491913349269
BTC,2023-01-03,16671.8455481964,16759.6661791568,16604.6305541455,16668.5747367951,9101789657.04056,545770.252991759,9101.78965704056
BTC,2023-01-04,16668.5747367951,16969.683248055,16661.0142042707,16855.1515566319,12034225407.9367,715011.370973645,12034.225407936701
BTC,2023-01-05,16855.1515566319,16871.4089128992,16758.7847771254,16826.853077852,9010114502.25488,535818.526102811,9010.11450225488
BTC,2023-01-06,16826.853077852,17018.3418954458,16738.4638372866,16950.685352777,11204531068.0831,665162.476071313,11204.531068083099
BTC,2023-01-07,16950.685352777,17045.9572850933,16909.7020754645,16947.9786911474,6111870219.64871,360851.484802442,6111.87021964871
BTC,2023-01-08,16947.9786911474,17127.5902882142,16898.487782137,17120.2536044793,8313344135.85583,490010.195876296,8313.34413585583
BTC,2023-01-09,17120.2536044793,17389.5459502805,17120.2536044793,17185.4426286406,15334158268.0166,889188.316891618,15334.1582680166
BTC,2023-01-10,17185.4426286406,17489.8721868337,17151.9692873068,17444.3911017755,12018719456.0833,694982.30157835,12018.7194560833
BTC,2023-01-11,17444.3911017755,17952.5952948369,17327.2486845786,17937.9085106608,13772110626.0136,786692.864189857,13772.1106260136
BTC,2023-01-12,17937.9085106608,19050.6556436685,17930.9639711083,18853.0342288496,29266625848.6958,1592593.8210166,29266.6258486958
BTC,2023-01-13,18853.0342288496,20017.8597631704,18729.9241126407,19929.2964216156,24852764728.2704,1296730.95872755,24852.764728270402
BTC,2023-01-14,19929.2964216156,21195.2640871623,19902.1075379531,20955.5153194575,32295426799.8082,1553889.11823886,32295.4267998082
BTC,2023-01-15,20955.5153194575,21021.8912145249,20585.7704176458,20876.5832655193,17310904570.4128,833098.352576449,17310.9045704128
BTC,2023-01-16,20876.5832655193,21399.2285624956,20700.6630861383,21186.604577389,22927045425.5661,1089397.85659972,22927.045425566102
BTC,2023-01-17,21186.604577389,21486.8091570178,20919.5158755476,21138.9164686384,22486778839.0366,1060287.48589012,22486.778839036597
BTC,2023-01-18,21138.9164686384,21573.1489470396,20458.825789994,20678.3348791823,26838076487.012,1272724.8556905,26838.076487012
BTC,2023-01-19,20678.3348791823,21168.9098932402,20678.3348791823,21078.4544974041,18961770419.6709,909056.158973765,18961.7704196709
BTC,2023-01-20,21078.4544974041,22716.8588212032,20888.2130442984,22682.2029187614,24858004534.5796,1157899.15755525,24858.004534579602
BTC,2023-01-21,22682.2029187614,23304.2631397382,22485.0655993985,22779.2138078613,27719508594.7325,1209559.04662161,27719.5085947325
BTC,2023-01-22,22779.2138078613,23071.2327384288,22346.7637273856,22718.1314335012,20752237168.0665,910795.321004751,20752.237168066502
BTC,2023-01-23,22718.1314335012,23151.1968806619,22636.4124698463,22918.3699917327,21863053451.9904,957329.009374491,21863.0534519904
BTC,2023-01-24,22918.3699917327,23363.2278340349,22509.4825037283,22638.901587247,21891505890.9878,954554.354170624,21891.5058909878
BTC,2023-01-25,22638.901587247,23761.3363732382,22379.7492480882,23059.3851644209,25085841547.7823,1100880.69649274,25085.8415477823
BTC,2023-01-26,23059.3851644209,23256.8199359443,22888.7210164381,23019.9101609654,21708506403.3621,940884.151862877,21708.5064033621
BTC,2023-01-27,23019.9101609654,23475.8118532885,22617.4537682732,23079.9557865419,20677659667.646,898524.211923382,20677.659667646
BTC,2023-01-28,23079.9557865419,23443.5277260344,22897.6099944535,23036.0163159092,12717739796.7643,552362.765648576,12717.7397967643
BTC,2023-01-29,23036.0163159092,23948.4060217866,22979.5567114054,23755.8522960817,23404472610.316,997029.590407309,23404.472610316003
BTC,2023-01-30,23755.8522960817,23784.3497596,22592.5862407953,22836.7994097976,23818067029.0454,1025894.69574081,23818.0670290454
BTC,2023-01-31,22836.7994097976,23253.9416291641,22739.4933135869,23132.6366267087,20023382042.6848,870901.23056262,20023.3820426848
BTC,2023-02-01,23132.6366267087,23834.0130606243,22841.1403946109,23730.892108563,22103060791.2101,951322.349518035,22103.060791210097
BTC,2023-02-02,23730.892108563,24198.2806267111,23452.3967819743,23472.9378986901,26485414964.9975,1111984.6832022,26485.4149649975
BTC,2023-02-03,23472.9378986901,23676.9212327949,23238.3849167662,23427.2999489355,22535891918.3758,961028.855811804,22535.8919183758
BTC,2023-02-04,23427.2999489355,23565.7787392812,23274.7206953703,23323.8704017848,13140858974.1139,561673.926044605,13140.858974113899
BTC,2023-02-05,23323.8704017848,23409.5306616728,22796.5988549262,22939.8873379221,16382664559.048,707851.546972602,16382.664559048
BTC,2023-02-06,22939.8873379221,23140.3086937239,22651.7280267621,22762.160401592,21111746202.5477,922301.110683234,21111.7462025477
BTC,2023-02-07,22762.160401592,23333.702867273,22762.160401592,23250.8437643727,22790116577.6977,990434.386702555,22790.1165776977
BTC,2023-02-08,23250.8437643727,23384.853447355,22702.9480334217,22965.0353709284,23722196866.6351,1029550.94139088,23722.196866635102
BTC,2023-02-09,22965.0353709284,23001.0919866711,21720.735982862,21799.4426181371,33536687028.0828,1492292.3623313,33536.6870280828
BTC,2023-02-10,21799.4426181371,21933.5467662207,21497.9749970283,21632.2158073977,29187902806.3515,1341287.05284893,29187.9028063515
BTC,2023-02-11,21632.2158073977,21898.9981542914,21608.1579462245,21862.6260227177,17172493547.0849,791215.907310272,17172.4935470849
BTC,2023-02-12,21862.6260227177,22073.4177679702,21645.3332933107,21790.25455289,19109706243.9063,874011.674204475,19109.7062439063
BTC,2023-02-13,21790.25455289,21913.2869988353,21426.1034695214,21792.5223461046,24991681028.7265,1152242.28639388,24991.6810287265
BTC,2023-02-14,21792.5223461046,22287.6136311345,21589.0969122592,22208.9199618737,26410748337.4934,1204161.74212787,26410.7483374934
BTC,2023-02-15,22208.9199618737,24329.0313839681,22033.4939331493,24323.5166590462,32737370460.7367,1429345.39994704,32737.3704607367
BTC,2023-02-16,24323.5166590462,25190.2364518688,23533.2769528505,23533.2769528505,39069303275.8381,1589419.77876631,39069.303275838094
BTC,2023-02-17,23533.2769528505,24972.6846570456,23371.8761704933,24571.6150380305,39467418083.3476,1638295.26279555,39467.418083347606
BTC,2023-02-18,24571.6150380305,24824.562867037,24457.2952504481,24635.5338888335,21985964699.3671,893255.78219655,21985.9646993671
BTC,2023-02-19,24635.5338888335,25095.6487217062,24254.2778893254,24279.6343367959,26754511415.3025,1085484.47039966,26754.511415302502
BTC,2023-02-20,24279.6343367959,25387.5577865849,23898.3105311781,24835.755894074,30287858591.0978,1228099.78827216,30287.8585910978
BTC,2023-02-21,24835.755894074,25140.8494918204,24165.5779475859,24444.1011345712,32811039643.3852,1329917.73810414,32811.0396433852
BTC,2023-02-22,24444.1011345712,24449.6667008529,23577.258539765,24186.0885791748,31484920669.2871,1312547.05418816,31484.9206692871
BTC,2023-02-23,24186.0885791748,24579.1399021619,23631.6622587302,23939.6688327525,32171394933.7086,1335269.55203011,32171.394933708598
BTC,2023-02-24,23939.6688327525,24072.3435729229,22917.0174496612,23194.499333278,28819723549.6322,1223913.13345179,28819.7235496322
BTC,2023-02-25,23194.499333278,23213.1157008049,22798.2290746003,23163.049349882,19388001817.4127,841708.701212794,19388.0018174127
BTC,2023-02-26,23163.049349882,23662.3730793218,23060.174488994,23557.2229146909,20157169583.947,865664.403941136,20157.169583946998
BTC,2023-02-27,23557.2229146909,23873.2079754771,23158.3816262406,23499.8309774113,25149837573.206,1071263.27012089,25149.837573206
BTC,2023-02-28,23499.8309774113,23569.2639118705,23024.9156169172,23131.2984639804,23738663362.2851,1016197.55305378,23738.6633622851
BTC,2023-03-01,23131.2984639804,23922.033897421,23053.780819565,23649.4803930443,27176854381.0617,1151242.82911843,27176.854381061697
BTC,2023-03-02,23649.4803930443,23760.8253505429,23219.2280734095,23470.0361999682,25639763853.6024,1095005.69515175,25639.763853602402
BTC,2023-03-03,23470.0361999682,23511.9459888367,22118.5582537978,22361.1191692556,27661425166.1221,1233246.41047044,27661.425166122102
BTC,2023-03-04,22361.1191692556,22410.7592954188,22183.0343233394,22355.8306157683,12660446406.9397,567000.424232738,12660.4464069397
BTC,2023-03-05,22355.8306157683,22609.1959223563,22251.5124221797,22429.4908591502,16671207241.3413,743661.735884672,16671.2072413413
BTC,2023-03-06,22429.4908591502,22588.9400610232,22326.1654465696,22412.6705271364,19735972344.1535,880043.749310808,19735.9723441535
BTC,2023-03-07,22412.6705271364,22466.4853675542,21974.2263168901,22200.2507201629,24169040739.4563,1085835.86501991,24169.040739456297
BTC,2023-03-08,22200.2507201629,22265.9046289137,21692.895086391,21710.6990275416,18584826112.2635,843089.133339562,18584.8261122635
BTC,2023-03-09,21710.6990275416,21819.1630141329,20153.1726497541,20375.6834685557,21046500733.4089,993675.894538023,21046.500733408902
BTC,2023-03-10,20375.6834685557,20382.1895791637,19614.2864228786,20213.7629924351,28266722601.8886,1414920.82050479,28266.7226018886
BTC,2023-03-11,20213.7629924351,20851.3640734482,19928.4710216751,20620.2077794277,20827359021.9045,1022366.89872581,20827.3590219045
BTC,2023-03-12,20620.2077794277,22165.7828289284,20435.6408973629,22145.8844282266,19926910913.527,946389.08723362,19926.910913527
BTC,2023-03-13,22145.8844282266,24652.0660053839,21959.1015820911,24208.7267998456,34884432932.7546,1507239.51862567,34884.4329327546
BTC,2023-03-14,24208.7267998456,26426.1207213546,24094.1117536756,24763.5637364342,38992946092.5475,1554862.15668841,38992.9460925475
BTC,2023-03-15,24763.5637364342,25199.7622573261,23990.0421247109,24380.3366925489,31283912992.8832,1268183.68773199,31283.9129928832
BTC,2023-03-16,24380.3366925489,25187.5305941776,24241.2334156449,25057.7204466164,23199383221.3032,937131.343335732,23199.3832213032
BTC,2023-03-17,25057.7204466164,27769.4330554352,24963.0085137666,27449.2125371784,36414753480.8612,1375978.55551987,36414.753480861196
BTC,2023-03-18,27449.2125371784,27719.3172611301,26784.0487302307,26990.2099147727,22806666181.7118,833237.269087777,22806.6661817118
BTC,2023-03-19,26990.2099147727,28403.3407013663,26913.394979286,28043.8685945591,23508279512.0003,849844.343909843,23508.279512000303
BTC,2023-03-20,28043.8685945591,28501.0392071989,27255.2434175918,27808.5477374102,29805941343.9436,1066516.04323726,29805.9413439436
BTC,2023-03-21,27808.5477374102,28481.7013504371,27429.406422189,28200.5289595314,24861854335.5072,887281.079741877,24861.8543355072
BTC,2023-03-22,28200.5289595314,28861.1463351444,26761.1015708568,27351.0672482204,23585229780.5328,839874.109805578,23585.229780532798
BTC,2023-03-23,27351.0672482204,28767.8850299684,27223.371183156,28365.4052559054,16044782357.4121,573146.383455795,16044.7823574121
BTC,2023-03-24,28365.4052559054,28430.2981239996,27088.5710167372,27508.9778733925,18244411380.3654,652893.480121272,18244.4113803654
BTC,2023-03-25,27508.9778733925,27817.7603724489,27178.3320393905,27522.8566887814,7369297289.75769,267632.928396492,7369.29728975769
BTC,2023-03-26,27522.8566887814,28203.699544893,27288.4308546225,28018.322473185,7704380915.90077,276725.745668067,7704.380915900771
BTC,2023-03-27,28018.322473185,28060.7351863369,26639.6665891491,27176.1206279737,11136845448.3031,406071.519566737,11136.8454483031
BTC,2023-03-28,27176.1206279737,27476.9643019962,26689.6020655055,27286.6561737917,10886784527.1184,402426.611895532,10886.784527118401
BTC,2023-03-29,27286.6561737917,28620.270825673,27186.3471742816,28364.9268668795,12896830845.6461,457818.317182259,12896.8308456461
BTC,2023-03-30,28364.9268668795,29168.2806878404,27751.9330363274,28063.4394407859,14598336452.1038,513657.83448038,14598.3364521038
BTC,2023-03-31,28063.4394407859,28661.5249504767,27613.979567471,28497.2081539256,11792437814.4034,417921.958663132,11792.4378144034
BTC,2023-04-01,28497.2081539256,28805.561025514,28303.5637503897,28481.8954584263,6116255255.95016,214723.780660915,6116.25525595016
BTC,2023-04-02,28481.8954584263,28539.3594472566,27898.2946665096,28215.1372410906,6584499920.18522,233084.139366771,6584.49992018522
BTC,2023-04-03,28215.1372410906,28489.5757583406,27318.6479734096,27815.0788799947,11881417793.1284,424271.633456298,11881.417793128401
BTC,2023-04-04,27815.0788799947,28429.5766366245,27663.3450512501,28183.4796906071,8907478810.10543,316813.190207522,8907.478810105431
BTC,2023-04-05,28183.4796906071,28740.6991587995,27862.1713173032,28183.1127411209,10075691599.5302,355345.794183459,10075.691599530199
BTC,2023-04-06,28183.1127411209,28184.6650926436,27759.6439346077,28046.5936404394,7449109300.86874,266031.108823178,7449.10930086874
BTC,2023-04-07,28046.5936404394,28118.2655644618,27731.63404285,27923.8296812933,5103043380.42228,182622.570103065,5103.04338042228
BTC,2023-04-08,27923.8296812933,28159.7263252438,27885.9327296884,27964.8602674257,3926844358.60348,140163.477830828,3926.84435860348
BTC,2023-04-09,27964.8602674257,28532.8780762676,27851.9100677014,28342.2800906457,5820531706.40353,207240.085285794,5820.53170640353
BTC,2023-04-10,28342.2800906457,29757.8979130635,28206.0865288365,29651.8259220904,10888933432.6637,377315.049755213,10888.9334326637
BTC,2023-04-11,29651.8259220904,30511.8246170253,29605.4776594162,30230.4027905525,11666026485.4043,387405.883611864,11666.0264854043
BTC,2023-04-12,30230.4027905525,30476.1233802672,29726.8769066676,29908.9683587085,10893891613.5299,362389.85577506,10893.8916135299
BTC,2023-04-13,29908.9683587085,30570.3320553426,29908.9683587085,30418.117768826,9354018134.14433,308902.547632515,9354.01813414433
BTC,2023-04-14,30418.117768826,30992.171147744,30043.1183437248,30495.9936496767,12797061363.8521,418154.905965124,12797.0613638521
BTC,2023-04-15,30495.9936496767,30610.3621513157,30243.8633268889,30326.254282035,5638280739.13554,185482.469733206,5638.28073913554
BTC,2023-04-16,30326.254282035,30554.2859694378,30169.8536229946,30319.3392117242,6437307029.08168,212175.88317267,6437.30702908168
BTC,2023-04-17,30319.3392117242,30319.3392117242,29287.2758228937,29454.288611993,9689085035.596,326297.519778992,9689.085035596001
BTC,2023-04-18,29454.288611993,30472.0705190782,29166.3032717734,30392.1774635086,11031397168.1088,367393.926110525,11031.3971681088
BTC,2023-04-19,30392.1774635086,30410.4329894361,28691.4571866371,28838.336552442,14708970716.9428,500027.015618541,14708.9707169428
BTC,2023-04-20,28838.336552442,29091.4767915952,28047.5849085192,28256.5932505126,12653152361.2548,441849.031855185,12653.1523612548
BTC,2023-04-21,28256.5932505126,28371.4986177987,27192.6372547524,27284.2446886479,12475672927.848,447352.91511117,12475.672927848
BTC,2023-04-22,27284.2446886479,27896.4289920181,27177.9463019049,27841.7754958968,7193243676.55129,261778.818621156,7193.243676551289
BTC,2023-04-23,27841.7754958968,27841.7754958968,27407.4994943869,27607.8347430762,7140683438.69363,258818.448876945,7140.68343869363
BTC,2023-04-24,27607.8347430762,27991.5331530807,27078.8205453158,27541.5807831025,10740264884.251,390450.031457526,10740.264884250999
BTC,2023-04-25,27541.5807831025,28397.482049595,27230.7921652968,28305.8791292559,10640948090.203,385230.641473291,10640.948090202999
BTC,2023-04-26,28305.8791292559,29994.4106839844,27423.5012640494,28527.3021598618,20282916753.714,703875.346980515,20282.916753714002
BTC,2023-04-27,28527.3021598618,29871.1682899537,28496.0712570609,29491.4405723241,16924195788.823,579615.542813913,16924.195788823
BTC,2023-04-28,29491.4405723241,29588.1925485849,28966.4657754195,29342.4943883475,10550005391.5168,359718.55574302,10550.0053915168
BTC,2023-04-29,29342.4943883475,29461.1032334387,29109.1033957214,29279.6788958756,5585956153.57884,190501.337347253,5585.95615357884
BTC,2023-04-30,29279.6788958756,29962.7948216602,29130.2166867738,29269.3284190614,8583518008.34424,291362.462255019,8583.518008344241
BTC,2023-05-01,29269.3284190614,29344.1087141941,27708.0602056128,28104.486312544,10856810093.3413,381969.477772988,10856.810093341299
BTC,2023-05-02,28104.486312544,28891.4358862645,27915.660880844,28696.6191722905,9243479541.74492,325883.374957366,9243.47954174492
BTC,2023-05-03,28696.6191722905,29268.1723049812,28202.7267538791,29037.9933377395,11211168845.4773,392126.657175783,11211.168845477301
BTC,2023-05-04,29037.9933377395,29369.3160093747,28718.9575530211,28878.6029922569,9382476520.06096,323502.53692757,9382.47652006096
BTC,2023-05-05,28878.6029922569,29882.5071283223,28871.6091199951,29563.5199685999,10767314812.9043,367391.480215315,10767.3148129043
BTC,2023-05-06,29563.5199685999,29842.6949360782,28506.027558548,28933.2955078631,9234915873.6255,316953.381938106,9234.9158736255
BTC,2023-05-07,28933.2955078631,29303.7762298746,28498.5019364021,28498.5019364021,5931118948.41611,204982.616171317,5931.1189484161105
BTC,2023-05-08,28498.5019364021,28927.2380604785,27365.3571245617,27736.6673104092,11423101439.3252,408388.652392615,11423.101439325199
BTC,2023-05-09,27736.6673104092,27937.8444473998,27434.7238238413,27666.1663334429,7952470790.95427,287482.754107541,7952.47079095427
BTC,2023-05-10,27666.1663334429,28336.1014779037,26965.1360179909,27639.9301236234,12309927132.6478,443514.96271732,12309.927132647801
BTC,2023-05-11,27639.9301236234,27640.7559572849,26797.9815746553,26999.795182326,10142402780.7338,372072.502770055,10142.4027807338
BTC,2023-05-12,26999.795182326,27061.394275151,25882.7085720759,26819.5447111702,11876471671.1569,448687.318870989,11876.4716711569
BTC,2023-05-13,26819.5447111702,27008.6722963041,26720.9853036118,26798.5986390513,5205130450.77468,193865.210072713,5205.13045077468
BTC,2023-05-14,26798.5986390513,27165.9706358753,26671.7417713526,26933.8020596763,5329407132.64392,198051.893939056,5329.40713264392
BTC,2023-05-15,26933.8020596763,27671.2680341391,26775.5777766009,27197.7040446513,8385063699.58548,306675.725698654,8385.06369958548
BTC,2023-05-16,27197.7040446513,27309.8222152479,26902.3925681404,27046.494616832,7248868752.5083,267747.432904455,7248.8687525083
BTC,2023-05-17,27046.494616832,27468.6171428282,26611.4700569312,27408.6745498218,8737860705.15264,323625.061033148,8737.86070515264
BTC,2023-05-18,27408.6745498218,27465.3765942599,26445.5039287173,26838.9668512658,9214210633.11607,340145.61017629,9214.21063311607
BTC,2023-05-19,26838.9668512658,27150.7016993148,26747.3258217831,26897.8682529666,6784106461.97829,252259.422168753,6784.106461978289
BTC,2023-05-20,26897.8682529666,27164.7887503519,26783.4519528654,27132.4253543435,3672536194.6214,136177.89846528,3672.5361946213998
BTC,2023-05-21,27132.4253543435,27273.4403810713,26718.2171539713,26767.9729382682,4870488573.04705,180556.352313332,4870.4885730470505
BTC,2023-05-22,26767.9729382682,27072.4861432573,26567.6085275906,26869.9450609306,6883699945.11313,256522.969671251,6883.69994511313
BTC,2023-05-23,26869.9450609306,27457.4255482661,26825.4891054838,27232.2067834683,8322007544.37364,305291.423745847,8322.00754437364
BTC,2023-05-24,27232.2067834683,27232.2067834683,26129.6245815662,26347.4019321724,10106228564.1746,380569.466160354,10106.2285641746
BTC,2023-05-25,26347.4019321724,26583.4832849924,25931.9595469481,26487.339972648,8559981113.79461,325433.489895283,8559.98111379461
BTC,2023-05-26,26487.339972648,26906.2418909775,26347.4190387597,26723.7398235066,7467226928.95257,280626.773106524,7467.22692895257
BTC,2023-05-27,26723.7398235066,26889.720895728,26617.811566129,26872.1392590869,4112685179.47268,153816.175351267,4112.68517947268
BTC,2023-05-28,26872.1392590869,28210.9890707052,26802.2068849191,28084.3386929541,8597916358.82504,313342.511910922,8597.916358825041
BTC,2023-05-29,28084.3386929541,28427.9955371955,27561.211130815,27748.8249884538,9174625626.0547,328789.143133908,9174.625626054702
BTC,2023-05-30,27748.8249884538,28047.589330444,27612.9255933584,27710.973035485,8177638027.65375,294013.607526377,8177.63802765375
BTC,2023-05-31,27710.973035485,27833.3344253324,26882.4870439115,27230.3080428998,9582066604.86682,352423.448290655,9582.066604866819
BTC,2023-06-01,27230.3080428998,27444.3341455254,26678.6327430388,26829.29960344,9133179123.85077,339208.94471531,9133.17912385077
BTC,2023-06-02,26829.29960344,27334.0112506753,26589.2002631553,27260.1298849564,9517742148.45493,351821.365025919,9517.742148454929
BTC,2023-06-03,27260.1298849564,27329.8530800165,26974.5633240739,27086.3172554771,4651047215.08332,171173.657430583,4651.047215083319
BTC,2023-06-04,27086.3172554771,27425.5854384206,26979.6449272549,27135.7904122839,5436526556.3227,199894.454204735,5436.526556322699
BTC,2023-06-05,27135.7904122839,27140.5932507704,25456.3465308629,25765.7963247578,13880591112.2042,528431.264862755,13880.591112204202
BTC,2023-06-06,25765.7963247578,27344.7987349257,25467.626964118,27248.3246542986,11066508018.6141,421236.862386131,11066.5080186141
BTC,2023-06-07,27248.3246542986,27525.7261686091,26194.9907444554,26613.1697965198,9431305595.07604,352705.243042747,9431.30559507604
BTC,2023-06-08,26613.1697965198,26798.39331047,26278.0956910778,26521.1529700854,5445848626.68559,205417.318826257,5445.84862668559
BTC,2023-06-09,26521.1529700854,26785.2422585366,26355.606813061,26507.0890083425,5065569997.61058,190787.588346869,5065.569997610581
BTC,2023-06-10,26507.0890083425,26535.1626446224,25539.1070779482,25881.4306723709,10333562922.863,400236.913124958,10333.562922863
BTC,2023-06-11,25881.4306723709,26205.5970938144,25696.418892235,25954.4633197473,5078311732.13788,196142.917757507,5078.31173213788
BTC,2023-06-12,25954.4633197473,26093.3865655847,25665.8653258246,25989.8934186014,5436498830.9737,209960.405905413,5436.4988309737
BTC,2023-06-13,25989.8934186014,26389.267276604,25776.008837524,25954.7612096253,6737581416.47183,258580.75510712,6737.58141647183
BTC,2023-06-14,25954.7612096253,26157.7757791312,24925.9472095003,25172.5104139701,6762295916.97117,263765.96152245,6762.29591697117
BTC,2023-06-15,25172.5104139701,25738.626313496,24849.6221611468,25592.4132007647,7996088007.69853,317960.800662896,7996.08800769853
BTC,2023-06-16,25592.4132007647,26462.1460157887,25290.9445878886,26346.9089448547,7919563582.6568,306498.328315211,7919.5635826568005
BTC,2023-06-17,26346.9089448547,26760.6758315018,26191.6797460292,26529.2967946286,4903348448.27397,184878.595721113,4903.34844827397
BTC,2023-06-18,26529.2967946286,26740.7115593521,26337.9695151651,26352.3262313544,4128820647.75353,155645.223427995,4128.8206477535305
BTC,2023-06-19,26352.3262313544,27011.3568074877,26319.0758742947,26852.392167205,6116686586.84637,229996.832406143,6116.68658684637
BTC,2023-06-20,26852.392167205,28397.5901751737,26694.4569233507,28318.3604233876,11647922961.1415,424431.365156587,11647.922961141501
BTC,2023-06-21,28318.3604233876,30714.1983830356,28283.8945386035,30004.3066633103,18381367588.2318,624189.142596114,18381.3675882318
BTC,2023-06-22,30004.3066633103,30459.3647153005,29688.1399420021,29903.0951256052,10868625152.4787,361522.409333072,10868.6251524787
BTC,2023-06-23,29903.0951256052,31325.1426915021,29513.9733246066,30695.0319627857,13356904262.8221,436618.64970852,13356.9042628221
BTC,2023-06-24,30695.0319627857,30813.9119225004,30107.3066222229,30547.2538887232,6031303510.17556,197062.835148789,6031.30351017556
BTC,2023-06-25,30547.2538887232,31046.5161093859,30037.4366236984,30468.4754666978,6186917297.06362,201813.282987941,6186.91729706362
BTC,2023-06-26,30468.4754666978,30633.5010835895,29913.6991190895,30295.226396642,8314034053.07386,274501.705975236,8314.03405307386
BTC,2023-06-27,30295.226396642,30992.6287251163,29913.2839356919,30668.9243387284,7899067602.96978,258177.633842153,7899.06760296978
BTC,2023-06-28,30668.9243387284,30709.0924164408,29948.6131212056,30101.2258952121,7438773637.66497,245715.352741282,7438.77363766497
BTC,2023-06-29,30101.2258952121,30819.8648601016,29955.3564962545,30440.1023199044,7058229076.70175,231561.653674644,7058.229076701749
BTC,2023-06-30,30440.1023199044,31265.9962841265,29721.4469201652,30437.7451668473,15314164046.4335,501979.794610326,15314.1640464335
BTC,2023-07-01,30437.7451668473,30654.6984805647,29703.2144995641,30533.7461791116,4023529162.41699,131887.089773685,4023.52916241699
BTC,2023-07-02,30533.7461791116,30779.430375879,29956.7389784207,30629.064612191,4939852413.76345,161774.572664919,4939.8524137634495
BTC,2023-07-03,30629.064612191,31377.6927977508,30334.8597469593,31173.6004676264,7815981697.89673,252916.105504554,7815.98169789673
BTC,2023-07-04,31173.6004676264,31315.4175513951,30268.3914973058,30804.9314937316,6286014135.04578,202744.942500465,6286.01413504578
BTC,2023-07-05,30804.9314937316,30900.0951202874,29985.5647562637,30527.0969511612,6181288625.67436,202383.899347025,6181.28862567436
BTC,2023-07-06,30527.0969511612,31467.1818088643,29658.5689522295,29930.3254083315,11354273978.9833,371157.497261069,11354.2739789833
BTC,2023-07-07,29930.3254083315,30465.0776004894,29084.2630263913,30382.6523200649,6682281634.33522,221420.939713295,6682.281634335221
BTC,2023-07-08,30382.6523200649,30409.3137112459,30065.2675945666,30323.0188403165,3216753888.56643,106309.114476341,3216.7538885664303
BTC,2023-07-09,30323.0188403165,30434.9328245786,28990.6701582495,30061.3743526232,3525414801.53762,116434.860372579,3525.41480153762
BTC,2023-07-10,30061.3743526232,31027.7490658591,28926.9927294527,30414.3935333379,7813139895.09011,257268.201702999,7813.13989509011
BTC,2023-07-11,30414.3935333379,30803.5901286657,30261.3382009774,30647.2187156785,6144284630.63589,201173.903958789,6144.28463063589
BTC,2023-07-12,30647.2187156785,30938.2373822203,30260.0798915785,30413.994084819,7689893592.53186,250962.824171437,7689.89359253186
BTC,2023-07-13,30413.994084819,31759.5645664914,30298.2114680363,31481.4081376011,13112372400.2134,422803.724616187,13112.3724002134
BTC,2023-07-14,31481.4081376011,31576.3749765974,29978.2431069908,30345.7701035837,11568968127.8316,374803.746893536,11568.9681278316
BTC,2023-07-15,30345.7701035837,30407.9465385067,30278.2942253779,30318.1340815308,3552277571.55296,117084.600792164,3552.27757155296
BTC,2023-07-16,30318.1340815308,30447.4576738278,30136.8521248001,30254.0284882476,3911271066.15609,129058.478571365,3911.27106615609
BTC,2023-07-17,30254.0284882476,30374.7058385532,29729.1899146518,30156.5844242845,6740734901.74815,223655.140169196,6740.73490174815
BTC,2023-07-18,30156.5844242845,30244.9363431901,29678.1490133146,29884.3573854079,6553323696.17947,218963.097679451,6553.32369617947
BTC,2023-07-19,29884.3573854079,30202.765090471,29816.5466623239,29935.6891157405,5743273015.85344,191405.119968723,5743.2730158534405
BTC,2023-07-20,29935.6891157405,30421.3561543263,29130.513588781,29811.4849347523,7323089571.05474,244151.096396175,7323.08957105474
BTC,2023-07-21,29811.4849347523,30057.510460538,29447.3864188771,29892.1365446573,5310951898.31609,177853.436707475,5310.95189831609
BTC,2023-07-22,29892.1365446573,30034.5564347189,29683.0747011028,29804.3500738858,3460873549.21667,115792.189372531,3460.87354921667
BTC,2023-07-23,29804.3500738858,30343.3514977664,29762.3692611068,30101.2645734077,4195370943.5917,139826.843636379,4195.3709435917
BTC,2023-07-24,30101.2645734077,30132.9538123709,28931.2798679141,29206.0663216961,7871396531.71952,268026.986930521,7871.39653171952
BTC,2023-07-25,29206.0663216961,29376.453915123,29082.7415214906,29256.1875846369,5124708713.71657,175410.603479875,5124.70871371657
BTC,2023-07-26,29256.1875846369,29716.7724888871,29150.692375081,29375.3055204941,6847797521.64911,233393.205787763,6847.7975216491095
BTC,2023-07-27,29375.3055204941,29601.4037636293,29112.1955889073,29239.7913150158,4924535203.65967,167637.651613059,4924.53520365967
BTC,2023-07-28,29239.7913150158,29535.7892701467,29057.6523977503,29335.4470402998,5347773488.53471,182559.009691106,5347.77348853471
BTC,2023-07-29,29335.4470402998,29524.7774968213,29275.9965660462,29383.336465198,2730139752.52265,93010.1335201485,2730.13975252265
BTC,2023-07-30,29383.336465198,29513.3176483488,29117.1460335032,29364.3837700405,3878185801.86342,132311.355114629,3878.18580186342
BTC,2023-07-31,29364.3837700405,29503.2425743731,29139.2004148072,29258.5076902706,6112476649.35791,208406.769848206,6112.47664935791
BTC,2023-08-01,29258.5076902706,29703.8104813107,28678.8061592632,29703.8104813107,12357775377.0269,425555.781875894,12357.7753770269
BTC,2023-08-02,29703.8104813107,30013.239349691,28985.472709409,29177.9478242776,12773887656.0175,433783.994378387,12773.8876560175
BTC,2023-08-03,29177.9478242776,29388.0233722991,28980.3713972081,29184.4729902195,8588332235.67144,294224.479342068,8588.33223567144
BTC,2023-08-04,29184.4729902195,29309.3601869009,28881.11867126,29096.0701444857,8139326211.5937,279175.726622473,8139.3262115937005
BTC,2023-08-05,29096.0701444857,29140.4158548721,28970.9260773708,29072.4311106811,3645223228.36887,125470.301698243,3645.22322836887
BTC,2023-08-06,29072.4311106811,29208.655804061,28994.8213139829,29079.1215999119,3963102777.56737,136315.528200176,3963.10277756737
BTC,2023-08-07,29079.1215999119,29264.3007016028,28740.1502709271,29197.986038807,8148209497.16789,280597.877377468,8148.20949716789
BTC,2023-08-08,29197.986038807,30157.3055353369,29130.185684072,29774.8224448097,11607785845.0582,392691.043481498,11607.7858450582
BTC,2023-08-09,29774.8224448097,30098.2813046272,29377.9308464541,29579.4693139563,10235621424.6837,344281.189157095,10235.6214246837
BTC,2023-08-10,29579.4693139563,29698.6872846348,29355.0702195375,29439.068889827,7924358655.52046,268574.492776102,7924.35865552046
BTC,2023-08-11,29439.068889827,29522.4746623003,29276.9682811989,29408.1385408148,6698353225.16891,227856.618556242,6698.35322516891
BTC,2023-08-12,29408.1385408148,29485.3927847221,29363.1388355257,29431.2391205862,3551349548.85253,120734.128213008,3551.34954885253
BTC,2023-08-13,29431.2391205862,29506.6691855736,29273.4321094432,29294.0071031849,4258623777.02115,144926.394395771,4258.62377702115
BTC,2023-08-14,29294.0071031849,29665.6215291722,29114.4807922669,29414.4402033915,9276190038.86806,315630.657974117,9276.190038868059
BTC,2023-08-15,29414.4402033915,29451.9995953857,29104.0675176245,29181.7271502883,8241749600.81251,281244.362670728,8241.749600812509
BTC,2023-08-16,29181.7271502883,29233.2244878925,28712.3521408357,28714.3609957384,9888311744.03688,340054.729449283,9888.31174403688
BTC,2023-08-17,28714.3609957384,28770.5846922146,25416.1588566911,26668.375876092,21012663425.9969,761891.928155739,21012.6634259969
BTC,2023-08-18,26668.375876092,26820.2738401742,25718.0577504594,26068.756541312,16674013629.8086,634080.144725162,16674.0136298086
BTC,2023-08-19,26068.756541312,26268.3381154064,25827.5456513154,26110.5955282053,6799226487.40663,261184.325506614,6799.2264874066295
BTC,2023-08-20,26110.5955282053,26390.9470571437,26023.8676892198,26203.1956390114,5744717717.52608,219745.892605749,5744.71771752608
BTC,2023-08-21,26203.1956390114,26236.1509530273,25864.6302134921,26176.5093140249,9040444761.7503,346910.830671517,9040.4447617503
BTC,2023-08-22,26176.5093140249,26190.0067139621,25513.2627027369,26042.2437082433,9673905019.60904,373079.450101385,9673.90501960904
BTC,2023-08-23,26042.2437082433,26790.5907444467,25819.3994574305,26442.198971668,11163925953.7492,425477.211160978,11163.925953749202
BTC,2023-08-24,26442.198971668,26556.3187938547,25949.0567193751,26183.9661193447,8438882707.72593,321285.179999146,8438.88270772593
BTC,2023-08-25,26183.9661193447,26249.9968469399,25818.691720952,26059.7902007569,8131012065.52404,312220.532406756,8131.01206552404
BTC,2023-08-26,26059.7902007569,26228.4704699022,25996.496861053,26033.3825013828,3370348583.92333,129373.143694423,3370.34858392333
BTC,2023-08-27,26033.3825013828,26303.2715327844,25975.9532329929,26103.6600177839,3975124631.53481,152392.892871315,3975.12463153481
BTC,2023-08-28,26103.6600177839,26228.1398029814,25890.7422535574,26119.3483138369,7046843282.196,270541.306072573,7046.8432821960005
BTC,2023-08-29,26119.3483138369,28053.3055954924,25928.7842104916,27740.1326391347,18848483449.1229,691586.921726045,18848.483449122898
BTC,2023-08-30,27740.1326391347,27782.7301403476,27084.3808943327,27314.1128866737,10840539601.9875,396181.419230125,10840.539601987499
BTC,2023-08-31,27314.1128866737,27482.9357237079,25794.9620167926,25954.5020137399,13371194551.5325,500298.430109777,13371.194551532499
BTC,2023-09-01,25954.5020137399,26157.8298894713,25389.4131689318,25927.762485267,11196430536.9777,433098.834336505,11196.4305369777
BTC,2023-09-02,25927.762485267,26004.1899912439,25773.1196153052,25909.5771757153,5499887609.89621,212607.47121243,5499.88760989621
BTC,2023-09-03,25909.5771757153,26101.9664357233,25835.1759148589,25985.1483294931,5677197926.75213,218814.600380776,5677.197926752129
BTC,2023-09-04,25985.1483294931,26095.9411247791,25674.3165108936,25829.7607686328,6787152162.93961,262060.180541598,6787.152162939609
BTC,2023-09-05,25829.7607686328,25862.1660657627,25596.3989647236,25801.3845443916,7135053463.17767,277195.374599352,7135.053463177669
BTC,2023-09-06,25801.3845443916,25966.9098914614,25443.0913408664,25771.4578139339,8105929146.1949,315288.086034837,8105.9291461949
BTC,2023-09-07,25771.4578139339,26413.2788027298,25631.9530589435,26251.1493587611,6417046248.38312,247503.074858335,6417.04624838312
BTC,2023-09-08,26251.1493587611,26408.520040421,25712.7374873353,25918.6803715733,6348484644.25764,243970.662909531,6348.48464425764
BTC,2023-09-09,25918.6803715733,26062.713370135,25823.3889462442,25909.5640398976,2847900074.19331,110008.549028182,2847.9000741933096
BTC,2023-09-10,25909.5640398976,26053.3634174272,25655.2290409631,25837.954001127,4411501855.64526,170820.989930122,4411.50185564526
BTC,2023-09-11,25837.954001127,25932.8927457943,24984.7690643851,25178.9378691104,8919019045.25327,351004.479583355,8919.01904525327
BTC,2023-09-12,25178.9378691104,26471.1089665195,25148.2364603814,25849.7665024534,11606006065.8369,447332.670716249,11606.0060658369
BTC,2023-09-13,25849.7665024534,26433.0109521971,25795.5252735363,26237.4208561472,7919685685.59669,303180.651371447,7919.68568559669
BTC,2023-09-14,26237.4208561472,26810.8710078928,26164.7811316326,26543.9728778799,8714796187.01591,329030.942275948,8714.796187015909
BTC,2023-09-15,26543.9728778799,26851.080920536,26252.5762799911,26614.1097215987,7063299896.7515,266310.100928285,7063.2998967515005
BTC,2023-09-16,26614.1097215987,26766.9866348185,26470.3367686985,26580.1658687366,4380768022.95307,164798.223751194,4380.76802295307
BTC,2023-09-17,26580.1658687366,26707.3090574392,26432.4254775052,26538.0876010768,3950896820.94316,148814.000682676,3950.89682094316
BTC,2023-09-18,26538.0876010768,27422.4000297806,26442.3789632994,26789.2195875401,9857464536.70282,365790.730029901,9857.46453670282
BTC,2023-09-19,26789.2195875401,27485.6112732952,26672.3728131902,27218.8557248351,8727898285.57823,321850.876196008,8727.89828557823
BTC,2023-09-20,27218.8557248351,27377.8765653101,26868.6076910246,27132.0450120978,8284577243.65722,305477.175358536,8284.57724365722
BTC,2023-09-21,27132.0450120978,27157.2884944203,26385.8330126731,26571.1655764492,8550246626.46336,319706.118463903,8550.24662646336
BTC,2023-09-22,26571.1655764492,26754.3638778821,26519.0069444303,26594.4556749723,7083410879.47333,266052.604904333,7083.410879473329
BTC,2023-09-23,26594.4556749723,26751.0293944323,26515.0395311443,26605.3830969086,4935194306.43358,185592.713549913,4935.19430643358
BTC,2023-09-24,26605.3830969086,26762.0914933726,26207.2436022422,26265.6243724177,5312713353.4534,200108.144107713,5312.7133534534
BTC,2023-09-25,26265.6243724177,26427.337167455,26000.0441646004,26308.025326399,7866140104.35284,300189.096180444,7866.14010435284
BTC,2023-09-26,26308.025326399,26400.4483920033,26103.0765160966,26259.3751262091,6666503949.50598,254118.579705249,6666.503949505979
BTC,2023-09-27,26259.3751262091,26826.0175971464,26114.5255316854,26363.1155185171,9154503243.34836,346954.208973025,9154.50324334836
BTC,2023-09-28,26363.1155185171,27270.5607340574,26317.0469689949,27029.25185203,10236661695.8815,382641.560935085,10236.661695881501
BTC,2023-09-29,27029.25185203,27229.7925704329,26747.2003328279,26916.1650929342,7102076416.55494,263439.724824486,7102.07641655494
BTC,2023-09-30,26916.1650929342,27110.3780276575,26857.018243207,26987.167631827,3686648265.16827,136624.634599941,3686.64826516827
BTC,2023-10-01,26987.167631827,28037.4278111467,26943.9503410103,27974.3425712162,6263778865.58873,228793.827959471,6263.77886558873
BTC,2023-10-02,27974.3425712162,28533.3930365322,27352.9915990614,27513.5171289827,13492995516.5972,480972.082296488,13492.9955165972
BTC,2023-10-03,27513.5171289827,27675.6405360918,27213.8248189258,27434.6743188398,7751824399.83864,282196.320378733,7751.824399838641
BTC,2023-10-04,27434.6743188398,27828.8117098562,27254.7203982723,27758.2389203123,7704115013.01966,279871.793642486,7704.11501301966
BTC,2023-10-05,27758.2389203123,28094.8575841814,27196.5320610544,27420.0566072926,8443372805.9043,304901.818604217,8443.3728059043
BTC,2023-10-06,27420.0566072926,28196.4688042297,27229.8807741744,27954.2974682272,9591498363.66678,345846.118830581,9591.49836366678
BTC,2023-10-07,27954.2974682272,28045.0293357478,27816.6949173396,27983.6529132693,4615774346.67591,165134.807564887,4615.77434667591
BTC,2023-10-08,27983.6529132693,28114.8601342138,27743.0522193389,27942.1110753019,5509022065.38031,197177.410493619,5509.02206538031
BTC,2023-10-09,27942.1110753019,28005.8347941952,27334.6604786343,27597.1824632686,8677387136.15421,314054.894813839,8677.38713615421
BTC,2023-10-10,27597.1824632686,27742.733201058,27260.8288935453,27403.905488386,7639025360.96536,277636.56418519,7639.02536096536
BTC,2023-10-11,27403.905488386,27493.4693464922,26571.7550647834,26900.086541431,9903348170.78255,366754.524133325,9903.34817078255
BTC,2023-10-12,26900.086541431,26937.9167060976,26523.348146466,26767.8532170025,7074910358.34779,264406.923068696,7074.91035834779
BTC,2023-10-13,26767.8532170025,27083.6336274006,26652.0094334691,26879.1505879939,12268381976.4674,456964.695338409,12268.381976467399
BTC,2023-10-14,26879.1505879939,26991.6450666242,26754.4727251025,26874.3242751899,4077606280.53796,151581.886737733,4077.60628053796
BTC,2023-10-15,26874.3242751899,27295.2839240678,26761.2417592071,27165.9801546294,4986318498.89052,184699.631399198,4986.3184988905205
BTC,2023-10-16,27165.9801546294,29859.8220192295,27113.4517809681,28521.0531573359,18037987621.2452,640340.160072701,18037.9876212452
BTC,2023-10-17,28521.0531573359,28618.5006148515,28117.999582285,28414.706376303,10193669554.6751,358988.161617668,10193.6695546751
BTC,2023-10-18,28414.706376303,28881.7538483733,28125.8990595655,28337.1443338273,8606328659.65079,302462.780415578,8606.32865965079
BTC,2023-10-19,28337.1443338273,28874.4954287951,28184.40691902,28715.8962956434,9679529282.52711,339120.621857751,9679.52928252711
BTC,2023-10-20,28715.8962956434,30130.6762257109,28607.5107378571,29686.7015620961,14676787898.0493,497309.507929549,14676.787898049299
BTC,2023-10-21,29686.7015620961,30285.4499907272,29442.850832255,29926.1134549487,7801741244.8798,261202.080367993,7801.7412448797995
BTC,2023-10-22,29926.1134549487,30209.3475378156,29736.6871786744,29996.4003905257,6837879908.81826,228404.681038354,6837.87990881826
BTC,2023-10-23,29996.4003905257,34276.5399601117,29896.2569424257,33066.2832874463,24282324710.1365,772606.853700813,24282.3247101365
BTC,2023-10-24,33066.2832874463,35113.2060509106,32884.5183557666,33921.6865795161,29870447001.5496,875703.672924678,29870.447001549597
BTC,2023-10-25,33921.6865795161,35113.8414948891,33750.2307614138,34507.408481829,17118961504.692,497805.636151865,17118.961504692
BTC,2023-10-26,34507.408481829,34830.5561529381,33767.1682540723,34162.9502605681,12732171286.7915,371058.140177199,12732.1712867915
BTC,2023-10-27,34162.9502605681,34234.259406874,33413.9536405465,33948.0095841118,10756463288.0287,316865.301444005,10756.463288028699
BTC,2023-10-28,33948.0095841118,34403.3996700623,33843.6806798174,34116.3111958282,6044720413.54755,177142.291004553,6044.72041354755
BTC,2023-10-29,34116.3111958282,34787.4791806054,33899.5910084955,34561.3615527494,6780923181.1214,197146.822602717,6780.9231811213995
BTC,2023-10-30,34561.3615527494,34839.5333221141,34143.3373293509,34467.5972381937,11069244983.2062,321063.288473442,11069.2449832062
BTC,2023-10-31,34467.5972381937,34713.2151426331,34064.2629807886,34677.694888327,10512265477.0543,305642.971509193,10512.2654770543
BTC,2023-11-01,34677.694888327,35531.7372269481,34186.3589492822,35441.3187280536,14481795934.8804,416929.104198674,14481.7959348804
BTC,2023-11-02,35441.3187280536,35938.8463272136,34380.2488829977,34968.0403739042,14189731856.804,403488.277836344,14189.731856804001
BTC,2023-11-03,34968.0403739042,34997.441420107,34158.6672927008,34760.1091460429,10884131437.7513,314993.310434896,10884.1314377513
BTC,2023-11-04,34760.1091460429,35296.8287200456,34622.011646874,35120.5284980712,5619573928.308,161178.473040917,5619.573928307999
BTC,2023-11-05,35120.5284980712,35370.5535360916,34620.6838003258,35113.2054948287,7310353536.63876,208332.369718616,7310.35353663876
BTC,2023-11-06,35113.2054948287,35318.368507853,34790.2245383425,35066.7201316785,7712048749.94251,219980.634096349,7712.04874994251
BTC,2023-11-07,35066.7201316785,35898.1298089409,34584.0276458614,35444.1351966701,11470665008.9154,326837.919368328,11470.665008915399
BTC,2023-11-08,35444.1351966701,36047.6479223328,35166.372109508,35665.3088145711,10612318022.7968,298963.295913571,10612.3180227968
BTC,2023-11-09,35665.3088145711,37925.0220845694,35597.619942772,36730.3636407603,24314179179.1594,661640.265528492,24314.1791791594
BTC,2023-11-10,36730.3636407603,37505.7628972115,36380.2639719139,37283.1547837519,13666089337.3351,369398.525526608,13666.089337335101
BTC,2023-11-11,37283.1547837519,37445.2180744587,36777.6446177408,37160.9490354781,7858815656.37727,211864.87055523,7858.81565637727
BTC,2023-11-12,37160.9490354781,37233.4227146815,36802.9482029436,37036.8372171169,6450552297.46765,173937.689790034,6450.5522974676505
BTC,2023-11-13,37036.8372171169,37409.3067461435,36411.7182344908,36488.7600423475,11550175364.0212,313261.973332218,11550.175364021201
BTC,2023-11-14,36488.7600423475,36800.794139307,35125.4719960995,35579.8878979973,15067224796.7931,417201.111409598,15067.2247967931
BTC,2023-11-15,35579.8878979973,37982.3792845091,35364.8488749877,37906.3519401157,16881486926.2268,460991.040008613,16881.4869262268
BTC,2023-11-16,37906.3519401157,37906.3519401157,35560.2323698957,36188.2628329782,8924054211.42627,244239.524608624,8924.05421142627
BTC,2023-11-17,36188.2628329782,36716.2393610074,35899.2909657425,36640.7340121362,12542109956.031,344900.410448987,12542.109956031
BTC,2023-11-18,36640.7340121362,36854.0646872325,36233.5300984195,36605.1469342481,6102602399.03978,167019.02670711,6102.60239903978
BTC,2023-11-19,36605.1469342481,37525.7182040291,36430.6692336069,37389.203113183,6903818231.13211,187622.214660871,6903.81823113211
BTC,2023-11-20,37389.203113183,37770.3997858868,36899.9454000014,37492.7364404784,12006787191.0569,321546.853711414,12006.7871910569
BTC,2023-11-21,37492.7364404784,37678.0426151347,35805.2231143525,35805.7114825636,15661858699.858,423995.459712617,15661.858699858
BTC,2023-11-22,35805.7114825636,37863.9791208511,35703.6801893297,37424.6537780368,14855900955.1636,403869.226779967,14855.9009551636
BTC,2023-11-23,37424.6537780368,37651.9545742158,36914.5821866318,37312.4932675321,8537503968.54198,228744.982239521,8537.50396854198
BTC,2023-11-24,37312.4932675321,38408.7884721892,37273.5610229283,37750.2572947509,14236941866.6863,376598.05853799,14236.9418666863
BTC,2023-11-25,37750.2572947509,37913.6395953298,37628.3087431561,37814.6744112666,4462906043.56391,118116.270792193,4462.906043563909
BTC,2023-11-26,37814.6744112666,37838.4088101598,37194.4320940058,37474.1227666724,7484202099.22292,199400.443864998,7484.20209922292
BTC,2023-11-27,37474.1227666724,37582.6805622872,36778.8229090217,37264.7309086672,11348802004.3347,305722.065083605,11348.802004334699
BTC,2023-11-28,37264.7309086672,38353.0112303621,36901.2289277321,37835.2499687928,12724418767.0325,337984.298373116,12724.418767032499
BTC,2023-11-29,37835.2499687928,38411.0144279175,37604.6415183099,37871.2213851124,11539302080.0864,303837.032005764,11539.3020800864
BTC,2023-11-30,37871.2213851124,38153.190629359,37534.9190898928,37742.813686119,8437059975.97189,223279.094162554,8437.05997597189
BTC,2023-12-01,37742.813686119,38955.4897299978,37641.535279322,38697.8181192782,14340791633.3285,372769.974270668,14340.791633328501
BTC,2023-12-02,38697.8181192782,39700.227815513,38659.8879572155,39467.4019032871,8879418940.56757,227171.912307523,8879.41894056757
BTC,2023-12-03,39467.4019032871,40181.0370690366,39301.4266359775,39991.9547880374,9043264549.12249,227924.587377217,9043.26454912249
BTC,2023-12-04,39991.9547880374,42396.3042935499,39990.4086802748,41998.4912785941,24922835455.8974,601166.217310769,24922.8354558974
BTC,2023-12-05,41998.4912785941,44476.2408001914,41421.1742439307,44106.8575235394,23541365229.2097,549981.172043407,23541.365229209703
BTC,2023-12-06,44106.8575235394,44293.1796021361,43483.7485314204,43781.6910768042,19279354112.9956,439211.573577639,19279.354112995603
BTC,2023-12-07,43781.6910768042,44063.2875124621,42969.4207844685,43309.2920621813,16942388733.6768,389573.014800455,16942.3887336768
BTC,2023-12-08,43309.2920621813,44713.6315400654,43117.9985754573,44191.4048992984,14819572598.1377,338708.557355859,14819.5725981377
BTC,2023-12-09,44191.4048992984,44373.6975697174,43628.4098374933,43731.0428026967,9845476348.7948,223664.587773629,9845.4763487948
BTC,2023-12-10,43731.0428026967,44044.4027100495,43612.5011104382,43811.7674571301,6953424239.34523,158673.386524333,6953.4242393452305
BTC,2023-12-11,43811.7674571301,43830.6480621445,40249.586112563,41264.0700336181,25902937148.3773,619736.241613226,25902.9371483773
BTC,2023-12-12,41264.0700336181,42066.4331845742,40673.3590275638,41482.5474755058,15233005199.8186,366877.778928778,15233.005199818599
BTC,2023-12-13,41482.5474755058,43378.9330437732,40654.627753823,42887.6320917721,16972540902.566,405907.565376835,16972.540902566
BTC,2023-12-14,42887.6320917721,43405.1424415884,41988.861401334,43049.880512803,16008655118.3865,374144.948444699,16008.6551183865
BTC,2023-12-15,43049.880512803,43093.4111864115,41684.4140693809,41947.0388823196,11938012223.7769,281506.456723137,11938.0122237769
BTC,2023-12-16,41947.0388823196,42680.2126236007,41708.2336451156,42257.2688987908,8452285667.07417,199873.983647831,8452.28566707417
BTC,2023-12-17,42257.2688987908,42387.5789106115,41264.0657715319,41356.0030170296,9899006767.54248,236279.774100126,9899.00676754248
BTC,2023-12-18,41356.0030170296,42744.799719569,40588.3712689043,42674.1990190121,15590937865.8117,376369.479086498,15590.9378658117
BTC,2023-12-19,42674.1990190121,43391.4008388433,41841.2576449491,42292.5183668724,14915820103.6856,349416.662836948,14915.8201036856
BTC,2023-12-20,42292.5183668724,44275.8364176101,42238.035092793,43681.5398780004,17503269245.4099,403048.302670539,17503.2692454099
BTC,2023-12-21,43681.5398780004,44253.1427731661,43325.8870736251,43884.4164563142,13750508718.9052,314283.972845918,13750.5087189052
BTC,2023-12-22,43884.4164563142,44394.1465758248,43455.5622738034,44028.1877377527,12097497650.4779,275903.257796093,12097.497650477899
BTC,2023-12-23,44028.1877377527,44042.545275789,43373.1984274254,43761.49796539,6092401132.98958,139325.405307854,6092.40113298958
BTC,2023-12-24,43761.49796539,43990.8110950669,42867.6328177848,43043.6663501508,8517451997.41331,195616.132227526,8517.45199741331
BTC,2023-12-25,43043.6663501508,43813.9941217711,42797.9246848171,43611.5247374747,9679235617.29592,223012.103200203,9679.235617295919
BTC,2023-12-26,43611.5247374747,43624.1860706375,41843.0335512635,42539.1184136361,14111737950.2092,331198.288779001,14111.7379502092
BTC,2023-12-27,42539.1184136361,43695.77003309,42147.6607299293,43471.753257475,12526850756.7164,291635.268488033,12526.8507567164
BTC,2023-12-28,43471.753257475,43812.4200901486,42330.3055209769,42605.1593740229,13888771010.5376,323518.293384792,13888.771010537599
BTC,2023-12-29,42605.1593740229,43130.3170604711,41551.9263738083,42092.6334867548,16350981870.3676,385928.057628492,16350.9818703676
BTC,2023-12-30,42092.6334867548,42607.6934012575,41561.5480078739,42154.0589758333,9245580342.32311,219390.97956542,9245.58034232311
BTC,2023-12-31,42154.0589758333,42864.0955189319,41991.3377852298,42294.1598555961,9492424805.43528,223588.926576536,9492.42480543528
BTC,2024-01-01,42294.1598555961,44204.8268864085,42215.4918478897,44203.7020721423,10317607579.703,239812.150853293,10317.607579702999
BTC,2024-01-02,44203.7020721423,45910.3622544812,44183.4343321495,44974.7685212193,24284235492.2518,536860.455081002,24284.2354922518
BTC,2024-01-03,44974.7685212193,45510.121036163,41698.3775002189,42882.9772875105,26255088716.1147,606224.589360216,26255.0887161147
BTC,2024-01-04,42882.9772875105,44827.3806985011,42683.6508100214,44255.4798441317,19156599092.3674,437928.591591492,19156.5990923674
BTC,2024-01-05,44255.4798441317,44476.8114345854,43068.9656659487,44334.8715679845,22127203157.7692,503878.397345248,22127.2031577692
BTC,2024-01-06,44334.8715679845,44468.6914136591,43680.2929984599,43997.8710233057,10875991803.0053,246068.374659897,10875.991803005301
BTC,2024-01-07,43997.8710233057,44627.3709057856,43801.616306983,44299.2939991951,9356691735.87929,212032.903728416,9356.691735879289
BTC,2024-01-08,44299.2939991951,47343.5707433591,43525.7552891373,47081.4977792422,27325992700.1646,604365.186782244,27325.9927001646
BTC,2024-01-09,47081.4977792422,47851.5503800071,45395.4251168471,46157.104634299,26113968593.9794,560776.514210282,26113.9685939794
BTC,2024-01-10,46157.104634299,47739.0111333329,44441.2982393121,46704.0212654584,33434818756.5848,728581.514624978,33434.8187565848
BTC,2024-01-11,46704.0212654584,49055.6474027245,45730.1739394374,46422.514952638,31275056652.5028,666242.00454851,31275.0566525028
BTC,2024-01-12,46422.514952638,46579.7885927666,41675.7191595366,42802.9958672967,28633135948.9115,643479.388293007,28633.1359489115
BTC,2024-01-13,42802.9958672967,43309.6718214075,42462.6992728132,42850.6353160156,12502050385.2871,291330.331597176,12502.0503852871
BTC,2024-01-14,42850.6353160156,43070.9506680694,41787.7388594869,41802.6523443133,10087952539.2386,236810.515270942,10087.9525392386
BTC,2024-01-15,41802.6523443133,43357.9942768612,41765.1207080077,42525.0130290145,13916249948.4111,326356.694048448,13916.249948411101
BTC,2024-01-16,42525.0130290145,43581.1836985629,42115.2037698458,43151.682390494,15670982845.6555,364959.354947469,15670.9828456555
BTC,2024-01-17,43151.682390494,43208.235042717,42217.5449281038,42768.6164119022,13727955002.1328,321560.225591897,13727.9550021328
BTC,2024-01-18,42768.6164119022,42912.6347681917,40663.6941608964,41319.8844291479,16865044086.1584,402362.834871769,16865.0440861584
BTC,2024-01-19,41319.8844291479,42170.4887576419,40318.7004205234,41665.2040829469,17430412332.9179,422630.316252332,17430.4123329179
BTC,2024-01-20,41665.2040829469,41897.690435045,41470.5283870514,41687.2539317214,6339618221.05729,152205.924767896,6339.61822105729
BTC,2024-01-21,41687.2539317214,41853.7658349788,41553.8249318389,41613.2952610405,4179457976.64933,100233.818100538,4179.45797664933
BTC,2024-01-22,41613.2952610405,41712.4874628324,39466.2064021639,39563.6764739163,21886671772.0909,539545.165468436,21886.6717720909
BTC,2024-01-23,39563.6764739163,40176.9999291119,38549.5820670007,39906.2715497597,19482489879.7989,495926.230489813,19482.4898797989
BTC,2024-01-24,39906.2715497597,40540.2411092985,39542.4862804739,40117.6810517906,14534254226.5739,363652.232171047,14534.2542265739
BTC,2024-01-25,40117.6810517906,40307.137904459,39562.332318886,39964.0969895517,11585928607.2052,290100.819530139,11585.9286072052
BTC,2024-01-26,39964.0969895517,42258.9646013104,39833.018360208,41846.611859567,16892301059.7506,410205.82399184,16892.3010597506
BTC,2024-01-27,41846.611859567,42225.9002144206,41445.5505755592,42124.7165589278,6311786269.60268,150818.272704619,6311.7862696026805
BTC,2024-01-28,42124.7165589278,42802.588239194,41694.3287014606,42074.4906532441,9974529934.70785,235972.610158285,9974.529934707849
BTC,2024-01-29,42074.4906532441,43336.3968621497,41861.4606559308,43332.3683844016,13153848784.5291,308675.470597218,13153.8487845291
BTC,2024-01-30,43332.3683844016,43855.1983414158,42748.9353035768,42985.0078295262,16474472303.1721,379169.017611901,16474.4723031721
BTC,2024-01-31,42985.0078295262,43758.6070972651,42322.3584854513,42588.2593257684,17703227830.6852,412157.911323134,17703.2278306852
BTC,2024-02-01,42588.2593257684,43273.8049462524,41903.6696650987,43092.4278760411,14775365484.608,347700.364774588,14775.365484607999
BTC,2024-02-02,43092.4278760411,43461.5318993689,42611.7439807363,43235.5085016416,12532734830.0753,290729.745444812,12532.7348300753
BTC,2024-02-03,43235.5085016416,43522.0560021514,42947.965711082,43005.2067269749,7194926752.51158,165671.13241218,7194.92675251158
BTC,2024-02-04,43005.2067269749,43322.314816402,42552.4305194399,43023.0378408148,6893280927.69127,160933.37732929,6893.280927691269
BTC,2024-02-05,43023.0378408148,43587.0032538286,42327.0935484903,42693.1995056128,12823075490.5022,299398.422853636,12823.075490502199
BTC,2024-02-06,42693.1995056128,43369.9678234591,42561.9933665629,43105.8596900106,10914462836.0789,253977.674482891,10914.4628360789
BTC,2024-02-07,43105.8596900106,44379.4032943355,42786.2130618285,44349.9033889938,13756288352.9782,316634.599999632,13756.288352978201
BTC,2024-02-08,44349.9033889938,45601.0530860785,44339.4463018443,45307.8804160099,17777405063.7653,395353.949867125,17777.4050637653
BTC,2024-02-09,45307.8804160099,48142.1540827075,45264.8757991617,47151.5733568702,27760618672.2754,591038.71239778,27760.6186722754
BTC,2024-02-10,47151.5733568702,48138.0427268285,46897.9552776455,47765.7511896916,10603378582.8291,223529.1422369,10603.3785828291
BTC,2024-02-11,47765.7511896916,48552.666790361,47595.4374893968,48320.3734724689,12759972445.0681,264798.114093025,12759.9724450681
BTC,2024-02-12,48320.3734724689,50279.7564835593,47745.9192715138,49954.8014301557,24204371980.6337,493030.330399703,24204.371980633703
BTC,2024-02-13,49954.8014301557,50344.5465070782,48404.2492748367,49730.3776890612,22450573379.3494,454056.246184325,22450.5733793494
BTC,2024-02-14,49730.3776890612,52037.8588982848,49286.5493473674,51839.1876215735,24044046263.7446,469882.500597919,24044.0462637446
BTC,2024-02-15,51839.1876215735,52840.1344607738,51404.4240995406,51949.5723070712,24493940326.6661,469906.672722288,24493.9403266661
BTC,2024-02-16,51949.5723070712,52571.2411809261,51645.7524255829,52175.5510341885,17851774717.5827,342902.709472921,17851.7747175827
BTC,2024-02-17,52175.5510341885,52218.8504957153,50686.7329747753,51660.6797388419,12399781884.48,240843.786165544,12399.78188448
BTC,2024-02-18,51660.6797388419,52392.2058447632,51203.1852865844,52165.3086265893,9948696897.35957,192049.30535205,9948.69689735957
BTC,2024-02-19,52165.3086265893,52509.8991083622,51729.3557571662,51801.9196082592,13996916715.012,268388.277610859,13996.916715012
BTC,2024-02-20,51801.9196082592,52940.2804357854,50823.6732748387,52282.8913310682,22741840630.084,438145.566875392,22741.840630084
BTC,2024-02-21,52282.8913310682,52382.3922807416,50673.0809329379,51878.7855511258,19215915922.9289,374155.276552415,19215.915922928903
BTC,2024-02-22,51878.7855511258,52036.2136003488,50934.9214460076,51293.3959031646,16854309942.8572,326768.556194601,16854.309942857202
BTC,2024-02-23,51293.3959031646,51534.1743363507,50553.1901358271,50771.7678279699,14108526536.6663,276684.601287954,14108.5265366663
BTC,2024-02-24,50771.7678279699,51715.3334693464,50615.6298592669,51577.9542644651,7628832971.23115,148977.1406253,7628.83297123115
BTC,2024-02-25,51577.9542644651,51950.8060090767,51295.2814553937,51747.8197122083,8287383264.3994,160443.708101635,8287.3832643994
BTC,2024-02-26,51747.8197122083,54929.947456402,50939.7740094011,54518.2748768293,22714345203.5769,429301.716595704,22714.3452035769
BTC,2024-02-27,54518.2748768293,57561.5575827482,54489.9489261995,57082.520103983,33319749933.8083,589205.452094818,33319.7499338083
BTC,2024-02-28,57082.520103983,63943.4429615126,56746.7220541295,62497.5456995296,54856219470.8059,910431.038770554,54856.2194708059
BTC,2024-02-29,62497.5456995296,63608.1243227082,60451.1803560933,61192.5563921785,46362721253.9472,746550.960767291,46362.721253947195
BTC,2024-03-01,61192.5563921785,63142.464779282,60803.6285142079,62426.990354872,27138328759.5259,438178.930900349,27138.328759525903
BTC,2024-03-02,62426.990354872,62472.0961885581,61658.5777821906,62053.6953322366,14969182441.7182,241256.87940091,14969.182441718202
BTC,2024-03-03,62053.6953322366,63266.934498793,61511.137798526,63174.9873456672,17000227489.3165,272918.313983925,17000.2274893165
BTC,2024-03-04,63174.9873456672,68563.1164702038,62879.654739274,68346.6086119814,49334867822.248,751270.037917369,49334.867822248
BTC,2024-03-05,68346.6086119814,69104.5833995681,60028.5076172308,63872.8968871554,104765839628.711,1575928.40670523,104765.839628711
BTC,2024-03-06,63872.8968871554,67666.4634084211,62870.6062981288,66113.9380414855,47494069979.9848,719167.065847155,47494.0699799848
BTC,2024-03-07,66113.9380414855,68025.0181193588,65690.0273150021,66925.3447650293,30761131242.0324,459604.901481519,30761.1312420324
BTC,2024-03-08,66925.3447650293,69989.7090638769,66334.3342633334,68262.5075462931,39225685682.5061,576463.614832049,39225.685682506104
BTC,2024-03-09,68262.5075462931,68659.9559275725,68026.8974321344,68435.1183358685,13120085923.1224,191897.274672066,13120.0859231224
BTC,2024-03-10,68435.1183358685,69984.0385456848,68235.4779793118,69016.3877801603,22859501736.4278,329635.489995626,22859.5017364278
BTC,2024-03-11,69016.3877801603,72795.9780970464,67517.474019266,72100.0849124086,45553894549.6159,640198.567322886,45553.8945496159
BTC,2024-03-12,72100.0849124086,72906.1669786434,69020.9009654537,71471.7234785544,44309327710.7686,620575.286036584,44309.3277107686
BTC,2024-03-13,71471.7234785544,73651.9244554818,71338.489834996,73094.9843905541,32659435949.2304,448917.196523616,32659.4359492304
BTC,2024-03-14,73094.9843905541,73773.5094101328,68626.9136397178,71392.5011502951,41701619735.0556,582993.451929544,41701.6197350556
BTC,2024-03-15,71392.5011502951,72379.6783053165,65791.5148737015,69503.9233744188,55490668237.1682,811531.666666039,55490.668237168196
BTC,2024-03-16,69503.9233744188,70051.3723439657,64881.2669343649,65267.4862663572,32114600924.9494,473915.121227965,32114.6009249494
BTC,2024-03-17,65267.4862663572,68864.9775259461,64585.7808295117,68380.1432293656,29048541889.4662,434905.08393641,29048.541889466203
BTC,2024-03-18,68380.1432293656,68906.7984000053,66611.7857924236,67611.4372162205,33263124516.1809,491725.3644537,33263.1245161809
BTC,2024-03-19,67611.4372162205,68105.1804726035,61563.1758010628,61942.3358324217,52950117453.5669,824170.176700994,52950.117453566905
BTC,2024-03-20,61942.3358324217,68129.9822112938,60822.3247016409,67872.5371344735,44564075874.8938,698321.709456581,44564.0758748938
BTC,2024-03-21,67872.5371344735,68204.5460194419,64614.6668135078,65515.5382942972,29784848003.8072,447236.761551766,29784.8480038072
BTC,2024-03-22,65515.5382942972,66634.8684163695,62370.9863909453,63828.4486559229,27734630050.2451,431071.786544769,27734.630050245098
BTC,2024-03-23,63828.4486559229,65993.2380336611,63060.0951637326,64019.7572689704,15825373753.8413,245044.75407286,15825.373753841299
BTC,2024-03-24,64019.7572689704,67624.1924509922,63826.4915375722,67218.5861872259,17313723965.7254,264566.652534768,17313.7239657254
BTC,2024-03-25,67218.5861872259,71133.3852096693,66421.6123579851,69893.0238503033,29043259322.5461,422426.640894269,29043.259322546102
BTC,2024-03-26,69893.0238503033,71544.7430359482,69392.2500013782,69999.1592055405,23787418609.6454,338122.48756002,23787.4186096454
BTC,2024-03-27,69999.1592055405,71709.6421450322,68395.9205840576,69440.7040922377,27043545456.1798,387854.009773859,27043.5454561798
BTC,2024-03-28,69440.7040922377,71548.586626932,68898.4293350317,70786.6087419666,21824725905.5371,309556.406156261,21824.725905537103
BTC,2024-03-29,70786.6087419666,70919.4936147042,69122.8424943685,69903.9175406613,15762369187.6773,225190.58250023,15762.3691876773
BTC,2024-03-30,69903.9175406613,70359.7766492234,69587.0207905631,69628.3005722577,10195734997.724,145625.544991119,10195.734997724001
BTC,2024-03-31,69628.3005722577,71396.3113404767,69607.4913732088,71321.7045409231,12319407730.0914,174712.845486547,12319.4077300914
BTC,2024-04-01,71321.7045409231,71327.7518614367,68128.9937107359,69691.309237929,23348479330.1854,335953.124977533,23348.479330185397
BTC,2024-04-02,69691.309237929,69708.4283473954,64610.4153078716,65482.0758397414,35315155248.1543,533529.738142362,35315.1552481543
BTC,2024-04-03,65482.0758397414,66923.0010957065,64577.309764702,65994.204593157,23046718267.4882,349095.28235978,23046.718267488202
BTC,2024-04-04,65994.204593157,69290.4928273131,65106.5637640695,68525.8629517595,23034568166.6912,342176.723878106,23034.5681666912
BTC,2024-04-05,68525.8629517595,68748.292050261,66013.3771168197,67854.222053946,22521969418.4733,334007.052050943,22521.9694184733
BTC,2024-04-06,67854.222053946,69646.2019804318,67504.2156284385,68912.5124964358,12212854402.0412,179183.425779861,12212.854402041201
BTC,2024-04-07,68912.5124964358,70304.1590322485,68861.7550997398,69363.8330262167,12869109873.6188,185234.800815511,12869.1098736188
BTC,2024-04-08,69363.8330262167,72745.3685809232,69088.049878829,71636.4603681044,24995940982.1537,349887.334950723,24995.9409821537
BTC,2024-04-09,71636.4603681044,71759.006735939,68270.1327627424,69138.8510101944,24836760675.7708,354676.36978335,24836.7606757708
BTC,2024-04-10,69138.8510101944,71122.367367588,67519.786720281,70649.4714377113,25747493619.1003,372645.631285874,25747.4936191003
BTC,2024-04-11,70649.4714377113,71281.0211714705,69605.316213687,70046.6207280579,20202299426.1405,286821.060026801,20202.2994261405
BTC,2024-04-12,70046.6207280579,71252.5774394957,65701.9067286587,67175.1628129427,29340519256.1518,426637.252849971,29340.519256151798
BTC,2024-04-13,67175.1628129427,67948.7429301513,61610.9354267954,63987.1612972281,34181528537.0688,523783.834747695,34181.5285370688
BTC,2024-04-14,63987.1612972281,65850.5522694493,62203.2399027476,65758.0929799621,31781250053.894,495419.105950833,31781.250053894
BTC,2024-04-15,65758.0929799621,66885.2477117334,62398.9263890495,63458.0411047539,28502862149.1192,439219.285669455,28502.862149119203
BTC,2024-04-16,63458.0411047539,64346.2366990197,61738.4440515703,63834.4427488161,28044841314.365,446062.619736151,28044.841314365003
BTC,2024-04-17,63834.4427488161,64492.5976598832,59778.4168594316,61289.7515765013,28129725681.4598,453640.50629921,28129.7256814598
BTC,2024-04-18,61289.7515765013,64137.2388222647,60844.1502329459,63506.721063307,23285235815.1698,372362.355193587,23285.2358151698
BTC,2024-04-19,63506.721063307,65478.5566207103,59662.3159646777,63850.7575570495,34220997832.8387,539470.48096393,34220.9978328387
BTC,2024-04-20,63850.7575570495,65431.0162274845,63160.3389963412,64974.0940311797,14040492941.5953,218491.940956706,14040.492941595301
BTC,2024-04-21,64974.0940311797,65719.9462915879,64274.6607745938,64961.3248959078,12435101093.0736,191393.890446841,12435.101093073601
BTC,2024-04-22,64961.3248959078,67251.5752771782,64544.3636046617,66852.6852209244,18457360288.291,279528.740068886,18457.360288291
BTC,2024-04-23,66852.6852209244,67209.4252833007,65854.4728910331,66425.0606584486,18063383293.6233,271608.48418474,18063.383293623298
BTC,2024-04-24,66425.0606584486,67086.0378478388,63582.3150368636,64268.6760141898,24836646929.0063,379625.060271909,24836.646929006303
BTC,2024-04-25,64268.6760141898,65287.3090280782,62799.6511549388,64501.9230946703,26292742689.0936,410308.341077011,26292.7426890936
BTC,2024-04-26,64501.9230946703,64793.9948892559,63337.3311891017,63781.3608769704,18589054020.3097,289857.199150335,18589.0540203097
BTC,2024-04-27,63781.3608769704,63930.8799002095,62486.0635139854,63439.213245318,13513526263.3409,214222.774173196,13513.5262633409
BTC,2024-04-28,63439.213245318,64343.7037764016,62823.0538445704,63130.0914984904,11312871964.0194,177787.469291361,11312.8719640194
BTC,2024-04-29,63130.0914984904,64198.5003241115,61827.8668160497,63860.582725379,21004724980.4223,334902.940204388,21004.7249804223
BTC,2024-04-30,63860.582725379,64736.3163952883,59175.9252049636,60654.2423132281,32577745045.0609,531389.985586959,32577.745045060903
BTC,2024-05-01,60654.2423132281,60805.7699507729,56595.7967105739,58340.8647027734,42395564755.2984,731231.800881358,42395.5647552984
BTC,2024-05-02,58340.8647027734,59621.5211155461,57001.1052803659,59125.370597207,26676470146.312,456380.040438808,26676.470146312
BTC,2024-05-03,59125.370597207,63403.9421799567,58871.8865465366,62977.0583829764,27669484450.6447,453622.891833463,27669.4844506447
BTC,2024-05-04,62977.0583829764,64574.8389847147,62650.5954345996,63908.7829565062,15683121938.2565,246770.428536059,15683.1219382565
BTC,2024-05-05,63908.7829565062,64618.8837218129,62926.7676607199,64085.5447834871,12089419532.3876,189411.754349293,12089.4195323876
BTC,2024-05-06,64085.5447834871,65524.5208160087,62776.948854133,63211.4990057562,23084193755.7125,360870.821185506,23084.193755712502
BTC,2024-05-07,63211.4990057562,64428.4557342638,62307.3141457841,62349.9854720994,20650993987.3187,325175.064510752,20650.9939873187
BTC,2024-05-08,62349.9854720994,63029.7297339518,60893.2695197415,61216.3031950455,20615295448.6395,331352.855776325,20615.2954486395
BTC,2024-05-09,61216.3031950455,63440.0650773662,60671.3677715995,63104.1481486252,19832895793.2286,320817.067772286,19832.8957932286
BTC,2024-05-10,63104.1481486252,63486.0739203564,60253.5834168099,60826.0870121601,22371315903.8082,361826.364955444,22371.3159038082
BTC,2024-05-11,60826.0870121601,61520.3825787571,60532.6813502319,60843.8262660571,9464215063.22061,155228.045740829,9464.21506322061
BTC,2024-05-12,60843.8262660571,61855.86892634,60637.0322527017,61508.2565716394,8207102949.03869,134044.182957056,8207.10294903869
BTC,2024-05-13,61508.2565716394,63457.2302944801,60802.62671602,62953.4331861161,21505368561.1666,344555.412240488,21505.3685611666
BTC,2024-05-14,62953.4331861161,63119.5437313788,61158.3819687256,61586.5757521245,20303485024.3036,327989.572388102,20303.4850243036
BTC,2024-05-15,61586.5757521245,66474.7768244411,61359.1562860448,66266.5724746397,28536019915.4395,444777.66937794,28536.019915439498
BTC,2024-05-16,66266.5724746397,66710.5090744433,64647.9313406746,65279.0349400071,22586333436.004,343173.683657019,22586.333436004003
BTC,2024-05-17,65279.0349400071,67474.2081785827,65148.8229720954,67073.7398627384,18962679568.6836,285596.616166893,18962.6795686836
BTC,2024-05-18,67073.7398627384,67412.7180388794,66638.3789395906,66939.1887713577,10074420618.2069,150329.846190367,10074.4206182069
BTC,2024-05-19,66939.1887713577,67690.4067271077,65914.7540295511,66311.4564580935,10543459189.1301,157652.591292632,10543.4591891301
BTC,2024-05-20,66311.4564580935,71486.0655639508,66117.5675448749,71424.8899121258,29039989508.2734,424348.896181729,29039.9895082734
BTC,2024-05-21,71424.8899121258,71906.2420411732,69215.379575234,70153.509713142,31274576642.6821,442529.59409314,31274.5766426821
BTC,2024-05-22,70153.509713142,70625.1781165408,69017.1350644836,69149.4018051058,21603894206.2977,309445.387498208,21603.8942062977
BTC,2024-05-23,69149.4018051058,70047.6200582745,66580.8944117543,67972.416456223,29185523502.2132,426835.615570986,29185.5235022132
BTC,2024-05-24,67972.416456223,69241.0212623134,66649.5728602477,68560.207760764,18788071044.1871,276816.320756119,18788.071044187098
BTC,2024-05-25,68560.207760764,69592.5386112297,68518.9580097013,69297.0465378444,9055473197.53296,131184.848021257,9055.473197532961
BTC,2024-05-26,69297.0465378444,69505.5061310006,68309.1564490277,68515.1855775806,8781026060.89206,127321.334937644,8781.02606089206
BTC,2024-05-27,68515.1855775806,70624.7495812691,68261.3231886854,69411.1538411746,17144864542.0374,247346.406648788,17144.864542037398
BTC,2024-05-28,69411.1538411746,69546.7517535914,67254.619201363,68348.0297863216,23947813681.3494,351251.469819431,23947.8136813494
BTC,2024-05-29,68348.0297863216,68861.4304096915,67130.4692207046,67587.7412471339,18651270384.3497,274771.664351198,18651.2703843497
BTC,2024-05-30,67587.7412471339,69496.407363299,67126.2165527866,68357.9424908315,17599254307.4959,257851.623570855,17599.2543074959
BTC,2024-05-31,68357.9424908315,69007.1603567524,66667.431376095,67500.3215558657,16122536536.2825,237473.531813586,16122.5365362825
BTC,2024-06-01,67500.3215558657,67836.0497778337,67405.5272750781,67739.1217231224,5820333401.92203,86016.896899895,5820.33340192203
BTC,2024-06-02,67739.1217231224,68420.218227732,67336.3056802611,67770.3206057021,8752907809.93123,129025.587055454,8752.90780993123
BTC,2024-06-03,67770.3206057021,70254.7330308268,67622.1624266685,68814.2794761351,18597797927.3442,269202.55421807,18597.7979273442
BTC,2024-06-04,68814.2794761351,71050.4532118808,68568.2983855402,70547.6180578658,19198455039.6573,274922.426982766,19198.4550396573
BTC,2024-06-05,70547.6180578658,71762.9460167379,70404.8115817891,71119.2895092299,19512656278.3568,274547.960813061,19512.6562783568
BTC,2024-06-06,71119.2895092299,71638.8095114183,70171.4662494426,70796.7064989258,15094439962.4618,212493.356865886,15094.4399624618
BTC,2024-06-07,70796.7064989258,71941.4421872404,68723.760919394,69368.1978748998,21856429595.2557,310018.294246306,21856.4295952557
BTC,2024-06-08,69368.1978748998,69579.9467777968,69212.6269131638,69317.6853712228,7758430443.4178,111774.229479785,7758.4304434178
BTC,2024-06-09,69317.6853712228,69855.2896212381,69151.7973704962,69668.1708049745,6569484741.88275,94519.2061818803,6569.484741882749
BTC,2024-06-10,69668.1708049745,70184.0788258547,69226.1461138697,69528.7433588597,11742062575.3584,168629.654114008,11742.0625753584
BTC,2024-06-11,69528.7433588597,69571.5537850151,66199.3925643481,67344.6743669418,25575616143.5142,379368.315694691,25575.6161435142
BTC,2024-06-12,67344.6743669418,70006.8869425592,66936.9945385117,68276.0867483275,22846477482.638,333381.747082045,22846.477482638
BTC,2024-06-13,68276.0867483275,68407.3580323476,66321.4350165646,66779.8616897095,18132925021.7687,269071.149238393,18132.9250217687
BTC,2024-06-14,66779.8616897095,67338.8680537889,65087.1257160562,66045.463186465,18100480306.5641,272878.260111948,18100.4803065641
BTC,2024-06-15,66045.463186465,66453.8313051263,65897.492497644,66218.0715951293,7191245105.17649,108612.847111688,7191.24510517649
BTC,2024-06-16,66218.0715951293,66953.243010854,66032.4302323584,66678.4977366228,6484968996.62811,97534.3498966957,6484.96899662811
BTC,2024-06-17,66678.4977366228,67266.6636823605,65121.2377783261,66504.2248076087,17974772232.7568,271738.660360043,17974.7722327568
BTC,2024-06-18,66504.2248076087,66581.051094719,64095.8582006347,65172.1218419755,24445226693.5788,375568.90520092,24445.2266935788
BTC,2024-06-19,65172.1218419755,65732.8330178765,64710.1319197083,64985.6256598936,12146204141.7905,186314.681328095,12146.2041417905
BTC,2024-06-20,64985.6256598936,66486.8098346947,64561.2579592115,64865.1176586803,15002275620.4148,229675.33509855,15002.2756204148
BTC,2024-06-21,64865.1176586803,65043.2980624487,63408.8430600081,64139.7014916789,15497163410.8665,241842.438656969,15497.1634108665
BTC,2024-06-22,64139.7014916789,64523.390808109,63951.3789598332,64263.329978367,4577806783.07949,71191.2455778592,4577.80678307949
BTC,2024-06-23,64263.329978367,64518.5412309622,63194.748900577,63207.2675861901,5261686596.23095,82147.2815279648,5261.68659623095
BTC,2024-06-24,63207.2675861901,63352.3056519491,58616.5650967742,60304.6179379191,27695358631.6668,453450.962331547,27695.3586316668
BTC,2024-06-25,60304.6179379191,62340.322744702,60271.0876152299,61817.579174479,17883706394.8538,291320.461201787,17883.7063948538
BTC,2024-06-26,61817.579174479,62477.0829571248,60710.4864374693,60837.1496747581,13396299179.6359,218066.037368053,13396.2991796359
BTC,2024-06-27,60837.1496747581,62338.7087181093,60595.0979277486,61640.2509092307,12502529486.1631,203685.415184395,12502.5294861631
BTC,2024-06-28,61640.2509092307,62157.7117026701,59998.1791091191,60349.6743223856,15036804038.5867,245919.809359818,15036.8040385867
BTC,2024-06-29,60349.6743223856,61152.1462228512,60322.245997896,60898.9464463168,6587875631.27595,108237.51728628,6587.875631275951
BTC,2024-06-30,60898.9464463168,62948.7223035302,60641.345438035,62700.4187730068,9423879509.5503,152824.884451966,9423.879509550301
BTC,2024-07-01,62700.4187730068,63806.61207553,62516.9923381622,62862.4157535144,15211854398.8106,241010.285682163,15211.8543988106
BTC,2024-07-02,62862.4157535144,63226.1779023042,61767.8737140528,62062.0374738766,11841873111.1419,189697.772503178,11841.873111141898
BTC,2024-07-03,62062.0374738766,62215.1872604139,59450.7115230686,60178.5516953527,17809946834.8138,294549.185927371,17809.9468348138
BTC,2024-07-04,60178.5516953527,60443.2965823074,56787.4811278523,57082.1714483441,25715511688.6759,442625.202792786,25715.5116886759
BTC,2024-07-05,57082.1714483441,57497.0662222361,53849.6721089386,56679.8544296276,33513159349.441,602859.967697996,33513.159349441004
BTC,2024-07-06,56679.8544296276,58482.5869354232,56072.2456738902,58273.2470990144,11777692159.5174,206178.820373992,11777.6921595174
BTC,2024-07-07,58273.2470990144,58427.652367652,55796.0569874266,55919.042762323,11513793137.4437,200980.701756978,11513.793137443701
BTC,2024-07-08,55919.042762323,58176.0420344399,54381.9453352449,56753.6550691591,23468153221.2028,417345.582865953,23468.1532212028
BTC,2024-07-09,56753.6550691591,58284.8987789823,56348.5055551556,58082.1222579519,16294906433.9111,283603.219109487,16294.906433911101
BTC,2024-07-10,58082.1222579519,59459.8270549248,57210.2453507409,57769.5796323842,15197227487.427,261081.366336511,15197.227487427
BTC,2024-07-11,57769.5796323842,59348.3360206442,57151.0823815937,57378.7299407792,17091248163.0687,294277.199126021,17091.2481630687
BTC,2024-07-12,57378.7299407792,58564.3002590183,56597.0421902036,57934.1171872244,14992084061.9839,260568.07426313,14992.0840619839
BTC,2024-07-13,57934.1171872244,59842.5079929424,57810.8820882821,59240.4123587616,9036999980.51218,154145.567835582,9036.99998051218
BTC,2024-07-14,59240.4123587616,61402.3911255893,59237.1074590479,60855.1888078746,12166903523.5316,202252.335640428,12166.9035235316
BTC,2024-07-15,60855.1888078746,64928.1215809093,60732.6643306659,64787.3135119136,22654935059.124,359549.086312637,22654.935059124
BTC,2024-07-16,64787.3135119136,65339.8466939813,62464.6923850626,65089.4136708217,24676027469.7148,384804.420316208,24676.0274697148
BTC,2024-07-17,65089.4136708217,66106.0327912335,63920.7821078595,64112.3777712272,19164236340.1156,294672.698173483,19164.2363401156
BTC,2024-07-18,64112.3777712272,65108.0143673453,63264.4362479104,64000.1775047057,15860876840.2974,246849.365513377,15860.8768402974
BTC,2024-07-19,64000.1775047057,67397.5059734363,63327.6338444517,66697.4997660912,22047185529.0984,337140.593611277,22047.1855290984
BTC,2024-07-20,66697.4997660912,67614.5421420363,66303.0341143393,67165.1166584443,10058821891.7734,150402.728055555,10058.8218917734
BTC,2024-07-21,67165.1166584443,68354.3376160309,65903.8050095275,68175.5557654758,14158292706.7631,210553.389848163,14158.292706763099
BTC,2024-07-22,68175.5557654758,68477.2289036869,66628.8163614741,67569.2155271443,16630224044.7349,246178.431095105,16630.2240447349
BTC,2024-07-23,67569.2155271443,67764.3689080739,65506.9462197811,65956.0495792104,20973876765.5909,315224.9060801,20973.8767655909
BTC,2024-07-24,65956.0495792104,67107.3843410031,65173.0445044275,65395.1394213702,15726510957.4355,237748.16778968,15726.5109574355
BTC,2024-07-25,65395.1394213702,66136.3454483637,63482.8510273507,65807.8896350477,21915443023.2629,339498.515906775,21915.443023262902
BTC,2024-07-26,65807.8896350477,68212.6794926696,65768.9075604159,67928.3621394834,17480154167.9919,259794.678749569,17480.154167991903
BTC,2024-07-27,67928.3621394834,69416.607234729,66789.1142742447,67913.3537338176,19428244411.7587,284616.822936555,19428.2444117587
BTC,2024-07-28,67913.3537338176,68296.0110459929,67091.9612239948,68270.6512974088,9381462402.2827,138351.209360175,9381.4624022827
BTC,2024-07-29,68270.6512974088,70008.0496430771,66545.6240736789,66805.8575119178,23932442225.1328,349330.535567294,23932.4422251328
BTC,2024-07-30,66805.8575119178,67002.2462816773,65353.8207115205,66200.9292850163,17039617242.0639,256985.152417895,17039.6172420639
BTC,2024-07-31,66200.9292850163,66839.1435584259,64544.9819951465,64648.6641585843,17497864192.4398,265458.80859179,17497.8641924398
BTC,2024-08-01,64648.6641585843,65606.160495237,62300.7725614613,65346.6380044086,24891542008.393,389213.954731954,24891.542008393
BTC,2024-08-02,65346.6380044086,65560.6504896606,61226.2423116989,61468.2017999318,27466310850.2083,431801.799108215,27466.3108502083
BTC,2024-08-03,61468.2017999318,62198.6535233869,59915.7497673973,60690.6544417564,19575793818.7706,320412.532649033,19575.7938187706
BTC,2024-08-04,60690.6544417564,61079.479427271,57351.2640822288,58173.9285124362,18995824820.7787,319767.92807499,18995.8248207787
BTC,2024-08-05,58173.9285124362,58295.8781977502,49637.1928721595,54026.1136729947,65886547324.6625,1240287.37334304,65886.5473246625
BTC,2024-08-06,54026.1136729947,57078.4771411247,54003.053816605,56097.6715658095,30790547969.1035,551210.909649951,30790.5479691035
BTC,2024-08-07,56097.6715658095,57733.0367666322,54626.91248733,55150.7402778118,26426790213.5063,469102.666095315,26426.7902135063
BTC,2024-08-08,55150.7402778118,62615.4044661103,54794.3927446811,61734.0755808046,27936641088.9708,477310.579903271,27936.6410889708
BTC,2024-08-09,61734.0755808046,61771.9106827252,59625.5498030647,60895.2172773163,21028683428.1761,346489.577169126,21028.6834281761
BTC,2024-08-10,60895.2172773163,61470.4217826393,60299.4037847376,60949.5897373938,9243779809.51964,152048.842704224,9243.77980951964
BTC,2024-08-11,60949.5897373938,61774.2855217482,58396.4156426532,58764.1410744337,13866448805.494,230458.563336141,13866.448805494
BTC,2024-08-12,58764.1410744337,60673.7101572548,57734.9918983149,59387.4824770097,23264053491.2588,393526.088722342,23264.0534912588
BTC,2024-08-13,59387.4824770097,61581.7753716572,58530.351982357,60626.6808094847,18977169894.6314,316924.719475311,18977.169894631403
BTC,2024-08-14,60626.6808094847,61645.2327784804,58522.086305117,58736.675323023,19095416272.8486,317867.407037483,19095.416272848597
BTC,2024-08-15,58736.675323023,59867.6552639106,56269.2495584062,57581.1147073559,23342994735.2032,400188.828511684,23342.9947352032
BTC,2024-08-16,57581.1147073559,59848.7309752974,57147.1850842559,58925.9483617605,18483406903.0532,316040.884172742,18483.4069030532
BTC,2024-08-17,58925.9483617605,59714.723190154,58848.8058454203,59506.5485313704,7817544647.75402,131773.425660428,7817.54464775402
BTC,2024-08-18,59506.5485313704,60255.4242265747,58474.5746321431,58477.5872240491,10059846717.4168,168601.326906427,10059.8467174168
BTC,2024-08-19,58477.5872240491,59621.6263987877,57923.1242606413,59495.430280844,15691836804.3215,267517.61990673,15691.836804321501
BTC,2024-08-20,59495.430280844,61401.4520189369,58661.947514122,59054.364247926,19404598483.6083,323037.782511904,19404.5984836083
BTC,2024-08-21,59054.364247926,61840.0600869005,58865.8472826197,61182.7478767991,21138320281.4719,351620.489617915,21138.3202814719
BTC,2024-08-22,61182.7478767991,61420.5588740084,59847.0526455567,60398.5203571878,18473366111.3788,304356.331251984,18473.3661113788
BTC,2024-08-23,60398.5203571878,64926.5515728685,60371.2629942379,64098.16853561,27966782974.8914,449149.852885846,27966.7829748914
BTC,2024-08-24,64098.16853561,64501.5454392567,63607.0701457007,64183.5467177311,13469308768.9838,210100.227206939,13469.308768983801
BTC,2024-08-25,64183.5467177311,64999.068575447,63830.1342955685,64281.6083627199,11236665505.5217,174972.441658036,11236.6655055217
BTC,2024-08-26,64281.6083627199,64505.8211180134,62856.3433010541,62867.4977396317,18019307747.4915,283043.173608812,18019.3077474915
BTC,2024-08-27,62867.4977396317,63224.0271769194,58419.2075368775,59475.8256180269,25235292148.1903,409658.242989131,25235.2921481903
BTC,2024-08-28,59475.8256180269,60218.4149367246,57922.1866755995,59059.5230319153,25944259966.4431,437829.637932332,25944.2599664431
BTC,2024-08-29,59059.5230319153,61191.6756880495,58867.8071860051,59400.9382855776,21228264330.2307,354551.843555067,21228.2643302307
BTC,2024-08-30,59400.9382855776,59841.9526289465,57892.889785994,59159.7665120597,20867535231.1212,353599.200760993,20867.5352311212
BTC,2024-08-31,59159.7665120597,59482.3102432443,58821.2648900656,59021.2775734004,7339516624.97052,124110.880308347,7339.51662497052
BTC,2024-09-01,59021.2775734004,59106.4735822204,57278.8278292725,57364.5225263985,15361907542.4552,264217.976204144,15361.9075424552
BTC,2024-09-02,57364.5225263985,59449.9671601152,57210.3049500723,59176.6410150989,17610645680.3717,302266.335013195,17610.6456803717
BTC,2024-09-03,59176.6410150989,59838.2815551623,57459.5520867441,57514.8332937915,17612811878.1492,301049.514926975,17612.8118781492
BTC,2024-09-04,57514.8332937915,58541.9800459952,55880.2568983833,58007.4263662738,23206300629.161,406233.417178225,23206.300629161
BTC,2024-09-05,58007.4263662738,58348.1964183935,55792.9830603018,56210.1822588753,20585636380.7207,362636.544440591,20585.636380720698
BTC,2024-09-06,56210.1822588753,57012.5566741146,52646.8247969194,53997.9612298954,33063475046.9906,601808.773350732,33063.4750469906
BTC,2024-09-07,53997.9612298954,54885.7676315075,53784.0612868009,54199.5776881075,11810134976.8447,217494.68445995,11810.1349768447
BTC,2024-09-08,54199.5776881075,55346.0649420186,53672.1831620092,54912.7147012096,11021823540.889,202410.978014332,11021.823540889
BTC,2024-09-09,54912.7147012096,57952.8212320185,54634.9815353417,57071.061234207,22801979095.306,408004.113042814,22801.979095306
BTC,2024-09-10,57071.061234207,58041.8086959619,56433.8532525271,57649.0872421084,19041017205.0099,333242.489090814,19041.0172050099
BTC,2024-09-11,57649.0872421084,58003.0557511725,55589.0353949798,57359.743214705,25005468006.6828,439927.197309466,25005.4680066828
BTC,2024-09-12,57359.743214705,58521.3168359675,57351.6302660431,58150.2333545969,21552956374.5574,371445.973351472,21552.9563745574
BTC,2024-09-13,58150.2333545969,60662.6011108221,57671.894466554,60547.3134309392,21202178591.0039,359221.814060944,21202.1785910039
BTC,2024-09-14,60547.3134309392,60656.0010358948,59532.153509635,60023.7641163497,9654804195.62338,160745.628205047,9654.804195623381
BTC,2024-09-15,60023.7641163497,60407.9095680534,58774.594012394,59185.5008586862,10759459819.9345,179725.757828437,10759.4598199345
BTC,2024-09-16,59185.5008586862,59254.9657278786,57560.3570539702,58240.8179108719,20539122377.253,352208.303757577,20539.122377253
BTC,2024-09-17,58240.8179108719,61331.6018389752,57658.8121054174,60340.3109004562,25051954007.6569,418659.099081068,25051.9540076569
BTC,2024-09-18,60340.3109004562,61789.9103377398,59239.8585785189,61772.7930641354,26797382218.6803,444763.147859954,26797.3822186803
BTC,2024-09-19,61772.7930641354,63869.6468998577,61606.4391194591,62965.2492660169,27864849967.2801,444056.674108016,27864.8499672801
BTC,2024-09-20,62965.2492660169,64112.1712846885,62373.311634167,63217.8781104345,22812458444.7394,360656.326014392,22812.458444739397
BTC,2024-09-21,63217.8781104345,63553.7555954165,62788.2141352891,63378.6476170908,8279189972.7419,131133.836838388,8279.1899727419
BTC,2024-09-22,63378.6476170908,64010.8289252492,62438.7326213362,63595.0863082289,12144138406.9298,192639.040838279,12144.1384069298
BTC,2024-09-23,63595.0863082289,64735.8280164014,62640.9598343112,63350.9446695885,20371184800.8052,320359.761433883,20371.1848008052
BTC,2024-09-24,63350.9446695885,64695.2632887072,62751.3201490271,64302.5893644631,19709499540.5338,310084.952834994,19709.499540533798
BTC,2024-09-25,64302.5893644631,64827.0493198534,62950.4372496905,63148.1998026906,16116470971.5833,252805.133354589,16116.4709715833
BTC,2024-09-26,63148.1998026906,65783.4528045885,62680.9541697566,65194.0901136626,24418964278.898,378378.987822917,24418.964278897998
BTC,2024-09-27,65194.0901136626,66478.1126574766,64849.4251608111,65801.1414214786,21001891581.9381,319549.801704402,21001.8915819381
BTC,2024-09-28,65801.1414214786,66258.6271622638,65458.9124693488,65887.2135773289,8389211661.6986,127537.914359284,8389.2116616986
BTC,2024-09-29,65887.2135773289,66083.01348839,65465.0294142081,65626.5046907249,7797769947.47553,118592.273372256,7797.76994747553
BTC,2024-09-30,65626.5046907249,65634.6632562962,62894.9934452219,63332.7776140374,24530931549.7999,383332.54931369,24530.9315497999
BTC,2024-10-01,63332.7776140374,64126.3450296224,60203.8620421962,60826.6276746958,34519454354.5085,553425.687392482,34519.454354508496
BTC,2024-10-02,60826.6276746958,62364.8614998385,60015.5830813617,60662.2329218135,27490586460.3678,449231.827388045,27490.586460367802
BTC,2024-10-03,60662.2329218135,61482.7898825813,59899.7956322606,60768.6760074744,24608753927.7064,405576.995461709,24608.753927706402
BTC,2024-10-04,60768.6760074744,62480.791886014,60483.5022024609,62097.1099705322,19709725870.8046,320033.727195165,19709.7258708046
BTC,2024-10-05,62097.1099705322,62380.8400096376,61712.1306050395,62073.0157519238,7573746878.69597,122013.790193855,7573.74687869597
BTC,2024-10-06,62073.0157519238,62962.9847402468,61828.8109924387,62828.358701696,8308673421.27975,133119.921764546,8308.67342127975
BTC,2024-10-07,62828.358701696,64427.6040547436,62173.3169379203,62230.4625084833,22329051579.6041,352230.718182244,22329.0515796041
BTC,2024-10-08,62230.4625084833,63173.7662621025,61859.5681372391,62141.647102476,17898211685.7763,286759.003037121,17898.2116857763
BTC,2024-10-09,62141.647102476,62519.4834716067,60308.8589626368,60602.0586200711,17668272104.2318,286318.048091879,17668.2721042318
BTC,2024-10-10,60602.0586200711,61257.6452048336,58910.2671194159,60291.8230408993,19077992459.0705,316253.461180801,19077.992459070498
BTC,2024-10-11,60291.8230408993,63390.5947191873,60052.3010990007,62515.8763316225,19109979263.8139,309234.18087792,19109.9792638139
BTC,2024-10-12,62515.8763316225,63464.4203171775,62480.8123902975,63221.9295438542,9478435074.60424,150528.308841463,9478.43507460424
BTC,2024-10-13,63221.9295438542,63303.2322932345,62059.3667994464,62871.9480057892,10459385319.5697,166830.988200688,10459.385319569701
BTC,2024-10-14,62871.9480057892,66454.0941459396,62461.9682063243,66052.4764903993,27582697772.6231,424493.026768188,27582.6977726231
BTC,2024-10-15,66052.4764903993,67855.9095319163,64832.7907203237,67050.4491516615,29972982374.5341,452608.776698969,29972.9823745341
BTC,2024-10-16,67050.4491516615,68375.2431669292,66745.4241641731,67608.9554372881,23749618415.5977,351445.627098057,23749.6184155977
BTC,2024-10-17,67608.9554372881,67919.3970261853,66651.5562182071,67395.2215125504,20061432080.6322,298560.128689724,20061.4320806322
BTC,2024-10-18,67395.2215125504,68983.1978759721,67165.226660124,68421.8208316511,22543580325.5849,330620.573408691,22543.5803255849
BTC,2024-10-19,68421.8208316511,68674.9279570562,68024.1069214103,68370.4988843752,7462364225.3134,109267.643327387,7462.3642253134
BTC,2024-10-20,68370.4988843752,69369.0314060122,67946.8314768704,69020.5399560581,9712707915.13144,141551.262279764,9712.70791513144
BTC,2024-10-21,69020.5399560581,69472.4379373916,66828.7556296073,67349.4984218654,23230112066.6167,341884.44102115,23230.1120666167
BTC,2024-10-22,67349.4984218654,67783.4538555604,66589.5947334582,67395.6874685028,19342084285.8922,287673.581278062,19342.0842858922
BTC,2024-10-23,67395.6874685028,67413.7007527587,65202.0937854378,66595.1575370042,20308469487.9532,305974.205950342,20308.4694879532
BTC,2024-10-24,66595.1575370042,68798.7899967317,66452.0865313455,68164.8279907969,19202052741.3557,284306.01614709,19202.052741355703
BTC,2024-10-25,68164.8279907969,68719.7997052664,65634.8724584663,66608.8588016777,25460260770.0967,377887.372335262,25460.2607700967
BTC,2024-10-26,66608.8588016777,67355.2483774178,66381.3315781647,67025.6278144203,10817790320.6812,161728.895412342,10817.7903206812
BTC,2024-10-27,67025.6278144203,68249.6005764028,66867.2036403921,67960.7870584741,8871917209.91429,131352.228945225,8871.917209914289
BTC,2024-10-28,67960.7870584741,70204.2983517315,67567.5120465036,69931.1218734847,23839639653.2235,346088.254924601,23839.639653223498
BTC,2024-10-29,69931.1218734847,73565.4936382496,69735.7799342236,72716.9139244938,35818675448.0672,498617.464855358,35818.6754480672
BTC,2024-10-30,72716.9139244938,72921.2009337958,71447.4789909563,72347.5952043618,24440790562.3386,338604.095441546,24440.7905623386
BTC,2024-10-31,72347.5952043618,72675.3912125001,69626.5754212057,70239.8161326723,24161748081.0094,339188.592494718,24161.7480810094
BTC,2024-11-01,70239.8161326723,71603.2555447057,68827.8995808763,69499.8990526099,29886542174.8476,427630.308335649,29886.5421748476
BTC,2024-11-02,69499.8990526099,69906.1956365661,69046.0203450696,69349.1039939168,9626520683.57186,138484.797667479,9626.52068357186
BTC,2024-11-03,69349.1039939168,69376.7123985593,67510.5387819435,68782.5710242388,19957258721.1543,291714.056905673,19957.2587211543
BTC,2024-11-04,68782.5710242388,69489.6484691297,66829.1467610505,67839.6651434504,24945919312.2133,365286.072518402,24945.9193122133
BTC,2024-11-05,67839.6651434504,70489.1565250943,67468.2533099102,69391.5345696399,27476959279.1723,396813.660885695,27476.959279172297
BTC,2024-11-06,69391.5345696399,76396.9483939753,69324.8332776382,75596.3997543213,74248446131.1542,1003622.35339263,74248.44613115421
BTC,2024-11-07,75596.3997543213,76905.4482652172,74455.3755000087,75901.9931706196,38591439550.4239,510449.296230174,38591.4395504239
BTC,2024-11-08,75901.9931706196,77240.0954608893,75650.8044684099,76552.8549931562,33032652514.924,433003.466166704,33032.652514924
BTC,2024-11-09,76552.8549931562,76934.8053027748,75761.712889609,76715.8795017437,15479557286.3744,202508.789994867,15479.5572863744
BTC,2024-11-10,76715.8795017437,81369.5893280528,76561.4448605417,80406.6501624955,43580607880.2027,549373.490137066,43580.6078802027
BTC,2024-11-11,80406.6501624955,89583.6860825148,80265.4884454702,88728.9508391651,67889246225.7454,805361.953570754,67889.2462257454
BTC,2024-11-12,88728.9508391651,89992.7276452079,85182.0494384673,88056.9520854703,77249742025.4881,878950.701190278,77249.7420254881
BTC,2024-11-13,88056.9520854703,93408.2569524473,86285.2443459286,90511.4218833129,72746242190.983,809682.661582748,72746.242190983
BTC,2024-11-14,90511.4218833129,91802.1155669152,86716.7205862663,87344.1898531065,51626903376.229,576762.19360372,51626.903376229
BTC,2024-11-15,87344.1898531065,91875.5564928485,87157.6497119319,91076.8119424913,44199794615.9865,494933.828136558,44199.7946159865
BTC,2024-11-16,91076.8119424913,91789.3880470043,90109.7796043353,90584.2911636323,22905681706.7486,251539.572049573,22905.6817067486
BTC,2024-11-17,90584.2911636323,91441.8563315991,88798.4913148752,89875.5646640815,24437200615.59,270720.125242577,24437.20061559
BTC,2024-11-18,89875.5646640815,92585.1563828683,89182.5142797818,90534.6457249376,42044157090.9888,461749.644797978,42044.1570909888
BTC,2024-11-19,90534.6457249376,93990.7500828168,90436.9109078325,92393.0854652586,42292419155.716,458491.243367917,42292.419155716
BTC,2024-11-20,92393.0854652586,94910.1798173257,91632.4826468961,94369.3365827971,39716868942.3548,424125.764965134,39716.8689423548
BTC,2024-11-21,94369.3365827971,98977.8400237093,94161.5602509987,98402.1949920443,56427810562.4421,580727.649983617,56427.8105624421
BTC,2024-11-22,98402.1949920443,99639.3382545678,97187.432972889,98943.4977548279,42927517993.6963,434976.091216109,42927.517993696296
BTC,2024-11-23,98943.4977548279,98944.034328803,97209.5328863943,97724.4950610056,21612593286.6705,219905.659661735,21612.5932866705
BTC,2024-11-24,97724.4950610056,98605.730043346,95780.2761065909,97967.2951372954,25349238358.0354,260559.195352845,25349.2383580354
BTC,2024-11-25,97967.2951372954,98877.9197437827,92684.2619953663,93025.1292956724,41504948599.4465,431859.241774272,41504.9485994465
BTC,2024-11-26,93025.1292956724,95002.0885966689,90799.7751550477,91940.193000198,45180721595.1262,486566.735382776,45180.7215951262
BTC,2024-11-27,91940.193000198,97336.3587020162,91780.4766726778,95947.0830989849,37673863820.9864,398260.872853311,37673.8638209864
BTC,2024-11-28,95947.0830989849,96643.1883917306,94681.7421365357,95666.2193195659,26651739433.483,279123.450365353,26651.739433483002
BTC,2024-11-29,95666.2193195659,98693.2388446259,95404.761788695,97490.1520025695,29199236173.7971,300723.544769699,29199.2361737971
BTC,2024-11-30,97490.1520025695,97490.8043937339,96145.6722461059,96479.2439359753,14839390323.9965,153386.821626767,14839.3903239965
BTC,2024-12-01,96479.2439359753,97844.9691545753,95789.931352868,97240.3353955653,17820627596.6557,183848.389669403,17820.6275966557
BTC,2024-12-02,97240.3353955653,98152.6880351147,94526.7040304943,95862.9439884694,37560957351.814,390919.635704981,37560.957351814
BTC,2024-12-03,95862.9439884694,96284.4749978801,93688.7783942233,95871.9335129261,34794154341.2232,364999.981569621,34794.1543412232
BTC,2024-12-04,95871.9335129261,99177.5161838037,94690.9338945262,98734.3200545731,42454708965.2337,438631.68841798,42454.7089652337
BTC,2024-12-05,98734.3200545731,103713.667072889,93468.3399145307,97050.027060881,85955503865.1295,853862.849119906,85955.5038651295
BTC,2024-12-06,97050.027060881,102006.430175579,96475.2097358183,99866.4510373869,67519116866.2171,680775.148988338,67519.1168662171
BTC,2024-12-07,99866.4510373869,100533.36537904,99063.0738728127,99921.2160409421,26539614525.5782,265996.93214222,26539.614525578203
BTC,2024-12-08,99921.2160409421,101375.618684987,98768.1275538834,101164.789500775,26943607530.7203,269700.684689133,26943.6075307203
BTC,2024-12-09,101164.789500775,101246.071997686,94915.2173590384,97406.9715880375,69238069182.0378,705343.787243298,69238.0691820378
BTC,2024-12-10,97406.9715880375,98267.2163788997,94334.3496925922,96657.0407188012,63840482230.305,660407.437723984,63840.482230305
BTC,2024-12-11,96657.0407188012,101904.036375275,95738.7160288452,101169.668463919,53268974413.9667,537052.852463069,53268.974413966695
BTC,2024-12-12,101169.668463919,102508.508795843,99349.3764472432,100028.919617953,46511298395.5622,461069.063867661,46511.298395562204
BTC,2024-12-13,100028.919617953,101880.782062637,99238.2950231363,101446.437188656,36530267256.6078,363103.843805038,36530.2672566078
BTC,2024-12-14,101446.437188656,102620.103495946,100622.654450547,101400.839850663,25350638514.923,249690.231004717,25350.638514923
BTC,2024-12-15,101400.839850663,105017.711899901,101229.961786872,104389.474858669,30528796220.9553,296809.242070003,30528.7962209553
BTC,2024-12-16,104389.474858669,107778.433989127,103349.102019496,106079.090411121,55755887277.7364,528048.394267647,55755.887277736394
BTC,2024-12-17,106079.090411121,108266.707517594,105395.742955253,106168.858284328,41595223499.0026,389520.134215259,41595.223499002605
BTC,2024-12-18,106168.858284328,106498.308435072,100052.350506188,100187.26575458,57458110210.164,555456.007380732,57458.110210164
BTC,2024-12-19,100187.26575458,102780.741548511,95633.8465368784,97472.6550452805,59310291022.9078,596072.32231823,59310.2910229078
BTC,2024-12-20,97472.6550452805,98133.7617107355,92263.6027950042,97868.8217768341,62940682628.9479,655726.780604918,62940.6826289479
BTC,2024-12-21,97868.8217768341,99581.0300283164,96491.8897813078,97234.4605283882,31438215239.6994,321770.605732535,31438.215239699402
BTC,2024-12-22,97234.4605283882,97381.7331501215,94228.1268303623,95112.7522534299,26691622766.2663,277949.718188278,26691.6227662663
BTC,2024-12-23,95112.7522534299,96464.1028668923,92475.9774987538,94812.1850603651,40625895882.7179,430316.998821292,40625.8958827179
BTC,2024-12-24,94812.1850603651,99443.9037446732,93498.5336163978,98646.2398597345,27821492457.1204,288729.79565812,27821.4924571204
BTC,2024-12-25,98646.2398597345,99517.2078790577,97671.9997509019,99390.0555088638,19424122254.6578,197189.077589724,19424.1222546578
BTC,2024-12-26,99390.0555088638,99923.3439217042,95169.2240138869,95736.3243416497,27404917490.0914,283769.442860161,27404.9174900914
BTC,2024-12-27,95736.3243416497,97199.8198313911,93393.6349617642,94209.4541683634,30355206094.0039,318470.000605941,30355.206094003897
BTC,2024-12-28,94209.4541683634,95515.1802753732,94048.4897973533,95157.2883658672,13070453428.8946,138112.743011363,13070.4534288946
BTC,2024-12-29,95157.2883658672,95186.1179484234,92919.1020467299,93615.04302023,16254412554.5803,172671.240735563,16254.4125545803
BTC,2024-12-30,93615.04302023,94923.5931730324,91374.9607524214,92671.5245019799,35198880042.1904,378011.14933075,35198.8800421904
BTC,2024-12-31,92671.5245019799,96133.5486794865,91932.8732527472,93441.6983892194,26711551882.5478,284228.313447607,26711.5518825478
BTC,2025-01-01,93441.6983892194,94979.0979452426,92848.1136284567,94451.9403687362,14353936248.2457,152845.673685992,14353.9362482457
BTC,2025-01-02,94451.9403687362,97755.6136668064,94260.086766928,96919.3484077694,27832622662.4158,288813.824744512,27832.622662415797
BTC,2025-01-03,96919.3484077694,98944.6015893314,96044.9817768415,98141.0286082368,21706556722.9287,222855.456509767,21706.5567229287
BTC,2025-01-04,98141.0286082368,98751.6347979048,97565.1320940328,98216.3730482727,12868444073.8772,131288.379401709,12868.4440738772
BTC,2025-01-05,98216.3730482727,98802.2011394918,97278.7819571971,98346.7868897226,11078969303.465,112989.473011108,11078.969303465
BTC,2025-01-06,98346.7868897226,102490.980349224,97916.50917389,102280.873054768,31366999931.0266,311985.668967906,31366.9999310266
BTC,2025-01-07,102280.873054768,102713.731333029,96177.4224475258,96974.6350092362,35543387338.489,359297.084750434,35543.387338488996
BTC,2025-01-08,96974.6350092362,97292.1157148887,92645.2494488019,95087.2717455432,39110838186.592,410851.556362012,39110.838186592
BTC,2025-01-09,95087.2717455432,95376.2465713125,91266.6771300354,92580.9812772829,39788193228.6216,427000.492854432,39788.193228621596
BTC,2025-01-10,92580.9812772829,95784.3328692769,92324.8196412634,94735.7250634323,39607938262.9532,420755.532326922,39607.938262953205
BTC,2025-01-11,94735.7250634323,95005.1375728315,93859.2806108064,94586.6264930777,10750584869.4223,113853.276703581,10750.5848694223
BTC,2025-01-12,94586.6264930777,95365.1848943437,93696.0857058647,94524.0668166653,11838100177.4519,125263.613046383,11838.1001774519
BTC,2025-01-13,94524.0668166653,95869.0459107885,89669.6038185143,94542.5674780612,44789071074.8442,484432.070025991,44789.0710748442
BTC,2025-01-14,94542.5674780612,97369.8953359744,94368.8944179765,96554.039485471,33338290117.1678,347027.438761655,33338.2901171678
BTC,2025-01-15,96554.039485471,100704.47992635,96498.0169934287,100509.313317077,33446712210.5208,339776.955844328,33446.7122105208
BTC,2025-01-16,100509.313317077,100843.365180115,97371.8704506316,99993.5161111163,31969995281.5423,321651.756956133,31969.995281542302
BTC,2025-01-17,99993.5161111163,105915.236192723,99958.9564783862,104114.678798924,43193471521.8562,418435.851523451,43193.4715218562
BTC,2025-01-18,104114.678798924,104951.825463822,102289.052325482,104441.397877855,28370128047.3708,273465.987923555,28370.1280473708
BTC,2025-01-19,104441.397877855,106296.7325179,99751.603698171,101292.641209328,44179801885.8412,424237.748591558,44179.8018858412
BTC,2025-01-20,101292.641209328,109134.786742258,99563.70602715,102228.25366864,74884473337.5592,714224.515381276,74884.4733375592
BTC,2025-01-21,102228.25366864,107246.705695541,100141.741646728,106188.135939294,56196711364.4673,540914.151197762,56196.7113644673
BTC,2025-01-22,106188.135939294,106372.829587823,103385.640718143,103692.100401351,34227577344.7507,326593.747188849,34227.5773447507
BTC,2025-01-23,103692.100401351,106864.395294252,101281.800811178,103962.596578763,67133582751.8243,646479.429900936,67133.5827518243
BTC,2025-01-24,103962.596578763,107167.694900889,102810.892785108,104906.678715047,33292304899.1515,316407.952256994,33292.3048991515
BTC,2025-01-25,104906.678715047,105318.147205119,104125.337006786,104796.454151747,13477513489.6844,128697.684475176,13477.513489684401
BTC,2025-01-26,104796.454151747,105485.726407884,102504.239014927,102606.795575524,12432719618.0467,119015.245020127,12432.7196180467
BTC,2025-01-27,102606.795575524,103220.28098024,97832.5349752467,102090.565306229,56426089399.9715,562236.058120618,56426.0893999715
BTC,2025-01-28,102090.565306229,103747.123721254,100250.404227626,101300.368030514,29260925213.8294,285831.948899445,29260.9252138294
BTC,2025-01-29,101300.368030514,104763.077783684,101296.994824734,103745.369909948,29161540275.4861,283836.197131952,29161.5402754861
BTC,2025-01-30,103745.369909948,106473.551977275,103345.431366212,104789.940712272,25410611884.2582,241572.139306523,25410.6118842582
BTC,2025-01-31,104789.940712272,106054.79072439,101549.982008983,102459.5832836,28048610252.0141,270138.792050438,28048.6102520141
BTC,2025-02-01,102459.5832836,102805.738542159,100279.802764609,100631.059748449,15601746121.3614,153272.147124402,15601.7461213614
BTC,2025-02-02,100631.059748449,101447.449793157,96292.2044726772,97678.7719678885,36814093131.1696,373522.927164122,36814.093131169604
BTC,2025-02-03,97678.7719678885,102504.815026212,91687.2854758568,101436.407843162,65640107191.3162,679678.802692783,65640.1071913162
BTC,2025-02-04,101436.407843162,101774.569125339,95924.4492393112,97804.2385175571,45024369814.2917,454130.095876162,45024.369814291706
BTC,2025-02-05,97804.2385175571,99140.6592695527,96187.4352975343,96625.261316975,28945417325.4121,296127.621723564,28945.4173254121
BTC,2025-02-06,96625.261316975,99199.7861618104,95726.6503585221,96579.8329029594,28601234096.5466,293712.658655673,28601.2340965466
BTC,2025-02-07,96579.8329029594,100180.304039999,95668.4791668097,96539.7981854609,34617378661.5406,354488.546036135,34617.378661540606
BTC,2025-02-08,96539.7981854609,96897.0272577169,95722.7939330383,96479.319789231,12808457527.0125,132981.138731728,12808.4575270125
BTC,2025-02-09,96479.319789231,97342.886854819,94775.2109297554,96502.8008211955,16578384065.5607,172058.68451721,16578.3840655607
BTC,2025-02-10,96502.8008211955,98370.7504896998,95314.9285375637,97490.2991705221,24348233674.1078,250458.982886476,24348.2336741078
BTC,2025-02-11,97490.2991705221,98528.7378444808,94887.3250510873,95827.6528436408,23544345270.7803,242949.736550588,23544.3452707803
BTC,2025-02-12,95827.6528436408,98145.0212876138,94193.1241838364,97915.2900812202,30524499731.6715,317372.680919819,30524.4997316715
BTC,2025-02-13,97915.2900812202,98131.8582087972,95308.4056373528,96678.8146099012,22322253302.843,231787.587644891,22322.253302842997
BTC,2025-02-14,96678.8146099012,98883.7915235882,96373.598622567,97553.755288536,20964070043.3877,215386.169256527,20964.0700433877
BTC,2025-02-15,97553.755288536,98020.0111122488,97290.1467850986,97642.7920403064,10170077494.5414,104152.511816511,10170.077494541401
BTC,2025-02-16,97642.7920403064,97774.3691989421,96089.3150096093,96157.6042409799,9902101281.66445,101947.675863877,9902.101281664449
BTC,2025-02-17,96157.6042409799,97074.5679619846,95269.3844276535,95837.3362085539,17790202548.8439,185075.85572213,17790.2025488439
BTC,2025-02-18,95837.3362085539,96764.0411430524,93418.0442905355,95671.8962902099,24259208651.6862,254791.342237805,24259.2086516862
BTC,2025-02-19,95671.8962902099,96888.3330001149,95083.0882588855,96685.0739421655,18549660198.6787,193206.090902548,18549.6601986787
BTC,2025-02-20,96685.0739421655,98784.3000701216,96480.5311592148,98356.2539966563,20686641419.8649,211967.776176157,20686.6414198649
BTC,2025-02-21,98356.2539966563,99524.81970204,94876.2150483914,96153.8335590858,32611149216.6706,334188.181015192,32611.1492166706
BTC,2025-02-22,96153.8335590858,96980.8020495874,95784.6816298284,96587.5388193773,11797344691.8583,122255.14333188,11797.3446918583
BTC,2025-02-23,96587.5388193773,96691.296962515,95284.0016485569,96292.8473302412,10453012517.5655,108854.45082546,10453.0125175655
BTC,2025-02-24,96292.8473302412,96531.4844425039,91422.941833979,91605.4617630073,28078398753.5608,296625.914233889,28078.3987535608
BTC,2025-02-25,91605.4617630073,92600.4895590322,86099.3778493887,88688.623551652,52494555217.7662,590258.170674835,52494.555217766196
BTC,2025-02-26,88688.623551652,89379.0785791606,82335.8843052595,84197.43002316,39783242780.3194,461217.126186349,39783.2427803194
BTC,2025-02-27,84197.43002316,87053.2938426542,82719.1851835194,84718.8275050657,33753994513.2207,396622.431264919,33753.9945132207
BTC,2025-02-28,84718.8275050657,85094.7786770659,78337.9498631835,84391.4997334327,52370524423.6821,641802.5838364,52370.5244236821
BTC,2025-03-01,84391.4997334327,86595.1842745549,83866.7843849393,86090.4351420347,19368142758.9145,227440.000135733,19368.142758914502
BTC,2025-03-02,86090.4351420347,95136.1200274538,85143.6360684646,94381.5092907682,35497812687.1974,392350.962667244,35497.8126871974
BTC,2025-03-03,94381.5092907682,94509.2979013448,85183.8447327459,86233.5488392928,46940348570.241,520935.348190256,46940.348570240996
BTC,2025-03-04,86233.5488392928,88987.4253886442,81616.7382259511,87322.7357514987,43568705295.1679,514479.385406093,43568.7052951679
BTC,2025-03-05,87322.7357514987,91031.9781438817,86445.3525604781,90671.378554405,31310656748.6515,352094.519149628,31310.6567486515
BTC,2025-03-06,90671.378554405,92864.2707647123,87913.9255767529,89991.5426231923,31708740954.139,350651.927231906,31708.740954139
BTC,2025-03-07,89991.5426231923,91209.4965763569,84859.4582427959,86823.1879810571,43596687220.6261,495248.106365939,43596.687220626096
BTC,2025-03-08,86823.1879810571,86920.2881335055,85314.8533973067,86293.8603695963,12215688769.9526,141672.797160792,12215.6887699526
BTC,2025-03-09,86293.8603695963,86585.5141663682,80116.57908646,80795.4491931869,20822918463.4028,249602.572668115,20822.918463402802
BTC,2025-03-10,80795.4491931869,83987.3840487916,77529.7820982138,78626.4148167644,36438676211.5128,452000.657174269,36438.6762115128
BTC,2025-03-11,78626.4148167644,83619.6787070384,76722.2771823408,82965.8770110422,34724888434.5747,430116.906106795,34724.8884345747
BTC,2025-03-12,82965.8770110422,84262.8073405401,80678.3204309824,83701.8983777702,26367597716.7449,319177.820654597,26367.5977167449
BTC,2025-03-13,83701.8983777702,84324.3447729057,79983.5580026788,81121.00053389,21352560675.7566,259874.353310521,21352.5606757566
BTC,2025-03-14,81121.00053389,85319.0850667776,80845.135409382,84019.444293188,20583544034.9999,246450.815917183,20583.5440349999
BTC,2025-03-15,84019.444293188,84712.3082180301,83672.1280795056,84378.8701640199,9266165980.80866,109978.613499803,9266.16598080866
BTC,2025-03-16,84378.8701640199,84995.7909580529,82032.5293263752,82599.0408828533,14018032941.7246,168013.657280475,14018.0329417246
BTC,2025-03-17,82599.0408828533,84746.2574816401,82532.3305170504,84039.0274798456,16581767018.1898,198514.540593574,16581.7670181898
BTC,2025-03-18,84039.0274798456,84045.5103799039,81194.9369051103,82744.9206992103,16033461641.6039,194580.662988715,16033.4616416039
BTC,2025-03-19,82744.9206992103,87039.2272143198,82593.8433319471,86873.4163476584,22042982634.1922,261205.272730933,22042.982634192198
BTC,2025-03-20,86873.4163476584,87453.0935200974,83659.3529194805,84205.6899756188,18758145081.5335,219896.094827063,18758.1450815335
BTC,2025-03-21,84205.6899756188,84815.1601127377,83193.247170485,84083.6973845409,12425198468.8545,147818.442910708,12425.1984688545
BTC,2025-03-22,84083.6973845409,84519.6247282847,83701.4828040409,83859.6770323343,6027236895.91354,71598.189167556,6027.23689591354
BTC,2025-03-23,83859.6770323343,86135.0145259527,83832.173140002,86108.3459346599,7909340659.11895,93190.2523587343,7909.34065911895
BTC,2025-03-24,86108.3459346599,88738.7006061404,85571.8364088328,87522.2726893953,22191683427.8675,253522.029969622,22191.6834278675
BTC,2025-03-25,87522.2726893953,88536.5583337404,86356.3821599741,87433.8877571856,19154085186.9572,219068.559783474,19154.0851869572
BTC,2025-03-26,87433.8877571856,88290.3956963285,85906.1440020321,86939.8589284524,17059234148.3751,195545.962643065,17059.2341483751
BTC,2025-03-27,86939.8589284524,87766.2755535996,85868.5088378908,87225.7708175161,15328863918.0103,176014.818439654,15328.8639180103
BTC,2025-03-28,87225.7708175161,87504.1727820795,83599.9888930124,84425.5241235203,21265379350.2902,250197.473690613,21265.3793502902
BTC,2025-03-29,84425.5241235203,84613.6947443763,81689.3064438477,82684.3670200303,10620517111.8807,127927.677485487,10620.5171118807
BTC,2025-03-30,82684.3670200303,83558.526014926,81647.1449260823,82418.8925010364,9241402139.43308,111600.450660969,9241.402139433081
BTC,2025-03-31,82418.8925010364,83923.6745906849,81331.6137100274,82560.48347796,18515896083.2114,224445.709226397,18515.8960832114
BTC,2025-04-01,82560.48347796,85521.622333574,82445.1753493556,85180.9100394273,17651391448.318,209710.431302603,17651.391448318
BTC,2025-04-02,85180.9100394273,88343.7604425948,82356.8174372953,82520.5436831296,27626465270.8659,323187.807680031,27626.465270865898
BTC,2025-04-03,82520.5436831296,83936.6086089833,81303.327595795,83178.0989176816,20690873668.2688,250494.179417262,20690.8736682688
BTC,2025-04-04,83178.0989176816,84718.9973412098,81686.8784187355,83863.5530600233,25416397348.3098,305276.427652311,25416.397348309798
BTC,2025-04-05,83863.5530600233,84232.6790252461,82379.8560292131,83525.4321428469,8288798631.62227,99540.8988899634,8288.79863162227
BTC,2025-04-06,83525.4321428469,83743.9422225801,77123.2704909605,78382.6183359094,18981717265.2545,236550.681881607,18981.7172652545
BTC,2025-04-07,78382.6183359094,81050.798488047,74496.5780858278,79153.2058283226,45340397710.1678,583625.219016626,45340.3977101678
BTC,2025-04-08,79153.2058283226,80841.4787706406,76212.1379415755,76270.133036587,25596551870.6162,325945.413694014,25596.5518706162
BTC,2025-04-09,76270.133036587,83573.0441150811,74613.1306393334,82603.3207337946,42620565266.9033,540187.30490621,42620.5652669033
BTC,2025-04-10,82603.3207337946,82718.7853839226,78468.3617257453,79576.5705243912,24250204187.2937,300304.201504351,24250.2041872937
BTC,2025-04-11,79576.5705243912,84270.8865520572,78958.2967953432,83403.5633906763,23900421377.2779,291112.552385653,23900.4213772779
BTC,2025-04-12,83403.5633906763,85894.8263308483,82796.2894022816,85295.7973429473,13815486510.6121,163926.019251354,13815.486510612101
BTC,2025-04-13,85295.7973429473,86054.3232226062,83036.8319605627,83733.860616667,17215829580.9775,203907.697952724,17215.8295809775
BTC,2025-04-14,83733.860616667,85794.0562102543,83680.7273867531,84599.594984404,20273099350.5292,239299.622773935,20273.099350529203
BTC,2025-04-15,84599.594984404,86466.2011523735,83632.4903288056,83664.3500620405,16854364788.6665,198051.672631977,16854.3647886665
BTC,2025-04-16,83664.3500620405,85484.0650753202,83138.9178446986,84057.9870037467,17160252528.6948,204099.496824985,17160.2525286948
BTC,2025-04-17,84057.9870037467,85465.2802882122,83770.3251939748,84942.9281249984,12726673285.3913,150400.347007,12726.6732853913
BTC,2025-04-18,84942.9281249984,85112.9230304341,84318.4090514233,84444.0775486801,6325699632.66256,74753.1250474157,6325.69963266256
BTC,2025-04-19,84444.0775486801,85585.0339708047,84346.8648886518,85065.9809677744,7339664360.07837,86229.5279575049,7339.66436007837
BTC,2025-04-20,85065.9809677744,85298.6910316488,83940.6300708956,85165.6548428575,7764679821.02134,91682.7474997999,7764.67982102134
BTC,2025-04-21,85165.6548428575,88448.7397060292,85131.859976361,87523.2478503325,24379588236.9273,279255.236775069,24379.5882369273
BTC,2025-04-22,87523.2478503325,93857.2150768947,87115.1760555502,93469.4859180246,32470401777.9355,359201.31829578,32470.4017779355
BTC,2025-04-23,93469.4859180246,94490.4978725258,91975.229658424,93727.2142702629,26374009336.5605,282195.810372283,26374.009336560503
BTC,2025-04-24,93727.2142702629,94035.7126836005,91699.1975819474,94015.5886277392,19308995891.2307,207698.006409642,19308.9958912307
BTC,2025-04-25,94015.5886277392,95778.6309239087,92897.6335381758,94717.2349993406,25043982077.8079,265049.960720162,25043.9820778079
BTC,2025-04-26,94717.2349993406,95248.9350348563,93932.7872765521,94661.3556496259,9808855974.0938,103775.150389668,9808.8559740938
BTC,2025-04-27,94661.3556496259,95338.0831770231,93676.3270267115,93778.8718127532,10038619837.8215,106532.142586745,10038.619837821501
BTC,2025-04-28,93778.8718127532,95618.8664036521,92881.6022959703,95039.7735489096,20618670851.1041,218388.89752306,20618.6708511041
BTC,2025-04-29,95039.7735489096,95479.6438672761,93797.1104201857,94298.7697280006,17067197494.8874,179941.908855464,17067.1974948874
BTC,2025-04-30,94298.7697280006,95256.576007202,93017.8347356149,94210.9908543152,17507807487.2013,185579.58863469,17507.807487201302
BTC,2025-05-01,94210.9908543152,97460.1967064746,94174.4623967251,96526.2948960979,20878583163.2887,217185.476820407,20878.5831632887
BTC,2025-05-02,96526.2948960979,97945.4124061809,96402.9909782773,96951.8835083306,16166310222.0359,166525.48217372,16166.3102220359
BTC,2025-05-03,96951.8835083306,96981.8093630761,95828.519314853,95927.2879327714,9168715469.42882,95183.6412663243,9168.71546942882
BTC,2025-05-04,95927.2879327714,96351.5621860417,94367.7354785594,94478.6878332568,10819129426.1648,113195.270675057,10819.1294261648
BTC,2025-05-05,94478.6878332568,95321.3869119287,93818.7132889248,94862.0086638579,16467859092.0838,174268.587189472,16467.8590920838
BTC,2025-05-06,94862.0086638579,96943.8284636517,93460.7152709229,96866.2202845,16450680524.8003,173642.623254888,16450.6805248003
BTC,2025-05-07,96866.2202845,97708.0555103223,95848.2644735249,97073.3755116741,17664205916.1507,182380.131449399,17664.2059161507
BTC,2025-05-08,97073.3755116741,103765.101628915,96938.1820369386,103264.778625663,34035599539.3945,338904.324908567,34035.5995393945
BTC,2025-05-09,103264.778625663,104266.41492874,102361.032397427,102981.796358804,26282671361.5572,255001.821879362,26282.6713615572
BTC,2025-05-10,102981.796358804,104899.035355261,102843.308377896,104783.621919911,14425355337.7847,139260.08447705,14425.3553377847
BTC,2025-05-11,104783.621919911,104926.844151172,103361.440427744,104139.253887922,17113381847.3516,164292.606383846,17113.3818473516
BTC,2025-05-12,104139.253887922,105638.069433991,100876.743667623,102801.528591045,28883425097.4572,278866.720766263,28883.4250974572
BTC,2025-05-13,102801.528591045,104972.901637968,101483.838702781,104119.197357816,22523287996.7243,217821.58743646,22523.2879967243
BTC,2025-05-14,104119.197357816,104324.918562028,102643.002875117,103525.737928456,18216814795.7288,175852.917185274,18216.814795728802
BTC,2025-05-15,103525.737928456,104181.3370969,101471.099793643,103789.638422078,20888950760.0391,203139.658619083,20888.9507600391
BTC,2025-05-16,103789.638422078,104567.242638633,103162.146455743,103511.805578656,17022784480.1035,163865.168701458,17022.7844801035
BTC,2025-05-17,103511.805578656,103744.692387111,102677.702653236,103154.345299531,12027867232.0656,116572.309605509,12027.867232065599
BTC,2025-05-18,103154.345299531,106634.57061978,103145.239142946,106505.0154357,18694877952.6371,178608.372460785,18694.8779526371
BTC,2025-05-19,106505.0154357,107058.090336459,102141.715368668,105604.642906113,28469115058.0882,273240.194094944,28469.1150580882
BTC,2025-05-20,105604.642906113,107306.994693904,104221.945237207,106869.555658958,24303560073.4184,229592.514653948,24303.5600734184
BTC,2025-05-21,106869.555658958,110682.242526308,106152.486018174,109686.515398019,39930337746.676,370153.662892409,39930.337746676
BTC,2025-05-22,109686.515398019,111960.503547811,109309.133851695,111695.395495789,32146737342.597,289605.923147551,32146.737342597
BTC,2025-05-23,111695.395495789,111768.216390219,106875.221354395,107355.200436426,30384177590.0337,277454.099880957,30384.177590033698
BTC,2025-05-24,107355.200436426,109531.501000777,106947.030288999,107679.52734887,16081064645.3242,148320.254721078,16081.064645324199
BTC,2025-05-25,107679.52734887,109287.388282741,106625.841979859,109005.415876225,17054300722.9139,158583.432708853,17054.3007229139
BTC,2025-05-26,109005.415876225,110438.102472575,108703.976657596,109483.495424922,17483705111.6127,159508.508959346,17483.7051116127
BTC,2025-05-27,109483.495424922,110744.512010695,107604.040287938,108968.503052516,23783153378.4607,217230.239084136,23783.1533784607
BTC,2025-05-28,108968.503052516,109290.046934971,106834.230235048,107818.812865523,18433781299.6642,170468.096240946,18433.7812996642
BTC,2025-05-29,107818.812865523,108927.254127896,105408.536787501,105609.901855557,24585844717.4459,229055.186725995,24585.8447174459
BTC,2025-05-30,105609.901855557,106345.864964101,103705.313630095,104041.544897185,25342705763.6738,240851.334156804,25342.705763673803
BTC,2025-05-31,104041.544897185,104926.600815016,103156.40517335,104627.888470108,12775877360.1041,122770.865184851,12775.8773601041
BTC,2025-06-01,104627.888470108,105884.016456929,103811.7763836,105674.332934938,10550985228.4996,100791.381971296,10550.9852284996
BTC,2025-06-02,105674.332934938,105987.941670626,103748.484642856,105910.305712728,17233101942.5303,164482.200932084,17233.1019425303
BTC,2025-06-03,105910.305712728,106839.767296522,104942.487873616,105443.377497846,17123164828.6954,161757.900295597,17123.1648286954
BTC,2025-06-04,105443.377497846,106036.16345245,104269.244471979,104729.848933543,16832695204.4505,159918.206914073,16832.6952044505
BTC,2025-06-05,104729.848933543,105961.673176329,100548.945911112,101626.224558759,25492202086.2911,246612.021662347,25492.2020862911
BTC,2025-06-06,101626.224558759,105407.407291189,101235.692388345,104396.932061185,20009602639.5435,192835.580665035,20009.6026395435
BTC,2025-06-07,104396.932061185,105951.358033649,103998.836197972,105595.848852138,11968002110.0764,113685.487205669,11968.0021100764
BTC,2025-06-08,105595.848852138,106480.538500495,105043.648744009,105792.065783082,9850070239.80727,93115.7725352427,9850.07023980727
BTC,2025-06-09,105792.065783082,110435.357485754,105393.300876166,110291.893848923,22828048903.7449,211812.372040162,22828.0489037449
BTC,2025-06-10,110291.893848923,110348.232590279,108389.847181965,110253.03948565,22097716510.0839,201962.634739774,22097.7165100839
BTC,2025-06-11,110253.03948565,110358.948135025,108094.251635178,108660.133966558,18666531357.0275,170683.117836364,18666.5313570275
BTC,2025-06-12,108660.133966558,108799.78537551,105765.65035471,105767.964731629,21931747804.6104,204195.960922369,21931.7478046104
BTC,2025-06-13,105767.964731629,106201.188052586,103161.64031457,106124.145890678,27423203691.0178,262027.804840012,27423.2036910178
BTC,2025-06-14,106124.145890678,106272.250617981,104395.45939557,105459.662976744,10841849679.1442,103084.691811769,10841.8496791442
BTC,2025-06-15,105459.662976744,106155.05474072,104533.690337544,105612.341716866,9764741664.25134,92674.9899018328,9764.741664251342
BTC,2025-06-16,105612.341716866,108949.939242978,105032.765987305,106790.40647211,19600704153.2244,182720.893473879,19600.7041532244
BTC,2025-06-17,106790.40647211,107779.734358426,103405.272222266,104598.98824648,22914395255.1608,217298.966711099,22914.3952551608
BTC,2025-06-18,104598.98824648,105583.011159771,103633.002838592,104946.353111106,18262505974.9691,174505.027262928,18262.505974969103
BTC,2025-06-19,104946.353111106,105280.296704627,103983.651359717,104700.469688906,11011575484.4988,105200.056851769,11011.5754844988
BTC,2025-06-20,104700.469688906,106552.979321797,102411.006842252,103321.945932896,19343985001.2371,185144.180020181,19343.9850012371
BTC,2025-06-21,103321.945932896,104025.635662362,100962.420065812,102159.437963581,12411921666.2635,120716.741407732,12411.9216662635
BTC,2025-06-22,102159.437963581,103390.801223023,98307.7362227532,101084.251485656,27713015355.1325,275098.580137407,27713.0153551325
BTC,2025-06-23,101084.251485656,106125.891501713,99727.0464929778,105439.547965419,29836621339.6688,291126.307926027,29836.6213396688
BTC,2025-06-24,105439.547965419,106331.021111518,104716.634992229,106140.520859078,19152409822.1143,181658.227511051,19152.4098221143
BTC,2025-06-25,106140.520859078,108180.646379212,105887.807608505,107407.598841024,19528447576.0247,182197.609916931,19528.4475760247
BTC,2025-06-26,107407.598841024,108313.111239607,106678.530430765,107017.860392325,13697850711.8,127403.123813078,13697.8507118
BTC,2025-06-27,107017.860392325,107793.08198559,106451.457683277,107094.077124514,15247662323.7119,142463.635189171,15247.6623237119
BTC,2025-06-28,107094.077124514,107569.078484729,106871.077406569,107325.30624355,5233205975.85562,48770.5656905372,5233.205975855621
BTC,2025-06-29,107325.30624355,108489.458413129,107222.199546678,108374.714619031,8384946557.69933,77768.4509166632,8384.94655769933
BTC,2025-06-30,108374.714619031,108809.110921656,106791.487134631,107198.652544274,13860575657.2261,128674.347176518,13860.575657226102
BTC,2025-07-01,107198.652544274,107580.844408634,105316.920203628,105732.98154385,15373436891.8368,144439.812345991,15373.4368918368
BTC,2025-07-02,105732.98154385,109764.423098977,105186.483316127,108869.592034958,21343665143.3486,197260.867265052,21343.665143348597
BTC,2025-07-03,108869.592034958,110523.96683026,108581.152862467,109616.937339918,17747113120.826,161981.313692173,17747.113120826
BTC,2025-07-04,109616.937339918,109766.954953042,107304.208543755,108030.469569563,14118556549.063,130340.060824723,14118.556549063
BTC,2025-07-05,108030.469569563,108414.891481313,107812.237016098,108221.453276886,5864091101.40282,54233.5785043153,5864.09110140282
BTC,2025-07-06,108221.453276886,109711.352575862,107833.314415665,109217.148040113,8207010957.04984,75522.9986706784,8207.01095704984
BTC,2025-07-07,109217.148040113,109693.128074581,107519.644715691,108263.987359252,14133839528.3966,130258.248569275,14133.8395283966
BTC,2025-07-08,108263.987359252,109208.594794195,107471.247041814,108931.620032372,13120319552.4552,120881.421901606,13120.3195524552
BTC,2025-07-09,108931.620032372,111957.408564758,108338.494110702,111248.642186699,20854160947.3621,189683.981612687,20854.1609473621
BTC,2025-07-10,111248.642186699,116649.582055624,110590.830893494,115958.97038124,29184986795.8147,257742.640456785,29184.9867958147
BTC,2025-07-11,115958.97038124,118758.394138837,115196.04128489,117474.542952979,33216369113.2037,282848.433242274,33216.3691132037
BTC,2025-07-12,117474.542952979,118155.156653554,116905.070373828,117412.432013394,12379413534.1182,105312.422006927,12379.413534118201
BTC,2025-07-13,117412.432013394,119453.583354749,117234.270888193,119057.209940597,13620417706.3099,114943.164798168,13620.4177063099
BTC,2025-07-14,119057.209940597,123089.405261393,118896.887609745,119831.19623272,34674770656.3109,286815.599038259,34674.770656310895
BTC,2025-07-15,119831.19623272,119919.470809664,115752.898407584,117747.327694249,39730102812.8874,338691.298680435,39730.102812887395
BTC,2025-07-16,117747.327694249,120029.646665746,117020.737980628,118672.904519396,24685071938.0127,207814.667860658,24685.071938012698
BTC,2025-07-17,118672.904519396,120936.260660393,117478.452497551,119212.470588653,24283918478.8307,204339.736041439,24283.9184788307
BTC,2025-07-18,119212.470588653,120822.430946215,116871.059123552,117963.57142746,27743437562.3107,233526.228875751,27743.4375623107
BTC,2025-07-19,117963.57142746,118539.531555116,117334.862766591,117897.280695283,9976266447.62259,84487.2131715148,9976.26644762259
BTC,2025-07-20,117897.280695283,118888.186246427,116593.494458148,117296.229529213,14907013962.7199,126294.758927344,14907.0139627199
BTC,2025-07-21,117296.229529213,119609.728324149,116584.90923181,117406.417261451,22785844050.9506,192966.394766907,22785.8440509506
BTC,2025-07-22,117406.417261451,120242.403491853,116228.371852664,119963.29839406,27484410670.1439,231962.267739376,27484.4106701439
BTC,2025-07-23,119963.29839406,120101.511454515,117383.808326579,118782.079633197,20950016965.4428,177033.805767103,20950.0169654428
BTC,2025-07-24,118782.079633197,119487.538611289,117196.619575471,118355.185324524,22112944524.8436,186487.405387699,22112.944524843602
BTC,2025-07-25,118355.185324524,118477.372132028,114786.753188409,117606.361649515,42473952692.6543,365874.606971254,42473.9526926543
BTC,2025-07-26,117606.361649515,118296.295126191,117140.221756688,117926.271770002,10521667487.0771,89324.5912494333,10521.6674870771
BTC,2025-07-27,117926.271770002,119766.294965707,117843.290712325,119419.990860318,12962742163.5471,109198.319278095,12962.7421635471
BTC,2025-07-28,119419.990860318,119792.615995891,117418.932656833,118050.099658849,21274590260.7507,179400.920799177,21274.5902607507
BTC,2025-07-29,118050.099658849,119238.321443633,116990.378915766,117939.057327956,20374877335.25,172488.095079464,20374.87733525
BTC,2025-07-30,117939.057327956,118744.966290365,115846.299616334,117831.172515196,21060278522.1528,179128.849940652,21060.278522152803
BTC,2025-07-31,117831.172515196,118909.118319099,115532.408428673,115764.788689971,22861692256.0137,194170.899321285,22861.6922560137
BTC,2025-08-01,115764.788689971,116045.307152744,112731.957691332,113285.64608306,34009181519.9402,296374.78873431,34009.1815199402
BTC,2025-08-02,113285.64608306,114029.122109235,112055.256509566,112571.297323537,15134371185.1565,133732.278280669,15134.3711851565
BTC,2025-08-03,112571.297323537,114814.438800191,112007.360573093,114274.402614765,10465235603.0405,91993.1245842071,10465.2356030405
BTC,2025-08-04,114274.402614765,115046.901143957,114185.774550095,114599.058489139,4605867456.42503,40184.2001980115,4605.86745642503
