symbol,date,open,high,low,close,usd_volume,crypto_volume,usd_volume_mil
CRO,2020-02-13,0.0636482244087122,0.0677937231254782,0.0636173395450431,0.0658959895398243,2408727.10492819,37192631.8333775,2.40872710492819
CRO,2020-02-14,0.0658959895398243,0.0897600312997798,0.0645902917211348,0.0665789726352531,13518959.6291811,188257057.982379,13.5189596291811
CRO,2020-02-15,0.0665789726352531,0.0715540376923379,0.0615178585216831,0.0621855343487439,16073325.4971734,245041545.654435,16.0733254971734
CRO,2020-02-16,0.0621855343487439,0.0638652225700899,0.0597466689099988,0.0620702393999075,13450054.7645983,216536423.364946,13.4500547645983
CRO,2020-02-17,0.0620702393999075,0.0624587184548712,0.0570241024442868,0.0582167143447623,16611486.8155407,276497276.958961,16.6114868155407
CRO,2020-02-18,0.0582167143447623,0.062290944707257,0.0571600785118344,0.0618843494819537,12285389.8016817,205311133.420737,12.2853898016817
CRO,2020-02-19,0.0618843494819537,0.0627908908392919,0.0595689091415182,0.0598426654371304,11366833.4496505,183611857.229439,11.3668334496505
CRO,2020-02-20,0.0598426654371304,0.0600147808309223,0.0570069452577711,0.0576085362217653,9661878.76449517,165259655.207638,9.66187876449517
CRO,2020-02-21,0.0576085362217653,0.0593779292632538,0.057402413242851,0.0585062391460625,16905618.8476302,287722531.259658,16.905618847630198
CRO,2020-02-22,0.0585062391460625,0.0601162334556556,0.0579159677577412,0.0592859806810895,23905335.0790267,404723285.704176,23.9053350790267
CRO,2020-02-23,0.0592859806810895,0.06229076667928,0.0592579587050082,0.062170139867903,18427089.4845584,300975912.075707,18.4270894845584
CRO,2020-02-24,0.062170139867903,0.0629063168397589,0.0591126789784143,0.0601055988339538,13423717.5709773,221009508.387564,13.423717570977301
CRO,2020-02-25,0.0601055988339538,0.0605608330623395,0.058640363767835,0.0593501015418543,11342539.7172103,190233012.534487,11.3425397172103
CRO,2020-02-26,0.0593501015418543,0.0595751575456543,0.0522153617511846,0.0529653000226927,11233120.6741246,201231252.846682,11.233120674124601
CRO,2020-02-27,0.0529653000226927,0.0545162416295422,0.0512954947073251,0.0536367586890806,2345062.90162674,44260467.8448538,2.34506290162674
CRO,2020-02-28,0.0536367586890806,0.0545534342748274,0.0517823360603336,0.0536574063654858,7980467.11480072,150425458.240191,7.980467114800719
CRO,2020-02-29,0.0536574063654858,0.054084072976129,0.0520915961544662,0.0520915961544662,10131284.9535713,190042204.838096,10.1312849535713
CRO,2020-03-01,0.0520915961544662,0.0541032538078388,0.0519957268755617,0.0529013062431041,9580483.1991773,181508600.593023,9.580483199177301
CRO,2020-03-02,0.0529013062431041,0.0561979312046936,0.0526213951622383,0.0556001540645281,10916319.9793658,200065106.35009,10.916319979365799
CRO,2020-03-03,0.0556001540645281,0.0583371031840924,0.0551791094602271,0.0571338531228886,4770129.56606241,85107616.5923638,4.77012956606241
CRO,2020-03-04,0.0571338531228886,0.0582734969560425,0.0563654119782546,0.0570847127309436,9971007.30888444,174187618.480995,9.97100730888444
CRO,2020-03-05,0.0570847127309436,0.0585344229171881,0.0570847127309436,0.0576367211831411,11169069.5610074,192675223.089419,11.1690695610074
CRO,2020-03-06,0.0576367211831411,0.0585616022959797,0.0573019172411236,0.0583476125230462,4493680.49459293,77616599.1951128,4.4936804945929305
CRO,2020-03-07,0.0583476125230462,0.0585400786037453,0.0565215226486176,0.0566458020505374,1698606.47721523,29440719.0850968,1.69860647721523
CRO,2020-03-08,0.0566458020505374,0.0567077145540688,0.0506909591620079,0.0509732178394653,1606728.89631519,29586718.534654,1.60672889631519
CRO,2020-03-09,0.0509732178394653,0.0515744591541129,0.0479078056171094,0.0494438710513934,2151441.92306386,43644695.7011707,2.1514419230638597
CRO,2020-03-10,0.0494438710513934,0.0519817069538359,0.048629113130707,0.0492299540053475,3673160.47677905,73606565.5979304,3.67316047677905
CRO,2020-03-11,0.0492299540053475,0.0497600681547685,0.0472993459693983,0.0492753632690416,6502522.92529831,133379533.776843,6.50252292529831
CRO,2020-03-12,0.0492753632690416,0.0495406873004509,0.0289035967393958,0.0299605930711572,7566916.6696207,180873019.216313,7.5669166696207
CRO,2020-03-13,0.0299605930711572,0.0367392417374219,0.0244740011698006,0.0341671228942731,7668580.83655881,231290939.157207,7.66858083655881
CRO,2020-03-14,0.0341671228942731,0.0360733725392252,0.0313475028869762,0.0319777774740384,10554216.5721648,316942088.296796,10.5542165721648
CRO,2020-03-15,0.0319777774740384,0.0358893151301199,0.0313292357766312,0.0324922049595885,10323906.3701076,317298395.233765,10.3239063701076
CRO,2020-03-16,0.0324922049595885,0.0324922049595885,0.0279829401088791,0.0315336885088867,9957750.78162244,322161603.816873,9.95775078162244
CRO,2020-03-17,0.0315336885088867,0.0358437635412341,0.031258087838189,0.0347081281420924,6960326.75487768,204343064.487428,6.96032675487768
CRO,2020-03-18,0.0347081281420924,0.036379916754251,0.0333730767670199,0.035703817894215,10451973.3022295,298367836.808059,10.451973302229499
CRO,2020-03-19,0.035703817894215,0.0409897715640752,0.0349876617011447,0.0396639487051621,10770634.396604,288139881.568143,10.770634396603999
CRO,2020-03-20,0.0396639487051621,0.0436643830099168,0.0361816166601915,0.0388612606306471,10669994.5458303,264394319.128184,10.669994545830301
CRO,2020-03-21,0.0388612606306471,0.0396735974685584,0.0366711849889361,0.038042363907117,10693106.5755858,279281340.289848,10.6931065755858
CRO,2020-03-22,0.038042363907117,0.0396694947441011,0.0357910351740303,0.0361528006612083,10037367.6735232,263623539.837499,10.037367673523201
CRO,2020-03-23,0.0361528006612083,0.0414806526240004,0.0355347036747952,0.0411250441015761,7016849.89749129,184947118.938181,7.01684989749129
CRO,2020-03-24,0.0411250441015761,0.0457018757433336,0.0407345903162716,0.0438548703593864,7846769.52288956,183246027.712516,7.84676952288956
CRO,2020-03-25,0.0438548703593864,0.0454363220238376,0.0426221330744812,0.0433219177176816,13338765.5829359,306981390.467196,13.338765582935899
CRO,2020-03-26,0.0433219177176816,0.04559551709325,0.0433219177176816,0.0454795798331176,14030323.5648396,314838081.499066,14.0303235648396
CRO,2020-03-27,0.0454795798331176,0.0471033131265259,0.0444368767021845,0.0447430099305923,13128494.5737237,283554533.763718,13.1284945737237
CRO,2020-03-28,0.0447430099305923,0.0447430099305923,0.0418464556279596,0.0426766338133987,13307136.7172317,309748269.286534,13.3071367172317
CRO,2020-03-29,0.0426766338133987,0.0431217716212222,0.0412701032769673,0.0412701032769673,12585494.7618023,297647149.153603,12.5854947618023
CRO,2020-03-30,0.0412701032769673,0.0487419440079497,0.0412701032769673,0.0474637927626483,12760681.0489609,280446273.763371,12.7606810489609
CRO,2020-03-31,0.0474637927626483,0.0492477716659202,0.0471422654186479,0.0487977749470219,5030714.72695581,104397750.960527,5.03071472695581
CRO,2020-04-01,0.0487977749470219,0.049393392682035,0.0462103517667925,0.049044733896807,2361679.10184981,49721456.4732551,2.36167910184981
CRO,2020-04-02,0.049044733896807,0.0514588935567295,0.0480424980312101,0.0483336149048952,2288382.12424991,46685964.2868803,2.28838212424991
CRO,2020-04-03,0.0483336149048952,0.0494627499977116,0.047123109706623,0.0476189371251813,9053359.73075619,187965386.011676,9.05335973075619
CRO,2020-04-04,0.0476189371251813,0.048685826659464,0.0472004098262528,0.0481359182326332,3990449.8023528,83666405.9433239,3.9904498023528
CRO,2020-04-05,0.0481359182326332,0.049064548123663,0.0479892579395294,0.0485712548713249,3313550.31834136,68064428.0855574,3.31355031834136
CRO,2020-04-06,0.0485712548713249,0.0528093160099677,0.0485712548713249,0.0528093160099677,4381745.91174073,85595382.6044135,4.38174591174073
CRO,2020-04-07,0.0528093160099677,0.0539704844887352,0.051387518345513,0.0520549536776916,5376201.91381628,101551935.279783,5.3762019138162795
CRO,2020-04-08,0.0520549536776916,0.0542372079606404,0.0517866824464863,0.053910082693633,4624313.55938097,86899326.611184,4.62431355938097
CRO,2020-04-09,0.053910082693633,0.0541342512310576,0.0524115652650557,0.0530528747749173,4924252.39033149,92127363.2346942,4.92425239033149
CRO,2020-04-10,0.0530528747749173,0.0531957219189896,0.0490397229296996,0.0494579634538601,3936080.13607389,77729066.5032877,3.93608013607389
CRO,2020-04-11,0.0494579634538601,0.0513687299580953,0.0492976302322711,0.0499956632202949,4128015.96846981,82717927.042529,4.128015968469811
CRO,2020-04-12,0.0499956632202949,0.0517665137191543,0.0491544527461944,0.0499867431778218,4188373.57269523,83313408.4452956,4.18837357269523
CRO,2020-04-13,0.0499867431778218,0.0499867431778218,0.0483113531662687,0.049784413144751,3524272.86632672,71869619.1472056,3.52427286632672
CRO,2020-04-14,0.049784413144751,0.0508463800063985,0.0493877897636253,0.0502047520512456,3102358.74961822,61899332.3828149,3.10235874961822
CRO,2020-04-15,0.0502047520512456,0.0510863555405927,0.0481924019707443,0.0482372837653034,2937372.99356063,59266316.5813151,2.93737299356063
CRO,2020-04-16,0.0482372837653034,0.0514802172670906,0.0473769246012293,0.0505569317893429,3623802.677689,72987250.4871113,3.623802677689
CRO,2020-04-17,0.0505569317893429,0.0507985497645226,0.0499599144495572,0.0502220513991781,6265103.12979403,124455446.208179,6.2651031297940305
CRO,2020-04-18,0.0502220513991781,0.0520593579043349,0.0500955638518059,0.0517650029297905,2609756.66392319,50971976.6796902,2.60975666392319
CRO,2020-04-19,0.0517650029297905,0.051835793173587,0.050530334138997,0.0507792989922448,1950962.19943894,38117074.6985741,1.9509621994389401
CRO,2020-04-20,0.0507792989922448,0.0512120716386765,0.0483052778788112,0.0484814324520888,2585069.26231746,51771792.255692,2.58506926231746
CRO,2020-04-21,0.0484814324520888,0.0488754463342755,0.0475080349339725,0.0480000081959298,9937412.05104014,206406832.786557,9.937412051040141
CRO,2020-04-22,0.0480000081959298,0.050337717132652,0.047792888600226,0.0502495781837103,4546020.51055896,92376532.7177097,4.54602051055896
CRO,2020-04-23,0.0502495781837103,0.0545272824517592,0.0499864180380249,0.0521659030987812,3804883.44804187,73729277.1436294,3.8048834480418696
CRO,2020-04-24,0.0521659030987812,0.0528740593306177,0.0517216913448429,0.0523003292141838,2118520.54055213,40380894.9092639,2.11852054055213
CRO,2020-04-25,0.0523003292141838,0.0535866604506615,0.0521930636462725,0.0529236974658301,1771233.80619209,33556073.1816319,1.77123380619209
CRO,2020-04-26,0.0529236974658301,0.0548586837697433,0.0528380219208669,0.0548586837697433,1895240.8998482,35209324.1326961,1.8952408998482
CRO,2020-04-27,0.0548586837697433,0.0559788116900794,0.0548464047174652,0.0559672348866447,11809233.619181,212807132.174788,11.809233619181
CRO,2020-04-28,0.0559672348866447,0.0571137102356644,0.0552479058358989,0.0569914475392571,4919040.25075198,87807089.0287783,4.91904025075198
CRO,2020-04-29,0.0569914475392571,0.063367129750535,0.0569642936195716,0.0620015895495617,5508432.40936336,92779027.8064881,5.50843240936336
CRO,2020-04-30,0.0620015895495617,0.0657321460678465,0.0567405576377895,0.0573666085982991,6417708.15046244,104852121.516181,6.41770815046244
CRO,2020-05-01,0.0573666085982991,0.058803693721089,0.0558514689480572,0.0569865453669308,4651709.45415686,81240466.4924079,4.65170945415686
CRO,2020-05-02,0.0569865453669308,0.0596978883096404,0.0559566149921467,0.0594675784716108,3546634.85822808,61090350.1551663,3.54663485822808
CRO,2020-05-03,0.0594675784716108,0.0616130434359997,0.0587776511699876,0.0599996888596659,4511782.76500431,74905995.2283902,4.51178276500431
CRO,2020-05-04,0.0599996888596659,0.0609123225728444,0.0580416947090564,0.0605423572030572,4321429.47380303,72530257.3874584,4.32142947380303
CRO,2020-05-05,0.0605423572030572,0.0628953896799533,0.0602572940200594,0.0628632185325895,7443693.81796255,120151860.794696,7.44369381796255
CRO,2020-05-06,0.0628632185325895,0.0657430392546282,0.0622865725419405,0.0640495169967806,4651482.65453265,72731621.3810326,4.65148265453265
CRO,2020-05-07,0.0640495169967806,0.0673269351215335,0.0635460221849709,0.0661130288375095,9008270.86762137,139715093.720338,9.00827086762137
CRO,2020-05-08,0.0661130288375095,0.0690808399765254,0.0646190679978312,0.0677535505151091,5646926.076788,83898935.7313712,5.646926076788
CRO,2020-05-09,0.0677535505151091,0.0684569278974678,0.0663378173488555,0.066475892830626,5499157.00628513,81433803.2873091,5.49915700628513
CRO,2020-05-10,0.066475892830626,0.0665332985917663,0.0580556548729059,0.0635990315334481,4517111.14835087,72261604.8376329,4.51711114835087
CRO,2020-05-11,0.0635990315334481,0.0675626694443793,0.0619299367985836,0.064203061965182,6521364.12133869,100857376.595532,6.5213641213386895
CRO,2020-05-12,0.064203061965182,0.0667193424726903,0.0640988646074932,0.0648847591428247,4166232.2443345,63713996.0977575,4.1662322443345
CRO,2020-05-13,0.0648847591428247,0.0668701653001052,0.0639142026071053,0.0663069574883438,4463601.3748674,68083964.0133788,4.4636013748674
CRO,2020-05-14,0.0663069574883438,0.0666785938206907,0.0627271311168858,0.0646895518365104,5520236.74909174,85483271.5400162,5.5202367490917394
CRO,2020-05-15,0.0646895518365104,0.065554237575104,0.061863707874441,0.0632269494664174,4698106.43834439,72973868.4359566,4.69810643834439
CRO,2020-05-16,0.0632269494664174,0.0660649511900722,0.0628103921855313,0.0652298632852652,4187186.01422522,64044482.6620742,4.18718601422522
CRO,2020-05-17,0.0652298632852652,0.0683885220846905,0.0648461240518715,0.0667865174655089,3693122.86923826,55088309.0007943,3.6931228692382603
CRO,2020-05-18,0.0667865174655089,0.0703899273236348,0.066671262502855,0.0701978488885133,3887890.23242607,56490105.8899112,3.88789023242607
CRO,2020-05-19,0.0701978488885133,0.0709791094549185,0.0682940679988191,0.0708549192609201,3717100.85127202,53158824.6133976,3.71710085127202
CRO,2020-05-20,0.0708549192609201,0.0730131471716271,0.0702380166706399,0.0710573013358146,3784006.17532404,52827960.6573034,3.78400617532404
CRO,2020-05-21,0.0710573013358146,0.0728040805515525,0.0674175617403504,0.0688414988651948,14680611.5303056,208416161.851534,14.6806115303056
CRO,2020-05-22,0.0688414988651948,0.0733498577322694,0.0680692178735602,0.0723622510933635,18248371.9008716,257016357.836223,18.2483719008716
CRO,2020-05-23,0.0723622510933635,0.0756097579635743,0.0723622510933635,0.0750532626966982,16320793.7729668,220326024.305856,16.320793772966802
CRO,2020-05-24,0.0750532626966982,0.0774686822049503,0.0734147375929067,0.0735192179368405,15603373.9487994,205773547.676624,15.6033739487994
CRO,2020-05-25,0.0735192179368405,0.0786502209678492,0.0726580588589359,0.0783655268611656,16463243.9864872,216114319.132878,16.4632439864872
CRO,2020-05-26,0.0783655268611656,0.079067517502529,0.0766022019560008,0.0775156776176455,13582601.2266185,174641627.024593,13.5826012266185
CRO,2020-05-27,0.0775156776176455,0.0802330267488941,0.0772589263412857,0.0798620268713812,16633733.7579866,210659380.642954,16.6337337579866
CRO,2020-05-28,0.0798620268713812,0.0810305778662499,0.0781069966533198,0.0806588006077035,16462977.1723301,206892021.566071,16.4629771723301
CRO,2020-05-29,0.0806588006077035,0.0812469235284329,0.079813257229025,0.0803842661004273,16215130.6643283,201471434.969383,16.2151306643283
CRO,2020-05-30,0.0803842661004273,0.0846839645716101,0.079870413012014,0.0845906668044342,17431860.0484036,211501812.358318,17.4318600484036
CRO,2020-05-31,0.0845906668044342,0.0852199494390376,0.0834832091597823,0.0845285509837075,17194325.3479986,203389527.009485,17.1943253479986
CRO,2020-06-01,0.0845285509837075,0.0957181721044891,0.084337235772588,0.0944062433786546,16196698.7668244,185155818.870331,16.1966987668244
CRO,2020-06-02,0.0944062433786546,0.0956517795695721,0.0882515513175616,0.0902545177255608,18337025.7117394,198574197.618952,18.337025711739397
CRO,2020-06-03,0.0902545177255608,0.0968545151812409,0.0895989634369393,0.0968545151812409,15115076.6401952,163559887.982907,15.1150766401952
CRO,2020-06-04,0.0968545151812409,0.101354235109028,0.0956965909669485,0.0985585147437079,19020974.1338244,194322950.602719,19.0209741338244
CRO,2020-06-05,0.0985585147437079,0.101838922000729,0.0979801432884607,0.100750405488811,27769132.2131338,277712129.015312,27.7691322131338
CRO,2020-06-06,0.100750405488811,0.104999753401254,0.0994121093517859,0.10442542301902,21996550.332752,216041148.108478,21.996550332752
CRO,2020-06-07,0.10442542301902,0.108358289982175,0.102145452837114,0.108047612163292,20527766.729837,195772837.783766,20.527766729837
CRO,2020-06-08,0.108047612163292,0.110097630677996,0.106897717836807,0.108998711780959,20574891.3434932,188939023.556954,20.5748913434932
CRO,2020-06-09,0.108998711780959,0.120698658704125,0.107889651533068,0.117145053110599,25897590.4143898,227164043.182627,25.8975904143898
CRO,2020-06-10,0.117145053110599,0.117698552599487,0.111494115637696,0.114621186482827,23458107.5199307,206146746.242544,23.458107519930703
CRO,2020-06-11,0.114621186482827,0.116389296845863,0.1009648397834,0.105045269219952,23422479.5209238,212601883.575777,23.4224795209238
CRO,2020-06-12,0.105045269219952,0.109290354928794,0.104787324889516,0.108147544186728,18286472.2449914,169957574.168287,18.286472244991398
CRO,2020-06-13,0.108147544186728,0.109752605023035,0.107029265086901,0.109752605023035,14629737.1802985,135610446.311836,14.6297371802985
CRO,2020-06-14,0.109752605023035,0.112306430162048,0.109661949761622,0.111497125591455,17399746.5873931,156721680.080505,17.3997465873931
CRO,2020-06-15,0.111497125591455,0.11159573569594,0.104668627546512,0.110635008430151,18200086.1426075,167226803.331526,18.2000861426075
CRO,2020-06-16,0.110635008430151,0.114391499797495,0.110361186395854,0.113710902071834,18635508.5290905,165348375.247648,18.6355085290905
CRO,2020-06-17,0.113710902071834,0.11589125637859,0.113026818801787,0.115564019033593,16664569.4874146,145510422.408541,16.6645694874146
CRO,2020-06-18,0.115564019033593,0.115751011848243,0.113662305226613,0.115416545028154,16570668.0924857,144209498.099362,16.5706680924857
CRO,2020-06-19,0.115416545028154,0.117109723521553,0.113282177868197,0.116697011859566,16622898.2619157,144695465.131664,16.6228982619157
CRO,2020-06-20,0.116697011859566,0.119332579517905,0.115421204281982,0.119288651565785,20440950.0698872,174520991.11257,20.440950069887197
CRO,2020-06-21,0.119288651565785,0.120192292594437,0.118726591490312,0.11902938960553,20875999.0769268,174750086.582614,20.875999076926803
CRO,2020-06-22,0.11902938960553,0.125482565307709,0.113969090453382,0.124877865492121,25238362.3747341,207334704.139627,25.2383623747341
CRO,2020-06-23,0.124877865492121,0.126068760196278,0.123620304463421,0.125023882516577,31914666.8144934,255866425.164956,31.914666814493398
CRO,2020-06-24,0.125023882516577,0.125491462306113,0.116822011143347,0.117211554423658,27975001.0100295,231383498.62339,27.975001010029498
CRO,2020-06-25,0.117211554423658,0.117635104387585,0.113932588218207,0.116505884042202,26299911.7858362,226740439.138769,26.2999117858362
CRO,2020-06-26,0.116505884042202,0.1168955757804,0.113245760183353,0.114296297096622,23765871.5603479,206439015.428697,23.7658715603479
CRO,2020-06-27,0.114296297096622,0.114315564609578,0.109890355419861,0.112270576780932,23953242.8018765,212990419.262984,23.9532428018765
CRO,2020-06-28,0.112270576780932,0.120338964488266,0.111751013800202,0.119474576160723,24387789.9182912,208294731.747105,24.3877899182912
CRO,2020-06-29,0.119474576160723,0.127332597577038,0.119177298887654,0.127040366927758,28096917.1029454,228534829.169326,28.096917102945397
CRO,2020-06-30,0.127040366927758,0.128801752125425,0.12482265931633,0.125031398140224,29397174.9114309,232751763.975457,29.3971749114309
CRO,2020-07-01,0.125031398140224,0.126910640057518,0.124802074171232,0.126161566843247,22327716.5667576,176770513.341088,22.3277165667576
CRO,2020-07-02,0.126161566843247,0.126662899743326,0.121519204362626,0.123036957859281,25121703.2885657,201855918.300016,25.121703288565698
CRO,2020-07-03,0.123036957859281,0.125892123918612,0.122680127976647,0.124883066524079,26267622.6310064,209964863.947475,26.2676226310064
CRO,2020-07-04,0.124883066524079,0.128924058603853,0.12466681681111,0.128477104371252,28251574.4020425,222719760.716042,28.2515744020425
CRO,2020-07-05,0.128477104371252,0.131182539467328,0.128077509406562,0.131094175356238,26201822.1754247,202063660.130231,26.2018221754247
CRO,2020-07-06,0.131094175356238,0.135888268887728,0.130776229311891,0.13573505912384,30143995.7506524,225862154.404016,30.143995750652397
CRO,2020-07-07,0.13573505912384,0.138542940543234,0.134167900594145,0.138512673773039,25181830.8684778,185334425.103573,25.1818308684778
CRO,2020-07-08,0.138512673773039,0.143414288702795,0.138098893196168,0.143406297204116,28649900.69618,203640885.158178,28.64990069618
CRO,2020-07-09,0.143406297204116,0.144138746026204,0.14028163127943,0.141945556254383,28885545.2675138,202512295.432548,28.885545267513802
CRO,2020-07-10,0.141945556254383,0.143531058759118,0.140653772153143,0.1432954215434,28141786.3009998,198288278.070863,28.1417863009998
CRO,2020-07-11,0.1432954215434,0.145325581989976,0.141979149889657,0.144904568760072,28505551.8138898,198734280.691902,28.505551813889802
CRO,2020-07-12,0.144904568760072,0.146275453159038,0.143302174204606,0.144802026802618,24613398.9114925,169894588.755928,24.6133989114925
CRO,2020-07-13,0.144802026802618,0.145260170706207,0.141219771422572,0.142173141353136,38345309.3566044,266819426.727657,38.345309356604396
CRO,2020-07-14,0.142173141353136,0.142526086434966,0.137994412111484,0.140294006402126,27948730.372557,199052519.476792,27.948730372556998
CRO,2020-07-15,0.140294006402126,0.143921298596425,0.139643413268124,0.143104698005342,23025287.2855605,162206369.199124,23.0252872855605
CRO,2020-07-16,0.143104698005342,0.143497261838618,0.140208915688346,0.141679894719188,19839401.5222903,139825283.903798,19.839401522290302
CRO,2020-07-17,0.141679894719188,0.142905675466903,0.141307310861461,0.142094064330618,20352190.1863643,143238361.547082,20.3521901863643
CRO,2020-07-18,0.142094064330618,0.145744446869586,0.141753645252636,0.145434951707477,17936965.8180562,124838241.295372,17.9369658180562
CRO,2020-07-19,0.145434951707477,0.145618748756967,0.143755341286052,0.145263340581597,17741995.87841,122634038.251364,17.741995878410002
CRO,2020-07-20,0.145263340581597,0.145323798706309,0.140901686405155,0.141902581965496,19976880.6437153,139734322.481263,19.9768806437153
CRO,2020-07-21,0.141902581965496,0.144903152282389,0.14167713301245,0.144536420983006,23293553.0757955,162336350.820012,23.2935530757955
CRO,2020-07-22,0.144536420983006,0.147535602743974,0.143289974790225,0.147187990921771,20384911.7799185,140883691.157948,20.3849117799185
CRO,2020-07-23,0.147187990921771,0.148160605173257,0.145385995629995,0.147115835871045,23395860.7494549,159535810.267069,23.3958607494549
CRO,2020-07-24,0.147115835871045,0.148758112247583,0.145748950018563,0.147227384474973,24173377.7210039,164262356.702965,24.173377721003902
CRO,2020-07-25,0.147227384474973,0.151830282306586,0.147154624731046,0.151137315790923,29767631.6956281,198968131.750547,29.7676316956281
CRO,2020-07-26,0.151137315790923,0.158865360888176,0.150325781582456,0.153816334154713,33852263.0491114,220684685.013403,33.8522630491114
CRO,2020-07-27,0.153816334154713,0.170282400401363,0.153816334154713,0.164969890804956,46028202.2956219,288406373.451794,46.0282022956219
CRO,2020-07-28,0.164969890804956,0.167873258493386,0.15634247854068,0.159487697918038,47598510.9843899,294520774.764496,47.598510984389904
CRO,2020-07-29,0.159487697918038,0.166959375951354,0.158604114733173,0.163639391303368,47517787.2945848,291945768.680103,47.51778729458481
CRO,2020-07-30,0.163639391303368,0.164215172863407,0.159793741284608,0.162503842705977,36518588.5151546,225247486.640664,36.5185885151546
CRO,2020-07-31,0.162503842705977,0.166894554668633,0.160335102688765,0.165317890844484,33003843.7440247,201751783.117672,33.0038437440247
CRO,2020-08-01,0.165317890844484,0.174480512041808,0.16396782724365,0.174091387559078,39796092.3618063,233442128.139532,39.7960923618063
CRO,2020-08-02,0.174091387559078,0.178629749311663,0.158575573626325,0.163989074732026,42269147.7898623,251940573.834222,42.269147789862295
CRO,2020-08-03,0.163989074732026,0.170966259887059,0.162762469275783,0.162865000933033,37662434.0277484,224787215.922944,37.6624340277484
CRO,2020-08-04,0.162865000933033,0.164326101928516,0.15473363479777,0.155946295988632,30333785.7292962,191145231.42851,30.3337857292962
CRO,2020-08-05,0.155946295988632,0.164123012375255,0.15518293094044,0.163040103868882,27649645.3349329,173597507.094098,27.649645334932902
CRO,2020-08-06,0.163040103868882,0.164394383054508,0.160811833627896,0.162475105807146,23244947.8605013,142813184.884163,23.244947860501302
CRO,2020-08-07,0.162475105807146,0.164950244726233,0.158836268591691,0.161751056349209,23675557.4792167,145328639.749899,23.6755574792167
CRO,2020-08-08,0.161751056349209,0.167882587182292,0.161061005496286,0.167537635187602,22230947.5521062,134705189.91382,22.2309475521062
CRO,2020-08-09,0.167537635187602,0.168199970745039,0.165626214981708,0.167186209645893,22772283.2779054,136430971.408604,22.7722832779054
CRO,2020-08-10,0.167186209645893,0.172563197750988,0.165509711786087,0.168707824204922,25490366.8035454,150428942.488025,25.4903668035454
CRO,2020-08-11,0.168707824204922,0.169420613049945,0.157846040934219,0.160998477285207,28805321.9671251,175155316.936604,28.8053219671251
CRO,2020-08-12,0.160998477285207,0.162863006549835,0.157872827383059,0.161495767934194,24488404.37117,152052620.396725,24.48840437117
CRO,2020-08-13,0.161495767934194,0.162829440477266,0.157063771292467,0.162483063894347,26277918.3784199,164263494.554196,26.277918378419898
CRO,2020-08-14,0.162483063894347,0.165670332463014,0.161579652630418,0.164440491850415,27251954.6877657,166734423.612451,27.2519546877657
CRO,2020-08-15,0.164440491850415,0.16861945482336,0.16440795238455,0.166723019645383,27507109.149705,165031997.886357,27.507109149705002
CRO,2020-08-16,0.166723019645383,0.169132519869741,0.165764549772722,0.169090772595969,23837008.2140515,142259319.385488,23.8370082140515
CRO,2020-08-17,0.169090772595969,0.17394776856911,0.167271976685349,0.171005380507856,30576493.8508625,179969424.579815,30.576493850862498
CRO,2020-08-18,0.171005380507856,0.172579766359568,0.166553239433073,0.167513426021159,28680197.4247073,168808464.729937,28.680197424707302
CRO,2020-08-19,0.167513426021159,0.168526036508863,0.16201935106241,0.163675745896527,27379758.8979344,165991134.397447,27.3797588979344
CRO,2020-08-20,0.163675745896527,0.165520978063214,0.163006264543868,0.164076746849479,26191167.8277086,159785121.879137,26.191167827708597
CRO,2020-08-21,0.164076746849479,0.25078195347011,0.162985101170135,0.168720626449229,56647068.4175467,329001185.432208,56.6470684175467
CRO,2020-08-22,0.168720626449229,0.169841634568145,0.165991867055959,0.16839558900847,49697302.1870073,295311514.844679,49.6973021870073
CRO,2020-08-23,0.16839558900847,0.171651866203535,0.166463126099741,0.170682478767406,30231565.4982955,178235996.700432,30.231565498295502
CRO,2020-08-24,0.170682478767406,0.175634831785311,0.170379706119278,0.174964897577129,27760564.989207,159769509.147572,27.760564989207
CRO,2020-08-25,0.174964897577129,0.175268495824838,0.167160480487043,0.169371480675603,33196676.294405,193358486.6091,33.196676294405
CRO,2020-08-26,0.169371480675603,0.171222503539259,0.167086896441177,0.170238843899891,28190817.3659957,166476731.64538,28.190817365995702
CRO,2020-08-27,0.170238843899891,0.17260455311377,0.166688343512543,0.168986898804525,28653983.7034462,169347144.477575,28.653983703446197
CRO,2020-08-28,0.168986898804525,0.173599618736822,0.168348551015093,0.172994059478311,24478857.3720318,143048978.349288,24.4788573720318
CRO,2020-08-29,0.172994059478311,0.174524437216076,0.17210451376239,0.173527948478308,24161741.696978,139470240.205056,24.161741696977998
CRO,2020-08-30,0.173527948478308,0.178029431776317,0.173377585340147,0.178029431776317,24025073.0132811,136368332.996724,24.025073013281098
CRO,2020-08-31,0.178029431776317,0.180792923932385,0.177230716406062,0.178408818704216,34312607.0632238,191967244.595619,34.3126070632238
CRO,2020-09-01,0.178408818704216,0.183417144683921,0.176820470772815,0.181369142759749,34170946.8549568,188674869.10478,34.170946854956796
CRO,2020-09-02,0.181369142759749,0.181718169377655,0.169709281522768,0.173614330991782,35238475.6694182,199833490.769811,35.2384756694182
CRO,2020-09-03,0.173614330991782,0.174291369109368,0.150403630871656,0.153028864693483,33349942.0473963,201224048.158451,33.3499420473963
CRO,2020-09-04,0.153028864693483,0.158262024026799,0.149656736436389,0.156139838123787,28899831.0844464,186277236.978053,28.8998310844464
CRO,2020-09-05,0.156139838123787,0.157456783293859,0.147015165748462,0.150639147674635,30580882.7223733,200406554.165204,30.5808827223733
CRO,2020-09-06,0.150639147674635,0.152271220571055,0.14771067790363,0.150748029080062,25993802.7119894,172633053.868963,25.9938027119894
CRO,2020-09-07,0.150748029080062,0.151942064566936,0.144497740290332,0.150463200898514,27229922.5592442,182972359.771131,27.2299225592442
CRO,2020-09-08,0.150463200898514,0.151119488841409,0.144611110286707,0.148642113232823,27533239.2194254,186278267.471572,27.5332392194254
CRO,2020-09-09,0.148642113232823,0.152520050716049,0.146794743865017,0.150759487967262,25756746.8428066,171543257.655718,25.7567468428066
CRO,2020-09-10,0.150759487967262,0.153495458344074,0.149941435406135,0.150828957901662,24922674.2153624,164330434.22404,24.9226742153624
CRO,2020-09-11,0.150828957901662,0.160976118979659,0.148982135644686,0.160678665343278,28742044.3298898,184580653.743405,28.7420443298898
CRO,2020-09-12,0.160678665343278,0.164198838643997,0.159675630841884,0.163806163897045,26821093.7880624,166322520.625625,26.821093788062402
CRO,2020-09-13,0.163806163897045,0.165240917797303,0.159825067470466,0.16109074907124,25279813.5413918,155540531.81094,25.2798135413918
CRO,2020-09-14,0.16109074907124,0.169708142423451,0.160171633868031,0.16882803572917,25630997.3435185,155855536.225324,25.630997343518498
CRO,2020-09-15,0.16882803572917,0.171934856247522,0.167323814237234,0.169013108634804,25944847.906059,153064072.922613,25.944847906059
CRO,2020-09-16,0.169013108634804,0.170914697644883,0.166933625083458,0.168505460265206,26933337.4280403,159560567.454897,26.9333374280403
CRO,2020-09-17,0.168505460265206,0.169840503254079,0.164062334507111,0.166206681550248,24285308.1431194,146021013.03656,24.285308143119398
CRO,2020-09-18,0.166206681550248,0.16848043720002,0.164709642211454,0.166571513382554,20531154.9303417,123340391.974707,20.5311549303417
CRO,2020-09-19,0.166571513382554,0.169097858640059,0.165443919041627,0.16769137820437,19558658.0376435,117004722.942662,19.5586580376435
CRO,2020-09-20,0.16769137820437,0.167786717150249,0.144528302794972,0.16008301162434,34937487.1830817,218444106.233379,34.9374871830817
CRO,2020-09-21,0.16008301162434,0.160885891227301,0.150933926733549,0.151832833101614,22093169.6041259,141994850.258354,22.093169604125897
CRO,2020-09-22,0.151832833101614,0.153473196744569,0.150831488917572,0.152389375904735,23336143.4398564,153234399.366225,23.3361434398564
CRO,2020-09-23,0.152389375904735,0.152818735859109,0.147181557797126,0.147694308492398,20575586.777149,136181884.26371,20.575586777149
CRO,2020-09-24,0.147694308492398,0.155104695252007,0.14733178548322,0.154698472323558,20824636.9983155,138307176.516679,20.824636998315498
CRO,2020-09-25,0.154698472323558,0.154938776905316,0.152224862773686,0.153908618082278,21735466.5638027,141260087.135906,21.7354665638027
CRO,2020-09-26,0.153908618082278,0.155538154178404,0.153226584722701,0.154053201897538,19839324.305813,128697827.249593,19.839324305813
CRO,2020-09-27,0.154053201897538,0.155287110267979,0.152104379782997,0.154445872883811,22568256.5473791,146662617.496391,22.5682565473791
CRO,2020-09-28,0.154445872883811,0.156765336592288,0.152579225846073,0.152806955426431,22249114.9500239,143037904.301797,22.249114950023902
CRO,2020-09-29,0.152806955426431,0.154056331585137,0.151904546365765,0.153756923891501,20361555.022858,133136767.912751,20.361555022858003
CRO,2020-09-30,0.153756923891501,0.154208165605835,0.151218475559259,0.151984440245272,21049487.3900865,138023688.088942,21.0494873900865
CRO,2020-10-01,0.151984440245272,0.15469894420621,0.147591272365363,0.149679414319688,27261028.056077,179738668.267816,27.261028056077
CRO,2020-10-02,0.149679414319688,0.150263726209434,0.14577025387253,0.147146725026077,27394646.8616004,185882487.294698,27.3946468616004
CRO,2020-10-03,0.147146725026077,0.147540615159637,0.146228889309107,0.146717679790996,21544125.1484154,146755189.533495,21.5441251484154
CRO,2020-10-04,0.146717679790996,0.148556853079725,0.146473945940865,0.148362242912484,23823735.0554908,161419018.735162,23.8237350554908
CRO,2020-10-05,0.148362242912484,0.150114322682461,0.147746452153011,0.150005574570681,23040265.2348665,154910100.017123,23.0402652348665
CRO,2020-10-06,0.150005574570681,0.150130112207597,0.146168261239608,0.147248889526309,20248695.8986603,136328264.233465,20.248695898660298
CRO,2020-10-07,0.147248889526309,0.147976798151773,0.146500620682539,0.147789642389166,18233564.6906427,123781709.691577,18.233564690642698
CRO,2020-10-08,0.147789642389166,0.151189513051201,0.146075347916317,0.150944933230792,26934810.4582625,181056943.359772,26.9348104582625
CRO,2020-10-09,0.150944933230792,0.152932383825981,0.14956567812286,0.15205616454513,23576948.3258736,155751144.844001,23.576948325873598
CRO,2020-10-10,0.15205616454513,0.157536547632854,0.151991608057556,0.154265825250793,25820769.7668485,165726889.023767,25.8207697668485
CRO,2020-10-11,0.154265825250793,0.155708459739687,0.153305585450968,0.15408717468383,22297391.1155987,144028848.217629,22.2973911155987
CRO,2020-10-12,0.15408717468383,0.156893604161068,0.15188827136139,0.154616869454052,22001486.3099488,142465861.620996,22.0014863099488
CRO,2020-10-13,0.154616869454052,0.154616869454052,0.146917059125602,0.147446983103795,21176991.0426475,140509178.415545,21.1769910426475
CRO,2020-10-14,0.147446983103795,0.148165131212901,0.137931143049739,0.138826305744787,17262332.9538564,120554230.631758,17.2623329538564
CRO,2020-10-15,0.138826305744787,0.140638320875629,0.137798260481066,0.139447056088731,18364555.3119265,132099238.602746,18.364555311926498
CRO,2020-10-16,0.139447056088731,0.139853225454969,0.135392786239527,0.136132595483093,19440622.0470813,141925402.264166,19.4406220470813
CRO,2020-10-17,0.136132595483093,0.136574868278104,0.133403902777981,0.133766451294887,15731780.7952279,116690975.947184,15.7317807952279
CRO,2020-10-18,0.133766451294887,0.134277282780561,0.121203834332951,0.121444304861473,20662587.1536942,164837552.557635,20.6625871536942
CRO,2020-10-19,0.121444304861473,0.121785814339356,0.10736260664108,0.110133476822722,21402197.9365027,190912460.826693,21.4021979365027
CRO,2020-10-20,0.110133476822722,0.110830160847192,0.105791599039184,0.106383022906126,16882268.7107746,155321885.488365,16.8822687107746
CRO,2020-10-21,0.106383022906126,0.108498047619592,0.101131143656473,0.10121728332614,20596963.9418578,197195840.38294,20.5969639418578
CRO,2020-10-22,0.10121728332614,0.102546791027912,0.0966873796610643,0.0970526004051128,17052308.593714,171899375.123144,17.052308593714
CRO,2020-10-23,0.0970526004051128,0.101620245153807,0.0925920139249738,0.100783026612967,13364076.675599,136916571.312982,13.364076675599
CRO,2020-10-24,0.100783026612967,0.104672967617134,0.0998015004152126,0.102216031998875,11771731.9448772,115126443.802581,11.7717319448772
CRO,2020-10-25,0.102216031998875,0.10473030637654,0.0966295945183521,0.0967879659631707,12164379.6282508,120929330.092096,12.1643796282508
CRO,2020-10-26,0.0967879659631707,0.0986618185907456,0.0949509645917235,0.0959472206364887,13375449.7961686,138059912.58048,13.3754497961686
CRO,2020-10-27,0.0959472206364887,0.0995004091367483,0.0959472206364887,0.0984740812279919,14676118.7140644,150513116.339097,14.676118714064401
CRO,2020-10-28,0.0984740812279919,0.100058689516214,0.0885938391124431,0.089669302424495,11430438.8997631,121143741.921175,11.4304388997631
CRO,2020-10-29,0.089669302424495,0.0909829937679432,0.0886583746297138,0.090580916561094,15243517.6780794,169638967.33557,15.2435176780794
CRO,2020-10-30,0.090580916561094,0.0909351796413568,0.0832579074702095,0.0841613569830085,11374814.4285386,132047864.339819,11.3748144285386
CRO,2020-10-31,0.0841613569830085,0.0861202719119761,0.0827922791323088,0.0851465889549342,10801908.31659,127729039.752739,10.80190831659
CRO,2020-11-01,0.0851465889549342,0.0860906792054962,0.0843254107628027,0.0846843810432534,14764593.1718203,173073232.513984,14.7645931718203
CRO,2020-11-02,0.0846843810432534,0.0859164213623637,0.0800077039465703,0.0800622389798002,13497154.9476243,162515943.743183,13.4971549476243
CRO,2020-11-03,0.0800622389798002,0.0803162052389175,0.0738521799304556,0.0792099808518994,11898734.2052044,152263770.96036,11.898734205204399
CRO,2020-11-04,0.0792099808518994,0.079289278608677,0.0756955559078309,0.0771141700768079,10930990.6126166,141298194.739116,10.9309906126166
CRO,2020-11-05,0.0771141700768079,0.0795760322831828,0.0768132395763163,0.0788950515495726,11231627.3596307,144034529.076101,11.2316273596307
CRO,2020-11-06,0.0788950515495726,0.0803705926519711,0.0768681623252151,0.0795859566892655,15771056.3580187,200855735.328457,15.7710563580187
CRO,2020-11-07,0.0795859566892655,0.0801550334899846,0.0732471863967638,0.073346916246381,16303377.6571887,209412206.73862,16.3033776571887
CRO,2020-11-08,0.073346916246381,0.0760987949145141,0.0724507574868705,0.0743853265840049,11821910.4082409,160246673.19766,11.8219104082409
CRO,2020-11-09,0.0743853265840049,0.0748217684483938,0.0691399412933344,0.0706133548078329,12094296.4912892,167491973.46811,12.0942964912892
CRO,2020-11-10,0.0706133548078329,0.071309701606379,0.0687014602476117,0.0694857071520865,12806314.9207346,182457742.992499,12.8063149207346
CRO,2020-11-11,0.0694857071520865,0.0711715017909991,0.0694298649534085,0.0707672745647368,13735384.3970095,195340185.929287,13.735384397009499
CRO,2020-11-12,0.0707672745647368,0.072719075461617,0.0699239370025128,0.0717991334842407,14720318.3665644,206204335.858479,14.7203183665644
CRO,2020-11-13,0.0717991334842407,0.0726600356865607,0.0693866722719676,0.0698574666257493,13080691.5681078,184687754.291935,13.0806915681078
CRO,2020-11-14,0.0698574666257493,0.0702748628935755,0.0668704425205609,0.0677282152000741,12412944.2433674,181639301.072909,12.4129442433674
CRO,2020-11-15,0.0677282152000741,0.0679669337599027,0.0636718351021556,0.0642528190832822,11453917.620837,172600925.408917,11.453917620836998
CRO,2020-11-16,0.0642528190832822,0.0662712941014784,0.0638689045100912,0.0653475154262461,11117625.4534376,170843972.169678,11.1176254534376
CRO,2020-11-17,0.0653475154262461,0.0674421129553926,0.0637730572476723,0.0650226676285098,13422231.2230798,206182185.675305,13.4222312230798
CRO,2020-11-18,0.0650226676285098,0.0676024725867077,0.062844008288693,0.0654525780901346,19541019.5833966,300786198.842294,19.541019583396597
CRO,2020-11-19,0.0654525780901346,0.067027498078311,0.064772017111427,0.0663089319908377,18072465.7466093,273566479.014371,18.0724657466093
CRO,2020-11-20,0.0663089319908377,0.0772573875867188,0.0662406265533902,0.0772573875867188,20712910.1434617,288746321.799684,20.712910143461702
CRO,2020-11-21,0.0772573875867188,0.0779796536238703,0.0724583229832095,0.0731492416387786,21942358.1770321,291833159.529536,21.942358177032098
CRO,2020-11-22,0.0731492416387786,0.0732973008734762,0.0686088481151112,0.0708337803859408,18452596.9156163,258643075.644405,18.4525969156163
CRO,2020-11-23,0.0708337803859408,0.0731755415791574,0.0694713623907108,0.0721762614666722,19476567.523695,272606607.692181,19.476567523695
CRO,2020-11-24,0.0721762614666722,0.0814973986203605,0.0713425348695372,0.0812494961321913,28432354.1457094,367220414.436073,28.4323541457094
CRO,2020-11-25,0.0812494961321913,0.082920769504388,0.0774136660411794,0.0780287533925046,30981084.9833436,384259452.198287,30.9810849833436
CRO,2020-11-26,0.0780287533925046,0.0785236834252661,0.0613900277643611,0.0640462182524385,27138511.8971228,400022802.499404,27.1385118971228
CRO,2020-11-27,0.0640462182524385,0.0651239644867819,0.0617633249713838,0.0644192986522834,20080092.9721596,316638109.923595,20.0800929721596
CRO,2020-11-28,0.0644192986522834,0.0657287657742564,0.062934081819665,0.0651488994740798,13200570.7184994,205235157.36733,13.2005707184994
CRO,2020-11-29,0.0651488994740798,0.0665636475765926,0.0642957877914844,0.0660659089262201,12217843.2728175,186097432.733518,12.2178432728175
CRO,2020-11-30,0.0660659089262201,0.0701842146159935,0.0653070819715427,0.0701842146159935,18483035.4604608,274361757.758621,18.4830354604608
CRO,2020-12-01,0.0701842146159935,0.0707482560821392,0.0642250495417191,0.0655019555902247,21522552.4942658,317784975.854349,21.5225524942658
CRO,2020-12-02,0.0655019555902247,0.0671329839435779,0.0644460524550194,0.0670232348805156,17678446.3622032,269230771.525707,17.6784463622032
CRO,2020-12-03,0.0670232348805156,0.0672010690882632,0.0652441756336826,0.066346448645871,18284711.6167039,277034933.370908,18.284711616703902
CRO,2020-12-04,0.066346448645871,0.0667580483522019,0.062712307415241,0.062778751666248,17861078.153858,274902649.038869,17.861078153858
CRO,2020-12-05,0.062778751666248,0.0645379318181698,0.0622581406508912,0.064189842455211,16513001.0679933,259491001.807261,16.5130010679933
CRO,2020-12-06,0.064189842455211,0.0644854548755014,0.062935162941612,0.063905633358762,13902934.2187707,218097675.897694,13.9029342187707
CRO,2020-12-07,0.063905633358762,0.0642968463906908,0.0627076566325887,0.0641137461821446,16980358.1235591,267375048.874696,16.9803581235591
CRO,2020-12-08,0.0641137461821446,0.0647015072841359,0.0600130300242312,0.0603671209078823,17336816.3751485,276629870.868821,17.3368163751485
CRO,2020-12-09,0.0603671209078823,0.0606782612699379,0.056909612194627,0.0603918262402396,14826735.8414258,249631951.764564,14.826735841425801
CRO,2020-12-10,0.0603918262402396,0.0614602032706185,0.0582271613334639,0.0589250256324048,12243260.1477535,204270588.00749,12.2432601477535
CRO,2020-12-11,0.0589250256324048,0.0593028121206975,0.0567456328264517,0.0584727205375317,11891191.1314401,205612380.902231,11.891191131440099
CRO,2020-12-12,0.0584727205375317,0.059813956479116,0.0584487649442498,0.059349497758232,10470313.4899153,177216688.645668,10.4703134899153
CRO,2020-12-13,0.059349497758232,0.061810652972739,0.0590928575608295,0.0606140262078484,13100800.2989336,215239853.482725,13.1008002989336
CRO,2020-12-14,0.0606140262078484,0.0611370443363171,0.0596750899458486,0.0606733099677214,18089144.4879878,299126164.264382,18.089144487987802
CRO,2020-12-15,0.0606733099677214,0.0629105184572718,0.0602135046702122,0.0615171329059596,18811818.5556861,304977710.690358,18.811818555686102
CRO,2020-12-16,0.0615171329059596,0.0649560969023464,0.0608736370776228,0.0649560969023464,20073511.2476894,322264214.190442,20.0735112476894
CRO,2020-12-17,0.0649560969023464,0.0696184410201797,0.0648263365854653,0.0662484408476973,28919800.9415309,430917257.760007,28.919800941530898
CRO,2020-12-18,0.0662484408476973,0.0672077841506889,0.0642033722577454,0.0648635684290521,19273031.8352044,293193240.162271,19.2730318352044
CRO,2020-12-19,0.0648635684290521,0.0670221186678413,0.0647953051801776,0.0658535438357589,20789082.7203819,314969758.908867,20.789082720381902
CRO,2020-12-20,0.0658535438357589,0.0679762490487919,0.064532490241337,0.0661746641169216,22594336.4350617,339712776.86301,22.594336435061702
CRO,2020-12-21,0.0661746641169216,0.069409022263882,0.0562378866502756,0.0591842579451514,34869887.7543134,550436198.637188,34.8698877543134
CRO,2020-12-22,0.0591842579451514,0.0614849148482283,0.0587893885960022,0.0606814440171289,24567015.5430679,407420100.489559,24.5670155430679
CRO,2020-12-23,0.0606814440171289,0.0619347449418816,0.0548424173689839,0.0552747906688926,19993703.5428409,341625788.705999,19.9937035428409
CRO,2020-12-24,0.0552747906688926,0.0581938786929126,0.0538146589507061,0.0580232088169414,16006415.8238818,289467876.6986,16.0064158238818
CRO,2020-12-25,0.0580232088169414,0.0603280796357044,0.0570997626476442,0.0580173393793504,18274475.489278,313474094.954258,18.274475489278
CRO,2020-12-26,0.0580173393793504,0.0601955978253427,0.0579003273266309,0.0591280096636231,17722861.7858311,299290099.341417,17.7228617858311
CRO,2020-12-27,0.0591280096636231,0.0601229013693502,0.0557497487016355,0.0569328040380091,19135773.4967162,329086626.93679,19.1357734967162
CRO,2020-12-28,0.0569328040380091,0.060059713813532,0.0567863901880585,0.0591401590876842,19552837.8538441,334820635.877077,19.5528378538441
CRO,2020-12-29,0.0591401590876842,0.0593957888107804,0.0562374445101436,0.0579388898243373,17230590.512256,296828405.561414,17.230590512256
CRO,2020-12-30,0.0579388898243373,0.0620770922182838,0.0578064904055104,0.0590411671140979,20139185.6288389,340057918.81042,20.139185628838902
CRO,2020-12-31,0.0590411671140979,0.0599037888474847,0.0565134084634868,0.0583884299935495,15776690.8546088,270486127.783053,15.7766908546088
CRO,2021-01-01,0.0583884299935495,0.0597868897884789,0.0579675964635951,0.059549285399704,16705947.941274,283987496.724847,16.705947941274
CRO,2021-01-02,0.059549285399704,0.0717911239307009,0.059549285399704,0.0621941451530596,62878299.2183942,983028435.630711,62.8782992183942
CRO,2021-01-03,0.0621941451530596,0.0621941451530596,0.0590140728399844,0.0605699978961251,31069760.8234781,515869154.859083,31.0697608234781
CRO,2021-01-04,0.0605699978961251,0.0717708506779716,0.05944427983951,0.066064249404792,55591569.8931799,838469127.942415,55.5915698931799
CRO,2021-01-05,0.066064249404792,0.0671996756345129,0.0625149019959567,0.0662882261506163,32114811.3749047,496153181.844101,32.1148113749047
CRO,2021-01-06,0.0662882261506163,0.0775097654458422,0.0655087209218707,0.0770408799487949,41783304.5826107,589087256.442105,41.7833045826107
CRO,2021-01-07,0.0770408799487949,0.0794253962800411,0.0727981868705957,0.0779108693024847,36845724.8074495,481841905.920863,36.8457248074495
CRO,2021-01-08,0.0779108693024847,0.0906637513312935,0.0721902497017332,0.082307732020755,43988539.9257244,544576180.938874,43.9885399257244
CRO,2021-01-09,0.082307732020755,0.0845780319554792,0.0775248057590578,0.0830897461004856,25056928.3985746,308500093.41236,25.056928398574602
CRO,2021-01-10,0.0830897461004856,0.0878236443015254,0.0718729371882088,0.0781961377018575,30794888.0162801,375652874.811416,30.7948880162801
CRO,2021-01-11,0.0781961377018575,0.0781961377018575,0.0587649251316366,0.0669584961875718,28055056.0572932,422665750.41429,28.0550560572932
CRO,2021-01-12,0.0669584961875718,0.0702628866126346,0.0629699420999299,0.0652509471809716,23274456.27841,349570818.189169,23.27445627841
CRO,2021-01-13,0.0652509471809716,0.0720152169320252,0.06414963845644,0.0711780388525191,18706778.9141738,277914532.920171,18.7067789141738
CRO,2021-01-14,0.0711780388525191,0.0767964950704424,0.0699071499217152,0.0765674950389327,25007900.5571921,342878177.226191,25.007900557192098
CRO,2021-01-15,0.0765674950389327,0.0768725633904689,0.0661387004373897,0.0719855092090922,25955739.1989388,359278230.075313,25.955739198938797
CRO,2021-01-16,0.0719855092090922,0.0798451776910271,0.0719355201713864,0.0766896913428715,26031245.107097,343208461.313808,26.031245107097
CRO,2021-01-17,0.0766896913428715,0.0848506233396041,0.0740811746818074,0.080370896200959,35565571.0530494,450333270.276893,35.5655710530494
CRO,2021-01-18,0.080370896200959,0.0860370356406875,0.0771436978019903,0.0847358948643352,27763422.5684118,344136239.304767,27.7634225684118
CRO,2021-01-19,0.0847358948643352,0.0885746498208206,0.0827936444319303,0.0860644482519186,26330905.973381,310240039.091743,26.330905973381
CRO,2021-01-20,0.0860644482519186,0.0877549301234618,0.0786632660692756,0.0845615326356825,24903730.2579749,297983088.922537,24.9037302579749
CRO,2021-01-21,0.0845615326356825,0.084635234020558,0.0710346543525723,0.0720492664419159,26585578.3199789,347305592.862993,26.5855783199789
CRO,2021-01-22,0.0720492664419159,0.0751364577980278,0.0659443040134493,0.0738096461913915,24261631.1405041,339816312.220664,24.2616311405041
CRO,2021-01-23,0.0738096461913915,0.0751038533364876,0.0696772213555486,0.0724650068943492,19924402.3756532,273603549.428923,19.9244023756532
CRO,2021-01-24,0.0724650068943492,0.0749135887828309,0.0709191783720781,0.0724497508976371,19927214.1917943,273072232.789425,19.9272141917943
CRO,2021-01-25,0.0724497508976371,0.0756676410379708,0.0705067091792497,0.0711217506770628,20687170.199489,281590417.119128,20.687170199489
CRO,2021-01-26,0.0711217506770628,0.071339373611815,0.0673240939856956,0.070517180936437,19312821.1417116,277788052.480144,19.3128211417116
CRO,2021-01-27,0.070517180936437,0.0723898303421263,0.062802507871822,0.0652355832449831,23350620.3588614,346233611.633278,23.350620358861402
CRO,2021-01-28,0.0652355832449831,0.0706351935396681,0.0650693073892476,0.0700279108376654,23686364.6289893,350520010.466158,23.686364628989303
CRO,2021-01-29,0.0700279108376654,0.0748451509018837,0.0659735116174615,0.0679531505890099,32307125.0399872,465370895.533563,32.3071250399872
CRO,2021-01-30,0.0679531505890099,0.0682864737476485,0.0648762992147929,0.0656455227576501,35999666.9720922,545779963.44162,35.99966697209219
CRO,2021-01-31,0.0656455227576501,0.0656455227576501,0.0604253010221045,0.0623396401673243,28944958.4819107,461344503.695407,28.944958481910703
CRO,2021-02-01,0.0623396401673243,0.0623396401673243,0.0594561278473036,0.0605239860098642,29050340.8178221,476812299.236127,29.0503408178221
CRO,2021-02-02,0.0605239860098642,0.0631907076794992,0.0601907899596437,0.062557427426249,25601189.2992452,414620876.608656,25.601189299245203
CRO,2021-02-03,0.062557427426249,0.0670390044352533,0.062386725837836,0.0669373945090558,32814209.0906171,506988010.023494,32.814209090617105
CRO,2021-02-04,0.0669373945090558,0.0672192998667891,0.0627742755742422,0.0636559830123561,32135707.793899,496734576.060954,32.135707793899
CRO,2021-02-05,0.0636559830123561,0.0682683337732024,0.063338887424638,0.0675655022172861,34629847.844418,527145348.709679,34.629847844417995
CRO,2021-02-06,0.0675655022172861,0.0691728576503055,0.0652007971713033,0.0676189606819509,39177916.2489909,580959766.418492,39.177916248990904
CRO,2021-02-07,0.0676189606819509,0.0676438594228582,0.0634968925578865,0.0655076899534377,32300024.8679007,494599512.262411,32.3000248679007
CRO,2021-02-08,0.0655076899534377,0.0697721512856957,0.0643414293548196,0.0697382862645391,32433850.380553,487096870.338781,32.433850380553
CRO,2021-02-09,0.0697382862645391,0.0724977972476642,0.068205132655177,0.0720015839625915,48117038.2422401,683698556.413998,48.1170382422401
CRO,2021-02-10,0.0720015839625915,0.076131104740955,0.0687797939142181,0.0735151065008342,56133755.8471173,767200215.849603,56.1337558471173
CRO,2021-02-11,0.0735151065008342,0.0807204632602094,0.0728986502759176,0.0799906123947888,59387482.7633099,762828280.411941,59.387482763309904
CRO,2021-02-12,0.0799906123947888,0.0890113612894111,0.0797234079768768,0.0872320908170206,70576920.3728134,826898032.787294,70.5769203728134
CRO,2021-02-13,0.0872320908170206,0.0936958433233843,0.084505029602098,0.0918224000066867,83445781.0823891,930891919.58146,83.4457810823891
CRO,2021-02-14,0.0918224000066867,0.095276492339914,0.0879407576017528,0.0888911111423944,74836361.4358601,820089578.629843,74.8363614358601
CRO,2021-02-15,0.0888911111423944,0.0922782414663657,0.07871544623682,0.0857371071149115,59715367.5386275,696991527.88,59.7153675386275
CRO,2021-02-16,0.0857371071149115,0.088990724158153,0.0824442174627963,0.0845493748542267,45999045.9145658,535192318.539376,45.999045914565805
CRO,2021-02-17,0.0845493748542267,0.104199854511898,0.0836205248601468,0.100792940222637,119364786.374497,1264950327.30301,119.364786374497
CRO,2021-02-18,0.100792940222637,0.121676347348915,0.100792940222637,0.119985406540273,148636902.400792,1314847244.42144,148.636902400792
CRO,2021-02-19,0.119985406540273,0.139077466236957,0.112691536248042,0.139033980832354,130075068.248019,1014764544.04391,130.075068248019
CRO,2021-02-20,0.139033980832354,0.15261456270668,0.132104483452676,0.140054750077941,126525849.120534,882902926.357071,126.525849120534
CRO,2021-02-21,0.140054750077941,0.143808681450025,0.137110417711283,0.142163822518964,88922630.7885426,628156573.760387,88.9226307885426
CRO,2021-02-22,0.142163822518964,0.272734995288107,0.132705680071513,0.223612532147712,441732518.383357,2041185353.13843,441.732518383357
CRO,2021-02-23,0.223612532147712,0.224209499410534,0.139442571031589,0.159311622389021,240805878.52639,1438183431.94157,240.80587852639
CRO,2021-02-24,0.159311622389021,0.182541509202389,0.150328375592578,0.16188052013541,230527810.275988,1383935713.85034,230.527810275988
CRO,2021-02-25,0.16188052013541,0.176961112342863,0.154425715728996,0.154982394244246,186129219.677294,1115627955.86869,186.12921967729397
CRO,2021-02-26,0.154982394244246,0.161236674515304,0.144751756718381,0.154165661782744,148896597.372816,960359741.301071,148.896597372816
CRO,2021-02-27,0.154165661782744,0.157161356646104,0.147421550045818,0.150571785583426,114474904.148307,749824318.161682,114.47490414830699
CRO,2021-02-28,0.150571785583426,0.15215103484915,0.127722985304333,0.134917998833148,105452299.211882,757702355.792299,105.45229921188199
CRO,2021-03-01,0.134917998833148,0.150877052187171,0.134917998833148,0.150316239897048,91909127.4529367,637597273.603458,91.90912745293669
CRO,2021-03-02,0.150316239897048,0.158281716691665,0.144274791410677,0.153806841261445,114222843.90213,754163482.916803,114.22284390213
CRO,2021-03-03,0.153806841261445,0.160836995776317,0.152428221857981,0.157093911007344,110467776.729543,703035687.06505,110.467776729543
CRO,2021-03-04,0.157093911007344,0.161658849301379,0.146706865776271,0.150112365947253,108999391.8592,713859769.209944,108.9993918592
CRO,2021-03-05,0.150112365947253,0.152572711323044,0.143342712852789,0.151196505130655,79382286.8509983,537525417.137595,79.3822868509983
CRO,2021-03-06,0.151196505130655,0.155718216916407,0.148251171740802,0.153735555895837,78435619.7046707,514902288.519599,78.4356197046707
CRO,2021-03-07,0.153735555895837,0.159929521122275,0.153195972506285,0.159098417199608,82347080.6237724,525918523.935841,82.3470806237724
CRO,2021-03-08,0.159098417199608,0.160838282995844,0.153758330495375,0.16008687153857,87206448.9738353,553172163.950362,87.20644897383531
CRO,2021-03-09,0.16008687153857,0.171348667216521,0.157407498079916,0.170860406163517,108558680.878118,658717985.020695,108.558680878118
CRO,2021-03-10,0.170860406163517,0.176007806855705,0.161057364094171,0.172556339145197,82625286.2971258,487423731.595616,82.6252862971258
CRO,2021-03-11,0.172556339145197,0.198371652240691,0.169377598970076,0.189574040394007,126240448.522058,688251424.384136,126.24044852205799
CRO,2021-03-12,0.189574040394007,0.202749219939984,0.185008559713257,0.18988892720805,120198035.661627,617781336.939308,120.19803566162699
CRO,2021-03-13,0.18988892720805,0.198856341976033,0.178311414832717,0.198536882356084,94505125.874442,500208059.619218,94.505125874442
CRO,2021-03-14,0.198536882356084,0.200623750362552,0.18188877917993,0.185687430769041,78363259.5134795,411964040.863172,78.3632595134795
CRO,2021-03-15,0.185687430769041,0.191812490472627,0.166447586503092,0.177303646652729,98780048.092647,551462790.145261,98.78004809264701
CRO,2021-03-16,0.177303646652729,0.19712603436742,0.167820856767009,0.195443664007336,128779619.043653,702046699.250833,128.77961904365299
CRO,2021-03-17,0.195443664007336,0.199125665228555,0.182216640751748,0.197068879953442,120119627.841932,624959171.261981,120.119627841932
CRO,2021-03-18,0.197068879953442,0.233044602339402,0.196681518628597,0.219037736998276,218368966.964611,1012081108.12921,218.368966964611
CRO,2021-03-19,0.219037736998276,0.245985438884131,0.211588108196171,0.241915163659604,146982587.375237,633079958.110976,146.982587375237
CRO,2021-03-20,0.241915163659604,0.252699692202958,0.213640661509175,0.215386734125714,148138907.4333,621567945.548909,148.13890743329998
CRO,2021-03-21,0.215386734125714,0.226192135953308,0.208914806677892,0.221805651402583,113736776.662151,526067406.232671,113.73677666215099
CRO,2021-03-22,0.221805651402583,0.232189922148555,0.213326894625776,0.214748731766146,136527283.156151,610296847.04131,136.527283156151
CRO,2021-03-23,0.214748731766146,0.222659255205751,0.198237092216237,0.212346228770291,141147433.210858,676957011.21411,141.147433210858
CRO,2021-03-24,0.212346228770291,0.23838249077696,0.208435575796631,0.217114116773357,182637654.127053,813666849.47466,182.637654127053
CRO,2021-03-25,0.217114116773357,0.217212834017169,0.200102691751953,0.204924282666939,121826009.468576,586122184.016504,121.826009468576
CRO,2021-03-26,0.204924282666939,0.214314875276595,0.204081663087081,0.212111383592611,99295174.1849419,474775502.225182,99.2951741849419
CRO,2021-03-27,0.212111383592611,0.212527096536794,0.20248009694155,0.204638089256213,112137940.972671,545110194.184239,112.137940972671
CRO,2021-03-28,0.204638089256213,0.206744272089564,0.199415792236143,0.203248102927012,96376817.9613243,473032304.489998,96.3768179613243
CRO,2021-03-29,0.203248102927012,0.222862263680882,0.20134599364949,0.216411593878445,152819380.521855,712606729.632264,152.819380521855
CRO,2021-03-30,0.216411593878445,0.226908708596363,0.214811841844362,0.221004303829833,101761540.985095,458218567.92334,101.761540985095
CRO,2021-03-31,0.221004303829833,0.223431166829452,0.209335529493249,0.215371091410757,114797520.938946,534005064.067297,114.797520938946
CRO,2021-04-01,0.215371091410757,0.223512611262372,0.215149083487236,0.218330725937908,143276268.750612,656677393.50368,143.276268750612
CRO,2021-04-02,0.218330725937908,0.229807994693088,0.214000552027477,0.22785982626913,124710597.626394,559032523.70349,124.710597626394
CRO,2021-04-03,0.22785982626913,0.236689736475603,0.212409671653838,0.213225647780075,132944040.918182,583937543.905509,132.944040918182
CRO,2021-04-04,0.213225647780075,0.228784990510599,0.210858294162924,0.228478387612194,91963438.5704267,415654763.371628,91.9634385704267
CRO,2021-04-05,0.228478387612194,0.233553821773431,0.215246392490153,0.221845731573098,125204291.651222,555732249.603624,125.20429165122201
CRO,2021-04-06,0.221845731573098,0.222678507763404,0.204561519772565,0.20940083820047,74408417.8346602,349950701.368185,74.4084178346602
CRO,2021-04-07,0.20940083820047,0.218379903893125,0.182606304352107,0.187202372651497,162816881.690906,797476980.511987,162.816881690906
CRO,2021-04-08,0.187202372651497,0.216513282202933,0.18524869598464,0.215951492079318,81356690.8855539,394454888.19601,81.3566908855539
CRO,2021-04-09,0.215951492079318,0.226231428491344,0.209076754411454,0.209569672129622,78247700.8544079,357217444.71286,78.24770085440791
CRO,2021-04-10,0.209569672129622,0.229152716718834,0.209100073600119,0.21493942065913,96083027.469241,439082891.693589,96.08302746924099
CRO,2021-04-11,0.21493942065913,0.220728965039746,0.209098689591334,0.212643185983444,64469897.9532642,300516288.762121,64.4698979532642
CRO,2021-04-12,0.212643185983444,0.215532069509145,0.202893824216459,0.208864981372799,55159069.4412825,264770551.010243,55.159069441282504
CRO,2021-04-13,0.208864981372799,0.225320218560025,0.208671456374954,0.224965382150171,83490423.1038841,382492701.323672,83.4904231038841
CRO,2021-04-14,0.224965382150171,0.247240030085676,0.223036669467055,0.242901231593837,116335149.256687,493122103.002641,116.335149256687
CRO,2021-04-15,0.242901231593837,0.246407891021674,0.230948666366503,0.245375366420192,68269945.1690696,286078609.624026,68.2699451690696
CRO,2021-04-16,0.245375366420192,0.245666159591568,0.225806634227914,0.236210104903189,81874527.5709674,350083825.138564,81.8745275709674
CRO,2021-04-17,0.236210104903189,0.250911104840115,0.232334621097704,0.235151671007751,64734090.771428,267470884.170047,64.734090771428
CRO,2021-04-18,0.235151671007751,0.236653199134943,0.189423760796728,0.206634132002433,50990019.0388201,243342268.989221,50.9900190388201
CRO,2021-04-19,0.206634132002433,0.210583164393331,0.191224830838269,0.195090138730277,57566794.1441539,283718941.137815,57.5667941441539
CRO,2021-04-20,0.195090138730277,0.210410171147597,0.188223704602692,0.206817987985393,113271014.014697,570184916.613219,113.271014014697
CRO,2021-04-21,0.206817987985393,0.21431634018569,0.201715788216697,0.204019649528868,78606733.5688409,378781294.132879,78.60673356884091
CRO,2021-04-22,0.204019649528868,0.204460526325764,0.170412783717444,0.175765087635802,105359709.782306,550858980.615218,105.359709782306
CRO,2021-04-23,0.175765087635802,0.180181591185639,0.144030753938003,0.177774122181856,105252020.33204,653865906.930955,105.25202033203999
CRO,2021-04-24,0.177774122181856,0.179403691527957,0.170557299415458,0.171058344229856,66687557.9833831,382630190.937822,66.6875579833831
CRO,2021-04-25,0.171058344229856,0.179635311809926,0.167140045943924,0.173104517214379,69999530.1104187,403127672.847811,69.9995301104187
CRO,2021-04-26,0.173104517214379,0.192685654405525,0.171875433187311,0.192685654405525,76777082.8125307,410483510.257031,76.7770828125307
CRO,2021-04-27,0.192685654405525,0.200356866450191,0.188201939526116,0.19866322397612,75844112.2460212,388215297.062699,75.8441122460212
CRO,2021-04-28,0.19866322397612,0.202822579635377,0.185156575846603,0.192169113208049,95623580.5929387,496774478.073116,95.62358059293871
CRO,2021-04-29,0.192169113208049,0.193698155284922,0.18553735096313,0.188737398078491,54064908.3015975,285693220.810999,54.0649083015975
CRO,2021-04-30,0.188737398078491,0.201802576636017,0.186756490490579,0.201042688169866,81831187.9740638,419825575.306185,81.8311879740638
CRO,2021-05-01,0.201042688169866,0.202420169815599,0.195312068414779,0.197885023025772,50264899.7209489,254671012.104735,50.2648997209489
CRO,2021-05-02,0.197885023025772,0.199041560370242,0.189888925635099,0.191294992806085,58195580.0685358,300877272.018155,58.1955800685358
CRO,2021-05-03,0.191294992806085,0.198602307906057,0.190464107909265,0.193253039506892,60764689.195552,311908070.800541,60.764689195552
CRO,2021-05-04,0.193253039506892,0.193253039506892,0.173375629129724,0.174413654741253,50278330.6674255,271913224.729209,50.2783306674255
CRO,2021-05-05,0.174413654741253,0.190097547806699,0.174073207510776,0.189949646283361,59440440.7948603,328536200.370364,59.4404407948603
CRO,2021-05-06,0.189949646283361,0.202077436804905,0.186041262092092,0.201098328220635,62332230.2116515,320840620.358527,62.3322302116515
CRO,2021-05-07,0.201098328220635,0.202967148631909,0.190997631398389,0.198751256515463,55008041.6615378,279056432.50497,55.0080416615378
CRO,2021-05-08,0.198751256515463,0.201244758073331,0.189538044350766,0.189651613314522,48851051.4600806,249734390.66114,48.851051460080605
CRO,2021-05-09,0.189651613314522,0.191587683946898,0.181433026436499,0.186080656576481,47872508.621563,258528860.049989,47.872508621563
CRO,2021-05-10,0.186080656576481,0.194780096779758,0.156258366981287,0.156739360691536,45170817.3342365,247251655.119768,45.1708173342365
CRO,2021-05-11,0.156739360691536,0.185137297655758,0.150336484287337,0.180136794176777,44823049.7614065,259621231.103409,44.8230497614065
CRO,2021-05-12,0.180136794176777,0.184955964629488,0.159241962416019,0.159241962416019,57245204.3902248,319625580.447086,57.2452043902248
CRO,2021-05-13,0.159241962416019,0.177589206418321,0.150577747301489,0.172353545652969,44766507.0125453,270972820.682753,44.766507012545304
CRO,2021-05-14,0.172353545652969,0.178203591402699,0.16184278692089,0.171155489631437,39650862.8294569,234760224.592204,39.650862829456905
CRO,2021-05-15,0.171155489631437,0.174177525152594,0.158935505593776,0.159685502203172,35548183.289439,215241873.361958,35.548183289439
CRO,2021-05-16,0.159685502203172,0.17181559915674,0.151619832295012,0.161795341322205,39563017.7628369,243607153.757,39.56301776283691
CRO,2021-05-17,0.161795341322205,0.161795341322205,0.145467676198712,0.148781405159012,37431540.5426681,248055299.304571,37.431540542668095
CRO,2021-05-18,0.148781405159012,0.15525601518761,0.147862411403442,0.151917391551724,33189719.1593814,218875511.729877,33.189719159381404
CRO,2021-05-19,0.151917391551724,0.153242947480252,0.0988173655535136,0.118839768334462,37951694.1180896,288836575.241452,37.9516941180896
CRO,2021-05-20,0.118839768334462,0.139793734416735,0.11408829680852,0.126799376905988,29864534.2431784,230731251.49778,29.8645342431784
CRO,2021-05-21,0.126799376905988,0.14775997563639,0.109072485863415,0.121820058456238,38978778.7473013,293323804.355414,38.978778747301305
CRO,2021-05-22,0.121820058456238,0.128020183652288,0.118304408808611,0.123658350664022,32411112.1226295,263944467.827896,32.411112122629504
CRO,2021-05-23,0.123658350664022,0.125936291880998,0.0923832476450119,0.10026880028927,37151532.5109943,349711493.416334,37.1515325109943
CRO,2021-05-24,0.10026880028927,0.126804515652252,0.0984378444197721,0.126541736760111,36822571.878868,327055275.441822,36.822571878868
CRO,2021-05-25,0.126541736760111,0.134414926575822,0.122234932935968,0.125800574553787,47697475.1268698,376921582.998137,47.6974751268698
CRO,2021-05-26,0.125800574553787,0.140250308368257,0.125790507492072,0.133044213060788,48136884.6477352,362946389.322773,48.1368846477352
CRO,2021-05-27,0.133044213060788,0.139342176590846,0.126556610897378,0.131397967052635,35601665.6837697,267024219.084229,35.6016656837697
CRO,2021-05-28,0.131397967052635,0.132652801985966,0.110881200988587,0.11374253692607,33887391.6773542,280651544.987022,33.8873916773542
CRO,2021-05-29,0.11374253692607,0.121440217619226,0.110485275601372,0.113824234606786,28479191.7989485,245417702.120587,28.4791917989485
CRO,2021-05-30,0.113824234606786,0.117019688779034,0.108506437577673,0.113602834073896,38808940.5486128,341011298.2881,38.8089405486128
CRO,2021-05-31,0.113602834073896,0.128175778751115,0.113063903620784,0.127125681486004,45813280.5752931,372856438.044548,45.8132805752931
CRO,2021-06-01,0.127125681486004,0.129160912517218,0.120823554462483,0.124620943107932,34109998.9142939,274051914.228679,34.1099989142939
CRO,2021-06-02,0.124620943107932,0.132254756901506,0.12204077040163,0.130755881776297,30384017.3633239,237486677.855445,30.384017363323903
CRO,2021-06-03,0.130755881776297,0.136217414386843,0.12966748367262,0.133635574254004,31307205.0844415,235418388.826353,31.307205084441502
CRO,2021-06-04,0.133635574254004,0.133707285145113,0.119752310322639,0.122174258932587,30363884.2488328,243500526.955508,30.3638842488328
CRO,2021-06-05,0.122174258932587,0.127478412539183,0.117061736949012,0.119654522313195,29033864.4328104,236757125.048123,29.0338644328104
CRO,2021-06-06,0.119654522313195,0.125157389440225,0.119242691898639,0.124615784913742,27933988.3943445,228340692.71559,27.9339883943445
CRO,2021-06-07,0.124615784913742,0.129185840010505,0.116028972527789,0.116365216368218,35217823.6432457,281362810.677083,35.217823643245694
CRO,2021-06-08,0.116365216368218,0.11780383219395,0.108101828164615,0.114645622600551,31659247.4126388,278216501.630881,31.6592474126388
CRO,2021-06-09,0.114645622600551,0.124330847158201,0.110897919519035,0.123346051937523,27549461.7457173,236086326.522137,27.5494617457173
CRO,2021-06-10,0.123346051937523,0.125152230629684,0.115816310902459,0.118024099868326,24383671.1813424,202146334.487523,24.3836711813424
CRO,2021-06-11,0.118024099868326,0.121975490193729,0.115749126381634,0.119017651330166,21820785.5168103,182609531.027285,21.8207855168103
CRO,2021-06-12,0.119017651330166,0.119219474789578,0.11098505291563,0.112809389185783,30559162.7163157,267544093.70053,30.5591627163157
CRO,2021-06-13,0.112809389185783,0.122185735579268,0.111170927758288,0.120482001559221,24940221.1269264,217158947.083207,24.9402211269264
CRO,2021-06-14,0.120482001559221,0.122530243545084,0.116677965618756,0.120130323669722,25924858.8758489,216415973.617535,25.9248588758489
CRO,2021-06-15,0.120130323669722,0.120616764195961,0.115855268411741,0.118522055660824,22795116.7717706,192393216.393415,22.7951167717706
CRO,2021-06-16,0.118522055660824,0.123255194169597,0.114005700020719,0.115056237162891,27513270.434194,232203670.576981,27.513270434194
CRO,2021-06-17,0.115056237162891,0.117305798692673,0.11234603849041,0.114522802415329,24182741.3442811,210048663.910787,24.1827413442811
CRO,2021-06-18,0.114522802415329,0.115001872623878,0.104428915752373,0.106430951817197,26062679.7612569,236447126.273046,26.0626797612569
CRO,2021-06-19,0.106430951817197,0.111792287670065,0.103791883602465,0.108254682467462,25367502.5772316,234287186.880223,25.3675025772316
CRO,2021-06-20,0.108254682467462,0.109192825296813,0.10110263628904,0.108287195195018,23532210.5001779,222018168.381445,23.5322105001779
CRO,2021-06-21,0.108287195195018,0.10838149858124,0.09138913743531,0.09165873323189,24311059.7212527,247658934.559682,24.311059721252697
CRO,2021-06-22,0.09165873323189,0.0960706041932549,0.081738833458276,0.089080176778678,27893362.2056101,308863018.285822,27.8933622056101
CRO,2021-06-23,0.089080176778678,0.0974166113041013,0.0871774620737443,0.0969907670980426,20406399.2555357,218498525.398239,20.4063992555357
CRO,2021-06-24,0.0969907670980426,0.102589012632762,0.0933600875111568,0.101242977287695,17570212.7957076,179189635.046123,17.570212795707597
CRO,2021-06-25,0.101242977287695,0.103976682816382,0.09405261081482,0.0950325935994702,23701110.8922106,239234316.228146,23.7011108922106
CRO,2021-06-26,0.0950325935994702,0.0972892986103507,0.090325488579594,0.0958888565543297,28507104.6436209,302811058.956607,28.507104643620902
CRO,2021-06-27,0.0958888565543297,0.106464761798705,0.0954891377072382,0.106406559319549,31420858.2559648,310103586.126432,31.420858255964802
CRO,2021-06-28,0.106406559319549,0.109795370308094,0.103951606087638,0.109079393714038,26218908.743916,245453905.007814,26.218908743916
CRO,2021-06-29,0.109079393714038,0.119315499699473,0.109079393714038,0.116255349283126,30276178.2018455,264126562.159303,30.2761782018455
CRO,2021-06-30,0.116255349283126,0.117194217781451,0.109715141259525,0.116144043564712,33274339.8489084,292046540.587574,33.2743398489084
CRO,2021-07-01,0.116144043564712,0.117377514320706,0.111728428617362,0.112857040041171,30540048.6448316,267792207.096107,30.5400486448316
CRO,2021-07-02,0.112857040041171,0.114816970449837,0.109282184993921,0.114212807043601,22527090.0584548,202282294.414452,22.5270900584548
CRO,2021-07-03,0.114212807043601,0.120130563223513,0.112986587210842,0.119064108476244,26665781.8822711,226713577.832164,26.6657818822711
CRO,2021-07-04,0.119064108476244,0.125573064055292,0.117801653837124,0.122809302957309,21685402.0716675,177363827.339707,21.6854020716675
CRO,2021-07-05,0.122809302957309,0.122809302957309,0.11375163346691,0.116648716255188,23592339.9105229,200231151.331445,23.5923399105229
CRO,2021-07-06,0.116648716255188,0.127537777510575,0.116648716255188,0.122259481824972,47117720.1190417,385314072.576126,47.11772011904171
CRO,2021-07-07,0.122259481824972,0.123782933522917,0.117457413038496,0.119581657562641,28897792.1737551,240324663.753964,28.897792173755104
CRO,2021-07-08,0.119581657562641,0.119581657562641,0.112003036112168,0.115311626973791,20160033.2582103,176077970.141971,20.1600332582103
CRO,2021-07-09,0.115311626973791,0.121589891091694,0.111010570125717,0.119968437168405,19517272.5172592,166559412.648873,19.517272517259197
CRO,2021-07-10,0.119968437168405,0.121479892090878,0.116965656366976,0.118729951751625,14037754.38586,118289128.696512,14.03775438586
CRO,2021-07-11,0.118729951751625,0.132565298447327,0.118729951751625,0.131576695068293,23556873.4717044,188410881.141292,23.5568734717044
CRO,2021-07-12,0.131576695068293,0.131576695068293,0.123074719103051,0.124744976796378,18545902.7704417,145972141.389206,18.5459027704417
CRO,2021-07-13,0.124744976796378,0.129052699995269,0.121567080938179,0.12805260233116,19393019.0394663,154502228.92835,19.3930190394663
CRO,2021-07-14,0.12805260233116,0.1294838862639,0.120502985118703,0.123550209577641,68196863.3240613,546960044.935602,68.1968633240613
CRO,2021-07-15,0.123550209577641,0.125121282291789,0.113451548235597,0.114324307175617,25431403.0385884,213858853.725449,25.4314030385884
CRO,2021-07-16,0.114324307175617,0.119089447270008,0.108237634033395,0.111571735552678,27099082.9933199,238906401.606642,27.0990829933199
CRO,2021-07-17,0.111571735552678,0.115239913535065,0.110786555845923,0.112840527428609,15229589.3776607,134513392.232102,15.2295893776607
CRO,2021-07-18,0.112840527428609,0.115930949879946,0.112137570844827,0.112137570844827,13931518.4915895,122192751.156699,13.9315184915895
CRO,2021-07-19,0.112137570844827,0.112858618096031,0.105805221460242,0.106555661322507,13091591.539743,120507154.266732,13.091591539743
CRO,2021-07-20,0.106555661322507,0.107237329531487,0.0990482932550197,0.102976113521395,18801199.3494227,183688763.889241,18.8011993494227
CRO,2021-07-21,0.102976113521395,0.112221605243454,0.101325721377254,0.109632370056635,15605654.1784363,145697280.615676,15.6056541784363
CRO,2021-07-22,0.109632370056635,0.112493394630333,0.108484784510903,0.111450201649926,16082239.4913873,145170227.721643,16.082239491387302
CRO,2021-07-23,0.111450201649926,0.114316714836655,0.109584005707891,0.114034455913254,20199076.8803995,180224820.869085,20.1990768803995
CRO,2021-07-24,0.114034455913254,0.116194341809664,0.11258872192593,0.114875572930547,17428762.7230096,152900794.108071,17.4287627230096
CRO,2021-07-25,0.114875572930547,0.11723779636874,0.113064816296845,0.116962622606213,20285304.61829,176063335.729035,20.28530461829
CRO,2021-07-26,0.116962622606213,0.126717915814265,0.115128364662647,0.116453971575038,23630352.9828584,194561313.14225,23.6303529828584
CRO,2021-07-27,0.116453971575038,0.122180576407757,0.114779260623122,0.121849265194911,13252797.0874433,112414477.840644,13.2527970874433
CRO,2021-07-28,0.121849265194911,0.125540293332473,0.117978670940351,0.121281325389198,17885653.0271592,145892134.261635,17.8856530271592
CRO,2021-07-29,0.121281325389198,0.125644868896933,0.11951296591425,0.124579814079556,15220241.0105395,124456928.516377,15.2202410105395
CRO,2021-07-30,0.124579814079556,0.127694031328034,0.119189031863869,0.127694031328034,12924319.9871977,104007985.210692,12.9243199871977
CRO,2021-07-31,0.127694031328034,0.130429899769873,0.125798631923178,0.129701079141028,12147712.0397832,94908379.6917326,12.147712039783201
CRO,2021-08-01,0.129701079141028,0.132877192492656,0.123695983021664,0.124096634828553,13511413.5160134,104775577.610987,13.5114135160134
CRO,2021-08-02,0.124096634828553,0.127648808266505,0.12103866676789,0.124918396491968,19829023.9518052,158972922.544547,19.8290239518052
CRO,2021-08-03,0.124918396491968,0.12529529364249,0.118730365078505,0.119944956619416,11968769.148333,98830810.8572166,11.968769148333
CRO,2021-08-04,0.119944956619416,0.127912501313369,0.119510428758474,0.126146036888529,11775641.4824422,95274436.0601941,11.7756414824422
CRO,2021-08-05,0.126146036888529,0.130647334089127,0.119922888034862,0.130021230625697,18285240.1957628,145814653.667993,18.2852401957628
CRO,2021-08-06,0.130021230625697,0.13399159636177,0.126818721144866,0.131306917882231,15979110.1887492,123231697.332409,15.9791101887492
CRO,2021-08-07,0.131306917882231,0.141792677133142,0.130624315358008,0.14176338037867,19960784.3850375,146856216.346919,19.9607843850375
CRO,2021-08-08,0.14176338037867,0.141988287970453,0.134880272202641,0.136485655711848,15252841.3633238,110458922.871345,15.2528413633238
CRO,2021-08-09,0.136485655711848,0.14203317170019,0.132787936476937,0.141974544233292,14032779.9873201,101979022.573939,14.032779987320101
CRO,2021-08-10,0.141974544233292,0.144305662295534,0.139701763245187,0.14252373621737,15670915.5910972,110107331.954514,15.6709155910972
CRO,2021-08-11,0.14252373621737,0.149826121888917,0.142044126626939,0.146128692959464,18029783.8212094,123399316.622219,18.0297838212094
CRO,2021-08-12,0.146128692959464,0.148659303629134,0.136346092815637,0.139273953039175,18047932.1354179,126425686.974991,18.047932135417902
CRO,2021-08-13,0.139273953039175,0.15307568407307,0.138175698956851,0.152883724909763,15977949.7943536,109051871.19416,15.9779497943536
CRO,2021-08-14,0.152883724909763,0.152883724909763,0.146194482565185,0.150028195190286,15645320.7801113,104566631.042409,15.6453207801113
CRO,2021-08-15,0.150028195190286,0.151349895169221,0.145606507912654,0.150755607105037,13773380.3498606,92527639.8272823,13.773380349860599
CRO,2021-08-16,0.150755607105037,0.154770670115584,0.147361681316852,0.148225333951594,15870913.9258752,104874986.971898,15.8709139258752
CRO,2021-08-17,0.148225333951594,0.152336428955524,0.140835206083622,0.141218594407277,18123516.4529293,123105908.489381,18.123516452929298
CRO,2021-08-18,0.141218594407277,0.144311101778683,0.139252687036398,0.142199741547661,17298885.1877156,121909318.394672,17.2988851877156
CRO,2021-08-19,0.142199741547661,0.148058586116335,0.14025731947909,0.14721456248308,12273201.2596561,85681348.7354542,12.2732012596561
CRO,2021-08-20,0.14721456248308,0.155116811640478,0.146632485746052,0.153994688723792,16318364.909703,108086271.667388,16.318364909703
CRO,2021-08-21,0.153994688723792,0.155842368587462,0.150649255484179,0.15520423002312,11087002.4646796,72382157.9807604,11.087002464679601
CRO,2021-08-22,0.15520423002312,0.157198214608435,0.1527052854408,0.155701486834533,13292893.2775376,85716499.853424,13.2928932775376
CRO,2021-08-23,0.155701486834533,0.160059566129216,0.154984231688075,0.158204682903612,19782589.5270403,124818322.393558,19.782589527040297
CRO,2021-08-24,0.158204682903612,0.16396291536082,0.15285918093391,0.153599802959413,23175242.820213,145475553.745206,23.175242820213
CRO,2021-08-25,0.153599802959413,0.158220702385376,0.149857623439428,0.157439955543545,23343242.6237941,151545021.111249,23.3432426237941
CRO,2021-08-26,0.157439955543545,0.158459782969482,0.147737375143496,0.148895065313419,26351369.2197797,174192109.280013,26.3513692197797
CRO,2021-08-27,0.148895065313419,0.157339631115802,0.1465365468423,0.156938394443412,26873723.6535099,177352279.925435,26.8737236535099
CRO,2021-08-28,0.156938394443412,0.157091059173703,0.154512703266823,0.156114508907685,21500670.5037293,138197989.956841,21.5006705037293
CRO,2021-08-29,0.156114508907685,0.161136654134823,0.154895624587357,0.160145600376386,31225999.607579,197494375.47731,31.225999607579002
CRO,2021-08-30,0.160145600376386,0.160145600376386,0.152860448380731,0.153382734808362,28612475.8349201,183123620.592404,28.6124758349201
CRO,2021-08-31,0.153382734808362,0.156888709453517,0.150966337409724,0.153969191113747,28510510.6317619,185059443.988984,28.5105106317619
CRO,2021-09-01,0.153969191113747,0.161947464034807,0.151519223300291,0.161944309704744,32799416.9435508,209993964.577472,32.799416943550796
CRO,2021-09-02,0.161944309704744,0.168520895409405,0.160754446764318,0.162239887862316,29435110.9542188,180097200.171631,29.4351109542188
CRO,2021-09-03,0.162239887862316,0.169250387830597,0.159820367612816,0.166745637613674,17988372.9177233,108792277.156042,17.9883729177233
CRO,2021-09-04,0.166745637613674,0.174237869069616,0.165736685543426,0.172215333298339,21937193.0040898,128460142.925732,21.9371930040898
CRO,2021-09-05,0.172215333298339,0.187448415176051,0.16989222537217,0.184469526155623,29279687.2062596,163606903.313388,29.279687206259602
CRO,2021-09-06,0.184469526155623,0.204047866952899,0.182179112540191,0.203376613695121,41394192.7860062,213959069.311828,41.394192786006194
CRO,2021-09-07,0.203376613695121,0.203376613695121,0.16602841915705,0.170418621591242,38106377.750148,206600564.623973,38.106377750148
CRO,2021-09-08,0.170418621591242,0.174429863585908,0.157993061610922,0.172008936278526,26589930.4585946,159282865.577556,26.5899304585946
CRO,2021-09-09,0.172008936278526,0.1844048801006,0.16774451051949,0.182378426424483,26628489.7140039,150942638.480155,26.628489714003898
CRO,2021-09-10,0.182378426424483,0.1872305955727,0.170308078739485,0.172796597089531,28762573.4850667,160840388.669873,28.7625734850667
CRO,2021-09-11,0.172796597089531,0.179603012963998,0.172139162658167,0.179312218120503,15795434.6613517,89376476.6241069,15.795434661351699
CRO,2021-09-12,0.179312218120503,0.186612810802893,0.177441522211482,0.181840828130609,25901644.5770178,141185874.87302,25.901644577017798
CRO,2021-09-13,0.181840828130609,0.187051274822573,0.169708543147539,0.176613414912278,23012130.4799183,129728372.389705,23.0121304799183
CRO,2021-09-14,0.176613414912278,0.185166248215222,0.175440778928534,0.184363296494022,15681257.5120076,86969850.6531332,15.6812575120076
CRO,2021-09-15,0.184363296494022,0.191777035973684,0.183956392752871,0.191151318077986,21741976.4267897,115598209.378678,21.7419764267897
CRO,2021-09-16,0.191151318077986,0.193533159003511,0.187542463352202,0.192152863149645,26607950.1080116,139636773.321737,26.6079501080116
CRO,2021-09-17,0.192152863149645,0.202140267181168,0.187232911208485,0.188029886681049,56225708.4353887,289353776.262006,56.2257084353887
CRO,2021-09-18,0.188029886681049,0.192400099694871,0.184634444179771,0.187250167557839,17052404.0197772,90324281.672144,17.0524040197772
CRO,2021-09-19,0.187250167557839,0.187404962121477,0.181568192565866,0.18265550049883,12653850.431302,68557427.1211906,12.653850431302
CRO,2021-09-20,0.18265550049883,0.188370721322225,0.157734350631694,0.160250834055361,32051999.7718159,186761065.182867,32.0519997718159
CRO,2021-09-21,0.160250834055361,0.163213925515819,0.148286686996308,0.14936436616704,18459020.5118589,116781324.701753,18.4590205118589
CRO,2021-09-22,0.14936436616704,0.167355670658762,0.148374530971086,0.166205752717987,15471220.1047801,97736457.1840069,15.4712201047801
CRO,2021-09-23,0.166205752717987,0.174727810921721,0.163664926658625,0.172043969713485,32195676.9932942,189948658.022963,32.1956769932942
CRO,2021-09-24,0.172043969713485,0.172043969713485,0.15496145721247,0.161741463847394,15509693.6559373,94960181.2912151,15.5096936559373
CRO,2021-09-25,0.161741463847394,0.16309159144741,0.156998798123754,0.159260257332999,9919215.82613079,62327637.537627,9.91921582613079
CRO,2021-09-26,0.159260257332999,0.16248322333395,0.150341762191193,0.159008723322948,11662624.2942525,74143082.1053991,11.6626242942525
CRO,2021-09-27,0.159008723322948,0.163911972561148,0.155433391878235,0.155433391878235,11822075.9655807,73499431.9451859,11.8220759655807
CRO,2021-09-28,0.155433391878235,0.156054587132562,0.146737926317157,0.146979377477489,12182038.4352612,80118455.6911706,12.1820384352612
CRO,2021-09-29,0.146979377477489,0.154479759779266,0.145917334712774,0.150198806606449,12780166.1467922,84765795.796752,12.7801661467922
CRO,2021-09-30,0.150198806606449,0.159886587974603,0.150198806606449,0.159494596774143,15797989.2060351,100881290.21967,15.7979892060351
CRO,2021-10-01,0.159494596774143,0.174583945880684,0.158279268821262,0.173855677749056,18952305.8732275,112825336.286448,18.9523058732275
CRO,2021-10-02,0.173855677749056,0.180323054755828,0.172396627143157,0.176462466177908,14309261.5856691,80907898.9442998,14.3092615856691
CRO,2021-10-03,0.176462466177908,0.184904681959481,0.173415825358307,0.183334059726333,24805243.8544688,137063525.515848,24.8052438544688
CRO,2021-10-04,0.183334059726333,0.184054023099531,0.174363966814392,0.180929242490044,21196308.785017,118549167.825526,21.196308785017
CRO,2021-10-05,0.180929242490044,0.183889357800167,0.178557647579757,0.181797446259148,30133814.0028168,166416677.869395,30.1338140028168
CRO,2021-10-06,0.181797446259148,0.188986394500001,0.176740924268388,0.188102885138651,52221614.2089967,285088392.000892,52.2216142089967
CRO,2021-10-07,0.188102885138651,0.189951472236136,0.184463031064634,0.18561806338883,45329526.9807295,242234395.618883,45.3295269807295
CRO,2021-10-08,0.18561806338883,0.197497797352668,0.184885443998523,0.192633983787429,48253902.9629494,250813025.319,48.253902962949404
CRO,2021-10-09,0.192633983787429,0.196361793535837,0.190645889513472,0.19444465053285,23585570.7269141,121909005.579287,23.5855707269141
CRO,2021-10-10,0.19444465053285,0.195580766847833,0.189571948792302,0.190876723450239,17930127.98221,93322215.3478431,17.93012798221
CRO,2021-10-11,0.190876723450239,0.196571429320928,0.18800673142278,0.194775860205573,22523692.9083478,116294415.85676,22.5236929083478
CRO,2021-10-12,0.194775860205573,0.194775860205573,0.179162520258903,0.187527992588342,25268511.3552464,135804329.229642,25.2685113552464
CRO,2021-10-13,0.187527992588342,0.189066598492979,0.181098610327617,0.188111306796859,18765062.435591,101275134.092573,18.765062435591002
CRO,2021-10-14,0.188111306796859,0.19079923500602,0.185996390982323,0.188490405307939,13614725.0324931,72284487.5808069,13.6147250324931
CRO,2021-10-15,0.188490405307939,0.192916003583843,0.185266114849839,0.191270301471199,25752950.196557,136244806.672013,25.752950196557002
CRO,2021-10-16,0.191270301471199,0.196163285755985,0.189861496403152,0.191985266465948,16959720.4050514,87892748.6018604,16.9597204050514
CRO,2021-10-17,0.191985266465948,0.192874038519716,0.183942637257213,0.189448352775224,13689548.406537,72611003.7036005,13.689548406537
CRO,2021-10-18,0.189448352775224,0.192178142889274,0.18156085597912,0.187834408008831,13921070.6638687,74449547.4633165,13.921070663868699
CRO,2021-10-19,0.187834408008831,0.189037237510861,0.182645756715067,0.188654259791348,11650611.9357415,62506211.5430654,11.650611935741502
CRO,2021-10-20,0.188654259791348,0.193325475020754,0.184667585473372,0.191467392775495,12396923.0634576,65559645.2405686,12.396923063457601
CRO,2021-10-21,0.191467392775495,0.199882238011926,0.188620484914799,0.189125768230794,21541730.9703898,111354039.889876,21.5417309703898
CRO,2021-10-22,0.189125768230794,0.196993790082506,0.186021275307389,0.188532464091608,17954803.3794728,93389177.5932483,17.9548033794728
CRO,2021-10-23,0.188532464091608,0.195125029038681,0.187452300641308,0.194719427034602,11796380.785584,61753318.7472841,11.796380785584
CRO,2021-10-24,0.194719427034602,0.198704353942975,0.191881554044499,0.193507310739662,16159045.0935321,82634081.7615587,16.1590450935321
CRO,2021-10-25,0.193507310739662,0.204072906616039,0.193507310739662,0.202822432746273,13865591.9359347,69562224.006464,13.8655919359347
CRO,2021-10-26,0.202822432746273,0.210406915417385,0.201677132292677,0.206135967205594,18163805.3833379,87931791.9801773,18.1638053833379
CRO,2021-10-27,0.206135967205594,0.209718317818716,0.189475274558781,0.190283382099514,28689443.1614413,145234301.748694,28.6894431614413
CRO,2021-10-28,0.190283382099514,0.21155986791949,0.187992471697931,0.205701853899314,24547036.444609,122296717.927029,24.547036444609002
CRO,2021-10-29,0.205701853899314,0.230169647798192,0.203567962778314,0.225518327216485,45412594.920182,208514617.824132,45.412594920181995
CRO,2021-10-30,0.225518327216485,0.225518327216485,0.212838644610036,0.215274245452632,22967256.0810488,105048787.675203,22.967256081048802
CRO,2021-10-31,0.215274245452632,0.230797570256344,0.207412292508977,0.210728810599321,32097576.2213464,149547582.476311,32.0975762213464
CRO,2021-11-01,0.210728810599321,0.215503280906934,0.203509242156785,0.214798892693996,27088963.9550037,128102449.480743,27.088963955003702
CRO,2021-11-02,0.214798892693996,0.262619463105839,0.213045130437657,0.256232423386265,101067177.937138,416340633.765111,101.06717793713801
CRO,2021-11-03,0.256232423386265,0.269811967455146,0.244155215255772,0.268296333018731,172324858.310218,674377655.219714,172.32485831021802
CRO,2021-11-04,0.268296333018731,0.300609249672855,0.256438211050708,0.287984382281954,150381136.979349,538684325.169257,150.38113697934898
CRO,2021-11-05,0.287984382281954,0.401340101683329,0.281765131659847,0.377877100538594,356101158.427271,1021220587.12987,356.101158427271
CRO,2021-11-06,0.377877100538594,0.379494201655578,0.323170943247326,0.340437610794243,175425224.861068,514573530.449034,175.42522486106802
CRO,2021-11-07,0.340437610794243,0.364378777423098,0.33113955613555,0.35467935883701,119109498.421156,343021807.781578,119.109498421156
CRO,2021-11-08,0.35467935883701,0.417052268063624,0.349981029552106,0.39297187303267,255856379.82327,658574038.225263,255.85637982327
CRO,2021-11-09,0.39297187303267,0.399614469852771,0.348476304469358,0.354625992362502,103664008.878124,277091044.486065,103.664008878124
CRO,2021-11-10,0.354625992362502,0.366782495201136,0.330026306245818,0.338311471111118,67459109.2750996,192366820.111231,67.4591092750996
CRO,2021-11-11,0.338311471111118,0.351230751620928,0.330693846862274,0.348656403457771,64790883.8733274,189571491.647159,64.7908838733274
CRO,2021-11-12,0.348656403457771,0.36039556247647,0.337298150549945,0.359748525749642,119746743.19043,343428922.327482,119.74674319043
CRO,2021-11-13,0.359748525749642,0.419909202839722,0.35889937783372,0.387668796433787,295961205.190391,753813898.9596,295.961205190391
CRO,2021-11-14,0.387668796433787,0.438224534204703,0.387668796433787,0.438224534204703,258349097.697656,625822017.981053,258.349097697656
CRO,2021-11-15,0.438224534204703,0.512413221739965,0.437511365980586,0.444264723406343,481722836.736663,1025800267.18306,481.722836736663
CRO,2021-11-16,0.444264723406343,0.457521498512562,0.392518411618806,0.414741411989358,237847871.534239,564107484.083313,237.847871534239
CRO,2021-11-17,0.414741411989358,0.576468558629764,0.380217273148817,0.529175797059337,767322706.746407,1583023699.35024,767.322706746407
CRO,2021-11-18,0.529175797059337,0.586427959790487,0.485801103598215,0.50200550417235,594673531.810049,1093777945.88235,594.6735318100491
CRO,2021-11-19,0.50200550417235,0.570017867464763,0.48848606839634,0.569957770494928,289979906.968029,551722139.969548,289.979906968029
CRO,2021-11-20,0.569957770494928,0.585886740126363,0.538872745234683,0.579084291269058,225463872.863777,397461211.563115,225.463872863777
CRO,2021-11-21,0.579084291269058,0.773487315471736,0.567040561395246,0.727666708582433,759507129.453182,1110879835.88758,759.507129453182
CRO,2021-11-22,0.727666708582433,0.75847038258056,0.663575434888109,0.730840013350956,715657274.382787,1005475813.42745,715.657274382787
CRO,2021-11-23,0.730840013350956,0.899544223554965,0.719253303155458,0.890204217777307,842672535.482561,905380249.015217,842.672535482561
CRO,2021-11-24,0.890204217777307,0.96067736678828,0.836786376869834,0.889038103109099,911575735.269589,1007684646.08968,911.5757352695889
CRO,2021-11-25,0.889038103109099,0.9125938382249,0.764688780667724,0.811968377366742,616684550.239012,745481822.923933,616.684550239012
CRO,2021-11-26,0.811968377366742,0.811968377366742,0.659058841714509,0.694444562049712,407348023.308135,567158760.100945,407.348023308135
CRO,2021-11-27,0.694444562049712,0.824956358195859,0.689852384698604,0.784958454088242,407510018.428119,532826618.919639,407.510018428119
CRO,2021-11-28,0.784958454088242,0.784958454088242,0.699305664790623,0.757502927189453,242587323.347795,326984704.576983,242.587323347795
CRO,2021-11-29,0.757502927189453,0.775870006482142,0.717410501426738,0.718574252388394,164845585.748963,220382089.180538,164.845585748963
CRO,2021-11-30,0.718574252388394,0.723001734579869,0.671814551945144,0.692438218582128,168150159.524717,240495158.488032,168.150159524717
CRO,2021-12-01,0.692438218582128,0.775984750840508,0.689806102934504,0.722343999202264,257813515.073245,351631574.519781,257.813515073245
CRO,2021-12-02,0.722343999202264,0.724303453724864,0.688250787507395,0.694220329930813,227584685.766548,322470304.357494,227.584685766548
CRO,2021-12-03,0.694220329930813,0.70361858292156,0.599124404388236,0.641184796733443,268818531.563735,408416290.964876,268.818531563735
CRO,2021-12-04,0.641184796733443,0.644627084110098,0.484184789875122,0.609193593004753,373490244.403841,648402706.489107,373.490244403841
CRO,2021-12-05,0.609193593004753,0.615662357312502,0.545054832038524,0.565419078231608,194354118.763385,334409072.326721,194.354118763385
CRO,2021-12-06,0.565419078231608,0.599346223646393,0.514338094014969,0.59699587045657,250304758.363487,453789800.302013,250.304758363487
CRO,2021-12-07,0.59699587045657,0.657510096388271,0.59699587045657,0.607081144810423,401168616.178202,638180774.855901,401.168616178202
CRO,2021-12-08,0.607081144810423,0.62738520098009,0.59101665932366,0.612113957456689,212432271.06536,347532304.239595,212.43227106536
CRO,2021-12-09,0.612113957456689,0.621370133702796,0.563176265095271,0.566981423201379,189722970.054898,319552023.518722,189.72297005489798
CRO,2021-12-10,0.566981423201379,0.59673206310481,0.549812308365394,0.550234103678932,171935729.883426,299424631.934867,171.935729883426
CRO,2021-12-11,0.550234103678932,0.583855030502413,0.543770301539852,0.579514575504237,56807656.2602724,100681979.769299,56.807656260272395
CRO,2021-12-12,0.579514575504237,0.621820192149715,0.574165155708979,0.607090660344705,55492418.2633437,92979106.4885872,55.4924182633437
CRO,2021-12-13,0.607090660344705,0.608368873433481,0.529251419310175,0.533836158192991,105765728.128342,191388762.997991,105.765728128342
CRO,2021-12-14,0.533836158192991,0.55085153468094,0.523184871274381,0.544471461985618,144024310.091307,267365960.322263,144.024310091307
CRO,2021-12-15,0.544471461985618,0.563293649659977,0.516744456459122,0.557862022820909,175809209.14829,324740285.936007,175.80920914829
CRO,2021-12-16,0.557862022820909,0.570837933909433,0.540475494041363,0.540840671480448,129278211.028492,231410928.118998,129.278211028492
CRO,2021-12-17,0.540840671480448,0.545012566898033,0.511498647874846,0.521721061408734,137082395.592341,258509932.592654,137.08239559234102
CRO,2021-12-18,0.521721061408734,0.537370051738011,0.512221639551301,0.527609128922753,96053487.0479948,182449710.280158,96.0534870479948
CRO,2021-12-19,0.527609128922753,0.540801478832282,0.514304704528973,0.514891832900665,109876042.688658,209087502.834422,109.876042688658
CRO,2021-12-20,0.514891832900665,0.51971333977279,0.481964587899624,0.500023125121184,140538354.974766,282079720.273447,140.53835497476598
CRO,2021-12-21,0.500023125121184,0.534374794711638,0.495895941552836,0.529582768560637,131389254.988215,254173708.445262,131.389254988215
CRO,2021-12-22,0.529582768560637,0.547922245712716,0.526341077860127,0.53895213514754,104124869.280116,193225787.364426,104.124869280116
CRO,2021-12-23,0.53895213514754,0.610288852260352,0.533778162137303,0.595526964530326,145400620.416885,250588735.100336,145.40062041688498
CRO,2021-12-24,0.595526964530326,0.684091060696952,0.592702464862914,0.628471122014355,386158223.698136,604363685.224797,386.158223698136
CRO,2021-12-25,0.628471122014355,0.662772387363846,0.625430182854677,0.644762491123139,222420843.319934,341813025.565468,222.42084331993402
CRO,2021-12-26,0.644762491123139,0.646707594673481,0.609606028384132,0.626059246459899,194723777.725051,311972060.404502,194.72377772505098
CRO,2021-12-27,0.626059246459899,0.650022928848515,0.62094891508198,0.624487803614922,156590273.846128,247490596.119422,156.59027384612799
CRO,2021-12-28,0.624487803614922,0.624487803614922,0.555013606694338,0.566475933931031,205005481.639439,349807921.651209,205.00548163943898
CRO,2021-12-29,0.566475933931031,0.581615914831468,0.543348491598663,0.546948454224808,160764944.025291,285131536.009378,160.764944025291
CRO,2021-12-30,0.546948454224808,0.56771789631864,0.540646631642494,0.55320294509529,123645037.018735,222694146.923359,123.64503701873501
CRO,2021-12-31,0.55320294509529,0.585211747177969,0.548531727319035,0.557914178231411,136932981.579731,241444281.49311,136.93298157973098
CRO,2022-01-01,0.557914178231411,0.585693937911922,0.557914178231411,0.585118504611716,100532158.586712,175825489.048451,100.532158586712
CRO,2022-01-02,0.585118504611716,0.590227095036803,0.574664213323906,0.588780605079224,116747631.386316,200061147.129823,116.747631386316
CRO,2022-01-03,0.588780605079224,0.588780605079224,0.559749408761369,0.568310243993447,123270639.536283,214333209.630045,123.270639536283
CRO,2022-01-04,0.568310243993447,0.575411556802729,0.547980638850545,0.55240335270515,108434720.566126,193259728.572238,108.434720566126
CRO,2022-01-05,0.55240335270515,0.558958370917075,0.48218730236651,0.502955984760864,158465463.287263,298431162.533779,158.465463287263
CRO,2022-01-06,0.502955984760864,0.514791658237339,0.486112745412193,0.503964323184803,138157658.613171,277265160.875635,138.157658613171
CRO,2022-01-07,0.503964323184803,0.504606487610163,0.462360841290287,0.464119454894199,152558339.190177,318794094.982903,152.55833919017698
CRO,2022-01-08,0.464119454894199,0.483257832641346,0.442815152595839,0.454385706607099,122743724.61151,264567449.646162,122.74372461150999
CRO,2022-01-09,0.454385706607099,0.47717335860856,0.44992280192231,0.461710099100756,82914406.3587471,179473501.037788,82.9144063587471
CRO,2022-01-10,0.461710099100756,0.471747877531106,0.430919230637233,0.445096616471399,112037575.857524,247680592.785056,112.03757585752399
CRO,2022-01-11,0.445096616471399,0.464799321384708,0.439919062703379,0.459006300804212,92553657.0539209,204627158.642179,92.5536570539209
CRO,2022-01-12,0.459006300804212,0.494896254399786,0.458739767639285,0.487383984474358,109480917.711937,228545147.558385,109.480917711937
CRO,2022-01-13,0.487383984474358,0.492972528359713,0.456466236769772,0.457093959689525,98614775.8903742,207336081.054447,98.6147758903742
CRO,2022-01-14,0.457093959689525,0.468761871750397,0.447584895680984,0.457257018694033,89213045.1557239,195008591.058204,89.2130451557239
CRO,2022-01-15,0.457257018694033,0.47375226531448,0.455969838532338,0.467589450023958,88135379.4277744,189636863.695383,88.1353794277744
CRO,2022-01-16,0.467589450023958,0.472511999531528,0.460841639529971,0.464082023334188,75167900.5054109,160875830.300531,75.1679005054109
CRO,2022-01-17,0.464082023334188,0.464537098987309,0.437308622176403,0.444823657630318,95828780.3497971,212811163.922184,95.8287803497971
CRO,2022-01-18,0.444823657630318,0.452003088705734,0.43511058381958,0.445054000306233,110450702.322752,248960291.732621,110.450702322752
CRO,2022-01-19,0.445054000306233,0.448747481756088,0.431683814564235,0.432422117710993,92425712.6248684,210827982.302575,92.4257126248684
CRO,2022-01-20,0.432422117710993,0.474310128555847,0.427394538316482,0.435954379112557,157534329.026976,349870488.701957,157.534329026976
CRO,2022-01-21,0.435954379112557,0.439319116033684,0.353944990238729,0.36411635184501,159860961.03926,401396825.078587,159.86096103926
CRO,2022-01-22,0.36411635184501,0.371566646570549,0.328209755837436,0.337806438038183,141595268.970021,409196013.52984,141.595268970021
CRO,2022-01-23,0.337806438038183,0.381808695245693,0.336800605398327,0.378574551142765,113527088.042819,316072223.799424,113.52708804281899
CRO,2022-01-24,0.378574551142765,0.378574551142765,0.330874467411794,0.3750166397877,133454239.9478,375667362.125533,133.4542399478
CRO,2022-01-25,0.3750166397877,0.398529475540082,0.366173965505998,0.392344002224134,109655456.458137,287426553.235629,109.65545645813701
CRO,2022-01-26,0.392344002224134,0.429053683747756,0.388516994733525,0.399581472576085,141120651.860569,345881069.487405,141.120651860569
CRO,2022-01-27,0.399581472576085,0.411030723752505,0.381438204483773,0.400835101079854,94273342.5805828,238810284.66422,94.27334258058279
CRO,2022-01-28,0.400835101079854,0.423011000660004,0.389875903102996,0.420819088224864,88986669.7816495,220001394.759257,88.9866697816495
CRO,2022-01-29,0.420819088224864,0.441062278628827,0.41677781827573,0.432687920551084,84994208.3927428,197693528.193199,84.99420839274279
CRO,2022-01-30,0.432687920551084,0.44061217161504,0.418057376199319,0.424689729282594,77332903.418065,179832413.838768,77.332903418065
CRO,2022-01-31,0.424689729282594,0.431734318715644,0.403171827778453,0.428834716359624,85475949.0287867,204416699.020045,85.4759490287867
CRO,2022-02-01,0.428834716359624,0.438369893490831,0.423818148407206,0.437351877641367,83205614.5516926,193119378.784658,83.2056145516926
CRO,2022-02-02,0.437351877641367,0.437841161315621,0.400215074722869,0.403654706482698,79340477.4343636,188889545.580795,79.3404774343636
CRO,2022-02-03,0.403654706482698,0.407357142327189,0.392388875340146,0.403692163729765,67535403.4406888,169148059.16332,67.53540344068881
CRO,2022-02-04,0.403692163729765,0.437427148928937,0.401333273888848,0.436528374718311,82286910.6396538,196674762.295016,82.2869106396538
CRO,2022-02-05,0.436528374718311,0.460914055883415,0.429237466804094,0.449039258816535,102035097.348441,228099525.839801,102.035097348441
CRO,2022-02-06,0.449039258816535,0.462950676864949,0.445760699131269,0.462950676864949,77975061.9869587,171908701.564268,77.97506198695869
CRO,2022-02-07,0.462950676864949,0.504160099699641,0.455782069199647,0.495682999967078,131415061.292615,271737585.621193,131.415061292615
CRO,2022-02-08,0.495682999967078,0.517871087940708,0.476836013768217,0.488218499584619,152566798.984429,306192081.351237,152.566798984429
CRO,2022-02-09,0.488218499584619,0.519695111280731,0.478572601263025,0.516113787631348,106161722.363563,211960277.676279,106.161722363563
CRO,2022-02-10,0.516113787631348,0.542191526978574,0.500857962663602,0.509222010565028,171609690.207209,329028920.348675,171.60969020720898
CRO,2022-02-11,0.509222010565028,0.523963474268513,0.471324426708036,0.480008168480908,140937992.388758,280107802.946798,140.937992388758
CRO,2022-02-12,0.480008168480908,0.496476343914174,0.476173093464408,0.487217288082771,104528884.904348,215298738.27718,104.528884904348
CRO,2022-02-13,0.487217288082771,0.518813483257207,0.484240767157529,0.50207804353316,158229108.642433,312689923.67314,158.22910864243298
CRO,2022-02-14,0.50207804353316,0.506472331617993,0.463971763168876,0.470196096488354,149964022.480077,312137285.284024,149.964022480077
CRO,2022-02-15,0.470196096488354,0.502503670682114,0.464740520000481,0.496248078564051,118109525.4597,241186781.173699,118.10952545970001
CRO,2022-02-16,0.496248078564051,0.496248078564051,0.475116594848452,0.47987306275358,81558994.9144308,167949691.545145,81.5589949144308
CRO,2022-02-17,0.47987306275358,0.483840587063969,0.428115520268128,0.43117197184451,102060352.707105,222406186.861157,102.060352707105
CRO,2022-02-18,0.43117197184451,0.458305467302764,0.428030796954931,0.436309681292132,119980809.538537,269889935.734945,119.980809538537
CRO,2022-02-19,0.436309681292132,0.450496199530338,0.435038016421744,0.437325796454072,67762793.2161101,153387701.766695,67.7627932161101
CRO,2022-02-20,0.437325796454072,0.440253853828132,0.403176969242795,0.405000022313656,79172740.3784963,189134511.314747,79.1727403784963
CRO,2022-02-21,0.405000022313656,0.420965706222732,0.385366036763804,0.386505321377768,99544908.9352921,245753393.917525,99.5449089352921
CRO,2022-02-22,0.386505321377768,0.40598127910598,0.371269727531878,0.403646668032766,89037412.0471788,230076697.729863,89.0374120471788
CRO,2022-02-23,0.403646668032766,0.420528597506969,0.396460135156204,0.398125936040344,86480073.1438638,210521146.826928,86.48007314386379
CRO,2022-02-24,0.398125936040344,0.404902079129767,0.348321624295662,0.39528294291883,134337487.928597,360607885.552873,134.337487928597
CRO,2022-02-25,0.39528294291883,0.421987411741636,0.394848813732366,0.418295301581034,83913685.3575316,205289602.249414,83.9136853575316
CRO,2022-02-26,0.418295301581034,0.42754144117244,0.41215649023022,0.414582941043886,61767735.7870295,146832891.427467,61.767735787029494
CRO,2022-02-27,0.414582941043886,0.421572630085635,0.390558571971027,0.394872595829644,63121007.9244924,155100673.036834,63.121007924492396
CRO,2022-02-28,0.394872595829644,0.446527437383033,0.391530619034921,0.439395905265313,85077804.3010789,205042764.648791,85.0778043010789
CRO,2022-03-01,0.439395905265313,0.450701946789028,0.430922749196952,0.439601302749828,183934723.612614,803709868.743216,183.934723612614
CRO,2022-03-02,0.439601302749828,0.45295655078313,0.434096743521991,0.446558735378266,60668377.4948986,136641481.3195,60.6683774948986
CRO,2022-03-03,0.446558735378266,0.447523305789133,0.421843260418986,0.430873973932868,46541418.3027882,107562620.398982,46.541418302788195
CRO,2022-03-04,0.430873973932868,0.430901509907848,0.392807327186287,0.396974354950541,51200052.5504361,123936579.285672,51.200052550436105
CRO,2022-03-05,0.396974354950541,0.409851583382275,0.39315545435049,0.409308468685583,27447860.6946675,68251387.1218652,27.4478606946675
CRO,2022-03-06,0.409308468685583,0.411396156218217,0.390918697153364,0.391528415635396,36158810.3808883,90247614.5723957,36.1588103808883
CRO,2022-03-07,0.391528415635396,0.400308948768428,0.372822542511477,0.378273852957622,45420278.1098125,117705541.431414,45.4202781098125
CRO,2022-03-08,0.378273852957622,0.393048302758296,0.37722755242676,0.386807362353245,44170718.499698,114033593.597998,44.170718499698
CRO,2022-03-09,0.386807362353245,0.417110474457521,0.386315596305115,0.408415404394822,55305713.7284665,135821422.570633,55.3057137284665
CRO,2022-03-10,0.408415404394822,0.409161836059177,0.381890239067625,0.389505190357641,42769374.517284,109922817.947302,42.769374517284
CRO,2022-03-11,0.389505190357641,0.395988082313246,0.379257156676618,0.381833936271358,40692477.6857252,105346609.463911,40.692477685725194
CRO,2022-03-12,0.381833936271358,0.392010735760158,0.381348867307729,0.388267053593021,30846011.7213833,79465177.9030994,30.8460117213833
CRO,2022-03-13,0.388267053593021,0.390468810638358,0.375857502326817,0.376629707097362,25446322.0853061,65952114.5681708,25.4463220853061
CRO,2022-03-14,0.376629707097362,0.386481450262981,0.372955017872734,0.379797992584327,34230915.7129485,90294445.1177794,34.2309157129485
CRO,2022-03-15,0.379797992584327,0.386760167971733,0.373046802790138,0.38473366078506,35242961.6111266,92950338.6020884,35.2429616111266
CRO,2022-03-16,0.38473366078506,0.407149841889738,0.383575107260172,0.405499600370623,52228874.3689735,132145782.113346,52.2288743689735
CRO,2022-03-17,0.405499600370623,0.408380791774596,0.400278769040481,0.401304977420448,30504480.5016516,77043026.7563805,30.5044805016516
CRO,2022-03-18,0.401304977420448,0.412628337225349,0.391764317152176,0.406654453030617,40059929.8119982,99870873.6832211,40.0599298119982
CRO,2022-03-19,0.406654453030617,0.418996777323025,0.40561781454861,0.418410823238333,29541728.7454223,71586765.8169428,29.5417287454223
CRO,2022-03-20,0.418410823238333,0.418880004725399,0.404261147859887,0.405593638436313,29463449.8338816,71468566.7620092,29.4634498338816
CRO,2022-03-21,0.405593638436313,0.412063970351448,0.399629891156905,0.404958495317421,31738897.8546919,78065267.0571512,31.7388978546919
CRO,2022-03-22,0.404958495317421,0.422271413211112,0.404269780102023,0.417150454699576,44148340.9204558,105979454.730749,44.1483409204558
CRO,2022-03-23,0.417150454699576,0.434942562472078,0.411149415291616,0.433734223316251,32103866.0639532,75910934.0293997,32.1038660639532
CRO,2022-03-24,0.433734223316251,0.450350654080499,0.432139032970574,0.450201550918284,24674886.3392211,55962601.2029408,24.6748863392211
CRO,2022-03-25,0.450201550918284,0.467184432238102,0.446330635785583,0.455007266796707,5958883.67812376,13087631.0067129,5.95888367812376
CRO,2022-03-26,0.455007266796707,0.473854475496117,0.444292975330919,0.454649870436614,72559.890582982,157904.268931,0.072559890582982
CRO,2022-03-27,0.454649870436614,0.486840606106789,0.454649870436614,0.484852711279262,548178.544284311,1168530.82995359,0.548178544284311
CRO,2022-03-28,0.484852711279262,0.501027825612101,0.479527690165605,0.480244288329204,5989122.94619486,12188048.4322341,5.98912294619486
CRO,2022-03-29,0.480244288329204,0.494694886887084,0.476514222461619,0.479595273998553,793385.783194421,1626989.91280767,0.793385783194421
CRO,2022-03-30,0.479595273998553,0.483211356180821,0.463955619711252,0.470039513239813,137123.194559069,289245.02839695,0.137123194559069
CRO,2022-03-31,0.470039513239813,0.486377082904187,0.458510138,0.4609455926,154490.162378695,325373.05285187,0.154490162378695
CRO,2022-04-01,0.4609455926,0.482271388382707,0.440448120316224,0.479470256504323,1778772.88763232,3747712.78075616,1.7787728876323199
CRO,2022-04-02,0.479470256504323,0.487957009807134,0.475220134756488,0.481084849276898,6012951.78136373,12483351.8362929,6.01295178136373
CRO,2022-04-03,0.481084849276898,0.486867348338947,0.475716968659101,0.480042388279533,4693630.59574734,9737783.34311712,4.693630595747339
CRO,2022-04-04,0.480042388279533,0.483062902139714,0.465824653798152,0.482418113527723,1267342.35876731,2660548.72012164,1.2673423587673098
CRO,2022-04-05,0.482418113527723,0.486890148576035,0.47209405354621,0.472647579906597,19333628.1565704,40241999.9503357,19.333628156570402
CRO,2022-04-06,0.472647579906597,0.472647579906597,0.439788700177653,0.440118632508207,56145416.0347572,123317969.018649,56.1454160347572
CRO,2022-04-07,0.440118632508207,0.451213170524578,0.436839038226888,0.448044965897484,43230043.3324977,96958626.5202139,43.2300433324977
CRO,2022-04-08,0.448044965897484,0.456874664172325,0.435002574389343,0.436112848362652,51688125.3383545,115138922.758484,51.688125338354496
CRO,2022-04-09,0.436112848362652,0.445695578303366,0.433932518809604,0.445091525947362,31657401.7406687,72154618.489742,31.6574017406687
CRO,2022-04-10,0.445091525947362,0.452572154487465,0.439887739119554,0.44026653667669,29394055.013202,65900709.9154358,29.394055013202
CRO,2022-04-11,0.44026653667669,0.440996704330166,0.399453831058719,0.403898063964219,49681758.5509796,118897811.006389,49.6817585509796
CRO,2022-04-12,0.403898063964219,0.423515300752734,0.402232822885474,0.416726067334686,54107804.2961549,130088889.688236,54.1078042961549
CRO,2022-04-13,0.416726067334686,0.423863770836286,0.408396643569811,0.42336439830648,40430368.3664833,96689442.707985,40.4303683664833
CRO,2022-04-14,0.42336439830648,0.426969329011982,0.409057262459415,0.411106137064473,39997828.1787139,95751856.6341342,39.9978281787139
CRO,2022-04-15,0.411106137064473,0.415491947841801,0.404359881725112,0.407831066033672,38502360.8740486,93999264.1875081,38.5023608740486
CRO,2022-04-16,0.407831066033672,0.412260208755214,0.406090300483615,0.408453516360782,22249234.6906486,54430557.4986205,22.2492346906486
CRO,2022-04-17,0.408453516360782,0.414152271265509,0.404585354144489,0.405247990471756,24328012.2340642,59300919.9364511,24.3280122340642
CRO,2022-04-18,0.405247990471756,0.413239166906904,0.392568744228743,0.411595169053868,40440402.6344006,100836244.728637,40.4404026344006
CRO,2022-04-19,0.411595169053868,0.417993897417843,0.406629900356124,0.417210050020803,31260963.4812092,75711669.0992947,31.2609634812092
CRO,2022-04-20,0.417210050020803,0.425236850094504,0.410517316734675,0.417049907663635,37199143.0401171,89108934.0334663,37.1991430401171
CRO,2022-04-21,0.417049907663635,0.427361428901915,0.404144045852255,0.407635559367107,39936876.5798787,95407366.5971948,39.9368765798787
CRO,2022-04-22,0.407635559367107,0.414134596263105,0.397333506377426,0.404531744756236,35883326.6216082,88362130.1112565,35.8833266216082
CRO,2022-04-23,0.404531744756236,0.410643770993139,0.401926141403276,0.405483104381056,28122860.6546844,69241468.6797288,28.1228606546844
CRO,2022-04-24,0.405483104381056,0.407206985608892,0.397402519899584,0.39759343613492,26647248.8401048,66058812.0059052,26.6472488401048
CRO,2022-04-25,0.39759343613492,0.403914185091366,0.38375818404304,0.402999939831272,45508112.0656736,115553716.011627,45.5081120656736
CRO,2022-04-26,0.402999939831272,0.404995057931225,0.375768509271179,0.379145336253382,5718500059.90327,104407496.210121,5718.50005990327
CRO,2022-04-27,0.379145336253382,0.391272392190747,0.377234341414427,0.389410180530815,34029159.04227,88175192.7351323,34.029159042269995
CRO,2022-04-28,0.389410180530815,0.393329237072083,0.383266953717358,0.389018738103896,34680171.6486504,89114151.9553374,34.6801716486504
CRO,2022-04-29,0.389018738103896,0.391287797227736,0.365938932104834,0.370153541531957,39048569.4485484,103006141.062973,39.0485694485484
CRO,2022-04-30,0.370153541531957,0.372367713137677,0.350285277797153,0.350575698522723,29699374.1349516,81445002.35415,29.699374134951597
CRO,2022-05-01,0.350575698522723,0.357011907186743,0.291147304146626,0.313329265638537,156397486.238309,491778778.202163,156.397486238309
CRO,2022-05-02,0.313329265638537,0.31987241131096,0.266657655975058,0.27634635941145,137628640.582117,474439106.49788,137.628640582117
CRO,2022-05-03,0.27634635941145,0.302488271961084,0.276085373389744,0.291779943781104,104510814.525568,359596672.102224,104.510814525568
CRO,2022-05-04,0.291779943781104,0.31282108120352,0.291031753181945,0.312567651833887,48368595.3951488,160228777.852121,48.3685953951488
CRO,2022-05-05,0.312567651833887,0.313599558697302,0.279594206567116,0.284609493677322,45669590.6737372,154445494.762794,45.6695906737372
CRO,2022-05-06,0.284609493677322,0.286520799833147,0.273844775321917,0.280587740570002,30717127.7078976,109221661.026942,30.7171277078976
CRO,2022-05-07,0.280587740570002,0.281076341072605,0.269710119585422,0.27181212892452,23688955.8189758,85654996.8872402,23.6889558189758
CRO,2022-05-08,0.27181212892452,0.27190283706811,0.255497655043148,0.256672532352313,29261518.4123426,111747059.280779,29.2615184123426
CRO,2022-05-09,0.256672532352313,0.258295493363087,0.208073490756722,0.208073490756722,64239292.544507,281555159.008071,64.239292544507
CRO,2022-05-10,0.208073490756722,0.24168217381345,0.205805027643339,0.230560501925349,70843920.8758506,310752485.381729,70.8439208758506
CRO,2022-05-11,0.230560501925349,0.238015628550015,0.189093343750691,0.195086579923609,99754050.3390281,469882661.477852,99.75405033902811
CRO,2022-05-12,0.195086579923609,0.201624264769671,0.163366339978538,0.176921934455073,72559192.2310723,409763595.585262,72.5591922310723
CRO,2022-05-13,0.176921934455073,0.202876676275346,0.175403783348637,0.182922323863305,48076598.2493162,249836555.979821,48.0765982493162
CRO,2022-05-14,0.182922323863305,0.191219337200939,0.175834508779857,0.189384331543094,61180822.9706921,334815899.945187,61.1808229706921
CRO,2022-05-15,0.189384331543094,0.204902821073921,0.184167453712911,0.203287488671109,30017076.91209,155378874.28808,30.01707691209
CRO,2022-05-16,0.203287488671109,0.203287488671109,0.186418752841388,0.193661377832107,19444497.8331284,100945840.015681,19.4444978331284
CRO,2022-05-17,0.193661377832107,0.202927324157818,0.193651368282316,0.202434193697848,19620501.7994418,98771009.8836261,19.6205017994418
CRO,2022-05-18,0.202434193697848,0.203581266089511,0.184540023257613,0.184540023257613,19655811.5827228,102570350.425703,19.6558115827228
CRO,2022-05-19,0.184540023257613,0.197220413022127,0.18340477460762,0.196286779636674,20330699.7029068,106487780.797353,20.3306997029068
CRO,2022-05-20,0.196286779636674,0.198265655803356,0.18240604036089,0.187138850434652,18963682.5110051,99179348.9421643,18.9636825110051
CRO,2022-05-21,0.187138850434652,0.190827832247872,0.183849399387944,0.189084157607374,15172144.2283701,81020363.8779107,15.172144228370101
CRO,2022-05-22,0.189084157607374,0.196327352497619,0.187402160945904,0.19551528511064,15826107.3073606,82245081.3362015,15.826107307360601
CRO,2022-05-23,0.19551528511064,0.201818121847674,0.185086553291412,0.185431302752305,29698105.5146572,152407398.582564,29.6981055146572
CRO,2022-05-24,0.185431302752305,0.190367140406191,0.180710271667478,0.190029301862717,17218129.3377791,92600065.5867925,17.2181293377791
CRO,2022-05-25,0.190029301862717,0.193348507148177,0.183336961061405,0.183782577754938,18442430.8319222,98603360.9553568,18.4424308319222
CRO,2022-05-26,0.183782577754938,0.186319145428705,0.164318358822854,0.170218811697872,33439864.9484595,191448912.016683,33.4398649484595
CRO,2022-05-27,0.170218811697872,0.174598243861729,0.164442650575004,0.167661374587832,21905401.5113514,129701751.727982,21.9054015113514
CRO,2022-05-28,0.167661374587832,0.17218863398077,0.16710630572762,0.170407938370421,9733474.06215735,57457763.311781,9.733474062157349
CRO,2022-05-29,0.170407938370421,0.175735577051158,0.167980386633402,0.174664283898296,11206536.2886323,65017253.3131003,11.2065362886323
CRO,2022-05-30,0.174664283898296,0.191227964872371,0.172711137819091,0.189952904834116,20478293.5511036,111849200.657205,20.4782935511036
CRO,2022-05-31,0.189952904834116,0.191620026788957,0.184030553794263,0.189344321666281,22115194.9642051,117202583.064304,22.115194964205102
CRO,2022-06-01,0.189344321666281,0.192010023647545,0.176140947205553,0.178793431085209,19913488.6149787,107420173.044826,19.9134886149787
CRO,2022-06-02,0.178793431085209,0.185711326050059,0.177679109393715,0.184765728783902,16590445.2192893,91435182.9460215,16.5904452192893
CRO,2022-06-03,0.184765728783902,0.185664157024824,0.175261500127002,0.178220684284954,15083053.8311484,83698609.75594,15.083053831148401
CRO,2022-06-04,0.178220684284954,0.179808484307023,0.175346340089549,0.179738618915709,9913304.20789537,55823413.2771106,9.91330420789537
CRO,2022-06-05,0.179738618915709,0.180482005309369,0.175654766220228,0.179164184516862,12710089.4434527,71400610.1722773,12.710089443452699
CRO,2022-06-06,0.179164184516862,0.186689627494645,0.178565282877199,0.18173295533539,19016260.4586527,103574151.853833,19.016260458652702
CRO,2022-06-07,0.18173295533539,0.182225208465903,0.170861031123007,0.178077380740873,19442718.5222457,110768969.760011,19.442718522245702
CRO,2022-06-08,0.178077380740873,0.17929457830503,0.173219412641559,0.176223363703986,12310501.6718006,69639679.4097726,12.3105016718006
CRO,2022-06-09,0.176223363703986,0.178431847679206,0.173823576224339,0.174179399269266,9749231.91943234,55364073.6587629,9.74923191943234
CRO,2022-06-10,0.174179399269266,0.174960322499489,0.163787164117013,0.165553769273559,16202404.8814228,95462776.99624,16.202404881422797
CRO,2022-06-11,0.165553769273559,0.167537027060107,0.150303516247779,0.153281748673648,20793803.010175,131878942.508366,20.793803010175
CRO,2022-06-12,0.153281748673648,0.154482710162094,0.140714322855367,0.140714322855367,22441256.6323702,154713831.510344,22.4412566323702
CRO,2022-06-13,0.140714322855367,0.141397788711091,0.113311011633731,0.116616696843513,42442693.6540985,341325732.07424,42.442693654098505
CRO,2022-06-14,0.116616696843513,0.120979930841284,0.107588638046115,0.118256450457268,26481580.6753586,228599183.70528,26.4815806753586
CRO,2022-06-15,0.118256450457268,0.122198402643901,0.104898750053776,0.122047966108255,27901552.425306,247717979.199704,27.901552425306
CRO,2022-06-16,0.122047966108255,0.123422692639077,0.107572258086811,0.109269128193134,17311398.5975988,152253038.069948,17.3113985975988
CRO,2022-06-17,0.109269128193134,0.117098064471769,0.109269128193134,0.115988543683476,35240899.7639377,307169352.404805,35.2408997639377
CRO,2022-06-18,0.115988543683476,0.116261883907601,0.0994718554879157,0.10680708339596,21072892.7744606,196190372.720179,21.0728927744606
CRO,2022-06-19,0.10680708339596,0.115612655084371,0.100709902129487,0.114613503445983,18988335.8162703,176635987.78177,18.9883358162703
CRO,2022-06-20,0.114613503445983,0.117041754670184,0.109544914624869,0.114629671516136,13555695.3046796,119813358.658637,13.5556953046796
CRO,2022-06-21,0.114629671516136,0.120960820929529,0.113498511869873,0.116799869215976,14473603.8083117,123162652.965151,14.473603808311701
CRO,2022-06-22,0.116799869215976,0.117933719532053,0.112267858551362,0.114591242477761,16949700.5340005,147602722.471569,16.949700534000502
CRO,2022-06-23,0.114591242477761,0.121629766232313,0.114380739810031,0.120934817695341,11452397.4966327,96968319.777102,11.4523974966327
CRO,2022-06-24,0.120934817695341,0.128597906065546,0.1200720313283,0.127355280750588,22040437.4040941,177517505.932513,22.0404374040941
CRO,2022-06-25,0.127355280750588,0.129743361356448,0.123249362496257,0.12908838005976,16258235.8447454,128055584.958199,16.2582358447454
CRO,2022-06-26,0.12908838005976,0.132888937446056,0.124189607659097,0.124345752349621,15453721.1241522,120215077.833949,15.4537211241522
CRO,2022-06-27,0.124345752349621,0.128551561865175,0.12332415535403,0.124807574954518,11459828.0455041,91234205.7465081,11.4598280455041
CRO,2022-06-28,0.124807574954518,0.127415046134986,0.119745771408308,0.120375692897947,14574558.6858876,117741171.787672,14.574558685887599
CRO,2022-06-29,0.120375692897947,0.120795157479936,0.115667718610411,0.117597665712201,12914234.0396417,109283243.838566,12.9142340396417
CRO,2022-06-30,0.117597665712201,0.117878271949071,0.109699223533011,0.115386902886515,11286165.6280688,99460047.245262,11.2861656280688
CRO,2022-07-01,0.115386902886515,0.118166086681215,0.111126959414929,0.112801883033352,9764151.44083632,85580163.7261292,9.76415144083632
CRO,2022-07-02,0.112801883033352,0.11396800555522,0.110648500772344,0.113116498286981,8515576.94616823,75697768.836131,8.515576946168231
CRO,2022-07-03,0.113116498286981,0.114373648024896,0.11077769203406,0.113191181078802,10884809.59075,96873121.1578754,10.884809590749999
CRO,2022-07-04,0.113191181078802,0.118712246245828,0.110782756849513,0.118360295727774,12966282.034765,113498531.32981,12.966282034765
CRO,2022-07-05,0.118360295727774,0.119115964756673,0.112123935330543,0.116000573174373,15023809.8453267,129802853.707294,15.0238098453267
CRO,2022-07-06,0.116000573174373,0.119880953921962,0.114662736655028,0.119595908283274,11295248.9953996,96334865.7535945,11.2952489953996
CRO,2022-07-07,0.119595908283274,0.124737316102944,0.117187869865466,0.123341013839499,11064138.4055508,91406119.2100838,11.0641384055508
CRO,2022-07-08,0.123341013839499,0.1271316955086,0.120536136109984,0.122263169410644,19634420.0574412,158971474.338672,19.6344200574412
CRO,2022-07-09,0.122263169410644,0.12583355570041,0.122157755651476,0.124792206365277,7070675.55054487,57132207.3937363,7.07067555054487
CRO,2022-07-10,0.124792206365277,0.124792206365277,0.118413617364875,0.119709194029903,6266339.21332895,51655120.246019,6.26633921332895
CRO,2022-07-11,0.119709194029903,0.119709194029903,0.113116774789789,0.113243722894002,9726172.05828869,83322084.1719928,9.72617205828869
CRO,2022-07-12,0.113243722894002,0.114154205386099,0.110092418929807,0.110153535990084,9903685.99354083,88265323.2220434,9.903685993540831
CRO,2022-07-13,0.110153535990084,0.116236871086703,0.107489270068507,0.115918461388485,12976663.1641226,116123064.043367,12.9766631641226
CRO,2022-07-14,0.115918461388485,0.119594546577677,0.11259522114466,0.118476784234917,11682401.4752537,100666441.90653,11.6824014752537
CRO,2022-07-15,0.118476784234917,0.122344142182934,0.11738909919227,0.119726649369989,13798525.2789142,115203319.82671,13.7985252789142
CRO,2022-07-16,0.119726649369989,0.124646692445912,0.116944184005606,0.122658754636819,15335065.3815094,127226330.871622,15.3350653815094
CRO,2022-07-17,0.122658754636819,0.125042605427708,0.120564874753312,0.120816261603375,11238302.6141437,91421895.8081064,11.238302614143699
CRO,2022-07-18,0.120816261603375,0.132653143605506,0.120686784671015,0.132215163877531,16410005.6473825,128599000.768707,16.4100056473825
CRO,2022-07-19,0.132215163877531,0.138064848997566,0.127416381574682,0.135605359298683,24402295.5934996,183967070.09888,24.402295593499602
CRO,2022-07-20,0.135605359298683,0.140430929325846,0.131342168158842,0.131983521054153,24626812.4704791,180848140.85104,24.626812470479102
CRO,2022-07-21,0.131983521054153,0.135450787983184,0.128114803357346,0.134531667918987,15544745.9530908,118283072.122881,15.5447459530908
CRO,2022-07-22,0.134531667918987,0.138503954371398,0.13011021721714,0.131131770802559,12416761.147247,92109863.6876585,12.416761147247
CRO,2022-07-23,0.131131770802559,0.133604281823689,0.123845935007766,0.1263958341321,19083402.9237109,149878337.338896,19.083402923710903
CRO,2022-07-24,0.1263958341321,0.131410108606813,0.126035026862665,0.128592118187471,14778888.6419216,115010451.851484,14.7788886419216
CRO,2022-07-25,0.128592118187471,0.128920258161122,0.120216498869937,0.120216498869937,17039262.5090007,136840330.037867,17.0392625090007
CRO,2022-07-26,0.120216498869937,0.120831021184371,0.116737572019849,0.120547730467248,11513363.3669181,97038822.5902815,11.5133633669181
CRO,2022-07-27,0.120547730467248,0.131326250727963,0.119408676564745,0.131326250727963,15653043.8176801,125460482.799369,15.6530438176801
CRO,2022-07-28,0.131326250727963,0.137954670792898,0.129707834742534,0.135280628177891,17790592.3774966,133545480.74042,17.7905923774966
CRO,2022-07-29,0.135280628177891,0.139919822080628,0.133216849388608,0.137729996294068,20615377.2976007,151509741.545337,20.615377297600702
CRO,2022-07-30,0.137729996294068,0.143221946046083,0.136459630743085,0.138074876387128,16536460.2772189,118586313.288196,16.5364602772189
CRO,2022-07-31,0.138074876387128,0.142122099129047,0.137164846455221,0.137375451329799,14527120.2469072,103982189.15286,14.5271202469072
CRO,2022-08-01,0.137375451329799,0.141730646292219,0.136477128006096,0.139047808101609,24666633.3949002,177831956.54017,24.6666333949002
CRO,2022-08-02,0.139047808101609,0.157744817281736,0.136377240249627,0.152078132940842,103425357.725505,700813363.091639,103.425357725505
CRO,2022-08-03,0.152078132940842,0.161256299469231,0.144701571089391,0.145681171885465,77628536.758344,509209589.240845,77.628536758344
CRO,2022-08-04,0.145681171885465,0.147623496795712,0.141652343080099,0.143215835941554,27148728.5070612,187913966.636139,27.148728507061197
CRO,2022-08-05,0.143215835941554,0.147556444464234,0.142375892355633,0.147556444464234,18598062.7106753,128531874.097526,18.5980627106753
CRO,2022-08-06,0.147556444464234,0.147556444464234,0.144841824484261,0.145092046919017,9017062.93287773,61650841.1823095,9.01706293287773
CRO,2022-08-07,0.145092046919017,0.148932176844598,0.143962612815925,0.147076831053836,11276138.9585803,77023576.8054361,11.276138958580301
CRO,2022-08-08,0.147076831053836,0.153087119433012,0.146822698197196,0.151078168524442,22183004.8511109,147387985.344044,22.1830048511109
CRO,2022-08-09,0.151078168524442,0.152580257019219,0.143929059576017,0.145959322035457,14775168.6392232,99929414.2032443,14.7751686392232
CRO,2022-08-10,0.145959322035457,0.152836866774161,0.143144052883977,0.151967130005904,14448727.9845787,97096552.9635269,14.448727984578701
CRO,2022-08-11,0.151967130005904,0.155414759825142,0.151038045136257,0.152139669140045,16176388.085568,105399389.711884,16.176388085568
CRO,2022-08-12,0.152139669140045,0.156157654268045,0.150567794728855,0.156138844448972,12701086.946262,83043817.0239294,12.701086946262
CRO,2022-08-13,0.156138844448972,0.15736648989283,0.153740864925005,0.154731047557901,19650650.7722691,126344613.245117,19.6506507722691
CRO,2022-08-14,0.154731047557901,0.158322343125859,0.15175861300518,0.153169963401265,12636722.5236227,81552520.8887223,12.6367225236227
CRO,2022-08-15,0.153169963401265,0.157456970002484,0.149548587308003,0.15177981620807,18502187.6997075,120991605.590386,18.502187699707502
CRO,2022-08-16,0.15177981620807,0.153350800351598,0.148563986125615,0.1512676385017,18440815.0249677,122201035.509264,18.4408150249677
CRO,2022-08-17,0.1512676385017,0.154999464022634,0.143287300774699,0.143600195488262,24335087.6729778,164566532.267966,24.335087672977803
CRO,2022-08-18,0.143600195488262,0.145029215794165,0.140738826632601,0.141005195201219,13786785.5282091,96261121.808007,13.7867855282091
CRO,2022-08-19,0.141005195201219,0.141005195201219,0.122368628486798,0.122610423234259,27929431.3898236,215964115.530433,27.929431389823602
CRO,2022-08-20,0.122610423234259,0.126935418402371,0.121885860807585,0.125051351557738,11671672.4209191,93464673.2341515,11.6716724209191
CRO,2022-08-21,0.125051351557738,0.129063325503774,0.123905831611404,0.127967201757494,10471027.4562198,82462451.6928085,10.4710274562198
CRO,2022-08-22,0.127967201757494,0.128346635956638,0.121968697189308,0.128334340289924,16202920.1648789,129402409.727758,16.2029201648789
CRO,2022-08-23,0.128334340289924,0.129268251690129,0.12521861549791,0.128796818611687,13573513.0972751,105951824.388144,13.5735130972751
CRO,2022-08-24,0.128796818611687,0.131379023730632,0.12617302256003,0.1287103936374,11619146.029402,90235888.7464667,11.619146029402001
CRO,2022-08-25,0.1287103936374,0.1335392115246,0.1287103936374,0.131905191694808,15683253.0632398,119292481.20777,15.6832530632398
CRO,2022-08-26,0.131905191694808,0.131989069938578,0.120102000025537,0.12075841107921,20409463.5993207,160245015.855372,20.4094635993207
CRO,2022-08-27,0.12075841107921,0.122065778691594,0.118912919971655,0.120372314055137,12778550.4439942,106005388.532888,12.7785504439942
CRO,2022-08-28,0.120372314055137,0.124638880413974,0.117972015454507,0.118137156664174,11052478.1331022,91466026.5628397,11.0524781331022
CRO,2022-08-29,0.118137156664174,0.123433332536243,0.117363773022226,0.123064698724228,11573491.8515091,96243570.8399583,11.5734918515091
CRO,2022-08-30,0.123064698724228,0.126302954405485,0.118665267877092,0.121208442435613,17337211.3401435,140764094.142145,17.3372113401435
CRO,2022-08-31,0.121208442435613,0.125186728820904,0.121208442435613,0.122273992964113,13133356.5588186,106287340.360659,13.1333565588186
CRO,2022-09-01,0.122273992964113,0.123543700735071,0.117147315616013,0.122166281339943,15306662.584422,126784752.109262,15.306662584422
CRO,2022-09-02,0.122166281339943,0.123231472960825,0.119005623044741,0.119826616909223,10379254.0881305,85688980.7483621,10.3792540881305
CRO,2022-09-03,0.119826616909223,0.120012851473954,0.116337917775596,0.119530359961606,5479947.65974676,46000242.6883342,5.47994765974676
CRO,2022-09-04,0.119530359961606,0.120318080851258,0.116344662609106,0.120274858701787,9479152.27504369,80194738.2371646,9.47915227504369
CRO,2022-09-05,0.120274858701787,0.12065890772555,0.118210941165936,0.120348059706593,8424823.50889099,70522992.332242,8.42482350889099
CRO,2022-09-06,0.120348059706593,0.122810005572519,0.112327956582829,0.112571536491224,19939781.8601072,168936536.487058,19.9397818601072
CRO,2022-09-07,0.112571536491224,0.114861325255171,0.109453471838325,0.113564601540276,13394918.2016631,120045668.573887,13.3949182016631
CRO,2022-09-08,0.113564601540276,0.115985946837906,0.111377236926462,0.115974813463406,15841930.8837177,139338946.674054,15.841930883717701
CRO,2022-09-09,0.115974813463406,0.12193030116031,0.115689257011975,0.120073848844915,16023828.2876291,133988242.550154,16.0238282876291
CRO,2022-09-10,0.120073848844915,0.125149808849005,0.119420716910819,0.124087712001146,13145980.7855656,108027875.899284,13.1459807855656
CRO,2022-09-11,0.124087712001146,0.124176529761966,0.121322672822205,0.123327402866505,13939814.6074216,113530420.767894,13.9398146074216
CRO,2022-09-12,0.123327402866505,0.12859966720176,0.121160529214841,0.121700405762904,15238971.2577216,123831781.827392,15.2389712577216
CRO,2022-09-13,0.121700405762904,0.124042760347981,0.110192579324793,0.11045355031743,18103077.009877,155640046.903783,18.103077009877
CRO,2022-09-14,0.11045355031743,0.112338306607729,0.108261334794642,0.111883540654851,13137868.0429056,118776773.80456,13.1378680429056
CRO,2022-09-15,0.111883540654851,0.111886121644303,0.105182414757533,0.105918270972736,18629168.888335,171307539.77895,18.629168888335002
CRO,2022-09-16,0.105918270972736,0.107938043901987,0.104091878420488,0.106382160272684,13467455.2216153,127157373.201433,13.4674552216153
CRO,2022-09-17,0.106382160272684,0.11117263485578,0.106278059916943,0.11117263485578,13982404.3702882,128524644.661148,13.9824043702882
CRO,2022-09-18,0.11117263485578,0.111237742361992,0.102200048939582,0.102450433782756,13294054.6494117,124244909.249521,13.2940546494117
CRO,2022-09-19,0.102450433782756,0.105891514542593,0.100714954463846,0.104451502597522,19339850.5362393,187229455.408315,19.3398505362393
CRO,2022-09-20,0.104451502597522,0.106097420645337,0.103027386972098,0.104305198859679,13129174.5951421,125665149.636705,13.1291745951421
CRO,2022-09-21,0.104305198859679,0.106836240505947,0.099924346176403,0.102319240138245,16153450.1005401,155512868.519432,16.1534501005401
CRO,2022-09-22,0.102319240138245,0.10934540695208,0.101534052448957,0.109109100517526,15191712.1154329,143524715.66707,15.1917121154329
CRO,2022-09-23,0.109109100517526,0.125389673058654,0.108785649171691,0.12436872934071,128645960.984776,1078962734.10179,128.645960984776
CRO,2022-09-24,0.12436872934071,0.126509273538955,0.117824640767061,0.119727876647994,50754703.4693303,415222831.035103,50.7547034693303
CRO,2022-09-25,0.119727876647994,0.120280384661055,0.115075914618175,0.1159237275785,24049096.1790471,204858626.217586,24.0490961790471
CRO,2022-09-26,0.1159237275785,0.116412982593464,0.110976108593813,0.115587931759169,21703816.8732956,191007047.842508,21.7038168732956
CRO,2022-09-27,0.115587931759169,0.118348896885419,0.110068622225504,0.111498628045394,28623094.4551364,249656195.108877,28.6230944551364
CRO,2022-09-28,0.111498628045394,0.114675556528131,0.10817909272629,0.112327097142579,18496272.5048674,165901231.449284,18.496272504867402
CRO,2022-09-29,0.112327097142579,0.113421510161573,0.108323368296897,0.111830704629264,16182127.9665297,146123390.462542,16.182127966529702
CRO,2022-09-30,0.111830704629264,0.112725764991675,0.108908320674309,0.109961113911806,13836267.3385764,125096607.029254,13.8362673385764
CRO,2022-10-01,0.109961113911806,0.111705888817472,0.10943800646273,0.111029184944026,7998075.50774327,72082814.4297876,7.99807550774327
CRO,2022-10-02,0.111029184944026,0.112068800918547,0.10945341672359,0.109917773228193,8262048.05481493,74511737.1667989,8.26204805481493
CRO,2022-10-03,0.109917773228193,0.111037216966514,0.108504870521594,0.109788412892004,14137362.7484306,128716973.07667,14.1373627484306
CRO,2022-10-04,0.109788412892004,0.112236752701403,0.109284141884666,0.111486859075322,12755084.8051241,114932803.418797,12.7550848051241
CRO,2022-10-05,0.111486859075322,0.111640911357367,0.108962887002252,0.110629166069596,10576242.1700931,95899068.5915607,10.576242170093101
CRO,2022-10-06,0.110629166069596,0.11174323621465,0.109049248425921,0.109313300274148,15626822.8229928,141660632.49446,15.6268228229928
CRO,2022-10-07,0.109313300274148,0.109611208257157,0.106346239202584,0.107922217412886,16961122.6610272,157006962.974339,16.9611226610272
CRO,2022-10-08,0.107922217412886,0.108384358371103,0.106346399641295,0.107028376182059,13316580.7331439,123682540.843564,13.3165807331439
CRO,2022-10-09,0.107028376182059,0.108090029735241,0.106628252537913,0.107066566286596,11894501.1703354,110841571.452863,11.8945011703354
CRO,2022-10-10,0.107066566286596,0.108006414241891,0.103560885829766,0.103560885829766,21867877.1508157,206656323.274217,21.867877150815698
CRO,2022-10-11,0.103560885829766,0.104048764197649,0.100787098687066,0.101919403780291,30403236.671902,296191673.265975,30.403236671902
CRO,2022-10-12,0.101919403780291,0.103536705177919,0.101532287753942,0.102119867118901,17426684.0250988,170426590.88807,17.4266840250988
CRO,2022-10-13,0.102119867118901,0.104520532164155,0.0962919577467958,0.103417542258212,34052215.0346214,339480412.379882,34.052215034621405
CRO,2022-10-14,0.103417542258212,0.106611332941966,0.102413543076716,0.10347544144218,20678957.3502422,197862714.279496,20.6789573502422
CRO,2022-10-15,0.10347544144218,0.105374196099337,0.103228175174908,0.104101488130682,23553608.9425978,225820936.657116,23.553608942597798
CRO,2022-10-16,0.104101488130682,0.105586229978896,0.104050123423231,0.104721777376715,15769549.8285818,150762938.325047,15.7695498285818
CRO,2022-10-17,0.104721777376715,0.110584668698294,0.103568813540625,0.10974619787865,30496716.9010364,283122627.591005,30.4967169010364
CRO,2022-10-18,0.10974619787865,0.110582390870893,0.10680174180016,0.108458190911079,24977150.7268063,229326233.389878,24.9771507268063
CRO,2022-10-19,0.108458190911079,0.108505318174747,0.105289145033249,0.10560452328175,22832623.4781718,213477169.179005,22.8326234781718
CRO,2022-10-20,0.10560452328175,0.106882054183428,0.102975343176231,0.103677206795938,19978583.3345562,190525004.266747,19.9785833345562
CRO,2022-10-21,0.103677206795938,0.106179977090512,0.101310351164768,0.106019125610778,15926936.5019664,152924621.146222,15.9269365019664
CRO,2022-10-22,0.106019125610778,0.106733261491647,0.105026796362235,0.10548046866251,17972706.1669618,169722899.791679,17.9727061669618
CRO,2022-10-23,0.10548046866251,0.108460390041042,0.104464374853687,0.107354376143146,16807384.9426379,159036378.059865,16.807384942637903
CRO,2022-10-24,0.107354376143146,0.107749929568834,0.103953268392315,0.105436080938435,12396643.6963034,117634694.453264,12.3966436963034
CRO,2022-10-25,0.105436080938435,0.111341997298287,0.105436080938435,0.108218462336772,27871168.4055695,259238025.606257,27.871168405569502
CRO,2022-10-26,0.108218462336772,0.114093941982323,0.108218462336772,0.11197366307741,28851326.137802,257977720.188912,28.851326137802
CRO,2022-10-27,0.11197366307741,0.114165856016485,0.109007619388339,0.109981674524348,27964323.9647691,249807246.932745,27.9643239647691
CRO,2022-10-28,0.109981674524348,0.11290075742521,0.108511351837652,0.112253828183191,28547601.4812068,258029884.771954,28.5476014812068
CRO,2022-10-29,0.112253828183191,0.114426200468716,0.110208827035676,0.110549310343743,34071971.4992927,302807767.640226,34.0719714992927
CRO,2022-10-30,0.110549310343743,0.11708138586783,0.109743068829047,0.11404313789287,43036350.0519295,380191716.750364,43.0363500519295
CRO,2022-10-31,0.11404313789287,0.117211536245258,0.112086081606669,0.114340255967062,33290142.0705911,291057591.422944,33.2901420705911
CRO,2022-11-01,0.114340255967062,0.114984830521398,0.111201103442459,0.111916851132602,19638779.4297665,173569157.074256,19.638779429766497
CRO,2022-11-02,0.111916851132602,0.111931441898206,0.106533457602192,0.10945579429727,27862457.8760273,255438934.137638,27.8624578760273
CRO,2022-11-03,0.10945579429727,0.111927605189747,0.108861671774084,0.110527460348781,22827066.3236203,206274518.209128,22.8270663236203
CRO,2022-11-04,0.110527460348781,0.117603284891715,0.110312064906493,0.117055911154964,29938563.3875022,261752756.006334,29.9385633875022
CRO,2022-11-05,0.117055911154964,0.123519326169002,0.116052449257212,0.121212612239359,49490195.2289366,411098275.319282,49.4901952289366
CRO,2022-11-06,0.121212612239359,0.126420673565774,0.117922991421863,0.118161892182641,57062496.5231964,465650075.767616,57.0624965231964
CRO,2022-11-07,0.118161892182641,0.127944875087142,0.118022967882669,0.125113619115612,63969492.8829267,521267078.90139,63.9694928829267
CRO,2022-11-08,0.125113619115612,0.127939156725722,0.0953306697756281,0.103938013384076,95973007.1882688,840366867.884261,95.9730071882688
CRO,2022-11-09,0.103938013384076,0.104903275899384,0.0799048540989598,0.0812523937063895,78197797.008798,830431773.155964,78.197797008798
CRO,2022-11-10,0.0812523937063895,0.0979179300181507,0.0807459062888547,0.0961361057895872,59348897.8602613,657692824.290841,59.348897860261296
CRO,2022-11-11,0.0961361057895872,0.0989242373413992,0.0840790094762388,0.0878366702920573,48494607.1461751,534585973.192226,48.4946071461751
CRO,2022-11-12,0.0878366702920573,0.0878366702920573,0.0781276281080868,0.0809214541870817,42690677.8163668,522611247.541926,42.6906778163668
CRO,2022-11-13,0.0809214541870817,0.0810907175325055,0.0589383299308798,0.0639328183419583,183356389.784294,2776350637.17885,183.356389784294
CRO,2022-11-14,0.0639328183419583,0.075963932601102,0.0556155918119102,0.0708671864408455,227614543.665919,3380699111.93847,227.614543665919
CRO,2022-11-15,0.0708671864408455,0.0773887516488226,0.0696237397969346,0.0747830346244799,88440895.712275,1190480994.29516,88.440895712275
CRO,2022-11-16,0.0747830346244799,0.0760476401299309,0.0679541318611269,0.0709398127128934,46435361.0347428,647318670.018342,46.435361034742805
CRO,2022-11-17,0.0709398127128934,0.0724326435036152,0.0682843033029129,0.0706274055387446,24940994.9205476,355619221.726245,24.940994920547602
CRO,2022-11-18,0.0706274055387446,0.073502700983839,0.0700525309750362,0.0731986923785351,32679984.9274029,457307730.714812,32.6799849274029
CRO,2022-11-19,0.0731986923785351,0.0733457325417352,0.0703965462787907,0.0715420880915345,26120831.5083663,366105679.858565,26.1208315083663
CRO,2022-11-20,0.0715420880915345,0.0715420880915345,0.0640306263399952,0.0648373994372542,29154649.8564625,424690838.469659,29.154649856462502
CRO,2022-11-21,0.0648373994372542,0.0660965279904604,0.0634686470395344,0.0642705095323323,30516226.3323458,471490231.939858,30.5162263323458
CRO,2022-11-22,0.0642705095323323,0.0657414457989509,0.0626799785463632,0.0653509645647585,26893918.2401141,416905020.013072,26.8939182401141
CRO,2022-11-23,0.0653509645647585,0.0682392934335672,0.0647954576403945,0.0680480498016625,20676946.677816,311253425.642949,20.676946677816
CRO,2022-11-24,0.0680480498016625,0.0686912248264571,0.0654179171296268,0.0659539300341525,19376182.8838525,291086497.789394,19.3761828838525
CRO,2022-11-25,0.0659539300341525,0.06623833646485,0.0634928324506251,0.0657484932412295,17481028.438673,269882998.503839,17.481028438673
CRO,2022-11-26,0.0657484932412295,0.0661134328265543,0.0643944399328363,0.0647137631572883,14489992.9528599,221672943.33771,14.4899929528599
CRO,2022-11-27,0.0647137631572883,0.0652349292464054,0.0643583988187701,0.064424462592775,10964270.7592277,169098613.856141,10.9642707592277
CRO,2022-11-28,0.064424462592775,0.0645334539411874,0.0616228396765989,0.0634615373278943,15229339.0734616,242487021.393203,15.229339073461599
CRO,2022-11-29,0.0634615373278943,0.0645888463313978,0.0631140463600278,0.0636395451177667,12611965.6497632,197126740.698724,12.611965649763201
CRO,2022-11-30,0.0636395451177667,0.0658376416689991,0.0636358325201478,0.0657651311475875,13797479.4238786,213032960.759059,13.7974794238786
CRO,2022-12-01,0.0657651311475875,0.0659264532889954,0.0648108424131935,0.0654465260394694,13707687.8632001,209930000.419548,13.7076878632001
CRO,2022-12-02,0.0654465260394694,0.0656283940741594,0.0643967755348898,0.0651789296930719,11619245.6916923,179065174.3173,11.6192456916923
CRO,2022-12-03,0.0651789296930719,0.0653352346804509,0.0637065416604721,0.0638126808825374,10076734.7426664,156092326.599301,10.0767347426664
CRO,2022-12-04,0.0638126808825374,0.065146856671068,0.0637560913450528,0.0650159087796121,10974422.5507099,170440860.185037,10.9744225507099
CRO,2022-12-05,0.0650159087796121,0.0751209634106459,0.0648465398596988,0.0700151373858564,145952382.545503,2026330571.05956,145.95238254550299
CRO,2022-12-06,0.0700151373858564,0.0700151373858564,0.0658555510446917,0.0668092327536921,25211673.0294665,375888427.486173,25.2116730294665
CRO,2022-12-07,0.0668092327536921,0.0694853488733139,0.0639287317879781,0.0641475309585184,32935182.9000491,497884314.276303,32.9351829000491
CRO,2022-12-08,0.0641475309585184,0.0650234399543062,0.0630260268545883,0.0647830491712166,13496273.0809255,211783028.156874,13.4962730809255
CRO,2022-12-09,0.0647830491712166,0.0649073397924384,0.0636126230706098,0.0640344023300572,12906821.2845341,200689531.271771,12.9068212845341
CRO,2022-12-10,0.0640344023300572,0.0656281993695436,0.0640344023300572,0.0644067760902701,15620195.4384452,240582136.211583,15.620195438445199
CRO,2022-12-11,0.0644067760902701,0.064586866483436,0.0635541942475401,0.0635541942475401,10711007.0194585,167354636.635927,10.711007019458501
CRO,2022-12-12,0.0635541942475401,0.0635541942475401,0.0614102588966511,0.0622864982969791,14707167.5749967,236987176.234752,14.707167574996701
CRO,2022-12-13,0.0622864982969791,0.0633966196859893,0.0609973815029838,0.0624131192621333,18513059.6984548,297907920.761804,18.5130596984548
CRO,2022-12-14,0.0624131192621333,0.0635927042375834,0.0617691222019462,0.0619047263656157,15259652.676398,243672396.735229,15.259652676398
CRO,2022-12-15,0.0619047263656157,0.0619858905490467,0.0606051490721867,0.0608020169419019,13491173.3855879,220380257.18285,13.491173385587901
CRO,2022-12-16,0.0608020169419019,0.0625630766398577,0.0554634767980116,0.0556209558008336,20091244.9081368,336642815.081045,20.0912449081368
CRO,2022-12-17,0.0556209558008336,0.0573654439703391,0.0550593033563133,0.0560890706241053,12299137.520688,219517476.40838,12.299137520688
CRO,2022-12-18,0.0560890706241053,0.0571989291595575,0.055810178670749,0.0567830230378164,7757305.86100029,137678387.338505,7.75730586100029
CRO,2022-12-19,0.0567830230378164,0.0570859308945968,0.0549804098247879,0.0550899505848966,36386088.6641094,646746973.277747,36.3860886641094
CRO,2022-12-20,0.0550899505848966,0.0573392936590024,0.0549990476706403,0.0571878885756657,11762024.5386027,208714058.820144,11.7620245386027
CRO,2022-12-21,0.0571878885756657,0.0580005870494157,0.056863068209439,0.0571993646283431,12362233.001484,215698858.356736,12.362233001483999
CRO,2022-12-22,0.0571993646283431,0.0579918053922104,0.0567171611502786,0.0577495973074071,11142431.1883512,194263611.247687,11.142431188351201
CRO,2022-12-23,0.0577495973074071,0.0588943015581155,0.0575102339324743,0.0587785734438749,9644958.72427543,165444240.949042,9.644958724275432
CRO,2022-12-24,0.0587785734438749,0.0605605531807763,0.058773138226471,0.0604982204455078,11521591.1387299,192254912.554297,11.5215911387299
CRO,2022-12-25,0.0604982204455078,0.0606497993244835,0.0589764910645261,0.0598838328785631,9532590.43293327,159256223.302835,9.53259043293327
CRO,2022-12-26,0.0598838328785631,0.0604497295379406,0.0587535485777716,0.0594715831341222,7954989.8467521,134212368.058575,7.9549898467521
CRO,2022-12-27,0.0594715831341222,0.060010777723374,0.0580553144159853,0.0581816456861895,10846682.1225703,182926765.760055,10.8466821225703
CRO,2022-12-28,0.0581816456861895,0.0592322697196574,0.0574249933635199,0.0575505112884467,13919642.8874729,239185302.165599,13.9196428874729
CRO,2022-12-29,0.0575505112884467,0.0581426211356235,0.0572042193641487,0.0580357327909783,9657023.36059689,167641813.045623,9.65702336059689
CRO,2022-12-30,0.0580357327909783,0.0583292526348148,0.0559480482098734,0.0560398885530821,12478301.8595518,218711463.950295,12.4783018595518
CRO,2022-12-31,0.0560398885530821,0.056305055472965,0.055633032305094,0.0559255782766859,8892835.22636423,158759520.994248,8.89283522636423
CRO,2023-01-01,0.0559255782766859,0.057159327311401,0.0557473513270889,0.0568169175335642,9248769.64199397,163980155.927366,9.24876964199397
CRO,2023-01-02,0.0568169175335642,0.0578707771004657,0.056407918964531,0.0572756648453821,8591634.47745157,150370974.890883,8.59163447745157
CRO,2023-01-03,0.0572756648453821,0.0581159229311079,0.0569401919778701,0.0571325743244452,8895724.19705504,154875814.01194,8.89572419705504
CRO,2023-01-04,0.0571325743244452,0.0596831184639605,0.0570943087532428,0.0593511311686927,13559896.6835977,230952546.110416,13.559896683597701
CRO,2023-01-05,0.0593511311686927,0.059859340838188,0.0587170272868526,0.0587953898329301,9691780.59732952,163780842.404498,9.69178059732952
CRO,2023-01-06,0.0587953898329301,0.06082476922123,0.0587471651466794,0.0607480322352784,13117700.4070927,220158913.331806,13.1177004070927
CRO,2023-01-07,0.0607480322352784,0.062252759279021,0.0605512224069156,0.062252759279021,11696965.3822453,190662139.307312,11.6969653822453
CRO,2023-01-08,0.062252759279021,0.0628859739560634,0.060880144630703,0.0622678684795544,16232889.7076994,262601887.139396,16.2328897076994
CRO,2023-01-09,0.0622678684795544,0.0644384024464698,0.0622537159199804,0.0634126418365172,16903944.3741279,266933387.574089,16.9039443741279
CRO,2023-01-10,0.0634126418365172,0.0642970648361884,0.062883125302306,0.0642870414406147,12883885.6666188,203080868.780956,12.8838856666188
CRO,2023-01-11,0.0642870414406147,0.0656914551713347,0.0632070389305077,0.0654950469767338,13241342.6833122,206522304.5794,13.2413426833122
CRO,2023-01-12,0.0654950469767338,0.0674173895570875,0.0643824982741995,0.0667210246032383,18298016.0224779,278129958.442024,18.2980160224779
CRO,2023-01-13,0.0667210246032383,0.0722289661660816,0.0660595047458414,0.0715897510795256,35160290.7682325,503657130.584914,35.1602907682325
CRO,2023-01-14,0.0715897510795256,0.077268252867182,0.0714095525679635,0.075929605047183,54806435.029089,732544633.284212,54.806435029088995
CRO,2023-01-15,0.075929605047183,0.0760183304770629,0.0732042745276248,0.074215961317094,25299782.4168795,340745718.100539,25.299782416879502
CRO,2023-01-16,0.074215961317094,0.0832521560754284,0.0734642347885409,0.0810138944437434,97183731.1482816,1217470707.94855,97.18373114828161
CRO,2023-01-17,0.0810138944437434,0.0825778944215833,0.0779661727546835,0.0787956286649086,38862634.2610897,490844059.63627,38.862634261089696
CRO,2023-01-18,0.0787956286649086,0.0796085186692775,0.0708873041807483,0.0709174221370539,41914696.1913896,553307223.41513,41.914696191389595
CRO,2023-01-19,0.0709174221370539,0.0741093455356889,0.0708143761720496,0.0741093455356889,17811547.4884977,246244967.932225,17.811547488497702
CRO,2023-01-20,0.0741093455356889,0.0786149938983766,0.0732447375133618,0.0785154578982547,23067926.4214876,306854375.651836,23.0679264214876
CRO,2023-01-21,0.0785154578982547,0.0795269456252514,0.0767379352775274,0.0767755627911115,24653891.4950177,315501371.433737,24.6538914950177
CRO,2023-01-22,0.0767755627911115,0.0796098141166694,0.0767241996231597,0.0782464194866205,29854341.6824207,379966561.651502,29.8543416824207
CRO,2023-01-23,0.0782464194866205,0.0806775920277993,0.0780645545575187,0.0806732968095992,28172877.4574372,355340375.064405,28.1728774574372
CRO,2023-01-24,0.0806732968095992,0.0830029413294797,0.0777474577643883,0.0785223112535527,47160446.5632912,581268092.690518,47.1604465632912
CRO,2023-01-25,0.0785223112535527,0.0834244938535644,0.0774243802426205,0.0813517890997609,34406447.9804972,430631778.543086,34.4064479804972
CRO,2023-01-26,0.0813517890997609,0.082291758033452,0.0804139265197441,0.0809390694561469,20223843.2362893,248787747.293246,20.2238432362893
CRO,2023-01-27,0.0809390694561469,0.0823189147145096,0.0787515535451124,0.0823189147145096,23129972.1274933,287325436.568577,23.1299721274933
CRO,2023-01-28,0.0823189147145096,0.0826427649992139,0.0805524493134006,0.081310122640399,16176779.3617836,198486977.012504,16.1767793617836
CRO,2023-01-29,0.081310122640399,0.0828787082794572,0.0809685394471372,0.0824941050590632,17856853.054682,217736873.654912,17.856853054682002
CRO,2023-01-30,0.0824941050590632,0.0826501420695288,0.0770924623127061,0.077829802082045,24592663.6241584,308723476.623148,24.5926636241584
CRO,2023-01-31,0.077829802082045,0.0797563432448719,0.077407677478961,0.0792274201375999,15320134.9981166,195153112.665703,15.320134998116599
CRO,2023-02-01,0.0792274201375999,0.0809157450868744,0.0767846083559823,0.0809157450868744,34289851.4273377,434603151.852476,34.2898514273377
CRO,2023-02-02,0.0809157450868744,0.0826351638921568,0.0800498566319725,0.0802518663105125,25158199.9848073,308886424.653513,25.1581999848073
CRO,2023-02-03,0.0802518663105125,0.0823168816582599,0.0798450802590561,0.0821220444230884,19783394.0254578,244907751.234727,19.7833940254578
CRO,2023-02-04,0.0821220444230884,0.0846450491155056,0.0815888802247318,0.0839742454194354,35835583.4932727,430847887.863404,35.8355834932727
CRO,2023-02-05,0.0839742454194354,0.0843836546203947,0.0805778419341161,0.0814643212825532,33166479.8450701,401738611.336141,33.1664798450701
CRO,2023-02-06,0.0814643212825532,0.0817961477065011,0.0796921604715751,0.080342240070738,18792267.4930552,232702963.096067,18.7922674930552
CRO,2023-02-07,0.080342240070738,0.0839278261648361,0.0799590278560606,0.0838819583541835,24951499.4680137,306261202.29716,24.9514994680137
CRO,2023-02-08,0.0838819583541835,0.0859090605606035,0.0826812516386013,0.0844490499266854,35715037.0572346,424417406.655429,35.7150370572346
CRO,2023-02-09,0.0844490499266854,0.0844892147564779,0.0770440214544107,0.0775043502325632,29852273.9412715,368508631.366255,29.8522739412715
CRO,2023-02-10,0.0775043502325632,0.0781701087791816,0.0760939377143901,0.0765960040432542,20678855.0456559,268528699.437508,20.678855045655897
CRO,2023-02-11,0.0765960040432542,0.0777308527355896,0.0762172077229628,0.0775812225323755,11846769.728138,154304402.141578,11.846769728138
CRO,2023-02-12,0.0775812225323755,0.0780615423585969,0.0762670954715762,0.0766477428573142,12126375.7913032,157069594.97573,12.1263757913032
CRO,2023-02-13,0.0766477428573142,0.0766477428573142,0.0727352752243541,0.0743524929891665,21787140.0786144,292183865.154346,21.7871400786144
CRO,2023-02-14,0.0743524929891665,0.076283920085429,0.0729399833542889,0.0762152531515193,16959413.0388989,227630825.947877,16.9594130388989
CRO,2023-02-15,0.0762152531515193,0.0811598938137024,0.075162524478745,0.0810494308278422,18983772.4903702,243539476.24891,18.9837724903702
CRO,2023-02-16,0.0810494308278422,0.0818898177037187,0.0763682373397074,0.076608645513235,31370012.7280175,392114243.799607,31.370012728017503
CRO,2023-02-17,0.076608645513235,0.0807162953254076,0.0760623868188123,0.0798569427886201,20306809.3681633,259120872.811163,20.3068093681633
CRO,2023-02-18,0.0798569427886201,0.0806479189798983,0.0793993347404112,0.0796229175351009,13403280.6524898,167793748.910808,13.4032806524898
CRO,2023-02-19,0.0796229175351009,0.0812714363782981,0.0787622668758484,0.0798926112300634,15594195.4107043,195237897.466666,15.5941954107043
CRO,2023-02-20,0.0798926112300634,0.083994491336035,0.0786946931484314,0.0839116230442943,27684418.0910004,336597278.032016,27.6844180910004
CRO,2023-02-21,0.0839116230442943,0.093854667471229,0.0831972991750801,0.0865050923165518,84117151.6902639,952669787.762262,84.1171516902639
CRO,2023-02-22,0.0865050923165518,0.0866460153238308,0.0814763005564035,0.0840555299210713,27435721.3032174,329031493.87603,27.4357213032174
CRO,2023-02-23,0.0840555299210713,0.0846640937436059,0.0815972771126243,0.0828161538632518,20548629.1279361,247151420.194447,20.5486291279361
CRO,2023-02-24,0.0828161538632518,0.0835691720066737,0.0796210311180535,0.0806348827813046,22302989.8595139,273294579.79082,22.3029898595139
CRO,2023-02-25,0.0806348827813046,0.0806348827813046,0.0784010071625474,0.079448514047477,13233225.3144286,166828131.418774,13.2332253144286
CRO,2023-02-26,0.079448514047477,0.0809402243289312,0.0788449793479843,0.0808483123967396,11105753.6805938,139300580.281527,11.1057536805938
CRO,2023-02-27,0.0808483123967396,0.081374992712762,0.0793865992226439,0.0801232310424227,17260482.890551,215544561.594376,17.260482890551
CRO,2023-02-28,0.0801232310424227,0.0805435341871811,0.0784139084670956,0.0785240750287151,12818614.0359814,160866752.431814,12.8186140359814
CRO,2023-03-01,0.0785240750287151,0.0804063112990645,0.0783492885625128,0.0798926168855239,17709283.1149153,222799540.507357,17.7092831149153
CRO,2023-03-02,0.0798926168855239,0.080138631523023,0.0761572822810513,0.077226021009744,16693000.7071961,215342345.920669,16.6930007071961
CRO,2023-03-03,0.077226021009744,0.0775382816270574,0.0724256426698086,0.0733855291707086,15695656.6677309,213689495.116339,15.6956566677309
CRO,2023-03-04,0.0733855291707086,0.0738264850887266,0.0727591602285792,0.0732401695875298,8302169.90357566,113193654.740255,8.30216990357566
CRO,2023-03-05,0.0732401695875298,0.0741789762161625,0.0729600756275596,0.0737969115789999,8471978.3712251,115268665.486682,8.4719783712251
CRO,2023-03-06,0.0737969115789999,0.0737969115789999,0.0720095661505997,0.0725693143637953,11827571.8452138,162888651.258892,11.8275718452138
CRO,2023-03-07,0.0725693143637953,0.0727296134401253,0.0699792063632422,0.0703815591768831,10326390.1656177,145055912.463267,10.3263901656177
CRO,2023-03-08,0.0703815591768831,0.0706720288727948,0.0674098602027214,0.0674381216228423,12421829.5148853,180320023.184946,12.421829514885301
CRO,2023-03-09,0.0674381216228423,0.0677942319557189,0.0623544357127578,0.0628343952835184,14119597.7536168,215409480.125984,14.1195977536168
CRO,2023-03-10,0.0628343952835184,0.0632826461104779,0.0603298558371666,0.0631181405301122,15454953.7858226,249922871.355108,15.4549537858226
CRO,2023-03-11,0.0631181405301122,0.065273145426915,0.0623322154179903,0.0649550168415044,21118157.1895835,329786510.888912,21.1181571895835
CRO,2023-03-12,0.0649550168415044,0.0684393303076462,0.0640758585516089,0.0684393303076462,13085278.0690922,199822846.788777,13.0852780690922
CRO,2023-03-13,0.0684393303076462,0.0722517560292681,0.0667682949593532,0.0717518413461745,21651049.1459076,311051195.12062,21.6510491459076
CRO,2023-03-14,0.0717518413461745,0.0762170301462338,0.0710676530796934,0.0729655516518591,24833539.0353884,338763056.119128,24.833539035388398
CRO,2023-03-15,0.0729655516518591,0.0734740102971592,0.0683600185911091,0.0690808139647848,18132983.7147773,255159425.051033,18.1329837147773
CRO,2023-03-16,0.0690808139647848,0.0707966886257036,0.068379028069286,0.0702979579734551,12496598.8000141,179272818.876817,12.4965988000141
CRO,2023-03-17,0.0702979579734551,0.0742111288463295,0.0702244164805355,0.0738439324260497,24756731.3700881,340828460.821409,24.7567313700881
CRO,2023-03-18,0.0738439324260497,0.0742461127723264,0.0709194840876771,0.0710581012225771,14887342.6833867,204389108.781772,14.8873426833867
CRO,2023-03-19,0.0710581012225771,0.0728185107250943,0.0707203353367254,0.0720467967967065,12407197.6870241,173040664.589565,12.4071976870241
CRO,2023-03-20,0.0720467967967065,0.07655585949307,0.0713310604119058,0.0713310604119058,46136133.83355,618718803.937779,46.13613383355
CRO,2023-03-21,0.0713310604119058,0.0718651336767264,0.0692044829832313,0.0717641878811334,16946171.5131591,240072522.623489,16.9461715131591
CRO,2023-03-22,0.0717641878811334,0.0723799075674175,0.0677662612671896,0.0687914451531,15892890.9314,225521522.178865,15.892890931399998
CRO,2023-03-23,0.0687914451531,0.0708193542232009,0.0683573064748081,0.0701919236285701,10947139.4162076,157308918.480204,10.9471394162076
CRO,2023-03-24,0.0701919236285701,0.0704296907815953,0.0678320386133964,0.0686258519009592,9797270.4293698,141534999.719401,9.7972704293698
CRO,2023-03-25,0.0686258519009592,0.0690401878189295,0.0680559350313314,0.0684763918496356,6483456.26502262,94592256.6411991,6.483456265022619
CRO,2023-03-26,0.0684763918496356,0.0701064604130898,0.0683218709920664,0.0692736397625032,10127571.8362716,145617466.644269,10.127571836271601
CRO,2023-03-27,0.0692736397625032,0.0692736397625032,0.0661960954511599,0.0667106728998151,10405572.8712294,154224382.05791,10.405572871229401
CRO,2023-03-28,0.0667106728998151,0.0676264118502376,0.0662535537251844,0.0673763512495487,12452925.2621412,185936499.272422,12.4529252621412
CRO,2023-03-29,0.0673763512495487,0.0697251147829502,0.0671249393930804,0.0697251147829502,14530160.2521147,211239217.187794,14.5301602521147
CRO,2023-03-30,0.0697251147829502,0.0703767269958804,0.0678749961906479,0.0682687502160519,10917443.8693457,158425334.501754,10.9174438693457
CRO,2023-03-31,0.0682687502160519,0.0695550219855885,0.0675807587011929,0.0691591992704326,10106051.7710173,147344320.516884,10.1060517710173
CRO,2023-04-01,0.0691591992704326,0.0696889001827598,0.0687234298477267,0.0693135886572132,8344282.49949179,120591843.90983,8.34428249949179
CRO,2023-04-02,0.0693135886572132,0.0699107487841286,0.0673055942988048,0.0679092114470232,11015123.505553,159989824.298834,11.015123505553
CRO,2023-04-03,0.0679092114470232,0.0688847929701184,0.0667184560250349,0.0680979683188238,14340632.8070409,211215423.907899,14.3406328070409
CRO,2023-04-04,0.0680979683188238,0.0687262849652683,0.0674547644137424,0.0686107656407249,9032313.99754474,132409834.485368,9.032313997544739
CRO,2023-04-05,0.0686107656407249,0.070591266018798,0.0683594167879942,0.0702284421516468,16104218.5685038,232698446.649019,16.1042185685038
CRO,2023-04-06,0.0702284421516468,0.0703431018730148,0.0687142628550617,0.0692855673618333,12826489.1449435,185518354.238085,12.8264891449435
CRO,2023-04-07,0.0692855673618333,0.0695440437587309,0.0675790852076849,0.0680751910340452,12072123.3532916,176521573.000565,12.0721233532916
CRO,2023-04-08,0.0680751910340452,0.0691956422731777,0.0680751910340452,0.0687467550885244,10833805.4176004,157671635.407326,10.8338054176004
CRO,2023-04-09,0.0687467550885244,0.0687467550885244,0.0675821502974556,0.0681638393254171,10265464.1027017,150944816.666549,10.2654641027017
CRO,2023-04-10,0.0681638393254171,0.0687885736231249,0.0676068234161335,0.0685900153152008,10010877.1327068,147114572.384887,10.010877132706801
CRO,2023-04-11,0.0685900153152008,0.0692257271485144,0.0684302828851584,0.0686787822285942,12227454.135576,177625248.059491,12.227454135576
CRO,2023-04-12,0.0686787822285942,0.0687682128895251,0.0672465984537875,0.0680447341384643,10787560.9244296,158975805.593081,10.787560924429599
CRO,2023-04-13,0.0680447341384643,0.0692942724602734,0.0680098279036585,0.0692899702934043,8854649.4594614,128754091.996057,8.8546494594614
CRO,2023-04-14,0.0692899702934043,0.0717004586460154,0.0692899702934043,0.0705484973257495,18134776.2437163,257123994.6316,18.1347762437163
CRO,2023-04-15,0.0705484973257495,0.0714126331463724,0.0700665326039354,0.0712520701448748,9735784.15433167,137599708.563045,9.73578415433167
CRO,2023-04-16,0.0712520701448748,0.0728526281418694,0.0709117040798202,0.0725004735392082,12917120.4171404,179111163.73474,12.9171204171404
CRO,2023-04-17,0.0725004735392082,0.0725004735392082,0.0696142421905218,0.0698721240787109,12578012.6160741,177147262.127711,12.5780126160741
CRO,2023-04-18,0.0698721240787109,0.0724728337501805,0.0692651756156998,0.0724246517301343,14285991.8093817,200312278.854577,14.285991809381699
CRO,2023-04-19,0.0724246517301343,0.073318980473986,0.0677473821266494,0.0678107485221686,18986863.16783,269225492.664722,18.986863167830002
CRO,2023-04-20,0.0678107485221686,0.0703485254209562,0.0674330440997136,0.0678577802856737,26388025.8638756,385547041.219812,26.3880258638756
CRO,2023-04-21,0.0678577802856737,0.0689738729807277,0.0670796308588684,0.0686502272523516,15885998.4981334,232824376.934898,15.8859984981334
CRO,2023-04-22,0.0686502272523516,0.0687261767394926,0.0672102897450885,0.0682720750905245,7878019.17209761,115927977.047696,7.87801917209761
CRO,2023-04-23,0.0682720750905245,0.0691288241984093,0.0676158571796913,0.0679673793394968,8316366.12607329,121692348.006584,8.316366126073289
CRO,2023-04-24,0.0679673793394968,0.0680319052500746,0.0661483133954984,0.0668127450821924,9875895.7125849,147049386.065951,9.8758957125849
CRO,2023-04-25,0.0668127450821924,0.0705025872166206,0.065453047150741,0.0689945963035469,30103418.6748902,438504076.916629,30.1034186748902
CRO,2023-04-26,0.0689945963035469,0.0777129200453023,0.0682122925537473,0.07139165170777,108011406.012592,1472467291.73259,108.011406012592
CRO,2023-04-27,0.07139165170777,0.0817801154031505,0.0696355838164544,0.0747991474135753,84589510.1294697,1113853563.75025,84.58951012946969
CRO,2023-04-28,0.0747991474135753,0.0821198106223412,0.0744666659579095,0.0783561149404756,77593448.5859157,987045491.882304,77.5934485859157
CRO,2023-04-29,0.0783561149404756,0.0783561149404756,0.0750949071802017,0.0756308001102746,16306384.445181,214071025.536368,16.306384445181
CRO,2023-04-30,0.0756308001102746,0.0756449039933812,0.0729271322580748,0.0729271322580748,14128789.5944679,190196817.242356,14.1287895944679
CRO,2023-05-01,0.0729271322580748,0.0729271322580748,0.069562219164034,0.0703141624584916,11950797.5947209,168166105.500157,11.9507975947209
CRO,2023-05-02,0.0703141624584916,0.0745050087690624,0.0698492192150606,0.0731353974558176,42863298.8443635,589031582.051353,42.863298844363506
CRO,2023-05-03,0.0731353974558176,0.073633449535508,0.0705185048394706,0.0719331423073845,14633306.8014753,204207388.390415,14.6333068014753
CRO,2023-05-04,0.0719331423073845,0.072178788884859,0.0704215349797651,0.0706821812118031,8122600.15467551,114486389.43468,8.12260015467551
CRO,2023-05-05,0.0706821812118031,0.070964199839292,0.0693458059070004,0.0700399018536642,8678943.5957507,124094969.791611,8.6789435957507
CRO,2023-05-06,0.0700399018536642,0.0700928476529619,0.0676654085688232,0.0683795345509419,6924154.3540713,100775419.219245,6.9241543540713
CRO,2023-05-07,0.0683795345509419,0.069526263992538,0.0679355925119061,0.068978596118972,7867686.03429668,113916068.512003,7.86768603429668
CRO,2023-05-08,0.068978596118972,0.0690266990165257,0.0662104442350621,0.0665668060118966,11109454.5748934,164294531.755004,11.1094545748934
CRO,2023-05-09,0.0665668060118966,0.0672375110769833,0.0653694087116265,0.0658023410236353,5091310.48221086,76782021.258711,5.09131048221086
CRO,2023-05-10,0.0658023410236353,0.0666093300618955,0.0649826825770318,0.0658013195907692,6245249.00122858,95088533.206217,6.24524900122858
CRO,2023-05-11,0.0658013195907692,0.0658013195907692,0.0629948055013529,0.0634523498653756,5852125.18519471,91164132.2542637,5.85212518519471
CRO,2023-05-12,0.0634523498653756,0.0634523498653756,0.0615563642553347,0.0627222941118409,5489049.86813111,88279354.9935272,5.489049868131111
CRO,2023-05-13,0.0627222941118409,0.0629519977355471,0.0619394861421657,0.0628000059957992,3106000.01398829,49791875.1650897,3.10600001398829
CRO,2023-05-14,0.0628000059957992,0.0670281887627392,0.0626473698989188,0.0641205129925193,29110738.7894613,447789857.737127,29.1107387894613
CRO,2023-05-15,0.0641205129925193,0.065148509915847,0.0636748681836621,0.0642017245640807,9801883.67398997,152143522.661966,9.80188367398997
CRO,2023-05-16,0.0642017245640807,0.0642017245640807,0.0628405107235327,0.0631692710060079,4589190.39865216,72291399.554037,4.58919039865216
CRO,2023-05-17,0.0631692710060079,0.0653134540812667,0.0629909163930452,0.0638667622003761,8354847.86920038,130125414.914306,8.35484786920038
CRO,2023-05-18,0.0638667622003761,0.0646732274778837,0.0626038264494193,0.0632790911952342,5075084.4967277,79754411.6321331,5.0750844967277
CRO,2023-05-19,0.0632790911952342,0.0632790911952342,0.062340849817278,0.0630198771377462,3301811.95883894,52409870.3882888,3.30181195883894
CRO,2023-05-20,0.0630198771377462,0.0630482329779087,0.0620960749998658,0.0628903626059471,2360046.65445441,37615858.8446965,2.36004665445441
CRO,2023-05-21,0.0628903626059471,0.0630170797373993,0.0619859307655664,0.0620304056010473,2752406.74153721,44129490.0701499,2.75240674153721
CRO,2023-05-22,0.0620304056010473,0.0633821830134913,0.0619440221884493,0.0622287460336776,6983791.23086131,111804247.390145,6.98379123086131
CRO,2023-05-23,0.0622287460336776,0.0627986056388041,0.0619506271454962,0.0622141683039977,3032835.26330385,48734242.6648014,3.03283526330385
CRO,2023-05-24,0.0622141683039977,0.0622289827280986,0.0596822954943754,0.0601236165620827,5253262.3393518,86491020.7819318,5.2532623393518
CRO,2023-05-25,0.0601236165620827,0.0601236165620827,0.0589892691803859,0.0599380750043548,3472602.42630814,58298781.1416858,3.47260242630814
CRO,2023-05-26,0.0599380750043548,0.0605040258893355,0.0595043368684255,0.0603283717305808,2643897.59189652,43999841.7680506,2.64389759189652
CRO,2023-05-27,0.0603283717305808,0.0605093241799141,0.0599631149166811,0.0603069809416336,2083036.83095775,34580394.1425011,2.08303683095775
CRO,2023-05-28,0.0603069809416336,0.0613653113244666,0.0602214431314947,0.0612788272440179,3113560.1058005,51286760.7661914,3.1135601058005
CRO,2023-05-29,0.0612788272440179,0.0615223809207963,0.0604772151489989,0.0607173512107134,3088547.52909649,50772824.2474582,3.08854752909649
CRO,2023-05-30,0.0607173512107134,0.0608869272633209,0.0600107402425978,0.0600799086509843,3793412.05002593,62754266.535395,3.79341205002593
CRO,2023-05-31,0.0600799086509843,0.0605944451200711,0.0593351900150965,0.0597779846076115,4475911.65038111,74650863.7296871,4.47591165038111
CRO,2023-06-01,0.0597779846076115,0.0601231951383825,0.0586064414500371,0.0589183792623598,4874853.57362241,82259839.6384218,4.87485357362241
CRO,2023-06-02,0.0589183792623598,0.0600999506412073,0.0583961420171714,0.0595837070395197,3240830.93458962,54642701.902759,3.2408309345896202
CRO,2023-06-03,0.0595837070395197,0.0597731144946431,0.0591826877697582,0.0595676573258328,2459562.30960483,41351479.9830307,2.4595623096048302
CRO,2023-06-04,0.0595676573258328,0.0626992974151983,0.0595332239024202,0.0610228717805039,9314555.86816167,151181846.248713,9.314555868161671
CRO,2023-06-05,0.0610228717805039,0.0621178458190764,0.0580884148254828,0.0586778933080887,9957205.07169861,165545921.402793,9.95720507169861
CRO,2023-06-06,0.0586778933080887,0.0613913835816877,0.0582055660582118,0.059901356427015,6567465.3153187,110608753.322404,6.5674653153187
CRO,2023-06-07,0.059901356427015,0.0613819857530956,0.0590003368880879,0.0590345923866247,9185646.07716961,152828355.687132,9.18564607716961
CRO,2023-06-08,0.0590345923866247,0.0602373337098214,0.05877248648499,0.0588952691837802,6182940.7575618,104054037.182516,6.1829407575618
CRO,2023-06-09,0.0588952691837802,0.0590594350626785,0.0576238638351263,0.0576650229818621,4849683.91137946,83095609.3096962,4.8496839113794605
CRO,2023-06-10,0.0576650229818621,0.0576764332750975,0.0509179516395765,0.0546016576750294,13265359.7132134,250268831.796024,13.265359713213401
CRO,2023-06-11,0.0546016576750294,0.055400082437031,0.0543032536179141,0.0552549883953707,4128322.36142174,75028417.0730036,4.12832236142174
CRO,2023-06-12,0.0552549883953707,0.05526350694701,0.0533209762301965,0.0535706817516911,4576202.53662615,84118085.0743709,4.57620253662615
CRO,2023-06-13,0.0535706817516911,0.053914446844269,0.0524130905059011,0.0525657366855223,4177367.03571146,78433638.9766379,4.17736703571146
CRO,2023-06-14,0.0525657366855223,0.053744413748989,0.0515739455063902,0.0519229649556287,4202411.34418077,79920340.6669443,4.20241134418077
CRO,2023-06-15,0.0519229649556287,0.0529694057578089,0.0519229649556287,0.0528776420704263,4850164.08787468,92512730.1656121,4.8501640878746795
CRO,2023-06-16,0.0528776420704263,0.0535228558633054,0.0524869327316418,0.0531174904420998,5646479.92930723,106489333.945007,5.64647992930723
CRO,2023-06-17,0.0531174904420998,0.0537432738220418,0.052745211672734,0.0535434792976109,3147213.49045888,59081673.1976843,3.14721349045888
CRO,2023-06-18,0.0535434792976109,0.0540426810660921,0.0533499956882437,0.0536051797865797,2528952.6707782,47080036.4932382,2.5289526707782
CRO,2023-06-19,0.0536051797865797,0.0541839396276181,0.0535432072233625,0.0538930943009817,2555753.77515483,47560842.8275053,2.55575377515483
CRO,2023-06-20,0.0538930943009817,0.0545168309535921,0.0533874517594615,0.0544709094717113,2859220.14868148,53014316.4380935,2.85922014868148
CRO,2023-06-21,0.0544709094717113,0.0567472443380925,0.0544066236318456,0.0566137097316756,5251093.21599122,94022535.1902628,5.2510932159912205
CRO,2023-06-22,0.0566137097316756,0.057690298348077,0.0563882260467052,0.0564515640885458,5890207.4609344,103010518.174216,5.890207460934399
CRO,2023-06-23,0.0564515640885458,0.058839311126569,0.0563150882680355,0.0583901819397114,5693475.14745066,98832572.1919111,5.69347514745066
CRO,2023-06-24,0.0583901819397114,0.0588775751519712,0.0580739001852425,0.058449378613764,3796393.74914449,65008657.0902349,3.7963937491444897
CRO,2023-06-25,0.058449378613764,0.0609336926666516,0.057995766324887,0.058411166968104,7491358.99120714,125509044.538371,7.491358991207139
CRO,2023-06-26,0.058411166968104,0.0586953234959531,0.0565915909874522,0.0567220921780881,5048712.97478774,88031309.0342101,5.04871297478774
CRO,2023-06-27,0.0567220921780881,0.0570384662165605,0.0564108659343667,0.0568658905726702,3285879.05207412,57917082.5040964,3.28587905207412
CRO,2023-06-28,0.0568658905726702,0.0574444022344479,0.0553246375095479,0.0553592147322464,5519345.47023055,97708432.4802646,5.51934547023055
CRO,2023-06-29,0.0553592147322464,0.0561229332350469,0.0550987122670166,0.0552839265803754,3506429.27634899,63082425.1718144,3.5064292763489897
CRO,2023-06-30,0.0552839265803754,0.0569626408773442,0.0550381966511007,0.0564324640787989,6843073.94522384,121985327.050854,6.84307394522384
CRO,2023-07-01,0.0564324640787989,0.0574903969286774,0.056031628586282,0.0574884228159389,4371463.96628384,77198533.1527467,4.37146396628384
CRO,2023-07-02,0.0574884228159389,0.0578556657478248,0.0561659402859673,0.0566886749849964,4468069.87712973,78598597.6314845,4.46806987712973
CRO,2023-07-03,0.0566886749849964,0.0578090990810813,0.0566886749849964,0.0571954361929352,5784253.29190982,101166737.951099,5.78425329190982
CRO,2023-07-04,0.0571954361929352,0.0577779596310189,0.0569031592960812,0.0575495644202196,5101394.04675527,88960048.1552829,5.10139404675527
CRO,2023-07-05,0.0575495644202196,0.0582272986621009,0.0570957655706919,0.0580548997089162,7286818.39434708,126308689.830218,7.28681839434708
CRO,2023-07-06,0.0580548997089162,0.0588779100623655,0.05677390091265,0.05677390091265,6251804.38614027,108252797.006049,6.25180438614027
CRO,2023-07-07,0.05677390091265,0.0571072400609841,0.0561742098591052,0.0566479849564657,3220839.58714699,56905948.4486659,3.22083958714699
CRO,2023-07-08,0.0566479849564657,0.0568167892479905,0.0563470582558473,0.0567911002660281,2580751.42344134,45622332.3401852,2.58075142344134
CRO,2023-07-09,0.0567911002660281,0.0571316182534859,0.0560876395055529,0.0562186918003102,2287464.79701555,40307501.9379369,2.28746479701555
CRO,2023-07-10,0.0562186918003102,0.0564209685527928,0.0553713721048625,0.0560090626342057,3413730.22217372,61130799.3945104,3.41373022217372
CRO,2023-07-11,0.0560090626342057,0.0571762137518909,0.0559105980381764,0.0569457043950115,3646884.98628142,64397998.0206555,3.64688498628142
CRO,2023-07-12,0.0569457043950115,0.058198343875652,0.0569457043950115,0.0578016834526439,5381309.61088026,93035012.7367819,5.38130961088026
CRO,2023-07-13,0.0578016834526439,0.060121354176166,0.057427138959307,0.060121354176166,11176674.401199,189531062.626547,11.176674401199
CRO,2023-07-14,0.060121354176166,0.0609964134587527,0.0590120839052943,0.0597803443323403,12156655.8606596,202810861.829019,12.1566558606596
CRO,2023-07-15,0.0597803443323403,0.0611809561436932,0.0593549648917074,0.0610058130015449,5551459.209531,92190674.3782594,5.551459209531
CRO,2023-07-16,0.0610058130015449,0.0622097242213318,0.0599426087328015,0.0604092670565116,7799921.03437855,127653215.321197,7.79992103437855
CRO,2023-07-17,0.0604092670565116,0.0607631048372921,0.059438679012432,0.0602640204853267,5410635.8240109,90146226.0430691,5.4106358240109005
CRO,2023-07-18,0.0602640204853267,0.0602958776100554,0.0591716170835451,0.0593918298015115,4687492.44217054,78457556.959538,4.68749244217054
CRO,2023-07-19,0.0593918298015115,0.0600526478251819,0.0592961204530701,0.0596173653326558,5353097.47560301,89738336.7007947,5.353097475603009
CRO,2023-07-20,0.0596173653326558,0.0601114547777575,0.0589773956190439,0.0596227637599433,5134995.01584412,86102602.3042337,5.13499501584412
CRO,2023-07-21,0.0596227637599433,0.0621726968490146,0.0596227637599433,0.0615330681340149,20430538.9610566,333053948.771134,20.4305389610566
CRO,2023-07-22,0.0615330681340149,0.0615330681340149,0.0605199783983351,0.0605764562118532,5411469.84992923,89056083.7702108,5.41146984992923
CRO,2023-07-23,0.0605764562118532,0.060920003875515,0.060291255126648,0.0604789937155959,3185532.60607171,52620320.2209863,3.18553260607171
CRO,2023-07-24,0.0604789937155959,0.0605699635833418,0.0587398575153303,0.0590375212489613,5854682.67872658,98386528.6338201,5.85468267872658
CRO,2023-07-25,0.0590375212489613,0.059186407427992,0.0582859547881708,0.0588824078832434,3888542.4997818,66224734.0952256,3.8885424997818
CRO,2023-07-26,0.0588824078832434,0.0613858922822524,0.0588824078832434,0.0595816144521131,16160224.8201939,267305919.474905,16.1602248201939
CRO,2023-07-27,0.0595816144521131,0.0595816144521131,0.0585262373359482,0.0590326679962726,3728774.54865754,63171529.3580002,3.7287745486575403
CRO,2023-07-28,0.0590326679962726,0.0601577474679903,0.0587449534773447,0.0600249786322875,5415726.16496482,91118648.7141324,5.41572616496482
CRO,2023-07-29,0.0600249786322875,0.060618379397214,0.0599164184227886,0.0605708823514806,3671556.57034582,60915306.8071313,3.6715565703458197
CRO,2023-07-30,0.0605708823514806,0.0606498249980987,0.0593627381825715,0.0596577464680113,3991815.02132035,66521693.7467769,3.99181502132035
CRO,2023-07-31,0.0596577464680113,0.0597593639857434,0.0587373047793541,0.0590575896720199,4445028.49077334,75103814.709108,4.44502849077334
CRO,2023-08-01,0.0590575896720199,0.061222108414949,0.0586500272503318,0.0597105747771773,17949690.4846274,299750996.1992,17.9496904846274
CRO,2023-08-02,0.0597105747771773,0.0601702428805465,0.0592253576162982,0.0598703113555189,7823886.99398747,131251941.252404,7.82388699398747
CRO,2023-08-03,0.0598703113555189,0.059949604032422,0.0593266971631974,0.0595001817057237,5186313.10292393,87071092.585281,5.18631310292393
CRO,2023-08-04,0.0595001817057237,0.0595001817057237,0.0582877459233836,0.0584823923704866,4357601.85848841,74049970.4646671,4.35760185848841
CRO,2023-08-05,0.0584823923704866,0.0585106349035765,0.05763907361347,0.0579856996998936,4010109.86217084,69338288.350454,4.01010986217084
CRO,2023-08-06,0.0579856996998936,0.0587795025959407,0.0578619322693564,0.0587256122890377,4935761.57819991,84507111.3815683,4.93576157819991
CRO,2023-08-07,0.0587256122890377,0.0587645470098535,0.0575649168940255,0.0579762117964138,5585794.42683367,95929340.6698029,5.58579442683367
CRO,2023-08-08,0.0579762117964138,0.0585648079417844,0.0575553642044849,0.0581572060575489,4093723.36761193,70637491.9437478,4.09372336761193
CRO,2023-08-09,0.0581572060575489,0.0584046536261243,0.0572552012827803,0.0576074090613983,4717499.43036121,81657517.7363728,4.717499430361211
CRO,2023-08-10,0.0576074090613983,0.0577799255210519,0.0573476208416625,0.0575179857234681,2995534.3568327,52092680.7084433,2.9955343568327
CRO,2023-08-11,0.0575179857234681,0.0575179857234681,0.0569487349388285,0.057002591846631,2363624.12220147,41326102.8440679,2.36362412220147
CRO,2023-08-12,0.057002591846631,0.0572079609730038,0.0569010566802887,0.0571560302193853,2354556.38436833,41274497.6487989,2.3545563843683297
CRO,2023-08-13,0.0571560302193853,0.0571762715388917,0.0567910971645672,0.0569039062067778,2417588.15066439,42434807.7950059,2.41758815066439
CRO,2023-08-14,0.0569039062067778,0.0570313216998671,0.0566764474126272,0.0568254015352977,3855786.59158686,67809907.8483845,3.85578659158686
CRO,2023-08-15,0.0568254015352977,0.0568339910842162,0.055614866949729,0.0556438705769275,5136847.26882162,91394822.5007358,5.1368472688216205
CRO,2023-08-16,0.0556438705769275,0.0562059032043392,0.0543770424399111,0.0543891007308537,15598240.2663386,281345802.915665,15.5982402663386
CRO,2023-08-17,0.0543891007308537,0.0547993512370755,0.0514643867585486,0.0521847067410169,8727192.20323811,164559328.642726,8.72719220323811
CRO,2023-08-18,0.0521847067410169,0.0524093587814233,0.0514843877254916,0.0519766805473038,5595692.51945994,107687908.334883,5.59569251945994
CRO,2023-08-19,0.0519766805473038,0.0526576641422899,0.0518336341939175,0.0526312013217404,2498325.68347447,47827703.5201799,2.49832568347447
CRO,2023-08-20,0.0526312013217404,0.0526762573331143,0.0519262089850339,0.0523846665017059,2072048.08826732,39476684.1732203,2.0720480882673202
CRO,2023-08-21,0.0523846665017059,0.0526838972757846,0.0519732686884001,0.0521252880144753,3253358.27972522,62134525.8122436,3.25335827972522
CRO,2023-08-22,0.0521252880144753,0.0524623377925329,0.0514450019421917,0.0516061508453398,3254243.63543095,62543993.5486765,3.2542436354309503
CRO,2023-08-23,0.0516061508453398,0.0521946239297419,0.0513705665468681,0.051958850557599,3076436.12630374,59461916.5060643,3.0764361263037396
CRO,2023-08-24,0.051958850557599,0.0520352288064534,0.0514443801817363,0.051699270479798,2554840.09620677,49279154.4433641,2.5548400962067697
CRO,2023-08-25,0.051699270479798,0.0518141370171493,0.0511780970674774,0.0515385503599584,2462917.64915972,47796593.7132446,2.4629176491597202
CRO,2023-08-26,0.0515385503599584,0.0516363012607402,0.0512108604932258,0.0512871059001934,1549735.79404842,30121583.2132742,1.54973579404842
CRO,2023-08-27,0.0512871059001934,0.0516214433681238,0.0511169714086389,0.0512185153916253,2732626.21338609,53211125.2692082,2.73262621338609
CRO,2023-08-28,0.0512185153916253,0.0547363197453154,0.0512001185827355,0.0534432260479321,19343869.7444885,361179804.444299,19.3438697444885
CRO,2023-08-29,0.0534432260479321,0.0534676937618038,0.0509110581087386,0.0532809557435098,8414728.81564881,161208692.508985,8.41472881564881
CRO,2023-08-30,0.0532809557435098,0.0532809557435098,0.0519045286613292,0.05209372445551,2950009.58956089,56372621.0030602,2.95000958956089
CRO,2023-08-31,0.05209372445551,0.0525766308298818,0.0504616140290003,0.050530438278896,4444544.87677371,85787572.9983635,4.44454487677371
CRO,2023-09-01,0.050530438278896,0.0507296222882362,0.0497330325530679,0.0501116876226972,3616291.21712103,71941447.7835946,3.6162912171210304
CRO,2023-09-02,0.0501116876226972,0.0508822905723397,0.0501089565149726,0.0506813860223943,2772597.35131181,54898239.9492684,2.77259735131181
CRO,2023-09-03,0.0506813860223943,0.051256613091901,0.0503020721811772,0.0511775903371375,2590991.05961701,50955911.9878433,2.59099105961701
CRO,2023-09-04,0.0511775903371375,0.0531770593885086,0.0506041617414724,0.051300896462262,7121054.7886509,135676451.573285,7.1210547886509
CRO,2023-09-05,0.051300896462262,0.051300896462262,0.0500802141013878,0.0505003426109669,3684973.32791136,73154800.0938191,3.68497332791136
CRO,2023-09-06,0.0505003426109669,0.0510075893199297,0.0497399715575963,0.0503637122116259,4830090.80955485,96305771.2925804,4.83009080955485
CRO,2023-09-07,0.0503637122116259,0.0520472176142518,0.0500644010178675,0.0516766195359574,5703457.06932159,111915458.202689,5.70345706932159
CRO,2023-09-08,0.0516766195359574,0.0531246126560785,0.0513182047808669,0.0528144003012052,5888974.84773486,112545182.310812,5.88897484773486
CRO,2023-09-09,0.0528144003012052,0.0534390785934706,0.0517406918337322,0.0519950045778338,4142801.21241989,78211816.2522572,4.14280121241989
CRO,2023-09-10,0.0519950045778338,0.0531316743677464,0.0516639805372956,0.0523482704196042,5856235.19569273,111627781.394968,5.85623519569273
CRO,2023-09-11,0.0523482704196042,0.0529264707648258,0.0498009057817535,0.0503030542248601,4823759.59411656,94441140.162,4.82375959411656
CRO,2023-09-12,0.0503030542248601,0.0511486549372286,0.0500106772248877,0.0502839326809677,4503897.99582377,89117760.9921937,4.5038979958237695
CRO,2023-09-13,0.0502839326809677,0.0507708388282819,0.0501585915762898,0.05067161241736,2467089.78164912,48858867.2604552,2.46708978164912
CRO,2023-09-14,0.05067161241736,0.051221793375995,0.0505907262103256,0.0511043177585143,3360624.13040415,66012503.9621382,3.36062413040415
CRO,2023-09-15,0.0511043177585143,0.0517062153858056,0.050620172003954,0.0512395908887414,3879535.49232335,75972363.2794994,3.8795354923233503
CRO,2023-09-16,0.0512395908887414,0.0517684190475741,0.0510341691549582,0.0512988382178417,2758326.54935116,53628063.3653382,2.75832654935116
CRO,2023-09-17,0.0512988382178417,0.0526935281898583,0.051093213430722,0.0514860584182573,9948209.85262438,191976806.081796,9.948209852624379
CRO,2023-09-18,0.0514860584182573,0.0522093026284188,0.0511873954305327,0.0512871132784039,4649077.80354811,90236258.7724145,4.64907780354811
CRO,2023-09-19,0.0512871132784039,0.0516216169531863,0.0510295506238513,0.0514941899205671,3816052.38588561,74461404.6251978,3.8160523858856097
CRO,2023-09-20,0.0514941899205671,0.0515224115122444,0.0510131280758361,0.0513356877053355,3526114.80249252,68790374.3221615,3.5261148024925197
CRO,2023-09-21,0.0513356877053355,0.0516238210134813,0.0499635305853473,0.0503394286511648,6321570.48144352,124283567.838572,6.32157048144352
CRO,2023-09-22,0.0503394286511648,0.0506710860238073,0.0500247672372208,0.0506206983461281,3302065.17388148,65502927.0251404,3.30206517388148
CRO,2023-09-23,0.0506206983461281,0.0509443771397141,0.050540782825065,0.0508603065576826,3390510.30811514,66790121.7818361,3.39051030811514
CRO,2023-09-24,0.0508603065576826,0.053261439882125,0.0508603065576826,0.0511064100676377,11382829.765749,217905697.606482,11.382829765749
CRO,2023-09-25,0.0511064100676377,0.0511064100676377,0.050324499541893,0.0505590994896663,3863786.50706733,76460985.4697667,3.86378650706733
CRO,2023-09-26,0.0505590994896663,0.0505590994896663,0.0498985569450825,0.0501944490152326,2574705.65022414,51296402.4678432,2.57470565022414
CRO,2023-09-27,0.0501944490152326,0.0510752615674723,0.0498773147820274,0.0500555697592239,6129283.45827562,121802859.012228,6.12928345827562
CRO,2023-09-28,0.0500555697592239,0.0508078574206257,0.0500308342240638,0.0507052860813521,4420830.80507718,87860953.666947,4.4208308050771805
CRO,2023-09-29,0.0507052860813521,0.0508538627482819,0.0504278550544791,0.0508049800135295,3258065.60918409,64337691.2067028,3.25806560918409
CRO,2023-09-30,0.0508049800135295,0.0510347468551189,0.0504040553148876,0.0509500599218711,3325557.96691825,65584903.182973,3.3255579669182502
CRO,2023-10-01,0.0509500599218711,0.051873366286951,0.0507688904861446,0.0518256479013977,3469020.0088358,67774757.0092135,3.4690200088358
CRO,2023-10-02,0.0518256479013977,0.0518991952455663,0.0506223722294472,0.0507653110893381,3609202.23954816,70210470.8903233,3.60920223954816
CRO,2023-10-03,0.0507653110893381,0.0508606165149723,0.0500635254517567,0.0502151596358361,3210640.71352527,63681861.2730437,3.21064071352527
CRO,2023-10-04,0.0502151596358361,0.0504979213057049,0.0497264386174806,0.0502602075417586,3343843.36164954,66740974.8059954,3.3438433616495398
CRO,2023-10-05,0.0502602075417586,0.0512930006579359,0.0500012240621847,0.0501702874206962,5225850.36529866,103350545.511981,5.225850365298659
CRO,2023-10-06,0.0501702874206962,0.050860953194695,0.0501702874206962,0.0507988896390965,2610144.14205461,51684113.3542166,2.61014414205461
CRO,2023-10-07,0.0507988896390965,0.0507996819810376,0.0503994949659759,0.0507548769289925,1713665.92094686,33847581.5237196,1.7136659209468599
CRO,2023-10-08,0.0507548769289925,0.0507989032778719,0.0502310374114995,0.0505535577393785,2429746.42311698,48160258.7985857,2.4297464231169803
CRO,2023-10-09,0.0505535577393785,0.0505535577393785,0.049370650301992,0.049923812507672,3772781.6583904,75654917.578806,3.7727816583904
CRO,2023-10-10,0.049923812507672,0.0512622561375705,0.0492404680124085,0.0496006806609651,6827715.98144227,135696178.515726,6.82771598144227
CRO,2023-10-11,0.0496006806609651,0.0500925552022259,0.0489778079068031,0.0492464950623542,4327774.3379846,87759519.0272305,4.3277743379846
CRO,2023-10-12,0.0492464950623542,0.0521153233556588,0.0490828586265701,0.0509036706106235,16362429.5420187,322099248.500946,16.3624295420187
CRO,2023-10-13,0.0509036706106235,0.0524304825656938,0.0502017677164692,0.0522817309149111,6188728.22168173,121031378.09951,6.18872822168173
CRO,2023-10-14,0.0522817309149111,0.0522817309149111,0.051403700099329,0.0520172824989561,2866200.54089507,55264241.4617081,2.86620054089507
CRO,2023-10-15,0.0520172824989561,0.052537852585252,0.0513138408692548,0.052303306069344,3908346.28656742,75343333.7566194,3.90834628656742
CRO,2023-10-16,0.052303306069344,0.0535307206772057,0.0521824986682601,0.0527870072591612,5182195.30047488,98353806.9109957,5.182195300474881
CRO,2023-10-17,0.0527870072591612,0.0530085905340097,0.051581541001234,0.0525411747890485,4096558.5173945,78625162.6055828,4.0965585173945
CRO,2023-10-18,0.0525411747890485,0.0541184953778332,0.0512601354998482,0.0515566192471177,10107201.1532959,191192531.433941,10.1072011532959
CRO,2023-10-19,0.0515566192471177,0.0515566192471177,0.0507053687914174,0.0511806656321946,3255641.27876672,63813565.3671796,3.25564127876672
CRO,2023-10-20,0.0511806656321946,0.0523941828053966,0.0510085950896148,0.05239155500757,3549220.82821998,68420841.043483,3.54922082821998
CRO,2023-10-21,0.05239155500757,0.0538217536299636,0.0519479443712594,0.0534196893821772,4095819.01389929,77333668.0531366,4.09581901389929
CRO,2023-10-22,0.0534196893821772,0.0538389797269066,0.0526414521120072,0.0538356425718493,3393255.77298339,63750295.8917284,3.39325577298339
CRO,2023-10-23,0.0538356425718493,0.056951013864725,0.0536544544509934,0.056893031346483,9458263.49209614,170895608.439058,9.458263492096139
CRO,2023-10-24,0.056893031346483,0.0590557917206158,0.0563523745000101,0.057514749966484,11154375.3382801,194382010.874966,11.1543753382801
CRO,2023-10-25,0.057514749966484,0.0585093687752715,0.0564716385460935,0.0579139561155049,5898659.93237092,102724972.527503,5.8986599323709195
CRO,2023-10-26,0.0579139561155049,0.0599696517194451,0.0577697443621191,0.0594762474423761,11182254.9709328,189277270.411528,11.182254970932801
CRO,2023-10-27,0.0594762474423761,0.0594762474423761,0.0580833745259336,0.0592895678558723,4945770.97278782,84035635.4071893,4.94577097278782
CRO,2023-10-28,0.0592895678558723,0.0605505825446847,0.0585382777690218,0.0594712107198817,5775368.24054745,97127522.5254097,5.775368240547451
CRO,2023-10-29,0.0594712107198817,0.0609230432152175,0.0587977780999312,0.0601084310845047,6930496.63471751,116096911.019088,6.93049663471751
CRO,2023-10-30,0.0601084310845047,0.0612988561083928,0.0592529107833984,0.0612988561083928,4682102.41447223,77812503.3777228,4.682102414472229
CRO,2023-10-31,0.0612988561083928,0.0620345415545654,0.0599545253533834,0.0620290524093201,6361110.93698884,104309021.866541,6.3611109369888394
CRO,2023-11-01,0.0620290524093201,0.0624047280718465,0.0604987226903276,0.0623253558922719,5923722.07093131,96656231.1506513,5.923722070931309
CRO,2023-11-02,0.0623253558922719,0.0671311197847784,0.0618855070113002,0.0670312172362066,13012265.6186657,202869986.988038,13.012265618665701
CRO,2023-11-03,0.0670312172362066,0.0689133537318094,0.0651847062682684,0.0666605058961688,15593612.2083555,233281103.668512,15.5936122083555
CRO,2023-11-04,0.0666605058961688,0.0686780232240506,0.066266287645377,0.0686433048135232,9516257.18569271,140876321.294189,9.51625718569271
CRO,2023-11-05,0.0686433048135232,0.0707509512949841,0.0679428124082284,0.0704585516063442,8808399.01170286,127168068.159485,8.80839901170286
CRO,2023-11-06,0.0704585516063442,0.0760224847115104,0.0695957967981599,0.0760224847115104,14005631.3342025,192263967.94318,14.0056313342025
CRO,2023-11-07,0.0760224847115104,0.0856670248553627,0.0734942719850268,0.0803986747782871,39293957.1746633,490726735.564314,39.2939571746633
CRO,2023-11-08,0.0803986747782871,0.0818754854721738,0.0791497596568289,0.0808541115561222,16381056.6447884,203983313.263605,16.381056644788398
CRO,2023-11-09,0.0808541115561222,0.085666072478119,0.0801567512319222,0.0841510092722333,22594767.8541348,274940907.701694,22.5947678541348
CRO,2023-11-10,0.0841510092722333,0.100876589305757,0.0834868126422868,0.0993177082132077,33321816.5517239,363900161.585059,33.3218165517239
CRO,2023-11-11,0.0993177082132077,0.122106921246809,0.0993177082132077,0.108343177769261,130956121.684663,1191752645.31696,130.956121684663
CRO,2023-11-12,0.108343177769261,0.112778064581495,0.09136130418738,0.0992059925137826,62549012.5997302,607978262.139279,62.549012599730204
CRO,2023-11-13,0.0992059925137826,0.102824927288716,0.0921873084066474,0.0921873084066474,28913402.3084423,299635611.06321,28.913402308442297
CRO,2023-11-14,0.0921873084066474,0.0945033594448171,0.0860607071219095,0.0886200258049185,29575706.9813896,327787863.189887,29.5757069813896
CRO,2023-11-15,0.0886200258049185,0.111625963773302,0.087257587953737,0.105107645374243,96097890.3296772,923117279.147793,96.0978903296772
CRO,2023-11-16,0.105107645374243,0.105107645374243,0.0951176874406548,0.0962670999619959,10857768.344429,110473172.049144,10.857768344429
CRO,2023-11-17,0.0962670999619959,0.0998583055660685,0.0936220847600538,0.0996679638889363,15624653.827356,162147804.907418,15.624653827356
CRO,2023-11-18,0.0996679638889363,0.100842726871747,0.0946330448135536,0.0977998190078164,15483473.744213,157552495.567547,15.483473744213
CRO,2023-11-19,0.0977998190078164,0.100283895642778,0.09426038719049,0.0979625690755657,13773982.0956829,141489361.618309,13.7739820956829
CRO,2023-11-20,0.0979625690755657,0.0987641573544173,0.0952028485650499,0.0954937501801452,11643511.8862562,119745537.777888,11.6435118862562
CRO,2023-11-21,0.0954937501801452,0.0960117407396999,0.0837257222019492,0.0837257222019492,20862230.9870667,231159021.623016,20.862230987066702
CRO,2023-11-22,0.0837257222019492,0.096465440810385,0.0836393871525083,0.0944355730310252,20513772.2637475,221561340.052557,20.513772263747498
CRO,2023-11-23,0.0944355730310252,0.0984978541394688,0.0911890819755533,0.0921268991476567,13458173.3385411,142540156.938962,13.4581733385411
CRO,2023-11-24,0.0921268991476567,0.100680721384964,0.091995003766576,0.0977257244651018,17459709.3420319,179175548.560647,17.4597093420319
CRO,2023-11-25,0.0977257244651018,0.0994967667139245,0.0958640500494341,0.0974888671233072,8319256.30451346,85367989.2441329,8.31925630451346
CRO,2023-11-26,0.0974888671233072,0.097506839542019,0.0937711491298159,0.0948919031120961,7280156.40312094,76093772.5017424,7.28015640312094
CRO,2023-11-27,0.0948919031120961,0.0950434650967707,0.090086859613687,0.0913312432792399,9484621.19789049,102707180.595561,9.48462119789049
CRO,2023-11-28,0.0913312432792399,0.0950023012455599,0.0895717773272059,0.0927772385683706,8512281.67733623,92502277.1377713,8.512281677336231
CRO,2023-11-29,0.0927772385683706,0.0931144595071449,0.0908327386419676,0.0910468217300862,6933206.30605514,75471936.8609912,6.93320630605514
CRO,2023-11-30,0.0910468217300862,0.091568124654768,0.0881298488522979,0.0887880554874872,9189936.44917936,102087408.806984,9.18993644917936
CRO,2023-12-01,0.0887880554874872,0.0938333535298008,0.0884693081180796,0.0919115326223966,9107904.77343198,99392133.816934,9.10790477343198
CRO,2023-12-02,0.0919115326223966,0.0932690412277884,0.0902898504794733,0.093008219987611,8096816.79941911,88608690.3087992,8.09681679941911
CRO,2023-12-03,0.093008219987611,0.0935655778454185,0.0910040535923998,0.0924486951901308,7424155.64057892,80587242.3414865,7.42415564057892
CRO,2023-12-04,0.0924486951901308,0.101042239496796,0.0921226306697662,0.0948356860568802,23276141.9259959,241988048.90101,23.2761419259959
CRO,2023-12-05,0.0948356860568802,0.0996567973966404,0.0936707251282094,0.0966780582392138,18913066.4611909,196481377.328914,18.9130664611909
CRO,2023-12-06,0.0966780582392138,0.0993291316317138,0.092401657285394,0.0937502354469939,19367447.5849725,201858839.645385,19.3674475849725
CRO,2023-12-07,0.0937502354469939,0.0951313514849619,0.0916166450800292,0.0946217710988175,9316214.15155189,99388378.1792811,9.31621415155189
CRO,2023-12-08,0.0946217710988175,0.0990142664798888,0.0934773598478314,0.0987486215888489,11953986.849856,124191670.298091,11.953986849856001
CRO,2023-12-09,0.0987486215888489,0.113790886722828,0.0986740169559295,0.107288033031339,45094216.5025888,422766842.615113,45.0942165025888
CRO,2023-12-10,0.107288033031339,0.111993025515963,0.10275473335032,0.10606244754711,22960100.0085039,215366788.573552,22.9601000085039
CRO,2023-12-11,0.10606244754711,0.109269970407566,0.095799544224186,0.0986976564163374,24290909.2909425,242616013.631206,24.2909092909425
CRO,2023-12-12,0.0986976564163374,0.10237533915013,0.0983500811016794,0.101080064939853,16174190.7550094,160795263.722181,16.1741907550094
CRO,2023-12-13,0.101080064939853,0.103042796331273,0.0963305124128293,0.103042391722126,15175933.1607747,152544338.664703,15.1759331607747
CRO,2023-12-14,0.103042391722126,0.103969756785779,0.100389905525679,0.102046958005702,13003826.5197657,127112843.824807,13.003826519765699
CRO,2023-12-15,0.102046958005702,0.102053763841503,0.0975099882045894,0.0979588534209015,13835088.6435804,138630443.423455,13.835088643580399
CRO,2023-12-16,0.0979588534209015,0.103260274504927,0.0974851886574082,0.101244836654277,10830218.7607209,106719645.635492,10.8302187607209
CRO,2023-12-17,0.101244836654277,0.101508797990208,0.0980712597686833,0.0983226427333234,6485739.92533616,64993327.2136188,6.485739925336159
CRO,2023-12-18,0.0983226427333234,0.0988460048748266,0.0927795477724012,0.0983806090432145,12397719.2369276,129445938.241183,12.3977192369276
CRO,2023-12-19,0.0983806090432145,0.0994849516106397,0.0948576648796407,0.0964602378294795,7925095.76935072,81166046.6251627,7.92509576935072
CRO,2023-12-20,0.0964602378294795,0.099318853491781,0.096079591424672,0.0971148941275688,9149731.68763484,93961734.5527243,9.14973168763484
CRO,2023-12-21,0.0971148941275688,0.0994586251159211,0.0961989913157942,0.0989813585407329,9102858.50001362,92983540.0204943,9.10285850001362
CRO,2023-12-22,0.0989813585407329,0.1030819843945,0.0989426324309145,0.102952355069383,11277571.6218581,111203529.335819,11.2775716218581
CRO,2023-12-23,0.102952355069383,0.103028485557813,0.100218399618868,0.101297428611738,7222040.55527524,71413182.0343582,7.22204055527524
CRO,2023-12-24,0.101297428611738,0.101401632755317,0.0975594992919264,0.0979249238497626,10777697.6359186,108409830.705663,10.777697635918601
CRO,2023-12-25,0.0979249238497626,0.100840479740493,0.0978789762723595,0.100285899852138,7520453.90428801,75633227.4111247,7.52045390428801
CRO,2023-12-26,0.100285899852138,0.100800910875022,0.0960525927063673,0.0971137374986156,12370186.5579118,126151197.988263,12.3701865579118
CRO,2023-12-27,0.0971137374986156,0.101201976538143,0.0960165153038981,0.100204944235164,11055163.9570512,111937445.089337,11.055163957051201
CRO,2023-12-28,0.100204944235164,0.102485107312169,0.0988471952253152,0.0997709441984528,11804218.9383904,117118436.243997,11.8042189383904
CRO,2023-12-29,0.0997709441984528,0.101580345045763,0.0975149291026855,0.0991392559158214,9679308.71492768,97239102.7855917,9.67930871492768
CRO,2023-12-30,0.0991392559158214,0.100059885300477,0.0981270680570902,0.0985773365760759,5602633.94532234,56590387.8956951,5.60263394532234
CRO,2023-12-31,0.0985773365760759,0.100516376600501,0.0983915038747475,0.0989887832342528,6495086.27432208,65271169.1769027,6.49508627432208
CRO,2024-01-01,0.0989887832342528,0.100544569127305,0.0978483308260065,0.100518024393136,6864836.30376122,69398929.3879908,6.864836303761219
CRO,2024-01-02,0.100518024393136,0.10388028797885,0.100456834828151,0.103575506566793,15228777.5455668,149168194.021334,15.2287775455668
CRO,2024-01-03,0.103575506566793,0.10716865035877,0.0832291040577111,0.0957882551538852,33134103.5866591,340692085.849406,33.1341035866591
CRO,2024-01-04,0.0957882551538852,0.099557676090128,0.0937006438881915,0.097930863686156,14130216.3591982,145793940.129625,14.130216359198199
CRO,2024-01-05,0.097930863686156,0.0980619880446051,0.0911408905902087,0.0924274062292217,15445375.2741439,165037797.888244,15.4453752741439
CRO,2024-01-06,0.0924274062292217,0.0925258172374376,0.0879444426420647,0.0888336347428647,12232154.4919441,136281766.375883,12.232154491944101
CRO,2024-01-07,0.0888336347428647,0.0915450102610978,0.0864393690468362,0.086827431920587,9630586.63701838,108113219.477536,9.63058663701838
CRO,2024-01-08,0.086827431920587,0.0926496882377727,0.0826854232518867,0.091820403462701,16374714.9038663,185097064.388152,16.374714903866302
CRO,2024-01-09,0.091820403462701,0.0920829451936881,0.0870173300365329,0.0887311604523904,11702602.7637343,131715346.976912,11.7026027637343
CRO,2024-01-10,0.0887311604523904,0.0940927473999876,0.0850129351191563,0.0926894717740964,11985360.805289,134907433.14187,11.985360805289
CRO,2024-01-11,0.0926894717740964,0.0966616755590845,0.0911471528770387,0.0928401495070971,12555590.0247686,134247737.973356,12.5555900247686
CRO,2024-01-12,0.0928401495070971,0.0938586449715527,0.0869757184931083,0.0886328613081434,10482954.4230169,115183679.730864,10.482954423016901
CRO,2024-01-13,0.0886328613081434,0.089929031905055,0.0874290679770941,0.089860508323391,5530695.81695485,62451080.6412226,5.53069581695485
CRO,2024-01-14,0.089860508323391,0.0904651752779136,0.087273412742337,0.087287182481126,6328389.49189977,70713847.583459,6.328389491899769
CRO,2024-01-15,0.087287182481126,0.089317563019313,0.0862171896635575,0.0875353040106179,6775942.82692359,77292677.3725881,6.77594282692359
CRO,2024-01-16,0.0875353040106179,0.0889000928941742,0.0868804612752014,0.0882292490217752,4603496.86711966,52210458.6121567,4.603496867119659
CRO,2024-01-17,0.0882292490217752,0.0884450575393826,0.084991419628716,0.0857922190192589,7514733.173046,86982092.7694034,7.514733173046
CRO,2024-01-18,0.0857922190192589,0.0858941235966073,0.0808919474760577,0.0818445988132837,12327297.2300116,147538004.544505,12.327297230011599
CRO,2024-01-19,0.0818445988132837,0.0827154509625572,0.0794579201373454,0.0827077334763556,7937113.11311148,97557198.8336359,7.93711311311148
CRO,2024-01-20,0.0827077334763556,0.0842348546121073,0.0823220840250245,0.0841400605070501,3836617.69694641,46193845.9057692,3.83661769694641
CRO,2024-01-21,0.0841400605070501,0.0843274979831711,0.0827955326134545,0.082899246731133,3385778.98688758,40594774.0994363,3.38577898688758
CRO,2024-01-22,0.082899246731133,0.082899246731133,0.077629191215767,0.0780897762907739,6759211.101957,84844524.3230566,6.759211101957
CRO,2024-01-23,0.0780897762907739,0.0793452273972435,0.0722149396389323,0.077027509614974,11283375.5419736,150125318.398123,11.2833755419736
CRO,2024-01-24,0.077027509614974,0.0799118015375597,0.0766238720680292,0.0792497293786411,6101435.18421685,77817620.4338139,6.10143518421685
CRO,2024-01-25,0.0792497293786411,0.0793507717912336,0.0770977883264834,0.0787593126445036,3851122.96988018,49241055.9193193,3.85112296988018
CRO,2024-01-26,0.0787593126445036,0.0835376128387892,0.0782192007536837,0.0820681976543229,6082656.51738494,75285742.4777009,6.082656517384939
CRO,2024-01-27,0.0820681976543229,0.0822900890093754,0.0806422179189843,0.0815282892598831,3581900.30199049,43955509.8743,3.58190030199049
CRO,2024-01-28,0.0815282892598831,0.08286556840637,0.0799046032406156,0.0806781948857565,4173959.23636936,51300472.8132373,4.17395923636936
CRO,2024-01-29,0.0806781948857565,0.0837736658767316,0.080367846365981,0.0835879572258239,4839033.16650323,58825533.1162153,4.8390331665032305
CRO,2024-01-30,0.0835879572258239,0.0854765437825774,0.0826391836542732,0.0834577208197536,6608432.01708348,78485722.6691483,6.60843201708348
CRO,2024-01-31,0.0834577208197536,0.0837168637537904,0.0801761473938873,0.0814095417022281,5753188.11563492,70423096.8405559,5.75318811563492
CRO,2024-02-01,0.0814095417022281,0.0815660005391522,0.0799700896866009,0.0812709130631295,3752282.45676649,46413632.7591587,3.75228245676649
CRO,2024-02-02,0.0812709130631295,0.0834413638586648,0.0801137587266011,0.0818862459878402,4849656.97998322,59318975.0996323,4.84965697998322
CRO,2024-02-03,0.0818862459878402,0.0829266647083546,0.0809952503723627,0.0814101833926749,3976692.5132253,48608029.7796401,3.9766925132253
CRO,2024-02-04,0.0814101833926749,0.0814919866955403,0.0799849754975482,0.0805601669031495,3516031.47433151,43509508.1041054,3.51603147433151
CRO,2024-02-05,0.0805601669031495,0.0834952169834342,0.0794473079482538,0.0817873823983583,5488825.49667101,67016775.691272,5.4888254966710095
CRO,2024-02-06,0.0817873823983583,0.0821415656676561,0.0806076728304712,0.0817270514201289,3980521.68872822,48857891.2201466,3.9805216887282198
CRO,2024-02-07,0.0817270514201289,0.0842179242832337,0.0809852548545074,0.0842179211672167,4477143.77609126,54316836.7548991,4.47714377609126
CRO,2024-02-08,0.0842179211672167,0.0864138017261336,0.0836828794739282,0.0842498870221088,7304426.69412583,86054061.2942863,7.30442669412583
CRO,2024-02-09,0.0842498870221088,0.0906262205820864,0.084130473865999,0.08824161239811,12361911.4513148,140352251.894385,12.3619114513148
CRO,2024-02-10,0.08824161239811,0.089400008709711,0.0868172775069011,0.0872957428671734,5833627.78710255,66434807.3720833,5.83362778710255
CRO,2024-02-11,0.0872957428671734,0.0889762391536559,0.0861183264518088,0.086376803356437,4930174.11102403,56206166.9194842,4.930174111024029
CRO,2024-02-12,0.086376803356437,0.0888555210285486,0.0851141663713661,0.0887479136556784,7472069.43329315,85823890.422992,7.47206943329315
CRO,2024-02-13,0.0887479136556784,0.0949050788927988,0.0880612837012131,0.0901907424256961,19661070.4280832,215519055.83478,19.6610704280832
CRO,2024-02-14,0.0901907424256961,0.0929599057613084,0.0886440155000903,0.0920148265598286,10219442.2942651,111870723.492787,10.2194422942651
CRO,2024-02-15,0.0920148265598286,0.0930137633609354,0.0902337291030958,0.0916028299628653,10703311.0779796,117198894.337901,10.7033110779796
CRO,2024-02-16,0.0916028299628653,0.0921313193542367,0.0892982000772237,0.0906503128424544,7028380.40988318,77524485.9936244,7.02838040988318
CRO,2024-02-17,0.0906503128424544,0.0907799990032676,0.087942671825496,0.089272940344169,5899782.90501947,66087761.515195,5.899782905019469
CRO,2024-02-18,0.089272940344169,0.090828786672648,0.0887538831122512,0.0906184313956644,5969204.72470905,66429828.2423057,5.96920472470905
CRO,2024-02-19,0.0906184313956644,0.0925737190378682,0.090315038889731,0.0919618454614762,10066719.1421564,110284952.271594,10.0667191421564
CRO,2024-02-20,0.0919618454614762,0.092357565286007,0.0883425013894478,0.0912681795924911,9125959.23555572,100731318.394175,9.125959235555719
CRO,2024-02-21,0.0912681795924911,0.0918540868693883,0.0881384605087042,0.0905276054602169,8291030.68202946,92283846.1011896,8.29103068202946
CRO,2024-02-22,0.0905276054602169,0.0941248644268843,0.0886697379887083,0.0928757957197818,11280649.9061853,122678252.62324,11.2806499061853
CRO,2024-02-23,0.0928757957197818,0.093044532908936,0.0904910497942195,0.0916750209485701,8252492.84142005,89830586.0630825,8.25249284142005
CRO,2024-02-24,0.0916750209485701,0.0947215702981962,0.090679309620637,0.0942851730779422,8143290.27934783,87387072.0905022,8.14329027934783
CRO,2024-02-25,0.0942851730779422,0.0958047703772612,0.0927705656589761,0.0944421729498393,7079680.84179075,75453670.2539781,7.07968084179075
CRO,2024-02-26,0.0944421729498393,0.0986684740835949,0.0924149090306177,0.0982133333525424,11811327.8518515,123307546.151504,11.8113278518515
CRO,2024-02-27,0.0982133333525424,0.105068935538913,0.0971289326101296,0.103563143759099,26080894.5010416,255589857.130857,26.0808945010416
CRO,2024-02-28,0.103563143759099,0.106406549869516,0.100077753795043,0.104304094755223,33515673.2169603,324297000.97437,33.5156732169603
CRO,2024-02-29,0.104304094755223,0.110916795973859,0.103458409275757,0.109099118310855,31667955.9648842,294165511.400752,31.6679559648842
CRO,2024-03-01,0.109099118310855,0.127224272015548,0.109099118310855,0.126567132420835,35762211.2740261,305061641.474615,35.7622112740261
CRO,2024-03-02,0.126567132420835,0.153943052710577,0.119432740494699,0.146071448637246,79673087.0530808,581248696.872859,79.67308705308079
CRO,2024-03-03,0.146071448637246,0.15072380627287,0.136912100986032,0.141973019717972,57500142.7412537,403804994.167153,57.5001427412537
CRO,2024-03-04,0.141973019717972,0.148371334186416,0.136778581097544,0.14212680405479,43029560.792429,302188418.295507,43.029560792429
CRO,2024-03-05,0.14212680405479,0.182649904265363,0.137868337787773,0.152732435461774,181262923.127089,1139672521.91898,181.26292312708898
CRO,2024-03-06,0.152732435461774,0.158716100329277,0.139793818098978,0.158704541881068,46536880.1275678,308698220.727186,46.5368801275678
CRO,2024-03-07,0.158704541881068,0.159191046155163,0.150113185290036,0.157965139348816,32890095.4017171,212118525.205046,32.8900954017171
CRO,2024-03-08,0.157965139348816,0.165548219561356,0.154352035292196,0.162574267571315,41302590.7043016,258294229.647012,41.3025907043016
CRO,2024-03-09,0.162574267571315,0.163533051857601,0.15777801252732,0.158474305261807,22418755.7616726,139640283.376976,22.4187557616726
CRO,2024-03-10,0.158474305261807,0.172925186362828,0.158474305261807,0.165906418261825,54259262.5324681,325425651.401782,54.2592625324681
CRO,2024-03-11,0.165906418261825,0.169801224111725,0.15771413775222,0.169296956557399,37959083.7659797,229002209.28973,37.9590837659797
CRO,2024-03-12,0.169296956557399,0.169365014832909,0.153384274377978,0.161942598232622,44189960.9706805,274161790.403295,44.189960970680495
CRO,2024-03-13,0.161942598232622,0.164484756093219,0.156714852626281,0.161555537016832,25783506.8819171,160649711.679652,25.783506881917102
CRO,2024-03-14,0.161555537016832,0.166560000905761,0.144755510422519,0.152893281751963,43866402.5851085,285431129.870486,43.8664025851085
CRO,2024-03-15,0.152893281751963,0.152967868822163,0.130964855587983,0.143235123803724,49979060.8130305,358654189.773591,49.9790608130305
CRO,2024-03-16,0.143235123803724,0.151476842126688,0.130639127349753,0.132684106471145,36717256.2453846,260285767.988005,36.7172562453846
CRO,2024-03-17,0.132684106471145,0.145354140469856,0.128906205401381,0.144129514841657,27520085.7165804,200983837.637429,27.520085716580397
CRO,2024-03-18,0.144129514841657,0.144130914792631,0.132378282756858,0.135246997273426,19854111.6999897,144064565.298884,19.854111699989698
CRO,2024-03-19,0.135246997273426,0.136562550922378,0.118855735593962,0.121308433379692,37085886.2610032,294822793.661253,37.0858862610032
CRO,2024-03-20,0.121308433379692,0.140825447139941,0.118813449840705,0.140335110810827,31276855.9801426,244676546.83088,31.2768559801426
CRO,2024-03-21,0.140335110810827,0.142298861906694,0.133826653335667,0.137701940611347,20954843.2336077,151494934.909786,20.954843233607697
CRO,2024-03-22,0.137701940611347,0.140628107520359,0.130427273410565,0.133775659900299,15268583.1334365,113100112.528594,15.268583133436499
CRO,2024-03-23,0.133775659900299,0.139667998204374,0.131802100123146,0.137157375574652,13284232.5849202,97387292.1956771,13.284232584920199
CRO,2024-03-24,0.137157375574652,0.144591620070767,0.137152491031884,0.144545948492739,20127673.274529,143081772.994676,20.127673274529
CRO,2024-03-25,0.144545948492739,0.149795016545089,0.141735167942207,0.148433829846403,17538453.967118,120446339.974571,17.538453967118
CRO,2024-03-26,0.148433829846403,0.154477655950001,0.144512350857791,0.149474069351862,25613311.8904481,171378544.233052,25.613311890448102
CRO,2024-03-27,0.149474069351862,0.150609871092305,0.144092757760063,0.148679297906021,22583166.9805203,153173202.851831,22.5831669805203
CRO,2024-03-28,0.148679297906021,0.159596401398368,0.145076418550234,0.159596401398368,24142168.8746335,158549314.700283,24.142168874633498
CRO,2024-03-29,0.159596401398368,0.159679285202891,0.150007058222704,0.155423795567433,19242668.7280768,125119413.02019,19.2426687280768
CRO,2024-03-30,0.155423795567433,0.155790354422179,0.150412796648821,0.152092776419074,11790296.1625128,77026164.814514,11.7902961625128
CRO,2024-03-31,0.152092776419074,0.153855462583675,0.150860437983217,0.153158303515913,11063661.9582032,72602482.7368928,11.0636619582032
CRO,2024-04-01,0.153158303515913,0.1619048720027,0.147575476210882,0.153462654036578,26423201.8254071,173280146.591888,26.423201825407098
CRO,2024-04-02,0.153462654036578,0.153482068325717,0.136899462948297,0.141897758534783,22451708.4288855,157954570.976279,22.4517084288855
CRO,2024-04-03,0.141897758534783,0.160006464691205,0.137428771494615,0.1430015735628,59926886.5264182,403510192.945802,59.9268865264182
CRO,2024-04-04,0.1430015735628,0.148420325647106,0.138720430443714,0.14473317526009,17012108.3069875,118193260.628595,17.012108306987503
CRO,2024-04-05,0.14473317526009,0.145886618023651,0.139756936470222,0.141465047792674,13435656.4298026,94413349.8054392,13.4356564298026
CRO,2024-04-06,0.141465047792674,0.146605988686076,0.140406139435393,0.145953679344525,7574970.29643961,52624446.4487515,7.57497029643961
CRO,2024-04-07,0.145953679344525,0.147816555704716,0.144718617946039,0.146366136333046,7988688.65639893,54556878.9330503,7.98868865639893
CRO,2024-04-08,0.146366136333046,0.15210636067603,0.143903871148367,0.150878367895867,12704311.4652457,85367353.7633922,12.7043114652457
CRO,2024-04-09,0.150878367895867,0.156977743374547,0.146282153643405,0.146431467763643,26677200.5887898,175806327.919603,26.6772005887898
CRO,2024-04-10,0.146431467763643,0.147259869240883,0.140919945195464,0.146395867346076,17262245.3721944,119600143.910576,17.2622453721944
CRO,2024-04-11,0.146395867346076,0.150001900317715,0.143513054374689,0.149362116775338,17054569.3307455,115980931.628356,17.0545693307455
CRO,2024-04-12,0.149362116775338,0.15774609327256,0.132472147361326,0.13788927191471,48429228.1222868,328977847.837241,48.429228122286794
CRO,2024-04-13,0.13788927191471,0.141621324723362,0.115153388566678,0.126268365959241,42164244.6800385,327868048.583139,42.1642446800385
CRO,2024-04-14,0.126268365959241,0.133875866637947,0.119795512100274,0.133260436649384,23829888.9258661,187535970.688277,23.8298889258661
CRO,2024-04-15,0.133260436649384,0.138850117035314,0.122789112880841,0.127487406387822,23461172.769546,177477685.078552,23.461172769546
CRO,2024-04-16,0.127487406387822,0.129437162305288,0.121230571339675,0.127202498477497,16610927.9916195,132830273.28677,16.610927991619498
CRO,2024-04-17,0.127202498477497,0.12864578421621,0.118803508581525,0.121388341338861,14307774.031583,115561937.571749,14.307774031583
CRO,2024-04-18,0.121388341338861,0.125898733163284,0.118658956142046,0.123789810672364,14652818.7238365,119881230.704284,14.6528187238365
CRO,2024-04-19,0.123789810672364,0.126661189109505,0.114474461700734,0.1233145396114,20369945.6037721,166543456.282468,20.3699456037721
CRO,2024-04-20,0.1233145396114,0.13135872154635,0.121990502509194,0.131055299944393,13925273.5592275,109515487.425803,13.9252735592275
CRO,2024-04-21,0.131055299944393,0.133082102400134,0.127327853213434,0.129022536875246,9383442.78797001,72086591.4106334,9.38344278797001
CRO,2024-04-22,0.129022536875246,0.134136710884376,0.128428071062023,0.132832436600879,10637702.7901332,80823072.2002409,10.6377027901332
CRO,2024-04-23,0.132832436600879,0.134417558496623,0.129712854478291,0.131239219504169,9769767.01032056,74256961.7412902,9.769767010320558
CRO,2024-04-24,0.131239219504169,0.133732889022496,0.123782138399578,0.124584262307164,12466976.9036845,96729703.4704254,12.4669769036845
CRO,2024-04-25,0.124584262307164,0.129433926184302,0.123477410540119,0.127867181429765,14423521.9079419,114326848.333021,14.4235219079419
CRO,2024-04-26,0.127867181429765,0.13172900951799,0.123050198354203,0.124442042090279,20590289.9063916,161063163.789103,20.590289906391597
CRO,2024-04-27,0.124442042090279,0.129509984982492,0.118776102404671,0.127067518871047,15623393.8105141,125447143.259703,15.6233938105141
CRO,2024-04-28,0.127067518871047,0.132424514842533,0.126983817640336,0.131693621066406,12546026.2244907,96793437.3389322,12.546026224490701
CRO,2024-04-29,0.131693621066406,0.13221833649971,0.125769304577906,0.131949804850132,17705328.3480077,137375896.85505,17.7053283480077
CRO,2024-04-30,0.131949804850132,0.138927116816407,0.126074040260025,0.134628797155619,49754033.929359,374132963.51725,49.754033929359
CRO,2024-05-01,0.134628797155619,0.134685251255393,0.119959244192435,0.127836263476907,28802355.2664708,228898325.900205,28.8023552664708
CRO,2024-05-02,0.127836263476907,0.130358102285234,0.121767845213239,0.128428470757427,16593801.1860819,132216654.701308,16.5938011860819
CRO,2024-05-03,0.128428470757427,0.13506871925078,0.127450015789494,0.133965508006554,17219266.3575895,130713623.827045,17.219266357589497
CRO,2024-05-04,0.133965508006554,0.13549586502654,0.132608410117455,0.132767743825231,10438748.9232791,77756884.5192448,10.4387489232791
CRO,2024-05-05,0.132767743825231,0.134662774574419,0.130455478639854,0.132856428945593,8192675.22033615,61795217.3143892,8.19267522033615
CRO,2024-05-06,0.132856428945593,0.136475207530556,0.13007878188782,0.130084664427474,16259851.8547691,121789344.90594,16.2598518547691
CRO,2024-05-07,0.130084664427474,0.131732537994047,0.125842544654988,0.126072676761418,10671584.8121606,82251812.4124722,10.6715848121606
CRO,2024-05-08,0.126072676761418,0.129872180004773,0.1242805125157,0.125045282525258,13414877.8790138,106162628.532588,13.4148778790138
CRO,2024-05-09,0.125045282525258,0.128108620724246,0.12254724942102,0.1274130722704,8346238.11584261,66647581.9236653,8.34623811584261
CRO,2024-05-10,0.1274130722704,0.128211370975874,0.122078087901706,0.123261876867805,8976454.29309306,71631550.0535741,8.97645429309306
CRO,2024-05-11,0.123261876867805,0.126725238458921,0.122935374068035,0.124090802173612,7322029.12662394,58529818.5392638,7.3220291266239395
CRO,2024-05-12,0.124090802173612,0.125873303414859,0.122758284609953,0.124992430800309,6253355.50169411,50251903.737642,6.25335550169411
CRO,2024-05-13,0.124992430800309,0.126923781042439,0.12121198500051,0.123739910250674,9951382.05259187,80022555.8795488,9.95138205259187
CRO,2024-05-14,0.123739910250674,0.125250458036721,0.119662846446528,0.119931837915054,8382991.31029912,68547505.7122209,8.38299131029912
CRO,2024-05-15,0.119931837915054,0.126165406025826,0.119920158452518,0.125687689062348,10081395.1278857,81542130.7719602,10.081395127885699
CRO,2024-05-16,0.125687689062348,0.126501130096539,0.122800329905168,0.123944532347101,8584998.85426252,68784210.8579881,8.584998854262519
CRO,2024-05-17,0.123944532347101,0.126926503001092,0.122795265283189,0.126518223404604,9646997.03992081,77220091.8497972,9.64699703992081
CRO,2024-05-18,0.126518223404604,0.12682448688988,0.124325402062902,0.12502577421626,5421416.027672,43153216.9238186,5.4214160276720005
CRO,2024-05-19,0.12502577421626,0.125691570815943,0.121175461312056,0.122222020947811,5922050.1935545,48041373.6889854,5.9220501935545
CRO,2024-05-20,0.122222020947811,0.128465933073037,0.121260129294198,0.128368249485333,12764668.6670182,102570093.529453,12.7646686670182
CRO,2024-05-21,0.128368249485333,0.128828073046811,0.124231565673405,0.125147277901887,13745095.5845332,108354761.541985,13.7450955845332
CRO,2024-05-22,0.125147277901887,0.129568191775018,0.125144643627277,0.126284540399958,20676458.5603603,162412257.727915,20.676458560360302
CRO,2024-05-23,0.126284540399958,0.127022139827869,0.118613728983477,0.122499472212022,18295873.3330667,148355506.93446,18.295873333066698
CRO,2024-05-24,0.122499472212022,0.123330134267143,0.118995588731005,0.121048770561604,10217206.4252814,84352513.15715,10.2172064252814
CRO,2024-05-25,0.121048770561604,0.122748615002633,0.120359153735904,0.121100518703119,6718697.19365829,55395622.3191809,6.71869719365829
CRO,2024-05-26,0.121100518703119,0.121110574355742,0.118082827760637,0.119074384922704,7273310.52660709,60831313.0857386,7.27331052660709
CRO,2024-05-27,0.119074384922704,0.122036019640045,0.118903289773061,0.121811578761893,10557446.8172325,87516798.372709,10.557446817232501
CRO,2024-05-28,0.121811578761893,0.122646497977415,0.116706591882473,0.117986289082396,10307534.259339,86450679.1108841,10.307534259338999
CRO,2024-05-29,0.117986289082396,0.119848986716179,0.116398073878679,0.116656444574778,9200779.28906401,78125319.8005927,9.20077928906401
CRO,2024-05-30,0.116656444574778,0.118432965066057,0.114849391812164,0.116418296654539,9368755.91939604,80402446.4866167,9.368755919396039
CRO,2024-05-31,0.116418296654539,0.116929342110782,0.111355716562719,0.113448938710392,8289434.8003066,72612655.4216166,8.2894348003066
CRO,2024-06-01,0.113448938710392,0.113670399448702,0.111473812375789,0.111877533606015,4971567.39704245,44166287.2519309,4.97156739704245
CRO,2024-06-02,0.111877533606015,0.113761558656324,0.109102171697814,0.10983751995819,7272516.64229969,65306061.0397121,7.27251664229969
CRO,2024-06-03,0.10983751995819,0.112819023121943,0.109115557611207,0.109421352012307,9002253.45089702,81166778.9578179,9.002253450897019
CRO,2024-06-04,0.109421352012307,0.111478692396002,0.105110804006527,0.11147864928985,10921810.2315325,100712745.681108,10.921810231532499
CRO,2024-06-05,0.11147864928985,0.119991262340741,0.111469425707097,0.11910924013545,17696989.593963,152044486.362564,17.696989593963
CRO,2024-06-06,0.11910924013545,0.11952826886804,0.111710779848779,0.113468730881807,12290069.1093296,106368594.456012,12.2900691093296
CRO,2024-06-07,0.113468730881807,0.119664164959347,0.110281447049271,0.113454268335323,18169710.1449577,158665557.647335,18.169710144957698
CRO,2024-06-08,0.113454268335323,0.11562676520696,0.11017565647381,0.110767725155869,9097487.84460884,80490913.6874512,9.097487844608839
CRO,2024-06-09,0.110767725155869,0.112688059357239,0.1098156087898,0.109987758779957,6391585.60204663,57503920.9805214,6.39158560204663
CRO,2024-06-10,0.109987758779957,0.109994915056748,0.106647921973237,0.107211441432783,7857870.59258019,72534324.2743654,7.8578705925801895
CRO,2024-06-11,0.107211441432783,0.107548837757159,0.0977373523250241,0.101370115049209,16517329.0315926,162042180.421811,16.5173290315926
CRO,2024-06-12,0.101370115049209,0.107753332088396,0.0990438674339372,0.10407747472161,12104902.2627001,116243528.618476,12.104902262700099
CRO,2024-06-13,0.10407747472161,0.104775685931041,0.0993490227310011,0.100524538801194,7974294.92826726,78338386.937721,7.97429492826726
CRO,2024-06-14,0.100524538801194,0.102859428454176,0.0974224482769944,0.100480634760904,9653566.60227191,96486269.7098718,9.65356660227191
CRO,2024-06-15,0.100480634760904,0.102795873378243,0.0999230472264075,0.0999256899728631,6482889.10877195,63841417.8560711,6.48288910877195
CRO,2024-06-16,0.0999256899728631,0.100145033194441,0.0979280788396779,0.0989763286599423,5894926.71525039,59493350.8135484,5.8949267152503895
CRO,2024-06-17,0.0989763286599423,0.0994197403792545,0.0935279476996397,0.0945500030420802,14158831.0295758,147649189.740663,14.1588310295758
CRO,2024-06-18,0.0945500030420802,0.0957760442029448,0.0906643498407908,0.0932209919092123,23096920.090314,248207872.013892,23.096920090314
CRO,2024-06-19,0.0932209919092123,0.0947544817823094,0.0923609351778714,0.0939711014673072,6765501.86417986,72029069.2687049,6.76550186417986
CRO,2024-06-20,0.0939711014673072,0.0959685800649101,0.0932484453885789,0.0940207552488627,8888186.35568313,93817274.2858815,8.888186355683128
CRO,2024-06-21,0.0940207552488627,0.0950667825756709,0.0924199473095808,0.0930816095223657,7217130.76069816,77065065.6115881,7.2171307606981605
CRO,2024-06-22,0.0930816095223657,0.0935979695648624,0.0922053246277932,0.0933698498950109,3737993.73878352,40206225.9033408,3.73799373878352
CRO,2024-06-23,0.0933698498950109,0.0944549098906006,0.091216786899628,0.0913999260427537,3682234.64037946,39769168.2709739,3.68223464037946
CRO,2024-06-24,0.0913999260427537,0.0919328366047334,0.0861314343143896,0.0885263551539425,11841770.0954453,133595503.257891,11.8417700954453
CRO,2024-06-25,0.0885263551539425,0.0952625656791911,0.0883682688600512,0.0906673416242253,8668822.3635818,94329639.4702421,8.668822363581802
CRO,2024-06-26,0.0906673416242253,0.0925434843265646,0.0881825015936797,0.0891418139186531,8207082.95029264,91307577.3282652,8.20708295029264
CRO,2024-06-27,0.0891418139186531,0.0930172103467792,0.088802522286635,0.0916433967370858,8256824.79084355,90959487.3928575,8.25682479084355
CRO,2024-06-28,0.0916433967370858,0.0931704154216641,0.0895537197368757,0.0901288734399141,6186345.60895371,67481180.0306383,6.18634560895371
CRO,2024-06-29,0.0901288734399141,0.0915661089584748,0.0899938529270052,0.0900087791607161,3056209.35710399,33652185.1173668,3.05620935710399
CRO,2024-06-30,0.0900087791607161,0.0918183074670109,0.0890725575521683,0.0916466434984134,4376157.47091892,48365668.7583619,4.37615747091892
CRO,2024-07-01,0.0916466434984134,0.093311391902886,0.091343919315519,0.0918780912804923,5169247.16886657,55986240.609449,5.16924716886657
CRO,2024-07-02,0.0918780912804923,0.0919809898909358,0.0899043938970163,0.0903615769324576,6448551.16236826,71050247.6887831,6.44855116236826
CRO,2024-07-03,0.0903615769324576,0.091084363387177,0.0874961796638262,0.0888989571297779,8983483.78973914,100041367.451066,8.98348378973914
CRO,2024-07-04,0.0888989571297779,0.0892807085505356,0.0845861227146146,0.0847153037276484,12174945.1908749,141020386.852306,12.174945190874901
CRO,2024-07-05,0.0847153037276484,0.084964198955418,0.077355146309766,0.0842044340073288,21028218.8602699,259405594.963609,21.0282188602699
CRO,2024-07-06,0.0842044340073288,0.0878148265020696,0.084029782267785,0.0876103146014719,6273499.02138801,73258687.8031626,6.27349902138801
CRO,2024-07-07,0.0876103146014719,0.0876524378110928,0.082115879721166,0.0821757941425939,4793444.44158594,56708788.0293406,4.79344444158594
CRO,2024-07-08,0.0821757941425939,0.0864154622738103,0.0803394249328085,0.0839534959304977,7616488.99191841,90858964.8483286,7.61648899191841
CRO,2024-07-09,0.0839534959304977,0.0870794682018617,0.0834834760511685,0.0859124230784972,4422506.71581416,51667628.762964,4.42250671581416
CRO,2024-07-10,0.0859124230784972,0.0873610530681726,0.0837218462025111,0.0847807986628673,6837401.78657802,80090173.9468196,6.83740178657802
CRO,2024-07-11,0.0847807986628673,0.0871117154709551,0.0843305919184994,0.086500987308124,5499295.06585194,64194459.8773522,5.49929506585194
CRO,2024-07-12,0.086500987308124,0.0888882936453497,0.0856921317187483,0.0881781391900777,6303755.12214818,72283973.7838971,6.30375512214818
CRO,2024-07-13,0.0881781391900777,0.0917083529153883,0.0881160346806946,0.091336617096359,5520954.32347567,61344982.4736908,5.52095432347567
CRO,2024-07-14,0.091336617096359,0.0938862251311558,0.0910973962083158,0.0923465567993886,4745305.06093166,51230836.9859587,4.74530506093166
CRO,2024-07-15,0.0923465567993886,0.0956616961998083,0.0921536049970439,0.0953707178982104,7988891.83940296,84344763.881538,7.988891839402959
CRO,2024-07-16,0.0953707178982104,0.0954500906471686,0.0920294303158505,0.095054922170928,7142193.12384602,75829534.4637454,7.1421931238460195
CRO,2024-07-17,0.095054922170928,0.095566383429273,0.0927273172841934,0.0929131656704271,7222067.48421358,76564606.0173127,7.22206748421358
CRO,2024-07-18,0.0929131656704271,0.0938574445352585,0.0912413627688309,0.0934902034723851,6623406.00105492,71084873.7978201,6.62340600105492
CRO,2024-07-19,0.0934902034723851,0.0950494986721376,0.0923057378246998,0.0946424070355668,6985635.74967338,74510855.7741451,6.98563574967338
CRO,2024-07-20,0.0946424070355668,0.0955494548974451,0.0934867870986008,0.0940633134625188,5291633.75375133,56008763.1274136,5.29163375375133
CRO,2024-07-21,0.0940633134625188,0.095544216779006,0.0929039204456815,0.0950550437283169,4548242.39657915,48254439.0085506,4.54824239657915
CRO,2024-07-22,0.0950550437283169,0.0957396111882725,0.0925445421584955,0.0928826098420524,7938165.68435446,84148823.2545542,7.93816568435446
CRO,2024-07-23,0.0928826098420524,0.0937208885043104,0.0914844249808492,0.0919849998365488,6336347.90416917,68586593.1281284,6.336347904169171
CRO,2024-07-24,0.0919849998365488,0.0934040579429244,0.0916623419057949,0.0918865977131268,6105564.09645014,65899200.3250356,6.10556409645014
CRO,2024-07-25,0.0918865977131268,0.0921415536756934,0.087882175965081,0.0893537513044343,9911825.5912387,110586159.088377,9.9118255912387
CRO,2024-07-26,0.0893537513044343,0.0918346807363018,0.0893132996937147,0.0916058805480805,4904103.59192203,54015401.1889663,4.90410359192203
CRO,2024-07-27,0.0916058805480805,0.0923769757627974,0.0901033432627035,0.0907226136558076,4528564.00663722,49560681.5574688,4.52856400663722
CRO,2024-07-28,0.0907226136558076,0.0910444081567022,0.0896672571116533,0.090419172548263,2464709.98557752,27278494.7665831,2.46470998557752
CRO,2024-07-29,0.090419172548263,0.0915581250951737,0.089665949885043,0.0897839102831615,5266629.49481498,57971084.4885591,5.26662949481498
CRO,2024-07-30,0.0897839102831615,0.0904117247693125,0.0885020386698923,0.0891254175234961,4672615.55913939,52225003.5855327,4.672615559139389
CRO,2024-07-31,0.0891254175234961,0.0898194905729913,0.0862842559638219,0.0863632869654825,7434092.0268268,84112099.9654976,7.4340920268268
CRO,2024-08-01,0.0863632869654825,0.0878270401337668,0.0840201992908762,0.0877322369091232,9056679.5851448,104951928.349616,9.0566795851448
CRO,2024-08-02,0.0877322369091232,0.0879984074079898,0.0830925152936307,0.0833464317303225,8092831.51406024,95166632.3924421,8.09283151406024
CRO,2024-08-03,0.0833464317303225,0.0849685660590485,0.0816234089614953,0.0821277317895016,6255954.6987105,75371815.0732981,6.2559546987105
CRO,2024-08-04,0.0821277317895016,0.0825867385892944,0.0778933797600053,0.0781236319081282,8326122.32594999,104245482.349046,8.32612232594999
CRO,2024-08-05,0.0781236319081282,0.0782940197295205,0.0675573671206736,0.0754928534235522,28848904.7768811,399425639.724052,28.8489047768811
CRO,2024-08-06,0.0754928534235522,0.0808104484630685,0.0752260793629789,0.0797801707108359,8449647.99710456,107032093.790836,8.44964799710456
CRO,2024-08-07,0.0797801707108359,0.0818995586695254,0.0771327664677029,0.0777384351324528,5768428.04732841,72326075.1719759,5.76842804732841
CRO,2024-08-08,0.0777384351324528,0.0872811030306925,0.0774539048859527,0.0839449542034645,10532033.3385374,127703339.883211,10.532033338537401
CRO,2024-08-09,0.0839449542034645,0.104046812838101,0.0825336758582461,0.0941243887682177,60497616.1652021,642735618.526099,60.4976161652021
CRO,2024-08-10,0.0941243887682177,0.0999624476241208,0.0928199456560406,0.0944780838269414,35242495.0071885,366269459.878527,35.2424950071885
CRO,2024-08-11,0.0944780838269414,0.0970541673926672,0.0880658801778594,0.08886734508753,12039994.5479225,132085366.709879,12.0399945479225
CRO,2024-08-12,0.08886734508753,0.0897421349455873,0.0862329015778751,0.0891684536349627,8966833.88047138,101767839.046141,8.96683388047138
CRO,2024-08-13,0.0891684536349627,0.0893468426915559,0.086984541299432,0.0888755640859793,5315515.14868668,60174043.8034373,5.31551514868668
CRO,2024-08-14,0.0888755640859793,0.0938429025589488,0.0873074273909927,0.0920139121636007,15331353.8620541,168338457.089659,15.331353862054101
CRO,2024-08-15,0.0920139121636007,0.0920873587172033,0.086908921322539,0.0883907747462803,9243049.2183035,103352132.858499,9.243049218303499
CRO,2024-08-16,0.0883907747462803,0.0889348070457479,0.0862755730520688,0.0883630226285471,6601644.16139648,75058364.4999151,6.6016441613964805
CRO,2024-08-17,0.0883630226285471,0.0887279091944758,0.0873462421307248,0.0883842570756728,2739176.7582119,31073262.6264513,2.7391767582119
CRO,2024-08-18,0.0883842570756728,0.0889835595726275,0.0863781819313975,0.0864044277126973,3074778.79600824,34950787.3849073,3.07477879600824
CRO,2024-08-19,0.0864044277126973,0.0873414245528799,0.0843811530425413,0.0866373431138121,5572302.06417938,65053872.6621016,5.572302064179381
CRO,2024-08-20,0.0866373431138121,0.0881150861712654,0.0854076246586053,0.0870668667475676,4841376.46415413,55610954.8133191,4.84137646415413
CRO,2024-08-21,0.0870668667475676,0.0880411826267506,0.0854228159085993,0.0869342735691229,5518932.84097185,63536520.5931371,5.51893284097185
CRO,2024-08-22,0.0869342735691229,0.0883967569094543,0.0864838892058225,0.0869648970373498,3905920.49986194,44646845.2408619,3.90592049986194
CRO,2024-08-23,0.0869648970373498,0.0920901025288956,0.0868629723007888,0.0910162945134693,6531930.06549527,73450594.8423377,6.5319300654952706
CRO,2024-08-24,0.0910162945134693,0.0922829961481991,0.0897482248879319,0.0908063450914406,5299240.41166689,58150309.8447142,5.29924041166689
CRO,2024-08-25,0.0908063450914406,0.0910339516947284,0.0883261825696727,0.0885953053026896,3692172.90538635,41356946.3791531,3.69217290538635
CRO,2024-08-26,0.0885953053026896,0.0890356038202877,0.0849004043635579,0.0853712259918236,5407396.72813781,62103785.1597167,5.40739672813781
CRO,2024-08-27,0.0853712259918236,0.086416359046582,0.0803234202439557,0.0818450969667928,7580237.85959011,90767293.3003015,7.5802378595901105
CRO,2024-08-28,0.0818450969667928,0.0824072724084756,0.0797988569782808,0.0814140659389387,6802474.53717186,83728544.2501313,6.80247453717186
CRO,2024-08-29,0.0814140659389387,0.0845175502300323,0.080637285916938,0.0808193736380821,6958181.4853744,83962840.3479207,6.9581814853744
CRO,2024-08-30,0.0808193736380821,0.0820658563475085,0.0791862280101434,0.0813977063498472,4380193.84551694,54245602.28999,4.380193845516939
CRO,2024-08-31,0.0813977063498472,0.0817521141573713,0.0800649815757201,0.0813359430842264,2289630.58363317,28309322.3396955,2.28963058363317
CRO,2024-09-01,0.0813359430842264,0.0817606800425599,0.0783344444365116,0.0788360804490351,3502282.45820072,43916928.1290549,3.50228245820072
CRO,2024-09-02,0.0788360804490351,0.0810614251517124,0.0787494102080086,0.0809755716467141,3832313.34207277,47925554.9914038,3.83231334207277
CRO,2024-09-03,0.0809755716467141,0.0817042424338532,0.0785236476309935,0.0787461417753138,3638020.27320842,45392842.7770153,3.63802027320842
CRO,2024-09-04,0.0787461417753138,0.0793888632168521,0.0768888549467846,0.0785424028313952,5594839.3185905,71669111.1116907,5.5948393185905
CRO,2024-09-05,0.0785424028313952,0.0791325332609275,0.0770543331634267,0.0777017680835477,3984920.96568094,51082577.6212222,3.98492096568094
CRO,2024-09-06,0.0777017680835477,0.0783019324520359,0.073079176685857,0.0749708658568125,5769185.82195599,76145063.0511512,5.76918582195599
CRO,2024-09-07,0.0749708658568125,0.0773607902651851,0.0749621966712784,0.0760772861725322,3133963.49989561,41032463.2537072,3.13396349989561
CRO,2024-09-08,0.0760772861725322,0.0788659300904368,0.0759041220945746,0.0783187800044283,3003380.33801805,38813626.6354812,3.00338033801805
CRO,2024-09-09,0.0783187800044283,0.0800587684708429,0.078028556772923,0.0797474193547672,3539356.08132634,44741504.6730359,3.53935608132634
CRO,2024-09-10,0.0797474193547672,0.0803349130094158,0.0786479910019671,0.0795609287283437,3562529.7224699,44853530.0675321,3.5625297224699
CRO,2024-09-11,0.0795609287283437,0.0797931222453983,0.0769885138485258,0.0782793817534485,3821977.57502582,48915156.9193619,3.8219775750258203
CRO,2024-09-12,0.0782793817534485,0.0801040699249001,0.0782617081125349,0.0795821683028209,4275488.26261793,53937529.6084694,4.27548826261793
CRO,2024-09-13,0.0795821683028209,0.0842018615546867,0.0795821683028209,0.0836888489785631,7306034.83009649,89411566.6062549,7.30603483009649
CRO,2024-09-14,0.0836888489785631,0.0839627708107729,0.0814450917043617,0.0824734816246039,3450145.34400281,41625454.5736816,3.45014534400281
CRO,2024-09-15,0.0824734816246039,0.0831451306235761,0.0801522995355467,0.080589065693498,2450372.17342103,29893139.4240822,2.4503721734210298
CRO,2024-09-16,0.080589065693498,0.0807315023335591,0.0790927715503039,0.0792532193474576,3220428.6342809,40280489.3562096,3.2204286342809
CRO,2024-09-17,0.0792532193474576,0.081693294427224,0.0787992499177668,0.0799466203908783,3727431.14224413,46400032.1132867,3.72743114224413
CRO,2024-09-18,0.0799466203908783,0.0808181872492477,0.0784102909370219,0.0808144770742852,3550422.1791264,44611526.6950234,3.5504221791264
CRO,2024-09-19,0.0808144770742852,0.0835287443545596,0.0806758308259814,0.0828317767243857,5774258.80216118,70301688.3317388,5.774258802161181
CRO,2024-09-20,0.0828317767243857,0.0849431638668749,0.0821924892402468,0.0847341953467066,6114670.05759167,72933648.3683745,6.11467005759167
CRO,2024-09-21,0.0847341953467066,0.0882117946180145,0.0839653802186095,0.0881555392786394,6136235.18622425,71042823.1280507,6.13623518622425
CRO,2024-09-22,0.0881555392786394,0.0898953162688702,0.0833270191989366,0.085625002494171,11438418.5761625,132538428.394495,11.4384185761625
CRO,2024-09-23,0.085625002494171,0.0871536345951277,0.0840050332947836,0.0858754183206247,8679625.4681937,101062513.96275,8.6796254681937
CRO,2024-09-24,0.0858754183206247,0.086737136968612,0.0840317907356726,0.0866355544021169,5402992.57894043,63547573.2114604,5.40299257894043
CRO,2024-09-25,0.0866355544021169,0.0871639823498163,0.0845937200909673,0.0847653708892524,6205066.8043374,72271411.2434089,6.2050668043374
CRO,2024-09-26,0.0847653708892524,0.0874667145873458,0.0842166495480152,0.0872581357860406,5607661.18536286,65024105.9393991,5.6076611853628595
CRO,2024-09-27,0.0872581357860406,0.0884048578004802,0.0866397322324888,0.08805626300342,6665307.69234335,76235621.312635,6.665307692343349
CRO,2024-09-28,0.08805626300342,0.0885189025659552,0.0857742564785196,0.0863562362238595,4991050.81984929,57472623.6526427,4.99105081984929
CRO,2024-09-29,0.0863562362238595,0.0870119308110391,0.0853121696454425,0.0862664785045074,2670164.21797761,30988152.6564524,2.67016421797761
CRO,2024-09-30,0.0862664785045074,0.0863581384965377,0.0834550444131429,0.0834689175298648,5119036.11848101,60330187.3713908,5.11903611848101
CRO,2024-10-01,0.0834689175298648,0.0855533005303226,0.0787773864037003,0.079909300380309,8351275.25682565,101923442.284866,8.35127525682565
CRO,2024-10-02,0.079909300380309,0.0817286128905232,0.0780526348466188,0.0792867594298143,5665101.86144267,70958387.9390833,5.66510186144267
CRO,2024-10-03,0.0792867594298143,0.0798983164173983,0.0768457224164971,0.079136712409468,5699947.45124442,72911073.4118676,5.69994745124442
CRO,2024-10-04,0.079136712409468,0.081120657262011,0.0787494051770388,0.0810963201244235,3813065.17996039,47556079.6765351,3.81306517996039
CRO,2024-10-05,0.0810963201244235,0.081351503243899,0.0796704358507071,0.0800878212713433,2444682.30229769,30344767.7295029,2.44468230229769
CRO,2024-10-06,0.0800878212713433,0.0807121866202613,0.079453959157563,0.0806047867276925,2287647.52413185,28580377.2612213,2.2876475241318497
CRO,2024-10-07,0.0806047867276925,0.081408594053213,0.0783736677604509,0.0784525329843169,4927905.7899662,61528939.7881345,4.9279057899662
CRO,2024-10-08,0.0784525329843169,0.0791305526631877,0.0743419445516744,0.0763223867311845,10960976.574914,144274122.308492,10.960976574914001
CRO,2024-10-09,0.0763223867311845,0.07726373238215,0.074364262420319,0.0753036761829942,5732511.28456241,75342471.731118,5.73251128456241
CRO,2024-10-10,0.0753036761829942,0.0760326070135668,0.074211759062881,0.0759993463526056,4820630.10700029,64083127.8688712,4.820630107000291
CRO,2024-10-11,0.0759993463526056,0.0781484339310791,0.0754059454611208,0.0774098997309325,5031013.9013211,65281608.2980806,5.0310139013211
CRO,2024-10-12,0.0774098997309325,0.077918886989501,0.0768208235028405,0.0772387232982267,3141606.98697485,40662491.5951851,3.1416069869748497
CRO,2024-10-13,0.0772387232982267,0.0775521220711549,0.07520945349034,0.0759656605755587,2893460.2022038,38058329.8210584,2.8934602022038
CRO,2024-10-14,0.0759656605755587,0.0789371402036195,0.0753777039521388,0.0783601395838447,5646919.19042884,72736269.642076,5.64691919042884
CRO,2024-10-15,0.0783601395838447,0.07877575492664,0.076125032362405,0.0779608347407634,6741727.24067498,86927786.1101748,6.74172724067498
CRO,2024-10-16,0.0779608347407634,0.0792207372002191,0.0775190827812584,0.0786741931186913,5588594.36414598,71345275.7620005,5.5885943641459805
CRO,2024-10-17,0.0786741931186913,0.0791936389355536,0.0771677074955616,0.0774624761653024,5681394.08857317,72741656.4982043,5.68139408857317
CRO,2024-10-18,0.0774624761653024,0.0784621553510432,0.077243196968577,0.0781446848662319,3485869.28518685,44798348.9597175,3.48586928518685
CRO,2024-10-19,0.0781446848662319,0.0791935878082033,0.0777929989534467,0.0778391217866399,4439780.58319209,56192031.1524448,4.43978058319209
CRO,2024-10-20,0.0778391217866399,0.0793953612158434,0.0771292440303142,0.0793655219548009,3669572.32264745,46952469.1583631,3.66957232264745
CRO,2024-10-21,0.0793655219548009,0.0795789593653047,0.0770696649236612,0.0774175521188024,4522440.74141629,57720583.8781039,4.522440741416291
CRO,2024-10-22,0.0774175521188024,0.0781253466749902,0.0766478026384019,0.0771099955799611,3236020.37124003,41882594.6867059,3.23602037124003
CRO,2024-10-23,0.0771099955799611,0.0771613583048229,0.0740775590585953,0.0757135996998107,3962847.40174756,52307723.8776244,3.96284740174756
CRO,2024-10-24,0.0757135996998107,0.0765129390811886,0.0753371726591117,0.0758695698476264,3675055.31280631,48440307.9603414,3.67505531280631
CRO,2024-10-25,0.0758695698476264,0.0760311189856368,0.0711329810827638,0.0719796704422282,6132765.99929699,83045575.9982303,6.13276599929699
CRO,2024-10-26,0.0719796704422282,0.0737713834543966,0.0712492788523064,0.0727847251525272,3941789.56729967,54155419.9507618,3.94178956729967
CRO,2024-10-27,0.0727847251525272,0.0747757701136786,0.0726646785036975,0.0741965633979137,2705432.18268882,36541475.4902899,2.70543218268882
CRO,2024-10-28,0.0741965633979137,0.0746412897534333,0.072985824979137,0.0745918355428699,3847085.11256187,52095028.1983545,3.84708511256187
CRO,2024-10-29,0.0745918355428699,0.0770327561121343,0.0743959091594924,0.0768012415768409,6296550.83643237,83021284.7801876,6.29655083643237
CRO,2024-10-30,0.0768012415768409,0.0771637791988476,0.075041020038257,0.0755893390034727,5498165.51978181,72189179.186333,5.498165519781811
CRO,2024-10-31,0.0755893390034727,0.075803030828795,0.072806261784845,0.073049074092688,4692203.26271895,63292154.5391395,4.692203262718951
CRO,2024-11-01,0.073049074092688,0.074472516442897,0.0722020782168317,0.0734455008283423,4476118.77275238,61163795.2084012,4.47611877275238
CRO,2024-11-02,0.0734455008283423,0.0739452359661457,0.0720291617208628,0.0723913341217707,2667934.27655862,36600374.2000878,2.66793427655862
CRO,2024-11-03,0.0723913341217707,0.0724456079551186,0.0705117222217563,0.0718846496464613,3605838.80400891,50513733.8790606,3.60583880400891
CRO,2024-11-04,0.0718846496464613,0.0723990982287034,0.0700511082318735,0.0705580226922844,4074593.99332628,57118222.377884,4.07459399332628
CRO,2024-11-05,0.0705580226922844,0.0729181841314463,0.0705225514439574,0.0722527001705056,4070513.83260936,56509143.165521,4.07051383260936
CRO,2024-11-06,0.0722527001705056,0.0956804321369875,0.0722526939936501,0.0850744524372853,87835801.9319288,1015019713.10409,87.8358019319288
CRO,2024-11-07,0.0850744524372853,0.0938307576866546,0.0839249046943312,0.0921360439997361,35042609.1248552,400534207.010294,35.0426091248552
CRO,2024-11-08,0.0921360439997361,0.114590497502693,0.0897633632134263,0.10863486917342,171533068.594979,1601288413.73183,171.533068594979
CRO,2024-11-09,0.10863486917342,0.108643187567048,0.101052534011772,0.103658971947788,39000243.9501099,371577094.970146,39.0002439501099
CRO,2024-11-10,0.103658971947788,0.13506532761652,0.101934853118079,0.123371465311416,117075587.512393,952713241.995875,117.075587512393
CRO,2024-11-11,0.123371465311416,0.237633106012399,0.119941085719854,0.208066633136991,658349716.568713,3872106594.27127,658.349716568713
CRO,2024-11-12,0.208066633136991,0.231369414918057,0.160776071885751,0.177293615217132,666179699.089331,3364805627.15925,666.179699089331
CRO,2024-11-13,0.177293615217132,0.200904833433794,0.156748529752991,0.174264467098762,257001097.292341,1460305822.13737,257.001097292341
CRO,2024-11-14,0.174264467098762,0.174287026151155,0.147169927099486,0.15070269896415,99191786.8918939,628035678.039713,99.1917868918939
CRO,2024-11-15,0.15070269896415,0.181651271580832,0.143419830017765,0.167902108474787,185144037.384639,1117154139.00612,185.144037384639
CRO,2024-11-16,0.167902108474787,0.176780620383087,0.158654549726526,0.165056292211898,77993222.9590191,467514577.455016,77.99322295901909
CRO,2024-11-17,0.165056292211898,0.165403679548172,0.153532440155041,0.160388731823281,34678143.1193843,218674637.144631,34.6781431193843
CRO,2024-11-18,0.160388731823281,0.190920152377087,0.159803094131583,0.171856479206245,176253699.73202,992033887.251333,176.25369973201998
CRO,2024-11-19,0.171856479206245,0.172341820990338,0.165190602940728,0.172335032186989,39551584.607379,234843837.657389,39.551584607379
CRO,2024-11-20,0.172335032186989,0.193909968919986,0.171354628007102,0.179812005501252,175402693.364127,961766052.182508,175.402693364127
CRO,2024-11-21,0.179812005501252,0.189315669113002,0.171505167227933,0.18657218129346,83296196.423783,461878996.98958,83.296196423783
CRO,2024-11-22,0.18657218129346,0.205763395558521,0.182770948607084,0.191608575503979,163777179.216674,851009768.716039,163.777179216674
CRO,2024-11-23,0.191608575503979,0.207189171434593,0.185447452551571,0.204744714657856,139108002.027352,716723056.672069,139.108002027352
CRO,2024-11-24,0.204744714657856,0.207147616899416,0.179721670964553,0.191597020623439,77823659.700393,405482631.858538,77.82365970039301
CRO,2024-11-25,0.191597020623439,0.192600890920743,0.174999868586638,0.178074714045507,65288841.4867395,352036714.086636,65.2888414867395
CRO,2024-11-26,0.178074714045507,0.180170879665342,0.164183467821895,0.173360031494758,54347963.1657088,315514190.683856,54.347963165708805
CRO,2024-11-27,0.173360031494758,0.184759899320735,0.169440228683973,0.180589751010981,49001382.0256306,275144381.352613,49.0013820256306
CRO,2024-11-28,0.180589751010981,0.180644166522009,0.174201427831855,0.178273038327785,37090018.811375,209540764.496869,37.090018811374996
CRO,2024-11-29,0.178273038327785,0.191262707405848,0.176365154024869,0.189260387214035,60894436.227858,329486586.932891,60.894436227858
CRO,2024-11-30,0.189260387214035,0.189365241585131,0.183095396864081,0.186976479997953,43504790.3830008,234139499.555898,43.504790383000795
CRO,2024-12-01,0.186976479997953,0.194762405412276,0.181122332381265,0.190863593908419,56180568.6705545,296938680.552762,56.18056867055449
CRO,2024-12-02,0.190863593908419,0.190968723520289,0.175535215116005,0.184971106413991,86736249.9204067,474303109.293724,86.73624992040669
CRO,2024-12-03,0.184971106413991,0.206768194940315,0.184861433610745,0.202729987307359,226270869.449775,1141898212.92322,226.270869449775
CRO,2024-12-04,0.202729987307359,0.231327776874878,0.196131245440339,0.214506242245299,215620734.634575,1008057909.7876,215.620734634575
CRO,2024-12-05,0.214506242245299,0.217561997255366,0.200264097278182,0.203886780318156,111089107.719455,530447066.852801,111.089107719455
CRO,2024-12-06,0.203886780318156,0.206795079231019,0.195205832856058,0.205930192881227,68945140.7073117,340468229.602044,68.94514070731171
CRO,2024-12-07,0.205930192881227,0.206028782820428,0.198705826369149,0.203217598614575,50055145.3111863,246913220.554866,50.0551453111863
CRO,2024-12-08,0.203217598614575,0.203976706309418,0.1964804565686,0.200064121348524,37582263.8315934,187800810.165772,37.5822638315934
CRO,2024-12-09,0.200064121348524,0.200165518116893,0.159800519395537,0.173990422827314,88908440.7816289,489660004.037451,88.90844078162891
CRO,2024-12-10,0.173990422827314,0.175565841833651,0.154179397274187,0.175389737923413,85934506.3103481,515381441.19112,85.9345063103481
CRO,2024-12-11,0.175389737923413,0.184981839665468,0.165555094705074,0.18435739518353,53808753.8713903,305050088.236761,53.8087538713903
CRO,2024-12-12,0.18435739518353,0.199196092425149,0.180959006903175,0.183404176840341,100542991.536685,527166249.088438,100.54299153668501
CRO,2024-12-13,0.183404176840341,0.194823100239201,0.180138929273624,0.185454581282222,69956900.1759652,372760142.036096,69.9569001759652
CRO,2024-12-14,0.185454581282222,0.187203400823774,0.17333820644461,0.176079921322781,40060717.7348455,222743049.865437,40.0607177348455
CRO,2024-12-15,0.176079921322781,0.182270792924093,0.173587859126224,0.179798858018356,27832888.8409623,156383731.174766,27.832888840962298
CRO,2024-12-16,0.179798858018356,0.181904583318323,0.170966383273382,0.177568818930085,43602131.9163334,247797245.168724,43.6021319163334
CRO,2024-12-17,0.177568818930085,0.207243723663841,0.173934141233272,0.198747630776111,247760130.039554,1271743798.47976,247.760130039554
CRO,2024-12-18,0.198747630776111,0.198810590499635,0.172106372134546,0.173404176227061,92251763.6550199,496709541.724824,92.2517636550199
CRO,2024-12-19,0.173404176227061,0.187390572919891,0.161863192954174,0.164826143992407,93232257.2335302,540288995.182696,93.23225723353019
CRO,2024-12-20,0.164826143992407,0.169568429074396,0.14103980103787,0.16539855518505,76509960.5817042,486996403.640249,76.5099605817042
CRO,2024-12-21,0.16539855518505,0.172058656570755,0.155457754622015,0.157185481107236,46032500.2302495,280332112.807047,46.032500230249504
CRO,2024-12-22,0.157185481107236,0.16080987895297,0.151571650855524,0.154897233672087,27601480.4874023,176300845.418476,27.601480487402302
CRO,2024-12-23,0.154897233672087,0.163960589632932,0.150999555770581,0.162881930205439,36501599.8007958,233411814.566434,36.5015998007958
CRO,2024-12-24,0.162881930205439,0.168067395031345,0.157861155278354,0.164246733736262,38122518.3981609,233820081.076475,38.1225183981609
CRO,2024-12-25,0.164246733736262,0.164248002000185,0.156522115096211,0.158388543497122,31578309.5758031,197071820.867582,31.5783095758031
CRO,2024-12-26,0.158388543497122,0.159649137574627,0.148466739854635,0.151054909927693,28186919.3988071,184942326.450151,28.186919398807103
CRO,2024-12-27,0.151054909927693,0.154867209029106,0.148353537199009,0.148473368120668,27333639.6408154,180345061.711536,27.3336396408154
CRO,2024-12-28,0.148473368120668,0.150466872372719,0.145397489285334,0.150225633759077,24901847.9026241,167713898.600566,24.9018479026241
CRO,2024-12-29,0.150225633759077,0.150314251577064,0.142358940656903,0.144707419939217,19840073.8650995,135225605.489027,19.8400738650995
CRO,2024-12-30,0.144707419939217,0.16184242317839,0.138854144319241,0.142120754931233,64326834.810147,431321235.244241,64.326834810147
CRO,2024-12-31,0.142120754931233,0.146792920055817,0.138368449442711,0.141016841918289,29114836.8342891,205431476.875477,29.1148368342891
CRO,2025-01-01,0.141016841918289,0.151464918798194,0.139673452853146,0.150667135871261,29409841.3755628,202651529.547623,29.4098413755628
CRO,2025-01-02,0.150667135871261,0.155919823750376,0.14954975927624,0.150612166159412,30581031.8291115,200823468.467314,30.581031829111502
CRO,2025-01-03,0.150612166159412,0.161099676180972,0.149574433811731,0.15994870370342,41465668.5759199,266787942.135777,41.4656685759199
CRO,2025-01-04,0.15994870370342,0.16600062274417,0.158156777781854,0.161633858810583,36019422.7151487,222558874.057227,36.0194227151487
CRO,2025-01-05,0.161633858810583,0.162836563784825,0.158079105953137,0.159184511705804,21158689.7257372,132054038.496238,21.1586897257372
CRO,2025-01-06,0.159184511705804,0.165401209083069,0.156479045161356,0.162358888075507,31874896.3627976,197690289.091119,31.8748963627976
CRO,2025-01-07,0.162358888075507,0.164916938939042,0.147414440522146,0.149719052909088,38933466.9440964,248881102.72704,38.9334669440964
CRO,2025-01-08,0.149719052909088,0.150265536609815,0.139786292835159,0.145873867197343,32495578.3766795,223830629.551981,32.4955783766795
CRO,2025-01-09,0.145873867197343,0.147059888985074,0.135945590528183,0.139014847139922,31818052.0790602,226658647.617767,31.8180520790602
CRO,2025-01-10,0.139014847139922,0.144626364323503,0.13745504911445,0.14396134689647,26183279.0574065,184856864.636393,26.1832790574065
CRO,2025-01-11,0.14396134689647,0.14397747455618,0.139950915953164,0.141660333007387,19337365.8953543,136372108.936809,19.3373658953543
CRO,2025-01-12,0.141660333007387,0.141978387915942,0.136364438919643,0.137958855693886,15518346.0727572,111268530.320869,15.518346072757199
CRO,2025-01-13,0.137958855693886,0.140002247733231,0.12425982684061,0.13496739612388,32267486.485502,245933118.934382,32.267486485502
CRO,2025-01-14,0.13496739612388,0.140797689052444,0.134256360770316,0.137292175927946,29889255.5406891,217031949.444946,29.8892555406891
CRO,2025-01-15,0.137292175927946,0.145020447345949,0.133695679651422,0.144949759368179,33175874.6858289,237189743.01417,33.1758746858289
CRO,2025-01-16,0.144949759368179,0.146670497474371,0.138399587994234,0.143881641086425,32677181.2856572,227889245.375932,32.6771812856572
CRO,2025-01-17,0.143881641086425,0.149625575930446,0.143689907551106,0.146577059502166,54362831.9251507,372435358.337298,54.3628319251507
CRO,2025-01-18,0.146577059502166,0.148374034055713,0.129677047379031,0.134464981353125,54999206.4634224,402139202.396588,54.999206463422404
CRO,2025-01-19,0.134464981353125,0.148026830642509,0.121111975216311,0.132213177625899,91214038.3926288,681351958.447251,91.21403839262881
CRO,2025-01-20,0.132213177625899,0.138228761908638,0.126650356232384,0.132552665055326,64594120.3680813,487093359.117462,64.5941203680813
CRO,2025-01-21,0.132552665055326,0.144246278651459,0.129389923088776,0.139639481677798,40903255.1396858,300804687.606126,40.903255139685804
CRO,2025-01-22,0.139639481677798,0.150178659616645,0.139159729673623,0.141472727566961,55820038.0301232,382996941.450254,55.82003803012319
CRO,2025-01-23,0.141472727566961,0.145872012598301,0.132418067077376,0.140466638355942,37573862.1507992,271675549.553524,37.5738621507992
CRO,2025-01-24,0.140466638355942,0.145762438806375,0.136327851361396,0.138952180265854,24893124.3734429,176125960.202173,24.893124373442898
CRO,2025-01-25,0.138952180265854,0.140593141063732,0.137231052111626,0.139111930977039,13939556.8033042,100332478.419143,13.9395568033042
CRO,2025-01-26,0.139111930977039,0.141962743560236,0.13412272391911,0.134176888272161,15658183.283541,112731717.667216,15.658183283541
CRO,2025-01-27,0.134176888272161,0.135142024009503,0.123158352159128,0.132661788871162,30433260.7503252,234689515.624886,30.4332607503252
CRO,2025-01-28,0.132661788871162,0.134005013936095,0.125428294420533,0.127541923787656,20692897.2564454,157861451.515601,20.692897256445402
CRO,2025-01-29,0.127541923787656,0.131289089870743,0.126198616416801,0.12867267560782,18509654.5631258,143680098.825825,18.5096545631258
CRO,2025-01-30,0.12867267560782,0.133503579199054,0.128059779785479,0.131562691205649,14237524.1378732,108213117.369616,14.237524137873201
CRO,2025-01-31,0.131562691205649,0.134356344725756,0.128377113574507,0.130501210181113,16987305.1802425,128987592.863413,16.9873051802425
CRO,2025-02-01,0.130501210181113,0.131900343601232,0.122304982830415,0.123776616782096,13699787.5525338,107767568.566134,13.6997875525338
CRO,2025-02-02,0.123776616782096,0.125452395431578,0.104222189501844,0.108305986133884,41429177.1742503,366432423.07795,41.4291771742503
CRO,2025-02-03,0.108305986133884,0.115302343477904,0.0817994894557361,0.113798315790775,68942172.2444256,690545286.860354,68.94217224442559
CRO,2025-02-04,0.113798315790775,0.114604146339296,0.102875890403936,0.10633937690106,33542341.6020161,308951655.107507,33.5423416020161
CRO,2025-02-05,0.10633937690106,0.107517290168181,0.101222115889728,0.101722300452346,17923970.1552163,172036825.011367,17.9239701552163
CRO,2025-02-06,0.101722300452346,0.103377489546893,0.0946159744944837,0.0958511870351718,16564565.7848929,167662315.562328,16.5645657848929
CRO,2025-02-07,0.0958511870351718,0.101347912025849,0.0920248624162721,0.0942968459554183,18529642.2003301,191817942.001694,18.529642200330102
CRO,2025-02-08,0.0942968459554183,0.0950141450254192,0.0908225286358114,0.0942135637845045,12652815.4283174,136107890.123737,12.6528154283174
CRO,2025-02-09,0.0942135637845045,0.0981274425471719,0.0898370035589909,0.0941258033537079,15437310.2601107,163105880.996152,15.437310260110701
CRO,2025-02-10,0.0941258033537079,0.0954114328539422,0.0903212061128199,0.0946656010398932,12266556.0876413,131242721.531022,12.2665560876413
CRO,2025-02-11,0.0946656010398932,0.0991563003476373,0.0915932758708285,0.0930503453940797,16525309.1275058,172912737.938518,16.5253091275058
CRO,2025-02-12,0.0930503453940797,0.0972157438377829,0.0900097084176226,0.0955346952428621,29170626.9420026,313861357.208622,29.1706269420026
CRO,2025-02-13,0.0955346952428621,0.0960619655801166,0.0902173203686156,0.0914616529994567,15037605.9402989,163141952.983133,15.0376059402989
CRO,2025-02-14,0.0914616529994567,0.0936163303067704,0.0909090256816998,0.091636021675262,17388433.5638348,188969044.604248,17.388433563834802
CRO,2025-02-15,0.091636021675262,0.0922304614639536,0.0883540518053689,0.0890173045503404,14542735.1745828,160840003.731429,14.5427351745828
CRO,2025-02-16,0.0890173045503404,0.0893740199230903,0.0876724517276752,0.0883658910202943,10389744.008457,117474396.176848,10.389744008456999
CRO,2025-02-17,0.0883658910202943,0.0913784375257616,0.0863274647811878,0.0882200672669153,15158095.7962529,171010342.085411,15.158095796252901
CRO,2025-02-18,0.0882200672669153,0.0897278700789535,0.0825844350983932,0.0852603268027134,15832309.5847271,183730785.780073,15.8323095847271
CRO,2025-02-19,0.0852603268027134,0.0860443916416926,0.0834008729038781,0.0845906758498556,9801822.80682847,115649764.930126,9.80182280682847
CRO,2025-02-20,0.0845906758498556,0.0870664760711818,0.0844407296527128,0.0862216234031809,9271771.00854587,107930774.165771,9.271771008545869
CRO,2025-02-21,0.0862216234031809,0.0886227282721513,0.082637539208727,0.0837424684426837,13773904.2824204,160776915.599952,13.7739042824204
CRO,2025-02-22,0.0837424684426837,0.0862425765713625,0.0831290779024049,0.0859024706166467,8142988.55561254,95553456.4484537,8.14298855561254
CRO,2025-02-23,0.0859024706166467,0.0867032127569007,0.0842051853974192,0.0851897643364255,6459988.94430018,75775974.8786054,6.45998894430018
CRO,2025-02-24,0.0851897643364255,0.0944793977449644,0.0773611282477138,0.0777151197726245,53798214.0807756,618159907.26958,53.7982140807756
CRO,2025-02-25,0.0777151197726245,0.0801271811963077,0.0719995206357524,0.0766724147810067,32926635.9868334,437428784.839846,32.9266359868334
CRO,2025-02-26,0.0766724147810067,0.077057462228122,0.0717462063137223,0.0736358365815554,21460229.968086,287232289.355274,21.460229968086
CRO,2025-02-27,0.0736358365815554,0.0762263518529519,0.0727263193050843,0.0741838215929862,18023572.8425472,241158626.561838,18.0235728425472
CRO,2025-02-28,0.0741838215929862,0.0742323771194392,0.0684748319230577,0.0737250599347722,30876131.7149981,432039582.588344,30.8761317149981
CRO,2025-03-01,0.0737250599347722,0.0749307070059605,0.0717047247163495,0.0738015258253879,17219656.896611,235465336.263829,17.219656896611003
CRO,2025-03-02,0.0738015258253879,0.0835025843628642,0.0726880568446663,0.0828405023217296,36565082.8555131,466443941.337946,36.565082855513104
CRO,2025-03-03,0.0828405023217296,0.103137086893821,0.0759137319206975,0.0776616226348792,166853618.621585,1875466329.42248,166.853618621585
CRO,2025-03-04,0.0776616226348792,0.0777147280678245,0.0689172277806838,0.0739715206982461,43442803.8393305,595239266.794045,43.4428038393305
CRO,2025-03-05,0.0739715206982461,0.0808840948106602,0.0720092155240081,0.0805570268029683,52282244.8405093,673548483.813848,52.2822448405093
CRO,2025-03-06,0.0805570268029683,0.0993360379556933,0.0793314578487,0.0894417304102882,176315131.212352,1954059794.96016,176.31513121235201
CRO,2025-03-07,0.0894417304102882,0.0939619048127682,0.0830447222498882,0.083763447393118,90451769.1742217,1024468830.10388,90.4517691742217
CRO,2025-03-08,0.083763447393118,0.0874852104468466,0.0813438841771345,0.0854770417096935,34812951.2216728,411823615.177001,34.812951221672805
CRO,2025-03-09,0.0854770417096935,0.0940057751772188,0.0807641259251066,0.081636464094034,65187392.7358843,740330078.595569,65.1873927358843
CRO,2025-03-10,0.081636464094034,0.0851399975310117,0.076225872050717,0.0763087210717174,56188110.459813,702301782.23405,56.188110459813
CRO,2025-03-11,0.0763087210717174,0.0837227803937283,0.0730541232333819,0.0805490287604021,47424795.4413549,593863514.483617,47.4247954413549
CRO,2025-03-12,0.0805490287604021,0.0846997839561253,0.0779925781491261,0.0844480485416147,29895456.2722177,371243806.802894,29.895456272217697
CRO,2025-03-13,0.0844480485416147,0.0849780380515221,0.0792227001654286,0.0811888823065004,27121641.3475189,328945583.940037,27.1216413475189
CRO,2025-03-14,0.0811888823065004,0.0843038167478702,0.0807026975612131,0.0824974566493476,28776087.1151404,347508184.541357,28.776087115140403
CRO,2025-03-15,0.0824974566493476,0.0854788598412807,0.0824836752251375,0.0841485500060248,25449327.9069164,302794997.384882,25.4493279069164
CRO,2025-03-16,0.0841485500060248,0.0841649523391753,0.0786439467380718,0.0829825164813815,38833617.6730415,478094980.238706,38.8336176730415
CRO,2025-03-17,0.0829825164813815,0.0899816288978603,0.0826610753622939,0.0854011726986692,55951531.7511383,651523389.791628,55.9515317511383
CRO,2025-03-18,0.0854011726986692,0.0854100119289278,0.0772902536854863,0.0788405942115223,29892212.5418503,371607812.77066,29.8922125418503
CRO,2025-03-19,0.0788405942115223,0.0811809109910707,0.0771145403155958,0.080913975700718,29346617.690686,368927644.864709,29.346617690686
CRO,2025-03-20,0.080913975700718,0.084513733315043,0.0782532344472309,0.0799975552108408,34178494.8733524,420553767.00138,34.1784948733524
CRO,2025-03-21,0.0799975552108408,0.0800340675663158,0.0771718321514792,0.0782938270427001,20179395.230906,258055687.330851,20.179395230906
CRO,2025-03-22,0.0782938270427001,0.0824203093582588,0.0775810218514588,0.080352906076067,17334824.2362581,217271311.678426,17.3348242362581
CRO,2025-03-23,0.080352906076067,0.0813167804954764,0.0794061082758549,0.0808135428389103,16459159.3790127,204501913.449254,16.4591593790127
CRO,2025-03-24,0.0808135428389103,0.0999539430798871,0.0807320489454477,0.094466276505716,90736910.9118747,1001707730.16962,90.7369109118747
CRO,2025-03-25,0.094466276505716,0.11533604591025,0.0910470582003571,0.10535041061097,306372946.777128,2908447440.259,306.372946777128
CRO,2025-03-26,0.10535041061097,0.114273566421477,0.0979132429662983,0.10049138288912,140392498.166553,1321084162.10703,140.392498166553
CRO,2025-03-27,0.10049138288912,0.10808101926412,0.0972877992375134,0.106532507674406,64663321.891,640622569.037423,64.66332189100001
CRO,2025-03-28,0.106532507674406,0.114558053498583,0.102254447346061,0.104889929490782,122448113.566206,1128695810.55169,122.44811356620599
CRO,2025-03-29,0.104889929490782,0.104956877100012,0.0985690783989969,0.101042074697898,35464191.2953803,350839836.083471,35.4641912953803
CRO,2025-03-30,0.101042074697898,0.109549294846902,0.101024783811419,0.101888354765125,63391972.2825192,599234862.726869,63.3919722825192
CRO,2025-03-31,0.101888354765125,0.102171141167865,0.0977283380030568,0.0992172599552405,33297621.8513854,334181791.944907,33.2976218513854
CRO,2025-04-01,0.0992172599552405,0.106372692329612,0.0977222035392194,0.104389241401931,39025912.4603312,384327110.110505,39.0259124603312
CRO,2025-04-02,0.104389241401931,0.109065261761429,0.0940737711070504,0.096582995429209,81436261.4533499,783772909.144652,81.4362614533499
CRO,2025-04-03,0.096582995429209,0.100904710149786,0.0921445978784219,0.0965308968692901,42536403.3760129,442221077.846225,42.5364033760129
CRO,2025-04-04,0.0965308968692901,0.0989101085641046,0.0929188429086723,0.0941562483276258,34350909.3790069,360687113.418132,34.3509093790069
CRO,2025-04-05,0.0941562483276258,0.0951133236929748,0.0905949670607639,0.0914859816552098,19598154.4843755,211002435.102427,19.5981544843755
CRO,2025-04-06,0.0914859816552098,0.0919738394266299,0.0797235462971128,0.0814758159592242,32454816.6345805,377575538.91299,32.4548166345805
CRO,2025-04-07,0.0814758159592242,0.0872949011466436,0.0736945298231662,0.0858344747423471,50993627.0942959,633995090.66042,50.993627094295896
CRO,2025-04-08,0.0858344747423471,0.0870954786238793,0.0797628042774845,0.0803566944887898,31761988.7072407,378122972.321483,31.7619887072407
CRO,2025-04-09,0.0803566944887898,0.0892605614610916,0.0773229071652042,0.0878398609153461,35157800.5863521,422593555.776027,35.1578005863521
CRO,2025-04-10,0.0878398609153461,0.0884152116584447,0.0840300513548087,0.0845955091696239,28462904.732412,329983725.86817,28.462904732412
CRO,2025-04-11,0.0845955091696239,0.0883815647124499,0.0844637323895676,0.0876403598062247,24174301.3011099,278932639.312522,24.1743013011099
CRO,2025-04-12,0.0876403598062247,0.0910936164046767,0.0865570032932941,0.0899569584528821,23635146.5201184,264938708.883385,23.6351465201184
CRO,2025-04-13,0.0899569584528821,0.0915360451389082,0.0843220727224346,0.0851436807998344,21225476.9408485,240751520.757188,21.2254769408485
CRO,2025-04-14,0.0851436807998344,0.0881181234274621,0.0847452874149081,0.0851681384002569,16921223.2294576,196401831.946903,16.9212232294576
CRO,2025-04-15,0.0851681384002569,0.0860453129587758,0.082293709958399,0.0827140347481229,17547128.232607,207929564.381788,17.547128232607
CRO,2025-04-16,0.0827140347481229,0.0833592128402147,0.080856840149539,0.0820212347937123,19859684.1788046,241222336.083153,19.8596841788046
CRO,2025-04-17,0.0820212347937123,0.0851843371326226,0.0818970465267051,0.0835971484863577,18198187.3414804,217479369.195349,18.198187341480402
CRO,2025-04-18,0.0835971484863577,0.0844331229531806,0.0829281332308398,0.0836838527722377,12617545.5359498,150547938.149188,12.6175455359498
CRO,2025-04-19,0.0836838527722377,0.0849428909564687,0.0831813080434328,0.0837447230180784,10569309.4147839,125812587.233709,10.5693094147839
CRO,2025-04-20,0.0837447230180784,0.0839879469683936,0.0819874060029422,0.0824296450992389,13347906.8944619,161087568.235915,13.3479068944619
CRO,2025-04-21,0.0824296450992389,0.0844279463092392,0.0811715492105796,0.0824192367996042,19751558.8917036,237557650.692222,19.7515588917036
CRO,2025-04-22,0.0824192367996042,0.0945052907265238,0.0814428235216658,0.091960421048069,63408042.6839965,713454625.67514,63.4080426839965
CRO,2025-04-23,0.091960421048069,0.0950474177012125,0.0885122710293637,0.0900422057581853,35548098.5900054,388232070.688394,35.548098590005395
CRO,2025-04-24,0.0900422057581853,0.0925360330196999,0.088283538058179,0.0911649081227707,25444234.8917695,281227596.335212,25.444234891769497
CRO,2025-04-25,0.0911649081227707,0.0929606350771457,0.0899584025654183,0.0914733429737681,22250306.31933,242728933.035211,22.25030631933
CRO,2025-04-26,0.0914733429737681,0.0930051583838454,0.0906063930553709,0.0919515943575096,18489324.1625785,200875956.779195,18.4893241625785
CRO,2025-04-27,0.0919515943575096,0.093384146066598,0.0901062471224307,0.0904737330800466,17986641.4164276,196491593.450337,17.986641416427602
CRO,2025-04-28,0.0904737330800466,0.0927983197328273,0.0890466063778792,0.0905566197411704,18333132.9277337,201540947.433194,18.3331329277337
CRO,2025-04-29,0.0905566197411704,0.0926074846365398,0.0893040562441015,0.0897818428091185,20531360.6556844,224864139.158443,20.5313606556844
CRO,2025-04-30,0.0897818428091185,0.090586747940897,0.0852089569935372,0.0882892762970185,19796912.1275935,224241139.36515,19.796912127593497
CRO,2025-05-01,0.0882892762970185,0.0913103474400215,0.0882892762970185,0.0901198887368096,22652846.8773725,251917027.956045,22.6528468773725
CRO,2025-05-02,0.0901198887368096,0.0922692628066474,0.0895473002362676,0.0919955048531386,21510664.4254688,236569229.285908,21.5106644254688
CRO,2025-05-03,0.0919955048531386,0.0923277486672421,0.0888839148321015,0.0898285782186114,17283044.1428433,190079304.043049,17.2830441428433
CRO,2025-05-04,0.0898285782186114,0.090583819357137,0.0879671196130783,0.0884068318000703,14004426.9047297,157476603.509873,14.0044269047297
CRO,2025-05-05,0.0884068318000703,0.0891841349113392,0.0871305084629395,0.0885418841354336,16384876.0730878,185647757.337269,16.3848760730878
CRO,2025-05-06,0.0885418841354336,0.090798593285407,0.0856891419268425,0.0907513733854314,18567005.2637407,211812947.206701,18.5670052637407
CRO,2025-05-07,0.0907513733854314,0.093107015991599,0.0902910775373854,0.0915347638902747,23345375.6836283,254733919.130758,23.345375683628298
CRO,2025-05-08,0.0915347638902747,0.0989320930694594,0.091528190104821,0.0982883488363749,36592239.0980711,382029960.09364,36.5922390980711
CRO,2025-05-09,0.0982883488363749,0.103062234399339,0.0971410160912226,0.101353680128166,35258209.6765438,351099981.575799,35.2582096765438
CRO,2025-05-10,0.101353680128166,0.104931138456394,0.0986259088554435,0.1049010699153,35711140.170275,351806011.856338,35.711140170275
CRO,2025-05-11,0.1049010699153,0.105255789468069,0.0971141689594147,0.098514026456728,26183422.6871844,260605346.135886,26.1834226871844
CRO,2025-05-12,0.098514026456728,0.103069419651549,0.0969193558087771,0.101448497949453,41170634.5513607,409951770.527777,41.1706345513607
CRO,2025-05-13,0.101448497949453,0.103845023920637,0.0953872326438757,0.103097116677298,41964818.9876385,418436648.945582,41.9648189876385
CRO,2025-05-14,0.103097116677298,0.103438352818979,0.100581447897447,0.101570376227325,28483146.3222146,278670977.379269,28.4831463222146
CRO,2025-05-15,0.101570376227325,0.103399173095045,0.0974439496055451,0.10111152223419,37039923.9413324,367619694.142587,37.0399239413324
CRO,2025-05-16,0.10111152223419,0.102308752092815,0.0995338880830115,0.0997614303616912,19655089.5175045,194600632.989976,19.6550895175045
CRO,2025-05-17,0.0997614303616912,0.100481026671607,0.096480118601325,0.0976242874000649,18365791.6667565,187155692.185798,18.3657916667565
CRO,2025-05-18,0.0976242874000649,0.10086966685479,0.0957927383084412,0.0997404481275809,20418171.5595075,206801548.56913,20.4181715595075
CRO,2025-05-19,0.0997404481275809,0.0999947043092739,0.0930175375490233,0.096156369555626,23724795.0553964,248622235.782679,23.7247950553964
CRO,2025-05-20,0.096156369555626,0.0976644058995093,0.0946995362997259,0.0968678608957339,16703866.2352405,173532644.425136,16.7038662352405
CRO,2025-05-21,0.0968678608957339,0.0988880489988778,0.0951051647666105,0.0977951556826206,22494265.5669867,232075325.161753,22.494265566986698
CRO,2025-05-22,0.0977951556826206,0.101792558119283,0.0977767293399395,0.100259388159078,22982085.383231,230330487.383881,22.982085383231
CRO,2025-05-23,0.100259388159078,0.101872432030371,0.0946496304271494,0.0948990523106927,29703333.7957443,301774093.726797,29.7033337957443
CRO,2025-05-24,0.0948990523106927,0.0974040140268207,0.0945424923493669,0.0956806478610467,14274706.2715908,148289838.853046,14.2747062715908
CRO,2025-05-25,0.0956806478610467,0.0964975637108508,0.0935986637116127,0.0964975637108508,15519175.6935121,163580243.21661,15.5191756935121
CRO,2025-05-26,0.0964975637108508,0.0974879825729526,0.0960296809847627,0.0970011366421,17062066.3377041,176215304.152137,17.0620663377041
CRO,2025-05-27,0.0970011366421,0.102904081574833,0.0953839155784407,0.0982270013212607,30402566.3825611,307454422.760883,30.402566382561098
CRO,2025-05-28,0.0982270013212607,0.0984752568414504,0.095956509951013,0.0978593955304083,16072853.4573294,164895532.381486,16.0728534573294
CRO,2025-05-29,0.0978593955304083,0.0988580089539995,0.0941074262604825,0.0944766881698359,20335446.8574452,209610546.116552,20.3354468574452
CRO,2025-05-30,0.0944766881698359,0.104165638265155,0.0906798728409603,0.0999097885698238,70135848.557036,714638765.377181,70.135848557036
CRO,2025-05-31,0.0999097885698238,0.109385640028196,0.0988653778166293,0.105635769816323,82174650.9586989,780145593.920438,82.1746509586989
CRO,2025-06-01,0.105635769816323,0.108835746126432,0.10177511434806,0.105867445699466,32629000.5175802,314173849.275487,32.6290005175802
CRO,2025-06-02,0.105867445699466,0.106316123243023,0.101600913801164,0.103455754473072,22473903.7873376,216068840.826551,22.4739037873376
CRO,2025-06-03,0.103455754473072,0.104640414656953,0.102340031193705,0.102408499621547,20464035.638085,198145854.969956,20.464035638085
CRO,2025-06-04,0.102408499621547,0.103532533347044,0.100086394942162,0.100203683579654,19245513.939845,189011910.378591,19.245513939845
CRO,2025-06-05,0.100203683579654,0.103600057026351,0.0957876197964017,0.0984157948600991,23861285.6581104,238416778.786925,23.8612856581104
CRO,2025-06-06,0.0984157948600991,0.100292549900023,0.0965133995834154,0.096791321236089,15328161.3968342,155663529.759246,15.3281613968342
CRO,2025-06-07,0.096791321236089,0.0981871430341782,0.0963010372314654,0.096916050888154,14088380.2707594,144776034.919323,14.0883802707594
CRO,2025-06-08,0.096916050888154,0.0981702476807517,0.0965786432744838,0.0979673581098975,12123455.3088286,124343045.686242,12.1234553088286
CRO,2025-06-09,0.0979673581098975,0.101364376173348,0.0978233915383243,0.101228784494173,14844060.9311087,149479908.081832,14.8440609311087
CRO,2025-06-10,0.101228784494173,0.101963216303252,0.0996042323427616,0.101901039597871,16245439.2320725,160974357.706214,16.2454392320725
CRO,2025-06-11,0.101901039597871,0.101917123240601,0.0978120034586997,0.099000285788604,18450245.2651549,183580443.987403,18.450245265154898
CRO,2025-06-12,0.099000285788604,0.0992707606877156,0.0955274263519422,0.0971238486248129,17329767.6053082,177835233.415109,17.329767605308202
CRO,2025-06-13,0.0971238486248129,0.0971238486248129,0.0889913298027003,0.0920807645894892,22300332.2755276,246024636.964487,22.3003322755276
CRO,2025-06-14,0.0920807645894892,0.0920915512074297,0.0897535006307382,0.0909141079466782,11114035.218062,121819433.538887,11.114035218062
CRO,2025-06-15,0.0909141079466782,0.0915256087263945,0.0896231742018386,0.0908812927389923,10983714.5356103,121162583.008389,10.9837145356103
CRO,2025-06-16,0.0908812927389923,0.0933350521286964,0.0902830151239025,0.0903716061370464,14668546.5588536,159014791.367936,14.6685465588536
CRO,2025-06-17,0.0903716061370464,0.091516605201404,0.0873293280472106,0.0880122799842143,17116877.0637776,191825572.485271,17.1168770637776
CRO,2025-06-18,0.0880122799842143,0.0937445783228686,0.0854394826158339,0.0912505211307618,24717104.2325266,275178142.199981,24.7171042325266
CRO,2025-06-19,0.0912505211307618,0.0919689571671381,0.0900045424745266,0.0908738735790933,13369020.6581881,147242000.815058,13.3690206581881
CRO,2025-06-20,0.0908738735790933,0.0916800967624228,0.0873969570493491,0.0880955564616666,17927873.658635,199793846.295554,17.927873658635
CRO,2025-06-21,0.0880955564616666,0.0890657522601943,0.0832927171822659,0.084785488056931,14910680.2379093,171864102.488378,14.9106802379093
CRO,2025-06-22,0.084785488056931,0.0851268228847027,0.0772903559442552,0.0800570322486407,22742502.2023697,281790416.389939,22.7425022023697
CRO,2025-06-23,0.0800570322486407,0.085039578029384,0.0789338138520551,0.0848878049633046,17780642.1738798,218897706.031886,17.780642173879798
CRO,2025-06-24,0.0848878049633046,0.086881272463632,0.0838221187879683,0.0843234530104036,15882367.7934759,186940412.049097,15.8823677934759
CRO,2025-06-25,0.0843234530104036,0.0845905491452973,0.0815312278870607,0.0823061728793821,13566341.2198148,163374021.679314,13.5663412198148
CRO,2025-06-26,0.0823061728793821,0.0834830910298477,0.0801800583752174,0.0806079932644283,6347652.80106722,77813588.0422784,6.34765280106722
CRO,2025-06-27,0.0806079932644283,0.0816243909406921,0.079911330522441,0.0809213147203374,6916657.24101116,85783978.2714554,6.91665724101116
CRO,2025-06-28,0.0809213147203374,0.0812701861407713,0.0803572465464086,0.081119223708852,5133778.03085394,63573741.1156937,5.13377803085394
CRO,2025-06-29,0.081119223708852,0.0824747502100759,0.080422150414672,0.0818091830758537,6678732.54218416,82289786.3990765,6.67873254218416
CRO,2025-06-30,0.0818091830758537,0.0823799926387572,0.0800372329069114,0.0817118070256182,9630508.29643832,118685095.370362,9.63050829643832
CRO,2025-07-01,0.0817118070256182,0.082010182977332,0.0794298372355909,0.0800073239066478,6743144.05657804,83809614.8256127,6.74314405657804
CRO,2025-07-02,0.0800073239066478,0.0831139830634322,0.0793308866127078,0.0825591055767949,8410083.2011893,103119961.078714,8.4100832011893
CRO,2025-07-03,0.0825591055767949,0.0837705350239718,0.0819789303257816,0.0831325175935672,9997539.48048443,120651464.858035,9.997539480484429
CRO,2025-07-04,0.0831325175935672,0.083356519195147,0.0804583011001378,0.0811059096540253,6260301.34547648,76758583.5890389,6.26030134547648
CRO,2025-07-05,0.0811059096540253,0.0815158563596398,0.0802398287161929,0.0810917341067576,3797935.82117652,46947635.1056482,3.79793582117652
CRO,2025-07-06,0.0810917341067576,0.0817576374491701,0.0803099651236904,0.0811795989572425,6497507.99015505,80195301.3489863,6.497507990155049
CRO,2025-07-07,0.0811795989572425,0.0818159704734749,0.0804867232866035,0.0807407420547787,7133295.90060705,87830077.4445635,7.133295900607051
CRO,2025-07-08,0.0807407420547787,0.0997378237561368,0.0800415354582156,0.0969979117620899,170584629.888721,1835516637.53937,170.584629888721
CRO,2025-07-09,0.0969979117620899,0.100016357344512,0.092110287193277,0.0965249968651609,103331575.824198,1080150768.94601,103.331575824198
CRO,2025-07-10,0.0965249968651609,0.0987715127639718,0.0928042011232108,0.0974073764455149,46487739.7278928,487914091.650988,46.4877397278928
CRO,2025-07-11,0.0974073764455149,0.105074705233445,0.0953069891851567,0.10417744331642,47896491.7645019,479622610.000858,47.8964917645019
CRO,2025-07-12,0.10417744331642,0.111792473586664,0.0993268327057568,0.101347190840864,54298954.9138941,516326276.66964,54.2989549138941
CRO,2025-07-13,0.101347190840864,0.108406114455038,0.0999518295575294,0.106428372460127,22788311.9981362,217967444.27658,22.7883119981362
CRO,2025-07-14,0.106428372460127,0.118813152032102,0.104837730355179,0.106946600912199,58264345.1553581,523383877.043371,58.2643451553581
CRO,2025-07-15,0.106946600912199,0.109716919193423,0.102384616956745,0.107924450615714,26548063.8730976,250486980.995164,26.548063873097597
CRO,2025-07-16,0.107924450615714,0.109835001930499,0.106502779669262,0.108158752173556,24526740.1637932,226838794.489929,24.5267401637932
CRO,2025-07-17,0.108158752173556,0.119013473056796,0.104028943009182,0.117509423610611,50830833.8195125,457854130.051211,50.8308338195125
CRO,2025-07-18,0.117509423610611,0.127825996245115,0.116499211644129,0.118247206234069,65291864.9592515,536318748.895451,65.2918649592515
CRO,2025-07-19,0.118247206234069,0.123323757853003,0.115446325123039,0.121402295951583,28234136.161681,235816562.427006,28.234136161681
CRO,2025-07-20,0.121402295951583,0.123669964494718,0.119468481711343,0.120473197183799,24162673.7197952,198695347.040886,24.1626737197952
CRO,2025-07-21,0.120473197183799,0.125390356857028,0.118622530093483,0.122035582686557,30414982.2333164,248838447.475271,30.414982233316397
CRO,2025-07-22,0.122035582686557,0.125842630198432,0.119617308550012,0.125117996605858,36628687.4017957,297925991.406521,36.6286874017957
CRO,2025-07-23,0.125117996605858,0.128021326255741,0.117508104715831,0.12147029557864,39077604.149959,318506623.005199,39.077604149959
CRO,2025-07-24,0.12147029557864,0.129184862763816,0.117570653803656,0.12644582110865,48029262.31838,385199199.158184,48.02926231838
CRO,2025-07-25,0.12644582110865,0.132719398846182,0.124318258112224,0.131967882719431,42855817.7212996,334055341.376381,42.8558177212996
CRO,2025-07-26,0.131967882719431,0.141701344241412,0.130771567619291,0.141372567930219,33571459.9922646,246379717.534253,33.5714599922646
CRO,2025-07-27,0.141372567930219,0.146221733980711,0.137428137305319,0.144837793480747,37260418.7896844,263734512.820237,37.2604187896844
CRO,2025-07-28,0.144837793480747,0.148769585195562,0.13728171997096,0.137631213394167,43753468.9430242,305208077.411302,43.7534689430242
CRO,2025-07-29,0.137631213394167,0.149923191621032,0.135647585739434,0.145135667255604,108605045.660188,747270208.225143,108.60504566018801
CRO,2025-07-30,0.145135667255604,0.147438866570256,0.135641870151749,0.146602650102954,47620503.8169946,335256595.085463,47.6205038169946
CRO,2025-07-31,0.146602650102954,0.149128834495098,0.13894581258658,0.139197126371863,38233327.4546808,263985998.492329,38.2333274546808
CRO,2025-08-01,0.139197126371863,0.143174832452752,0.128304396984407,0.131455016902463,44586405.6579429,328574809.612848,44.5864056579429
CRO,2025-08-02,0.131455016902463,0.134957776600053,0.123524177185547,0.124309333824483,25328234.5846648,196046526.380107,25.3282345846648
CRO,2025-08-03,0.124309333824483,0.134445467361645,0.122364371925338,0.130228471546099,19737772.9685281,151940051.38347,19.7377729685281
CRO,2025-08-04,0.130228471546099,0.13669195681828,0.130055620613905,0.136009658851229,9438385.80014397,70795289.3664101,9.43838580014397
