symbol,date,open,high,low,close,usd_volume,crypto_volume,usd_volume_mil
DAI,2020-02-13,1.00099656262513,1.00382573775026,0.995918624217424,0.999629767537053,298222.612489002,298693.853559589,0.298222612489002
DAI,2020-02-14,0.999629767537053,1.00168654334266,0.996598346294966,0.998626229165437,649259.539527165,650209.010491184,0.649259539527165
DAI,2020-02-15,0.998626229165437,1.00397673139091,0.995725151440694,1.00007031240902,460005.675763481,460336.266193444,0.460005675763481
DAI,2020-02-16,1.00007031240902,1.00252387320715,0.997608893929771,1.00028748191493,352074.482744656,352065.05407829,0.35207448274465597
DAI,2020-02-17,1.00028748191493,1.0038546195911,0.993593084008735,1.00092552610935,1381399.98918662,1380569.21883678,1.3813999891866202
DAI,2020-02-18,1.00092552610935,1.00200156028085,0.991608074467522,1.000710549794,157776.40170213,157728.502744739,0.15777640170213
DAI,2020-02-19,1.000710549794,1.00318254337106,0.99722831593988,1.00078685775412,272253.30765339,271848.254094482,0.27225330765339
DAI,2020-02-20,1.00078685775412,1.01170971003152,0.996874690490466,0.999997930613969,809788.749316838,814184.938989616,0.809788749316838
DAI,2020-02-21,0.999997930613969,1.01394735267907,0.997875977963829,1.00266279708407,116313.789812656,116079.533902904,0.116313789812656
DAI,2020-02-22,1.00266279708407,1.08241411685087,0.998607122728507,1.0281881007587,48515.0463460198,48202.2160148619,0.0485150463460198
DAI,2020-02-23,1.0281881007587,1.08007354511183,1.00127211247364,1.00177245017451,96295.3486828783,95653.4929198395,0.09629534868287831
DAI,2020-02-24,1.00177245017451,1.01104958581299,0.995654344514666,1.00185980500329,168392.637313916,168422.85256815,0.168392637313916
DAI,2020-02-25,1.00185980500329,1.01640408758328,1.00062194647132,1.00184482909122,248644.599430124,248139.622474332,0.248644599430124
DAI,2020-02-26,1.00184482909122,1.01405134671523,0.998403552596189,1.00169862444017,1347059.01347345,1345386.33167415,1.34705901347345
DAI,2020-02-27,1.00169862444017,1.00918928465869,1.00031572537501,1.00295702559718,327772.468020777,326620.686437599,0.327772468020777
DAI,2020-02-28,1.00295702559718,1.03018937118106,1.00255392401183,1.00546801660183,264441.739708985,263258.306605014,0.26444173970898505
DAI,2020-02-29,1.00546801660183,1.02658387692678,0.998964179388266,1.00605406442646,477505.212950439,476050.26034416,0.477505212950439
DAI,2020-03-01,1.00605406442646,1.0225642776521,0.999318416488548,1.00707484166265,680396.535986062,675830.103334075,0.680396535986062
DAI,2020-03-02,1.00707484166265,1.0341414767904,1.00212637048757,1.00405238286753,500692.247637919,497954.674150958,0.500692247637919
DAI,2020-03-03,1.00405238286753,1.03509276925556,1.00129326550336,1.00350538498475,345179.355746506,343911.370602896,0.345179355746506
DAI,2020-03-04,1.00350538498475,1.05306416154175,1.00051802193792,1.00313684241981,947771.379007801,945276.236655483,0.947771379007801
DAI,2020-03-05,1.00313684241981,1.04610025104304,1.00226253189319,1.00671176088511,229862.540056159,229007.251837695,0.229862540056159
DAI,2020-03-06,1.00671176088511,1.03064170491661,1.0006697871615,1.00356322791226,220390.316512417,219738.879447569,0.220390316512417
DAI,2020-03-07,1.00356322791226,1.0251381360496,0.994884936921533,1.00248802657169,949235.708418236,951109.805352251,0.949235708418236
DAI,2020-03-08,1.00248802657169,1.02572324102596,0.997830041669118,1.00291352947403,331408.717359785,330740.652990845,0.331408717359785
DAI,2020-03-09,1.00291352947403,1.02126704165687,1.00161283217288,1.01052822597131,792894.194054703,787268.199905044,0.792894194054703
DAI,2020-03-10,1.01052822597131,1.05957225132121,1.00552752416643,1.02187954009468,427618.046225453,423179.286651533,0.427618046225453
DAI,2020-03-11,1.02187954009468,1.04439341043613,1.00613280468958,1.01477097168536,2747311.79302304,2710287.05102913,2.74731179302304
DAI,2020-03-12,1.01477097168536,1.04662555392448,1.00238957766878,1.03007161277983,3449810.00265332,3387363.33469598,3.44981000265332
DAI,2020-03-13,1.03007161277983,1.0715784119088,1.00728746479036,1.01737100566961,1689906.73037178,1646934.3725266,1.68990673037178
DAI,2020-03-14,1.01737100566961,1.03045581020701,1.00537273207025,1.02203099801258,619877.80692445,611078.587296119,0.6198778069244499
DAI,2020-03-15,1.02203099801258,1.07949860002259,1.01651534688162,1.05322325677104,281340.826925978,270168.203421511,0.281340826925978
DAI,2020-03-16,1.05322325677104,1.09486419469975,1.01240796953966,1.02281027583909,560055.997206955,549734.682245781,0.560055997206955
DAI,2020-03-17,1.02281027583909,1.10437290111766,1.0133084236906,1.0343183062066,120657.010535386,117745.015614909,0.120657010535386
DAI,2020-03-18,1.0343183062066,1.06995266082228,1.01239705975165,1.01884293806784,424583.555905847,417736.669736975,0.424583555905847
DAI,2020-03-19,1.01884293806784,1.07091284491595,1.01247546884161,1.02016702124434,412139.52647406,405882.62354506,0.41213952647406005
DAI,2020-03-20,1.02016702124434,1.03521147891861,1.01307304319094,1.02742517215231,185734.375035257,181352.106053863,0.185734375035257
DAI,2020-03-21,1.02742517215231,1.0515747441696,1.01635065505582,1.03512810697688,61591.0159934467,60052.8757031676,0.0615910159934467
DAI,2020-03-22,1.03512810697688,1.0528836487042,1.01508827674859,1.0274883454646,94277.207622416,92056.6389948498,0.094277207622416
DAI,2020-03-23,1.0274883454646,1.08314182316972,1.01932979299033,1.04278819390199,139350.0320701,136097.478488042,0.1393500320701
DAI,2020-03-24,1.04278819390199,1.07229249186592,1.02217781427169,1.04341138296991,136106.407329711,131757.696126408,0.136106407329711
DAI,2020-03-25,1.04341138296991,1.07404511747233,1.01740842979236,1.03827361318631,132782.249548534,129986.748629564,0.132782249548534
DAI,2020-03-26,1.03827361318631,1.08355160854638,1.00704729490083,1.03752705899074,65149.5946635275,63532.9302932834,0.0651495946635275
DAI,2020-03-27,1.03752705899074,1.04902017677461,0.994171044505172,1.02355122934498,95338.5234650318,93403.2758362305,0.0953385234650318
DAI,2020-03-28,1.02355122934498,1.04125936535581,1.01456219110895,1.02919768915843,283638.242963233,278775.50287111,0.283638242963233
DAI,2020-03-29,1.02919768915843,1.0395937612089,1.01804512160878,1.0281369340603,162029.915314734,158173.460624523,0.162029915314734
DAI,2020-03-30,1.0281369340603,1.05185507805384,1.02062806453767,1.0275586525188,121717.573654436,118819.646384433,0.121717573654436
DAI,2020-03-31,1.0275586525188,1.04519173191487,1.01978070456144,1.02918068347467,99605.3348088541,97155.2649592087,0.0996053348088541
DAI,2020-04-01,1.02918068347467,1.05477923927707,1.02008372915554,1.02358191218552,85310.1284752004,83044.5807546524,0.0853101284752004
DAI,2020-04-02,1.02358191218552,1.06565654958064,1.00647918933692,1.01928968442075,214975.42899066,209615.305244724,0.21497542899066
DAI,2020-04-03,1.01928968442075,1.03992909705281,1.00054211659935,1.01637496404417,130789.159767563,128064.680021496,0.130789159767563
DAI,2020-04-04,1.01637496404417,1.03059398758912,1.0110367714961,1.02104790099978,100562.391660272,98485.0972217665,0.100562391660272
DAI,2020-04-05,1.02104790099978,1.02795405290436,1.00981011949963,1.0238681871595,133320.020470145,130555.813423884,0.13332002047014502
DAI,2020-04-06,1.0238681871595,1.05135802232457,1.008257391888,1.0174782783856,202232.339988868,199418.140608709,0.20223233998886803
DAI,2020-04-07,1.0174782783856,1.03155686464234,1.01218823092788,1.01872408217104,209184.319629403,205025.520864457,0.209184319629403
DAI,2020-04-08,1.01872408217104,1.03493746592189,1.01608548006542,1.03290656023903,207281.118719006,202585.274019163,0.20728111871900598
DAI,2020-04-09,1.03290656023903,1.03326610900034,1.01724831401447,1.01881839426757,221423.721018129,216049.795605138,0.221423721018129
DAI,2020-04-10,1.01881839426757,1.03348517041753,1.01699766486376,1.01883699387064,241177.744450886,235210.788780126,0.241177744450886
DAI,2020-04-11,1.01883699387064,1.03371321318068,1.01768223320795,1.02427774663189,142457.608997985,139295.970284001,0.14245760899798499
DAI,2020-04-12,1.02427774663189,1.02956962856488,1.0180253491937,1.01982686189128,137951.849002499,135080.366575738,0.137951849002499
DAI,2020-04-13,1.01982686189128,1.03139093292267,1.01726530850156,1.02268137780138,98488.1709583392,96384.0091998484,0.0984881709583392
DAI,2020-04-14,1.02268137780138,1.03483821905144,1.01907244785687,1.02917587902305,84237.5627003483,82412.6955274521,0.0842375627003483
DAI,2020-04-15,1.02917587902305,1.0357865802951,1.01700863398909,1.02091876106349,128837.648734444,126244.809550763,0.128837648734444
DAI,2020-04-16,1.02091876106349,1.03281817149012,1.01589787921153,1.0235303648858,160558.297131128,157593.435770242,0.16055829713112799
DAI,2020-04-17,1.0235303648858,1.03153589820688,1.00886434336184,1.01991808376365,213030.584997458,210611.478786751,0.213030584997458
DAI,2020-04-18,1.01991808376365,1.02679604534179,1.00911974019555,1.01768394272331,129173.842473595,127256.10699961,0.129173842473595
DAI,2020-04-19,1.01768394272331,1.0346977090502,1.00560604396103,1.01529158723862,169927.193073177,167775.986965898,0.16992719307317702
DAI,2020-04-20,1.01529158723862,1.03274133808856,1.00754408467953,1.02351113355943,205786.758999505,201371.26121044,0.205786758999505
DAI,2020-04-21,1.02351113355943,1.02698283717165,1.01143332663024,1.01796960901243,107740.798770021,106188.641294908,0.107740798770021
DAI,2020-04-22,1.01796960901243,1.02575327376222,1.01149132343355,1.01588081870404,63613.7222606591,62448.6302509349,0.0636137222606591
DAI,2020-04-23,1.01588081870404,1.02502466915271,1.01115625559075,1.01705871986862,88295.606153803,86701.668281705,0.08829560615380301
DAI,2020-04-24,1.01705871986862,1.02536266704749,1.00976917468044,1.01265373784868,103549.558471143,101781.61303425,0.103549558471143
DAI,2020-04-25,1.01265373784868,1.02422620024679,1.01127410335433,1.01461628771764,129649.262130244,127401.217166413,0.129649262130244
DAI,2020-04-26,1.01461628771764,1.02421563839799,1.01057446878525,1.02086399341497,151427.362735614,149028.022358198,0.151427362735614
DAI,2020-04-27,1.02086399341497,1.02204534464881,1.00872950285976,1.01257532651893,86610.7311624178,85497.4732289882,0.0866107311624178
DAI,2020-04-28,1.01257532651893,1.02062081774699,1.00136561801074,1.01493615595466,103658.358327673,102660.290517909,0.103658358327673
DAI,2020-04-29,1.01493615595466,1.02626458788555,1.00019164350587,1.01286092696201,275215.181867094,271253.508926974,0.27521518186709404
DAI,2020-04-30,1.01286092696201,1.02906045633886,0.997384743001588,1.01552392846784,1151057.59378671,1131951.90551608,1.15105759378671
DAI,2020-05-01,1.01552392846784,1.0276000569466,1.0054398428514,1.01199465976344,1270518.99863042,1249325.98122312,1.2705189986304202
DAI,2020-05-02,1.01199465976344,1.0161626719709,1.00354111538027,1.00862190313156,738794.619845011,730432.518945071,0.738794619845011
DAI,2020-05-03,1.00862190313156,1.01556451031772,1.00719342875107,1.00740556977007,1108634.54506142,1097035.24986986,1.10863454506142
DAI,2020-05-04,1.00740556977007,1.01534408176147,1.00476844866207,1.00588907317742,1863260.75975919,1845459.92660705,1.86326075975919
DAI,2020-05-05,1.00588907317742,1.00941026210803,1.00376115185448,1.00476935835445,973658.234286536,967408.88973473,0.973658234286536
DAI,2020-05-06,1.00476935835445,1.01312995232605,1.00351300010961,1.00860801481331,997789.736373154,991105.288956779,0.9977897363731539
DAI,2020-05-07,1.00860801481331,1.02352562674623,0.997838030845666,1.0152573987695,527256.203104394,521444.36719872,0.527256203104394
DAI,2020-05-08,1.0152573987695,1.04343701343035,1.00254049191299,1.0027437959516,603625.4595314,595292.177311769,0.6036254595314
DAI,2020-05-09,1.0027437959516,1.02925485976877,0.999663127541723,1.01287021055906,322629.48539142,319210.700475929,0.32262948539142
DAI,2020-05-10,1.01287021055906,1.01649652467783,1.00258493885775,1.00465876561899,424222.560989264,420622.913157638,0.424222560989264
DAI,2020-05-11,1.00465876561899,1.01402704332238,1.00114841817022,1.01104858681512,457408.249869005,454691.630219976,0.457408249869005
DAI,2020-05-12,1.01104858681512,1.01863382610056,1.00219998746761,1.00874220349134,146564.751529896,145156.877210586,0.14656475152989598
DAI,2020-05-13,1.00874220349134,1.01938650326672,0.999180722233014,1.00836382423319,207221.933297584,204917.916257866,0.207221933297584
DAI,2020-05-14,1.00836382423319,1.02778932066345,0.981668737714221,1.01872375144776,301370.800550825,299164.999085896,0.30137080055082505
DAI,2020-05-15,1.01872375144776,1.02916190725152,0.988848457891103,1.01232032357996,264034.312906603,260634.264164179,0.26403431290660295
DAI,2020-05-16,1.01232032357996,1.01801434107667,0.996151713579587,1.00889231224257,114326.210073587,113409.852786191,0.11432621007358701
DAI,2020-05-17,1.00889231224257,1.02202054825644,0.997400858898497,1.00445464206017,55935.2929864835,55302.2989259508,0.055935292986483504
DAI,2020-05-18,1.00445464206017,1.03819929488119,0.995755524289878,1.01447329003681,157527.740129173,155188.660567909,0.157527740129173
DAI,2020-05-19,1.01447329003681,1.01524660605759,1.00080011600903,1.01002881340948,109608.099604727,108811.412833321,0.109608099604727
DAI,2020-05-20,1.01002881340948,1.01614641641873,1.00208557576613,1.01184669355197,204266.019426967,202632.861537691,0.20426601942696698
DAI,2020-05-21,1.01184669355197,1.01880954674594,1.0031283170152,1.00759992131282,277300.401272494,274775.186736371,0.277300401272494
DAI,2020-05-22,1.00759992131282,1.01610024518419,1.00327303216257,1.01265618583862,175273.293117468,173995.073254954,0.175273293117468
DAI,2020-05-23,1.01265618583862,1.03835653640616,0.994875501288583,1.00460000987299,229595.264690766,228189.556859797,0.229595264690766
DAI,2020-05-24,1.00460000987299,1.01057859288887,0.974223715545763,1.00606576795195,121766.262205755,121028.181651775,0.121766262205755
DAI,2020-05-25,1.00606576795195,1.04117482901691,0.987060022699558,1.03467734622479,166086.038906374,164812.051119374,0.166086038906374
DAI,2020-05-26,1.03467734622479,1.03467734622479,0.989798605369949,1.01257208622327,158149.171422904,156925.491852551,0.158149171422904
DAI,2020-05-27,1.01257208622327,1.03576320261526,0.999948604503134,1.00973598290116,190151.53003182,188914.587722236,0.19015153003182
DAI,2020-05-28,1.00973598290116,1.03657835433227,1.00089438718117,1.00849351598817,182867.564824953,181365.430321319,0.182867564824953
DAI,2020-05-29,1.00849351598817,1.01543352466128,1.00008624360145,1.00489240415763,239834.67022396,238847.939549392,0.23983467022396002
DAI,2020-05-30,1.00489240415763,1.00789326616242,0.999207923478949,1.0041876442175,288739.8755962,287833.306278646,0.2887398755962
DAI,2020-05-31,1.0041876442175,1.00825389960864,0.995082432972631,1.00347747357539,222796.244617234,222145.396998304,0.22279624461723402
DAI,2020-06-01,1.00347747357539,1.00907309882046,0.995468729454683,1.00730782400985,294842.511361665,293613.480248479,0.29484251136166495
DAI,2020-06-02,1.00730782400985,1.00877672780558,0.997578081703183,1.00235790183659,270110.219171037,268920.478977829,0.270110219171037
DAI,2020-06-03,1.00235790183659,1.00713499866106,0.990007141370852,0.995018124902776,295822.367346805,295649.014073727,0.295822367346805
DAI,2020-06-04,0.995018124902776,1.0062165340239,0.98799224350653,0.999668462393435,203997.041517769,204016.873025236,0.20399704151776898
DAI,2020-06-05,0.999668462393435,1.00704894314384,0.985151947746123,1.00342270102188,240278.863574386,240040.879833867,0.240278863574386
DAI,2020-06-06,1.00342270102188,1.00851975673754,0.987877616526515,0.991835101060398,246989.308766915,246698.777250948,0.246989308766915
DAI,2020-06-07,0.991835101060398,1.00231825029633,0.987765348573157,1.00085077035258,363654.634111809,363985.688589085,0.36365463411180904
DAI,2020-06-08,1.00085077035258,1.0031811456783,0.973654278756591,0.989666252028137,193938.102391265,194359.761435505,0.19393810239126502
DAI,2020-06-09,0.989666252028137,1.00880795305636,0.983720843009057,1.00702208713159,289220.804844006,289572.603775393,0.28922080484400603
DAI,2020-06-10,1.00702208713159,1.01351595871082,0.975456554006751,1.00377900588039,148892.68546649,148508.451432042,0.14889268546648998
DAI,2020-06-11,1.00377900588039,1.01247766861916,0.984084435801971,1.00205247942953,403263.709598533,402323.973664818,0.40326370959853297
DAI,2020-06-12,1.00205247942953,1.01167261297613,0.991540782790945,0.995078656311146,229080.61855772,229723.450875291,0.22908061855772
DAI,2020-06-13,0.995078656311146,0.999319313334207,0.990362039060486,0.992119074829453,121609.635631599,122293.82522276,0.121609635631599
DAI,2020-06-14,0.992119074829453,1.00913456624962,0.989964536025302,1.0076660061369,513573.394257561,511281.96413156,0.513573394257561
DAI,2020-06-15,1.0076660061369,1.01070459840476,0.994555282471218,0.999848718787873,340594.757679621,338487.838749196,0.340594757679621
DAI,2020-06-16,0.999848718787873,1.01013622200008,0.985179511543911,0.994525611413981,201649.153989541,201007.15219824,0.201649153989541
DAI,2020-06-17,0.994525611413981,1.0221082304362,0.973450154261735,1.01864662625011,151871.555499414,151080.026448344,0.151871555499414
DAI,2020-06-18,1.01864662625011,1.0336149407574,1.00053949076684,1.00743694527019,273218.366462896,271039.466557033,0.273218366462896
DAI,2020-06-19,1.00743694527019,1.02112889862713,1.00327570541012,1.01087599742911,347810.502810739,344896.251204363,0.347810502810739
DAI,2020-06-20,1.01087599742911,1.02890399427223,1.00349094018912,1.02624682275333,142739.170574368,141477.962264769,0.142739170574368
DAI,2020-06-21,1.02624682275333,1.0333344100049,1.00518514192536,1.01918370170277,155806.547800998,154480.613716986,0.155806547800998
DAI,2020-06-22,1.01918370170277,1.03529439849295,1.00287149738078,1.00638089017368,197749.829130144,195637.670818674,0.197749829130144
DAI,2020-06-23,1.00638089017368,1.01932326796863,1.00141647084879,1.00895197584628,264789.78190131,262407.638887964,0.26478978190131003
DAI,2020-06-24,1.00895197584628,1.02776665752648,1.00279818932467,1.01096350283098,323191.322992168,320788.317790517,0.323191322992168
DAI,2020-06-25,1.01096350283098,1.01469653879631,1.00087938455097,1.00418445330494,302035.615274994,300548.400957427,0.302035615274994
DAI,2020-06-26,1.00418445330494,1.01269422290682,1.00030230038967,1.00724290634897,460288.119351059,458172.746977153,0.460288119351059
DAI,2020-06-27,1.00724290634897,1.01401485882119,1.00132669670344,1.00803611965572,136251.383479246,135400.972451199,0.136251383479246
DAI,2020-06-28,1.00803611965572,1.0160381361609,1.00255058706058,1.00881878819292,97633.5012573521,97161.9772601518,0.0976335012573521
DAI,2020-06-29,1.00881878819292,1.03953756347145,1.00146657003076,1.02077614554574,190869.156652583,188570.048800238,0.190869156652583
DAI,2020-06-30,1.02077614554574,1.02371829939711,1.0015090165836,1.00853004719168,163699.668312272,162037.182023373,0.163699668312272
DAI,2020-07-01,1.00853004719168,1.02042642225652,1.0083983283145,1.0115377786123,312096.6689859,307802.930148708,0.3120966689859
DAI,2020-07-02,1.0115377786123,1.02045319471241,1.00683894487912,1.00833486285899,419912.012385482,415175.916282654,0.41991201238548204
DAI,2020-07-03,1.00833486285899,1.02141369371421,1.00833486285899,1.01615595253268,353401.505112871,348274.548232633,0.353401505112871
DAI,2020-07-04,1.01615595253268,1.02335572135597,1.01001334043238,1.01333363419735,233957.229389704,230796.476589795,0.233957229389704
DAI,2020-07-05,1.01333363419735,1.02125527719559,1.00923388850707,1.01330369614204,90696.7671036294,89458.1508013915,0.09069676710362941
DAI,2020-07-06,1.01330369614204,1.0220632371696,1.00819099400328,1.01461682293769,179386.90961473,176956.927885138,0.17938690961472997
DAI,2020-07-07,1.01461682293769,1.02396293807745,1.01022166221162,1.01383926561931,310369.15959929,306426.300295156,0.31036915959929
DAI,2020-07-08,1.01383926561931,1.02232328147908,1.00980913281695,1.01735838875414,248793.744380264,245213.030992742,0.248793744380264
DAI,2020-07-09,1.01735838875414,1.02140524476092,1.00862242900303,1.01639431137038,416520.69368207,411206.413858665,0.41652069368207
DAI,2020-07-10,1.01639431137038,1.02554508326812,1.01283300680605,1.01847027199689,301953.128927966,296926.396422312,0.301953128927966
DAI,2020-07-11,1.01847027199689,1.02282062596361,1.01095291836119,1.02217554246927,190469.670850112,186618.216945484,0.190469670850112
DAI,2020-07-12,1.02217554246927,1.02478673468797,1.00869187097741,1.02007848818481,382541.734008748,375336.238014549,0.382541734008748
DAI,2020-07-13,1.02007848818481,1.02202881377996,1.00549915619441,1.01237085559345,539398.378386555,531440.171075365,0.539398378386555
DAI,2020-07-14,1.01237085559345,1.0198245983099,1.01056909373292,1.01614069422369,257217.642934893,253367.112775255,0.257217642934893
DAI,2020-07-15,1.01614069422369,1.01872128361022,1.0110615752917,1.01443497840486,284577.878796884,280755.267960016,0.28457787879688395
DAI,2020-07-16,1.01443497840486,1.02204636148773,1.00271707942096,1.01848857411839,573256.98249801,566600.556095855,0.57325698249801
DAI,2020-07-17,1.01848857411839,1.02172178505977,1.00948793064979,1.01081923750866,519889.518385185,512597.770984068,0.5198895183851849
DAI,2020-07-18,1.01081923750866,1.01966321957966,1.00998178867588,1.01244419747463,308425.428189598,304702.962074867,0.308425428189598
DAI,2020-07-19,1.01244419747463,1.02210147968456,1.00999651811148,1.01480459317415,443344.471807265,437454.140432495,0.443344471807265
DAI,2020-07-20,1.01480459317415,1.01881476183119,1.00649721616244,1.01075430778413,574305.21454941,566580.433774757,0.5743052145494101
DAI,2020-07-21,1.01075430778413,1.01821736530132,1.006824806094,1.00993954857886,552227.680762676,545421.332983151,0.552227680762676
DAI,2020-07-22,1.00993954857886,1.02579915025786,1.00993954857886,1.02524749853117,507707.29935178,498071.621796951,0.5077072993517799
DAI,2020-07-23,1.02524749853117,1.05854955745685,1.02076892576518,1.03026038523442,1267895.19997385,1232363.34829235,1.2678951999738501
DAI,2020-07-24,1.03026038523442,1.03889285182822,1.02131298381385,1.03308708225179,1461683.36122923,1418899.21142129,1.46168336122923
DAI,2020-07-25,1.03308708225179,1.03548459178284,1.00579368610369,1.00935846995467,977825.093756187,964269.930076871,0.977825093756187
DAI,2020-07-26,1.00935846995467,1.02209888300571,1.00527502913233,1.00901843314165,708825.016956468,701216.989189933,0.708825016956468
DAI,2020-07-27,1.00901843314165,1.02129934031706,1.00802720588496,1.013841202286,883039.700494831,871866.069382092,0.8830397004948309
DAI,2020-07-28,1.013841202286,1.02388520317024,1.01275466925704,1.02095193978943,705721.166909086,692679.723584705,0.705721166909086
DAI,2020-07-29,1.02095193978943,1.03486100908584,1.01952746436542,1.03025696506964,887029.261170609,862174.011839875,0.887029261170609
DAI,2020-07-30,1.03025696506964,1.04845620255858,1.02316494019676,1.02889355997657,790725.956116512,768285.81472051,0.790725956116512
DAI,2020-07-31,1.02889355997657,1.03421645050633,1.01631083781028,1.02160623582085,536393.245300429,524272.876321434,0.536393245300429
DAI,2020-08-01,1.02160623582085,1.0269458344512,1.01208241205678,1.02065901559461,648222.094725967,637847.82526864,0.648222094725967
DAI,2020-08-02,1.02065901559461,1.0254184335001,1.01097818494415,1.01886184315667,1085507.75649431,1067633.80924222,1.08550775649431
DAI,2020-08-03,1.01886184315667,1.02171687636894,1.01137699738838,1.0127290063325,457313.100966888,450339.835259239,0.457313100966888
DAI,2020-08-04,1.0127290063325,1.0204442719278,1.01046118776241,1.01270731029943,416968.17401906,410894.955345572,0.41696817401906
DAI,2020-08-05,1.01270731029943,1.01952091559131,1.00940850486343,1.01578644960413,347955.58053764,342733.293214522,0.34795558053764003
DAI,2020-08-06,1.01578644960413,1.01977703591327,1.01197912408625,1.01406413824743,438835.40438952,432389.106251299,0.43883540438952
DAI,2020-08-07,1.01406413824743,1.02242530641626,1.01213406733749,1.01381337063795,440380.120792085,433187.421610841,0.440380120792085
DAI,2020-08-08,1.01381337063795,1.02216634934438,1.00983367934669,1.0176956828787,354558.885094559,348905.3508882,0.354558885094559
DAI,2020-08-09,1.0176956828787,1.02441387890158,1.01063060068091,1.01942821601129,270079.09834275,265567.082523607,0.27007909834275
DAI,2020-08-10,1.01942821601129,1.03913921194327,1.01126332985983,1.01478805645339,301146.868652746,295070.257198675,0.30114686865274604
DAI,2020-08-11,1.01478805645339,1.04871974676438,0.971811074774222,1.02028431636083,1534673.75816423,1500120.90777771,1.53467375816423
DAI,2020-08-12,1.02028431636083,1.0885399456762,0.964992886715109,1.01815316339349,1861674.35184203,1821443.21111358,1.86167435184203
DAI,2020-08-13,1.01815316339349,1.05092536082479,1.01406579090718,1.01817437909508,3326898.63962493,3252891.71115407,3.32689863962493
DAI,2020-08-14,1.01817437909508,1.02108343792126,1.00389087019039,1.01147348654861,2688531.23557638,2657316.4353942,2.68853123557638
DAI,2020-08-15,1.01147348654861,1.01515758102305,1.00601845955762,1.01239709731776,1158480.77533197,1147290.52990501,1.1584807753319701
DAI,2020-08-16,1.01239709731776,1.01353546105899,1.00759579479447,1.00815206409918,992981.466294687,982392.203217629,0.992981466294687
DAI,2020-08-17,1.00815206409918,1.0130625335574,1.00390361613811,1.00740639728279,2104030.33460164,2083733.70133069,2.1040303346016396
DAI,2020-08-18,1.00740639728279,1.00984649495548,1.00251629685892,1.00798232156067,1771419.03394863,1760578.09691628,1.77141903394863
DAI,2020-08-19,1.00798232156067,1.01100349246424,1.00249369843909,1.00462800609091,2194203.83774037,2181045.08273042,2.19420383774037
DAI,2020-08-20,1.00462800609091,1.00901905991987,1.00322877181836,1.00513718823251,1818942.31999122,1807593.24993442,1.81894231999122
DAI,2020-08-21,1.00513718823251,1.01032163923403,1.00403487724263,1.00661168227851,2073583.00492728,2058251.62337909,2.07358300492728
DAI,2020-08-22,1.00661168227851,1.00970571030397,1.00336192616877,1.00453678681648,2333014.73243028,2318476.48533898,2.3330147324302803
DAI,2020-08-23,1.00453678681648,1.00909302469304,1.00411818765151,1.00770908868923,1389942.31615822,1380872.67267629,1.3899423161582198
DAI,2020-08-24,1.00770908868923,1.02537129829345,1.0045985554083,1.0172474906935,3024184.73895738,2979749.91381,3.02418473895738
DAI,2020-08-25,1.0172474906935,1.01881268337202,1.01122536432998,1.01664110053252,4140359.66517904,4077993.49870908,4.14035966517904
DAI,2020-08-26,1.01664110053252,1.01709223681292,1.00913480797652,1.01448635752768,1757668.25918818,1733729.62619139,1.75766825918818
DAI,2020-08-27,1.01448635752768,1.01984197658454,1.01108283539277,1.01200213489212,1468890.78041664,1446821.70943482,1.46889078041664
DAI,2020-08-28,1.01200213489212,1.01868792284072,1.00789345393805,1.01411595803914,1316429.06341108,1299833.0578504,1.31642906341108
DAI,2020-08-29,1.01411595803914,1.01842595952951,1.01067320260201,1.013456232107,1518208.66079241,1496541.18809783,1.51820866079241
DAI,2020-08-30,1.013456232107,1.02199196614726,1.00722474309078,1.01543712452242,2814783.9383061,2770367.64439676,2.8147839383061
DAI,2020-08-31,1.01543712452242,1.02287871270475,1.00483581464018,1.01616729486418,1894165.93670265,1866966.26276943,1.89416593670265
DAI,2020-09-01,1.01616729486418,1.02864109763344,1.01150395364823,1.01350097858512,3910866.29363484,3845617.6358321,3.91086629363484
DAI,2020-09-02,1.01350097858512,1.01893846832763,0.987795118927154,1.0073026241594,1451859.55962005,1436297.75001153,1.45185955962005
DAI,2020-09-03,1.0073026241594,1.01539177736063,0.994662180442264,1.00907580780983,1509158.11990599,1498213.18617557,1.50915811990599
DAI,2020-09-04,1.00907580780983,1.02712762008086,1.00642586065363,1.02070395465627,1434197.36082701,1412543.03438395,1.43419736082701
DAI,2020-09-05,1.02070395465627,1.03077265475075,0.998053218707267,1.01662551944317,2320442.25501647,2281393.44322801,2.32044225501647
DAI,2020-09-06,1.01662551944317,1.02557569294543,1.00893574764594,1.01864706974183,1044670.8019652,1026930.09110971,1.0446708019652
DAI,2020-09-07,1.01864706974183,1.03155446289999,1.01398977882472,1.02923379367136,1111250.74370363,1088274.12943241,1.11125074370363
DAI,2020-09-08,1.02923379367136,1.03164675284351,1.0196950310296,1.023865567422,1357553.5144032,1322895.05940746,1.3575535144032
DAI,2020-09-09,1.023865567422,1.04144758512229,1.01520274742384,1.03063206017398,1298529.47036656,1267599.84358706,1.29852947036656
DAI,2020-09-10,1.03063206017398,1.04122911312923,1.02461121531724,1.03428666872387,1494610.29914154,1450309.22477122,1.49461029914154
DAI,2020-09-11,1.03428666872387,1.04557233196843,1.02696602273871,1.03796829143722,947181.273364011,914951.908978564,0.9471812733640109
DAI,2020-09-12,1.03796829143722,1.04361813732481,1.02218915002061,1.02946967727433,968840.560987409,937182.747402925,0.968840560987409
DAI,2020-09-13,1.02946967727433,1.0337182451751,1.01330777024014,1.02282162710336,906859.609210011,885509.194676128,0.906859609210011
DAI,2020-09-14,1.02282162710336,1.07038374006134,1.016877507997,1.04012248461796,2571056.52424266,2468320.03755565,2.57105652424266
DAI,2020-09-15,1.04012248461796,1.04862523595818,1.00957563050391,1.0184132471158,2363898.15976508,2301575.0895696,2.36389815976508
DAI,2020-09-16,1.0184132471158,1.02932280608791,1.00597499498925,1.01565286531522,1630902.31086916,1604306.02519157,1.63090231086916
DAI,2020-09-17,1.01565286531522,1.03070734810563,1.00279199577714,1.02376472893004,1701839.74519562,1670369.99212616,1.70183974519562
DAI,2020-09-18,1.02376472893004,1.03686383175762,1.01371265821946,1.03426684033045,1151829.73800194,1125360.19918239,1.15182973800194
DAI,2020-09-19,1.03426684033045,1.03771450617677,1.00609841349138,1.01273275826355,1032341.48927366,1016416.35766027,1.03234148927366
DAI,2020-09-20,1.01273275826355,1.0183858061536,1.00603908613824,1.0127316153909,926982.963463145,915756.936456223,0.9269829634631449
DAI,2020-09-21,1.0127316153909,1.01928385423601,1.00351919553538,1.01003056526604,1267650.04196284,1254001.3333949,1.2676500419628398
DAI,2020-09-22,1.01003056526604,1.02247726190813,1.00380035611455,1.01559089690661,712315.042169597,703506.070356673,0.712315042169597
DAI,2020-09-23,1.01559089690661,1.02004755935375,1.00336569941125,1.01251401829211,1134985.62613891,1122496.16019924,1.13498562613891
DAI,2020-09-24,1.01251401829211,1.02103418054414,1.00494175861032,1.01348184502249,821129.46456854,810920.981589739,0.82112946456854
DAI,2020-09-25,1.01348184502249,1.03700069849561,1.00609245173771,1.01328602289598,668462.488000315,657731.400804034,0.668462488000315
DAI,2020-09-26,1.01328602289598,1.01895661622495,1.00423673893483,1.0115372280927,715773.718497625,707867.420263174,0.715773718497625
DAI,2020-09-27,1.0115372280927,1.0192913549904,1.00385127629606,1.01638084148605,446027.010130445,440444.287289232,0.446027010130445
DAI,2020-09-28,1.01638084148605,1.02194472984928,1.00373713419915,1.02003594941921,1121149.58243667,1105318.43048656,1.1211495824366702
DAI,2020-09-29,1.02003594941921,1.02003594941921,1.0030847729172,1.01344379830251,562626.103237074,556389.212880851,0.562626103237074
DAI,2020-09-30,1.01344379830251,1.01726675356103,1.00351280698551,1.0105434142833,668954.802449535,661752.537288388,0.668954802449535
DAI,2020-10-01,1.0105434142833,1.01876647259986,1.00137840817846,1.01449075439668,671513.8378214,664414.617230258,0.6715138378214001
DAI,2020-10-02,1.01449075439668,1.01917802556815,1.0019961321828,1.01030645737499,695045.450623629,687720.373872695,0.695045450623629
DAI,2020-10-03,1.01030645737499,1.01910006967195,1.00387250902166,1.01184487724238,250041.723443793,247191.219232257,0.250041723443793
DAI,2020-10-04,1.01184487724238,1.01783710686769,1.00481768266279,1.01240662084369,329099.392509133,325640.442303182,0.32909939250913295
DAI,2020-10-05,1.01240662084369,1.01925880303025,1.00547899046268,1.00703958988309,291258.405289313,287867.90996592,0.291258405289313
DAI,2020-10-06,1.00703958988309,1.0159658379099,1.00549184290344,1.00773575162686,513559.195689569,507868.938333999,0.513559195689569
DAI,2020-10-07,1.00773575162686,1.0175118244571,1.00551039304476,1.00920496383758,533232.836283332,527651.321509213,0.533232836283332
DAI,2020-10-08,1.00920496383758,1.01545482833705,1.00345516453666,1.01272154625876,663375.590159446,658359.013106201,0.663375590159446
DAI,2020-10-09,1.01272154625876,1.01780896656106,1.006015090738,1.01227069033988,341025.874273808,337316.68479327,0.341025874273808
DAI,2020-10-10,1.01227069033988,1.01605658532889,1.00397869861187,1.01085463339405,417969.290716156,414151.811991821,0.417969290716156
DAI,2020-10-11,1.01085463339405,1.01682824341029,1.00548589646954,1.01195907561858,299092.29126325,295665.4656638,0.29909229126325
DAI,2020-10-12,1.01195907561858,1.01781671111902,1.00306680147719,1.00793255299575,887286.655591031,880776.256428895,0.8872866555910309
DAI,2020-10-13,1.00793255299575,1.01298768521834,1.00586250236602,1.01054743471901,1312273.06543485,1298802.86268732,1.31227306543485
DAI,2020-10-14,1.01054743471901,1.01277901954106,1.0080624149414,1.00970717511021,1600503.49404912,1585445.79396256,1.60050349404912
DAI,2020-10-15,1.00970717511021,1.01164053250907,1.00806029968261,1.00954426413703,1927715.53397488,1908553.78820729,1.92771553397488
DAI,2020-10-16,1.00954426413703,1.01152637526052,1.00700926589711,1.009501063642,2008855.7944447,1991033.88081103,2.0088557944447
DAI,2020-10-17,1.009501063642,1.01154628722366,1.00630889861282,1.00654186999176,2680339.18369221,2659686.06722463,2.68033918369221
DAI,2020-10-18,1.00654186999176,1.00991232259306,1.00583595973839,1.00912813946109,3670291.0887036,3640494.79606936,3.6702910887036
DAI,2020-10-19,1.00912813946109,1.01712806189926,1.00292374490245,1.00849105226127,2557465.38368824,2534957.60038375,2.55746538368824
DAI,2020-10-20,1.00849105226127,1.01653915076401,1.00082975810591,1.00375556917297,4731541.44242661,4707605.31417492,4.73154144242661
DAI,2020-10-21,1.00375556917297,1.01053196294953,1.00160234807521,1.00719240101007,6012128.4633505,5972222.22961607,6.0121284633505
DAI,2020-10-22,1.00719240101007,1.00943056243548,1.00363011846919,1.00666475988718,6753480.61197293,6715839.95947845,6.75348061197293
DAI,2020-10-23,1.00666475988718,1.00755040878736,1.00215652048501,1.00509911364079,4487251.43185632,4459928.75558715,4.48725143185632
DAI,2020-10-24,1.00509911364079,1.00820225957726,1.00062856551255,1.00370126738784,5313362.55772987,5286887.20633471,5.31336255772987
DAI,2020-10-25,1.00370126738784,1.00595734465018,1.0004036408754,1.00432741502369,5343169.42771365,5323938.52381409,5.34316942771365
DAI,2020-10-26,1.00432741502369,1.00566721187806,0.999470977275668,1.00203704310523,6912588.92846298,6893962.81770321,6.912588928462981
DAI,2020-10-27,1.00203704310523,1.00879112797141,1.00055656154649,1.00278252325634,6683987.74964613,6652184.99521543,6.68398774964613
DAI,2020-10-28,1.00278252325634,1.00725036853169,1.00136833616807,1.00365512247976,8238288.05960273,8208415.83893043,8.23828805960273
DAI,2020-10-29,1.00365512247976,1.00488971710359,1.00027647308765,1.00195570291679,5894088.30400278,5879133.09822545,5.894088304002779
DAI,2020-10-30,1.00195570291679,1.00359579175895,1.00020356441713,1.00220651233824,5135037.61061423,5124214.47520165,5.13503761061423
DAI,2020-10-31,1.00220651233824,1.00360111372399,0.999544127458362,1.00156210086545,5685677.2786519,5676103.92726064,5.6856772786519
DAI,2020-11-01,1.00156210086545,1.00264502389442,0.999545664099924,1.00237693488637,5499844.88920967,5492042.23079462,5.49984488920967
DAI,2020-11-02,1.00237693488637,1.0038026777743,1.0001169352192,1.00159604007744,5961326.07220585,5950550.25217968,5.96132607220585
DAI,2020-11-03,1.00159604007744,1.01129627320391,0.999995643676193,1.00809097429652,6352196.06893001,6314540.74837282,6.35219606893001
DAI,2020-11-04,1.00809097429652,1.00861076499943,1.00265499240291,1.00615256003178,5971568.62400369,5940960.4960721,5.97156862400369
DAI,2020-11-05,1.00615256003178,1.0095421667801,1.00166426232037,1.00452720757045,5710818.24173601,5678209.1639074,5.71081824173601
DAI,2020-11-06,1.00452720757045,1.0098601697718,1.00255780283099,1.00604410259938,4920467.79111065,4893964.43682108,4.920467791110649
DAI,2020-11-07,1.00604410259938,1.01079867017987,1.00525810930731,1.00933906482317,3344027.92615546,3319736.24513226,3.34402792615546
DAI,2020-11-08,1.00933906482317,1.01184679953848,1.0049733131618,1.00749221903839,3192257.87159801,3168508.37200122,3.19225787159801
DAI,2020-11-09,1.00749221903839,1.0086749548408,1.00479998521128,1.00571794570439,5960022.95944329,5918760.91768387,5.96002295944329
DAI,2020-11-10,1.00571794570439,1.00770782133393,1.00451528609134,1.00570386040818,4062996.13851028,4037118.23223718,4.06299613851028
DAI,2020-11-11,1.00570386040818,1.00879320158844,1.0028962658679,1.00444452907408,2568530.17976442,2555410.06878315,2.5685301797644198
DAI,2020-11-12,1.00444452907408,1.00534887220128,1.00117737577782,1.00155215524851,5612141.0594083,5594274.45310809,5.6121410594083
DAI,2020-11-13,1.00155215524851,1.00434940023879,0.999644942177944,1.00078160253735,4879778.88306315,4867640.07443498,4.87977888306315
DAI,2020-11-14,1.00078160253735,1.00175063337693,0.994015699188809,0.997539066958381,4025632.82862848,4035767.0752289,4.02563282862848
DAI,2020-11-15,0.997539066958381,0.999101762466062,0.993991970574493,0.996203384195476,4824356.7231347,4839646.97271554,4.8243567231347
DAI,2020-11-16,0.996203384195476,1.00110041031013,0.995129442174723,0.998666845438927,7592660.42088578,7607364.5993507,7.59266042088578
DAI,2020-11-17,0.998666845438927,1.00453887434481,0.997841138200331,0.999531259475057,4840640.14198434,4843196.69314451,4.8406401419843395
DAI,2020-11-18,0.999531259475057,1.02668207129232,0.992010910466941,0.993150414333967,5913658.00921745,5939107.04076974,5.913658009217451
DAI,2020-11-19,0.993150414333967,1.00723992284101,0.991768951543519,1.00070266908566,6148722.64430082,6168707.24075057,6.14872264430082
DAI,2020-11-20,1.00070266908566,1.00575114969704,0.998306958958033,0.999843979763084,6909961.54555404,6899371.32892302,6.90996154555404
DAI,2020-11-21,0.999843979763084,1.00259797217156,0.997469509235402,0.998773631104893,4816773.92126342,4815691.13336486,4.81677392126342
DAI,2020-11-22,0.998773631104893,1.00353981524262,0.997031311112212,0.999347780712183,5381204.47260094,5384721.10393604,5.38120447260094
DAI,2020-11-23,0.999347780712183,1.00237875982801,0.997650280546981,0.999398701093874,5330694.20308687,5332728.2440758,5.330694203086869
DAI,2020-11-24,0.999398701093874,1.00435873056091,0.997130587693184,0.997498310281911,5701271.62819986,5702966.07632338,5.70127162819986
DAI,2020-11-25,0.997498310281911,1.00076473196113,0.99688701283464,0.998172587746576,7111445.92294712,7117526.1435468,7.11144592294712
DAI,2020-11-26,0.998172587746576,1.02145905550238,0.996337192863096,1.00535961019919,9779738.30804561,9691247.77682654,9.77973830804561
DAI,2020-11-27,1.00535961019919,1.00697144481243,1.00151858873264,1.00365983390451,5310401.89083976,5287511.26631045,5.31040189083976
DAI,2020-11-28,1.00365983390451,1.00672630553123,1.00243651909327,1.00434051154524,4621386.23635215,4601864.81226475,4.6213862363521505
DAI,2020-11-29,1.00434051154524,1.00525545790954,1.00269941688365,1.00473534530857,4424926.84408097,4406987.48667451,4.42492684408097
DAI,2020-11-30,1.00473534530857,1.00739326582172,1.00274088280865,1.00623628724732,5698394.16159616,5670483.08510987,5.69839416159616
DAI,2020-12-01,1.00623628724732,1.00916587454784,1.00223216964408,1.00495974176232,5344597.40574672,5315923.26139146,5.34459740574672
DAI,2020-12-02,1.00495974176232,1.00712511698745,1.00020251423533,1.00382595442083,7005062.04624749,6976124.2909486,7.00506204624749
DAI,2020-12-03,1.00382595442083,1.0058017255159,1.00133332343751,1.00424382722867,4980419.27363155,4961383.09259374,4.980419273631551
DAI,2020-12-04,1.00424382722867,1.00562652852201,1.00061060394164,1.00422255741277,6524738.3630005,6501154.85301894,6.5247383630005
DAI,2020-12-05,1.00422255741277,1.0060445477132,1.00190361701245,1.00507171458153,5658095.17673839,5633751.15456015,5.65809517673839
DAI,2020-12-06,1.00507171458153,1.00614026363589,1.00259017155413,1.00553713827601,4448646.0114125,4427586.04452452,4.4486460114125
DAI,2020-12-07,1.00553713827601,1.00662474586343,1.00309817810762,1.00542709745805,3823933.82671695,3805075.26139967,3.8239338267169503
DAI,2020-12-08,1.00542709745805,1.00863816458831,1.00206402382416,1.0057480028314,5721702.89144064,5694312.29679315,5.72170289144064
DAI,2020-12-09,1.0057480028314,1.00795083117566,1.00301945740509,1.00324844515865,5035936.50565699,5009262.63680623,5.0359365056569905
DAI,2020-12-10,1.00324844515865,1.00574019593651,1.00236735970189,1.00468542689615,4538198.24667006,4520198.27559881,4.53819824667006
DAI,2020-12-11,1.00468542689615,1.00618485762973,1.0019698467654,1.0039673823112,3175654.5243352,3161525.72829468,3.1756545243352
DAI,2020-12-12,1.0039673823112,1.00717164044595,1.00079896076831,1.00370640931155,1527543.36608092,1520740.65007109,1.52754336608092
DAI,2020-12-13,1.00370640931155,1.00613595810705,1.0012600531218,1.00239941031122,1174331.08341468,1170168.27030079,1.17433108341468
DAI,2020-12-14,1.00239941031122,1.00535657455487,1.00048918076128,1.00227013405614,3964748.67751469,3954140.04618944,3.96474867751469
DAI,2020-12-15,1.00227013405614,1.00479865474399,0.998225462323149,1.00329024539534,5507656.76652177,5494283.10721757,5.5076567665217695
DAI,2020-12-16,1.00329024539534,1.00562437316556,0.99803445947228,1.00162100922188,5572162.76442345,5555095.35464539,5.57216276442345
DAI,2020-12-17,1.00162100922188,1.00427917934872,0.998942849912366,1.00156802743226,7993329.89408778,7982055.20173582,7.99332989408778
DAI,2020-12-18,1.00156802743226,1.00435568431699,0.999031141576727,1.00356643007192,5308216.5308446,5296365.52898431,5.3082165308446
DAI,2020-12-19,1.00356643007192,1.00468684801777,1.00090074867926,1.00150788115917,5558351.54601733,5542945.22026622,5.55835154601733
DAI,2020-12-20,1.00150788115917,1.00366297632784,0.997449108386616,1.00111117438649,4126316.32716394,4119875.02569581,4.12631632716394
DAI,2020-12-21,1.00111117438649,1.00323646460935,0.996913489025848,1.00144924385658,7734921.95918487,7713594.18376682,7.73492195918487
DAI,2020-12-22,1.00144924385658,1.00346816743865,0.99821986809871,1.00242529242909,5315511.66292108,5308887.22443628,5.315511662921081
DAI,2020-12-23,1.00242529242909,1.00337509327021,0.999689845499321,1.00121412583969,5833647.92716996,5823356.98955658,5.83364792716996
DAI,2020-12-24,1.00121412583969,1.00419990469555,1.00030927803614,1.00385308933077,6771196.35953392,6754634.88646864,6.77119635953392
DAI,2020-12-25,1.00385308933077,1.00525138601131,1.00087563904005,1.00463013254913,6117055.51305821,6098702.08030673,6.11705551305821
DAI,2020-12-26,1.00463013254913,1.00463013254913,1.00064703064202,1.00188172822843,6765151.67456417,6745283.23857658,6.765151674564169
DAI,2020-12-27,1.00188172822843,1.0041284356798,0.999040544573274,1.00391290388123,9922692.48871032,9902996.6568882,9.92269248871032
DAI,2020-12-28,1.00391290388123,1.00503662707948,1.00068468894274,1.00324609746952,12790341.1020337,12750680.4964658,12.7903411020337
DAI,2020-12-29,1.00324609746952,1.0047764270119,1.00112063659266,1.0034695678136,10670379.1006542,10637381.9439002,10.6703791006542
DAI,2020-12-30,1.0034695678136,1.00681537796024,1.00096160624781,1.00413964884426,9622123.63051845,9586056.33675843,9.62212363051845
DAI,2020-12-31,1.00413964884426,1.00910543391393,0.999842186772868,1.00372844862678,11561722.3959192,11511768.3112729,11.5617223959192
DAI,2021-01-01,1.00372844862678,1.00902876828483,1.00007468097442,1.00634663983002,10216782.9158583,10164945.0595145,10.2167829158583
DAI,2021-01-02,1.00634663983002,1.00765721963098,0.997959592191575,0.999686370538036,14356134.9667014,14317712.1582327,14.356134966701399
DAI,2021-01-03,0.999686370538036,1.00733227283808,0.9974078318758,1.00249872993699,15705445.2878858,15671600.986817,15.7054452878858
DAI,2021-01-04,1.00249872993699,1.00704702391274,0.998265037595879,1.00066138285674,17371868.7693052,17344005.7087832,17.3718687693052
DAI,2021-01-05,1.00066138285674,1.00407526014357,0.998833573309466,1.00123897840647,14404465.5501868,14386447.9125187,14.4044655501868
DAI,2021-01-06,1.00123897840647,1.00414261058239,0.996700944904125,1.00158085441315,15995612.5521503,15976983.5279769,15.9956125521503
DAI,2021-01-07,1.00158085441315,1.00337186436243,0.997425915204706,1.0003958744504,15876622.7041824,15862940.3057064,15.876622704182399
DAI,2021-01-08,1.0003958744504,1.00277120873181,0.997101242225957,1.0006667503599,14203320.7670398,14202942.4871364,14.2033207670398
DAI,2021-01-09,1.0006667503599,1.00388505937738,0.997811732631883,1.00029879768839,12349743.0059988,12340212.3522011,12.3497430059988
DAI,2021-01-10,1.00029879768839,1.00442671142069,0.997872855092733,0.999487896845707,12994657.6213137,12981799.4663977,12.994657621313701
DAI,2021-01-11,0.999487896845707,1.00448372390629,0.996950796775073,1.00083093771098,29927937.8741241,29896388.8302,29.927937874124098
DAI,2021-01-12,1.00083093771098,1.00302016433527,0.997693747208005,1.00049925905547,16358307.9279517,16348854.5334806,16.3583079279517
DAI,2021-01-13,1.00049925905547,1.00665616025179,0.998560855407732,0.999311200285781,12579745.6614991,12564728.8215296,12.5797456614991
DAI,2021-01-14,0.999311200285781,1.00709771075697,0.99734348661579,1.00193511177259,10769372.6710611,10742201.8518795,10.7693726710611
DAI,2021-01-15,1.00193511177259,1.00573610248771,0.996694112810241,0.998607133304635,9620346.41260042,9607259.0583276,9.620346412600421
DAI,2021-01-16,0.998607133304635,1.00364441270589,0.998307699829431,1.00131210967817,5879281.17144113,5870108.45887499,5.87928117144113
DAI,2021-01-17,1.00131210967817,1.0038979706299,0.998448730975276,1.00032373050885,5507438.2422952,5500278.55081496,5.5074382422952
DAI,2021-01-18,1.00032373050885,1.00463624709288,0.998192319013893,1.00340066644028,5196983.65872836,5189472.79725801,5.19698365872836
DAI,2021-01-19,1.00340066644028,1.00595322091564,0.997174449347338,0.999454243796887,8500260.8408681,8495991.96285452,8.500260840868101
DAI,2021-01-20,0.999454243796887,1.00326058082708,0.997590093615925,1.00237628188535,5706893.29008268,5702635.59901515,5.70689329008268
DAI,2021-01-21,1.00237628188535,1.00391003674633,0.996937716283801,1.001787260148,8153697.38851813,8146523.02470927,8.15369738851813
DAI,2021-01-22,1.001787260148,1.00353178453632,0.998956553405238,1.00134993957352,5562725.60657619,5557211.53584114,5.5627256065761905
DAI,2021-01-23,1.00134993957352,1.00695612806122,0.997900494019341,1.0023726882218,4546875.86875092,4536458.97537293,4.546875868750919
DAI,2021-01-24,1.0023726882218,1.0068201022486,0.999358874028194,1.00446968325961,4217922.31179682,4206521.96161189,4.21792231179682
DAI,2021-01-25,1.00446968325961,1.0056431341022,0.996970601367847,1.00097629358392,5669961.34361429,5662090.3365781,5.66996134361429
DAI,2021-01-26,1.00097629358392,1.00477640189277,0.997943997368971,0.99973912830753,5412053.16042163,5403111.67751375,5.41205316042163
DAI,2021-01-27,0.99973912830753,1.00427051781367,0.997817665277786,1.0011775942252,7193363.26194361,7183978.24313924,7.1933632619436105
DAI,2021-01-28,1.0011775942252,1.00278091984358,0.998817904109858,1.00250949319981,6327322.96851174,6319025.62502711,6.32732296851174
DAI,2021-01-29,1.00250949319981,1.00294760217431,0.998357679292602,1.00018958458848,8034615.90124803,8027078.31765081,8.03461590124803
DAI,2021-01-30,1.00018958458848,1.00480676014063,0.998193432674068,0.999170890703469,3774171.35497938,3773383.25874385,3.77417135497938
DAI,2021-01-31,0.999170890703469,1.0028893496368,0.997697245055625,1.00131864436148,4740631.67467545,4739070.85665335,4.740631674675449
DAI,2021-02-01,1.00131864436148,1.00444743492524,0.997705738950608,1.00316699704634,5041051.01479672,5036760.90870897,5.04105101479672
DAI,2021-02-02,1.00316699704634,1.00567000296841,0.998089414650434,1.00053768613864,5810483.07974332,5800915.91680817,5.81048307974332
DAI,2021-02-03,1.00053768613864,1.00511300921182,0.997457319209931,1.00116259075665,5440517.15032893,5433464.13727937,5.44051715032893
DAI,2021-02-04,1.00116259075665,1.00289549205046,0.996752210244717,1.00087853987532,5279850.59393509,5275895.12676122,5.27985059393509
DAI,2021-02-05,1.00087853987532,1.00507561640173,0.99818107043915,0.999320821906929,5862214.1118757,5855033.16997792,5.8622141118757
DAI,2021-02-06,0.999320821906929,1.00706170720868,0.999320821906929,1.00044301525399,5413920.07499344,5402611.1808205,5.41392007499344
DAI,2021-02-07,1.00044301525399,1.00311681306232,0.999294777092321,1.00119405262928,5016002.72898138,5009973.0425399,5.01600272898138
DAI,2021-02-08,1.00119405262928,1.00536881986158,0.999075946305708,1.00151092785944,9500185.15127759,9481408.25692939,9.50018515127759
DAI,2021-02-09,1.00151092785944,1.00372327510816,0.997833383942971,1.0000754366621,21292333.2344289,21280409.6231362,21.292333234428902
DAI,2021-02-10,1.0000754366621,1.00441194038404,0.998889826178911,1.00063583107599,7801095.62646465,7792231.16578212,7.80109562646465
DAI,2021-02-11,1.00063583107599,1.00532338138923,0.998721170888773,1.00038455286363,7843540.99968165,7836042.3908625,7.843540999681649
DAI,2021-02-12,1.00038455286363,1.00338089946945,0.999001217131385,1.0007289132987,6275199.49771686,6269686.35325604,6.2751994977168595
DAI,2021-02-13,1.0007289132987,1.00362045158454,0.999513456919198,1.00054744576198,4412361.79750255,4405027.09464668,4.41236179750255
DAI,2021-02-14,1.00054744576198,1.00341506859856,0.999125582612721,1.00077731748851,5639870.37408616,5632133.95668077,5.63987037408616
DAI,2021-02-15,1.00077731748851,1.00321929090528,0.999607507106416,1.00103717479205,8319537.40368677,8306855.05845896,8.31953740368677
DAI,2021-02-16,1.00103717479205,1.00268236963172,0.999070915512076,1.0018742360058,5272904.10330964,5268137.74015445,5.2729041033096395
DAI,2021-02-17,1.0018742360058,1.00431159804605,0.998985899794387,1.00111871631156,7485279.34196184,7471762.72405793,7.48527934196184
DAI,2021-02-18,1.00111871631156,1.00417425471079,0.999444129462539,1.00086291501036,8476895.08479501,8463696.24316122,8.476895084795009
DAI,2021-02-19,1.00086291501036,1.00263150432363,0.999460579368309,1.00036015809232,8319055.50688912,8312265.29499787,8.31905550688912
DAI,2021-02-20,1.00036015809232,1.00235431635812,0.998560004072761,1.00019039471984,10084220.2129709,10080490.835256,10.0842202129709
DAI,2021-02-21,1.00019039471984,1.00284074538888,0.998771876368273,1.00080255495093,6499523.19406769,6497611.08444264,6.49952319406769
DAI,2021-02-22,1.00080255495093,1.00211891386584,0.998765529325363,1.00004142945492,16594981.1612181,16653471.5670671,16.5949811612181
DAI,2021-02-23,1.00004142945492,1.0152214907522,0.997997479559262,1.00049551096276,26361964.3205009,26305405.8671445,26.3619643205009
DAI,2021-02-24,1.00049551096276,1.00366139452549,0.999043569221757,1.00061279535488,10213667.6275205,10206204.8908387,10.2136676275205
DAI,2021-02-25,1.00061279535488,1.00386932669507,0.997934730285104,1.00177432547733,10167029.631442,10158125.2444127,10.167029631441999
DAI,2021-02-26,1.00177432547733,1.00267040781422,0.998278294473165,1.00159428563459,10037352.8186098,10032297.6000639,10.0373528186098
DAI,2021-02-27,1.00159428563459,1.00346265454345,1.00018844764346,1.00219875380673,7173761.93900018,7162495.38969551,7.17376193900018
DAI,2021-02-28,1.00219875380673,1.01259611853816,0.99759751678003,1.00332843349482,13934737.7335848,13888255.0704903,13.9347377335848
DAI,2021-03-01,1.00332843349482,1.00453288257842,0.998665622206999,1.00039659191424,10561541.7056219,10544193.0596171,10.5615417056219
DAI,2021-03-02,1.00039659191424,1.0037782944351,0.999194101200766,1.00111896640601,7276399.76890736,7265380.82058012,7.27639976890736
DAI,2021-03-03,1.00111896640601,1.00379685536166,0.998295915861543,1.00197928794261,7205860.22074451,7194305.98646558,7.20586022074451
DAI,2021-03-04,1.00197928794261,1.00373755834407,0.99950648141552,1.00162458686974,7669803.85826954,7655814.93417553,7.66980385826954
DAI,2021-03-05,1.00162458686974,1.00474529592795,0.999544095646161,1.00250160265683,8183009.83121986,8165300.08406049,8.183009831219861
DAI,2021-03-06,1.00250160265683,1.00336005597716,0.999889802515177,1.00042604214851,5992653.00947879,5982743.44612833,5.99265300947879
DAI,2021-03-07,1.00042604214851,1.00235048375474,0.999005116152659,1.00130527920266,5031170.84015518,5027811.05798404,5.03117084015518
DAI,2021-03-08,1.00130527920266,1.00269443053444,0.998730512984901,1.00101922380618,5859960.73198306,5856142.09884888,5.85996073198306
DAI,2021-03-09,1.00101922380618,1.00470997713456,0.999169305889149,1.00197833490841,7879894.49537885,7867751.52851061,7.87989449537885
DAI,2021-03-10,1.00197833490841,1.00357933821639,0.998559368827077,1.0020581617434,8557575.77712895,8545416.80496261,8.55757577712895
DAI,2021-03-11,1.0020581617434,1.00335835657557,0.998532420377147,1.00074008072052,9754510.08851675,9745381.95676499,9.75451008851675
DAI,2021-03-12,1.00074008072052,1.00369830420205,0.999372733128778,1.00114587165694,6110402.05046867,6102952.30479329,6.11040205046867
DAI,2021-03-13,1.00114587165694,1.00485206955695,0.999944276463771,1.0007026926581,6126956.79319305,6114580.7286773,6.12695679319305
DAI,2021-03-14,1.0007026926581,1.00250081641298,0.998508407352133,1.00073055597771,7298464.38737467,7295514.62224449,7.29846438737467
DAI,2021-03-15,1.00073055597771,1.0039694274205,1.00003288845499,1.00242730066012,8819055.98503303,8803466.05225064,8.81905598503303
DAI,2021-03-16,1.00242730066012,1.00382356511786,1.00066822262883,1.00123797473115,8393832.16378648,8376805.5521853,8.393832163786481
DAI,2021-03-17,1.00123797473115,1.00533930700855,0.998853635384979,1.00065231337132,7685044.52210818,7674877.88340897,7.68504452210818
DAI,2021-03-18,1.00065231337132,1.00399729359177,0.999492982212707,1.00132537238341,6594198.73145742,6584180.67108159,6.5941987314574195
DAI,2021-03-19,1.00132537238341,1.00286442631597,0.99978902609391,1.0014147155134,5363125.56721075,5355540.86660569,5.36312556721075
DAI,2021-03-20,1.0014147155134,1.00332827906777,0.999902080662064,1.00031851868353,4652140.87314329,4644193.47825132,4.65214087314329
DAI,2021-03-21,1.00031851868353,1.00263795043993,0.999054466862646,1.00037916838717,4561420.14643992,4556243.7331843,4.56142014643992
DAI,2021-03-22,1.00037916838717,1.00583218920723,0.997613751429751,1.00036841294621,4442823.45628027,4436154.42882887,4.442823456280269
DAI,2021-03-23,1.00036841294621,1.00373142078594,0.999172112013138,1.00108122161256,4834530.64130552,4827450.86293674,4.83453064130552
DAI,2021-03-24,1.00108122161256,1.00335684120316,0.999740365817877,1.00042110103421,5523837.10091227,5516851.09680801,5.52383710091227
DAI,2021-03-25,1.00042110103421,1.00248831641117,0.99964131455977,1.00114645533515,6504950.73829168,6498219.61702343,6.50495073829168
DAI,2021-03-26,1.00114645533515,1.00329531347141,0.99995962277121,1.00034594263339,4587671.69309796,4581053.78711247,4.587671693097961
DAI,2021-03-27,1.00034594263339,1.00557417179514,0.999882752153424,1.0029168474439,5528821.37168237,5511837.76718759,5.52882137168237
DAI,2021-03-28,1.0029168474439,1.00731068295109,0.999641894973935,1.00088349146165,6370826.78773153,6358930.14228591,6.37082678773153
DAI,2021-03-29,1.00088349146165,1.00291700778706,0.998802385798928,1.00127978752549,7411674.61360339,7402990.27002642,7.41167461360339
DAI,2021-03-30,1.00127978752549,1.00321191404376,0.999215583835969,1.00229422736222,6422733.49481088,6413658.19345181,6.42273349481088
DAI,2021-03-31,1.00229422736222,1.00429786977747,0.998781564063855,1.00079425217645,7076682.90174903,7069551.38751038,7.07668290174903
DAI,2021-04-01,1.00079425217645,1.00130696960289,0.999065078705027,1.00005271438998,8609465.79357125,8609142.16460161,8.60946579357125
DAI,2021-04-02,1.00005271438998,1.00168808361454,0.998812804569627,1.00072476771895,9406357.12547043,9403176.24993116,9.40635712547043
DAI,2021-04-03,1.00072476771895,1.00120668856753,0.999226885636026,1.00026637901789,10684063.7571257,10684399.2143762,10.6840637571257
DAI,2021-04-04,1.00026637901789,1.00255751479184,0.999853837397539,1.00123093273821,5241548.36511608,5235125.82696486,5.24154836511608
DAI,2021-04-05,1.00123093273821,1.0039742113507,0.998333645371821,1.00019286801117,8000024.92989108,7990069.61445255,8.00002492989108
DAI,2021-04-06,1.00019286801117,1.00264350413021,0.998202288625637,0.999526322721341,11764216.3667972,11758582.8271953,11.7642163667972
DAI,2021-04-07,0.999526322721341,1.001659076702,0.998392144109798,1.00046985762862,13459091.876902,13459307.3486245,13.459091876901999
DAI,2021-04-08,1.00046985762862,1.00152997166493,0.999029567451877,1.00047780964673,10509941.4869143,10513225.1058209,10.509941486914299
DAI,2021-04-09,1.00047780964673,1.00206745124858,0.998617922301144,0.999624839945082,7312872.07750547,7311969.42022916,7.31287207750547
DAI,2021-04-10,0.999624839945082,1.00155374460176,0.998468194607197,1.0001855897962,7232014.45545482,7229438.94154921,7.23201445545482
DAI,2021-04-11,1.0001855897962,1.00139229901001,0.998954223151501,1.00049792138478,6332504.78590445,6331443.70975394,6.33250478590445
DAI,2021-04-12,1.00049792138478,1.00229299992831,0.998439976810244,0.999655803482522,7097295.82328878,7098702.20757605,7.097295823288779
DAI,2021-04-13,0.999655803482522,1.00081595797644,0.998128960835507,0.999799417241279,13961659.7442848,13964952.000092,13.9616597442848
DAI,2021-04-14,0.999799417241279,1.0016887453092,0.999426066620273,1.00034067057644,12981338.2316036,12976826.3910208,12.9813382316036
DAI,2021-04-15,1.00034067057644,1.00488606412993,0.999042348631879,1.00142326309603,7807964.95249246,7799119.51885862,7.807964952492459
DAI,2021-04-16,1.00142326309603,1.00277224301838,0.988939173752652,1.00083605998807,15351362.2941103,15350311.3736311,15.3513622941103
DAI,2021-04-17,1.00083605998807,1.00231626332115,0.998955518418253,1.00046919983249,7073360.21671273,7068803.45426075,7.07336021671273
DAI,2021-04-18,1.00046919983249,1.02697121966215,0.997181897304081,0.997686999485818,15490954.2879628,15466161.2225281,15.4909542879628
DAI,2021-04-19,0.997686999485818,1.00111594759799,0.984305714048447,0.999399611265903,29556478.1244098,29589593.1088433,29.5564781244098
DAI,2021-04-20,0.999399611265903,1.00256561358913,0.997747069803431,1.00051012653378,11541713.5927269,11523260.8267856,11.5417135927269
DAI,2021-04-21,1.00051012653378,1.00224896635805,0.998260179999289,1.0002463300628,19064207.6849167,19071223.0788963,19.064207684916703
DAI,2021-04-22,1.0002463300628,1.00303214643228,0.997570165803453,1.00042600362314,15161436.9521736,15158165.9551288,15.1614369521736
DAI,2021-04-23,1.00042600362314,1.0019296994812,0.99834069586167,1.00111428834707,17525102.8011541,17517223.9378184,17.525102801154098
DAI,2021-04-24,1.00111428834707,1.0021690392857,0.999246422780668,1.00117099598749,10004514.9352853,10016388.1086448,10.0045149352853
DAI,2021-04-25,1.00117099598749,1.0030865292371,0.998452367632207,1.00069867043512,7350988.37707764,7344007.68551735,7.35098837707764
DAI,2021-04-26,1.00069867043512,1.00268662143473,1.00010914336406,1.00135787089406,11891318.1054135,11879026.220037,11.8913181054135
DAI,2021-04-27,1.00135787089406,1.00297061748797,0.999857661322093,1.00156527855997,7358862.63611289,7348412.8769185,7.358862636112891
DAI,2021-04-28,1.00156527855997,1.00259258786901,0.999741922510143,1.00112642046143,10360800.5948656,10347604.5507465,10.3608005948656
DAI,2021-04-29,1.00112642046143,1.00332129695133,0.99899138561101,0.99992932074943,10419342.389921,10406211.1889284,10.419342389921
DAI,2021-04-30,0.99992932074943,1.00286104468002,0.998863797970137,1.00117662460247,8542022.33038335,8531545.77892569,8.542022330383348
DAI,2021-05-01,1.00117662460247,1.00228712957041,0.999165750804091,0.999797922619943,8319928.10839296,8311126.52916092,8.319928108392961
DAI,2021-05-02,0.999797922619943,1.00275860952825,0.999242000699287,1.00076366812455,5751522.25459579,5746910.68395214,5.75152225459579
DAI,2021-05-03,1.00076366812455,1.00262816601406,0.999689590590055,1.00138968718775,18617070.0179155,18587791.1489487,18.6170700179155
DAI,2021-05-04,1.00138968718775,1.00494060213811,0.999595849326539,1.00093186292175,18125376.4190061,18099822.5694572,18.125376419006102
DAI,2021-05-05,1.00093186292175,1.00320127153962,0.999741108494639,1.00077802950644,12367507.9264026,12345799.9832216,12.3675079264026
DAI,2021-05-06,1.00077802950644,1.00274005843294,1.00004994027631,1.00096888596203,17862502.7925699,17834108.4089376,17.862502792569902
DAI,2021-05-07,1.00096888596203,1.00242101888874,0.995676489291245,1.00094658958298,21939188.366394,21818799.0717053,21.939188366394
DAI,2021-05-08,1.00094658958298,1.00185667532158,0.999932791885609,1.00053756030287,38733168.0000659,38701228.5684314,38.7331680000659
DAI,2021-05-09,1.00053756030287,1.00223678740541,0.999032577733547,1.00120666869368,28393636.5469136,28381711.945253,28.3936365469136
DAI,2021-05-10,1.00120666869368,1.00364290025558,0.99929201363643,1.00111918947171,46438302.7667356,46403412.4826947,46.438302766735596
DAI,2021-05-11,1.00111918947171,1.00171795739148,0.99944759076477,1.00117641274377,30512371.2037843,30491840.1999949,30.512371203784298
DAI,2021-05-12,1.00117641274377,1.00511197507706,0.999243730213496,1.0008799308275,59001057.192749,58943222.7296349,59.001057192749
DAI,2021-05-13,1.0008799308275,1.00277014827797,0.999314075929939,1.00052546551852,69549494.4190467,69504010.6309835,69.5494944190467
DAI,2021-05-14,1.00052546551852,1.00199919763705,0.999808025197783,1.00129086273177,26783193.2299029,26755966.1116336,26.7831932299029
DAI,2021-05-15,1.00129086273177,1.00131899278637,0.99964124447879,1.00005715201848,25309496.2629895,25274143.7842572,25.309496262989498
DAI,2021-05-16,1.00005715201848,1.00266419687956,0.999309085453783,1.00170436316222,34587367.0838223,34551455.9505298,34.5873670838223
DAI,2021-05-17,1.00170436316222,1.00387410330453,0.999337843959866,1.00053039967004,56901550.9405872,56828141.0038122,56.9015509405872
DAI,2021-05-18,1.00053039967004,1.00134291172412,0.998890986619312,1.00036862898739,40539672.9636564,40524522.7185142,40.5396729636564
DAI,2021-05-19,1.00036862898739,1.01175081478721,0.995069943523044,1.0011753036653,153968677.909603,153649705.31733,153.968677909603
DAI,2021-05-20,1.0011753036653,1.00347125018179,1.00022291819855,1.00100002067811,56719021.0060922,56629817.3341447,56.7190210060922
DAI,2021-05-21,1.00100002067811,1.00379019803678,1.00003653604574,1.00250848725243,68622376.4094718,68520088.090106,68.6223764094718
DAI,2021-05-22,1.00250848725243,1.00281017293628,1.00069478047166,1.00182049394499,30790232.6756298,30716642.7817825,30.7902326756298
DAI,2021-05-23,1.00182049394499,1.00635755389415,1.00073454214618,1.0026958839484,90102138.5500779,89825270.2730561,90.1021385500779
DAI,2021-05-24,1.0026958839484,1.00291879343297,1.00016358831865,1.00044239162882,51576184.3882316,51508280.4605248,51.576184388231596
DAI,2021-05-25,1.00044239162882,1.00226485258876,1.00027497166051,1.00069062928877,31343017.7962826,31310642.9028465,31.343017796282602
DAI,2021-05-26,1.00069062928877,1.00215840296166,1.00021908429557,1.00142690440495,25154938.2754396,25134151.2471731,25.1549382754396
DAI,2021-05-27,1.00142690440495,1.00234416001343,1.00023500348553,1.00158653720237,26058788.6725332,26028835.1374976,26.0587886725332
DAI,2021-05-28,1.00158653720237,1.00214313778894,1.00014729018699,1.00047669036692,29540115.8460331,29498440.6585123,29.5401158460331
DAI,2021-05-29,1.00047669036692,1.00202701660444,1.0001849119367,1.00097830006456,17716718.8289763,17698485.3857112,17.7167188289763
DAI,2021-05-30,1.00097830006456,1.002156308343,1.00004720255588,1.00043740380144,21308883.8064635,21285359.509377,21.3088838064635
DAI,2021-05-31,1.00043740380144,1.00226004026866,1.00028344267097,1.00126761690216,14184277.799388,14167709.9193387,14.184277799388001
DAI,2021-06-01,1.00126761690216,1.00178616888767,1.00048711663134,1.00149186601096,21247826.052258,21219562.4414762,21.247826052258
DAI,2021-06-02,1.00149186601096,1.00185846736929,1.00061355158571,1.00081841930713,15226500.1092059,15209706.9777075,15.2265001092059
DAI,2021-06-03,1.00081841930713,1.00231901555692,1.00046500429747,1.00062386974935,17036124.9670876,17019665.7080903,17.036124967087602
DAI,2021-06-04,1.00062386974935,1.00207437216394,1.00022598444984,1.00122476218917,15420565.5820138,15406752.9393638,15.4205655820138
DAI,2021-06-05,1.00122476218917,1.00210315263505,1.00024932624571,1.00117972029351,9240260.19518274,9232445.73846921,9.24026019518274
DAI,2021-06-06,1.00117972029351,1.00217437997773,1.00038048459765,1.00115675153813,8049041.40406937,8010986.77236469,8.049041404069369
DAI,2021-06-07,1.00115675153813,1.00207159587343,1.00021789474578,1.000483672521,12464450.6304354,12453724.9701808,12.4644506304354
DAI,2021-06-08,1.000483672521,1.00301726362314,1.00015115561393,1.00108196904067,22751939.2358581,22709973.9987467,22.751939235858103
DAI,2021-06-09,1.00108196904067,1.00233799078083,1.00025748286102,1.00041720328734,25788303.7041642,25742716.5440465,25.7883037041642
DAI,2021-06-10,1.00041720328734,1.00229454960555,1.00012405985761,1.00036567709155,17545593.7575563,17526584.9199695,17.5455937575563
DAI,2021-06-11,1.00036567709155,1.00324676828606,0.99981733982826,1.00082188880913,11480457.6967624,11468397.2540838,11.4804576967624
DAI,2021-06-12,1.00082188880913,1.00246749811141,1.00042297854178,1.00121284112967,8268870.675518,8259172.68064877,8.268870675518
DAI,2021-06-13,1.00121284112967,1.00171220574845,1.00045709978678,1.00056255985652,11081744.3177683,11072169.2516286,11.0817443177683
DAI,2021-06-14,1.00056255985652,1.0015032465617,0.999983516919726,1.00107271085499,10829329.0865752,10820396.785838,10.829329086575202
DAI,2021-06-15,1.00107271085499,1.00161100026214,1.00002735215278,1.00138382356072,16868372.4438052,16851784.9265595,16.8683724438052
DAI,2021-06-16,1.00138382356072,1.00149542768286,1.00020514388399,1.00140451491474,11685933.1815975,11676319.6024112,11.6859331815975
DAI,2021-06-17,1.00140451491474,1.0015152937847,1.00034385257004,1.00055693370125,14790773.0014934,14775757.9980677,14.7907730014934
DAI,2021-06-18,1.00055693370125,1.00235668745869,1.00032884432116,1.00152862370563,12010584.308386,11997177.1894431,12.010584308385999
DAI,2021-06-19,1.00152862370563,1.00253039742526,1.00036892355091,1.00140076727462,8720213.6497356,8705687.09191092,8.7202136497356
DAI,2021-06-20,1.00140076727462,1.00241767795316,1.0012188897904,1.00151969460307,11577714.3286792,11556688.1866034,11.5777143286792
DAI,2021-06-21,1.00151969460307,1.00466022994058,1.00038197358892,1.00189667472534,28719682.5901669,28643123.4445878,28.7196825901669
DAI,2021-06-22,1.00189667472534,1.0037579768341,1.00098065576084,1.0021789235504,29817504.4673628,29740584.320131,29.8175044673628
DAI,2021-06-23,1.0021789235504,1.00239751192066,1.00027481021387,1.00106549849877,13737819.0379657,13721746.0446809,13.7378190379657
DAI,2021-06-24,1.00106549849877,1.00169799339485,1.00017313793043,1.00042376665444,9579866.3321311,9571422.59216519,9.5798663321311
DAI,2021-06-25,1.00042376665444,1.00132106935117,0.998825088354648,1.00106219915714,12270323.0431565,12265277.9331274,12.2703230431565
DAI,2021-06-26,1.00106219915714,1.00232247553659,1.0002687980621,1.00225870697244,11360050.7733486,11344851.4606321,11.3600507733486
DAI,2021-06-27,1.00225870697244,1.0042158247704,1.00079757768462,1.0026093987122,11366265.6291523,11339660.7690598,11.3662656291523
DAI,2021-06-28,1.0026093987122,1.00261283797991,1.00014479424912,1.00069923553149,14503421.2121932,14466288.3776995,14.503421212193201
DAI,2021-06-29,1.00069923553149,1.00209434083941,1.00018365406355,1.00043077606365,14670555.6354353,14658757.5318568,14.6705556354353
DAI,2021-06-30,1.00043077606365,1.00144348039356,1.00014870045406,1.00126719365226,17465818.6643437,17449423.614081,17.4658186643437
DAI,2021-07-01,1.00126719365226,1.00152281090158,1.00008145828675,1.00008145828675,12155651.2652313,12144954.1267846,12.1556512652313
DAI,2021-07-02,1.00008145828675,1.00124167002049,0.99941503278442,1.00120300755786,8548697.13408624,8543125.97899082,8.54869713408624
DAI,2021-07-03,1.00120300755786,1.00140716403181,1.00024011002784,1.00112697041941,7193116.87862793,7187284.9629737,7.19311687862793
DAI,2021-07-04,1.00112697041941,1.00128742664227,1.00033296761489,1.00040997288331,7370645.1179635,7365445.51930909,7.3706451179635
DAI,2021-07-05,1.00040997288331,1.00117137047616,1.0001335905083,1.00046772811362,9189124.66314636,9183614.99713348,9.18912466314636
DAI,2021-07-06,1.00046772811362,1.00123551559202,0.999762833061122,1.00099167668294,13221564.5045393,13214342.6763564,13.2215645045393
DAI,2021-07-07,1.00099167668294,1.00147900854555,1.00002940905499,1.00020790977117,8212555.70620597,8209369.55522242,8.21255570620597
DAI,2021-07-08,1.00020790977117,1.00092319172103,0.999469557329446,0.999910428429106,8683693.40505811,8682873.79823354,8.68369340505811
DAI,2021-07-09,0.999910428429106,1.00066633702449,0.999433027920656,1.00028203996881,8081280.46319873,8079589.9934718,8.08128046319873
DAI,2021-07-10,1.00028203996881,1.00100474786238,0.999395503480339,1.00069394286628,4941750.83691745,4941197.33862402,4.94175083691745
DAI,2021-07-11,1.00069394286628,1.00228574232852,0.999961043726256,1.00082820692625,4806154.48202163,4804399.22987473,4.80615448202163
DAI,2021-07-12,1.00082820692625,1.00183290106353,0.999836129982916,1.00019515085243,7899087.00930505,7895006.28467885,7.89908700930505
DAI,2021-07-13,1.00019515085243,1.00135093796888,0.999988818222989,1.00116837552817,7853218.57353567,7846630.89822563,7.85321857353567
DAI,2021-07-14,1.00116837552817,1.00184911517188,1.00028984238752,1.0006303863863,8839537.99572405,8822699.39599572,8.83953799572405
DAI,2021-07-15,1.0006303863863,1.00240750644718,1.00025337665365,1.00081775037089,10021295.4193705,10009850.4168524,10.0212954193705
DAI,2021-07-16,1.00081775037089,1.0014933652407,1.00018632614759,1.00137890954184,6702278.54670091,6697260.85684562,6.70227854670091
DAI,2021-07-17,1.00137890954184,1.00207115109819,1.0002005857039,1.00110680515842,6289520.76269652,6281428.69818732,6.289520762696521
DAI,2021-07-18,1.00110680515842,1.00219251494102,1.00013829890554,1.00184722037373,4539350.3880384,4534724.41567965,4.539350388038399
DAI,2021-07-19,1.00184722037373,1.00209673502323,1.00024708526566,1.00044505470813,6324998.40416497,6318695.77922692,6.32499840416497
DAI,2021-07-20,1.00044505470813,1.00214897427597,1.00030442506725,1.0010995586559,11799998.231348,11787168.0568984,11.799998231348
DAI,2021-07-21,1.0010995586559,1.00198338052338,0.999906396749679,1.0003527850991,10461357.1758049,10452304.0534498,10.4613571758049
DAI,2021-07-22,1.0003527850991,1.00197769775303,1.0000567146072,1.00161961090448,6652866.02329272,6648395.71201563,6.65286602329272
DAI,2021-07-23,1.00161961090448,1.00375016142165,1.00022965677481,1.00078100433589,6753613.26472368,6745162.34485118,6.75361326472368
DAI,2021-07-24,1.00078100433589,1.00212970498286,1.00043281690843,1.00131074377106,5450577.06604298,5443487.66838651,5.45057706604298
DAI,2021-07-25,1.00131074377106,1.00234017770695,1.0000616173853,1.00174849172601,3928392.69938843,3920430.6120221,3.92839269938843
DAI,2021-07-26,1.00174849172601,1.00228344403288,1.0003222916413,1.00107138079161,15565889.8515909,15548035.7248399,15.5658898515909
DAI,2021-07-27,1.00107138079161,1.0024826934488,1.00030936202888,1.00127511121394,10694710.3795222,10680991.3195804,10.694710379522201
DAI,2021-07-28,1.00127511121394,1.00182948981557,1.00041346731647,1.00082971543583,11742981.0146826,11731029.5747114,11.7429810146826
DAI,2021-07-29,1.00082971543583,1.00215617197498,1.00031987215144,1.00067310891951,6162022.61546058,6156703.07435624,6.162022615460581
DAI,2021-07-30,1.00067310891951,1.00195548127082,1.0001401145587,1.00101771634287,8216982.27460168,8210354.54488042,8.21698227460168
DAI,2021-07-31,1.00101771634287,1.00189533919826,0.999817597510605,1.00082845661439,9886798.37062624,9878804.60897212,9.88679837062624
DAI,2021-08-01,1.00082845661439,1.00188367452705,0.999934796019998,1.00171876115306,12026670.9091938,12021278.6733649,12.0266709091938
DAI,2021-08-02,1.00171876115306,1.00196986030766,1.00021246995611,1.00085367619283,10013133.6530935,10004591.3048559,10.013133653093501
DAI,2021-08-03,1.00085367619283,1.00146956937276,0.999457842126246,1.00047218334908,8982147.11313161,8979648.74791875,8.98214711313161
DAI,2021-08-04,1.00047218334908,1.00113978968978,0.999716934681746,1.00065678340047,13586322.7757203,13578996.9587869,13.5863227757203
DAI,2021-08-05,1.00065678340047,1.00179734525284,0.999962201762131,1.00085446902501,16686321.2425406,16677394.0693711,16.6863212425406
DAI,2021-08-06,1.00085446902501,1.00098233285834,0.999419437528261,1.0006659669469,19972096.3864983,19973716.4407255,19.972096386498297
DAI,2021-08-07,1.0006659669469,1.00194119462565,0.999787395272463,1.0001231324472,18594657.1259581,18580045.5866596,18.5946571259581
DAI,2021-08-08,1.0001231324472,1.00100820824071,0.999759204919488,1.00013930423767,11682497.2452496,11679087.860182,11.6824972452496
DAI,2021-08-09,1.00013930423767,1.00089470897717,0.999232282254579,1.00084337429219,26994303.380837,26993308.5147081,26.994303380837
DAI,2021-08-10,1.00084337429219,1.00086993706691,0.999772910603126,1.0007697129124,10834552.917195,10832294.3722371,10.834552917195
DAI,2021-08-11,1.0007697129124,1.0011168516344,0.99974163689944,0.999864893264921,17104604.5265104,17096761.3556905,17.1046045265104
DAI,2021-08-12,0.999864893264921,1.00134573335594,0.999520884897441,1.00014314548747,18748690.5730937,18742084.7977842,18.7486905730937
DAI,2021-08-13,1.00014314548747,1.00214753851261,0.999705864858742,1.00016313229744,16782958.9780802,16774036.5839728,16.7829589780802
DAI,2021-08-14,1.00016313229744,1.00184821959579,0.999775825690605,1.00153799716979,9067001.75113352,9057500.88329666,9.067001751133521
DAI,2021-08-15,1.00153799716979,1.00204251210606,1.00062896495867,1.0015238301945,8862325.58563263,8847369.27072584,8.862325585632629
DAI,2021-08-16,1.0015238301945,1.00179318000579,0.999607942154541,1.00039673460318,10603878.5326204,10601020.3713811,10.603878532620401
DAI,2021-08-17,1.00039673460318,1.00082762393601,0.999754452170444,1.00055668819867,15413007.5802897,15407586.7663484,15.4130075802897
DAI,2021-08-18,1.00055668819867,1.00117691885013,0.999811659189807,1.00002006003685,13668696.7397392,13662984.2965478,13.6686967397392
DAI,2021-08-19,1.00002006003685,1.00121128438345,0.999961576197136,1.00058367656444,14188829.4044537,14178230.4225945,14.188829404453701
DAI,2021-08-20,1.00058367656444,1.00116769913337,0.99987149323976,1.00002434786115,17151794.8853804,17146686.002735,17.151794885380397
DAI,2021-08-21,1.00002434786115,1.0018227366916,0.999888345105347,1.00130830005519,8566600.27560125,8559185.96187952,8.56660027560125
DAI,2021-08-22,1.00130830005519,1.00159637015423,1.00046172371581,1.00138709347445,7947326.71741407,7939907.88084621,7.94732671741407
DAI,2021-08-23,1.00138709347445,1.00162121712169,0.999728643089999,1.00047750926278,15386838.007076,15373195.9988129,15.386838007076001
DAI,2021-08-24,1.00047750926278,1.00128538953486,0.999792775959474,1.00047954541459,18299062.445996,18284977.5067794,18.299062445996
DAI,2021-08-25,1.00047954541459,1.00132824280192,1.00011832453068,1.00022173190259,12516122.70686,12509491.5942548,12.516122706860001
DAI,2021-08-26,1.00022173190259,1.00556591283968,1.00016661040007,1.00027982488781,10809731.450105,10798614.1242763,10.809731450105
DAI,2021-08-27,1.00027982488781,1.00215629241864,1.00009806117282,1.0016685131487,8741884.55097423,8736202.98354332,8.741884550974229
DAI,2021-08-28,1.0016685131487,1.0041443120379,1.00007673182406,1.00162733163328,6580841.09936366,6572261.27658627,6.580841099363661
DAI,2021-08-29,1.00162733163328,1.00252025547448,1.00063025923828,1.00172661536184,10268148.7009853,10254982.3712561,10.2681487009853
DAI,2021-08-30,1.00172661536184,1.00185409920909,0.999887582647001,0.999976344659576,11096535.5061827,11084641.9457819,11.0965355061827
DAI,2021-08-31,0.999976344659576,1.0014074258583,0.999859963607555,1.00075526704033,10797539.2366377,10792675.0021193,10.7975392366377
DAI,2021-09-01,1.00075526704033,1.00104946392016,0.999641609021714,1.00100795849071,27027097.9549025,27018177.4495407,27.0270979549025
DAI,2021-09-02,1.00100795849071,1.00161007842559,0.999530574348067,0.999940764250457,14361455.1553282,14358970.4054844,14.3614551553282
DAI,2021-09-03,0.999940764250457,1.00066950594298,0.998916244039276,1.00027169546744,14763718.6014543,14766860.745727,14.7637186014543
DAI,2021-09-04,1.00027169546744,1.00096680229342,0.999361623433695,0.999911187310858,11395776.5329917,11395609.3397447,11.3957765329917
DAI,2021-09-05,0.999911187310858,1.00107064098666,0.999469483360181,0.999741794030703,9341537.46568345,9342722.71883886,9.341537465683452
DAI,2021-09-06,0.999741794030703,1.00103006402833,0.999546629762527,1.0001646445644,14279881.0040363,14279344.6144005,14.2798810040363
DAI,2021-09-07,1.0001646445644,1.00157042872183,0.999128947787416,0.999141905490212,37280495.210759,37274500.9427497,37.280495210759
DAI,2021-09-08,0.999141905490212,1.00040421554108,0.999061828861636,0.999652290845915,22120556.1053786,22126769.3831382,22.1205561053786
DAI,2021-09-09,0.999652290845915,1.00047476489949,0.999351792154918,0.999664063741136,12669321.4971008,12670285.3074972,12.6693214971008
DAI,2021-09-10,0.999664063741136,1.00050729123267,0.999510341211429,1.00019924946048,15930723.8945527,15929761.9579162,15.9307238945527
DAI,2021-09-11,1.00019924946048,1.00048360555595,0.999383300509444,0.999666720202794,8751531.33440763,8752990.87341631,8.751531334407629
DAI,2021-09-12,0.999666720202794,1.00061590552764,0.999332853598406,0.999854181611478,9731689.46306817,9732697.51578898,9.73168946306817
DAI,2021-09-13,0.999854181611478,1.00067873782098,0.999465547125093,0.99988942027883,15862560.8689536,15860782.0883915,15.8625608689536
DAI,2021-09-14,0.99988942027883,1.0007807226869,0.999013455173566,0.999763054001148,15495273.0443883,15494188.2785021,15.4952730443883
DAI,2021-09-15,0.999763054001148,1.0008284696077,0.999262268195612,1.00024466244035,10911385.4481,10912698.7566945,10.9113854481
DAI,2021-09-16,1.00024466244035,1.00180928644126,0.999060903909979,1.00002280486541,9563670.87193558,9564984.15507448,9.56367087193558
DAI,2021-09-17,1.00002280486541,1.00053731245426,0.999509893553423,1.00049337232539,9191741.60116539,9191600.880942,9.19174160116539
DAI,2021-09-18,1.00049337232539,1.00098831724045,0.999352161302697,1.00010932778577,7371454.5086282,7371315.14396348,7.3714545086282
DAI,2021-09-19,1.00010932778577,1.0009479179094,0.99928759091588,1.00055437126854,9045947.69585105,9043460.33107956,9.04594769585105
DAI,2021-09-20,1.00055437126854,1.00092951367675,0.9996370943527,1.00014534251414,22380941.9062518,22379605.0634382,22.3809419062518
DAI,2021-09-21,1.00014534251414,1.00125033874817,0.99973769359941,1.00105046147451,17998235.3630182,17986483.8417242,17.9982353630182
DAI,2021-09-22,1.00105046147451,1.00151521115016,0.999238669267953,1.00064109853617,21622325.7261527,21616151.321506,21.6223257261527
DAI,2021-09-23,1.00064109853617,1.00166296996199,0.999786802275639,1.00112398676292,7824038.42590789,7818929.54699484,7.82403842590789
DAI,2021-09-24,1.00112398676292,1.0016725088494,0.999420802263492,1.00134857326599,13040264.4335213,13029704.6702787,13.040264433521301
DAI,2021-09-25,1.00134857326599,1.00152570566338,1.00003448490276,1.00115064609611,4679748.61122822,4675674.15204825,4.67974861122822
DAI,2021-09-26,1.00115064609611,1.00182761754781,1.00057291691706,1.00154200219017,12920285.4881494,12904712.4391017,12.920285488149402
DAI,2021-09-27,1.00154200219017,1.00173929357618,0.998905032500049,0.999823777720418,7752131.10656138,7749117.423504,7.7521311065613805
DAI,2021-09-28,0.999823777720418,1.00356950322268,0.997851703479988,1.00020099902485,10636190.6475041,10609273.7258575,10.636190647504101
DAI,2021-09-29,1.00020099902485,1.00092016596527,0.999593191059368,1.00057481555219,11363364.4276846,11359152.6094639,11.3633644276846
DAI,2021-09-30,1.00057481555219,1.00098972386276,0.999411109533921,1.00037844032907,8408664.45630264,8406485.24141719,8.408664456302638
DAI,2021-10-01,1.00037844032907,1.00146127062186,0.999462410283759,1.00023915433322,14790695.0471352,14790367.3351786,14.7906950471352
DAI,2021-10-02,1.00023915433322,1.00166498886024,0.999723408735492,1.0002826497061,5228087.14534052,5223402.22551724,5.2280871453405195
DAI,2021-10-03,1.0002826497061,1.00170560599509,0.999611344797268,1.00099571691319,6758650.61306526,6753238.95912517,6.75865061306526
DAI,2021-10-04,1.00099571691319,1.00196817684484,0.999674029153945,0.999972777837993,9405419.92679311,9401533.2866725,9.40541992679311
DAI,2021-10-05,0.999972777837993,1.00107121954248,0.999392322121347,1.00077212894317,10033899.2882465,10032541.8700002,10.033899288246499
DAI,2021-10-06,1.00077212894317,1.00410326765055,0.996179309684532,1.00038605917435,10725448.5141999,10721042.7546954,10.725448514199899
DAI,2021-10-07,1.00038605917435,1.00113545073287,0.998736870956166,1.00003883541027,16850031.8958498,16844292.1729738,16.850031895849803
DAI,2021-10-08,1.00003883541027,1.00086636560831,0.999597115563547,1.00039467144784,8479585.81671827,8478938.86880552,8.479585816718268
DAI,2021-10-09,1.00039467144784,1.00088394866834,0.999388527173405,1.00018639779546,8059562.99359994,8057541.74742403,8.05956299359994
DAI,2021-10-10,1.00018639779546,1.00152891938795,0.999410695253245,1.00026914761067,7979635.35139607,7977031.412079,7.97963535139607
DAI,2021-10-11,1.00026914761067,1.00114933127177,0.999729563759666,1.00002089417358,15765510.9970573,15759707.834705,15.7655109970573
DAI,2021-10-12,1.00002089417358,1.00059468516189,0.999460627036239,1.00041590730951,7974359.04353477,7977476.22892321,7.974359043534769
DAI,2021-10-13,1.00041590730951,1.00319375922306,0.998988736506994,1.00035991953922,11981378.5648973,11974701.0061046,11.9813785648973
DAI,2021-10-14,1.00035991953922,1.00110173672217,0.995720739276161,1.00024539797134,16060477.0559038,16071211.2383708,16.0604770559038
DAI,2021-10-15,1.00024539797134,1.00188391756984,0.999367283939495,1.0004360493638,15730964.340685,15720374.4180052,15.730964340685
DAI,2021-10-16,1.0004360493638,1.00122342134019,0.999236365298101,0.999671292006072,10931584.5327954,10930191.6160472,10.9315845327954
DAI,2021-10-17,0.999671292006072,1.00079642769146,0.998984331257714,0.999621452102147,9090563.38818828,9095567.64006543,9.090563388188281
DAI,2021-10-18,0.999621452102147,1.00115188440009,0.999093780375084,0.999841543893989,17717760.9754323,17712924.22738,17.7177609754323
DAI,2021-10-19,0.999841543893989,1.00092319581205,0.998935468001929,1.00016132339353,9319711.50223473,9323211.03461881,9.31971150223473
DAI,2021-10-20,1.00016132339353,1.00241183425375,0.999115306818804,1.00010397623924,17627799.687264,17621135.5931847,17.627799687263998
DAI,2021-10-21,1.00010397623924,1.00155914165185,0.999235520033376,1.00017534852885,21965420.198922,21967543.5694645,21.965420198922
DAI,2021-10-22,1.00017534852885,1.00121788215762,0.998938247025836,1.00040700909812,11942251.2691077,11942718.857341,11.942251269107699
DAI,2021-10-23,1.00040700909812,1.0010651684103,0.999531863558056,1.00014941561699,8021235.59380776,8018524.58818368,8.02123559380776
DAI,2021-10-24,1.00014941561699,1.00115531859514,0.999312458959016,0.999903179472184,6705019.4635066,6702953.53071537,6.7050194635066
DAI,2021-10-25,0.999903179472184,1.00104474563132,0.99880570712521,0.999937836446357,9188348.14885778,9189452.58519909,9.188348148857779
DAI,2021-10-26,0.999937836446357,1.00134921171361,0.999097699777236,0.999426628379079,24043589.8066497,24050173.8319403,24.0435898066497
DAI,2021-10-27,0.999426628379079,1.00130030319851,0.99856368732244,1.00021266900391,30081050.613616,30080147.6849361,30.081050613616
DAI,2021-10-28,1.00021266900391,1.00305093214523,0.999360690953749,0.999645028423518,27969956.8433047,27954523.7895602,27.9699568433047
DAI,2021-10-29,0.999645028423518,1.00113791424091,0.999181421494864,1.00002523044391,16207036.4623666,16209064.7101088,16.2070364623666
DAI,2021-10-30,1.00002523044391,1.00514924487643,0.998799799657051,1.00037721613266,13820089.9518788,13819840.8973412,13.8200899518788
DAI,2021-10-31,1.00037721613266,1.00278490786916,0.998946366058467,1.0002232704358,12866486.5824154,12868106.8819155,12.8664865824154
DAI,2021-11-01,1.0002232704358,1.00173350817915,0.999127758948884,1.00146806798688,12131271.2573852,12122450.3859336,12.1312712573852
DAI,2021-11-02,1.00146806798688,1.01050287213021,0.999501473151594,1.00243068066772,13754423.4130956,13744965.8077272,13.754423413095601
DAI,2021-11-03,1.00243068066772,1.00913270115965,0.998393188988576,1.00038816972387,14786078.4782368,14784265.7127587,14.7860784782368
DAI,2021-11-04,1.00038816972387,1.00157408439646,0.999669859919482,1.00097663354142,15075212.5741862,15067697.1322251,15.0752125741862
DAI,2021-11-05,1.00097663354142,1.00187179157385,1.00016296325339,1.00082598721035,9439442.64500984,9430865.63591153,9.43944264500984
DAI,2021-11-06,1.00082598721035,1.00130775326151,0.999654840049543,1.00102065435541,11318648.7250013,11314115.561534,11.3186487250013
DAI,2021-11-07,1.00102065435541,1.00200087731313,1.00003468549399,1.00074440117723,9396090.58401576,9392838.12568701,9.396090584015761
DAI,2021-11-08,1.00074440117723,1.00131688875586,0.999244885178288,0.999858558633645,12605220.8018183,12603769.8932834,12.6052208018183
DAI,2021-11-09,0.999858558633645,1.00095730154737,0.999233128633141,0.999401089628429,11786167.6281958,11783598.5658148,11.7861676281958
DAI,2021-11-10,0.999401089628429,1.00041776761105,0.99760858800361,0.999409558791585,16741806.5678578,16754922.4895475,16.7418065678578
DAI,2021-11-11,0.999409558791585,1.00026984799872,0.998451385113373,0.99986486604819,10118969.2980441,10124481.0695923,10.118969298044101
DAI,2021-11-12,0.99986486604819,1.00213775098268,0.998595149166847,1.00051772468141,14927414.5262994,14932624.8843946,14.927414526299401
DAI,2021-11-13,1.00051772468141,1.00086850200296,0.998988503595669,1.00017395410145,9077232.48394749,9078398.76543322,9.077232483947489
DAI,2021-11-14,1.00017395410145,1.00040725611685,0.998205259680675,0.999955790809083,11810132.9200627,11818524.6306103,11.810132920062701
DAI,2021-11-15,0.999955790809083,1.0005165794444,0.999331002360532,0.999982905392266,11921696.9364893,11922234.7889715,11.921696936489301
DAI,2021-11-16,0.999982905392266,1.0010232506835,0.999089733307446,0.999734548752006,30352543.8340467,30363017.2910757,30.3525438340467
DAI,2021-11-17,0.999734548752006,1.00114179254759,0.999088339468102,1.00094457897285,20376525.9424783,20370920.3761476,20.3765259424783
DAI,2021-11-18,1.00094457897285,1.00667991832274,0.996184200385066,0.999880601223482,23480866.469073,23486349.1241331,23.480866469073
DAI,2021-11-19,0.999880601223482,1.00107927376822,0.9995681037659,1.00004788204284,17428555.76512,17425283.7114441,17.42855576512
DAI,2021-11-20,1.00004788204284,1.00139079386158,0.999674348128288,1.00064429627601,15442182.6328273,15429376.9357611,15.4421826328273
DAI,2021-11-21,1.00064429627601,1.00130451709329,0.999820212595922,1.00029438837075,15395040.9226592,15385810.3438633,15.3950409226592
DAI,2021-11-22,1.00029438837075,1.00086131739545,0.999282175429216,1.00012510928933,20437174.393143,20435213.5183353,20.437174393143
DAI,2021-11-23,1.00012510928933,1.00113558630445,0.999035705837675,0.999772063705275,18259511.2136078,18263990.06982,18.259511213607798
DAI,2021-11-24,0.999772063705275,1.00028422130008,0.998795114457709,0.99981173586544,12123397.9103514,12131149.3395979,12.123397910351398
DAI,2021-11-25,0.99981173586544,1.00092750564799,0.99879203936554,1.00064844444111,9968012.20437143,9965128.23005859,9.96801220437143
DAI,2021-11-26,1.00064844444111,1.00072799986917,0.999233028460629,1.00028199650204,25660811.8433955,25658937.4040669,25.6608118433955
DAI,2021-11-27,1.00028199650204,1.00375343535256,0.999500915154976,1.00057243295998,33508150.9897093,33494681.4945728,33.5081509897093
DAI,2021-11-28,1.00057243295998,1.00168286835123,0.999162585644673,1.00069117296169,16469652.2165107,16458985.750472,16.4696522165107
DAI,2021-11-29,1.00069117296169,1.00105931781628,0.999930414699183,1.00038507934127,9597406.03520888,9593505.48812232,9.59740603520888
DAI,2021-11-30,1.00038507934127,1.00099214600826,0.999623977003135,0.999959838909851,14295342.3877055,14289905.4150585,14.2953423877055
DAI,2021-12-01,0.999959838909851,1.00070756136804,0.998784090172621,1.00016204417893,11689017.6476709,11687501.4262957,11.6890176476709
DAI,2021-12-02,1.00016204417893,1.0015181620278,0.999093010470724,1.00020261535755,9573623.04374781,9575046.19552216,9.57362304374781
DAI,2021-12-03,1.00020261535755,1.00184954321036,0.991550401379057,1.0005981658807,11331489.8297064,11333280.5146257,11.3314898297064
DAI,2021-12-04,1.0005981658807,1.00211071249491,0.99768840525801,1.00007361309287,38825082.4782187,38816617.1574854,38.8250824782187
DAI,2021-12-05,1.00007361309287,1.00131991105533,0.997873292666923,0.999547740984982,11189927.6382158,11190936.1026516,11.189927638215801
DAI,2021-12-06,0.999547740984982,1.00107326126828,0.999071444368746,0.999946265105031,12063679.1385463,12063547.9514259,12.063679138546298
DAI,2021-12-07,0.999946265105031,1.00073435141552,0.998933328725138,0.999777573619641,9646144.30144763,9648183.34385081,9.64614430144763
DAI,2021-12-08,0.999777573619641,1.00024374235197,0.998797139184268,0.999457270292679,10687158.7909816,10695635.9068578,10.6871587909816
DAI,2021-12-09,0.999457270292679,1.0005524886663,0.998986067510538,0.999947745979225,11160261.621644,11161675.7825519,11.160261621643999
DAI,2021-12-10,0.999947745979225,1.00112044632608,0.998940746463591,1.00016865868813,16864986.0156837,16860360.4916336,16.864986015683698
DAI,2021-12-11,1.00016865868813,1.00311477285353,0.998508060835562,1.00102593221187,8649809.72311574,8641884.00027155,8.649809723115741
DAI,2021-12-12,1.00102593221187,1.00246313771672,1.0000500047761,1.00088673646673,6235847.11380522,6233623.48987875,6.23584711380522
DAI,2021-12-13,1.00088673646673,1.00290864959372,1.00011764673659,1.00039052968678,16600817.4444764,16593406.9528089,16.600817444476398
DAI,2021-12-14,1.00039052968678,1.00155235604639,0.99930720852006,1.00041173504042,10699858.9841041,10698109.7633838,10.6998589841041
DAI,2021-12-15,1.00041173504042,1.00094538996456,0.999076237487623,1.00024370385268,15005938.3156183,15007500.1711968,15.0059383156183
DAI,2021-12-16,1.00024370385268,1.00128613017257,0.998906006911135,1.00020492717031,9348904.42604686,9352185.80485441,9.34890442604686
DAI,2021-12-17,1.00020492717031,1.01928770345966,0.997933570012969,1.00080907405415,11371900.4188119,11372369.4095448,11.3719004188119
DAI,2021-12-18,1.00080907405415,1.01412928100012,0.999892764497312,1.00148914819414,7672760.93591382,7664048.42302784,7.67276093591382
DAI,2021-12-19,1.00148914819414,1.00862230703183,0.99840746672903,0.999443733472697,8313692.89948554,8307491.6911154,8.31369289948554
DAI,2021-12-20,0.999443733472697,1.00114858195299,0.998191420342694,0.999297623971243,9534682.37553671,9537081.45492996,9.53468237553671
DAI,2021-12-21,0.999297623971243,1.00282413049594,0.998531490767159,0.99961294222703,6743852.80437683,6745263.25657123,6.74385280437683
DAI,2021-12-22,0.99961294222703,1.00106416869389,0.998553494325035,0.999132462965524,10885176.0368442,10886735.7651532,10.8851760368442
DAI,2021-12-23,0.999132462965524,1.00117402300377,0.997826119874166,1.00073698882686,10377324.2600188,10380824.5936818,10.3773242600188
DAI,2021-12-24,1.00073698882686,1.00727367934061,0.99860998463492,0.999226702472224,9693965.25685028,9697450.67597378,9.69396525685028
DAI,2021-12-25,0.999226702472224,1.00086320902428,0.997059465381645,0.998794605711306,7131837.53685446,7132869.55041564,7.1318375368544595
DAI,2021-12-26,0.998794605711306,1.00160189881649,0.998535971714671,0.999095793601593,7473421.39365801,7477268.52369652,7.47342139365801
DAI,2021-12-27,0.999095793601593,1.00028241539761,0.997751564168033,0.999668416757516,11294630.0961483,11310794.6440908,11.294630096148301
DAI,2021-12-28,0.999668416757516,1.00112419747605,0.998172679864815,0.999217786932004,9393507.58368002,9398831.22965097,9.393507583680021
DAI,2021-12-29,0.999217786932004,1.00045439684678,0.997767889692465,0.998656395005903,8187227.63770739,8192251.12159778,8.18722763770739
DAI,2021-12-30,0.998656395005903,1.00068518355536,0.997798958715355,0.999370987308266,11168713.2531324,11176579.4447692,11.168713253132399
DAI,2021-12-31,0.999370987308266,1.00220407898525,0.997578812973132,1.00034947425327,10562903.9147379,10568178.9083144,10.5629039147379
DAI,2022-01-01,1.00034947425327,1.00151126157497,0.997449541985366,0.999879749061985,8204987.77317764,8209209.20883017,8.20498777317764
DAI,2022-01-02,0.999879749061985,1.00349081931805,0.997341972525237,1.00009602199097,6733596.81364544,6738422.69527192,6.73359681364544
DAI,2022-01-03,1.00009602199097,1.00215444141962,0.997318803592151,0.999070032009163,11115132.5489267,11121190.0333334,11.1151325489267
DAI,2022-01-04,0.999070032009163,1.001342094904,0.998013844404443,0.999923198114988,9391336.87564851,9398266.86012325,9.39133687564851
DAI,2022-01-05,0.999923198114988,1.00217608666373,0.995332017042191,0.998486116011101,13917914.7369641,13924372.7999337,13.917914736964098
DAI,2022-01-06,0.998486116011101,1.00241777737673,0.995221746579367,0.999668433309926,11061606.9848823,11063703.2015999,11.061606984882301
DAI,2022-01-07,0.999668433309926,1.0043085589631,0.997886641038262,0.999992591395546,18818494.5543095,18775458.3198026,18.8184945543095
DAI,2022-01-08,0.999992591395546,1.00421631406343,0.998367252838406,0.999636015589694,13161349.5250311,13159835.6358449,13.161349525031099
DAI,2022-01-09,0.999636015589694,1.00276027828544,0.997566391702769,1.00096844270159,5939159.83566312,5938375.31503239,5.93915983566312
DAI,2022-01-10,1.00096844270159,1.00334176144624,0.997232122275497,1.00097974178776,9979625.13144501,9979729.41311337,9.97962513144501
DAI,2022-01-11,1.00097974178776,1.0023567456369,0.997479675653108,0.998931330946978,11662657.0409152,11684675.882946,11.662657040915201
DAI,2022-01-12,0.998931330946978,1.00138678903539,0.997558091860263,0.998363999109473,7743482.79521679,7749067.94604018,7.74348279521679
DAI,2022-01-13,0.998363999109473,1.00001917993612,0.994435873225811,0.998649707256187,6000248.2852837,6006126.54687208,6.0002482852837
DAI,2022-01-14,0.998649707256187,1.00018686038195,0.996966859744011,0.999194121415832,8534751.75727426,8539989.86929103,8.534751757274261
DAI,2022-01-15,0.999194121415832,1.00020784458312,0.996709614334286,0.997502977834503,9873478.57062283,9881819.77802553,9.87347857062283
DAI,2022-01-16,0.997502977834503,1.00057747372633,0.996382183002114,0.998873041057952,7971915.63702979,7980383.96540302,7.97191563702979
DAI,2022-01-17,0.998873041057952,1.00107613154952,0.997316892454313,1.00014621310079,10867333.1722688,10872693.4836451,10.8673331722688
DAI,2022-01-18,1.00014621310079,1.0023590889451,0.996391997711706,1.0000131119048,9335822.62600053,9336450.37033795,9.33582262600053
DAI,2022-01-19,1.0000131119048,1.00116841556122,0.995670569028294,1.00037090535242,8256967.2066836,8260999.26358538,8.2569672066836
DAI,2022-01-20,1.00037090535242,1.00108277094041,0.991384816633868,0.999517133848061,9181932.30057013,9185444.01309815,9.18193230057013
DAI,2022-01-21,0.999517133848061,1.00097329404724,0.998722998758595,1.00087375377382,42156271.9199731,42133409.4765301,42.1562719199731
DAI,2022-01-22,1.00087375377382,1.00091297023803,0.999003185905626,1.00041196238018,37470989.5742942,37465459.6434246,37.4709895742942
DAI,2022-01-23,1.00041196238018,1.00069027428741,0.997839629547114,0.998977467343221,10302950.2878429,10302909.1052914,10.302950287842899
DAI,2022-01-24,0.998977467343221,1.00168784806472,0.997982017181491,0.999308881387989,25999802.6778742,25990510.5049968,25.9998026778742
DAI,2022-01-25,0.999308881387989,1.00218844382044,0.998705500833853,1.00155810304341,8866539.88510388,8865436.12291304,8.86653988510388
DAI,2022-01-26,1.00155810304341,1.00302077684068,0.998412293647213,0.999800987670307,10729675.7622004,10727477.7199786,10.7296757622004
DAI,2022-01-27,0.999800987670307,1.00132191946171,0.996393963695379,1.00007727057484,8795587.64607089,8797425.09056747,8.79558764607089
DAI,2022-01-28,1.00007727057484,1.00289224823414,0.998580011639013,1.00031520738779,11518867.0548901,12006181.2293662,11.5188670548901
DAI,2022-01-29,1.00031520738779,1.00176879927987,0.998249496672532,1.00001332192121,6870207.11345327,6868424.92101035,6.87020711345327
DAI,2022-01-30,1.00001332192121,1.00132306460987,0.998824909391127,0.999743061817394,8013287.98289329,8013079.54432314,8.01328798289329
DAI,2022-01-31,0.999743061817394,1.00238207059516,0.998873117754731,1.00105880748609,7822258.74504131,7826330.35109932,7.82225874504131
DAI,2022-02-01,1.00105880748609,1.00462311608909,0.99978613345498,1.00122676114003,7441804.37489714,7435402.19041403,7.44180437489714
DAI,2022-02-02,1.00122676114003,1.00385580971715,0.99914883956996,1.00094624576708,8158923.06004816,8156213.26319812,8.15892306004816
DAI,2022-02-03,1.00094624576708,1.00245661639438,0.998559215881205,1.00080019668352,6901943.6034754,6898010.0563958,6.9019436034754005
DAI,2022-02-04,1.00080019668352,1.0028759857753,0.998117732057525,1.00102884240027,8814455.45470512,8809920.06398619,8.814455454705119
DAI,2022-02-05,1.00102884240027,1.00251256945835,0.9978992128404,0.999401128597393,6275619.76496562,6269702.87795563,6.27561976496562
DAI,2022-02-06,0.999401128597393,1.0016498707722,0.997230319122134,1.00036404569125,6005422.0050982,6006410.26922276,6.0054220050982
DAI,2022-02-07,1.00036404569125,1.00196115678781,0.998347966384432,1.00006713296384,10164244.346056,10162020.2896909,10.164244346056
DAI,2022-02-08,1.00006713296384,1.0028262733828,0.998613897206106,1.00156490413325,7476866.02123954,7474622.99528198,7.476866021239539
DAI,2022-02-09,1.00156490413325,1.00287081862166,0.997673252173678,0.998782296770459,7131648.96190496,7128472.34980046,7.1316489619049594
DAI,2022-02-10,0.998782296770459,1.00084087240731,0.997597792187213,0.999811968640155,8007075.36856145,8016821.4751218,8.00707536856145
DAI,2022-02-11,0.999811968640155,1.00133362893379,0.997694362417383,1.00133362893379,10687643.4095477,10689686.762209,10.6876434095477
DAI,2022-02-12,1.00133362893379,1.00295710854652,0.998646128517372,0.999736132912086,8720193.88559198,8714715.53887466,8.72019388559198
DAI,2022-02-13,0.999736132912086,1.00218909418888,0.998116953174295,1.00109864720998,5433531.79764365,5433799.9587838,5.43353179764365
DAI,2022-02-14,1.00109864720998,1.00177607705501,0.998379326850144,0.999288742534499,5561763.13642106,15751991.92382,5.56176313642106
DAI,2022-02-15,0.999288742534499,1.00120007158136,0.999096925260631,1.00024656638309,10803773.3983586,10799841.4167633,10.8037733983586
DAI,2022-02-16,1.00024656638309,1.0011096296531,0.998299475699452,1.00026181680607,8541331.56037464,8541445.95772211,8.54133156037464
DAI,2022-02-17,1.00026181680607,1.00071463716567,0.999106494819003,0.999900117036988,11446382.5408668,11446538.3672874,11.4463825408668
DAI,2022-02-18,0.999900117036988,1.00419052707504,0.998322874970607,1.00073194495759,7745713.30439609,7745334.22405885,7.74571330439609
DAI,2022-02-19,1.00073194495759,1.0029896896036,0.998249343238669,0.999382704025606,6598077.54702339,6595577.43345295,6.59807754702339
DAI,2022-02-20,0.999382704025606,1.00189480220507,0.997795670348591,1.00011669760212,7689882.27111371,7687748.20320463,7.689882271113709
DAI,2022-02-21,1.00011669760212,1.00187436234436,0.997959107052689,0.9998194812284,10400169.5856247,10396758.4237336,10.4001695856247
DAI,2022-02-22,0.9998194812284,1.00183561461479,0.99868413803508,1.00072482251404,12223808.3725731,12218077.5554955,12.2238083725731
DAI,2022-02-23,1.00072482251404,1.00143880999297,0.998701450666117,1.00057187795305,10252776.3696653,10245441.9758709,10.2527763696653
DAI,2022-02-24,1.00057187795305,1.00100931630114,0.998976709433224,1.00071618779501,14476717.2621971,14475658.8231366,14.4767172621971
DAI,2022-02-25,1.00071618779501,1.00184046633893,0.998275609113654,0.9995706800622,8226752.6074974,8226033.13606358,8.2267526074974
DAI,2022-02-26,0.9995706800622,1.00023783828141,0.997945145797988,0.998895655830141,6591173.0479809,6596119.69927251,6.5911730479809
DAI,2022-02-27,0.998895655830141,1.00137322395369,0.998026602911969,1.0005313728306,8197580.43610151,8197475.26763935,8.19758043610151
DAI,2022-02-28,1.0005313728306,1.00144397857472,0.998710243481921,0.999513281629194,8993455.87525462,8994333.41633107,8.99345587525462
DAI,2022-03-01,0.999513281629194,1.00056234185596,0.998844839038334,0.99947770042894,8101331.78517508,98786670.1468518,8.10133178517508
DAI,2022-03-02,0.99947770042894,1.00000565109353,0.997390197573026,0.999689823731187,6508350.17537441,6515767.35515807,6.50835017537441
DAI,2022-03-03,0.999689823731187,1.00015236133644,0.998853461069162,0.999647255486988,7397696.67657112,7399270.02483438,7.39769667657112
DAI,2022-03-04,0.999647255486988,1.00217070661584,0.998977040521279,1.00061308116559,14241037.7806671,14235751.4528624,14.2410377806671
DAI,2022-03-05,1.00061308116559,1.00283998443939,0.997348300104655,0.998355061626222,6926607.58685889,6921027.3776379,6.92660758685889
DAI,2022-03-06,0.998355061626222,1.00403017940363,0.99498529315611,1.00262386963377,5449047.18567122,5454497.40197427,5.44904718567122
DAI,2022-03-07,1.00262386963377,1.00286282600497,1.00008761737259,1.0007283328728,8534016.0899505,8521592.76419231,8.5340160899505
DAI,2022-03-08,1.0007283328728,1.00213534497609,1.00004925358823,1.00128130320649,12262050.7099233,12250407.2882766,12.262050709923301
DAI,2022-03-09,1.00128130320649,1.00176727014538,1.00041771476415,1.00140394264465,10461956.7047361,10449460.6142112,10.461956704736101
DAI,2022-03-10,1.00140394264465,1.00250769025631,1.0005096130475,1.00119758713704,9212994.89657831,9201451.93975488,9.21299489657831
DAI,2022-03-11,1.00119758713704,1.00265941017709,1.00034712243829,1.00182279041521,7640661.97773319,7631436.25786343,7.64066197773319
DAI,2022-03-12,1.00182279041521,1.00422839941775,1.00085764190829,1.00268433696568,8016690.54533684,7998709.3641485,8.01669054533684
DAI,2022-03-13,1.00268433696568,1.00367009699915,1.0010686072612,1.00235035050792,5925631.87279917,5914069.54351683,5.92563187279917
DAI,2022-03-14,1.00235035050792,1.00327483863545,0.999413548702281,1.00128207357389,7369277.50860297,7361952.08375488,7.369277508602971
DAI,2022-03-15,1.00128207357389,1.00198368858802,0.999825426531029,0.999887294102828,13905081.8836511,13903088.3137949,13.9050818836511
DAI,2022-03-16,0.999887294102828,1.00199380631419,0.998925807785722,1.0002074101826,13577056.8428379,13578798.7456842,13.5770568428379
DAI,2022-03-17,1.0002074101826,1.00095954186394,0.999595831851693,1.00068424676816,8066390.44040428,8064495.22406056,8.06639044040428
DAI,2022-03-18,1.00068424676816,1.00116631361246,0.999562121880205,0.999836610407439,8768169.03849508,8767013.21829325,8.768169038495081
DAI,2022-03-19,0.999836610407439,1.00040351583864,0.998792652575248,0.999655400225667,7271377.19349774,7275967.2436371,7.27137719349774
DAI,2022-03-20,0.999655400225667,1.0010987291851,0.999454200383743,0.999760204544133,5196745.7666824,5195927.36626978,5.1967457666824
DAI,2022-03-21,0.999760204544133,1.00088982277767,0.999549904532966,0.999596795361139,7228072.63143126,7229742.51112678,7.22807263143126
DAI,2022-03-22,0.999596795361139,1.00022965496098,0.999465312880491,0.99973181951767,9286174.76298524,9296132.10316443,9.28617476298524
DAI,2022-03-23,0.99973181951767,1.00041984688759,0.999290165480841,0.999911041016905,8514987.78724424,8517720.39714775,8.51498778724424
DAI,2022-03-24,0.999911041016905,1.00015417744036,0.999395964643533,0.999595557439032,11907455.6308566,11911905.0555099,11.9074556308566
DAI,2022-03-25,0.999595557439032,1.00079920717514,0.999467576685663,0.999571227787988,9379417.43826516,9381888.41377211,9.37941743826516
DAI,2022-03-26,0.999571227787988,1.00159660666461,0.998222067769476,0.999823985816184,6258949.50095203,6260998.81286313,6.2589495009520295
DAI,2022-03-27,0.999823985816184,1.00260163804951,0.997118942063849,0.999413707849848,8209702.03682441,8213456.64654233,8.20970203682441
DAI,2022-03-28,0.999413707849848,1.00049037810533,0.998332875484914,0.998332875484914,12870097.7223573,12873108.8251457,12.870097722357299
DAI,2022-03-29,0.998332875484914,1.00241291806624,0.997286767057871,0.999446546633554,11451003.6635366,11457581.4166336,11.4510036635366
DAI,2022-03-30,0.999446546633554,1.00038499728995,0.998630993976706,0.999705201325607,8709611.6842049,8714273.76809069,8.709611684204901
DAI,2022-03-31,0.999705201325607,1.00127537845544,0.998314288456732,1.00041317761423,9522759.85253051,9524969.56165775,9.522759852530509
DAI,2022-04-01,1.00041317761423,1.00133850609066,0.998791421020223,0.999878720874932,12341467.1649516,12340815.6638227,12.3414671649516
DAI,2022-04-02,0.999878720874932,1.00068589213282,0.998894025948635,1.00007978216813,12320589.2292039,12323423.8580636,12.3205892292039
DAI,2022-04-03,1.00007978216813,1.00060924231275,0.999339713393598,1.00017494587833,15938520.5876618,15937002.9115999,15.9385205876618
DAI,2022-04-04,1.00017494587833,1.00053093697476,0.998834684307236,0.999531182704926,10555505.9515465,10558839.9161482,10.555505951546499
DAI,2022-04-05,0.999531182704926,0.999928921520321,0.998830673458019,0.999315928686729,9142327.80968179,9148519.6711147,9.14232780968179
DAI,2022-04-06,0.999315928686729,1.000016176189,0.998818483307056,0.999858534130252,14480402.1111993,14478362.1015002,14.4804021111993
DAI,2022-04-07,0.999858534130252,1.00040330590148,0.999521381477614,0.999683693117247,12173595.584126,12177477.1085546,12.173595584126
DAI,2022-04-08,0.999683693117247,0.999879675845521,0.998696905302292,0.999376848847343,9628721.95119902,9634132.2228509,9.628721951199019
DAI,2022-04-09,0.999376848847343,1.00001402466912,0.998864789464327,0.999700202616485,6244874.02055042,6246875.3891391,6.244874020550419
DAI,2022-04-10,0.999700202616485,1.00005994177694,0.998276518009764,0.999224423042395,8210341.85747932,8214776.10182898,8.21034185747932
DAI,2022-04-11,0.999224423042395,0.999949100082089,0.998297888213811,0.999759376600485,10750769.8163697,10755198.5671587,10.750769816369699
DAI,2022-04-12,0.999759376600485,1.00010944417251,0.997750259425338,0.999208018333626,9769270.56202574,9773986.49972425,9.76927056202574
DAI,2022-04-13,0.999208018333626,1.00102877398551,0.998177259968631,1.00026989566765,11399627.4053727,11411200.0645794,11.3996274053727
DAI,2022-04-14,1.00026989566765,1.00079399572413,0.999913072078886,1.00014317666232,9792261.37105962,9790844.23420625,9.79226137105962
DAI,2022-04-15,1.00014317666232,1.00053034921718,0.9988456911868,0.999804872730197,10510027.5877223,10511478.9107019,10.5100275877223
DAI,2022-04-16,0.999804872730197,1.0009463329424,0.998445164478263,0.999608938935036,6838861.73133389,6840797.6617249,6.83886173133389
DAI,2022-04-17,0.999608938935036,1.00093159770001,0.998240254876823,0.999603249300024,10340517.4828791,10344682.3302419,10.3405174828791
DAI,2022-04-18,0.999603249300024,1.00052100479662,0.998857925116014,0.999919671611656,15587771.4169573,15591345.8877934,15.5877714169573
DAI,2022-04-19,0.999919671611656,1.00035822558781,0.998063281944272,0.999888077774894,14119739.2336226,14123495.0212326,14.1197392336226
DAI,2022-04-20,0.999888077774894,1.00591550836935,0.998787983923978,0.999789316857052,13001179.1331347,13003570.2276858,13.0011791331347
DAI,2022-04-21,0.999789316857052,1.00026974945615,0.999006975688987,0.999922325351299,16119396.6469017,16125534.3763834,16.119396646901702
DAI,2022-04-22,0.999922325351299,1.00070918893643,0.998939549325156,0.999998831188629,18005974.8515156,18014369.2944966,18.0059748515156
DAI,2022-04-23,0.999998831188629,1.00057239855623,0.998608040287191,0.999476901569246,10256499.6858596,10259755.9612638,10.2564996858596
DAI,2022-04-24,0.999476901569246,1.00057497884731,0.997917966111585,0.999128754075604,8375125.8343211,8384611.77041899,8.3751258343211
DAI,2022-04-25,0.999128754075604,1.0003323732757,0.998180775648224,0.999513507057927,22501169.9314837,22512010.6621497,22.5011699314837
DAI,2022-04-26,0.999513507057927,0.999783570210853,0.999085310807403,0.999331733625259,19374717.5478374,19385533.8605679,19.3747175478374
DAI,2022-04-27,0.999331733625259,1.00033710316038,0.999053291290031,0.999819959848812,15077968.8364662,15082858.8945893,15.077968836466201
DAI,2022-04-28,0.999819959848812,1.00038959805399,0.999050436486675,0.999866825851403,23007308.6751195,23014563.4139368,23.0073086751195
DAI,2022-04-29,0.999866825851403,1.00047547614042,0.999237660411396,0.999686729973006,21414761.7614859,21415990.7678356,21.414761761485902
DAI,2022-04-30,0.999686729973006,1.00059706009473,0.999238843470096,0.999488167764061,20760588.2337346,20764547.9197531,20.7605882337346
DAI,2022-05-01,0.999488167764061,1.00041978328288,0.999085610694528,0.999670550438527,17324137.996831,17329328.2126787,17.324137996831
DAI,2022-05-02,0.999670550438527,1.00008601193147,0.998994167859526,0.999284170840716,20150946.2919629,20159641.9165951,20.1509462919629
DAI,2022-05-03,0.999284170840716,1.00000034519892,0.999161483681903,0.999706491454028,27541555.0876359,27549717.1144538,27.5415550876359
DAI,2022-05-04,0.999706491454028,1.00021793116836,0.999168659027265,0.999761151204335,21897917.7161742,21905066.7832105,21.8979177161742
DAI,2022-05-05,0.999761151204335,1.00008625142964,0.999170887547558,0.999883571320177,22876771.7203997,22881622.8136649,22.8767717203997
DAI,2022-05-06,0.999883571320177,1.00008073815387,0.99944534896138,0.999728700645222,24591755.9959599,24596100.0349817,24.5917559959599
DAI,2022-05-07,0.999728700645222,1.00028834657954,0.999466619968479,0.999846320941071,15593000.8448506,15594602.1959381,15.5930008448506
DAI,2022-05-08,0.999846320941071,1.00040652461421,0.999573887058136,1.00014514034008,26647832.9491761,26629945.8656575,26.6478329491761
DAI,2022-05-09,1.00014514034008,1.00039868774277,0.999517498388623,0.999992951267587,43594972.2860476,43593431.0422281,43.5949722860476
DAI,2022-05-10,0.999992951267587,1.00042239512315,0.999704446929024,1.00001411127283,33673378.3682806,33671357.1447521,33.673378368280595
DAI,2022-05-11,1.00001411127283,1.00042988912965,0.997994720222943,0.999408860500176,149397442.08222,149463719.885579,149.39744208221998
DAI,2022-05-12,0.999408860500176,1.00612792049815,0.980871325340331,1.00003474207241,237877693.370226,238072231.696975,237.87769337022598
DAI,2022-05-13,1.00003474207241,1.00260523538049,0.999460090819497,0.999911029456902,83449322.4262615,83434104.0133714,83.4493224262615
DAI,2022-05-14,0.999911029456902,1.00254272429803,0.999401400699656,1.00024018504997,22084852.0288101,22094070.3008698,22.084852028810097
DAI,2022-05-15,1.00024018504997,1.0003088012598,0.996551591169499,0.999277857775629,21151829.4988669,21159583.8171853,21.1518294988669
DAI,2022-05-16,0.999277857775629,1.00020692197946,0.993693407424418,0.999454952531128,23506685.0315985,23521027.9418037,23.5066850315985
DAI,2022-05-17,0.999454952531128,1.00012172164359,0.998092205025871,0.999817128333726,30179474.6539326,30191730.9261572,30.1794746539326
DAI,2022-05-18,0.999817128333726,1.00054933897054,0.99507534325797,1.00021434362181,22167117.2133511,22167348.6290759,22.1671172133511
DAI,2022-05-19,1.00021434362181,1.00067480259515,0.999814297185579,1.00052591064569,32851246.4470426,32844176.9921211,32.8512464470426
DAI,2022-05-20,1.00052591064569,1.00069957880694,0.999799900051044,1.00018582354548,31387514.1876927,31388554.0421402,31.3875141876927
DAI,2022-05-21,1.00018582354548,1.00074390001263,0.999900541968431,1.00066832795259,21126832.1464771,21119368.3426053,21.1268321464771
DAI,2022-05-22,1.00066832795259,1.00087301363181,1.00008063927647,1.00029743966768,20080657.9644259,20071310.1856026,20.0806579644259
DAI,2022-05-23,1.00029743966768,1.00068408365444,0.995894599239256,0.99973468187782,37373961.8676521,37390288.0454606,37.373961867652106
DAI,2022-05-24,0.99973468187782,1.00005946091557,0.993483144647921,0.999322398776513,59773261.3542348,59847420.867176,59.7732613542348
DAI,2022-05-25,0.999322398776513,1.0019170938561,0.99256056001943,0.999974232387545,29479966.0389407,29501811.6086243,29.479966038940702
DAI,2022-05-26,0.999974232387545,1.00071974435198,0.999040262695306,1.00033105239604,47538310.386441,47578047.3407101,47.538310386441
DAI,2022-05-27,1.00033105239604,1.00229092955728,0.998540842288423,1.00018989932522,28124616.9772456,28136927.3998736,28.124616977245598
DAI,2022-05-28,1.00018989932522,1.00085295896058,0.999788046684919,1.00064205625886,19444728.7377781,19440083.3309863,19.4447287377781
DAI,2022-05-29,1.00064205625886,1.00531018022667,0.999174009896438,0.999855983898215,13855527.7754397,13848497.9151462,13.8555277754397
DAI,2022-05-30,0.999855983898215,1.02170321071442,0.999523911113348,1.0002403195076,18660893.7917982,18658690.0991562,18.660893791798202
DAI,2022-05-31,1.0002403195076,1.00073953292436,0.999809363423675,1.00005914261636,20450294.7763721,20447258.9115606,20.4502947763721
DAI,2022-06-01,1.00005914261636,1.00053286373853,0.999702075833607,1.00053286373853,19688995.58015,19688523.9237186,19.68899558015
DAI,2022-06-02,1.00053286373853,1.00283058406032,0.997656205113894,0.999994807604831,18078194.7019965,18074559.0465816,18.0781947019965
DAI,2022-06-03,0.999994807604831,1.00215229158799,0.997493650491389,1.00002323068675,24308763.7898956,24310682.7301897,24.3087637898956
DAI,2022-06-04,1.00002323068675,1.00040739629576,0.999548753826886,0.999955556761742,15760507.5524767,15761704.984538,15.7605075524767
DAI,2022-06-05,0.999955556761742,1.00056998852739,0.999777231865084,1.00027509432322,16367795.3488489,16367612.6811676,16.3677953488489
DAI,2022-06-06,1.00027509432322,1.00046849019658,0.999604056061905,0.999965076098273,16905932.8273444,16905836.4499261,16.905932827344397
DAI,2022-06-07,0.999965076098273,1.00040212246313,0.999612069582845,0.999936473893126,22031310.2332688,22033123.0248923,22.0313102332688
DAI,2022-06-08,0.999936473893126,1.00019615747519,0.99955699824483,0.999955907964145,21126327.9288697,21127852.3626123,21.1263279288697
DAI,2022-06-09,0.999955907964145,1.00024508343253,0.999655675372395,0.999814176630898,16680569.8135896,16682192.2167965,16.6805698135896
DAI,2022-06-10,0.999814176630898,1.00031205305698,0.999543797259577,0.999989393230444,20154591.5873844,20157269.9822062,20.1545915873844
DAI,2022-06-11,0.999989393230444,1.00061862332352,0.999822631531945,1.00032465124102,21028517.6034887,21025789.5131793,21.028517603488698
DAI,2022-06-12,1.00032465124102,1.00133585117983,0.999959201270576,1.00049259789385,18571908.5097671,18563963.6154912,18.571908509767102
DAI,2022-06-13,1.00049259789385,1.002306412482,0.999962725391954,1.00025354806496,85529009.2171238,85437809.9196957,85.5290092171238
DAI,2022-06-14,1.00025354806496,1.0008248580945,0.999296194838413,0.999943170982427,46403716.4275323,46398223.6489379,46.4037164275323
DAI,2022-06-15,0.999943170982427,1.0076519324646,0.999163280488222,0.999992571165051,120471897.355737,120513404.05799,120.471897355737
DAI,2022-06-16,0.999992571165051,1.00026007806734,0.997908673439624,0.999483318221464,84168809.1992278,84212590.5040985,84.1688091992278
DAI,2022-06-17,0.999483318221464,1.00005447634462,0.998289223544351,0.998732157845368,76817526.3832087,76903480.5026694,76.8175263832087
DAI,2022-06-18,0.998732157845368,0.999918112298722,0.982546533843166,0.99828536106606,84075588.9169549,84197622.2185143,84.0755889169549
DAI,2022-06-19,0.99828536106606,1.00000710222641,0.997913346175666,0.999776572049014,61872447.0343915,61959286.094326,61.8724470343915
DAI,2022-06-20,0.999776572049014,1.00022767291124,0.99865962955074,0.999285837054186,74609190.0345169,74668878.1503585,74.6091900345169
DAI,2022-06-21,0.999285837054186,1.00008683940287,0.99881048174441,0.999664038431208,70691172.5392551,70735396.4765407,70.69117253925509
DAI,2022-06-22,0.999664038431208,1.00009011282466,0.999018312456754,0.999383123062419,66026279.5513663,66057607.0415723,66.0262795513663
DAI,2022-06-23,0.999383123062419,1.00000969896447,0.999090795455629,0.999707330837141,70094119.1936859,70134523.270772,70.0941191936859
DAI,2022-06-24,0.999707330837141,1.00037151604423,0.999423828294621,0.999612958878844,75720354.2436625,75738151.1730858,75.72035424366251
DAI,2022-06-25,0.999612958878844,1.00047099032219,0.999332308718861,1.00010654401614,73904912.8796715,73926284.0999914,73.9049128796715
DAI,2022-06-26,1.00010654401614,1.03359620633548,0.999549979525674,1.00003438780422,65524431.474605,65522393.3917207,65.524431474605
DAI,2022-06-27,1.00003438780422,1.01569551706988,0.999344802185512,1.00007191176073,75863591.5303259,75867731.5818821,75.8635915303259
DAI,2022-06-28,1.00007191176073,1.00070900196604,0.999675033616004,1.00014282272482,91300696.1486574,91279793.5165695,91.3006961486574
DAI,2022-06-29,1.00014282272482,1.00144301629981,0.999149944194012,0.999858060430666,19876894.5337051,19871420.9154287,19.8768945337051
DAI,2022-06-30,0.999858060430666,1.00023252291657,0.999394248282094,0.999908155951207,16169948.2958107,16172936.2655455,16.1699482958107
DAI,2022-07-01,0.999908155951207,1.00085641774271,0.999280115296467,0.999882156729418,17654537.0739897,17657530.9815426,17.6545370739897
DAI,2022-07-02,0.999882156729418,1.00014412898218,0.999353431914255,0.99976088928507,14219773.1373939,14223629.4800552,14.219773137393899
DAI,2022-07-03,0.99976088928507,1.00041330798876,0.99950991703502,0.999899087218778,11419780.0128005,11420553.2245829,11.4197800128005
DAI,2022-07-04,0.999899087218778,1.00082059578833,0.999194978211651,0.99973057875435,13190875.7556601,13190856.7369347,13.1908757556601
DAI,2022-07-05,0.99973057875435,1.00052255185184,0.999089712498561,0.999788405495644,14509304.0552909,14512297.8402947,14.509304055290901
DAI,2022-07-06,0.999788405495644,1.00077853262148,0.999437517799635,1.00002199375285,13295436.2161103,13296155.9560343,13.2954362161103
DAI,2022-07-07,1.00002199375285,1.00434731693662,0.999653828654054,1.00055585444158,12393558.7686046,12388701.7468042,12.393558768604601
DAI,2022-07-08,1.00055585444158,1.00163689660979,0.99966631451205,0.999937114462621,13192835.5148263,13191567.8582476,13.1928355148263
DAI,2022-07-09,0.999937114462621,1.00040486870469,0.999690683721427,0.999953998467774,8334721.10869152,8334588.92006799,8.33472110869152
DAI,2022-07-10,0.999953998467774,1.00110047974527,0.997265581675515,0.999749089771536,10074418.0807656,10083868.9946661,10.0744180807656
DAI,2022-07-11,0.999749089771536,1.00032961434624,0.998683789339036,0.999791332745367,13384919.9554122,13388377.3809382,13.3849199554122
DAI,2022-07-12,0.999791332745367,1.00007643606551,0.998968062598925,0.9994843133713,14573078.8590067,14589558.2724364,14.5730788590067
DAI,2022-07-13,0.9994843133713,1.00018557386462,0.994108097822735,1.00005048186648,16472114.2931887,16476981.2937428,16.4721142931887
DAI,2022-07-14,1.00005048186648,1.00018145964125,0.999556979811898,0.999962671220454,18301182.4959635,18304914.4984277,18.3011824959635
DAI,2022-07-15,0.999962671220454,1.00013711729716,0.994629787905743,0.99993439998918,16906033.5902722,16912324.1884045,16.906033590272198
DAI,2022-07-16,0.99993439998918,1.00133864464862,0.999683724025634,1.00035693819131,13788672.1121874,13788345.1812926,13.7886721121874
DAI,2022-07-17,1.00035693819131,1.0005553919499,0.997791085110795,0.999693773172521,12148029.388551,12147754.243944,12.148029388551
DAI,2022-07-18,0.999693773172521,1.00100830149482,0.999062032761553,1.0000798064433,24007086.1504151,24005926.7277107,24.007086150415102
DAI,2022-07-19,1.0000798064433,1.00049081026768,0.999668843792099,1.00018709831397,23304748.5147696,23301990.0036013,23.3047485147696
DAI,2022-07-20,1.00018709831397,1.00041286303812,0.999685089126459,1.00014715161609,20018478.2408133,20017621.6195677,20.0184782408133
DAI,2022-07-21,1.00014715161609,1.00054488569909,0.999901136631235,0.999958153917464,16927308.3324582,16924167.6474077,16.927308332458203
DAI,2022-07-22,0.999958153917464,1.00054760544403,0.999656797169409,1.00010723608485,34781254.5963803,34781910.9916924,34.7812545963803
DAI,2022-07-23,1.00010723608485,1.00037165805557,0.999702637466096,1.00006718464458,24063341.0096304,24062397.3814473,24.0633410096304
DAI,2022-07-24,1.00006718464458,1.00051853353939,0.999743006092979,1.00013123295161,26103386.7698592,26102576.3646941,26.1033867698592
DAI,2022-07-25,1.00013123295161,1.00063842534973,0.999582827256992,0.999850944231305,50819547.4347406,50828242.4796954,50.819547434740606
DAI,2022-07-26,0.999850944231305,1.00055386586556,0.999662620702768,1.00030814497347,64691387.4307732,64701399.4408539,64.6913874307732
DAI,2022-07-27,1.00030814497347,1.00062071538526,0.998416403517201,0.999612614626135,230242423.897437,230418163.119948,230.242423897437
DAI,2022-07-28,0.999612614626135,1.0001617990537,0.998816473721487,0.999775930386382,67662933.1828686,67685706.9892546,67.6629331828686
DAI,2022-07-29,0.999775930386382,1.00012607466521,0.99951360347489,0.999623941155408,33155980.5479791,33166435.0444912,33.1559805479791
DAI,2022-07-30,0.999623941155408,0.999842267562746,0.999315869557126,0.999619972956355,33127859.6301639,33142333.6141977,33.1278596301639
DAI,2022-07-31,0.999619972956355,1.0005121170822,0.999151734120578,0.999574477896846,105625303.199492,105682047.92451,105.625303199492
DAI,2022-08-01,0.999574477896846,1.00045325441907,0.99937482531777,0.999899092807749,78284833.6569807,78320242.5577736,78.2848336569807
DAI,2022-08-02,0.999899092807749,0.999937506158057,0.999120849951904,0.99967199064832,75488896.2535367,75523142.7846306,75.4888962535367
DAI,2022-08-03,0.99967199064832,0.999837602859581,0.998682632785854,0.99941434881824,44371867.2588867,44396973.8211845,44.3718672588867
DAI,2022-08-04,0.99941434881824,1.00025850030889,0.99811243225833,0.999282497458184,32758463.2011184,32783020.2587851,32.758463201118396
DAI,2022-08-05,0.999282497458184,0.999976788356383,0.998521513575739,0.999565184828796,48286808.1814414,48308713.4457893,48.286808181441394
DAI,2022-08-06,0.999565184828796,0.999910128464647,0.998894505191902,0.999176738408779,69734495.2233027,69778509.6389079,69.7344952233027
DAI,2022-08-07,0.999176738408779,1.00002449976159,0.998687584681148,0.999771420565417,32516053.7225774,32534270.1895192,32.516053722577404
DAI,2022-08-08,0.999771420565417,1.00096686079292,0.998695235916382,1.00007805367448,278430706.423849,278424914.63158,278.43070642384896
DAI,2022-08-09,1.00007805367448,1.00224207552341,0.999355134505747,1.00050089845983,149803441.892814,149751981.861253,149.80344189281402
DAI,2022-08-10,1.00050089845983,1.00118311673646,0.999502554022514,0.999733117651009,58096737.4061003,58107405.116928,58.0967374061003
DAI,2022-08-11,0.999733117651009,1.00030736186455,0.999378621476139,0.999478816286465,68450973.7775753,68478191.428066,68.4509737775753
DAI,2022-08-12,0.999478816286465,1.00022615944794,0.99930512841432,0.999365530832192,59753899.7466984,59783930.0758851,59.7538997466984
DAI,2022-08-13,0.999365530832192,1.00034090357807,0.999232581852808,0.999565715656172,28641741.1988219,28657753.8279124,28.641741198821897
DAI,2022-08-14,0.999565715656172,0.999720435917541,0.999262652391281,0.999489484114505,34032361.129426,34050766.5594413,34.032361129426
DAI,2022-08-15,0.999489484114505,0.999671992053561,0.999274552144078,0.999586415572476,51405508.8679049,51434372.6650136,51.4055088679049
DAI,2022-08-16,0.999586415572476,0.999967552370696,0.999484235333879,0.999752212642834,50737315.1865544,50752585.0339799,50.737315186554405
DAI,2022-08-17,0.999752212642834,0.999915092061113,0.99942661909486,0.99976699356533,37792724.2558614,37806722.2511494,37.7927242558614
DAI,2022-08-18,0.99976699356533,1.00012064154457,0.992892760872953,0.999797535409484,23487104.9539289,23492952.3035706,23.4871049539289
DAI,2022-08-19,0.999797535409484,1.00001065970391,0.999398374475891,0.999834738051246,56569040.3255855,56583792.8158851,56.5690403255855
DAI,2022-08-20,0.999834738051246,1.00006656374454,0.999573364771381,0.999760689231441,30025152.8636665,30033417.7397449,30.025152863666502
DAI,2022-08-21,0.999760689231441,1.00005261385692,0.999515348740007,0.999801355657008,28031402.1593902,28037103.6665863,28.0314021593902
DAI,2022-08-22,0.999801355657008,1.00020440794115,0.999714737335232,1.00000974469775,40239384.0542524,40240504.5192432,40.2393840542524
DAI,2022-08-23,1.00000974469775,1.00086901870286,0.999671189292394,0.999995517104876,36615660.354751,36618865.8009585,36.615660354751
DAI,2022-08-24,0.999995517104876,1.00040753832168,0.999799202223653,1.00008270100143,46689872.4458962,46673030.9085369,46.6898724458962
DAI,2022-08-25,1.00008270100143,1.0001316259959,0.999695187242743,0.99989839525013,23648916.2982745,23652084.0010104,23.6489162982745
DAI,2022-08-26,0.99989839525013,1.00013052001176,0.999615792100485,0.999895175986374,40621881.3949792,40627335.7652317,40.6218813949792
DAI,2022-08-27,0.999895175986374,1.00006834467559,0.999689785852866,0.999792311205906,56265506.7811851,56273765.2883618,56.265506781185096
DAI,2022-08-28,0.999792311205906,1.00077240972166,0.999690714028938,0.999830997842057,29152396.426288,29156676.6665373,29.152396426288
DAI,2022-08-29,0.999830997842057,1.00019086154175,0.999632534122054,0.999933160337985,67334913.5613567,67347356.7836898,67.3349135613567
DAI,2022-08-30,0.999933160337985,1.00008863673215,0.999672762603511,0.999839259679607,65328885.4678432,65338460.81951,65.3288854678432
DAI,2022-08-31,0.999839259679607,0.999959933175042,0.999504711273994,0.999877768954,66374945.0531142,66389817.0163913,66.3749450531142
DAI,2022-09-01,0.999877768954,1.00007899512198,0.999566144835344,1.00006307730712,39841503.5629423,39847717.7898336,39.8415035629423
DAI,2022-09-02,1.00006307730712,1.00008692219728,0.999640097585303,0.999782014171925,36701600.3464317,36706997.9456867,36.701600346431704
DAI,2022-09-03,0.999782014171925,0.99988307190202,0.999410280213267,0.999698257666525,28965721.8599916,28975115.9336376,28.9657218599916
DAI,2022-09-04,0.999698257666525,1.00023113697717,0.99916083699959,1.00011666132877,89510147.6645207,89529585.8501139,89.5101476645207
DAI,2022-09-05,1.00011666132877,1.00053921148552,0.999500175314922,0.999877062106249,75683939.8460074,75674978.7544537,75.6839398460074
DAI,2022-09-06,0.999877062106249,1.00001246199758,0.999374234217928,0.999760510916701,46287814.2677525,46300732.9233129,46.287814267752495
DAI,2022-09-07,0.999760510916701,0.999947081017807,0.999523496245667,0.999694095300536,29969935.14277,29977467.4954093,29.969935142769998
DAI,2022-09-08,0.999694095300536,1.00051426192638,0.999127174352711,0.999638339202737,26532489.6447242,26537625.9006695,26.5324896447242
DAI,2022-09-09,0.999638339202737,1.00012507381122,0.999340017353234,0.999663079975636,34155779.1140851,34164520.7023038,34.1557791140851
DAI,2022-09-10,0.999663079975636,0.999781324173648,0.999386241693999,0.999650733506032,34280420.4037963,34295003.9418395,34.2804204037963
DAI,2022-09-11,0.999650733506032,0.999743870379109,0.999558759091848,0.999604380859758,20449501.0113212,20457090.6667883,20.4495010113212
DAI,2022-09-12,0.999604380859758,1.00021473424131,0.999556140798195,0.999702695438839,34049607.2912515,34053619.0167602,34.049607291251505
DAI,2022-09-13,0.999702695438839,1.00068593870081,0.999175198844501,0.999852790683062,58671253.7651754,58686584.1504837,58.6712537651754
DAI,2022-09-14,0.999852790683062,1.00002134858377,0.99926480811117,0.999637980631495,49186543.4855882,49197173.5721019,49.1865434855882
DAI,2022-09-15,0.999637980631495,1.00106001078908,0.999111689592865,0.999775986959621,105251488.650019,105281381.854818,105.251488650019
DAI,2022-09-16,0.999775986959621,0.999997155728567,0.999007453195722,0.999653906205651,63519243.878873,63540688.0939594,63.519243878873
DAI,2022-09-17,0.999653906205651,1.00041830982885,0.99911226150531,0.999449795236593,17899148.1970412,17906310.1121039,17.8991481970412
DAI,2022-09-18,0.999449795236593,0.999891880895812,0.999333437920007,0.999705555479961,24718819.0719979,24727164.1264229,24.7188190719979
DAI,2022-09-19,0.999705555479961,0.999827710089484,0.999238698587178,0.999796236621251,37042601.5127008,37062411.5293576,37.042601512700806
DAI,2022-09-20,0.999796236621251,0.999929377813813,0.999137194264929,0.999833067757294,31879455.7519471,31889546.1314658,31.879455751947102
DAI,2022-09-21,0.999833067757294,1.00076698678907,0.998578368133474,0.999441667953793,36880021.1699797,36807219.9852315,36.8800211699797
DAI,2022-09-22,0.999441667953793,1.0012956075505,0.996684577653117,0.998946017720635,68301594.2036063,68334994.5074411,68.3015942036063
DAI,2022-09-23,0.998946017720635,1.0013229132475,0.998649811798493,0.998850500520329,42738721.2106798,42736841.0300474,42.7387212106798
DAI,2022-09-24,0.998850500520329,1.00249709104479,0.997422769023282,0.997946187900224,45990415.8135869,45989030.9942362,45.9904158135869
DAI,2022-09-25,0.997946187900224,1.00319777117658,0.996798500214372,0.997170202649005,30339320.7528459,30330786.8346128,30.339320752845897
DAI,2022-09-26,0.997170202649005,1.00427818564342,0.996587933453418,0.998102080009003,48741639.9603826,48728112.2224256,48.74163996038261
DAI,2022-09-27,0.998102080009003,1.0025939341883,0.998034914523718,0.998684828083626,34294234.1173114,34297396.5440642,34.294234117311404
DAI,2022-09-28,0.998684828083626,1.00402594244734,0.998218804655276,0.998397631645519,34284016.6975963,34287678.93534,34.2840166975963
DAI,2022-09-29,0.998397631645519,1.00990187053829,0.997896014013802,0.998519077644313,43331074.5822249,43308756.5115072,43.3310745822249
DAI,2022-09-30,0.998519077644313,1.00126516981434,0.998320038879468,0.999124256618155,52743420.4983839,52745411.0641532,52.743420498383905
DAI,2022-10-01,0.999124256618155,1.00214872885879,0.997952779293662,0.998251767635787,28194660.2806476,28189600.7605767,28.194660280647597
DAI,2022-10-02,0.998251767635787,1.00282202676193,0.997063613411809,0.997289523011447,25666705.5659756,25661056.9160188,25.666705565975597
DAI,2022-10-03,0.997289523011447,1.00270325229391,0.997226507746107,0.998634301804757,50851193.4997714,50854357.2086713,50.8511934997714
DAI,2022-10-04,0.998634301804757,1.00138795158373,0.998353381302922,1.00011038699057,44076474.940254,44095457.023485,44.076474940254
DAI,2022-10-05,1.00011038699057,1.00259581566837,0.998273385132226,1.00070246259791,33021165.3329942,33049243.456243,33.0211653329942
DAI,2022-10-06,1.00070246259791,1.00112294362143,0.998408401051309,0.998728413330597,41780101.0831614,41785955.55879,41.7801010831614
DAI,2022-10-07,0.998728413330597,1.00157145424585,0.998384020278994,0.998521198571045,31370553.1094196,31370547.413042,31.3705531094196
DAI,2022-10-08,0.998521198571045,1.00197765172125,0.998034627045802,0.998426323923257,25953497.4715639,25950102.0235851,25.953497471563903
DAI,2022-10-09,0.998426323923257,1.00234921939187,0.997719636521804,0.998066196913387,29262390.4316217,29256762.7426835,29.2623904316217
DAI,2022-10-10,0.998066196913387,1.0021519809492,0.997613189858562,0.999067516268462,35595341.5906479,35597976.7613934,35.5953415906479
DAI,2022-10-11,0.999067516268462,1.00095138231602,0.998754721434769,0.999306283614745,64829943.5357083,64845457.2395794,64.8299435357083
DAI,2022-10-12,0.999306283614745,1.0008593602238,0.998983561200974,0.999729026408247,50288143.0433331,50287439.0147515,50.2881430433331
DAI,2022-10-13,0.999729026408247,1.00089490469595,0.998953191261672,1.00015037536982,101019580.509757,101025935.86805,101.01958050975699
DAI,2022-10-14,1.00015037536982,1.00075942806594,0.999126577741264,0.999806210582168,75442479.8038035,75447363.5303499,75.44247980380351
DAI,2022-10-15,0.999806210582168,1.00219124963256,0.998463137840348,0.998584852105261,27548296.7817799,27548124.5792578,27.5482967817799
DAI,2022-10-16,0.998584852105261,1.00246170288449,0.997520153359605,0.998135981034846,18027440.9801439,18025037.3442664,18.0274409801439
DAI,2022-10-17,0.998135981034846,1.00177885485863,0.998126753345291,0.998929063949464,39108915.6348115,39106130.2602736,39.108915634811495
DAI,2022-10-18,0.998929063949464,1.00205619226105,0.997988020129484,0.998791901443626,33737647.4362028,33732303.3103722,33.7376474362028
DAI,2022-10-19,0.998791901443626,1.00163807153698,0.998274119382114,0.998860281840451,34459865.8183818,34457450.3966927,34.4598658183818
DAI,2022-10-20,0.998860281840451,1.00139366297993,0.998434454113003,0.999045893429717,32124431.2228246,32122057.686012,32.1244312228246
DAI,2022-10-21,0.999045893429717,1.00307236544127,0.997031599521532,0.997999135234794,33147746.1270538,33144837.8574515,33.1477461270538
DAI,2022-10-22,0.997999135234794,1.00248904909407,0.9978373347466,0.999233418079026,45332073.9321329,45339702.9185247,45.3320739321329
DAI,2022-10-23,0.999233418079026,1.00124602360452,0.998440984377532,0.999360933606846,31484318.1383407,31484806.045921,31.4843181383407
DAI,2022-10-24,0.999360933606846,1.00194129361997,0.997835169392373,0.998845938711651,46737969.7955222,46736958.6688293,46.7379697955222
DAI,2022-10-25,0.998845938711651,1.00165599981657,0.998432067509939,0.999456188292975,57306561.3172028,57307618.9571763,57.3065613172028
DAI,2022-10-26,0.999456188292975,1.00119308862361,0.998663926456702,0.999117489770436,55060898.3262007,55058885.6560201,55.0608983262007
DAI,2022-10-27,0.999117489770436,1.00139696234928,0.99817968931278,0.999130263347123,45479263.6228943,45478318.203913,45.4792636228943
DAI,2022-10-28,0.999130263347123,0.999954474131449,0.998199231716224,0.998547965564092,64999255.6863338,65013838.433946,64.9992556863338
DAI,2022-10-29,0.998547965564092,1.0011346946823,0.998361808583337,0.998874655872377,48715868.4383221,48727343.9775454,48.7158684383221
DAI,2022-10-30,0.998874655872377,1.00202172764711,0.980786780055379,0.998427318478588,36905761.9523,36930077.3555928,36.9057619523
DAI,2022-10-31,0.998427318478588,1.00191659685553,0.987166234875325,0.998792824491056,31950863.6682483,31954767.7906026,31.9508636682483
DAI,2022-11-01,0.998792824491056,1.00194995222237,0.997328310314682,0.999523556465459,30282559.3926405,30282281.0145524,30.2825593926405
DAI,2022-11-02,0.999523556465459,1.0012502944918,0.998341170423868,0.999194984677464,24545975.9473675,24549171.835024,24.545975947367502
DAI,2022-11-03,0.999194984677464,1.00106205035895,0.9978997989121,1.00040791967623,20483537.0422201,20490890.9763088,20.4835370422201
DAI,2022-11-04,1.00040791967623,1.00150510141719,0.996168252202104,0.998501796400597,34473339.6748888,34478314.2572289,34.4733396748888
DAI,2022-11-05,0.998501796400597,1.00155939009034,0.997869819584801,0.99872309516466,15652139.2505443,15658438.2429226,15.6521392505443
DAI,2022-11-06,0.99872309516466,1.00089009868487,0.99787269919805,0.999266262725351,17345367.8806551,17352556.7708964,17.3453678806551
DAI,2022-11-07,0.999266262725351,1.00060054514644,0.998758693407939,0.999070816859292,42578424.6454895,42583664.6938402,42.5784246454895
DAI,2022-11-08,0.999070816859292,1.00224927960473,0.998861964223144,0.99999679688111,80167748.0750965,80106535.6289836,80.1677480750965
DAI,2022-11-09,0.99999679688111,1.00596372225007,0.998897460977042,1.00205059328402,123100812.497587,122875431.325873,123.100812497587
DAI,2022-11-10,1.00205059328402,1.02000379286247,0.996877980972397,0.997057562720785,200014922.501182,199609232.446407,200.01492250118199
DAI,2022-11-11,0.997057562720785,1.00252277932832,0.99660929230892,0.998491019160921,64860070.2814472,64864419.4695545,64.86007028144721
DAI,2022-11-12,0.998491019160921,1.00140344048211,0.997976032351426,0.998010601095041,36703812.5345122,36717777.2858467,36.7038125345122
DAI,2022-11-13,0.998010601095041,1.00500210312546,0.997532841737728,0.998556613490464,39229196.9742878,39231770.4458547,39.2291969742878
DAI,2022-11-14,0.998556613490464,1.00446103298761,0.998186398630484,1.00143918450868,49522794.7226992,49520053.6741877,49.5227947226992
DAI,2022-11-15,1.00143918450868,1.00432098735573,0.998273073871083,1.00016187357317,43333627.4059643,43305006.9221718,43.3336274059643
DAI,2022-11-16,1.00016187357317,1.00255978539342,0.999190471703361,1.00002080994975,44306770.2424536,44308800.9834225,44.306770242453595
DAI,2022-11-17,1.00002080994975,1.0029666203818,0.993337956991366,0.999820760284717,30858398.9414159,30869775.8319587,30.8583989414159
DAI,2022-11-18,0.999820760284717,1.0008636823616,0.997024469530707,1.0006565378951,25502369.8656298,25527224.5026302,25.5023698656298
DAI,2022-11-19,1.0006565378951,1.00310719014723,0.998101091007573,1.00192507905905,19089745.3745717,19094055.8276205,19.0897453745717
DAI,2022-11-20,1.00192507905905,1.00196160640942,0.997583367474799,0.999172193208451,21927072.9618258,21934211.4753678,21.9270729618258
DAI,2022-11-21,0.999172193208451,1.00044956530678,0.997880142148201,0.999873915736346,45486249.3858106,45496814.507027,45.4862493858106
DAI,2022-11-22,0.999873915736346,1.00032374302755,0.998650746669514,0.999448333397285,36844421.611997,36853441.686101,36.844421611997
DAI,2022-11-23,0.999448333397285,1.00027720882833,0.999037903639081,0.999855212880424,41076739.6965907,41085846.1392974,41.0767396965907
DAI,2022-11-24,0.999855212880424,1.00051675056599,0.998974157308942,0.999458628513113,24498839.0799304,24505993.2749324,24.4988390799304
DAI,2022-11-25,0.999458628513113,1.0004938617165,0.998227762134266,0.999814492516556,25322638.2361683,25348151.4379005,25.3226382361683
DAI,2022-11-26,0.999814492516556,1.00055353085649,0.998248537242633,0.998378597154566,13158459.6075278,13160093.1635073,13.1584596075278
DAI,2022-11-27,0.998378597154566,1.00441768788548,0.99706558647521,0.999573014724121,10734161.9530854,10739340.7208125,10.7341619530854
DAI,2022-11-28,0.999573014724121,1.00020293577856,0.998931030094495,0.999524849269572,42740562.080909,42755745.0996716,42.740562080909
DAI,2022-11-29,0.999524849269572,1.00030721697028,0.998947482766195,0.99958993483646,53433209.4005566,53458837.1367515,53.4332094005566
DAI,2022-11-30,0.99958993483646,1.00011467465617,0.99923866710691,0.999796700697301,34507392.1003261,34515911.431478,34.5073921003261
DAI,2022-12-01,0.999796700697301,1.00027069971471,0.999021859077984,0.999879587566081,26339426.9889097,26345749.5206214,26.3394269889097
DAI,2022-12-02,0.999879587566081,1.00036145579791,0.999238148644244,0.999663875671607,24423154.1553346,24426455.6593926,24.4231541553346
DAI,2022-12-03,0.999663875671607,1.00031057942765,0.999477666802596,0.999835348461223,14738384.6625747,14740951.3699646,14.738384662574699
DAI,2022-12-04,0.999835348461223,1.00033300128361,0.999581382337036,0.999727768223033,16348514.361511,16350943.0408678,16.348514361511
DAI,2022-12-05,0.999727768223033,1.00066836252814,0.998644344896156,0.999144896829689,26420461.7603496,26425006.8488135,26.420461760349603
DAI,2022-12-06,0.999144896829689,1.00069795692594,0.997630890285702,0.999298612888699,19076867.4063256,19079364.655388,19.0768674063256
DAI,2022-12-07,0.999298612888699,1.00043360655633,0.997970918716026,0.999427770299301,16553940.0922736,16555589.0076517,16.5539400922736
DAI,2022-12-08,0.999427770299301,1.00031527233182,0.998635528312889,0.999720416886512,19158500.3770347,19165795.2088168,19.158500377034702
DAI,2022-12-09,0.999720416886512,1.00023131952205,0.999019076194233,0.999708791638998,14012478.2439103,14018289.3230332,14.0124782439103
DAI,2022-12-10,0.999708791638998,1.00058149103178,0.998498157886506,0.999727588123493,12011874.764022,12009070.2464037,12.011874764022
DAI,2022-12-11,0.999727588123493,1.00039299566669,0.997680598553447,0.999491988968824,11682344.9818062,11686120.7317859,11.6823449818062
DAI,2022-12-12,0.999491988968824,1.00046599161843,0.99845086742346,0.99975149712289,31008979.6476832,31013641.3281194,31.008979647683198
DAI,2022-12-13,0.99975149712289,1.00079217311732,0.998758226402205,0.999343404603562,64889897.1058741,64902169.5873827,64.8898971058741
DAI,2022-12-14,0.999343404603562,1.00051200428913,0.998779321759674,0.999503546366071,33855119.8198123,33866685.6297817,33.855119819812295
DAI,2022-12-15,0.999503546366071,1.00116964863801,0.999148254565965,0.999519724850846,27396632.2205292,27399040.6480836,27.3966322205292
DAI,2022-12-16,0.999519724850846,1.00041265663718,0.998605337401628,0.999770645221176,33404915.7025036,33410676.3840219,33.4049157025036
DAI,2022-12-17,0.999770645221176,1.00187214332401,0.999333077358171,0.999983842301249,15915671.7505673,15916068.7104551,15.9156717505673
DAI,2022-12-18,0.999983842301249,1.00030546998231,0.999322825406461,0.999751940971327,11113880.704109,11114395.300562,11.113880704109
DAI,2022-12-19,0.999751940971327,1.00008444840839,0.999188272077876,0.999494754484327,16591020.3238515,16595032.1079675,16.5910203238515
DAI,2022-12-20,0.999494754484327,1.00066666101248,0.998946038339031,0.999748101374842,24860672.2311438,24862610.7906491,24.8606722311438
DAI,2022-12-21,0.999748101374842,1.00055014524757,0.998832303173809,0.999742766950595,16504061.0138888,16507540.8332357,16.5040610138888
DAI,2022-12-22,0.999742766950595,1.00014149221825,0.999400278198108,0.999901253072541,20987612.7255616,20994326.0928671,20.9876127255616
DAI,2022-12-23,0.999901253072541,1.00024376140764,0.999422150741436,0.999576578446763,23480638.2941166,23488781.9857847,23.480638294116602
DAI,2022-12-24,0.999576578446763,1.00017638380062,0.999047289807403,0.999418382250479,6612090.67313776,6614899.70876509,6.61209067313776
DAI,2022-12-25,0.999418382250479,0.999989858004797,0.997638560504202,0.999870914770145,7094269.76323276,7097787.00080861,7.09426976323276
DAI,2022-12-26,0.999870914770145,0.999976100407347,0.998694499591202,0.99975809817612,11542480.1063074,11548785.0837586,11.5424801063074
DAI,2022-12-27,0.99975809817612,0.999969496235346,0.999140759759466,0.999823003358138,22372238.6546383,22379359.1744284,22.372238654638302
DAI,2022-12-28,0.999823003358138,1.00011097746664,0.999455234312896,0.999455234312896,21260073.4405038,21263658.3939765,21.2600734405038
DAI,2022-12-29,0.999455234312896,1.00157121932006,0.998357492754849,0.999803922966285,24658624.3334396,24654341.4430922,24.6586243334396
DAI,2022-12-30,0.999803922966285,1.00364980749213,0.997995703125207,0.999820313654767,26051750.1943974,26054576.4661401,26.0517501943974
DAI,2022-12-31,0.999820313654767,1.00031946447079,0.997233776988692,1.0001028169822,12137534.6891291,12140021.1926203,12.1375346891291
DAI,2023-01-01,1.0001028169822,1.00079705160862,0.996349987855599,0.999737262204103,11345467.3291119,11345439.6196484,11.3454673291119
DAI,2023-01-02,0.999737262204103,1.00818620401195,0.99571417057683,0.999701154426864,17565472.0023591,17571402.3020307,17.5654720023591
DAI,2023-01-03,0.999701154426864,1.00018916879149,0.997023225911425,0.999660852330215,21392989.5982146,21400017.9219274,21.3929895982146
DAI,2023-01-04,0.999660852330215,1.00354499233939,0.996004063248795,0.999493764087225,26823920.475857,26826459.3859718,26.823920475857
DAI,2023-01-05,0.999493764087225,1.00455669201268,0.996985734137073,0.999525386850855,24747921.5813338,24749405.1727909,24.747921581333802
DAI,2023-01-06,0.999525386850855,1.0048748197182,0.997601217485693,0.99969461974395,23860290.3179241,23867835.4612708,23.8602903179241
DAI,2023-01-07,0.99969461974395,1.00533856776457,0.997648547325435,0.999752600930605,17538907.3551677,17548686.3792366,17.5389073551677
DAI,2023-01-08,0.999752600930605,1.00015490152266,0.999146621737592,0.999674250746903,14328241.6682475,14333983.6021335,14.3282416682475
DAI,2023-01-09,0.999674250746903,1.0000176925189,0.998065134183348,0.99980006240356,38020462.1019327,38032836.9543912,38.020462101932694
DAI,2023-01-10,0.99980006240356,1.00040155168162,0.998964111001239,0.999750373291213,22774749.5143597,22783074.6654039,22.7747495143597
DAI,2023-01-11,0.999750373291213,0.999939106102163,0.999066356607559,0.999797083778589,33286683.4303764,33302746.3747037,33.2866834303764
DAI,2023-01-12,0.999797083778589,1.0002337167669,0.999178443790022,0.999746795122653,32744903.1301463,32752484.1956985,32.7449031301463
DAI,2023-01-13,0.999746795122653,1.00032593504355,0.999285488186173,1.00017437523172,23014274.1640628,23015883.6170363,23.0142741640628
DAI,2023-01-14,1.00017437523172,1.00024270777999,0.999447694302396,1.00000888074206,34231253.6190618,34238262.6589512,34.231253619061796
DAI,2023-01-15,1.00000888074206,1.00014855476264,0.99925616951077,0.999614084191153,17482974.0572736,17490676.7433979,17.4829740572736
DAI,2023-01-16,0.999614084191153,0.999941386912355,0.999226792593808,0.999861263382698,25123283.5480698,25133652.833767,25.1232835480698
DAI,2023-01-17,0.999861263382698,1.00012622661797,0.999317240779493,0.999926235618619,29123128.1523435,29128354.1932004,29.1231281523435
DAI,2023-01-18,0.999926235618619,1.00022496586439,0.999280872851432,0.999739157992934,33302079.846967,33317347.9848332,33.302079846967
DAI,2023-01-19,0.999739157992934,1.00018988491038,0.999080167166546,0.999989600674694,18760582.0327695,18764870.9214149,18.760582032769502
DAI,2023-01-20,0.999989600674694,1.00011115084955,0.999572087217463,0.99984485371442,27480097.5696563,27482281.2145487,27.4800975696563
DAI,2023-01-21,0.99984485371442,1.00041040097173,0.999395839876287,0.9998261248717,26034274.2512032,26044774.435753,26.0342742512032
DAI,2023-01-22,0.9998261248717,0.9999667806968,0.999591195298974,0.99974029087911,15712361.9933726,15716126.6969873,15.7123619933726
DAI,2023-01-23,0.99974029087911,1.00014249647706,0.998808287129028,0.999866962653206,28722824.5699307,28729939.3412906,28.722824569930697
DAI,2023-01-24,0.999866962653206,1.00000804360651,0.999510707802628,0.999740345815813,26994012.9042521,27010732.1113537,26.994012904252102
DAI,2023-01-25,0.999740345815813,1.00001059111375,0.999548992745495,0.999949297057252,26516561.2006044,26517270.6556983,26.5165612006044
DAI,2023-01-26,0.999949297057252,1.00004055052624,0.99920999707515,0.999642625885219,24297476.1887487,24297902.5331861,24.2974761887487
DAI,2023-01-27,0.999642625885219,0.999946351397452,0.999175118635617,0.999693402188818,25324009.0443364,25335162.1617893,25.3240090443364
DAI,2023-01-28,0.999693402188818,0.999994977129257,0.99878762457599,0.999535632195564,13373402.1571351,13379321.9167365,13.3734021571351
DAI,2023-01-29,0.999535632195564,0.999991524713252,0.999395380461522,0.999806843084902,18072360.3245038,18075524.1707281,18.0723603245038
DAI,2023-01-30,0.999806843084902,0.999912708664339,0.999338281754991,0.999669078024998,35050551.4729235,35058361.4216647,35.0505514729235
DAI,2023-01-31,0.999669078024998,1.00006316345709,0.999393451273847,0.999624643346296,19138002.3057764,19144507.5482984,19.1380023057764
DAI,2023-02-01,0.999624643346296,1.00040452242349,0.999299413268795,0.999795754025121,27472096.6211953,27479399.1996206,27.472096621195302
DAI,2023-02-02,0.999795754025121,1.00028214720075,0.99794662978239,0.999641720492217,38211041.6894583,38227003.0991492,38.211041689458305
DAI,2023-02-03,0.999641720492217,1.00094044411926,0.999420235708631,0.999632122730198,25962642.9737503,25965602.9417866,25.962642973750302
DAI,2023-02-04,0.999632122730198,1.00579727891092,0.995707703129383,1.00003729487187,14791523.3924302,14796184.6632061,14.7915233924302
DAI,2023-02-05,1.00003729487187,1.00016440638385,0.998103226263767,0.999797115312713,16046513.9156456,16054605.6949539,16.046513915645598
DAI,2023-02-06,0.999797115312713,0.999948228297336,0.999337354702861,0.999648672925719,27456437.6101705,27467478.8077813,27.4564376101705
DAI,2023-02-07,0.999648672925719,0.999973322109697,0.999160779461893,0.999320823539318,23638121.4955699,23646783.5041751,23.638121495569898
DAI,2023-02-08,0.999320823539318,1.00027294610762,0.998746463257474,0.999339607975421,55406153.7080042,55454322.8334851,55.4061537080042
DAI,2023-02-09,0.999339607975421,1.0006506770821,0.999158676507616,0.99968706102565,34014294.6975163,34018193.7879216,34.0142946975163
DAI,2023-02-10,0.99968706102565,0.999924093033998,0.999180856797591,0.999639474877328,24338080.3279183,24349902.0914973,24.3380803279183
DAI,2023-02-11,0.999639474877328,0.999902186699798,0.999086792097005,0.999660765703383,10434281.489492,10443342.8316321,10.434281489492
DAI,2023-02-12,0.999660765703383,0.999850842824675,0.99937935996248,0.99981214351221,10213374.8007289,10217488.5437265,10.2133748007289
DAI,2023-02-13,0.99981214351221,1.00091662327847,0.998177545743782,1.00050668838839,76573997.743341,76605595.5564149,76.573997743341
DAI,2023-02-14,1.00050668838839,1.00093209084591,0.999091450352768,0.999692086118952,46332538.26324,46350529.564812,46.332538263240004
DAI,2023-02-15,0.999692086118952,0.999944119989524,0.998856943316074,0.999191315364593,38677818.8407561,38699768.9263091,38.6778188407561
DAI,2023-02-16,0.999191315364593,1.00005949834387,0.999103183405049,0.999700236104223,46007535.573683,46028387.3895064,46.007535573683
DAI,2023-02-17,0.999700236104223,0.999980108836894,0.999509873869523,0.999595765613783,37031336.7195017,37041001.8124194,37.031336719501695
DAI,2023-02-18,0.999595765613783,1.00012226210475,0.999490760046327,0.999953318367129,16058230.4275456,16062462.825303,16.0582304275456
DAI,2023-02-19,0.999953318367129,1.00041985379981,0.999471140437735,1.00001697329915,20268375.1030318,20269805.1205344,20.2683751030318
DAI,2023-02-20,1.00001697329915,1.00023773058816,0.999411655946244,0.999586251312728,31014633.8804379,31012943.5686376,31.0146338804379
DAI,2023-02-21,0.999586251312728,1.00031926801908,0.999435798956126,0.999822676616766,32868673.2344523,32876823.4352075,32.8686732344523
DAI,2023-02-22,0.999822676616766,1.00204082181116,0.998097290878478,0.999804140526047,35290977.1452362,35213801.8344991,35.290977145236205
DAI,2023-02-23,0.999804140526047,1.00013516809081,0.999157040318864,0.999891801423241,34495606.0628858,34513389.1197082,34.4956060628858
DAI,2023-02-24,0.999891801423241,1.00748219140171,0.999479014929125,0.999839873757137,29875040.8100315,29876630.933863,29.8750408100315
DAI,2023-02-25,0.999839873757137,1.00064187604518,0.999693152388227,0.999980422150209,11017043.5713019,11018033.476989,11.0170435713019
DAI,2023-02-26,0.999980422150209,1.00050757752804,0.998641804613869,0.999808217161427,10253778.9482879,10255047.2519633,10.2537789482879
DAI,2023-02-27,0.999808217161427,1.00065061833482,0.998516151131645,0.99971562895155,25310794.2014207,25312520.174109,25.3107942014207
DAI,2023-02-28,0.99971562895155,1.00144189050368,0.999485284640603,0.999631105121805,20279060.6800735,20288018.4372036,20.2790606800735
DAI,2023-03-01,0.999631105121805,1.00018162665948,0.998616001933426,0.999678602681691,26049883.0202913,26061990.526705,26.049883020291297
DAI,2023-03-02,0.999678602681691,1.0003853387193,0.999086083050428,1.0002491666045,44604846.2199714,44619745.2138317,44.60484621997141
DAI,2023-03-03,1.0002491666045,1.00051491502724,0.997838162199645,0.999574461551904,26116963.9771076,26129122.8634502,26.1169639771076
DAI,2023-03-04,0.999574461551904,0.999837158647747,0.999104037785847,0.999676573252391,11835938.9754272,11843290.9691969,11.835938975427199
DAI,2023-03-05,0.999676573252391,1.00013813776017,0.999347422405638,0.999579221987449,13089940.9167921,13096474.7907278,13.0899409167921
DAI,2023-03-06,0.999579221987449,1.00039488253417,0.998361625396631,0.999735951477926,20397594.6725155,20412124.6281731,20.3975946725155
DAI,2023-03-07,0.999735951477926,1.00016650252349,0.998888766725274,0.99906004494157,19908613.6972949,19914769.8953042,19.9086136972949
DAI,2023-03-08,0.99906004494157,1.00062079083924,0.997620697327681,0.99903628115227,21284848.4794583,21306494.5242051,21.284848479458297
DAI,2023-03-09,0.99903628115227,1.00119240338244,0.99767306969308,0.999779259926939,31116205.1837884,31148930.1054145,31.1162051837884
DAI,2023-03-10,0.999779259926939,1.00099254774095,0.998141125391258,0.998164004605689,71498065.8402046,71513241.8735557,71.4980658402046
DAI,2023-03-11,0.998164004605689,0.998865377634365,0.889322918256781,0.972312970684908,601499955.300804,638752499.658929,601.499955300804
DAI,2023-03-12,0.972312970684908,0.994480247480097,0.946804915201224,0.993254316112156,259097525.618,264597923.32256,259.097525618
DAI,2023-03-13,0.993254316112156,1.0002596393431,0.987929994873358,0.999129372257644,251774624.454942,252921761.965359,251.774624454942
DAI,2023-03-14,0.999129372257644,1.00044333699879,0.996538662839563,0.999139527392407,85728580.7418004,85837003.4979588,85.7285807418004
DAI,2023-03-15,0.999139527392407,1.00018356032309,0.997455963025248,0.998901968801026,53782774.0863214,53853875.4270801,53.782774086321396
DAI,2023-03-16,0.998901968801026,1.00041677838846,0.998010355933426,0.999399530497369,67334488.2376141,67393571.6144661,67.3344882376141
DAI,2023-03-17,0.999399530497369,1.00996164388008,0.998197813000156,0.999241960023251,38589253.2242863,38612293.2870569,38.5892532242863
DAI,2023-03-18,0.999241960023251,1.00008597178715,0.998631874663591,0.998830569119855,21654291.3811834,21671744.6346301,21.654291381183402
DAI,2023-03-19,0.998830569119855,0.999915950028298,0.998419088089925,0.998992367862643,16600890.0067465,16617396.0428839,16.6008900067465
DAI,2023-03-20,0.998992367862643,0.99983027249208,0.998169145895103,0.998599814509037,23275534.9118195,23294913.589175,23.2755349118195
DAI,2023-03-21,0.998599814509037,0.999799068922922,0.998103225526261,0.999301851107083,33459884.7097532,33494561.9404615,33.4598847097532
DAI,2023-03-22,0.999301851107083,0.99979125527217,0.998522752788153,0.999258990338615,31661864.155104,31696237.5364847,31.661864155104
DAI,2023-03-23,0.999258990338615,1.0000147921124,0.998713290960814,0.999223785395651,42159207.8443281,42184845.7754504,42.1592078443281
DAI,2023-03-24,0.999223785395651,0.999859233961721,0.996631214796528,0.99972263616883,37083576.5676982,37097229.7244634,37.0835765676982
DAI,2023-03-25,0.99972263616883,1.00001799602321,0.999149944050749,0.999230905353398,16789686.8727724,16792418.7158425,16.7896868727724
DAI,2023-03-26,0.999230905353398,0.999827676231732,0.998758758372132,0.99938278944673,15306817.5920405,15314865.4373645,15.306817592040499
DAI,2023-03-27,0.99938278944673,0.999599566613192,0.998924521088292,0.999427266284395,25162572.0683051,25176936.0894612,25.162572068305103
DAI,2023-03-28,0.999427266284395,1.00105649743628,0.999131201238031,0.999744988519095,29078476.3290698,29093162.5573081,29.0784763290698
DAI,2023-03-29,0.999744988519095,1.00047491968043,0.998999589273327,0.999612230760452,33702068.020711,33722987.5508259,33.702068020710996
DAI,2023-03-30,0.999612230760452,0.999765117575842,0.999073163198233,0.999691119484302,24691413.1908718,24705962.2014995,24.691413190871803
DAI,2023-03-31,0.999691119484302,1.0001278346382,0.999397465250916,0.999671309390687,24725595.9860867,24732195.7529574,24.7255959860867
DAI,2023-04-01,0.999671309390687,0.999816995641103,0.998849841679693,0.999220448247713,13290448.8457761,13294234.34639,13.2904488457761
DAI,2023-04-02,0.999220448247713,0.999786021445197,0.998804947155941,0.999613184114426,10947310.797175,10954675.3183819,10.947310797175
DAI,2023-04-03,0.999613184114426,0.999926285793997,0.999265828134532,0.999614988829745,30087936.8306262,30098498.8986284,30.0879368306262
DAI,2023-04-04,0.999614988829745,0.999937161742786,0.999145246769426,0.999525493957598,38757222.370355,38768749.4290596,38.757222370355
DAI,2023-04-05,0.999525493957598,0.999801986778615,0.999091520680046,0.999329904748001,24862639.6977536,24873672.9213656,24.8626396977536
DAI,2023-04-06,0.999329904748001,0.999764003837475,0.99923974405233,0.999478541669594,19818925.4568545,19827108.6425022,19.8189254568545
DAI,2023-04-07,0.999478541669594,0.999764937841357,0.999143018239864,0.999249412804933,22692027.2365704,22703703.3463277,22.6920272365704
DAI,2023-04-08,0.999249412804933,0.999583553686251,0.998879867433227,0.999262157773755,11738409.0655187,11747880.2911443,11.738409065518699
DAI,2023-04-09,0.999262157773755,0.999685270909293,0.999092720263442,0.999476107741572,15857124.3708172,15866711.8100508,15.8571243708172
DAI,2023-04-10,0.999476107741572,1.00030880410139,0.998845636573152,0.999120106290579,27514369.1303328,27531803.1906903,27.514369130332803
DAI,2023-04-11,0.999120106290579,0.999793769746604,0.999071652582706,0.999263263602936,35500293.7499239,35519985.610556,35.5002937499239
DAI,2023-04-12,0.999263263602936,1.00349092844796,0.998999052917956,0.999632982117117,37795322.0195286,37806921.2301909,37.7953220195286
DAI,2023-04-13,0.999632982117117,1.00032210631647,0.999201917916744,0.999451904612843,21731063.5201251,21738953.7467206,21.731063520125097
DAI,2023-04-14,0.999451904612843,1.00152286236487,0.997478812447697,0.997608880900028,15268153.1339906,15278675.8953302,15.268153133990602
DAI,2023-04-15,0.997608880900028,0.99986043329808,0.997330395396368,0.999666599129665,14436861.1471611,14446039.4358881,14.4368611471611
DAI,2023-04-16,0.999666599129665,0.999793784888518,0.998767548155909,0.999514399597568,12262461.2064736,12267759.0191112,12.262461206473601
DAI,2023-04-17,0.999514399597568,0.999957698173306,0.999072063803064,0.999818532294363,17645263.1629785,17656092.1222314,17.6452631629785
DAI,2023-04-18,0.999818532294363,1.00004177718198,0.999553361782708,0.999970771260165,25575178.9655825,25579423.3663016,25.575178965582502
DAI,2023-04-19,0.999970771260165,1.00013324097638,0.999600625542762,0.999938470920171,26519260.4527607,26523281.8193811,26.5192604527607
DAI,2023-04-20,0.999938470920171,1.00020626008977,0.997777125418434,0.999984290905163,19410602.5553725,19423177.2184398,19.4106025553725
DAI,2023-04-21,0.999984290905163,1.00031522731387,0.998556251849374,1.00009436956073,15273364.6556265,15272502.2737695,15.2733646556265
DAI,2023-04-22,1.00009436956073,1.00044599348459,0.999423789912552,0.999854392067536,11510439.1162123,11514240.7921358,11.510439116212298
DAI,2023-04-23,0.999854392067536,1.00027682708569,0.999623386420936,1.00004482820255,10240877.9917656,10241389.826665,10.2408779917656
DAI,2023-04-24,1.00004482820255,1.0019925600093,0.997903776740356,0.999865205129694,12707804.7230631,12712808.6520999,12.7078047230631
DAI,2023-04-25,0.999865205129694,1.00242961691838,0.998813135742156,0.999982770775324,18388382.8499118,18393345.8755797,18.388382849911803
DAI,2023-04-26,0.999982770775324,1.00015899951967,0.997572037585048,0.999989742676418,19793183.264578,19798341.0427003,19.793183264578
DAI,2023-04-27,0.999989742676418,1.00057797501408,0.999487755177382,1.00023269970875,13192367.564133,13193539.4077792,13.192367564132999
DAI,2023-04-28,1.00023269970875,1.00167948715983,0.999614784488309,0.999900933092394,9683209.54920383,9678216.04196306,9.68320954920383
DAI,2023-04-29,0.999900933092394,1.0016839207387,0.999572454463286,1.00116229850425,8927888.5160488,8925107.75680288,8.9278885160488
DAI,2023-04-30,1.00116229850425,1.00187754366757,0.999413196225586,1.0005096551773,9105514.74374515,9104573.27031472,9.10551474374515
DAI,2023-05-01,1.0005096551773,1.00223751864779,0.999545933578733,1.00020628956107,14293006.7127943,14298752.3115712,14.2930067127943
DAI,2023-05-02,1.00020628956107,1.00075369045412,0.999601924584392,0.999769680742592,11490150.8257667,11489405.8688442,11.4901508257667
DAI,2023-05-03,0.999769680742592,1.00003923213079,0.999336282633665,0.999875582825392,13555362.4158539,13559938.1171632,13.555362415853901
DAI,2023-05-04,0.999875582825392,1.00024060613758,0.999326869314144,0.999987472459343,10200204.6510112,10203455.7591811,10.2002046510112
DAI,2023-05-05,0.999987472459343,1.00065098838036,0.998162068943956,1.0000980877801,13729640.921964,13726263.1646801,13.729640921964
DAI,2023-05-06,1.0000980877801,1.0015323062839,0.998673501812447,1.00090237057895,19331565.0024125,19319379.3031783,19.331565002412503
DAI,2023-05-07,1.00090237057895,1.00155067148515,0.998652330434381,1.00070336097173,8586134.44740262,8584058.93090671,8.586134447402621
DAI,2023-05-08,1.00070336097173,1.01235704992269,0.998803598516437,1.00130227135605,14748398.2051371,14739140.9139383,14.7483982051371
DAI,2023-05-09,1.00130227135605,1.00192811595516,0.999556927107825,0.999851954611721,11724831.1041547,11715262.7529064,11.7248311041547
DAI,2023-05-10,0.999851954611721,1.00019641300854,0.999426146014724,0.999967705824297,21602791.4331028,21608636.8237292,21.6027914331028
DAI,2023-05-11,0.999967705824297,1.00018571566918,0.999476791594911,0.999746794844606,17484595.7572463,17487076.5934458,17.4845957572463
DAI,2023-05-12,0.999746794844606,1.00018181141279,0.999333292821196,0.999968082691335,15648138.390547,15650280.1325043,15.648138390547
DAI,2023-05-13,0.999968082691335,1.00187796316012,0.999471204558,0.999681378051459,10639962.5504424,10636542.2360379,10.6399625504424
DAI,2023-05-14,0.999681378051459,0.999896061796039,0.998664738798881,0.999326954315842,7345175.7558032,7348632.60758629,7.345175755803201
DAI,2023-05-15,0.999326954315842,1.00175166548371,0.998056036688105,0.999308117651197,11725086.1873856,11728154.3370322,11.7250861873856
DAI,2023-05-16,0.999308117651197,0.99995460189124,0.999162301712871,0.999751410713362,10759283.2621718,10763292.3184653,10.759283262171799
DAI,2023-05-17,0.999751410713362,1.00026242255962,0.999518635222537,0.999752343292335,12721311.1905455,12722015.8704045,12.7213111905455
DAI,2023-05-18,0.999752343292335,1.00050127518204,0.99957492439098,1.00000843465789,11102823.3340515,11103589.5015556,11.102823334051498
DAI,2023-05-19,1.00000843465789,1.00034215983615,0.999482581988478,0.999812682897344,8731068.1522486,8731646.46380653,8.7310681522486
DAI,2023-05-20,0.999812682897344,1.00002705533674,0.999642974574143,0.999921440118937,6454730.9918647,6455295.04549827,6.4547309918647
DAI,2023-05-21,0.999921440118937,1.0001688374979,0.999748254403461,0.99976873264089,9845167.6685852,9846764.20603764,9.8451676685852
DAI,2023-05-22,0.99976873264089,1.00205137887607,0.99957959396754,0.999912137335306,17429966.2446635,17425214.9421079,17.4299662446635
DAI,2023-05-23,0.999912137335306,1.00091610281972,0.99963800328688,0.99994691010382,14158073.787931,14160992.6512843,14.158073787931
DAI,2023-05-24,0.99994691010382,1.00020176502846,0.999609826669153,0.999772637975309,13567803.5065537,13570114.7436566,13.5678035065537
DAI,2023-05-25,0.999772637975309,1.00013439070941,0.999621171207187,0.999865213497444,11440823.2766774,11443141.6372212,11.4408232766774
DAI,2023-05-26,0.999865213497444,1.00039648147113,0.99957548688727,1.00006125596107,9625351.34413445,9625705.8017701,9.62535134413445
DAI,2023-05-27,1.00006125596107,1.00033936874315,0.998986546035972,0.999912020890181,6887861.17354297,6891148.29036035,6.88786117354297
DAI,2023-05-28,0.999912020890181,1.00028189670448,0.999347429676826,1.00007054801441,7733803.1101344,7734961.6137499,7.7338031101344
DAI,2023-05-29,1.00007054801441,1.00033383481135,0.999371042418075,0.99975070087427,10351068.3443718,10353992.7590566,10.3510683443718
DAI,2023-05-30,0.99975070087427,1.00000804108085,0.999408034801522,0.999623304163143,10892961.6570601,10899531.2906069,10.8929616570601
DAI,2023-05-31,0.999623304163143,1.00002967891951,0.999224740855201,0.999927590974349,11165361.6187438,11172146.1719878,11.1653616187438
DAI,2023-06-01,0.999927590974349,1.00138373035401,0.99886768631217,0.999686389615809,12080842.4711196,12085312.098186,12.080842471119599
DAI,2023-06-02,0.999686389615809,1.00128478811173,0.999031410289642,0.999560129802077,69499934.9957277,69529467.2092362,69.4999349957277
DAI,2023-06-03,0.999560129802077,1.00122589039196,0.99911433266267,0.999928498693653,6681709.11872047,6682662.552038,6.68170911872047
DAI,2023-06-04,0.999928498693653,0.999979227677584,0.999666530196682,0.999850779831449,6220653.10838144,6222122.76750385,6.22065310838144
DAI,2023-06-05,0.999850779831449,1.00002538232974,0.999443525781907,0.999951008211346,24522664.1760174,24529432.3055132,24.5226641760174
DAI,2023-06-06,0.999951008211346,1.05488590121871,0.998795596641851,1.00004573077693,23917333.0835239,23919880.2851175,23.9173330835239
DAI,2023-06-07,1.00004573077693,1.03906690981394,0.999563156967107,0.999899892486633,22840851.9143676,22819805.8457168,22.8408519143676
DAI,2023-06-08,0.999899892486633,1.00049066891989,0.999472346387428,1.00028439634571,16532031.0257911,16528945.3775089,16.5320310257911
DAI,2023-06-09,1.00028439634571,1.00046568407534,0.999710513682463,1.00010470513365,15333546.9400786,15332055.2203753,15.3335469400786
DAI,2023-06-10,1.00010470513365,1.0015208148395,0.999640531232266,0.999950724091722,24795058.774493,24791749.7801229,24.795058774493
DAI,2023-06-11,0.999950724091722,1.00016925899107,0.999535395578941,0.999882143816398,8185323.68841434,8186679.34142009,8.18532368841434
DAI,2023-06-12,0.999882143816398,1.00040149730076,0.999667023221833,1.00003612442213,12331282.0112097,12293694.1664995,12.3312820112097
DAI,2023-06-13,1.00003612442213,1.000796818288,0.999773474005804,1.00004711842941,18733416.5491507,18728734.8547427,18.7334165491507
DAI,2023-06-14,1.00004711842941,1.00165866871981,0.99865882123835,0.999961566636299,16534761.6744605,16531767.2803806,16.5347616744605
DAI,2023-06-15,0.999961566636299,1.00058391454021,0.999393274906216,1.00042806632966,38778037.6477043,38772282.4981133,38.7780376477043
DAI,2023-06-16,1.00042806632966,1.00099685079468,0.999852971597586,1.00037110336792,25423418.518544,25414672.9249578,25.423418518544
DAI,2023-06-17,1.00037110336792,1.00964913083463,0.990209187581497,0.999795689524459,13964052.414538,13962730.4744122,13.964052414538
DAI,2023-06-18,0.999795689524459,1.00052156088783,0.999524921316772,1.00004556681143,12203977.7165352,12200120.5350863,12.2039777165352
DAI,2023-06-19,1.00004556681143,1.00039589017363,0.999694226338075,1.00032507310884,12656766.3744324,12655820.4620732,12.656766374432399
DAI,2023-06-20,1.00032507310884,1.00127439742331,0.999838452089221,1.00024178059257,20392046.614244,20380494.6459589,20.392046614244
DAI,2023-06-21,1.00024178059257,1.00034757768565,0.999151670073141,1.00004276166656,26520227.6880135,26520246.4725032,26.520227688013502
DAI,2023-06-22,1.00004276166656,1.00027113694528,0.999725485209828,1.00000462358516,11253988.4593423,11254459.1625363,11.2539884593423
DAI,2023-06-23,1.00000462358516,1.00043635319765,0.999625073300688,1.00017522255151,13962643.7397271,13961347.4866529,13.9626437397271
DAI,2023-06-24,1.00017522255151,1.0010590422372,0.999675251471244,1.00017077237557,10835830.4072225,10834917.9488958,10.8358304072225
DAI,2023-06-25,1.00017077237557,1.00076245128443,0.999401788586818,0.999937522708,11574465.1739507,11569170.9276188,11.574465173950701
DAI,2023-06-26,0.999937522708,1.00374717078709,0.999574048370483,0.999911439122391,13433699.2834186,13430643.3120834,13.4336992834186
DAI,2023-06-27,0.999911439122391,1.00020051451835,0.999628457068327,1.00002471314527,13537855.3193718,13541285.0991595,13.5378553193718
DAI,2023-06-28,1.00002471314527,1.00025525962044,0.999642301805495,1.00001758016758,14261348.2651615,14262184.5411886,14.2613482651615
DAI,2023-06-29,1.00001758016758,1.00019819989447,0.999451159211144,1.00009557132507,11386126.2595322,11387490.5348321,11.386126259532201
DAI,2023-06-30,1.00009557132507,1.00148596290382,0.999694083214099,1.00033734847131,24959233.7274746,24943732.8480332,24.9592337274746
DAI,2023-07-01,1.00033734847131,1.00106368430898,0.999438983169732,0.999988787024965,11838888.8190768,11834464.8366436,11.8388888190768
DAI,2023-07-02,0.999988787024965,1.00340171372601,0.999712960296836,0.999878336499594,13609423.8584213,13601622.8039148,13.6094238584213
DAI,2023-07-03,0.999878336499594,1.0011643774816,0.999474979854278,0.999841371830237,26640988.2013996,26637195.044442,26.640988201399598
DAI,2023-07-04,0.999841371830237,1.00009352477473,0.999388608587969,0.999655015037098,17750413.3878253,17760122.1604815,17.7504133878253
DAI,2023-07-05,0.999655015037098,1.00180314251924,0.999442888514489,0.999901894880776,16163991.5517921,16161327.647285,16.1639915517921
DAI,2023-07-06,0.999901894880776,1.00024582459687,0.999669635560678,0.999968492226895,11998946.4495495,11999418.0968706,11.9989464495495
DAI,2023-07-07,0.999968492226895,1.00033546965356,0.99986167632021,1.00025534621835,9479280.95882875,9478999.27121251,9.479280958828749
DAI,2023-07-08,1.00025534621835,1.00037917658699,0.999724069284512,1.00015728327205,10453788.9875928,10451211.6548727,10.4537889875928
DAI,2023-07-09,1.00015728327205,1.00713029333343,0.999754841509788,1.00006219105729,5185361.06884777,5184731.3713416,5.18536106884777
DAI,2023-07-10,1.00006219105729,1.00246088218612,0.999694082099953,0.999943668909701,12472775.9718481,12471425.1253887,12.472775971848101
DAI,2023-07-11,0.999943668909701,1.00021581038361,0.999731797687739,1.00011811421152,10950486.4118147,10951328.2908321,10.950486411814701
DAI,2023-07-12,1.00011811421152,1.00031715835041,0.999821367162565,0.99994979058557,11251223.6143157,11247439.4473957,11.2512236143157
DAI,2023-07-13,0.99994979058557,1.00051775843787,0.999606027403585,1.00016377918798,20156611.9059764,20153891.9635495,20.1566119059764
DAI,2023-07-14,1.00016377918798,1.00166070472304,0.999678031118486,0.999895482732914,25233693.537125,25224893.3932117,25.233693537125
DAI,2023-07-15,0.999895482732914,1.00022530643094,0.999624643027618,0.999884132483262,12045643.1062353,12043672.1857033,12.0456431062353
DAI,2023-07-16,0.999884132483262,1.00043464224794,0.998303971283547,0.999532160587736,12551827.8974622,12556288.3174031,12.5518278974622
DAI,2023-07-17,0.999532160587736,1.00353411664376,0.99887103883731,0.999911700774476,28589890.7212045,28581742.0126608,28.5898907212045
DAI,2023-07-18,0.999911700774476,1.00032148359275,0.999627185524056,1.00000528686831,13799732.5323717,13801431.5859304,13.7997325323717
DAI,2023-07-19,1.00000528686831,1.00176357809566,0.999798210898289,1.000130989873,15158060.2073837,15149411.4383649,15.1580602073837
DAI,2023-07-20,1.000130989873,1.00054493665279,0.999785557341661,1.00013565631354,24854473.1425938,24845061.8559896,24.8544731425938
DAI,2023-07-21,1.00013565631354,1.0006588820063,0.999886664763133,1.00046550516402,13995505.8958739,13991830.6084754,13.995505895873901
DAI,2023-07-22,1.00046550516402,1.00061366110041,1.00011740117247,1.00020764551135,7347148.4851928,7345019.99547524,7.3471484851927995
DAI,2023-07-23,1.00020764551135,1.00040251271303,0.999964691232983,0.999966858821871,7380505.9687019,7379477.02709732,7.3805059687019
DAI,2023-07-24,0.999966858821871,1.00045641221624,0.999828313320198,1.00023123900711,10147043.2853252,10147543.9731094,10.1470432853252
DAI,2023-07-25,1.00023123900711,1.00049137397681,0.999917361752195,1.00016158072258,10665166.7911913,10662344.4947957,10.6651667911913
DAI,2023-07-26,1.00016158072258,1.00057460644796,0.999917424514652,1.0002834027658,16134584.1292115,16131938.8765,16.1345841292115
DAI,2023-07-27,1.0002834027658,1.00041714390364,0.999793598008274,1.00000374066828,11434639.9988236,11434250.5297702,11.4346399988236
DAI,2023-07-28,1.00000374066828,1.00016355693128,0.999598888130062,0.999765691315362,13544909.3270551,13547606.6853864,13.5449093270551
DAI,2023-07-29,0.999765691315362,1.00039868956104,0.999712018370878,1.00016392594474,9807215.57400156,9806310.23539642,9.80721557400156
DAI,2023-07-30,1.00016392594474,1.0004591275976,1.00003309605499,1.00027198450708,9242801.60675498,9240739.81939118,9.242801606754979
DAI,2023-07-31,1.00027198450708,1.00027465231882,0.998497684776629,0.999974197789412,23485076.1240099,23491310.5466627,23.4850761240099
DAI,2023-08-01,0.999974197789412,1.00047776433918,0.999629886969962,1.00034205512872,24534117.7954977,24529662.7443941,24.5341177954977
DAI,2023-08-02,1.00034205512872,1.00053429290841,0.999696934787847,0.99991633456161,23151936.8950161,23147729.0382239,23.1519368950161
DAI,2023-08-03,0.99991633456161,1.0004570408057,0.999038452908056,1.00009016678373,23071517.5185604,23070339.0603722,23.0715175185604
DAI,2023-08-04,1.00009016678373,1.00092903901008,0.999406542100373,1.00007514375754,30741153.9823744,30734427.3047405,30.7411539823744
DAI,2023-08-05,1.00007514375754,1.0006752795038,0.999569113570271,1.00032502106816,19303136.3090441,19301282.3053556,19.3031363090441
DAI,2023-08-06,1.00032502106816,1.00097460134554,0.999594382978908,1.00026817633063,20780754.1144522,20778399.532551,20.780754114452197
DAI,2023-08-07,1.00026817633063,1.00106090139064,0.999754502212531,1.00006700985987,27241710.8235603,27230520.1941687,27.2417108235603
DAI,2023-08-08,1.00006700985987,1.00074643590152,0.99978460331252,1.00025701670079,17967971.2514551,17962930.3734094,17.967971251455097
DAI,2023-08-09,1.00025701670079,1.00146410733847,0.999605318165086,1.00006628620971,27203088.8420349,27192414.0944005,27.203088842034898
DAI,2023-08-10,1.00006628620971,1.00045619951203,0.999824107357409,1.00009301848911,14074242.3669535,14071379.0054561,14.0742423669535
DAI,2023-08-11,1.00009301848911,1.00049461198028,0.999013509460921,0.999778725708926,15189054.3985161,15189530.3745468,15.1890543985161
DAI,2023-08-12,0.999778725708926,1.0004826046088,0.9964660932438,1.00021210610431,13544479.1415392,13548644.8334248,13.544479141539199
DAI,2023-08-13,1.00021210610431,1.00055688904666,0.998667481672144,0.999868992507449,10133989.4557668,10135469.6344876,10.1339894557668
DAI,2023-08-14,0.999868992507449,1.00063273829274,0.999630679100115,1.00041949831185,12742341.2938221,12738819.9288017,12.7423412938221
DAI,2023-08-15,1.00041949831185,1.00074124028928,0.999925290577507,1.00005721160392,15700924.2101875,15694245.3578959,15.7009242101875
DAI,2023-08-16,1.00005721160392,1.00076120964317,0.999724951886015,1.00011240013356,18407531.0890754,18395621.5814203,18.407531089075402
DAI,2023-08-17,1.00011240013356,1.00110593075754,0.999717089903159,1.00017590472785,29342397.4348961,29332769.9546063,29.3423974348961
DAI,2023-08-18,1.00017590472785,1.00026284989819,0.998908395262252,0.999667354158018,29588568.4385585,29600637.2280851,29.5885684385585
DAI,2023-08-19,0.999667354158018,1.0007291684078,0.998959434321373,0.999456501380855,17386362.2898939,17394792.8703032,17.3863622898939
DAI,2023-08-20,0.999456501380855,1.00030769569025,0.997718501208127,0.999479014521047,13871331.875671,13880430.8554599,13.871331875670998
DAI,2023-08-21,0.999479014521047,1.00069771884889,0.997190433592798,0.999886971644876,30036507.3552846,30052163.1251204,30.036507355284602
DAI,2023-08-22,0.999886971644876,1.00033359448982,0.996796343690793,0.99988152579907,34878862.6276203,34898192.2976525,34.8788626276203
DAI,2023-08-23,0.99988152579907,1.00305139799631,0.9995385771912,0.999960002057313,20441170.628194,20444125.4904,20.441170628194
DAI,2023-08-24,0.999960002057313,1.00025041430696,0.998492797901195,0.999905972257711,28850989.7860812,28865097.1070097,28.8509897860812
DAI,2023-08-25,0.999905972257711,1.00096647963578,0.999566911214293,1.00027972472696,18510302.1176644,18511406.3959268,18.510302117664402
DAI,2023-08-26,1.00027972472696,1.00106863419208,0.999689974450797,1.00020545045593,17011160.4239376,17005645.743674,17.0111604239376
DAI,2023-08-27,1.00020545045593,1.00046002318848,0.999115495501318,0.999673972847021,18300525.0185255,18304353.7238955,18.3005250185255
DAI,2023-08-28,0.999673972847021,1.00031609500285,0.999442775536143,0.999823932896442,23056140.0016037,23059276.6534087,23.0561400016037
DAI,2023-08-29,0.999823932896442,1.0005958343234,0.999634049845754,1.00001464551582,28278363.4928644,28275712.9375425,28.2783634928644
DAI,2023-08-30,1.00001464551582,1.00041775972944,0.999775825390142,1.00015870697243,23871546.6814336,23869858.8956229,23.8715466814336
DAI,2023-08-31,1.00015870697243,1.00051319523616,0.999886933062748,1.00038811927309,23956175.2146544,23953670.0691691,23.9561752146544
DAI,2023-09-01,1.00038811927309,1.00128339364699,0.99963716054017,0.99998296179448,31402423.7809993,31388561.5890914,31.4024237809993
DAI,2023-09-02,0.99998296179448,1.00105309520916,0.999759585765794,0.999892149590865,18818800.8491849,18812485.7952025,18.8188008491849
DAI,2023-09-03,0.999892149590865,1.00018603728212,0.999453338684478,0.999840360357814,17676307.2931938,17677844.998365,17.676307293193798
DAI,2023-09-04,0.999840360357814,1.00013088408994,0.999486881882967,0.999665549435184,17804169.5018208,17808065.9327049,17.804169501820798
DAI,2023-09-05,0.999665549435184,1.00014939622113,0.999544541408682,0.99992214300436,21893323.9616626,21895214.4762553,21.893323961662603
DAI,2023-09-06,0.99992214300436,1.00058394091646,0.999562317765817,1.00013436149769,23133423.9088309,23132780.1683212,23.1334239088309
DAI,2023-09-07,1.00013436149769,1.00062593534512,0.999699499523048,1.0001498066697,15799163.7694074,15794620.6793761,15.7991637694074
DAI,2023-09-08,1.0001498066697,1.00065080356071,0.999816921291382,1.00048917161837,15782989.0480485,15777424.0879006,15.7829890480485
DAI,2023-09-09,1.00048917161837,1.00127895874966,1.0000174765239,1.00012006393721,16756050.7191274,16746961.6177016,16.7560507191274
DAI,2023-09-10,1.00012006393721,1.00062589556322,0.999720016875862,0.999857091432607,16138281.2263793,16130694.5152652,16.1382812263793
DAI,2023-09-11,0.999857091432607,1.00129670019038,0.999193957945223,0.999883534163529,22473387.4595595,22481999.2301262,22.4733874595595
DAI,2023-09-12,0.999883534163529,1.00149486916207,0.998100185341571,1.00038034782095,24543100.5168987,24538656.5800431,24.5431005168987
DAI,2023-09-13,1.00038034782095,1.0006272485934,0.999919461310439,1.00026732313369,19111455.987109,19104158.3840643,19.111455987109
DAI,2023-09-14,1.00026732313369,1.00092237123287,1.00004792803195,1.00039080083309,17151830.2419921,17146384.6737049,17.1518302419921
DAI,2023-09-15,1.00039080083309,1.00075722837422,1.00011330674244,1.00030418015599,21973044.4229567,21957028.2737752,21.9730444229567
DAI,2023-09-16,1.00030418015599,1.00049468912902,0.999993037954292,1.00024279469108,16119309.2653107,16116264.1577882,16.1193092653107
DAI,2023-09-17,1.00024279469108,1.00073293930713,1.00002419884678,1.0004810162744,12523310.9436107,12518069.1532438,12.5233109436107
DAI,2023-09-18,1.0004810162744,1.00193974677395,0.999831210751661,1.00033546536315,14176915.4470375,14165887.3335849,14.1769154470375
DAI,2023-09-19,1.00033546536315,1.00072155338601,0.99995514330556,1.00023034440232,19315363.0676052,19305597.103668,19.3153630676052
DAI,2023-09-20,1.00023034440232,1.0006194285755,0.999937505768627,1.0000446753612,15200417.2614713,15195347.4417658,15.2004172614713
DAI,2023-09-21,1.0000446753612,1.00074907605929,0.999908817846959,1.00019886316247,16397420.6431104,16390774.0674303,16.3974206431104
DAI,2023-09-22,1.00019886316247,1.00067217793428,0.999955027736364,1.00054654442219,14062329.7444021,14059664.2969197,14.0623297444021
DAI,2023-09-23,1.00054654442219,1.0012785179897,1.00008099383409,1.00084201075961,21729486.9642034,21714898.8477625,21.7294869642034
DAI,2023-09-24,1.00084201075961,1.0012756446385,1.00052208705735,1.00099707418234,15187367.1847732,15172891.2557722,15.1873671847732
DAI,2023-09-25,1.00099707418234,1.00099926726822,1.00006630256689,1.00020765134203,14884163.2961603,14875267.6147725,14.884163296160299
DAI,2023-09-26,1.00020765134203,1.00058513742407,0.998620352212859,1.00032411682343,15353923.3021897,15361374.279926,15.3539233021897
DAI,2023-09-27,1.00032411682343,1.00046446000567,0.999853236136217,1.00016377060907,14029364.2869121,14026045.919364,14.0293642869121
DAI,2023-09-28,1.00016377060907,1.00049301193341,0.999773376018847,1.00032764554107,18753558.3186744,18749831.7479123,18.7535583186744
DAI,2023-09-29,1.00032764554107,1.00054126925739,0.999909538447621,1.00013810909771,16254670.7667728,16250056.9296238,16.2546707667728
DAI,2023-09-30,1.00013810909771,1.0004599423321,0.999824576718443,1.00021300806647,11106736.7453156,11105515.138392,11.106736745315601
DAI,2023-10-01,1.00021300806647,1.00142578191096,0.999928289440329,1.00016280755982,16741500.6391145,16736587.4052485,16.7415006391145
DAI,2023-10-02,1.00016280755982,1.00042860222355,0.99968263993241,0.999861376226981,20045297.9026732,20041622.3263974,20.045297902673198
DAI,2023-10-03,0.999861376226981,1.00023307011301,0.999193930875296,1.0000555177445,18138821.0211105,18139355.8409902,18.138821021110502
DAI,2023-10-04,1.0000555177445,1.00039880526609,0.9998211736073,1.00019369564222,18433464.6142732,18430143.7193407,18.433464614273202
DAI,2023-10-05,1.00019369564222,1.00043228261791,0.999867935885908,0.999957193230532,15538262.4214416,15536107.2890186,15.5382624214416
DAI,2023-10-06,0.999957193230532,1.00052019716159,0.999893675602608,1.00035987409858,13656207.4377958,13653661.6011022,13.6562074377958
DAI,2023-10-07,1.00035987409858,1.00055696140796,0.99980783993125,1.00004016793748,13588279.18839,13585978.9339002,13.58827918839
DAI,2023-10-08,1.00004016793748,1.00057918928329,0.999940996364393,1.00018037763581,12346204.1557564,12343000.9416556,12.346204155756402
DAI,2023-10-09,1.00018037763581,1.00035499620456,0.999863037075559,1.0000647975901,14772434.4390464,14771497.623886,14.7724344390464
DAI,2023-10-10,1.0000647975901,1.00028351542097,0.999729617098418,0.999900886399605,19305351.395556,19310705.5984048,19.305351395556
DAI,2023-10-11,0.999900886399605,1.00019644838735,0.999514197643291,0.999814181071172,17819372.7030646,17823297.0795601,17.819372703064598
DAI,2023-10-12,0.999814181071172,1.00160128415589,0.999784903519546,1.00018859881975,20305912.3105138,20297194.6606526,20.305912310513797
DAI,2023-10-13,1.00018859881975,1.00091175618666,0.99997226498151,1.00033603077406,18053597.7172414,18045262.9638815,18.0535977172414
DAI,2023-10-14,1.00033603077406,1.00090599477866,1.0002054186987,1.00067403409223,8136613.30206496,8129983.23793314,8.13661330206496
DAI,2023-10-15,1.00067403409223,1.0009336402077,1.00053528480116,1.00071125072476,6075930.62098791,6071677.02133847,6.07593062098791
DAI,2023-10-16,1.00071125072476,1.00092648373002,1.00000476511471,1.00028663455999,19850837.9009953,19845275.1310119,19.850837900995298
DAI,2023-10-17,1.00028663455999,1.00083993876019,0.999630178604965,1.00014212722852,14469818.3887145,14462046.3726794,14.4698183887145
DAI,2023-10-18,1.00014212722852,1.00037855842802,0.999904337003506,1.00026662781013,16413951.7544871,16406118.7205312,16.413951754487098
DAI,2023-10-19,1.00026662781013,1.00255617481181,0.999895149843027,1.00053370488112,21146804.906034,21134884.36507,21.146804906034
DAI,2023-10-20,1.00053370488112,1.00081888594893,0.999965553338012,1.00026861059554,22515717.4102873,22503602.7247239,22.515717410287298
DAI,2023-10-21,1.00026861059554,1.0004369204831,0.999561802610102,1.00002059183582,22255709.898916,22257083.2387944,22.255709898916
DAI,2023-10-22,1.00002059183582,1.00076625571832,0.999897641518291,1.00017739016066,18403672.4950238,18401107.2401695,18.403672495023798
DAI,2023-10-23,1.00017739016066,1.00049965062502,0.999860089389662,1.00006923000136,24888036.6371561,24888636.1155605,24.888036637156098
DAI,2023-10-24,1.00006923000136,1.00046703440589,0.999551265745138,1.00022007389198,27343318.7258259,27346335.5247234,27.3433187258259
DAI,2023-10-25,1.00022007389198,1.00125127386415,0.999913371799586,1.0000752407377,23126506.6911422,23116861.9948186,23.1265066911422
DAI,2023-10-26,1.0000752407377,1.00046181748781,0.999887049348806,1.00035360470799,18088276.2039598,18081196.9114097,18.0882762039598
DAI,2023-10-27,1.00035360470799,1.0008337610821,0.999995170920185,1.00023992879081,14833291.7161676,14826767.6442616,14.8332917161676
DAI,2023-10-28,1.00023992879081,1.00076395529472,1.00000896503734,1.00044072079428,8742763.91303171,8738665.42228568,8.74276391303171
DAI,2023-10-29,1.00044072079428,1.00070611921951,1.00012165915497,1.00033894294697,9366474.83236161,9364121.30481794,9.366474832361611
DAI,2023-10-30,1.00033894294697,1.00048232609128,0.999937982168833,1.00019921166491,17598104.8259258,17592230.4029513,17.5981048259258
DAI,2023-10-31,1.00019921166491,1.00026619790643,0.995775386260607,1.00003625960322,26068505.6286591,26086919.4847231,26.0685056286591
DAI,2023-11-01,1.00003625960322,1.00024397792583,0.999405954994006,1.00010229611789,29256784.4138096,29267739.0625076,29.2567844138096
DAI,2023-11-02,1.00010229611789,1.00015473271789,0.999325697103642,0.999966066651638,20565118.345908,20569229.0328506,20.565118345908
DAI,2023-11-03,0.999966066651638,1.00035457760051,0.999822572936326,1.00022400904915,17822769.7830858,17818511.8558973,17.8227697830858
DAI,2023-11-04,1.00022400904915,1.00037994516684,0.999584995359802,1.00011661609438,14110548.4891376,14106154.1809499,14.1105484891376
DAI,2023-11-05,1.00011661609438,1.00062828581852,0.999796335197909,1.00019465219406,13139440.6356842,13143780.0605172,13.139440635684199
DAI,2023-11-06,1.00019465219406,1.00047207528615,0.999750014223327,0.99982448617261,14337962.7409988,14338720.4095741,14.337962740998801
DAI,2023-11-07,0.99982448617261,1.00023657531835,0.999690789413739,0.999879271263567,13769232.0462777,13769107.7494619,13.7692320462777
DAI,2023-11-08,0.999879271263567,1.00028113462279,0.999590060032479,0.999851119502098,16352217.3318723,16351857.9988159,16.3522173318723
DAI,2023-11-09,0.999851119502098,1.00030998883771,0.99860607548352,0.999640206280495,33273056.311001,33275893.219412,33.273056311001
DAI,2023-11-10,0.999640206280495,1.00021251371707,0.997854003166,0.999925437110436,17737792.9740544,17740887.031365,17.7377929740544
DAI,2023-11-11,0.999925437110436,1.00060863588226,0.999093143513016,0.999526619530729,18202440.9809972,18209202.2319718,18.202440980997203
DAI,2023-11-12,0.999526619530729,1.00012071550953,0.99928655753788,0.999855617187089,12606787.8888402,12609120.9120931,12.6067878888402
DAI,2023-11-13,0.999855617187089,1.00024508052359,0.99915462632648,0.999933147933329,15387509.6626083,15391024.1481765,15.387509662608299
DAI,2023-11-14,0.999933147933329,1.0002323694904,0.999320242475619,1.00004395838614,15563885.3611032,15565664.6201297,15.5638853611032
DAI,2023-11-15,1.00004395838614,1.00041246492071,0.999753731680544,1.00002192703301,15450108.3695595,15448899.7734728,15.4501083695595
DAI,2023-11-16,1.00002192703301,1.00014155948984,0.997176793671351,0.999933196432574,8655911.8429552,8657641.2129045,8.6559118429552
DAI,2023-11-17,0.999933196432574,1.00045203306813,0.999436099119831,1.00000395417724,20135307.824207,20138708.0544448,20.135307824207
DAI,2023-11-18,1.00000395417724,1.00021311595637,0.99838788144968,0.999727191203591,34486070.7254737,34492549.6553302,34.4860707254737
DAI,2023-11-19,0.999727191203591,1.00452360212473,0.998996055107686,1.00021287416993,21636425.3737826,21632980.0550523,21.6364253737826
DAI,2023-11-20,1.00021287416993,1.00046365788163,0.999404015143266,0.999845200099418,14194798.0297131,14198136.9942967,14.1947980297131
DAI,2023-11-21,0.999845200099418,1.00034179370719,0.996912431919069,0.999571788549104,28473623.2916663,28486556.0122792,28.4736232916663
DAI,2023-11-22,0.999571788549104,1.0002041543654,0.998552336291017,0.999475092179354,19517785.4123863,19522140.635926,19.5177854123863
DAI,2023-11-23,0.999475092179354,1.00044771960213,0.998616959115452,1.00006559313086,18298364.849781,18319835.5197195,18.298364849781
DAI,2023-11-24,1.00006559313086,1.00254714281793,0.999081291831012,1.00011995932953,19635670.9053937,19628315.1961552,19.635670905393702
DAI,2023-11-25,1.00011995932953,1.00047214195513,0.998176429158166,0.999371294913267,16730900.8633704,16738467.6733272,16.7309008633704
DAI,2023-11-26,0.999371294913267,0.999857871420393,0.995667644523229,0.998985149208683,15572767.2406092,15597277.5196916,15.5727672406092
DAI,2023-11-27,0.998985149208683,1.0010307995241,0.997602281444633,0.998588934646552,30451698.691705,30488670.90184,30.451698691705
DAI,2023-11-28,0.998588934646552,1.00028542903617,0.996995423187839,0.999161681899685,19809251.6071575,19840426.1322661,19.8092516071575
DAI,2023-11-29,0.999161681899685,1.00038448562313,0.996358536279455,0.998630536802624,18387714.5431631,18421371.9599078,18.3877145431631
DAI,2023-11-30,0.998630536802624,1.00007750373217,0.997911015633325,0.999951292921933,13814042.4372008,13824065.477565,13.814042437200799
DAI,2023-12-01,0.999951292921933,1.00013978301405,0.99851896351478,0.999549820892076,15682346.7139265,15687840.7637917,15.6823467139265
DAI,2023-12-02,0.999549820892076,0.999940976195908,0.998478567026983,0.998918523102075,19258058.1462027,19268469.3984829,19.2580581462027
DAI,2023-12-03,0.998918523102075,0.999901954863169,0.998268609891335,0.999188464665884,20190599.2749211,20215006.9133795,20.1905992749211
DAI,2023-12-04,0.999188464665884,1.00143956133773,0.997836913357099,0.998092621136848,35923005.7386616,35955411.3453837,35.9230057386616
DAI,2023-12-05,0.998092621136848,0.999920363528945,0.996691763428797,0.999733203239998,37169513.5510566,37242199.5246765,37.1695135510566
DAI,2023-12-06,0.999733203239998,1.00120630869618,0.998476928348724,0.999466429004042,15667141.240623,15670563.79385,15.667141240623
DAI,2023-12-07,0.999466429004042,1.00068679603522,0.99890590719228,0.999657956076196,17227082.3969987,17232648.198351,17.2270823969987
DAI,2023-12-08,0.999657956076196,1.00087335475609,0.998610540920682,0.999013398951905,13631047.6092584,13639789.7440253,13.6310476092584
DAI,2023-12-09,0.999013398951905,1.00136950392702,0.998522097974084,0.999586114208288,13557161.7584621,13564562.1290951,13.5571617584621
DAI,2023-12-10,0.999586114208288,1.0009294755631,0.999075244122248,1.00015212180913,12711812.5154321,12711666.9339233,12.7118125154321
DAI,2023-12-11,1.00015212180913,1.00074623410991,0.999164099250074,1.00019224351131,19572188.7969135,19572073.3739372,19.5721887969135
DAI,2023-12-12,1.00019224351131,1.00051383908237,0.999164101191374,0.999729895644302,18913093.9349274,18916322.3936607,18.9130939349274
DAI,2023-12-13,0.999729895644302,1.00047611780526,0.99863199022279,0.999864267011899,14520666.981669,14522703.7425945,14.520666981668999
DAI,2023-12-14,0.999864267011899,1.00045247098826,0.999386647652888,0.999851139600739,11641445.0036566,11644452.21077,11.6414450036566
DAI,2023-12-15,0.999851139600739,1.00115144804335,0.998584399760131,0.999881283380843,9687265.5072585,9687698.4363814,9.6872655072585
DAI,2023-12-16,0.999881283380843,1.00033135852248,0.998833218922313,1.00001566460394,8949227.94813478,8950510.31255263,8.94922794813478
DAI,2023-12-17,1.00001566460394,1.00034306551632,0.998475692361781,0.999985898052584,7181818.89516741,7184756.8256854,7.18181889516741
DAI,2023-12-18,0.999985898052584,1.00042192003399,0.999591627237459,0.999878662138493,9723484.39036777,9724152.41997634,9.723484390367771
DAI,2023-12-19,0.999878662138493,1.0002782512831,0.998737785480082,1.00027271163117,14470021.8055047,14477787.8528101,14.4700218055047
DAI,2023-12-20,1.00027271163117,1.00045869381006,0.999316161516161,0.999321794218806,10391913.6309757,10394827.9970156,10.3919136309757
DAI,2023-12-21,0.999321794218806,1.00222229739207,0.998628941819331,0.999562915051412,11776025.405496,11781044.7085444,11.776025405496
DAI,2023-12-22,0.999562915051412,1.00059679377873,0.999014596510194,0.999987345099295,13752463.7370937,13761387.014571,13.7524637370937
DAI,2023-12-23,0.999987345099295,1.00023324774708,0.99906173432768,0.999517086235861,9667517.9026696,9671762.37436976,9.6675179026696
DAI,2023-12-24,0.999517086235861,1.00057338233413,0.998935975179909,0.999833171435279,11112268.4374955,11116738.1939525,11.1122684374955
DAI,2023-12-25,0.999833171435279,1.00032110553661,0.998640238690416,0.999653245531598,10066013.5743275,10071887.9614762,10.066013574327501
DAI,2023-12-26,0.999653245531598,1.0004644899604,0.999100627684979,0.999885369860383,11579569.9585317,11582279.6069354,11.5795699585317
DAI,2023-12-27,0.999885369860383,1.00038461058605,0.999507033758173,0.999974535910636,22194706.9283117,22194745.0272587,22.1947069283117
DAI,2023-12-28,0.999974535910636,1.00046172081777,0.998888323098461,0.999843824660846,28788894.4829901,28798027.7075104,28.788894482990102
DAI,2023-12-29,0.999843824660846,1.00051689064527,0.999388112319854,0.99977641619339,20554061.7047475,20553487.9879653,20.5540617047475
DAI,2023-12-30,0.99977641619339,1.00018125832015,0.999356141438849,0.999781745506929,12984298.8415214,12986822.8689131,12.9842988415214
DAI,2023-12-31,0.999781745506929,1.00207090433177,0.999486407479745,1.00008688354275,33777096.445659,33746328.4068699,33.777096445659
DAI,2024-01-01,1.00008688354275,1.00083276364875,0.999248483713787,0.999828767113473,13012481.9881766,13012443.5838742,13.0124819881766
DAI,2024-01-02,0.999828767113473,1.00042657459853,0.999010276327572,0.999788929291987,19894031.4986745,19896832.6583995,19.8940314986745
DAI,2024-01-03,0.999788929291987,1.00381849341579,0.998884415736525,0.999789011973052,23315271.9724516,23319755.5649456,23.3152719724516
DAI,2024-01-04,0.999789011973052,1.00030857497336,0.998277439013469,0.99992880560548,19654054.730676,19661198.7110615,19.654054730676
DAI,2024-01-05,0.99992880560548,1.0004055069281,0.998293462483575,1.00020423248975,19877506.3925156,19878735.1275297,19.8775063925156
DAI,2024-01-06,1.00020423248975,1.00054298734509,0.993430801082196,0.999915349208954,16619788.3448063,16622344.4344467,16.6197883448063
DAI,2024-01-07,0.999915349208954,1.00071095125699,0.996089448344163,0.997782029995596,13763261.8528693,13779116.8477351,13.7632618528693
DAI,2024-01-08,0.997782029995596,1.00116793021882,0.996439791454155,1.00019015146769,15103384.7640392,15111160.2488112,15.1033847640392
DAI,2024-01-09,1.00019015146769,1.00102858611293,0.999310661387206,1.00027643594704,20800389.6757901,20794727.2384851,20.8003896757901
DAI,2024-01-10,1.00027643594704,1.00078595815991,0.999427644090313,0.999608676177115,23452817.2689911,23447762.4407342,23.4528172689911
DAI,2024-01-11,0.999608676177115,1.01652389295498,0.99915039566013,0.999717562394899,60343804.42134,60345610.21059,60.34380442134
DAI,2024-01-12,0.999717562394899,1.00091658130666,0.999067793824904,1.00025699620783,44463557.7351364,44476939.8604832,44.4635577351364
DAI,2024-01-13,1.00025699620783,1.00166074276728,0.997602302004975,1.00025523320737,16396311.4656738,16389850.3387183,16.3963114656738
DAI,2024-01-14,1.00025523320737,1.00095215151031,0.997179477045092,0.999707584860449,18782536.387601,18783490.9382203,18.782536387601
DAI,2024-01-15,0.999707584860449,1.00050512220096,0.999500927298547,0.999962609220614,25041809.8960279,25041968.6193578,25.0418098960279
DAI,2024-01-16,0.999962609220614,1.00019375421569,0.998896259293729,0.999840660767528,31216977.7191023,31221667.8558289,31.2169777191023
DAI,2024-01-17,0.999840660767528,1.01294845115811,0.999270861888267,0.99978946753684,31815022.6352324,31819174.9005745,31.8150226352324
DAI,2024-01-18,0.99978946753684,1.00925397486371,0.997345879112607,0.999919384596172,30020498.5035121,30022130.7387707,30.020498503512098
DAI,2024-01-19,0.999919384596172,1.00027032866643,0.999295910698514,0.999671509935115,23815394.2805487,23824437.9466718,23.8153942805487
DAI,2024-01-20,0.999671509935115,1.0008618059099,0.99951475384774,1.00022932238504,12872675.1802271,12873509.5316346,12.8726751802271
DAI,2024-01-21,1.00022932238504,1.00340486085664,0.999483223925273,1.00029258103475,6401096.1398361,6398687.01191328,6.4010961398361
DAI,2024-01-22,1.00029258103475,1.01044500874776,0.999384972246579,0.999896797434838,24349367.1338823,24340317.4744744,24.3493671338823
DAI,2024-01-23,0.999896797434838,1.0011962551629,0.99961035420886,1.00040110470407,27201430.3748643,27191687.7528594,27.201430374864298
DAI,2024-01-24,1.00040110470407,1.00070503703015,0.999670200548722,1.00018553018288,15973777.8781718,15971381.8820175,15.9737778781718
DAI,2024-01-25,1.00018553018288,1.00668265026275,0.999576901466406,1.0006527149693,20510971.9242891,20500435.7195795,20.510971924289098
DAI,2024-01-26,1.0006527149693,1.00428324989972,0.998987967728963,1.00004059176854,25052692.68054,25028282.5157226,25.052692680539998
DAI,2024-01-27,1.00004059176854,1.00112958215898,0.999793119074586,0.999969205508699,13384022.8637604,13380278.7710121,13.3840228637604
DAI,2024-01-28,0.999969205508699,1.00048897328402,0.999321718709224,0.999713811996485,9501155.52285135,9502185.4516486,9.50115552285135
DAI,2024-01-29,0.999713811996485,1.00138471389008,0.998710799795633,0.999780406076071,18122633.8715489,18127561.5731179,18.1226338715489
DAI,2024-01-30,0.999780406076071,1.00004742034209,0.998365148670098,0.999400821479112,18325330.4485255,18331873.1706172,18.3253304485255
DAI,2024-01-31,0.999400821479112,1.00145175766161,0.999068342693705,0.999443034347763,45381224.9672222,45378742.151719,45.3812249672222
DAI,2024-02-01,0.999443034347763,1.00116867729578,0.995541498536365,0.99990735196982,21554435.7570137,21563015.0114081,21.5544357570137
DAI,2024-02-02,0.99990735196982,1.00244786263531,0.998426067538629,0.999100025336616,22097458.9809714,22113820.5014218,22.0974589809714
DAI,2024-02-03,0.999100025336616,1.00031283036149,0.998859960687934,0.999493617059874,9638356.43879853,9642877.25339835,9.63835643879853
DAI,2024-02-04,0.999493617059874,0.999981897085412,0.999171297560882,0.999785532771057,8757885.76924368,8759872.91814557,8.75788576924368
DAI,2024-02-05,0.999785532771057,1.01007445294516,0.999269691023264,0.999700960009952,21394110.8964425,21396203.8381073,21.3941108964425
DAI,2024-02-06,0.999700960009952,1.00038686964766,0.998523218959012,0.999589666309573,14927794.8799579,14934707.4807322,14.927794879957899
DAI,2024-02-07,0.999589666309573,1.00030646444187,0.998754775380609,0.999866105766157,25109041.5322648,25120830.4026335,25.1090415322648
DAI,2024-02-08,0.999866105766157,1.00035963030455,0.999492478307035,1.00003936214717,14439845.6507059,14441166.43795,14.4398456507059
DAI,2024-02-09,1.00003936214717,1.00104296810739,0.999673507896995,1.00057978768365,17959436.3290068,17954454.633046,17.9594363290068
DAI,2024-02-10,1.00057978768365,1.0017155467531,1.00001542194665,1.0017155467531,13439611.7060684,13433276.6021264,13.4396117060684
DAI,2024-02-11,1.0017155467531,1.00570134602606,0.999731861215897,0.999919033772752,15724518.9665416,15718184.1346217,15.7245189665416
DAI,2024-02-12,0.999919033772752,1.00090612203419,0.999218942671779,0.999843122862928,25311022.7066242,25307954.7772544,25.3110227066242
DAI,2024-02-13,0.999843122862928,1.00050608121673,0.999435083282111,1.00010392359658,17239501.5730336,17242190.2067374,17.2395015730336
DAI,2024-02-14,1.00010392359658,1.00113807268369,0.999821897473665,1.00035487861041,26464583.7300889,26460284.4933131,26.4645837300889
DAI,2024-02-15,1.00035487861041,1.00077902582628,0.999620869097753,0.999885428898615,15809060.3314581,15808293.9272985,15.809060331458099
DAI,2024-02-16,0.999885428898615,1.00054138947069,0.99947743384675,1.00016564990202,12244902.3585038,12245483.2914157,12.2449023585038
DAI,2024-02-17,1.00016564990202,1.00076225765925,0.998884497110729,0.999882065264771,10759133.1060897,10760461.5506578,10.7591331060897
DAI,2024-02-18,0.999882065264771,1.00075067991956,0.999266496692096,0.999936357464672,15253699.187055,15253837.2309569,15.253699187055
DAI,2024-02-19,0.999936357464672,1.00016652015195,0.999406419394231,0.999942464037738,25366673.3959833,25369993.963279,25.3666733959833
DAI,2024-02-20,0.999942464037738,1.00117559459404,0.998271729743522,0.999866097673788,41820387.456748,41818848.707517,41.820387456748
DAI,2024-02-21,0.999866097673788,1.00159685344492,0.999631430534777,1.00014282877869,45688176.4633137,45675468.4911924,45.688176463313695
DAI,2024-02-22,1.00014282877869,1.00032877841653,0.998611276309147,0.999804463986284,35989762.7567504,35999375.8636228,35.989762756750395
DAI,2024-02-23,0.999804463986284,1.0032238882495,0.999474942639534,0.99993597761729,29141422.7122694,29141565.9238068,29.1414227122694
DAI,2024-02-24,0.99993597761729,1.00024462006263,0.99931073904037,0.999807681119619,14051981.4938222,14055182.0199212,14.0519814938222
DAI,2024-02-25,0.999807681119619,1.00176421058556,0.999157330325918,0.999943292790922,20256240.4140375,20248928.6773992,20.2562404140375
DAI,2024-02-26,0.999943292790922,1.00234318680589,0.999426070100191,1.00025859615848,19751274.5051989,19747696.738701,19.7512745051989
DAI,2024-02-27,1.00025859615848,1.000799294798,0.999415138121332,0.999991835185926,31066144.2884637,31068653.1838128,31.0661442884637
DAI,2024-02-28,0.999991835185926,1.00130712262499,0.999070143529426,1.00002154129781,38737890.312323,38739984.5555719,38.737890312322996
DAI,2024-02-29,1.00002154129781,1.00046476111614,0.998916590506302,1.00000418310217,40498531.5503237,40496734.3590377,40.498531550323705
DAI,2024-03-01,1.00000418310217,1.00098224530995,0.998940546326578,0.999911905368264,28426605.8194468,28425958.2653313,28.4266058194468
DAI,2024-03-02,0.999911905368264,1.00183974286034,0.998692934215572,1.0004117229871,33266492.820755,33276251.4598457,33.266492820755
DAI,2024-03-03,1.0004117229871,1.0022518021572,0.998789787574476,1.00009722867771,21064024.9645942,21059286.1372682,21.0640249645942
DAI,2024-03-04,1.00009722867771,1.00285250130479,0.999124331339772,0.999830489209676,45815803.8963333,45813987.0938006,45.8158038963333
DAI,2024-03-05,0.999830489209676,1.00086141825547,0.998437027030836,1.0000399418032,69262800.3052357,69322655.3335793,69.2628003052357
DAI,2024-03-06,1.0000399418032,1.00071820452862,0.999121766478055,0.999498151701939,37218606.9980062,37226331.278754,37.2186069980062
DAI,2024-03-07,0.999498151701939,1.00139573753502,0.998169910030699,1.0002625335464,34304848.8177849,34298587.3690561,34.3048488177849
DAI,2024-03-08,1.0002625335464,1.00077531755309,0.999371195985459,0.999885414418993,46982192.8047209,46981461.9661652,46.9821928047209
DAI,2024-03-09,0.999885414418993,1.00199417839054,0.999486284404033,0.999795568594763,26826399.0813529,26812619.5206648,26.8263990813529
DAI,2024-03-10,0.999795568594763,1.00031928255455,0.999208097417745,0.999664826483811,25305195.2067648,25317353.5045453,25.3051952067648
DAI,2024-03-11,0.999664826483811,1.00017496198791,0.999113616028022,0.999779858677923,55659516.345563,55660819.3708796,55.659516345563
DAI,2024-03-12,0.999779858677923,1.00033489228185,0.999018057773461,0.999717253499071,37608157.8930344,37619853.8200351,37.608157893034395
DAI,2024-03-13,0.999717253499071,1.00140646428374,0.999440624852415,1.00009626766798,45959230.7757175,45957463.9964547,45.959230775717494
DAI,2024-03-14,1.00009626766798,1.00029890544066,0.99907492209916,0.999573205745072,60364017.6221659,60382914.8742151,60.3640176221659
DAI,2024-03-15,0.999573205745072,1.00062781752876,0.999204003950178,0.999822766831387,60620005.0639183,60628479.8981084,60.6200050639183
DAI,2024-03-16,0.999822766831387,1.00089788135741,0.999008960512624,1.00010600797502,32246809.8628137,32244843.7364583,32.2468098628137
DAI,2024-03-17,1.00010600797502,1.00129342419944,0.999660782883529,0.999902159350892,43483818.8037568,43463480.8530952,43.483818803756805
DAI,2024-03-18,0.999902159350892,1.00150378418756,0.999313477499027,1.00010811980109,35307158.963413,35302147.2298152,35.307158963413
DAI,2024-03-19,1.00010811980109,1.00100978719623,0.999166979621084,1.00002778551909,78463286.3356783,78462073.3445216,78.46328633567829
DAI,2024-03-20,1.00002778551909,1.00075147837614,0.998885723152505,1.0000135122139,45700123.4677932,45697212.3601765,45.7001234677932
DAI,2024-03-21,1.0000135122139,1.00445221881224,0.999651270509307,1.0005601253679,39126633.6966547,39089383.6673458,39.1266336966547
DAI,2024-03-22,1.0005601253679,1.00142106930335,1.00006125108862,1.00045911386108,30187113.8850618,30173487.83691,30.1871138850618
DAI,2024-03-23,1.00045911386108,1.00110270044851,1.00016489700207,1.00041814666868,15158101.8463715,15149762.9506505,15.1581018463715
DAI,2024-03-24,1.00041814666868,1.00114043618124,1.00003950768505,1.00027714849907,31991330.9128949,31962722.2739191,31.991330912894902
DAI,2024-03-25,1.00027714849907,1.00118531529334,0.998951610743669,0.999847548748981,34707955.8501912,34711772.3657458,34.7079558501912
DAI,2024-03-26,0.999847548748981,1.00077779798252,0.999586183412609,1.0000525748283,33972060.6857013,33965944.4000024,33.9720606857013
DAI,2024-03-27,1.0000525748283,1.00051671258731,0.998409023161618,0.999218275949482,47947851.7412883,47970029.4837973,47.9478517412883
DAI,2024-03-28,0.999218275949482,1.00036801236561,0.998211572584967,0.999804960499028,30387128.7145119,30398037.015415,30.387128714511903
DAI,2024-03-29,0.999804960499028,1.00067995447664,0.998998224360912,1.00003005931563,38174145.8254517,38172201.1612124,38.1741458254517
DAI,2024-03-30,1.00003005931563,1.00082785894478,0.999666510263861,0.999892970314022,36713408.713451,36706042.2023789,36.713408713450995
DAI,2024-03-31,0.999892970314022,1.00047450900398,0.999516383176421,0.999763264660414,19996884.2442131,19993308.4736181,19.9968842442131
DAI,2024-04-01,0.999763264660414,1.00066567663963,0.999325777277944,1.00011374552308,25699445.9715493,25700913.6122662,25.6994459715493
DAI,2024-04-02,1.00011374552308,1.00104268287644,0.99913337079612,1.00002387179505,54799930.8330858,54808886.8228676,54.799930833085796
DAI,2024-04-03,1.00002387179505,1.00021417322383,0.999060184813761,0.999613427408317,35736626.6168781,35746538.0791081,35.7366266168781
DAI,2024-04-04,0.999613427408317,1.00021207972686,0.998763155728944,0.999625901849261,40232470.6215534,40239229.5000872,40.2324706215534
DAI,2024-04-05,0.999625901849261,1.00056094885777,0.999444665342229,1.0003546125207,32069974.6704828,32070922.9919525,32.0699746704828
DAI,2024-04-06,1.0003546125207,1.00085360465933,0.999659230393528,1.00006819204667,18201107.2372594,18196676.5717624,18.2011072372594
DAI,2024-04-07,1.00006819204667,1.00205290028328,0.99984304670757,1.00020864741172,21944745.9362509,21937715.180919,21.9447459362509
DAI,2024-04-08,1.00020864741172,1.00055510592897,0.99989929094918,1.00005532781659,73231852.7409271,73215700.4877947,73.2318527409271
DAI,2024-04-09,1.00005532781659,1.01308957721845,0.999718768347112,1.00008419648312,72849955.6732505,72843413.9702235,72.84995567325049
DAI,2024-04-10,1.00008419648312,1.00285763210552,0.999768003859351,1.00025542848676,51519824.0583461,51504933.2866928,51.5198240583461
DAI,2024-04-11,1.00025542848676,1.00041908095901,0.999583605950802,1.00006479557734,29203317.1303093,29200368.5470428,29.203317130309298
DAI,2024-04-12,1.00006479557734,1.00142892815959,0.998778831905111,1.00016717786932,69074485.1657307,69074650.6189976,69.0744851657307
DAI,2024-04-13,1.00016717786932,1.00154746973804,0.98900270976317,0.999830366268249,63093588.3375026,63073685.0524094,63.0935883375026
DAI,2024-04-14,0.999830366268249,1.00062708859177,0.999377899574994,1.0001741697168,45993580.3412249,45995047.4827133,45.9935803412249
DAI,2024-04-15,1.0001741697168,1.00071645824595,0.999634941501648,0.999912856889782,40051595.194682,40049650.4812954,40.051595194682
DAI,2024-04-16,0.999912856889782,1.00351141074038,0.999275164363223,1.0000356284546,49617376.2547176,49608455.4934869,49.617376254717605
DAI,2024-04-17,1.0000356284546,1.00129518426745,0.999660489085712,0.999995959810614,44575505.0687128,44564993.9221864,44.5755050687128
DAI,2024-04-18,0.999995959810614,1.00066841893463,0.999700689455806,0.999775947598851,40037723.6010485,40032003.9138442,40.0377236010485
DAI,2024-04-19,0.999775947598851,1.00096557207027,0.999774295739131,1.00043734710996,43132148.3697356,43120029.8833113,43.132148369735596
DAI,2024-04-20,1.00043734710996,1.00864257695089,0.999751931886039,1.00006871273107,23915450.6596695,23905359.9979582,23.9154506596695
DAI,2024-04-21,1.00006871273107,1.00098065371878,0.999899757797763,1.00036086806747,18278219.2624847,18273803.3769695,18.2782192624847
DAI,2024-04-22,1.00036086806747,1.00060318031254,0.999946165235545,1.00023289519612,33405760.2245048,33395460.2567554,33.405760224504796
DAI,2024-04-23,1.00023289519612,1.00045793657845,0.999758177362345,0.99995491910559,36806453.3953502,36802996.1747322,36.8064533953502
DAI,2024-04-24,0.99995491910559,1.00046323184215,0.999566569023454,1.0000505788867,54328604.4870261,54331566.6758913,54.328604487026105
DAI,2024-04-25,1.0000505788867,1.00169394645807,0.999810595019806,1.00009925953298,38591140.6609314,38585664.2578445,38.5911406609314
DAI,2024-04-26,1.00009925953298,1.00101895918529,0.999746272391085,1.00010670950454,33894131.4523195,33888790.3611527,33.894131452319506
DAI,2024-04-27,1.00010670950454,1.00485952156077,0.999925562187492,1.00014134234434,34490422.5215379,34458939.965923,34.4904225215379
DAI,2024-04-28,1.00014134234434,1.00459746970565,0.999989636140993,1.0002536897024,23848930.7791839,23841569.5347572,23.848930779183902
DAI,2024-04-29,1.0002536897024,1.00050292340137,0.999820100954272,1.00038049058127,36237152.0236135,36229312.6335812,36.2371520236135
DAI,2024-04-30,1.00038049058127,1.00076525385,0.999529151006843,0.99999709451298,58851158.8264716,58841701.5768596,58.8511588264716
DAI,2024-05-01,0.99999709451298,1.00271876916935,0.999707113959811,1.00053423056619,47356767.9348841,47348004.263992,47.356767934884104
DAI,2024-05-02,1.00053423056619,1.00082027070169,0.999869194103623,1.00046371990258,29604737.5672604,29592972.3665529,29.6047375672604
DAI,2024-05-03,1.00046371990258,1.0011390999317,0.999921508825307,1.00090296949249,27536290.786332,27520794.9146621,27.536290786332
DAI,2024-05-04,1.00090296949249,1.00092950537684,0.999932525330335,1.00002336167647,18901477.1974861,18896411.1931592,18.9014771974861
DAI,2024-05-05,1.00002336167647,1.00067461469752,0.999845284874403,1.00028626842241,10954802.541899,10951504.7554748,10.954802541899
DAI,2024-05-06,1.00028626842241,1.0007124166337,0.999768352179153,1.00002743949675,28259363.4692648,28254309.3274042,28.2593634692648
DAI,2024-05-07,1.00002743949675,1.00035543856307,0.999754308849402,0.99993188666258,21563126.7488215,21562046.0998383,21.5631267488215
DAI,2024-05-08,0.99993188666258,1.00136416447904,0.998558689535014,0.99989711397955,33897165.6271774,33901200.9685964,33.8971656271774
DAI,2024-05-09,0.99989711397955,1.00067262071823,0.999700486307039,1.00032496006982,33742424.6372994,33731753.0917255,33.7424246372994
DAI,2024-05-10,1.00032496006982,1.00054184533831,0.999594777278742,1.00022254011354,32538074.9603503,32529969.9137606,32.5380749603503
DAI,2024-05-11,1.00022254011354,1.00068083103421,0.999859216013914,1.00028057507694,16126319.6950832,16119738.8816991,16.1263196950832
DAI,2024-05-12,1.00028057507694,1.00041696141976,0.999385595035754,1.00026400263486,13852392.0037295,13850921.8024101,13.8523920037295
DAI,2024-05-13,1.00026400263486,1.00063020629725,0.999654687304221,0.999960881735773,26757044.4864528,26747845.9084692,26.7570444864528
DAI,2024-05-14,0.999960881735773,1.00044108335765,0.999556546815607,1.00011183006265,29995705.2154168,29993705.8631988,29.995705215416802
DAI,2024-05-15,1.00011183006265,1.00291021042426,0.999630882865677,0.999968297503262,38650323.2032032,38619723.4452834,38.6503232032032
DAI,2024-05-16,0.999968297503262,1.00047988850639,0.99859427630128,0.999916344268174,38018667.6944237,38015767.2439006,38.0186676944237
DAI,2024-05-17,0.999916344268174,1.00048085234161,0.999633701423649,1.00023642691168,21492341.424157,21490100.1685582,21.492341424157
DAI,2024-05-18,1.00023642691168,1.002414890204,1.00005570929977,1.00041083348662,19167577.7229541,19153333.9676771,19.167577722954103
DAI,2024-05-19,1.00041083348662,1.00240065454455,1.00003386085602,1.00007992978672,17463960.3520023,17453740.5762487,17.4639603520023
DAI,2024-05-20,1.00007992978672,1.00037384522169,0.999742966048935,0.999871480714104,31261634.1984496,31257898.6658536,31.2616341984496
DAI,2024-05-21,0.999871480714104,1.00071304190832,0.999619688299691,1.0002899536717,42020265.5603205,42009125.1137254,42.020265560320496
DAI,2024-05-22,1.0002899536717,1.00092915828313,0.999355888174748,0.999952031717861,25151661.456491,25151407.0934483,25.151661456491002
DAI,2024-05-23,0.999952031717861,1.00350770797997,0.99947416714446,1.00009921600755,39858103.1763025,39858517.3566878,39.8581031763025
DAI,2024-05-24,1.00009921600755,1.00061584701653,0.999586027383522,1.00014787389694,25145141.8940605,25143891.1663927,25.1451418940605
DAI,2024-05-25,1.00014787389694,1.00075185109698,0.985646982649691,1.00029666855217,21669239.2160807,21893008.6086563,21.669239216080697
DAI,2024-05-26,1.00029666855217,1.00149647829023,0.999557483032835,1.00045808153785,17650519.7376744,17647100.0466151,17.6505197376744
DAI,2024-05-27,1.00045808153785,1.00419400201923,0.998878047994991,1.00027063213137,25672433.2852713,25672667.5113185,25.6724332852713
DAI,2024-05-28,1.00027063213137,1.00051990772047,0.999156699630226,0.999930998581832,32951794.1659805,32957054.8252902,32.9517941659805
DAI,2024-05-29,0.999930998581832,1.00125154883403,0.999293825165189,1.00005526558839,26797872.8405534,26801743.249684,26.7978728405534
DAI,2024-05-30,1.00005526558839,1.0024575387202,0.998731527191909,1.00059477467198,36635347.6640907,36614274.5368505,36.6353476640907
DAI,2024-05-31,1.00059477467198,1.00113709449043,0.998915842387153,0.999743886669895,26831566.3267509,26835885.6528641,26.831566326750902
DAI,2024-06-01,0.999743886669895,1.00032115495923,0.999451636301353,1.00004911035983,14075720.8157477,14077331.9687933,14.075720815747701
DAI,2024-06-02,1.00004911035983,1.00049583595253,0.999732575438452,1.00005369474496,14563872.6349394,14562420.2565178,14.5638726349394
DAI,2024-06-03,1.00005369474496,1.0006108880597,0.999714994818736,1.00015179271969,17319028.061626,17316840.9760645,17.319028061626
DAI,2024-06-04,1.00015179271969,1.00112274650886,0.999558111348896,1.00036218781617,24872326.8465443,24865260.7707221,24.8723268465443
DAI,2024-06-05,1.00036218781617,1.00078316640552,0.999418107895888,1.00027035787431,23465025.3397574,23466766.6442265,23.4650253397574
DAI,2024-06-06,1.00027035787431,1.00212400351269,0.997155073794654,0.999680531876129,41527852.3094222,41544066.6800837,41.5278523094222
DAI,2024-06-07,0.999680531876129,1.00388724154936,0.996357603788848,1.00043502911472,168903339.930259,169034476.316958,168.903339930259
DAI,2024-06-08,1.00043502911472,1.00373150205683,0.996872266535441,0.999832597093562,236549109.526819,236588240.070045,236.549109526819
DAI,2024-06-09,0.999832597093562,1.0036728972404,0.996901791440665,0.9998080163347,327657456.153221,327850244.914487,327.657456153221
DAI,2024-06-10,0.9998080163347,1.00180370551591,0.997105458450799,0.99953634709838,140190276.94327,140240320.024873,140.19027694327
DAI,2024-06-11,0.99953634709838,1.02668839336666,0.999092020640589,1.00140295272095,146419866.690626,146381222.810108,146.419866690626
DAI,2024-06-12,1.00140295272095,1.00357810145233,0.99952857182736,1.00130840279618,198403909.644956,198315827.980209,198.403909644956
DAI,2024-06-13,1.00130840279618,1.00165344525732,0.999557210677206,0.999579410375134,179767317.790158,179765248.096131,179.76731779015802
DAI,2024-06-14,0.999579410375134,1.00166579784343,0.996484351092584,1.00146180969488,285592549.003216,285809073.648846,285.59254900321605
DAI,2024-06-15,1.00146180969488,1.00179222121616,0.99650219607006,0.999835929399092,265147497.942351,265219641.731807,265.14749794235104
DAI,2024-06-16,0.999835929399092,1.00074313607608,0.997352271772397,0.999643397559685,279931820.803169,280033842.93991,279.931820803169
DAI,2024-06-17,0.999643397559685,0.999800764940991,0.997197986738904,0.999101292427895,273966071.743835,274230856.814393,273.96607174383496
DAI,2024-06-18,0.999101292427895,1.0000257260281,0.996047477887209,0.999490580595107,573047495.447873,573606480.550652,573.047495447873
DAI,2024-06-19,0.999490580595107,0.999989461794854,0.996990869890713,0.998871658719477,395039827.162104,395426094.029259,395.039827162104
DAI,2024-06-20,0.998871658719477,0.999905317457777,0.995844087594879,0.998982851222703,405632208.456723,406074172.290997,405.632208456723
DAI,2024-06-21,0.998982851222703,0.999667381966051,0.99578841324345,0.999075982708995,349649894.11905,350058950.794404,349.64989411905003
DAI,2024-06-22,0.999075982708995,0.999916850915399,0.997849677640013,0.999881071867306,226768384.901612,226936881.554257,226.76838490161202
DAI,2024-06-23,0.999881071867306,0.999956981009057,0.997672466433356,0.9993770481781,184204801.898493,184318199.031992,184.204801898493
DAI,2024-06-24,0.9993770481781,0.999768460368521,0.997150800422026,0.999615406095803,375942506.095065,376307132.984495,375.94250609506497
DAI,2024-06-25,0.999615406095803,1.00082501476928,0.997774978850418,1.00018441154036,308895166.874557,308964615.70567,308.895166874557
DAI,2024-06-26,1.00018441154036,1.00077469250749,0.995959767360983,0.999361694617423,265779743.831662,265822690.277829,265.779743831662
DAI,2024-06-27,0.999361694617423,1.00083344630878,0.996029101100259,0.999150576968887,363515739.257457,363679730.376147,363.515739257457
DAI,2024-06-28,0.999150576968887,1.00091574406584,0.994336512907011,0.999508069335928,348126625.063162,348387935.658605,348.126625063162
DAI,2024-06-29,0.999508069335928,1.00080888913067,0.997791290501456,0.999197988088822,273476006.84557,273532492.981135,273.47600684557005
DAI,2024-06-30,0.999197988088822,1.00067544424011,0.997621324823706,1.00001154093631,283759689.638538,283932149.787091,283.759689638538
DAI,2024-07-01,1.00001154093631,1.00069714886689,0.996941190146319,0.999005125557841,387496114.196896,387652420.676714,387.49611419689603
DAI,2024-07-02,0.999005125557841,1.00071094464078,0.99532868589904,0.99924796530915,435395396.432549,435598989.318224,435.395396432549
DAI,2024-07-03,0.99924796530915,1.00755046131445,0.995406127094032,0.99881712978215,435035457.682782,435261144.004055,435.035457682782
DAI,2024-07-04,0.99881712978215,1.00423279884841,0.99737284702899,0.999739324356343,486695292.676633,486790914.889884,486.695292676633
DAI,2024-07-05,0.999739324356343,1.00255149040239,0.994934221042478,0.99906382672814,1153022417.83893,1153787180.48454,1153.0224178389299
DAI,2024-07-06,0.99906382672814,1.00153312209006,0.997777554619167,0.999966403057471,778976597.829434,779202424.910887,778.976597829434
DAI,2024-07-07,0.999966403057471,1.00124886892224,0.997486372657593,1.00037188764756,255716135.499351,255873831.22546,255.716135499351
DAI,2024-07-08,1.00037188764756,1.00111087570137,0.998859341926663,0.999831571501945,37923228.5463958,37921173.0987347,37.9232285463958
DAI,2024-07-09,0.999831571501945,1.00122915481984,0.999573920695774,1.00090819663231,28472586.8460482,28462118.4143652,28.4725868460482
DAI,2024-07-10,1.00090819663231,1.00124784500219,0.999233198420803,1.00035157159333,29654378.6978742,29645489.3684942,29.6543786978742
DAI,2024-07-11,1.00035157159333,1.00131967492849,0.999328525473586,1.00030001272103,31638153.3382171,31632848.7236172,31.638153338217098
DAI,2024-07-12,1.00030001272103,1.00167826501136,0.999373587531801,1.00041026210859,21928874.9462097,21921859.1046225,21.9288749462097
DAI,2024-07-13,1.00041026210859,1.00078713095286,1.00002706854071,1.00041812476241,13362861.4734191,13358258.3967159,13.3628614734191
DAI,2024-07-14,1.00041812476241,1.00104434266195,1.00013893178718,1.00048836374487,15659250.950981,15650675.5254182,15.659250950981
DAI,2024-07-15,1.00048836374487,1.0011071168987,0.999728403986983,1.00006817338411,30600262.2368693,30587822.8845591,30.600262236869302
DAI,2024-07-16,1.00006817338411,1.00060043856313,0.999651190872279,1.000274533883,31802246.5998014,31803566.1892548,31.8022465998014
DAI,2024-07-17,1.000274533883,1.00057821267515,0.998465500028811,0.999869864271918,28851677.7386775,28856445.5323852,28.851677738677502
DAI,2024-07-18,0.999869864271918,1.00034574746173,0.99954993902403,1.00018961040634,20828609.9891755,20832269.2347645,20.828609989175497
DAI,2024-07-19,1.00018961040634,1.00033306596427,0.997910440449504,0.999850221886004,37223400.2596763,37260184.0814891,37.2234002596763
DAI,2024-07-20,0.999850221886004,1.00029260473929,0.999147047097966,0.999987948711127,13431198.1194964,13429778.215617,13.431198119496399
DAI,2024-07-21,0.999987948711127,1.00037578581935,0.999569140668293,0.999908406989124,18458233.9310944,18458620.2301526,18.4582339310944
DAI,2024-07-22,0.999908406989124,1.00039515850864,0.999430780314667,0.999645827211468,27755892.811143,27764658.9981763,27.755892811143
DAI,2024-07-23,0.999645827211468,1.00021950336758,0.998293553332642,0.999710371276741,40564545.3557081,40590680.0177173,40.5645453557081
DAI,2024-07-24,0.999710371276741,0.999857976433887,0.996735270241121,0.99923336863457,48700568.4845102,48761494.5021409,48.7005684845102
DAI,2024-07-25,0.99923336863457,1.00038875050123,0.997651648293306,1.00018548278746,39128651.9816024,39143604.5878033,39.1286519816024
DAI,2024-07-26,1.00018548278746,1.00198367669747,0.998992761026804,1.00046681955677,24864835.7725138,24860832.9387591,24.8648357725138
DAI,2024-07-27,1.00046681955677,1.00140181335077,0.999453203880114,0.999646648671992,23705505.7291335,23703399.8647624,23.705505729133503
DAI,2024-07-28,0.999646648671992,1.00199879197897,0.999631956609906,1.00058785175991,22525603.2626814,22518594.215037,22.525603262681397
DAI,2024-07-29,1.00058785175991,1.00262883507972,0.99983983175566,1.00017460913824,36764965.6281919,36747566.151459,36.7649656281919
DAI,2024-07-30,1.00017460913824,1.00068344313443,0.99945219044756,0.999728248429015,30196201.3944323,30200244.4782794,30.1962013944323
DAI,2024-07-31,0.999728248429015,1.00103440793494,0.999435541413249,1.00025207288925,29042127.5687376,29038269.943486,29.0421275687376
DAI,2024-08-01,1.00025207288925,1.00053603015121,0.999405592128043,0.999788830854901,37781816.0269184,37786098.1122008,37.7818160269184
DAI,2024-08-02,0.999788830854901,1.00274009444709,0.998612419367467,1.00004520524275,48211999.7155665,48208213.2649501,48.2119997155665
DAI,2024-08-03,1.00004520524275,1.0032090826822,0.999735704289662,1.0003178822118,38902847.5828898,38889265.4076635,38.902847582889805
DAI,2024-08-04,1.0003178822118,1.00098332475635,0.99924893269976,0.999797354148847,45938942.3535666,45932635.2399891,45.9389423535666
DAI,2024-08-05,0.999797354148847,1.00980211046747,0.99460500998742,1.00005941082832,189760015.038492,189768548.464256,189.76001503849199
DAI,2024-08-06,1.00005941082832,1.00058177182765,0.998715741184089,0.999262297892156,55264799.3103954,55292440.8329779,55.2647993103954
DAI,2024-08-07,0.999262297892156,1.00003614412179,0.998269736678017,0.999709375829344,48088963.2904617,48116705.8896613,48.0889632904617
DAI,2024-08-08,0.999709375829344,1.00036576979298,0.999319004185627,0.999929469568156,34345557.8489295,34347094.4966081,34.3455578489295
DAI,2024-08-09,0.999929469568156,1.00036208682352,0.999114842919747,0.999489268760441,26291092.1218183,26299175.5791233,26.291092121818302
DAI,2024-08-10,0.999489268760441,1.0005090118272,0.998583762778437,1.00013191883841,18261720.0257429,18266209.6818251,18.2617200257429
DAI,2024-08-11,1.00013191883841,1.00055932371966,0.998947833386089,0.999129748451503,21277861.7185137,21285741.6674167,21.2778617185137
DAI,2024-08-12,0.999129748451503,1.00058821862111,0.998967591449677,1.00002598440062,27091729.7855314,27099224.7306166,27.091729785531403
DAI,2024-08-13,1.00002598440062,1.00044276920267,0.998988257824946,0.999549014317852,32109373.6748918,32114874.2907378,32.1093736748918
DAI,2024-08-14,0.999549014317852,1.00017929072523,0.998912549620163,0.999207068823482,33488812.6548533,33505675.4429791,33.4888126548533
DAI,2024-08-15,0.999207068823482,1.0006173722174,0.998636260840102,0.998778575277367,32785899.7446132,32802240.6986294,32.785899744613204
DAI,2024-08-16,0.998778575277367,1.00033237531756,0.998446405855095,1.00014883773214,24238902.7760914,24244499.6378654,24.2389027760914
DAI,2024-08-17,1.00014883773214,1.00065672775011,0.999725175006587,0.999990018341273,13482544.9758218,13480234.1613401,13.482544975821801
DAI,2024-08-18,0.999990018341273,1.0006423488105,0.999420131808041,0.99981614063184,13791413.48819,13790165.8173813,13.79141348819
DAI,2024-08-19,0.99981614063184,1.00089491909577,0.999673604256328,1.00000318908003,20762437.810697,20761062.7487521,20.762437810697
DAI,2024-08-20,1.00000318908003,1.00112468461693,0.999608600763071,0.999937767472318,21389413.5104008,21385944.8857423,21.389413510400797
DAI,2024-08-21,0.999937767472318,1.00074141600432,0.999575239506633,1.00020149890487,22139250.1672492,22136102.5362663,22.139250167249198
DAI,2024-08-22,1.00020149890487,1.00043690955088,0.999577069552236,0.999668177517087,19071947.8988209,19074097.0399504,19.0719478988209
DAI,2024-08-23,0.999668177517087,1.0009862341093,0.999665235542049,1.00005378347435,32190004.4876105,32183936.2109851,32.1900044876105
DAI,2024-08-24,1.00005378347435,1.00103074324053,0.999673923730572,0.999984451339635,30155289.3395751,30147571.2775776,30.155289339575102
DAI,2024-08-25,0.999984451339635,1.00055978161589,0.999691256571206,1.00012585489191,16067078.1933364,16065956.1074571,16.0670781933364
DAI,2024-08-26,1.00012585489191,1.00024721527822,0.9996278247247,0.999804463840988,24964449.3770073,24967298.8942476,24.9644493770073
DAI,2024-08-27,0.999804463840988,1.00011957260184,0.999315302840111,1.00001638405456,38930949.6094855,38934282.0114399,38.9309496094855
DAI,2024-08-28,1.00001638405456,1.00100346319267,0.998985164849529,1.00013522359003,31452636.2553081,31454076.4755668,31.4526362553081
DAI,2024-08-29,1.00013522359003,1.00112164467377,0.999919984305655,1.00032281780489,31268038.4387432,31250156.471723,31.2680384387432
DAI,2024-08-30,1.00032281780489,1.00111097896457,1.00004642244532,1.00052598189557,33463793.6822427,33450003.0267287,33.4637936822427
DAI,2024-08-31,1.00052598189557,1.00117123540575,1.00029539968224,1.00073141289606,11138999.0115129,11131450.337629,11.1389990115129
DAI,2024-09-01,1.00073141289606,1.00138980486022,1.00027107977327,1.0005537198702,18762811.6416903,18749637.9564298,18.7628116416903
DAI,2024-09-02,1.0005537198702,1.00113646951665,1.00046024616718,1.00061855242674,23192123.1519146,23175706.5366401,23.1921231519146
DAI,2024-09-03,1.00061855242674,1.0008245391984,0.999895601839742,1.00029189554721,16512422.4494249,16506240.1329352,16.5124224494249
DAI,2024-09-04,1.00029189554721,1.00110321916887,1.00026459325456,1.00050271809823,22484175.8020089,22470479.0710951,22.484175802008902
DAI,2024-09-05,1.00050271809823,1.00109150013575,1.00009554691098,1.00025937635316,14275778.0698788,14269449.4956712,14.2757780698788
DAI,2024-09-06,1.00025937635316,1.00573492704155,1.00006041990445,1.00089751447805,25314561.1006434,25305128.5260026,25.3145611006434
DAI,2024-09-07,1.00089751447805,1.00228885252934,1.00056962569743,1.00108149855549,16403317.4500512,16383087.9866022,16.4033174500512
DAI,2024-09-08,1.00108149855549,1.00157211360943,1.00029532479771,1.0005041648366,12434363.9161367,12423921.5025359,12.4343639161367
DAI,2024-09-09,1.0005041648366,1.00103436871805,1.00010974807255,1.00028037415261,19714489.0757579,19705057.8067618,19.7144890757579
DAI,2024-09-10,1.00028037415261,1.00038891466652,0.999660686611684,1.00014840984532,13787613.1871015,13789606.9618525,13.7876131871015
DAI,2024-09-11,1.00014840984532,1.0008098102014,0.999998997536551,1.00046933435102,12912494.5614087,12910678.3997603,12.9124945614087
DAI,2024-09-12,1.00046933435102,1.0011954655014,1.00017088487989,1.00044339742964,12313843.6258866,12307082.4584818,12.3138436258866
DAI,2024-09-13,1.00044339742964,1.00432590185922,1.00015933093645,1.00063751707106,13580016.7718546,13574578.5786795,13.5800167718546
DAI,2024-09-14,1.00063751707106,1.00080184367199,0.999890862429269,1.00039083762874,11394723.3610187,11391275.9227315,11.3947233610187
DAI,2024-09-15,1.00039083762874,1.0007629289092,1.00010286389858,1.00051459955534,12913300.7639965,12907458.4488607,12.913300763996501
DAI,2024-09-16,1.00051459955534,1.00104508980053,0.999862641098924,1.00020841921938,16238941.9960086,16228965.0794661,16.2389419960086
DAI,2024-09-17,1.00020841921938,1.00050486741988,0.999865396852221,1.0002338744565,14463101.0642225,14459726.0553985,14.4631010642225
DAI,2024-09-18,1.0002338744565,1.00132923367727,0.999940462755861,1.00017837124507,21695012.9979366,21688019.3748378,21.695012997936598
DAI,2024-09-19,1.00017837124507,1.00413754173093,1.0000350286714,1.00027250280289,16209233.8111,16203818.3354936,16.2092338111
DAI,2024-09-20,1.00027250280289,1.00057841123693,0.999977931687478,1.00036717073859,16709908.5609259,16705221.9714072,16.7099085609259
DAI,2024-09-21,1.00036717073859,1.00085545467039,1.00012525165927,1.00042121882677,13680207.9262047,13673137.5530953,13.6802079262047
DAI,2024-09-22,1.00042121882677,1.00087197889266,1.00028275109301,1.00054497428713,9419707.00827572,9413111.11354813,9.419707008275719
DAI,2024-09-23,1.00054497428713,1.00080850753163,0.999961778653721,1.00018381904645,17517999.3421427,17514326.399457,17.5179993421427
DAI,2024-09-24,1.00018381904645,1.00065927626277,0.999915097550801,1.00044298034697,15756747.7775231,15753766.8716854,15.7567477775231
DAI,2024-09-25,1.00044298034697,1.00066993012954,0.99966776817224,0.999983428411764,19817885.8498815,19811789.0911608,19.8178858498815
DAI,2024-09-26,0.999983428411764,1.00588324117885,0.999557408673282,1.00027679980117,28883030.9730082,28867853.8642461,28.8830309730082
DAI,2024-09-27,1.00027679980117,1.00094646945009,0.999380174199527,1.00005477760554,31729144.1768607,31524454.4600731,31.7291441768607
DAI,2024-09-28,1.00005477760554,1.00036476617493,0.999705483457961,1.00007737767092,24761195.9343519,24756754.1801374,24.7611959343519
DAI,2024-09-29,1.00007737767092,1.00076372558576,0.99971048902019,1.00002284791685,13521881.9576755,13519705.4063976,13.5218819576755
DAI,2024-09-30,1.00002284791685,1.00035920233287,0.999621927443485,0.999898161272443,25552116.9245713,25553350.0271174,25.5521169245713
DAI,2024-10-01,0.999898161272443,1.00173854244886,0.999565002750435,1.00035103314738,37686795.8528405,37670537.5481098,37.6867958528405
DAI,2024-10-02,1.00035103314738,1.00230022238517,0.999812717005023,1.00002376606714,43130178.0431024,43085090.6478905,43.1301780431024
DAI,2024-10-03,1.00002376606714,1.00209446541909,0.99963026960234,0.999912327251178,46781513.6111285,46770777.7694231,46.7815136111285
DAI,2024-10-04,0.999912327251178,1.00174553082779,0.999648378467453,0.999994527282922,25034099.8078166,25029328.2010942,25.0340998078166
DAI,2024-10-05,0.999994527282922,1.00026904122719,0.999616805035507,1.00004827592118,15591312.2138509,15595610.4509292,15.5913122138509
DAI,2024-10-06,1.00004827592118,1.00041659589245,0.999255741477517,0.99983165303202,17718833.2760361,17719348.9619176,17.718833276036097
DAI,2024-10-07,0.99983165303202,1.00038589153946,0.99964351343014,0.999804362738645,21432812.4796722,21435248.9383483,21.4328124796722
DAI,2024-10-08,0.999804362738645,1.00739187343702,0.999585157458805,0.999953670639418,31313881.0609545,31311600.416113,31.3138810609545
DAI,2024-10-09,0.999953670639418,1.00108519016354,0.999479391097957,0.99988142016731,23093167.6573261,23093576.2807049,23.0931676573261
DAI,2024-10-10,0.99988142016731,1.00059380069216,0.999551976708102,0.999760317735419,34409587.2830423,34409811.3607876,34.4095872830423
DAI,2024-10-11,0.999760317735419,1.00025373779157,0.998550948379508,0.999816811127745,21478120.5752423,21475843.5878593,21.4781205752423
DAI,2024-10-12,0.999816811127745,1.00082130175815,0.999756241762094,1.00028051392206,24013230.3680592,24012413.913901,24.0132303680592
DAI,2024-10-13,1.00028051392206,1.00056269475996,0.999846535356004,1.00027269440052,18128768.6997468,18125728.8475806,18.1287686997468
DAI,2024-10-14,1.00027269440052,1.00455836232321,0.99941320761156,1.00022665106449,30010184.2010409,30005513.6211282,30.0101842010409
DAI,2024-10-15,1.00022665106449,1.00065477726608,0.999507787783371,1.00006895059509,38295266.1106222,38295808.1356519,38.295266110622194
DAI,2024-10-16,1.00006895059509,1.00031985921477,0.989957483345713,0.999818312972533,26683162.2782082,26686338.8991717,26.6831622782082
DAI,2024-10-17,0.999818312972533,0.999967657848617,0.999220158370575,0.999761853093404,22886189.1504131,22893250.9811292,22.8861891504131
DAI,2024-10-18,0.999761853093404,0.999951552523189,0.999532550890468,0.999840821425088,15686338.0802078,15691075.7635795,15.6863380802078
DAI,2024-10-19,0.999840821425088,1.00027868227048,0.999376302082481,1.00008584723257,12278883.3340413,12280651.9654229,12.2788833340413
DAI,2024-10-20,1.00008584723257,1.00031213135976,0.999295367075714,0.999749492496299,15407035.0789035,15409131.9865233,15.4070350789035
DAI,2024-10-21,0.999749492496299,1.00108065877871,0.999527256082757,0.99989899449671,24694340.3480502,24693541.9646825,24.6943403480502
DAI,2024-10-22,0.99989899449671,1.00061208837765,0.999381242626276,0.999887453224907,29795880.7748161,29800562.4017287,29.795880774816098
DAI,2024-10-23,0.999887453224907,1.00217778543773,0.999061087270012,0.999634810264302,30213325.9329875,30225989.4775041,30.2133259329875
DAI,2024-10-24,0.999634810264302,0.999993635179109,0.998948163341766,0.999679655084578,23740153.7157673,23749076.6889323,23.740153715767303
DAI,2024-10-25,0.999679655084578,1.0068851159129,0.998853837185134,0.999629459678342,38016941.5593608,38019757.9773018,38.0169415593608
DAI,2024-10-26,0.999629459678342,1.00108204040587,0.999166434170614,0.999719686814737,22436764.305372,22445013.2202964,22.436764305371998
DAI,2024-10-27,0.999719686814737,1.00062179390576,0.999135222194423,1.00002389055223,17077189.4802716,17080188.1170356,17.0771894802716
DAI,2024-10-28,1.00002389055223,1.00062795573978,0.999195148422752,1.00012717703542,28900726.7706615,28913169.0677123,28.9007267706615
DAI,2024-10-29,1.00012717703542,1.00124609720363,0.999513529477466,0.999974706243969,37492780.0140991,37479856.4878208,37.4927800140991
DAI,2024-10-30,0.999974706243969,1.00075446662399,0.999430404470587,1.00011844725042,40699853.8392324,40696461.6991361,40.6998538392324
DAI,2024-10-31,1.00011844725042,1.00071589701084,0.999277550946174,0.999782955365259,36362635.2842157,36370271.4691438,36.362635284215706
DAI,2024-11-01,0.999782955365259,1.00030542495,0.999208926661003,0.999790374434475,30097257.6096249,30106726.6374453,30.0972576096249
DAI,2024-11-02,0.999790374434475,1.00053051830374,0.999505029193566,0.999640904810139,16089631.4619105,16090914.2277315,16.0896314619105
DAI,2024-11-03,0.999640904810139,1.00124542535387,0.999575822505807,1.00017891450062,25047525.9172072,25043840.637007,25.0475259172072
DAI,2024-11-04,1.00017891450062,1.00109704586772,0.999599730037738,0.999994245494324,19537808.0746968,19535799.3380412,19.5378080746968
DAI,2024-11-05,0.999994245494324,1.00069620213069,0.999666922841403,1.00003585182316,28276883.9516539,28277624.0851015,28.2768839516539
DAI,2024-11-06,1.00003585182316,1.00066766219848,0.999369610806786,1.00003672050209,56599754.1082352,56605809.7998399,56.5997541082352
DAI,2024-11-07,1.00003672050209,1.00357765816274,0.999003778154989,1.00056258246883,100330918.567427,100258967.805148,100.33091856742699
DAI,2024-11-08,1.00056258246883,1.00276472076439,0.998631932473433,0.998821292364846,66555725.2028935,66529993.2813094,66.5557252028935
DAI,2024-11-09,0.998821292364846,0.999970941366505,0.998581417103544,0.999223952224987,27253189.1111085,27268624.6472484,27.2531891111085
DAI,2024-11-10,0.999223952224987,1.00014315471476,0.998974241399473,0.999890120315291,47721842.9814584,47743760.3613079,47.7218429814584
DAI,2024-11-11,0.999890120315291,1.00070650277097,0.999354689204654,1.00006003211387,81727819.8848197,81719375.8141339,81.7278198848197
DAI,2024-11-12,1.00006003211387,1.00779321617729,0.995979722520799,1.0001208171434,114130614.705403,114120993.665583,114.130614705403
DAI,2024-11-13,1.0001208171434,1.00940095307666,0.998943838993505,1.00065118344562,85316286.5588857,85283107.3780762,85.3162865588857
DAI,2024-11-14,1.00065118344562,1.00091294453667,0.99823206368786,0.99971125418262,59195982.1718579,59217699.30012,59.1959821718579
DAI,2024-11-15,0.99971125418262,1.00030945044906,0.999439777478591,0.999935039950633,49364700.8154463,48950719.8402046,49.364700815446305
DAI,2024-11-16,0.999935039950633,1.00104441344923,0.998402239272735,0.99979114195292,29061506.0398618,29066517.9032694,29.061506039861797
DAI,2024-11-17,0.99979114195292,1.00041824836983,0.999392453241951,0.999680567209125,29219667.6675195,29224275.1702513,29.2196676675195
DAI,2024-11-18,0.999680567209125,1.00127501177071,0.999311855715281,0.999964492286254,42503437.4793347,42500415.976687,42.5034374793347
DAI,2024-11-19,0.999964492286254,1.00023218425976,0.997127052777361,0.999938941436388,41067536.89193,41074512.3511356,41.06753689193
DAI,2024-11-20,0.999938941436388,1.00019352049379,0.995846601961037,0.99975901456395,35764993.7674355,35779031.9466149,35.7649937674355
DAI,2024-11-21,0.99975901456395,1.00126082043662,0.999499277583241,0.999971230059469,64917409.0118835,64907329.0516923,64.91740901188349
DAI,2024-11-22,0.999971230059469,1.00033342406628,0.995148837991886,0.999592942203897,52688560.9010913,52695243.4660294,52.6885609010913
DAI,2024-11-23,0.999592942203897,1.00066207275138,0.998739868121678,0.999288718381885,47811543.3128638,47834894.9465159,47.8115433128638
DAI,2024-11-24,0.999288718381885,1.00058878953993,0.999114306265113,1.00010516189136,35755968.2969813,35764484.5111027,35.755968296981294
DAI,2024-11-25,1.00010516189136,1.00021720742881,0.999391325559989,1.00013839539123,49531823.4817973,49533149.6238777,49.5318234817973
DAI,2024-11-26,1.00013839539123,1.00075622813743,0.991836195174008,0.999984829138737,58870155.1682151,58878508.5781885,58.870155168215106
DAI,2024-11-27,0.999984829138737,1.00075899567898,0.999679534076467,1.00001971143121,35705229.8374081,35695595.8683335,35.705229837408105
DAI,2024-11-28,1.00001971143121,1.000328254898,0.999642455661999,1.00001513955775,37136184.6485014,37142158.8471166,37.136184648501406
DAI,2024-11-29,1.00001513955775,1.00074243373318,0.999641558774623,0.999822343428469,30866502.4876191,30864795.9628085,30.866502487619098
DAI,2024-11-30,0.999822343428469,1.0002848165606,0.999655741736878,1.0001119830969,26195047.4997619,26196003.3684557,26.195047499761902
DAI,2024-12-01,1.0001119830969,1.00179053009746,0.998612886331138,1.00031188184574,35942658.5132422,35934383.7571625,35.9426585132422
DAI,2024-12-02,1.00031188184574,1.00051058090315,0.996607295908901,1.00028518767702,52376711.5406233,52378144.9971165,52.3767115406233
DAI,2024-12-03,1.00028518767702,1.00078386232406,0.999784710374027,1.00002609201876,53062963.4110519,53041958.4453084,53.062963411051896
DAI,2024-12-04,1.00002609201876,1.00802697061353,0.998811719496486,1.00016271625859,63277735.2713281,63236847.6524184,63.2777352713281
DAI,2024-12-05,1.00016271625859,1.00608482837494,0.995975871172741,0.999551960217064,64381357.7780954,64377295.4761898,64.3813577780954
DAI,2024-12-06,0.999551960217064,1.00112658671173,0.995672170440233,1.00036666780681,92498800.8805851,92485398.6146612,92.49880088058511
DAI,2024-12-07,1.00036666780681,1.00074852669695,0.99704837339126,0.999921061153765,42877954.5786221,42872554.7134729,42.8779545786221
DAI,2024-12-08,0.999921061153765,1.00144498180451,0.99959955475221,0.99989689403202,47315535.2876441,47311441.8231396,47.3155352876441
DAI,2024-12-09,0.99989689403202,1.00441920023108,0.990312247624382,1.00021819212562,73616183.934879,73607792.6566682,73.616183934879
DAI,2024-12-10,1.00021819212562,1.00041007070998,0.999662857168802,0.999982142034917,45627182.8125847,45622588.465797,45.6271828125847
DAI,2024-12-11,0.999982142034917,1.00092866131567,0.99960000027691,1.00023027661304,49010604.9359282,48997084.6939944,49.0106049359282
DAI,2024-12-12,1.00023027661304,1.0013529084975,0.999499226661035,0.999705592731725,61102289.8761747,61091845.212804,61.1022898761747
DAI,2024-12-13,0.999705592731725,1.00239811722753,0.997346926637928,1.00051216618841,57792268.2640531,57778543.4037238,57.7922682640531
DAI,2024-12-14,1.00051216618841,1.0062432220467,0.999323635740037,0.999840683171661,44050188.4082391,44023358.4310896,44.050188408239094
DAI,2024-12-15,0.999840683171661,1.0009342790066,0.99961155626354,1.00008877438263,39300313.95332,39305305.3480202,39.30031395332
DAI,2024-12-16,1.00008877438263,1.00334961800284,0.992989118497549,1.00022212966018,60323593.236672,60306745.8857917,60.323593236672
DAI,2024-12-17,1.00022212966018,1.00891282407943,0.999448072831698,0.999914022825314,49357426.9605607,49354510.2186683,49.3574269605607
DAI,2024-12-18,0.999914022825314,1.00196999925952,0.999658777078262,0.999986137811825,46409939.3996399,46404445.6786686,46.409939399639896
DAI,2024-12-19,0.999986137811825,1.00132605591689,0.999156066518343,0.999947623860403,83018722.509004,83027059.2100977,83.018722509004
DAI,2024-12-20,0.999947623860403,1.00153375750813,0.998953875669609,0.999808619637404,89625034.250368,89658192.1394918,89.625034250368
DAI,2024-12-21,0.999808619637404,1.00297986124094,0.998137035794982,0.999903557615356,95114089.9820706,95123176.4783433,95.1140899820706
DAI,2024-12-22,0.999903557615356,1.0037832997625,0.99851599554174,1.00007953821748,85655614.9744052,85646767.8848296,85.6556149744052
DAI,2024-12-23,1.00007953821748,1.00318055416181,0.998831792544442,1.00053974323126,103340648.444049,103350630.597914,103.340648444049
DAI,2024-12-24,1.00053974323126,1.00316795433286,0.998732263491471,1.00081362123238,87412703.3919877,87375888.3700945,87.41270339198769
DAI,2024-12-25,1.00081362123238,1.0008159138466,0.999980169478015,1.00023489375139,86457435.2390337,86445910.4710835,86.4574352390337
DAI,2024-12-26,1.00023489375139,1.00048850107436,0.99978670427858,0.999900644902047,63216031.9515218,63207129.5943893,63.2160319515218
DAI,2024-12-27,0.999900644902047,1.00511674007795,0.998567741744402,0.999557467351009,46871916.7490976,46880871.4593786,46.8719167490976
DAI,2024-12-28,0.999557467351009,1.00098748975686,0.998370981391107,0.999975051773606,68399694.4104609,68422372.3631185,68.39969441046091
DAI,2024-12-29,0.999975051773606,1.00231565169713,0.998234293941296,1.00090590310926,102137094.966697,102160290.584735,102.137094966697
DAI,2024-12-30,1.00090590310926,1.00155210326591,0.99781642631995,0.999697967928704,94692836.9062534,94680262.5413238,94.6928369062534
DAI,2024-12-31,0.999697967928704,1.00188863263853,0.999038570969629,1.00011284660874,46299727.7224364,46290562.5269098,46.2997277224364
DAI,2025-01-01,1.00011284660874,1.00525611444583,0.999039483163398,1.00140245405203,83614119.8970043,83554194.9839451,83.6141198970043
DAI,2025-01-02,1.00140245405203,1.00999109018816,0.998584824313409,1.00003904767134,63122207.5205156,63050242.2483303,63.1222075205156
DAI,2025-01-03,1.00003904767134,1.00209441885096,0.998731279320012,1.00101611305746,75379569.9338815,75374259.3463526,75.37956993388151
DAI,2025-01-04,1.00101611305746,1.00239469965536,0.997926997294162,0.999871370607508,57109277.1543788,57085698.3667399,57.1092771543788
DAI,2025-01-05,0.999871370607508,1.00147217803813,0.99861477777086,0.999781566219364,57940930.7183774,57924901.8086483,57.940930718377395
DAI,2025-01-06,0.999781566219364,1.00235698930582,0.99821401696176,0.99990825470946,49745249.4683552,49747562.9507865,49.745249468355205
DAI,2025-01-07,0.99990825470946,1.00150915408433,0.998371116978165,1.00009284803908,35860304.5903634,35861946.7673605,35.8603045903634
DAI,2025-01-08,1.00009284803908,1.00038126332167,0.997807760586862,0.999906142631087,43924727.0641663,43931125.3799796,43.9247270641663
DAI,2025-01-09,0.999906142631087,1.00173841977257,0.99917708906202,1.00014061092495,47903121.6626037,47905339.6226929,47.9031216626037
DAI,2025-01-10,1.00014061092495,1.00228031550272,0.999897189586359,0.999944361585414,32304908.645426,32282318.7068118,32.304908645426
DAI,2025-01-11,0.999944361585414,1.00141111694289,0.999525258286331,0.999785068754956,37332291.0496842,37327226.58685,37.332291049684194
DAI,2025-01-12,0.999785068754956,1.00114184853146,0.998449440475314,0.99942738297539,21197439.9891395,21199797.3522132,21.1974399891395
DAI,2025-01-13,0.99942738297539,1.00142352286721,0.99899582853205,1.00037314072738,55838011.9067156,55820474.8036375,55.8380119067156
DAI,2025-01-14,1.00037314072738,1.00163698530113,0.999628834919446,0.999984084457476,36167203.78833,36157039.0090647,36.167203788330006
DAI,2025-01-15,0.999984084457476,1.00168264027779,0.999743263229216,1.00027046856266,26848282.9860305,26841981.9810813,26.8482829860305
DAI,2025-01-16,1.00027046856266,1.00103044798134,0.996450798025632,0.999976282159852,28263876.6743375,28268540.8965174,28.2638766743375
DAI,2025-01-17,0.999976282159852,1.00160221963151,0.999434876202937,1.0000773065436,29895476.3302286,29891623.4832561,29.8954763302286
DAI,2025-01-18,1.0000773065436,1.00688593177165,0.999241951426939,0.999796379397855,43857308.7589855,43864483.6684868,43.857308758985496
DAI,2025-01-19,0.999796379397855,1.00056923282341,0.98559298970726,1.00004049096649,51842497.4178526,51912745.8950741,51.842497417852606
DAI,2025-01-20,1.00004049096649,1.00061339141169,0.999412758605584,0.999880618746667,52506257.4880411,52511164.6363586,52.5062574880411
DAI,2025-01-21,0.999880618746667,1.00189838127955,0.999459731939133,1.00002892835294,124812977.714785,124787577.020804,124.81297771478499
DAI,2025-01-22,1.00002892835294,1.00301067469011,0.999407035508417,1.00062973090078,111704988.12377,111675331.453348,111.70498812377
DAI,2025-01-23,1.00062973090078,1.00335478137773,0.999090599724854,1.00071764869,145451828.886976,145401886.274057,145.45182888697602
DAI,2025-01-24,1.00071764869,1.00237001388852,0.999763772096505,1.00042839022278,143847058.479887,143704341.875578,143.847058479887
DAI,2025-01-25,1.00042839022278,1.00234081686418,0.999207559116867,1.00211852806192,129951569.376294,129841755.267282,129.951569376294
DAI,2025-01-26,1.00211852806192,1.00211883201197,0.999856333691202,1.00066609303184,119220131.92481,119151903.870172,119.22013192481
DAI,2025-01-27,1.00066609303184,1.00341094155122,0.999339670410815,1.00035798176436,146514052.585902,146461224.377806,146.514052585902
DAI,2025-01-28,1.00035798176436,1.0018082738098,0.998660607002803,1.0005143276097,156159905.390262,156144143.358379,156.159905390262
DAI,2025-01-29,1.0005143276097,1.00203432492953,0.998623857235863,0.999869320369315,119590510.900408,119612630.873907,119.590510900408
DAI,2025-01-30,0.999869320369315,1.00145586580613,0.998730197960367,0.999417264940977,107070721.702436,107089095.181566,107.070721702436
DAI,2025-01-31,0.999417264940977,1.00296655900016,0.999043490042443,0.999530737660231,117386190.123861,117384955.971382,117.386190123861
DAI,2025-02-01,0.999530737660231,1.00170900282353,0.998558167569897,0.999220807876531,123040305.214018,123099152.95122,123.040305214018
DAI,2025-02-02,0.999220807876531,1.00327484106483,0.998750761271383,0.999935266457464,145189274.011677,145131120.962085,145.18927401167699
DAI,2025-02-03,0.999935266457464,1.00117380428935,0.996551825560988,1.0002946032183,356418455.554328,356392542.65167,356.41845555432803
DAI,2025-02-04,1.0002946032183,1.00160888591723,0.991394587519234,0.998627090358833,269305125.102178,269441773.027608,269.30512510217795
DAI,2025-02-05,0.998627090358833,1.00126598044234,0.998208079070475,0.999052113549583,175120241.57474,175226497.129329,175.12024157474
DAI,2025-02-06,0.999052113549583,1.00288147693456,0.998087198957893,1.00023552522673,185223432.30576,185309622.716924,185.22343230575999
DAI,2025-02-07,1.00023552522673,1.00157381850838,0.998524417816195,1.0000314247293,143704674.990106,142872210.036461,143.70467499010599
DAI,2025-02-08,1.0000314247293,1.00136410236042,0.998127685628845,1.00099950702653,149502340.329621,149552666.656896,149.50234032962098
DAI,2025-02-09,1.00099950702653,1.00143585106962,0.999045072220233,0.999654443504076,98579957.7328296,98601032.5157336,98.5799577328296
DAI,2025-02-10,0.999654443504076,1.00031531799177,0.998670923463014,0.999879606131845,140980592.756871,141002489.129169,140.980592756871
DAI,2025-02-11,0.999879606131845,1.00222869908196,0.998765250555103,1.00020138367185,135046780.096643,135023901.055516,135.046780096643
DAI,2025-02-12,1.00020138367185,1.00079880124943,0.998325957400287,0.999596173033203,165689321.249374,165708839.28241,165.689321249374
DAI,2025-02-13,0.999596173033203,1.00050244517427,0.999109690278438,1.00020764294591,172174896.24187,172196954.818541,172.17489624187
DAI,2025-02-14,1.00020764294591,1.00109820512321,0.999732826127211,0.999871009258718,174698201.717195,174647496.422421,174.698201717195
DAI,2025-02-15,0.999871009258718,1.00084265434485,0.999134862344014,1.00006202302626,153518547.277527,153505438.928125,153.518547277527
DAI,2025-02-16,1.00006202302626,1.00078271010945,0.999609522750026,1.00001670604208,35970652.0297709,35968485.9378531,35.9706520297709
DAI,2025-02-17,1.00001670604208,1.00121068309119,0.999645969077745,1.00032696857147,138392978.167037,138376175.108277,138.392978167037
DAI,2025-02-18,1.00032696857147,1.00185732751034,0.999616532226727,1.00007592114351,161702523.581427,161677663.730453,161.70252358142702
DAI,2025-02-19,1.00007592114351,1.00043704721588,0.999647621637098,1.00034466583651,91018029.4949203,91012705.7278964,91.0180294949203
DAI,2025-02-20,1.00034466583651,1.00045917075571,0.996537044036527,0.999975887607603,158335815.768584,158367095.105577,158.335815768584
DAI,2025-02-21,0.999975887607603,1.00047254764495,0.998658040804007,0.99927723152684,156021527.742125,156072882.601555,156.02152774212502
DAI,2025-02-22,0.99927723152684,0.999910768315673,0.997719985648135,0.999743968875431,81704372.523507,81737495.7119579,81.704372523507
DAI,2025-02-23,0.999743968875431,1.00267958582092,0.998303948283767,0.998578213160838,225404097.51856,225330712.384539,225.40409751855998
DAI,2025-02-24,0.998578213160838,1.00047055296542,0.998260183483156,1.00018314168474,252019472.198505,252157091.1715,252.019472198505
DAI,2025-02-25,1.00018314168474,1.00108078605699,0.997807859695111,0.999634598685606,175071669.3577,175071260.85075,175.0716693577
DAI,2025-02-26,0.999634598685606,1.00082320314713,0.998339408142188,0.999867742451562,117902370.904991,117918470.182548,117.902370904991
DAI,2025-02-27,0.999867742451562,1.001983705313,0.999088796407433,1.00042156606568,135362951.735827,135309553.240289,135.362951735827
DAI,2025-02-28,1.00042156606568,1.01187102406652,0.996323802870482,0.9996589760247,168242384.320928,168062357.099713,168.242384320928
DAI,2025-03-01,0.9996589760247,1.00253734665311,0.996732978393576,1.00067240519755,90398520.4743775,90374446.7885381,90.39852047437749
DAI,2025-03-02,1.00067240519755,1.00357153781676,0.999211348089806,1.00113493081749,121568575.896117,121511527.290128,121.568575896117
DAI,2025-03-03,1.00113493081749,1.00308977009938,0.999164660380359,1.00044391993817,106422698.448955,106436549.176658,106.422698448955
DAI,2025-03-04,1.00044391993817,1.00433951780022,0.988304551098195,1.00031128251344,83806158.3974599,83799548.866415,83.8061583974599
DAI,2025-03-05,1.00031128251344,1.002688537585,0.997436597707209,1.00046597471314,78390556.3139886,78391241.125417,78.3905563139886
DAI,2025-03-06,1.00046597471314,1.00372532068807,0.999153392493729,1.00052315717227,72839126.5650382,72818713.2388743,72.8391265650382
DAI,2025-03-07,1.00052315717227,1.00470074733272,0.998439953785787,1.00018664478983,95404509.9267463,95381772.1887486,95.4045099267463
DAI,2025-03-08,1.00018664478983,1.00555635557881,0.998403250634215,1.00056169049319,64051862.0065981,64058670.2444493,64.0518620065981
DAI,2025-03-09,1.00056169049319,1.00152401678294,0.99917990603774,1.00026174454709,76224484.3242436,76174267.0860788,76.2244843242436
DAI,2025-03-10,1.00026174454709,1.00493077315276,0.99908342310529,0.999777829776706,110218561.86893,110225551.1112,110.21856186893
DAI,2025-03-11,0.999777829776706,1.00960126667326,0.987398466777238,0.999555033986961,89432248.6930157,89441061.9917747,89.4322486930157
DAI,2025-03-12,0.999555033986961,1.00145527279379,0.998519369092628,0.999229042912549,69558850.0723649,69574368.124233,69.55885007236489
DAI,2025-03-13,0.999229042912549,1.00035876385713,0.99840057371684,0.999646272317508,64661522.2956362,64676208.1759114,64.6615222956362
DAI,2025-03-14,0.999646272317508,1.00013491235931,0.99922389305183,0.999826018398465,61356266.4855285,61374173.213795,61.3562664855285
DAI,2025-03-15,0.999826018398465,1.00017597228635,0.999214881717042,0.99954474383613,73874881.0818118,73895610.1608474,73.87488108181181
DAI,2025-03-16,0.99954474383613,1.00024632819974,0.998750809447722,0.999638483917032,83534377.5368377,83552156.580983,83.5343775368377
DAI,2025-03-17,0.999638483917032,1.0003328534219,0.999018842883183,0.999275505542259,74030461.4797599,74047786.8480561,74.03046147975991
DAI,2025-03-18,0.999275505542259,1.00032524198961,0.99919587517347,1.00001376683528,94150478.68264,94160437.5643548,94.15047868264
DAI,2025-03-19,1.00001376683528,1.00117848369267,0.998934945221213,1.00018502297385,102849742.274313,102834291.262975,102.849742274313
DAI,2025-03-20,1.00018502297385,1.0042719016965,0.998753443942817,0.999504003346157,105629727.271572,105640355.32155,105.629727271572
DAI,2025-03-21,0.999504003346157,1.00104053269506,0.999003952920441,0.99969815952436,82911317.0705776,82938424.9114452,82.91131707057761
DAI,2025-03-22,0.99969815952436,1.00143834493235,0.999129763292997,0.99989139188542,112030325.152266,112005326.582238,112.030325152266
DAI,2025-03-23,0.99989139188542,1.00336879926251,0.999733930832963,1.000101898877,90151114.9285417,90125047.2507362,90.1511149285417
DAI,2025-03-24,1.000101898877,1.00655409172621,0.999225821015965,0.99980826040045,84832768.8254999,84828915.5878554,84.83276882549991
DAI,2025-03-25,0.99980826040045,1.0031517022036,0.999138594281262,0.999844329432434,70714427.6557352,70738823.0010052,70.7144276557352
DAI,2025-03-26,0.999844329432434,1.00247066758406,0.996406907199715,0.999979732432518,91179338.4779092,91192148.9785837,91.17933847790921
DAI,2025-03-27,0.999979732432518,1.00041468565686,0.996653750798383,0.999176157964353,80973193.9203839,81008263.2913012,80.9731939203839
DAI,2025-03-28,0.999176157964353,1.0011436982962,0.999020580124981,0.999685596027667,120474399.6488,120511570.859206,120.4743996488
DAI,2025-03-29,0.999685596027667,1.00681590252014,0.999109526792868,1.00040920391233,77878063.3798834,77891049.3296523,77.8780633798834
DAI,2025-03-30,1.00040920391233,1.00067886553622,0.999574921819105,1.00025911620434,72142695.5269841,72129090.6010888,72.1426955269841
DAI,2025-03-31,1.00025911620434,1.00095492197439,0.99883780946545,1.00010298298352,116914499.106377,116881857.932249,116.91449910637701
DAI,2025-04-01,1.00010298298352,1.00051054391837,0.998694716470317,0.999717060432973,77713097.0286097,77740206.3110889,77.7130970286097
DAI,2025-04-02,0.999717060432973,1.00042872096411,0.998191607689585,0.999420963872475,107728133.761624,107737114.503465,107.728133761624
DAI,2025-04-03,0.999420963872475,1.00012900387618,0.999165329258094,0.999498975720939,83103476.5030016,83128164.8471826,83.1034765030016
DAI,2025-04-04,0.999498975720939,1.00414100535689,0.999150846720894,0.999781331569229,70899863.3053108,70919785.689273,70.8998633053108
DAI,2025-04-05,0.999781331569229,1.00804132515838,0.99951325086371,1.00002441018649,34217106.4934063,34081036.9973656,34.217106493406305
DAI,2025-04-06,1.00002441018649,1.00181161777003,0.986110965787369,1.00098973391271,76789228.0489974,76742768.2276922,76.7892280489974
DAI,2025-04-07,1.00098973391271,1.00300254500281,0.999553131812039,1.00009519822514,118512692.73772,118473073.572689,118.51269273772
DAI,2025-04-08,1.00009519822514,1.00200364382974,0.99964143200162,1.00001438974854,92530126.1750594,92486817.7827016,92.5301261750594
DAI,2025-04-09,1.00001438974854,1.00216944734573,0.999715593482922,1.00061378720536,110545840.08392,110468232.991204,110.54584008392
DAI,2025-04-10,1.00061378720536,1.02816203850898,0.999557506401534,0.999938784849621,78876039.2039419,78859897.440453,78.8760392039419
DAI,2025-04-11,0.999938784849621,1.0014303253007,0.998998049527069,0.999799869494001,68524431.3844209,68526125.5703529,68.52443138442091
DAI,2025-04-12,0.999799869494001,1.02297128041231,0.99916496813775,1.00484696201337,43331004.963235,43317260.7181876,43.331004963234996
DAI,2025-04-13,1.00484696201337,1.00597656448978,0.999420445682863,1.00003604339512,40484866.1980665,40473892.9935331,40.484866198066506
DAI,2025-04-14,1.00003604339512,1.00160095326126,0.999507135616065,1.00018621462794,53679770.2875909,53652713.9902156,53.6797702875909
DAI,2025-04-15,1.00018621462794,1.00497739631132,0.999000714221824,1.00035609290872,56089636.1662748,56077275.6479419,56.0896361662748
DAI,2025-04-16,1.00035609290872,1.0129479458432,0.999192715489097,1.00040549354064,47129491.9251055,47122084.8515491,47.1294919251055
DAI,2025-04-17,1.00040549354064,1.01033784319725,0.999296662364519,0.999523832507446,39290457.5004407,39291051.7865587,39.2904575004407
DAI,2025-04-18,0.999523832507446,0.999703804137309,0.998370730880928,0.998840726376294,15814944.4594562,15829909.8461217,15.8149444594562
DAI,2025-04-19,0.998840726376294,0.99974960955877,0.998291662312431,0.999207150765022,14174247.0331781,14184104.1627662,14.1742470331781
DAI,2025-04-20,0.999207150765022,0.999701176764701,0.998743705174394,0.999441417963535,17654620.8741316,17662572.9491003,17.654620874131602
DAI,2025-04-21,0.999441417963535,0.999907346013446,0.998650155664321,0.999290525336444,25791059.6212455,25807948.005129,25.7910596212455
DAI,2025-04-22,0.999290525336444,1.00009372451167,0.998465561729114,0.999402978527343,22868873.9504929,22882999.8053582,22.8688739504929
DAI,2025-04-23,0.999402978527343,1.0296628082562,0.999162980310292,0.999883884504283,84333985.0642913,84323598.5323471,84.3339850642913
DAI,2025-04-24,0.999883884504283,1.00091460838989,0.99892254260624,1.00041188010029,54137870.0055839,54128562.4756956,54.1378700055839
DAI,2025-04-25,1.00041188010029,1.00068838392826,0.999611760473154,0.999976005163298,50055232.0614509,50047197.9364293,50.0552320614509
DAI,2025-04-26,0.999976005163298,1.00039539488228,0.998668538235318,0.999999101650801,30861915.1135974,30870481.8817675,30.8619151135974
DAI,2025-04-27,0.999999101650801,1.00024075163417,0.999422168499489,0.999563767188806,27679848.6728776,27681476.2533405,27.679848672877597
DAI,2025-04-28,0.999563767188806,1.0021209587064,0.999514438986689,1.00048675284937,46702019.6038931,46674283.7064695,46.7020196038931
DAI,2025-04-29,1.00048675284937,1.01588229379285,0.999806696133714,1.0109613966231,51622655.491525,51547378.3097987,51.622655491525
DAI,2025-04-30,1.0109613966231,1.05775036881503,0.999835265987588,1.00174287955019,59896273.406787,58893431.9609642,59.896273406787
DAI,2025-05-01,1.00174287955019,1.05265180758711,0.999523564479313,1.00224904946411,50263201.5052925,49128577.3436328,50.2632015052925
DAI,2025-05-02,1.00224904946411,1.01157025811807,0.999814756487859,1.0005167135755,38727683.4029843,38680916.7004126,38.7276834029843
DAI,2025-05-03,1.0005167135755,1.00327510106193,0.999184919432947,1.00022647272477,36277002.0292775,36274857.6362629,36.277002029277504
DAI,2025-05-04,1.00022647272477,1.00170226379311,0.999707518910025,1.00154505428303,33546181.7937208,33527938.0029198,33.5461817937208
DAI,2025-05-05,1.00154505428303,1.00267261527716,1.00029463599256,1.00059147477385,47279817.5186364,47204494.7283773,47.2798175186364
DAI,2025-05-06,1.00059147477385,1.00072368610349,0.999312209612239,0.999398893962177,41035033.5227275,41038086.4626891,41.035033522727495
DAI,2025-05-07,0.999398893962177,1.04345956013469,0.998424706027654,1.0009603367097,36897679.8254823,36892924.4268586,36.8976798254823
DAI,2025-05-08,1.0009603367097,1.00137367722483,0.999391564752316,1.00003822573144,62313547.8346493,62313680.2581847,62.3135478346493
DAI,2025-05-09,1.00003822573144,1.00371924619251,0.999516462326974,1.00020780986885,72945683.0049073,72945173.8260777,72.9456830049073
DAI,2025-05-10,1.00020780986885,1.00413899471984,0.999176568119308,0.999699768513948,58329504.3720195,58327123.3392639,58.3295043720195
DAI,2025-05-11,0.999699768513948,1.00011289140111,0.996257495085372,0.999282341634791,56090563.4531069,56129778.0734935,56.0905634531069
DAI,2025-05-12,0.999282341634791,1.00071498557562,0.998745060384482,1.00018665374478,69850703.4363716,69879551.8248049,69.85070343637159
DAI,2025-05-13,1.00018665374478,1.0008056043014,0.999082338208867,1.00007654992569,73918581.8004536,73934146.639467,73.91858180045361
DAI,2025-05-14,1.00007654992569,1.00062675613534,0.999076448149072,1.00028600732013,51431885.3759456,51441609.0643044,51.4318853759456
DAI,2025-05-15,1.00028600732013,1.00719029322214,0.999624563359474,1.00004757071594,46577441.1738169,46566998.3766924,46.577441173816894
DAI,2025-05-16,1.00004757071594,1.00412827677279,0.999438736972875,0.999728394662442,41604909.1277793,41600101.1833191,41.6049091277793
DAI,2025-05-17,0.999728394662442,1.00053253221049,0.99935478194702,1.00004804097094,29981407.3751214,29986648.2295017,29.9814073751214
DAI,2025-05-18,1.00004804097094,1.00128579173078,0.999047003064606,0.999783763282515,34070567.5078608,34084241.4274476,34.0705675078608
DAI,2025-05-19,0.999783763282515,1.00120356012125,0.999279224510403,0.999951620290363,52019102.1402211,52022009.6374045,52.019102140221094
DAI,2025-05-20,0.999951620290363,1.00022742556969,0.999481569563732,0.999958002250282,49700208.1951858,49643054.868508,49.7002081951858
DAI,2025-05-21,0.999958002250282,1.00177944575674,0.998616565115764,1.00012288837893,70709309.0693347,70707854.7141099,70.7093090693347
DAI,2025-05-22,1.00012288837893,1.0003787537205,0.999313969524151,0.999806949802242,57008113.5138908,57015571.4064478,57.008113513890805
DAI,2025-05-23,0.999806949802242,1.00189524119302,0.999413515359113,0.999834501138809,75370139.3270885,75361944.1627881,75.37013932708851
DAI,2025-05-24,0.999834501138809,1.00031032369769,0.998815988275906,0.998881678289313,30517342.9896233,30521472.4727937,30.5173429896233
DAI,2025-05-25,0.998881678289313,1.00001712533687,0.998706062386183,0.999716473682251,29881610.5572325,29901659.9103673,29.8816105572325
DAI,2025-05-26,0.999716473682251,1.00020357030456,0.999291404045961,1.00003844126635,29230841.4559919,29238888.3087021,29.2308414559919
DAI,2025-05-27,1.00003844126635,1.00061250114163,0.999110416764954,0.999929848566717,43551261.6431115,43557210.9674316,43.551261643111495
DAI,2025-05-28,0.999929848566717,1.01003372598063,0.999341973535718,0.999907957735762,33052478.1750403,33035270.8994972,33.0524781750403
DAI,2025-05-29,0.999907957735762,1.00028024518737,0.998252426647449,1.00003302619745,54157984.5492631,54168822.0547556,54.1579845492631
DAI,2025-05-30,1.00003302619745,1.0003302780652,0.998139179251738,1.00015570975193,48428765.6644754,48435760.6998334,48.4287656644754
DAI,2025-05-31,1.00015570975193,1.00078990788783,0.999510831846417,0.999781750499588,34725315.0306451,34728315.2121994,34.7253150306451
DAI,2025-06-01,0.999781750499588,1.00049750067368,0.999721615981115,1.00008244781408,22974997.1990178,22972263.7085235,22.9749971990178
DAI,2025-06-02,1.00008244781408,1.0004422145751,0.999694326844302,1.00004393434599,25167421.9910094,25166627.9898634,25.167421991009398
DAI,2025-06-03,1.00004393434599,1.00096243556256,0.999758984979607,0.999787900073006,37888595.1460936,37883746.1910626,37.8885951460936
DAI,2025-06-04,0.999787900073006,1.00046199059006,0.999363832849687,0.999663666929126,40659213.3215469,40666462.0358738,40.6592133215469
DAI,2025-06-05,0.999663666929126,1.00036248983736,0.997654168397037,1.00022253685092,53842662.0442969,53872799.6024159,53.8426620442969
DAI,2025-06-06,1.00022253685092,1.00041021309578,0.99936860216126,0.99944871054541,39218389.8640176,39223481.0151173,39.218389864017595
DAI,2025-06-07,0.99944871054541,1.00002790628444,0.99875451120101,0.999620180641715,25750495.5044531,25764285.310887,25.7504955044531
DAI,2025-06-08,0.999620180641715,1.00019346994367,0.998735153870547,0.999742426474747,24282569.7278323,24290088.1920681,24.2825697278323
DAI,2025-06-09,0.999742426474747,1.00033794178586,0.998515495315835,0.999339778312025,29053428.8220602,29060601.3225258,29.0534288220602
DAI,2025-06-10,0.999339778312025,0.999944880609286,0.998301876533895,0.999253351652228,41809055.3342616,41834209.2507581,41.8090553342616
DAI,2025-06-11,0.999253351652228,0.99990411690511,0.998284445973546,0.999509383699896,39184595.503721,39207218.5316329,39.184595503721
DAI,2025-06-12,0.999509383699896,1.00076945443545,0.999161939200954,0.999805510047607,53685057.5346236,53699312.3398203,53.6850575346236
DAI,2025-06-13,0.999805510047607,1.00018925707173,0.997427711228828,1.00003424908302,50373176.3598792,50393306.9730595,50.3731763598792
DAI,2025-06-14,1.00003424908302,1.00005272426471,0.998644543593068,0.999429887031825,25190548.9065281,25198676.6405238,25.1905489065281
DAI,2025-06-15,0.999429887031825,1.00015383750016,0.998218825618874,0.999524215061013,29506420.1325285,29520768.4369481,29.5064201325285
DAI,2025-06-16,0.999524215061013,1.00018572242113,0.999252255597179,0.999786641902088,39894744.2258494,39753262.4759719,39.8947442258494
DAI,2025-06-17,0.999786641902088,1.00065375437129,0.99929998437101,0.999816668891429,43842707.670545,43846403.2540845,43.842707670544996
DAI,2025-06-18,0.999816668891429,1.00022786553384,0.999274030558584,1.0001409112825,30033835.3339697,30037044.0247982,30.0338353339697
DAI,2025-06-19,1.0001409112825,1.00031410559378,0.999382595508811,0.999944293915666,26322887.820542,26325141.1202426,26.322887820542
DAI,2025-06-20,0.999944293915666,1.00031996432888,0.999339458364733,0.999757921080503,27212304.5831495,27222484.8517121,27.2123045831495
DAI,2025-06-21,0.999757921080503,1.00019168072134,0.998140167510019,0.9999668160775,24089695.1949276,24113220.7468787,24.0896951949276
DAI,2025-06-22,0.9999668160775,1.00097019396176,0.999841249093326,1.00068026982795,35087969.0273146,35080118.8178771,35.08796902731461
DAI,2025-06-23,1.00068026982795,1.00098359489198,0.99913122819013,0.99993597678772,54260274.2369708,54249787.1267767,54.260274236970794
DAI,2025-06-24,0.99993597678772,1.00163479317628,0.999428008540995,0.999574152645762,39476298.3531032,39479345.9494365,39.476298353103196
DAI,2025-06-25,0.999574152645762,1.00014281880168,0.99927028277581,1.00006168646679,39699892.635367,39714172.999376,39.699892635367
DAI,2025-06-26,1.00006168646679,1.00013261646453,0.999406514586205,0.999681884689982,39480872.9282639,39496204.6410273,39.4808729282639
DAI,2025-06-27,0.999681884689982,1.00000946104353,0.992304462987322,0.999812901476087,45368675.6118142,45402767.8872006,45.368675611814204
DAI,2025-06-28,0.999812901476087,0.99993462026498,0.99882367373508,0.999295539086372,19867259.5371265,19873771.6931721,19.8672595371265
DAI,2025-06-29,0.999295539086372,0.999862544379092,0.990102832012137,0.999557135069352,35150690.583987,35181465.8329698,35.150690583987
DAI,2025-06-30,0.999557135069352,0.999961837713153,0.999141838934425,0.999773539802427,40458187.2910587,40473424.9691049,40.4581872910587
DAI,2025-07-01,0.999773539802427,1.00047347295757,0.999427095220771,1.00011135482262,30092050.7854092,30090186.2256569,30.0920507854092
DAI,2025-07-02,1.00011135482262,1.00029334469486,0.99910007190499,0.999809257900105,33701364.7957611,33708062.9991673,33.7013647957611
DAI,2025-07-03,0.999809257900105,1.00039459929983,0.998315901175054,0.999911351350507,47287323.5945266,47290906.2296611,47.2873235945266
DAI,2025-07-04,0.999911351350507,1.00023695359678,0.99953466399589,1.00002006312504,29075189.8100606,29076511.6585862,29.075189810060603
DAI,2025-07-05,1.00002006312504,1.00009667439035,0.999491199598228,0.999609256450259,19003115.3453065,19008437.6584463,19.0031153453065
DAI,2025-07-06,0.999609256450259,1.00017447049078,0.999551151162935,0.999745022872288,17962136.6596319,17964212.0877825,17.962136659631902
DAI,2025-07-07,0.999745022872288,1.00018179222842,0.999620423946449,0.99989943104307,28014160.801891,28017025.4550458,28.014160801891
DAI,2025-07-08,0.99989943104307,1.00021249124114,0.999663893291328,0.999811345439595,26181452.8417543,26181366.6533967,26.1814528417543
DAI,2025-07-09,0.999811345439595,1.00025911036054,0.999724453694167,0.999959231770995,43274731.1735453,43275151.8132688,43.2747311735453
DAI,2025-07-10,0.999959231770995,1.00031088961132,0.997580765023974,0.999699902507733,60710284.7454139,60710968.4457121,60.7102847454139
DAI,2025-07-11,0.999699902507733,1.00029678953341,0.999643454403096,1.00002805862115,69380983.8220962,69372624.8299804,69.3809838220962
DAI,2025-07-12,1.00002805862115,1.0000801214527,0.999384565763364,0.99964496017485,34396451.04043,34404256.9973025,34.39645104043
DAI,2025-07-13,0.99964496017485,0.999963434369364,0.997643710062923,0.999691146038045,35697641.8228068,35716817.8623379,35.6976418228068
DAI,2025-07-14,0.999691146038045,1.00026407151125,0.998507082891818,0.999974861510423,59470559.0437514,59482556.4354397,59.4705590437514
DAI,2025-07-15,0.999974861510423,1.00017313363615,0.994976181051373,0.999882028243752,54428691.9566251,54434164.5920193,54.428691956625094
DAI,2025-07-16,0.999882028243752,1.00081269179349,0.999699387936595,0.999835143930512,59076968.5667183,59072424.6917032,59.0769685667183
DAI,2025-07-17,0.999835143930512,1.00031161420825,0.999544455214402,0.999992741071546,59616249.2915173,59611775.1247248,59.6162492915173
DAI,2025-07-18,0.999992741071546,1.00029301252106,0.999465554290724,1.00000301755856,102156857.901592,102108242.067548,102.156857901592
DAI,2025-07-19,1.00000301755856,1.00035942135262,0.999686664774693,1.00005146623026,36183857.7037819,36182359.0080375,36.183857703781904
DAI,2025-07-20,1.00005146623026,1.00054965440888,0.999610213610345,0.999966594055342,48149907.6860642,48147038.3653438,48.149907686064196
DAI,2025-07-21,0.999966594055342,1.00034998245997,0.999502713403465,0.99977098022234,54288061.7909772,54293758.842302,54.2880617909772
DAI,2025-07-22,0.99977098022234,1.00097908466103,0.999512053181352,0.999972895596234,71361794.1956578,71367351.0898808,71.36179419565781
DAI,2025-07-23,0.999972895596234,1.00021931571466,0.999012324940179,0.999785852326101,92885777.5193122,92903573.5908267,92.8857775193122
DAI,2025-07-24,0.999785852326101,1.00006781528003,0.999119028867892,0.999807177885143,76010995.8550138,76029204.6921817,76.0109958550138
DAI,2025-07-25,0.999807177885143,1.00021284882212,0.999136447520347,0.999564107740128,103663551.372864,103701498.759292,103.66355137286399
DAI,2025-07-26,0.999564107740128,1.00058606006731,0.995547886825869,1.00016467722823,60884632.625121,60888798.318976,60.884632625121
DAI,2025-07-27,1.00016467722823,1.0002334750791,0.999745048423646,0.999995100167082,42306243.4789905,42305315.4806392,42.3062434789905
DAI,2025-07-28,0.999995100167082,1.00018213886712,0.997417124248971,1.00010894059819,71986317.4132515,71994311.7497652,71.9863174132515
DAI,2025-07-29,1.00010894059819,1.00527420639205,0.999642633662719,0.999971828202342,68076666.1320023,68078848.93361,68.07666613200229
DAI,2025-07-30,0.999971828202342,1.0003394151082,0.99955877089154,1.0002906995091,52376472.762021,52376823.3051884,52.376472762020995
DAI,2025-07-31,1.0002906995091,1.00060268564054,0.999599489777893,0.999971810323455,49462488.1388267,49459472.2906225,49.4624881388267
DAI,2025-08-01,0.999971810323455,1.0004413806803,0.998963260483968,0.999934751338799,86968466.450849,86973677.8798612,86.968466450849
DAI,2025-08-02,0.999934751338799,1.00069715727643,0.999828190485903,1.00046405303281,54262576.3104006,54246936.997741,54.2625763104006
DAI,2025-08-03,1.00046405303281,1.00064072782789,1.00004920608771,1.00026134071963,35266846.2900573,35254731.1584537,35.2668462900573
DAI,2025-08-04,1.00026134071963,1.00047994912682,1.00008249107697,1.00016957714777,14559767.6159419,14558638.894548,14.559767615941901
