symbol,date,open,high,low,close,usd_volume,crypto_volume,usd_volume_mil
DOGE,2020-02-13,0.00302223937957119,0.00322779451151767,0.00294837800038522,0.00298202526356196,74336473.9820335,24235625942.8293,74.33647398203351
DOGE,2020-02-14,0.00298202526356196,0.00318528602841255,0.00295013144368366,0.00316286185366447,61225543.5210154,19994551428.1139,61.225543521015396
DOGE,2020-02-15,0.00316286185366447,0.0031834396458659,0.00281359927237647,0.00288098842082895,65071858.3962303,21511954329.8625,65.0718583962303
DOGE,2020-02-16,0.00288098842082895,0.00298839386266968,0.00258541995381215,0.00273900115373247,68134748.4512445,24174160856.4465,68.1347484512445
DOGE,2020-02-17,0.00273900115373247,0.00278106205970877,0.00250213663942294,0.00265811644940348,57743996.8785753,21779066769.8799,57.7439968785753
DOGE,2020-02-18,0.00265811644940348,0.00286320074440052,0.00263241290833054,0.0027878673229016,56968392.9552772,20565074553.156,56.968392955277196
DOGE,2020-02-19,0.0027878673229016,0.00289735359365766,0.00258960894023204,0.00260876306877503,68664083.0083103,24697152324.4037,68.6640830083103
DOGE,2020-02-20,0.00260876306877503,0.00273256441918847,0.00255515996356248,0.00269277607863651,101456033.044282,38455791715.0971,101.45603304428201
DOGE,2020-02-21,0.00269277607863651,0.00276811356740385,0.00260968135914063,0.0026595225821222,85554950.7586634,31938664808.8356,85.5549507586634
DOGE,2020-02-22,0.0026595225821222,0.00272146760412618,0.0025610261043522,0.00264996299109935,91041000.5344269,34576905355.0423,91.0410005344269
DOGE,2020-02-23,0.00264996299109935,0.00272559778704962,0.00259258726303446,0.00268217935297419,114933985.678553,43114252765.2567,114.933985678553
DOGE,2020-02-24,0.00268217935297419,0.00270744857506834,0.00255647696544752,0.0026223876732271,82978778.6448474,31632489804.3878,82.9787786448474
DOGE,2020-02-25,0.0026223876732271,0.0026223876732271,0.00240409495388415,0.00247945101753071,99572679.6552248,39300721969.4488,99.5726796552248
DOGE,2020-02-26,0.00247945101753071,0.00253337920701859,0.00220374271187973,0.00234160605175496,109257101.750654,45827434343.1186,109.257101750654
DOGE,2020-02-27,0.00234160605175496,0.00249157646272098,0.00229212493407129,0.00233413490991508,78559845.2014433,33112588726.9392,78.5598452014433
DOGE,2020-02-28,0.00233413490991508,0.00245167667015912,0.00221745134192616,0.00229471571431146,74183256.015559,31859445257.772,74.183256015559
DOGE,2020-02-29,0.00229471571431146,0.0023876699287013,0.00221226284006333,0.00221640075355944,76238903.1728437,32995942196.6917,76.23890317284369
DOGE,2020-03-01,0.00221640075355944,0.00235930271214458,0.00221076726410108,0.00231120093843395,84646325.6529611,36878487643.6514,84.64632565296111
DOGE,2020-03-02,0.00231120093843395,0.00243275632940295,0.00225221820804967,0.00236480397559129,90858245.8221827,38822860686.7325,90.8582458221827
DOGE,2020-03-03,0.00236480397559129,0.00254128318267846,0.00230995391743443,0.00249668339128402,80493130.9448545,33376801015.5187,80.4931309448545
DOGE,2020-03-04,0.00249668339128402,0.00253599472559656,0.0023490173797967,0.0023902080916148,73403035.7441116,29883825014.7469,73.40303574411159
DOGE,2020-03-05,0.0023902080916148,0.00260333852946149,0.00238447945551701,0.00258394363040561,35114007.2947178,14038924492.8221,35.1140072947178
DOGE,2020-03-06,0.00258394363040561,0.00260308521286729,0.00244111234207685,0.00255217118147708,29472420.6652367,11722323415.507,29.4724206652367
DOGE,2020-03-07,0.00255217118147708,0.00260403094706421,0.0023974996171972,0.00245941862113612,19700995.2875512,7914723500.47647,19.700995287551198
DOGE,2020-03-08,0.00245941862113612,0.00249422108595378,0.00214484194810402,0.00218712883027139,31266330.9718052,13519919564.24,31.2663309718052
DOGE,2020-03-09,0.00218712883027139,0.0023440225639285,0.00207782791985252,0.0022212945587588,37898750.2201892,17323447173.3504,37.8987502201892
DOGE,2020-03-10,0.0022212945587588,0.00236397739723916,0.00213727198770167,0.00227914462997176,33172751.8862805,14791288491.3155,33.1727518862805
DOGE,2020-03-11,0.00227914462997176,0.00233979610326635,0.00208121311816323,0.00229230935746452,30027650.1215936,13620154229.6128,30.0276501215936
DOGE,2020-03-12,0.00229230935746452,0.00229268095375753,0.00145586082872184,0.00150309819920948,44322752.1119513,23875608092.8068,44.322752111951296
DOGE,2020-03-13,0.00150309819920948,0.00192891300970099,0.00121098765517105,0.00176691787043683,39742564.124418,25161218075.5537,39.742564124417996
DOGE,2020-03-14,0.00176691787043683,0.00187269276239855,0.00162933276168433,0.00166578435658446,29157617.0624757,16782218901.4743,29.1576170624757
DOGE,2020-03-15,0.00166578435658446,0.00190848703701372,0.00164063385355097,0.00169357482013401,26449653.5188118,15101190746.0671,26.4496535188118
DOGE,2020-03-16,0.00169357482013401,0.00182746593685896,0.00142620105868203,0.00163835939356107,25510183.1033673,15989022054.0368,25.5101831033673
DOGE,2020-03-17,0.00163835939356107,0.00182596084962743,0.00156840765669343,0.00169380165571467,11745845.4429418,6905167103.65139,11.7458454429418
DOGE,2020-03-18,0.00169380165571467,0.00176564925674533,0.0015508917097298,0.00167428525645447,15148605.4525705,9175091650.12979,15.1486054525705
DOGE,2020-03-19,0.00167428525645447,0.0019081874841838,0.00158111174391789,0.00185834469862566,16062767.8446669,9238260239.91071,16.0627678446669
DOGE,2020-03-20,0.00185834469862566,0.00199743387985645,0.00165004951964059,0.00177858061366451,20716312.1721413,11242946404.155,20.716312172141297
DOGE,2020-03-21,0.00177858061366451,0.00190734248944897,0.0016794649105551,0.00183681564294719,15419165.369902,8561258525.31517,15.419165369902
DOGE,2020-03-22,0.00183681564294719,0.00190585963241629,0.00171020278858928,0.00175614849401373,20175998.0127712,11106803198.2243,20.1759980127712
DOGE,2020-03-23,0.00175614849401373,0.0019200023523616,0.0016864368074431,0.00183335979622014,17328635.0549523,9505685952.66658,17.3286350549523
DOGE,2020-03-24,0.00183335979622014,0.00199525233815506,0.00181076567448074,0.00184400767736187,26199349.2342281,13805150496.9179,26.1993492342281
DOGE,2020-03-25,0.00184400767736187,0.00198161353077331,0.00179313345253347,0.00187363336002294,17957630.7266647,9575657181.43113,17.9576307266647
DOGE,2020-03-26,0.00187363336002294,0.0019398596066963,0.00181635003334441,0.00188490587518521,17582060.35088,9300716951.82992,17.58206035088
DOGE,2020-03-27,0.00188490587518521,0.00194898030001347,0.001773006268605,0.00185353911567936,19596780.8348867,10393699785.5044,19.5967808348867
DOGE,2020-03-28,0.00185353911567936,0.00187172136787673,0.00171256803810052,0.0017998594812129,19213112.9829388,10724217629.7347,19.2131129829388
DOGE,2020-03-29,0.0017998594812129,0.00186703628621578,0.00171038218730919,0.00172961514101899,12968841.0918481,7264532382.93067,12.9688410918481
DOGE,2020-03-30,0.00172961514101899,0.00193421978148043,0.00171313781148639,0.00187948526693295,15745083.7482031,8565999021.30278,15.7450837482031
DOGE,2020-03-31,0.00187948526693295,0.00193241087361586,0.00180085097928351,0.00183428967885199,15238490.6250684,8082994706.18918,15.2384906250684
DOGE,2020-04-01,0.00183428967885199,0.00192505175230193,0.00176699506690177,0.00188399959195865,15617737.1646977,8452211491.01219,15.617737164697699
DOGE,2020-04-02,0.00188399959195865,0.00196797777186685,0.00182377708647872,0.00194204866046542,23190937.159922,12196967369.1539,23.190937159922
DOGE,2020-04-03,0.00194204866046542,0.00197976475046755,0.00182584185501525,0.00189337006475399,22866834.9800067,12059802205.1939,22.866834980006697
DOGE,2020-04-04,0.00189337006475399,0.00194683628584104,0.00182543047246498,0.00192512721061883,21446823.5271889,11360240612.8091,21.4468235271889
DOGE,2020-04-05,0.00192512721061883,0.0019485931902992,0.00183737988936819,0.00187159218079251,19025992.0344364,10020075715.3714,19.025992034436403
DOGE,2020-04-06,0.00187159218079251,0.00203964345540026,0.00184169405350676,0.00198533478078028,29198055.5063071,15030677857.496,29.1980555063071
DOGE,2020-04-07,0.00198533478078028,0.00208112245877961,0.00193599937046738,0.00196180314391811,28845895.4223454,14337786527.3096,28.8458954223454
DOGE,2020-04-08,0.00196180314391811,0.00207615671205579,0.00195758248833768,0.00205830298357903,23530907.0759658,11609676323.3913,23.5309070759658
DOGE,2020-04-09,0.00205830298357903,0.00207427133653116,0.0019635963117656,0.00199929092271118,17880306.8597834,8884688141.10835,17.8803068597834
DOGE,2020-04-10,0.00199929092271118,0.00204054400837479,0.00185564801792727,0.00198488156053477,22552080.3807622,11593701804.641,22.552080380762202
DOGE,2020-04-11,0.00198488156053477,0.00205440352771712,0.00191389134889298,0.00198711638737176,21886858.5515346,10999509970.8297,21.8868585515346
DOGE,2020-04-12,0.00198711638737176,0.00205833605236907,0.00192555283987222,0.00195550487156754,20828442.4637754,10444574008.4279,20.8284424637754
DOGE,2020-04-13,0.00195550487156754,0.00200475228841735,0.00187275744745222,0.00193958709652589,20237896.7139067,10567864974.5993,20.2378967139067
DOGE,2020-04-14,0.00193958709652589,0.00203326531400109,0.00191373664043082,0.00202855661866134,17287618.9771798,8768648924.77028,17.2876189771798
DOGE,2020-04-15,0.00202855661866134,0.00203057490456382,0.0019018924918778,0.00197833803182622,17583726.2232166,8918134258.40917,17.5837262232166
DOGE,2020-04-16,0.00197833803182622,0.00207898194494152,0.00187750929216975,0.00203545217038469,21851833.9031711,10899513456.7213,21.851833903171098
DOGE,2020-04-17,0.00203545217038469,0.00207512032663072,0.00199236537833971,0.00202683426766639,17767392.6848941,8661551263.55456,17.7673926848941
DOGE,2020-04-18,0.00202683426766639,0.00210091889525104,0.00199973184642688,0.00208917982130281,19989207.191556,9672532529.31035,19.989207191555998
DOGE,2020-04-19,0.00208917982130281,0.00209837189025431,0.0020220103554827,0.00207482527298229,19729545.6219151,9512116134.03945,19.729545621915097
DOGE,2020-04-20,0.00207482527298229,0.00209572261634321,0.00195855832097165,0.00201547512582275,22658170.7881773,11106004268.3488,22.6581707881773
DOGE,2020-04-21,0.00201547512582275,0.00203733137799333,0.00195165820731219,0.00198319621770798,18834936.6899773,9407684674.35388,18.8349366899773
DOGE,2020-04-22,0.00198319621770798,0.00207905026974688,0.00196074712232517,0.00206576714033508,19265138.2263108,9487562400.01846,19.2651382263108
DOGE,2020-04-23,0.00206576714033508,0.00218507123193645,0.00200599537445739,0.00208487663917916,30112859.5781106,14506214966.825,30.1128595781106
DOGE,2020-04-24,0.00208487663917916,0.00210353270990914,0.00201113237060297,0.00208703866481856,60361819.9280728,29063641318.9612,60.361819928072805
DOGE,2020-04-25,0.00208703866481856,0.00214768014259246,0.00205380982394216,0.00213771167121559,75706722.181252,36042256197.812,75.706722181252
DOGE,2020-04-26,0.00213771167121559,0.0024430823292596,0.00211808957710727,0.00240643781806337,104325127.183667,46395707165.5885,104.325127183667
DOGE,2020-04-27,0.00240643781806337,0.00241590770537329,0.00228802728166369,0.00231783432074505,104932754.338416,44534100203.9736,104.93275433841599
DOGE,2020-04-28,0.00231783432074505,0.00236689740138144,0.00227253156719144,0.00233201127482992,91947025.5440559,39298278004.3179,91.94702554405589
DOGE,2020-04-29,0.00233201127482992,0.00253718783297864,0.00231224588937488,0.00250516759273854,112763871.04507,46846574248.1909,112.76387104507
DOGE,2020-04-30,0.00250516759273854,0.00267807964246463,0.00236678020000249,0.00243285579622731,121992913.487872,48459684435.7606,121.992913487872
DOGE,2020-05-01,0.00243285579622731,0.00254678705671244,0.00242742125712717,0.00248463562912378,97144619.4283191,39104138612.5355,97.1446194283191
DOGE,2020-05-02,0.00248463562912378,0.00255451742289085,0.00244441446719651,0.00255009559812185,92984753.3860059,37395286595.3121,92.98475338600589
DOGE,2020-05-03,0.00255009559812185,0.0025758868595212,0.0024646728017243,0.00251571065512527,95920986.6248042,37936164529.0285,95.9209866248042
DOGE,2020-05-04,0.00251571065512527,0.00252062977483837,0.00236545680616722,0.00247545272091764,89333939.5013911,36496817930.0442,89.3339395013911
DOGE,2020-05-05,0.00247545272091764,0.00250883623787315,0.00242817158146302,0.00248224452630387,78096618.614873,31632007449.2739,78.09661861487301
DOGE,2020-05-06,0.00248224452630387,0.00258866580404512,0.00245239201209102,0.00248324606025389,81334012.9602258,32557107273.1151,81.3340129602258
DOGE,2020-05-07,0.00248324606025389,0.00268136302936353,0.00246512325523326,0.002658454788581,104388581.690583,40573844442.0908,104.38858169058301
DOGE,2020-05-08,0.002658454788581,0.00266242287487877,0.00258019036865569,0.002606946381094,116273416.035826,44428771006.1626,116.273416035826
DOGE,2020-05-09,0.002606946381094,0.00263311731004205,0.00255933752194499,0.00260347588190512,114075821.080631,43920650946.4193,114.075821080631
DOGE,2020-05-10,0.00260347588190512,0.00260347588190512,0.00228608087398014,0.00245558342099323,112150510.243851,45841019481.3315,112.150510243851
DOGE,2020-05-11,0.00245558342099323,0.00253738981991322,0.00231073510698872,0.0024232758927669,108176989.654305,44243660540.5023,108.17698965430499
DOGE,2020-05-12,0.0024232758927669,0.00252309022224383,0.00240698964044996,0.00248084293252049,93010135.6289997,37559019191.2348,93.01013562899969
DOGE,2020-05-13,0.00248084293252049,0.00253669980649331,0.00245129936271519,0.00252074435779604,91726918.2865922,36804899873.9186,91.7269182865922
DOGE,2020-05-14,0.00252074435779604,0.00264039853179626,0.0024978933905233,0.00257137307830449,107807674.854563,42192330262.7479,107.807674854563
DOGE,2020-05-15,0.00257137307830449,0.00257800451216227,0.0024761208228693,0.00249902000798152,91956488.570605,36406573765.2491,91.95648857060499
DOGE,2020-05-16,0.00249902000798152,0.0025356315736135,0.00247230563536996,0.00250835310280463,85473646.1706095,34023541440.8185,85.4736461706095
DOGE,2020-05-17,0.00250835310280463,0.00257494845492369,0.00249855356866529,0.00252658621411088,87751292.0325069,34613674794.0379,87.7512920325069
DOGE,2020-05-18,0.00252658621411088,0.00258135180835671,0.0025063826678994,0.00253597942139221,95673190.1408661,37704985463.679,95.6731901408661
DOGE,2020-05-19,0.00253597942139221,0.00256309304176473,0.00248925016367574,0.00254326608779728,77951494.8709247,30851404406.4929,77.95149487092469
DOGE,2020-05-20,0.00254326608779728,0.00255781147127227,0.00247432471711378,0.00250741565004111,74327552.7938812,29444787189.8008,74.3275527938812
DOGE,2020-05-21,0.00250741565004111,0.00255198163759184,0.00242066635867506,0.00248325635818727,97947293.7949675,39368220452.4991,97.9472937949675
DOGE,2020-05-22,0.00248325635818727,0.002544837339886,0.00245925751834351,0.00252624988992989,108447461.854732,43110691318.7954,108.44746185473201
DOGE,2020-05-23,0.00252624988992989,0.00257219589906286,0.00249286157885359,0.00253059160107817,94792412.9016403,37404292188.5168,94.79241290164029
DOGE,2020-05-24,0.00253059160107817,0.00256287005736903,0.00244063761832052,0.00244814396769604,79107004.3100975,31348616024.8895,79.1070043100975
DOGE,2020-05-25,0.00244814396769604,0.00256958136239234,0.0024281880535044,0.00255435318234008,102187306.254947,40605393517.1353,102.187306254947
DOGE,2020-05-26,0.00255435318234008,0.00256193566309682,0.00246528324074408,0.00248328390141115,77844405.6421683,30929103881.0396,77.8444056421683
DOGE,2020-05-27,0.00248328390141115,0.0025344634286661,0.00246437259639031,0.00251614181458367,74698913.0256352,29904582318.854,74.69891302563519
DOGE,2020-05-28,0.00251614181458367,0.00255904952849236,0.00248272445990395,0.0025239935607173,104137771.572197,41329488467.0648,104.13777157219701
DOGE,2020-05-29,0.0025239935607173,0.00254460020398795,0.00249814230328049,0.00252507795616208,90020975.8411805,35770593236.7357,90.0209758411805
DOGE,2020-05-30,0.00252507795616208,0.00263143618089581,0.00251843332846887,0.00261299385689914,76638622.9056701,29805354899.6964,76.6386229056701
DOGE,2020-05-31,0.00261299385689914,0.00262307785730777,0.00254097999129415,0.00255228371845031,73950486.9594694,28679416767.807,73.95048695946939
DOGE,2020-06-01,0.00255228371845031,0.00269559802325691,0.00254487890712027,0.00264834728267251,74606887.1907245,28895024848.1196,74.6068871907245
DOGE,2020-06-02,0.00264834728267251,0.00265644013757501,0.00250036910004379,0.00256789283914764,80055064.1669362,30861116120.66,80.0550641669362
DOGE,2020-06-03,0.00256789283914764,0.00259429101888483,0.00254182603396333,0.00258536789927321,74294781.6445141,28977604001.5381,74.2947816445141
DOGE,2020-06-04,0.00258536789927321,0.0026652005831234,0.00256782258083218,0.00262786092789277,71358567.524462,27325474275.6314,71.358567524462
DOGE,2020-06-05,0.00262786092789277,0.00263208267982049,0.00257638283029653,0.00258568842814136,71569017.2848129,27506516665.0838,71.5690172848129
DOGE,2020-06-06,0.00258568842814136,0.00260336795806922,0.00255753715505224,0.00259076202235024,56289788.6039264,21791130803.5755,56.2897886039264
DOGE,2020-06-07,0.00259076202235024,0.0026105613467015,0.00254584411481998,0.00260087903347851,70485488.6990812,27337218806.7513,70.4854886990812
DOGE,2020-06-08,0.00260087903347851,0.00260889963337522,0.00255271730726011,0.00258255746811712,67408377.9655645,26147233125.0589,67.4083779655645
DOGE,2020-06-09,0.00258255746811712,0.00259753467340169,0.00253091106415869,0.00256244068383574,57963262.8069083,22642056909.2686,57.963262806908304
DOGE,2020-06-10,0.00256244068383574,0.00259853682930526,0.00254873348830165,0.00257853003728694,62183019.8958621,24233776079.0896,62.1830198958621
DOGE,2020-06-11,0.00257853003728694,0.00259940472703864,0.0024140402259793,0.00244339501092389,69481370.1839562,27574485675.6557,69.4813701839562
DOGE,2020-06-12,0.00244339501092389,0.0025253045353077,0.00243658023167225,0.00251144579751958,73500632.6938696,29538776929.146,73.5006326938696
DOGE,2020-06-13,0.00251144579751958,0.00254882944734569,0.00249097326536628,0.00252555916072702,70013973.6055456,27845564365.0178,70.0139736055456
DOGE,2020-06-14,0.00252555916072702,0.00253973576240815,0.00248301209349336,0.00249277457712094,61248922.8986657,24375272709.8473,61.2489228986657
DOGE,2020-06-15,0.00249277457712094,0.0025060126802121,0.0023944681793906,0.00249391801499893,77913010.8201517,31819490326.2572,77.9130108201517
DOGE,2020-06-16,0.00249391801499893,0.00251789574919631,0.00242354312028457,0.00248633655585251,74454211.0711489,30040092521.1704,74.4542110711489
DOGE,2020-06-17,0.00248633655585251,0.00250450000999125,0.0024478651304803,0.00247708023259074,70327387.0265846,28402813847.7619,70.32738702658459
DOGE,2020-06-18,0.00247708023259074,0.0025150031440927,0.00243384506697697,0.00245674978356849,58234332.1297749,23570030922.851,58.2343321297749
DOGE,2020-06-19,0.00245674978356849,0.00247847668861696,0.00242525902034552,0.00244009052501215,64359594.3060089,26323384210.9956,64.3595943060089
DOGE,2020-06-20,0.00244009052501215,0.00248500453519241,0.00240712596330949,0.00244706543809047,53561014.1401809,21943793981.4294,53.5610141401809
DOGE,2020-06-21,0.00244706543809047,0.00249201203381134,0.00242856767115612,0.0024371625225832,57990219.1870497,23627273567.8319,57.9902191870497
DOGE,2020-06-22,0.0024371625225832,0.00250812598551393,0.00243241532980212,0.00247627468829059,69543544.6851453,28135239089.7745,69.5435446851453
DOGE,2020-06-23,0.00247627468829059,0.00249474901484067,0.00246108644026589,0.00247729067436426,56373873.2450674,22762594887.6982,56.3738732450674
DOGE,2020-06-24,0.00247729067436426,0.00249273793037906,0.00237959233430075,0.00242264881268517,69081138.4929003,28435632584.3882,69.0811384929003
DOGE,2020-06-25,0.00242264881268517,0.00244603022313041,0.00237907646306933,0.00241290624041125,46227532.9594052,19189575787.9245,46.227532959405195
DOGE,2020-06-26,0.00241290624041125,0.00243152425903193,0.00234233618808273,0.00235665378710607,46824128.7586195,19715514071.4054,46.8241287586195
DOGE,2020-06-27,0.00235665378710607,0.00239292342477721,0.00227982634338451,0.00230695309921748,48282705.6875113,20643911182.1921,48.2827056875113
DOGE,2020-06-28,0.00230695309921748,0.00237209952190862,0.00227771733474969,0.002314346040116,63387415.6835653,27401769156.4309,63.3874156835653
DOGE,2020-06-29,0.002314346040116,0.00236597166865706,0.0022933717815458,0.00230527787223084,68845930.6668521,29716352600.668,68.8459306668521
DOGE,2020-06-30,0.00230527787223084,0.00234987181177819,0.00228660558040114,0.00231442482868256,60704755.4343524,26255501778.9007,60.7047554343524
DOGE,2020-07-01,0.00231442482868256,0.00236167329567926,0.00229928541321773,0.00232000286514109,9195900.71446326,3933490804.82739,9.19590071446326
DOGE,2020-07-02,0.00232000286514109,0.00239320385199539,0.00227158015340865,0.00232238730216363,9442394.91498555,4063540925.00002,9.44239491498555
DOGE,2020-07-03,0.00232238730216363,0.00235511817049844,0.00229054792130404,0.00232228952142448,8074005.59751349,3482094489.98065,8.07400559751349
DOGE,2020-07-04,0.00232228952142448,0.00234891833208581,0.00230445639074677,0.00232599753561781,7725474.92687515,3321796049.62486,7.72547492687515
DOGE,2020-07-05,0.00232599753561781,0.00233234161838983,0.00228158176473618,0.00230438979875867,8137320.76734674,3526952094.75829,8.13732076734674
DOGE,2020-07-06,0.00230438979875867,0.00261440136202518,0.00229754329461497,0.00259371383560001,19967345.8868668,8177197427.3529,19.967345886866802
DOGE,2020-07-07,0.00259371383560001,0.00327193051395502,0.00258935723443454,0.00311910492182353,104194528.657413,36699116261.9753,104.194528657413
DOGE,2020-07-08,0.00311910492182353,0.00548368032516446,0.00305484523569907,0.00475141679039075,558707851.315065,132123046585.79,558.707851315065
DOGE,2020-07-09,0.00475141679039075,0.00500530016383695,0.00408736920585407,0.00432274000289866,162373096.59871,35704768311.3046,162.37309659871
DOGE,2020-07-10,0.00432274000289866,0.00432720993540966,0.00342203686122896,0.00352808896925349,108279898.84734,28447687082.2404,108.27989884734001
DOGE,2020-07-11,0.00352808896925349,0.00395316197480402,0.0034701059175855,0.00381434154322817,61615443.1504959,16663605280.328,61.6154431504959
DOGE,2020-07-12,0.00381434154322817,0.00384249498296242,0.00360587221259978,0.00364025741760277,35128807.2140812,9469766905.18535,35.1288072140812
DOGE,2020-07-13,0.00364025741760277,0.00364025741760277,0.00302221430488411,0.00316989184216904,58321632.0794748,17540424927.5162,58.3216320794748
DOGE,2020-07-14,0.00316989184216904,0.00337638855070256,0.00304109750785356,0.00329734143741884,36948124.0609558,11521395922.0046,36.9481240609558
DOGE,2020-07-15,0.00329734143741884,0.00329734143741884,0.00306100751055308,0.00308937479030755,26904471.4259878,8523345105.89898,26.904471425987797
DOGE,2020-07-16,0.00308937479030755,0.00309056676450311,0.00287803851600066,0.00298380496266172,30461334.190451,10250899646.1604,30.461334190451
DOGE,2020-07-17,0.00298380496266172,0.00309834241615183,0.00292328280139164,0.00307366337638295,27917021.2659546,9230173604.49211,27.9170212659546
DOGE,2020-07-18,0.00307366337638295,0.00364351634605013,0.00302804657864008,0.00346208974216805,95222280.3970259,27536842606.4821,95.2222803970259
DOGE,2020-07-19,0.00346208974216805,0.00376314114750109,0.00331753975232472,0.00338042417327151,53663385.0184294,15343798236.6806,53.6633850184294
DOGE,2020-07-20,0.00338042417327151,0.00344045852272974,0.00315640377155565,0.00323958042368065,31587031.0691335,9629012070.29054,31.587031069133502
DOGE,2020-07-21,0.00323958042368065,0.00330759539914226,0.00318403809446374,0.00330002456087729,26450835.3764921,8119301798.07337,26.4508353764921
DOGE,2020-07-22,0.00330002456087729,0.00330431912466798,0.0032118955582845,0.0032946995519689,18661035.1741732,5748175201.59754,18.6610351741732
DOGE,2020-07-23,0.0032946995519689,0.00333545516946392,0.00326158803396814,0.00330318751556056,21081790.7073059,6391183323.35218,21.0817907073059
DOGE,2020-07-24,0.00330318751556056,0.00331511200131876,0.00317385632782613,0.00321719275145847,21168569.8851756,6575307643.13237,21.1685698851756
DOGE,2020-07-25,0.00321719275145847,0.00332651025050807,0.00318644991775532,0.00325796523267852,23388276.5556692,7233054983.36615,23.3882765556692
DOGE,2020-07-26,0.00325796523267852,0.00328730004695075,0.00318417457326927,0.00324280729344946,23845176.0576007,7377647335.21167,23.8451760576007
DOGE,2020-07-27,0.00324280729344946,0.00325024647412328,0.00302784523735331,0.00317209469402415,32162246.3169083,10185458258.9545,32.1622463169083
DOGE,2020-07-28,0.00317209469402415,0.00323004599229243,0.0031286669433051,0.00319343534058328,22957050.6911552,7234991973.82631,22.9570506911552
DOGE,2020-07-29,0.00319343534058328,0.00326907058396079,0.00317053701067858,0.00317486032716766,20724012.2924518,6433870743.22895,20.7240122924518
DOGE,2020-07-30,0.00317486032716766,0.00324429379940156,0.00314221855167608,0.00323185927328631,19185786.3882082,6011870751.28212,19.1857863882082
DOGE,2020-07-31,0.00323185927328631,0.00323919876433171,0.00317462260528933,0.00322902204396514,20147926.00059,6278024231.83105,20.14792600059
DOGE,2020-08-01,0.00322902204396514,0.00383617466918788,0.00320471007173522,0.0037108312680295,68220167.6894317,18836543910.8858,68.22016768943169
DOGE,2020-08-02,0.0037108312680295,0.00376989052293138,0.00317565018962298,0.0033423758088249,45078287.1067718,13097674940.0091,45.078287106771796
DOGE,2020-08-03,0.0033423758088249,0.00344186231724403,0.00331105497221418,0.00338413617094431,25501768.7587714,7521186639.20212,25.5017687587714
DOGE,2020-08-04,0.00338413617094431,0.00356543252847435,0.00336685456840559,0.00355116338852304,30339687.070607,8789298475.14193,30.339687070607
DOGE,2020-08-05,0.00355116338852304,0.00358711643426144,0.0034738327043784,0.00351594633482506,27958894.4258933,7928376346.46272,27.9588944258933
DOGE,2020-08-06,0.00351594633482506,0.00364442968967249,0.00345543982136904,0.00356603549165259,25341792.8001339,7173154616.27437,25.3417928001339
DOGE,2020-08-07,0.00356603549165259,0.00361584882207455,0.00338288217858229,0.00350259370740181,26612774.2228118,7534521417.28985,26.6127742228118
DOGE,2020-08-08,0.00350259370740181,0.00352643024179857,0.00341990871759841,0.00351727989012292,23502875.3172703,6730443999.17033,23.502875317270302
DOGE,2020-08-09,0.00351727989012292,0.00353254758989067,0.00341572284971187,0.00347044551514174,21000144.5352024,6049973324.78494,21.0001445352024
DOGE,2020-08-10,0.00347044551514174,0.00355258223588883,0.0034177411007641,0.00349998881778872,25991817.7588704,7438324674.45497,25.9918177588704
DOGE,2020-08-11,0.00349998881778872,0.00357394878405634,0.0033269568902774,0.00339325417711441,30888889.8866625,8932118017.32337,30.8888898866625
DOGE,2020-08-12,0.00339325417711441,0.00349815904237293,0.0033329656880051,0.00346515660363803,25215694.8831011,7338971013.73103,25.215694883101097
DOGE,2020-08-13,0.00346515660363803,0.00351328256731714,0.0033387378834234,0.0034838344057303,26468744.2337716,7676525977.95258,26.4687442337716
DOGE,2020-08-14,0.0034838344057303,0.00358940344408181,0.00344224550793109,0.00358008943114375,22303590.5822315,6381317223.52984,22.3035905822315
DOGE,2020-08-15,0.00358008943114375,0.00362263857921723,0.00348338693620392,0.00353554412896107,25709982.7075738,7232111893.2711,25.7099827075738
DOGE,2020-08-16,0.00353554412896107,0.00356278483762456,0.00345248302784219,0.00352722171957153,19997157.6257418,5693471941.02734,19.9971576257418
DOGE,2020-08-17,0.00352722171957153,0.00372454044193317,0.00349671387556537,0.0035944236029383,32802441.4764759,9086599669.21208,32.8024414764759
DOGE,2020-08-18,0.0035944236029383,0.00372035204094096,0.00345827150619121,0.00349234657671637,26664309.0127261,7461116601.6756,26.664309012726097
DOGE,2020-08-19,0.00349234657671637,0.003534690019276,0.00335117615891639,0.0034239770026883,21360625.688461,6227854023.82245,21.360625688461
DOGE,2020-08-20,0.0034239770026883,0.00350388617212837,0.00338504024385723,0.00345281770836117,16795864.0173168,4869293935.32946,16.7958640173168
DOGE,2020-08-21,0.00345281770836117,0.00355850577830761,0.00337005149111975,0.00337402914162855,25038693.2689457,7229222510.53912,25.0386932689457
DOGE,2020-08-22,0.00337402914162855,0.00347445532848267,0.00332742885838668,0.00343635664168201,18484592.3960421,5440818253.3951,18.4845923960421
DOGE,2020-08-23,0.00343635664168201,0.00345324340927523,0.00337034959830934,0.00339642803015961,14893119.5372082,4360348360.16035,14.8931195372082
DOGE,2020-08-24,0.00339642803015961,0.0034705892521779,0.0033759140015746,0.00341510457381848,18261749.4768284,5348812596.59294,18.2617494768284
DOGE,2020-08-25,0.00341510457381848,0.00343628505802579,0.00321484163888778,0.00329090677107904,30344841.8359618,9138933884.23643,30.3448418359618
DOGE,2020-08-26,0.00329090677107904,0.00334246319545419,0.00324191462371777,0.0032908259350028,28878597.0869539,8773273729.02884,28.8785970869539
DOGE,2020-08-27,0.0032908259350028,0.00330925130428257,0.00314926908994358,0.00320235618247229,36772932.9588828,11379325985.5965,36.7729329588828
DOGE,2020-08-28,0.00320235618247229,0.00328988302753972,0.00317335003777411,0.00326447097474719,24287560.8888974,7514816673.05485,24.2875608888974
DOGE,2020-08-29,0.00326447097474719,0.00330578076008017,0.00323548019703846,0.0032771983923109,29548001.4172043,9031327885.59372,29.5480014172043
DOGE,2020-08-30,0.0032771983923109,0.00334867171365592,0.00326575094345657,0.00329917665452355,30112628.1710197,9138988030.38534,30.1126281710197
DOGE,2020-08-31,0.00329917665452355,0.00333260054787982,0.00318985697657902,0.00321778314312112,34069076.1220529,10460862748.3204,34.0690761220529
DOGE,2020-09-01,0.00321778314312112,0.0032777042904805,0.00317670734565139,0.00324165538918013,30622415.6581913,9453937649.31321,30.6224156581913
DOGE,2020-09-02,0.00324165538918013,0.00327416363532769,0.00303000985524923,0.00311980400698369,18106760.9865641,5755336035.98795,18.1067609865641
DOGE,2020-09-03,0.00311980400698369,0.0031199897605197,0.0027347493355547,0.00277396220617179,20217858.0050031,6808915324.80725,20.217858005003098
DOGE,2020-09-04,0.00277396220617179,0.00296340609575367,0.00271649517719113,0.00288851659771561,17916833.2893794,6359117800.99208,17.9168332893794
DOGE,2020-09-05,0.00288851659771561,0.00292579485425033,0.00269931451994096,0.00276181738048455,15808733.3834332,5613464526.10996,15.8087333834332
DOGE,2020-09-06,0.00276181738048455,0.00280255612155493,0.00269359479016971,0.00278415479036067,16153772.0291492,5868831358.56685,16.153772029149202
DOGE,2020-09-07,0.00278415479036067,0.00283480055675189,0.0026941253590975,0.00281625576944256,13308730.4440217,4816709161.50102,13.3087304440217
DOGE,2020-09-08,0.00281625576944256,0.00283510552428169,0.00267553063137452,0.00274030016665398,9903348.20974898,3608319999.99389,9.90334820974898
DOGE,2020-09-09,0.00274030016665398,0.00280932302063975,0.00269312763207447,0.00276855950441698,9417910.26484367,3418371672.06126,9.417910264843671
DOGE,2020-09-10,0.00276855950441698,0.00284098039739963,0.0027520899777654,0.00280107042719994,9979430.75752362,3567059728.70921,9.97943075752362
DOGE,2020-09-11,0.00280107042719994,0.00281489977072287,0.00273542481491354,0.0027947426953346,9369758.77280606,3374197094.72013,9.36975877280606
DOGE,2020-09-12,0.0027947426953346,0.00283124730779616,0.00276399502501381,0.00282504028802581,8550702.04149625,3061387590.70392,8.550702041496251
DOGE,2020-09-13,0.00282504028802581,0.00282670003530493,0.00274380231191618,0.00278878793608116,10425538.7849052,3742437060.30998,10.425538784905202
DOGE,2020-09-14,0.00278878793608116,0.00281748365243993,0.00274344512666077,0.0027970396131224,9669923.46173393,3476656680.42646,9.66992346173393
DOGE,2020-09-15,0.0027970396131224,0.00286604190165483,0.00278268042948539,0.00283379859214963,11840187.0305399,4196362093.10868,11.8401870305399
DOGE,2020-09-16,0.00283379859214963,0.00285312966672827,0.00278218211599805,0.00280754525759075,10972676.2564703,3890271852.20222,10.9726762564703
DOGE,2020-09-17,0.00280754525759075,0.0028547567335203,0.00276620919059182,0.00280850665570444,10531480.975388,3755515946.6829,10.531480975388
DOGE,2020-09-18,0.00280850665570444,0.00282015649361397,0.00275355621346467,0.0027905291428956,9244268.29025184,3308470923.3978,9.24426829025184
DOGE,2020-09-19,0.0027905291428956,0.00280703294833229,0.00276967267258371,0.00278897102604489,11421810.5283837,4092972570.88707,11.4218105283837
DOGE,2020-09-20,0.00278897102604489,0.002796716419938,0.00272365042528293,0.00277090675047761,11548149.7318679,4169060358.80265,11.5481497318679
DOGE,2020-09-21,0.00277090675047761,0.00279963074705862,0.00258471254265216,0.00260147842040807,15535881.6076278,5777222129.70821,15.5358816076278
DOGE,2020-09-22,0.00260147842040807,0.00265501476081612,0.00258205489694498,0.00264427131585915,9825985.87971423,3746064405.49531,9.82598587971423
DOGE,2020-09-23,0.00264427131585915,0.00264928155283509,0.00254530114379717,0.00255070511545716,7912721.42147429,3035023496.67044,7.9127214214742905
DOGE,2020-09-24,0.00255070511545716,0.00265735965117211,0.00254129455780317,0.00263205083807324,7015288.13244419,2690014950.07063,7.01528813244419
DOGE,2020-09-25,0.00263205083807324,0.00271583705554403,0.00261719419648209,0.0027033686844005,9452259.636963,3539048883.30569,9.452259636963001
DOGE,2020-09-26,0.0027033686844005,0.00274508513472268,0.00267697746521475,0.00269696554736511,7882821.84589868,2908016243.78487,7.882821845898681
DOGE,2020-09-27,0.00269696554736511,0.00273013687258473,0.00266721712985814,0.00269914526413519,5718258.51715399,2118040989.8054,5.71825851715399
DOGE,2020-09-28,0.00269914526413519,0.00273457039854925,0.00263078231381227,0.00264808322947549,7923064.50840603,2934627496.93391,7.92306450840603
DOGE,2020-09-29,0.00264808322947549,0.0027059096027441,0.00263764740793511,0.00267625146894916,9617670.19267376,3594711731.09272,9.61767019267376
DOGE,2020-09-30,0.00267625146894916,0.00267705267453067,0.00261970309175355,0.00263676726902374,7556827.90892894,2856588976.37178,7.55682790892894
DOGE,2020-10-01,0.00263676726902374,0.00267922025362345,0.00257728687845616,0.00262564161061228,10113289.0646566,3828543215.56556,10.1132890646566
DOGE,2020-10-02,0.00262564161061228,0.00262564161061228,0.00254354052899953,0.00259217996572177,14829316.2285617,5738587103.38566,14.8293162285617
DOGE,2020-10-03,0.00259217996572177,0.00263661593586085,0.00257863338689992,0.00259982405262561,7866464.36337689,3015017719.16649,7.86646436337689
DOGE,2020-10-04,0.00259982405262561,0.00267012908139761,0.00259535191929593,0.00263869566535524,8449300.51719566,3208681003.32699,8.449300517195661
DOGE,2020-10-05,0.00263869566535524,0.00265292309199915,0.00260508915690054,0.00262070303298182,7748253.35645411,2946552602.73849,7.74825335645411
DOGE,2020-10-06,0.00262070303298182,0.00264500804850406,0.00257146866044371,0.00259808442394312,9329699.68093732,3584412298.80535,9.32969968093732
DOGE,2020-10-07,0.00259808442394312,0.00260912240459089,0.00256043354676336,0.00259105330127292,9870907.80695252,3809916745.5544,9.87090780695252
DOGE,2020-10-08,0.00259105330127292,0.00262918316168283,0.0025540167848092,0.00260849087798718,9893538.66644245,3813768272.69675,9.893538666442451
DOGE,2020-10-09,0.00260849087798718,0.00266921486149473,0.00259416108868757,0.00265866758079259,10118021.8306001,3831801793.26837,10.1180218306001
DOGE,2020-10-10,0.00265866758079259,0.00271340776948008,0.00265746428250574,0.00266585580099174,8387927.00446837,3124927104.48783,8.38792700446837
DOGE,2020-10-11,0.00266585580099174,0.00270239078512808,0.00265643739285308,0.00267381981518625,5059357.38209782,1888250203.57937,5.0593573820978195
DOGE,2020-10-12,0.00267381981518625,0.00270444878142552,0.00263751302581876,0.00266963768944682,6835654.94195571,2554618357.11525,6.83565494195571
DOGE,2020-10-13,0.00266963768944682,0.00267462061252752,0.00263397153686882,0.00264298081070981,5306754.98347314,1998524726.46992,5.30675498347314
DOGE,2020-10-14,0.00264298081070981,0.00267113354762282,0.00262819957930117,0.00264113904904348,4845083.7301057,1830923069.25249,4.8450837301057
DOGE,2020-10-15,0.00264113904904348,0.00264593115915385,0.0025667677345063,0.00259577176054354,6638716.44136224,2548414341.92179,6.638716441362241
DOGE,2020-10-16,0.00259577176054354,0.00262384118778781,0.00253997401829028,0.00260862219974745,7407528.99851483,2870629001.59133,7.40752899851483
DOGE,2020-10-17,0.00260862219974745,0.00260862219974745,0.00257335793741522,0.00258034691034685,4116698.27580571,1592972780.61941,4.11669827580571
DOGE,2020-10-18,0.00258034691034685,0.00260825772015237,0.00257466613682035,0.00259795366975523,4411566.57371524,1702912052.71945,4.411566573715239
DOGE,2020-10-19,0.00259795366975523,0.00262286412942296,0.00257853706573379,0.0025964447021121,7051541.95696797,2714384202.24706,7.05154195696797
DOGE,2020-10-20,0.0025964447021121,0.00261972619709841,0.00255292442741362,0.00259665880076541,6978609.99365271,2685397051.24477,6.97860999365271
DOGE,2020-10-21,0.00259665880076541,0.00266486903543699,0.00258987711864046,0.00262839542435657,8413300.93055062,3202620743.94269,8.41330093055062
DOGE,2020-10-22,0.00262839542435657,0.00269167102971303,0.00262644257770666,0.00264972389905003,6724586.29350505,2524663006.37855,6.72458629350505
DOGE,2020-10-23,0.00264972389905003,0.002689444201318,0.00263093593890356,0.00264730288171183,5414872.90207419,2034922159.72845,5.4148729020741895
DOGE,2020-10-24,0.00264730288171183,0.00265297302201397,0.00261316667051758,0.00264214755882549,5454566.40775021,2070599259.10225,5.454566407750209
DOGE,2020-10-25,0.00264214755882549,0.0026729605912515,0.00261921599524326,0.00265172829861936,6304522.77022586,2377378154.70462,6.30452277022586
DOGE,2020-10-26,0.00265172829861936,0.00289425460515325,0.00261960710882059,0.00266336043910979,22532939.871781,8116565523.04281,22.532939871781
DOGE,2020-10-27,0.00266336043910979,0.00270462675470956,0.00262279021910101,0.00266884677765262,10472725.6133726,3916960803.56547,10.4727256133726
DOGE,2020-10-28,0.00266884677765262,0.00268612706694427,0.00256849612520851,0.0025740650969744,8501625.03838265,3237816276.71777,8.501625038382649
DOGE,2020-10-29,0.0025740650969744,0.00261174531617628,0.00251900022512875,0.00257737326511051,5930617.56093469,2301308563.54808,5.93061756093469
DOGE,2020-10-30,0.00257737326511051,0.00260070849879846,0.00251760199980031,0.00258323307717479,7057878.86110289,2751005071.23718,7.05787886110289
DOGE,2020-10-31,0.00258323307717479,0.00259722171995278,0.00255042895969323,0.00256807234030378,5494122.41107887,2135258415.27033,5.4941224110788704
DOGE,2020-11-01,0.00256807234030378,0.00258714187387285,0.00255679308827523,0.00257664516430312,4140400.5936556,1610491847.12473,4.1404005936556
DOGE,2020-11-02,0.00257664516430312,0.00258445955053381,0.00251030846596181,0.00251327065615506,5369262.30596698,2112287820.69408,5.36926230596698
DOGE,2020-11-03,0.00251327065615506,0.00252701990346559,0.00245443793590974,0.00251748184393426,6203516.79058861,2481295515.17597,6.20351679058861
DOGE,2020-11-04,0.00251748184393426,0.00256338543407344,0.00248527725472706,0.00254791275451896,5844444.81961894,2314787570.0183,5.84444481961894
DOGE,2020-11-05,0.00254791275451896,0.00267233560899313,0.00254791275451896,0.00264100365554542,6983062.06269702,2679703055.76005,6.98306206269702
DOGE,2020-11-06,0.00264100365554542,0.0028129911594705,0.00263136610791031,0.00275975618613952,12636133.8472753,4608977318.56419,12.6361338472753
DOGE,2020-11-07,0.00275975618613952,0.00282896990483513,0.002604304720035,0.00267213589890797,10662984.4555974,3885077802.87975,10.662984455597401
DOGE,2020-11-08,0.00267213589890797,0.00274451880293406,0.00265650812044385,0.00270809295609752,5354816.80833191,1973972826.62987,5.354816808331909
DOGE,2020-11-09,0.00270809295609752,0.0027899868628298,0.00266354525142918,0.0026727094302554,7252151.0946312,2666003995.31809,7.252151094631199
DOGE,2020-11-10,0.0026727094302554,0.00287176747235982,0.00265568897126453,0.00276157711598154,10804856.4367716,3892050501.77493,10.8048564367716
DOGE,2020-11-11,0.00276157711598154,0.00285706642313691,0.00275029725043491,0.00275801259517018,8828933.29278132,3145773645.8469,8.82893329278132
DOGE,2020-11-12,0.00275801259517018,0.00279666121119583,0.00273241141940467,0.00277945787662917,5401461.24481038,1950317357.05024,5.40146124481038
DOGE,2020-11-13,0.00277945787662917,0.00284128973537295,0.00277081549160242,0.00281404435290337,6581443.27706328,2343267255.88697,6.58144327706328
DOGE,2020-11-14,0.00281404435290337,0.00281815682874025,0.00271415757474865,0.00277294776208962,8039805.334353,2905893341.57659,8.039805334353
DOGE,2020-11-15,0.00277294776208962,0.0028164851671832,0.00273829381214436,0.00277374882795228,5799711.54739966,2085255342.43469,5.799711547399659
DOGE,2020-11-16,0.00277374882795228,0.00303683791075499,0.00275538061886432,0.00289198960863374,15259224.1950831,5275042366.25491,15.2592241950831
DOGE,2020-11-17,0.00289198960863374,0.00299213828401782,0.00289040982943286,0.00293889058835397,13197736.658912,4507956923.46615,13.197736658912
DOGE,2020-11-18,0.00293889058835397,0.00301921646726303,0.00283364290469951,0.00291912425038962,12513114.8188274,4298647594.0278,12.5131148188274
DOGE,2020-11-19,0.00291912425038962,0.00296006779471066,0.00285961323466538,0.00290859294063881,8892566.12510769,3050392458.86355,8.89256612510769
DOGE,2020-11-20,0.00290859294063881,0.00302327726813676,0.00289983909882982,0.00299549562222191,12721706.0499151,4284073051.03256,12.721706049915099
DOGE,2020-11-21,0.00299549562222191,0.0035884862015522,0.00298821438729143,0.00351378912999808,39844178.2127792,11901214800.1244,39.8441782127792
DOGE,2020-11-22,0.00351378912999808,0.00367866789580791,0.00317085698567588,0.00334308858817108,27507695.2048683,8180037937.60838,27.507695204868302
DOGE,2020-11-23,0.00334308858817108,0.00368515287914972,0.00323291876035759,0.00368515287914972,24087462.6727679,7085882329.71469,24.0874626727679
DOGE,2020-11-24,0.00368515287914972,0.00426130765280821,0.00355627538910148,0.00426130765280821,68315010.2914185,17519227864.5888,68.31501029141849
DOGE,2020-11-25,0.00426130765280821,0.0042762541583115,0.00361012036650871,0.00371460395856098,41300644.2231048,10337463115.2155,41.3006442231048
DOGE,2020-11-26,0.00371460395856098,0.00378681460090472,0.00296520943860877,0.00324930187941164,32645912.7074873,9973185552.76221,32.6459127074873
DOGE,2020-11-27,0.00324930187941164,0.00335455738397382,0.00308809414790763,0.00327635172194434,14725627.6861466,4561944333.47123,14.7256276861466
DOGE,2020-11-28,0.00327635172194434,0.00347587208440629,0.00324750722746016,0.00339954218659303,11711379.732147,3475572395.67779,11.711379732147
DOGE,2020-11-29,0.00339954218659303,0.00352909116593298,0.00335444873361466,0.0034443157501132,9519619.57767737,2776613169.82982,9.51961957767737
DOGE,2020-11-30,0.0034443157501132,0.00358319877432326,0.00341081607464414,0.00355906576847754,12870106.2118604,3662844804.53308,12.8701062118604
DOGE,2020-12-01,0.00355906576847754,0.00357854745158612,0.00326836627855453,0.00332520703011856,14079749.3478878,4091148828.06883,14.0797493478878
DOGE,2020-12-02,0.00332520703011856,0.00343216460104329,0.0032761288686805,0.00337023863285106,9631772.07114204,2854996250.15927,9.63177207114204
DOGE,2020-12-03,0.00337023863285106,0.00350669773605643,0.00335501779632309,0.0034297723328114,9637980.18008137,2811906759.81571,9.63798018008137
DOGE,2020-12-04,0.0034297723328114,0.00344279427210396,0.00327915628809432,0.00328743146733826,9153875.00257721,2718480177.26252,9.15387500257721
DOGE,2020-12-05,0.00328743146733826,0.00341045178229685,0.00326077186319466,0.00339801247591209,6706483.57037169,1991071085.93569,6.70648357037169
DOGE,2020-12-06,0.00339801247591209,0.00344314875363231,0.00335459814686511,0.00339282614011564,6511226.61005114,1916215056.35959,6.51122661005114
DOGE,2020-12-07,0.00339282614011564,0.00340189156853273,0.0033123114764871,0.00334024183893044,6695335.37586171,1989245878.08725,6.69533537586171
DOGE,2020-12-08,0.00334024183893044,0.00336193134135505,0.0031194965998936,0.00317210891737907,8637420.70269801,2641592721.28784,8.637420702698009
DOGE,2020-12-09,0.00317210891737907,0.00317990929978983,0.00300740378854753,0.00316031252495729,7709278.77118271,2476671225.55943,7.70927877118271
DOGE,2020-12-10,0.00316031252495729,0.00316800563367417,0.00306238135814596,0.00310455378801098,5322474.36064723,1705959711.41409,5.32247436064723
DOGE,2020-12-11,0.00310455378801098,0.00311229353211101,0.00300351319401839,0.00307528024268586,5874466.3211107,1916233388.07394,5.874466321110701
DOGE,2020-12-12,0.00307528024268586,0.00319044407587331,0.00307528024268586,0.00316282418686875,6121456.04787359,1938874520.94236,6.12145604787359
DOGE,2020-12-13,0.00316282418686875,0.0032722417829393,0.00315268679071835,0.00326030453652252,6540509.75551773,2032038113.84882,6.540509755517729
DOGE,2020-12-14,0.00326030453652252,0.00328489448168122,0.00319235092223873,0.0032257794469925,6312040.30918917,1950293980.46567,6.31204030918917
DOGE,2020-12-15,0.0032257794469925,0.003253314143393,0.00317560049504495,0.00320773660431977,6278511.70307402,1955111399.12075,6.27851170307402
DOGE,2020-12-16,0.00320773660431977,0.00343983588544952,0.00303843326286523,0.00341944100417284,9417521.91785625,2852385362.9335,9.41752191785625
DOGE,2020-12-17,0.00341944100417284,0.00412988922340945,0.00341601860503338,0.0037255941428172,43978834.68989,11632053574.2651,43.97883468989
DOGE,2020-12-18,0.0037255941428172,0.00397567722025258,0.00360727617896494,0.00386584228102705,23001021.056591,6066040604.57564,23.001021056591
DOGE,2020-12-19,0.00386584228102705,0.00402369021929741,0.00380545874692475,0.00392876939544332,22854334.3362203,5803288057.44012,22.8543343362203
DOGE,2020-12-20,0.00392876939544332,0.00470405446318468,0.00381828375739924,0.00463341827992466,117651045.856792,26466364226.7704,117.65104585679201
DOGE,2020-12-21,0.00463341827992466,0.00542574040248003,0.00433638769504957,0.00477189617530601,172230098.304727,35038470214.8375,172.230098304727
DOGE,2020-12-22,0.00477189617530601,0.00484651752267301,0.00436129230973676,0.00451476860152748,47850186.3737422,10433893713.2514,47.8501863737422
DOGE,2020-12-23,0.00451476860152748,0.00474531827514835,0.00363138309015074,0.00376564140018469,40117931.6860769,9434685282.60982,40.1179316860769
DOGE,2020-12-24,0.00376564140018469,0.00458512139630866,0.00368481871301131,0.00457219339819345,31174440.9420274,7508739830.50357,31.174440942027402
DOGE,2020-12-25,0.00457219339819345,0.00463168045935262,0.0043889343983437,0.00456555519660008,28732364.1675019,6376612660.14465,28.7323641675019
DOGE,2020-12-26,0.00456555519660008,0.00465430497562051,0.00441719731923742,0.00450845619458262,28461574.27514,6305279068.79642,28.46157427514
DOGE,2020-12-27,0.00450845619458262,0.00480711806352732,0.00440399143114936,0.00453947516269663,33200535.873685,7203876337.21314,33.200535873685
DOGE,2020-12-28,0.00453947516269663,0.00471877210711181,0.00451150965843975,0.00458495295289489,22715109.0104766,4911046233.297,22.7151090104766
DOGE,2020-12-29,0.00458495295289489,0.00461246625716768,0.00425622067311763,0.00449093999500734,20576995.7725739,4628905757.03677,20.5769957725739
DOGE,2020-12-30,0.00449093999500734,0.00471168004982347,0.00444712559300155,0.00462945219194357,20816459.3849972,4552750834.3736,20.8164593849972
DOGE,2020-12-31,0.00462945219194357,0.00475296773164848,0.00454381387393323,0.00468002178065145,19275306.2538645,4155793740.53983,19.2753062538645
DOGE,2021-01-01,0.00468002178065145,0.0056851111828111,0.00462007785901522,0.0056851111828111,52114026.0330866,10151956639.8113,52.114026033086596
DOGE,2021-01-02,0.0056851111828111,0.0137650641973081,0.00557946924539404,0.010551006125249,1015137943.5092,111365531448.977,1015.1379435092
DOGE,2021-01-03,0.010551006125249,0.0139158240837895,0.0093767118318678,0.00985236782958303,924499202.918063,80600896202.0204,924.499202918063
DOGE,2021-01-04,0.00985236782958303,0.0114741864714204,0.00773247171498913,0.00978990233846625,416008490.558362,43346979300.9452,416.008490558362
DOGE,2021-01-05,0.00978990233846625,0.010234669594672,0.0088829007459977,0.00999692848550093,167135567.35221,17473343070.102,167.13556735221
DOGE,2021-01-06,0.00999692848550093,0.0108996085394796,0.00967386361324277,0.0104806638547055,193634819.472492,18905790338.5856,193.634819472492
DOGE,2021-01-07,0.0104806638547055,0.0105536318146142,0.0089762124330475,0.00974013228172949,135673901.229707,13578251050.9077,135.673901229707
DOGE,2021-01-08,0.00974013228172949,0.0102459825942977,0.00884813237612129,0.0097696515881634,98451657.7180408,10321734226.3813,98.45165771804079
DOGE,2021-01-09,0.0097696515881634,0.0107154534293925,0.00969599077782538,0.0102045593309293,122081057.630042,11980709314.0213,122.081057630042
DOGE,2021-01-10,0.0102045593309293,0.0108797151089873,0.00903407659777544,0.00984129669475296,102586896.592216,10086713799.2317,102.586896592216
DOGE,2021-01-11,0.00984129669475296,0.00984129669475296,0.00671935372788748,0.00883837727212288,136240185.858996,16497234973.046,136.240185858996
DOGE,2021-01-12,0.00883837727212288,0.00913876161061317,0.00784575702906102,0.00806705463926755,82331098.1253227,9805520415.74614,82.3310981253227
DOGE,2021-01-13,0.00806705463926755,0.00867864000407289,0.00777755105227776,0.00867864000407289,53589786.5624913,6566394148.49658,53.5897865624913
DOGE,2021-01-14,0.00867864000407289,0.0100483635465426,0.00834214061114515,0.00939374395772768,113469219.445138,12321532997.8783,113.46921944513801
DOGE,2021-01-15,0.00939374395772768,0.00980833140274894,0.00837915184498878,0.00937455724961846,98488342.0937174,10611846669.9784,98.48834209371739
DOGE,2021-01-16,0.00937455724961846,0.00954626902134698,0.00911290996821185,0.00923137993434334,56938746.7784216,6119206880.60939,56.9387467784216
DOGE,2021-01-17,0.00923137993434334,0.00936804144938403,0.00880498047432488,0.00909093535560337,47612912.1917917,5218148997.96572,47.6129121917917
DOGE,2021-01-18,0.00909093535560337,0.00929478420964427,0.00895664412084781,0.00917718981641338,39380356.5176488,4313997373.97557,39.3803565176488
DOGE,2021-01-19,0.00917718981641338,0.00964614318066769,0.00899801256334187,0.00905547477286668,55584459.6294847,5988995513.62605,55.5844596294847
DOGE,2021-01-20,0.00905547477286668,0.00914153774433639,0.00850996701509712,0.00905777550655978,40807080.1595742,4576428766.16834,40.807080159574205
DOGE,2021-01-21,0.00905777550655978,0.00909490137983603,0.00804421760696051,0.00814223898389959,41320818.918521,4852803658.29256,41.320818918521
DOGE,2021-01-22,0.00814223898389959,0.0087599980862864,0.00756713233479036,0.00852095322645506,37137988.6481184,4461948075.51444,37.1379886481184
DOGE,2021-01-23,0.00852095322645506,0.00880547552303822,0.00837344847812564,0.00858264176800423,28016912.5381277,3255829714.34351,28.016912538127702
DOGE,2021-01-24,0.00858264176800423,0.00894572849846879,0.00851793477640797,0.00872405459023923,28875589.6055734,3319447545.19283,28.8755896055734
DOGE,2021-01-25,0.00872405459023923,0.00889957272539328,0.00824256911531,0.00834638806989244,32613271.7413646,3779725004.54079,32.6132717413646
DOGE,2021-01-26,0.00834638806989244,0.00845344650475539,0.00798131100370648,0.00825012754824818,25932934.8473897,3145399469.94657,25.932934847389703
DOGE,2021-01-27,0.00825012754824818,0.00825012754824818,0.00727165375509095,0.0074437073352162,32734497.2759806,4261645144.04938,32.7344972759806
DOGE,2021-01-28,0.0074437073352162,0.0365569231332267,0.00733207864771615,0.0359982607659191,4094193037.35281,222834035114.843,4094.19303735281
DOGE,2021-01-29,0.0359982607659191,0.0846254532466877,0.0325835354001838,0.0462478601585889,10661911588.3723,201631127914.63,10661.911588372299
DOGE,2021-01-30,0.0462478601585889,0.0501444755619919,0.0222887166308596,0.0282516923296302,3674085818.11467,114491164770.011,3674.08581811467
DOGE,2021-01-31,0.0282516923296302,0.0479376386457303,0.0270307347090231,0.0369351985643519,3311438862.59399,95193346180.0983,3311.43886259399
DOGE,2021-02-01,0.0369351985643519,0.043438016691543,0.0331549337592563,0.0347260961207211,2197612968.77998,56993092997.5576,2197.6129687799803
DOGE,2021-02-02,0.0347260961207211,0.0351466489574572,0.0291616991610345,0.031303867617365,908813395.78935,28289976698.5081,908.81339578935
DOGE,2021-02-03,0.031303867617365,0.0395821485530446,0.0310708058723026,0.0373441655260565,1008964578.74576,29121668600.1049,1008.9645787457599
DOGE,2021-02-04,0.0373441655260565,0.0589220737763023,0.0359795511875149,0.0531217780524029,4888930619.61062,100502473193.322,4888.93061961062
DOGE,2021-02-05,0.0531217780524029,0.0539413946501599,0.0432841368261272,0.046834728222268,1844723112.36679,39242171034.0179,1844.72311236679
DOGE,2021-02-06,0.046834728222268,0.0586652605715813,0.0447057294704756,0.0576214560100055,1909519490.27315,37331866862.5417,1909.51949027315
DOGE,2021-02-07,0.0576214560100055,0.0858788521768332,0.0536672404490001,0.0784641843780218,5165226892.51846,77092866032.767,5165.22689251846
DOGE,2021-02-08,0.0784641843780218,0.0850366642569531,0.0636445773670556,0.0787993460141282,3909496215.8874,51947112309.1153,3909.4962158874
DOGE,2021-02-09,0.0787993460141282,0.0835058445673022,0.0640563907191427,0.0700773524090181,2387293499.03036,32032429155.6983,2387.29349903036
DOGE,2021-02-10,0.0700773524090181,0.0810623824149282,0.0673336061930741,0.0726045241762362,2226506309.59355,30146818987.2569,2226.50630959355
DOGE,2021-02-11,0.0726045241762362,0.0749074718618316,0.0682141316023942,0.0696889729732596,1232431009.09355,17161255517.8791,1232.43100909355
DOGE,2021-02-12,0.0696889729732596,0.0727932392632419,0.0612887036493807,0.0699572477866056,1268435740.71804,18813857089.9648,1268.43574071804
DOGE,2021-02-13,0.0699572477866056,0.0717618941034244,0.0659668959970073,0.0663179290207822,720759553.459926,10490651337.6564,720.759553459926
DOGE,2021-02-14,0.0663179290207822,0.0664451349078879,0.0560091482615311,0.0626594708670568,1201264957.6698,19516189014.026,1201.2649576698
DOGE,2021-02-15,0.0626594708670568,0.0639945003107421,0.0484618777923311,0.0565930358149721,1468368176.92836,25722689242.065,1468.36817692836
DOGE,2021-02-16,0.0565930358149721,0.0596960814196784,0.05095431838097,0.0535065827643194,923872496.885829,16495457433.4429,923.8724968858289
DOGE,2021-02-17,0.0535065827643194,0.0549902444915426,0.0480217834644131,0.0494738272793021,780724421.305313,15024930389.728,780.724421305313
DOGE,2021-02-18,0.0494738272793021,0.06306588269174,0.0490160813188698,0.0590795566958072,1648431475.7099,29529965268.8935,1648.4314757098998
DOGE,2021-02-19,0.0590795566958072,0.0596031583821764,0.0541635796784733,0.0551116650023969,925697558.912192,16499062131.7805,925.697558912192
DOGE,2021-02-20,0.0551116650023969,0.0603363751533257,0.05150054405857,0.0542136458576232,1047173945.28294,18663269996.905,1047.17394528294
DOGE,2021-02-21,0.0542136458576232,0.0590426034346268,0.053694424760332,0.0559847629821706,775288916.889157,13841056912.1106,775.288916889157
DOGE,2021-02-22,0.0559847629821706,0.0606402867076483,0.0467678045162971,0.0536371454714781,1112815411.90459,20005859255.6019,1112.8154119045898
DOGE,2021-02-23,0.0536371454714781,0.0537660471936312,0.0420157949819246,0.0476949895856156,692190613.42882,14508776090.2318,692.19061342882
DOGE,2021-02-24,0.0476949895856156,0.0601972617111479,0.0461443751056749,0.056731156403016,1489606402.60338,26841812825.7583,1489.60640260338
DOGE,2021-02-25,0.056731156403016,0.0580740906305297,0.0499385573438788,0.050125151906006,761532324.65266,13975796046.4423,761.53232465266
DOGE,2021-02-26,0.050125151906006,0.0526155486961097,0.0486420859895179,0.0505417220414507,474408461.645464,9389557441.83936,474.408461645464
DOGE,2021-02-27,0.0505417220414507,0.0519415511854399,0.0493174897848384,0.0502035666728515,339601903.942067,6711511297.2195,339.60190394206705
DOGE,2021-02-28,0.0502035666728515,0.0502883421421673,0.0449195641455063,0.048275204269095,348089136.167397,7277595435.73248,348.08913616739704
DOGE,2021-03-01,0.048275204269095,0.0520402182678058,0.0480638068093021,0.0506460766223113,386465549.779822,7730516969.49608,386.46554977982197
DOGE,2021-03-02,0.0506460766223113,0.0524716494237082,0.0493055457625771,0.0504420290491475,359296921.240022,7050321347.94315,359.296921240022
DOGE,2021-03-03,0.0504420290491475,0.0521352253713917,0.0501361658544906,0.0505438396606454,290871749.276938,5694188282.55318,290.87174927693803
DOGE,2021-03-04,0.0505438396606454,0.051161469000896,0.0478718043287141,0.0500283744553248,305927649.710335,6120809193.59195,305.927649710335
DOGE,2021-03-05,0.0500283744553248,0.0509468472483975,0.0481654105437253,0.0496423997311731,290496684.466779,5867298914.55015,290.496684466779
DOGE,2021-03-06,0.0496423997311731,0.0524619403786891,0.04925883728576,0.0509834078093838,433674283.047143,8496160450.40801,433.674283047143
DOGE,2021-03-07,0.0509834078093838,0.0521591635064669,0.0505938749576037,0.0519307848045639,256555165.61294,4994279793.44559,256.55516561294
DOGE,2021-03-08,0.0519307848045639,0.0628233267036287,0.0516445538832692,0.0628233267036287,1191338290.83476,21134795122.9,1191.3382908347598
DOGE,2021-03-09,0.0628233267036287,0.0628233267036287,0.0560599547734449,0.0580097763446052,793467978.814718,13565275976.5524,793.467978814718
DOGE,2021-03-10,0.0580097763446052,0.0587277148715256,0.0546774428194174,0.0559836466303851,436166445.621974,7735714489.8602,436.166445621974
DOGE,2021-03-11,0.0559836466303851,0.0569018016058661,0.0545438324696729,0.0559714647034191,320309451.769277,5764647959.08276,320.30945176927696
DOGE,2021-03-12,0.0559714647034191,0.0570741585648742,0.0544912665956486,0.0553495137623428,348929147.089176,6281983574.35208,348.929147089176
DOGE,2021-03-13,0.0553495137623428,0.0627553543016192,0.0548175978279871,0.0626235925978681,612941989.306428,10533548678.2697,612.9419893064279
DOGE,2021-03-14,0.0626235925978681,0.0632243721277583,0.0584472914419917,0.0584472914419917,890518943.514406,14586839601.2742,890.5189435144059
DOGE,2021-03-15,0.0584472914419917,0.0597809563180758,0.0551359534833549,0.0570351713131186,459889932.931225,8037139794.16959,459.889932931225
DOGE,2021-03-16,0.0570351713131186,0.0590920272450346,0.0554977096196425,0.0587286893601378,388024806.429481,6744522101.62874,388.02480642948103
DOGE,2021-03-17,0.0587286893601378,0.059032029159446,0.0567976326500775,0.0581011401715967,252195321.944282,4351729889.94741,252.195321944282
DOGE,2021-03-18,0.0581011401715967,0.0592545991086587,0.0571869757552908,0.0574402081087756,264471061.063611,4544129531.75479,264.471061063611
DOGE,2021-03-19,0.0574402081087756,0.0599231460134515,0.056651489166571,0.0583951169304623,317470312.919717,5431338645.1198,317.470312919717
DOGE,2021-03-20,0.0583951169304623,0.0606855415180998,0.0581781250978761,0.0589000776944071,369879240.067566,6216098979.72632,369.879240067566
DOGE,2021-03-21,0.0589000776944071,0.0595738277200894,0.0569581907708374,0.0576167373216898,266638926.658183,4592121101.0226,266.638926658183
DOGE,2021-03-22,0.0576167373216898,0.058196790979892,0.0551311732926087,0.0552213672221668,243660971.259004,4274907801.6292,243.660971259004
DOGE,2021-03-23,0.0552213672221668,0.0563018541229377,0.0530463381815259,0.0536862541691965,271576662.778348,4961659141.834,271.576662778348
DOGE,2021-03-24,0.0536862541691965,0.056843617547399,0.0513206338914256,0.0519066565216531,293849837.782301,5398671867.56101,293.849837782301
DOGE,2021-03-25,0.0519066565216531,0.0526288394457767,0.0499051896446503,0.0515050352925538,304575063.973849,5936566934.46319,304.575063973849
DOGE,2021-03-26,0.0515050352925538,0.0541947759278252,0.051500438288207,0.054164189627703,195870373.111461,3697961635.57329,195.87037311146102
DOGE,2021-03-27,0.054164189627703,0.0555628972071369,0.0536885475406881,0.0546097847147003,225636565.95022,4133083664.50454,225.63656595022
DOGE,2021-03-28,0.0546097847147003,0.0550429494314474,0.0533149267720216,0.0538952835006713,148432623.130589,2736762192.84021,148.432623130589
DOGE,2021-03-29,0.0538952835006713,0.0549251720018216,0.0534698137221049,0.0543370043487878,191573657.560634,3531595654.47125,191.573657560634
DOGE,2021-03-30,0.0543370043487878,0.0557706129696498,0.053691098598131,0.05426406091333,267979240.334469,4902362119.32399,267.979240334469
DOGE,2021-03-31,0.05426406091333,0.0547931731660239,0.0522869558777576,0.0539923700479905,218649765.452209,4068315407.72518,218.64976545220898
DOGE,2021-04-01,0.0539923700479905,0.0705639709444214,0.0537130720720716,0.0620144761514533,2446232629.33817,39394505778.8,2446.23262933817
DOGE,2021-04-02,0.0620144761514533,0.0626253492747339,0.0573380419156051,0.0575938395856442,746885134.471637,12595304240.7881,746.885134471637
DOGE,2021-04-03,0.0575938395856442,0.0594595519019724,0.0555612016082172,0.0555612016082172,378305743.017976,6508825819.59612,378.305743017976
DOGE,2021-04-04,0.0555612016082172,0.0580282734037359,0.055140682473866,0.0573662211757937,298176761.032507,5254675549.54658,298.176761032507
DOGE,2021-04-05,0.0573662211757937,0.0604109355799417,0.056361820717484,0.0598863382177361,480056489.434994,8271117223.62813,480.056489434994
DOGE,2021-04-06,0.0598863382177361,0.0648758497860778,0.0580560316700888,0.0642853963228595,836367554.805178,13705852125.1817,836.3675548051781
DOGE,2021-04-07,0.0642853963228595,0.0670657057283289,0.0576896274891584,0.0587596780235704,890808976.361848,14367669306.982,890.808976361848
DOGE,2021-04-08,0.0587596780235704,0.062078394564789,0.0587008150068936,0.0617665358229923,373446132.734262,6127503161.04109,373.446132734262
DOGE,2021-04-09,0.0617665358229923,0.0637631952381805,0.0605310341791396,0.0615823416911503,411456496.667448,6639241332.27783,411.456496667448
DOGE,2021-04-10,0.0615823416911503,0.0648276326543918,0.0609950808344189,0.0637032561816861,531397204.998172,8401357902.60931,531.397204998172
DOGE,2021-04-11,0.0637032561816861,0.0794446730056747,0.063424464073403,0.0742691529106617,2754727804.26855,38097681358.5316,2754.72780426855
DOGE,2021-04-12,0.0742691529106617,0.075226779605084,0.0688826094740338,0.0707027209091853,1008406221.89552,14091358310.0705,1008.4062218955199
DOGE,2021-04-13,0.0707027209091853,0.0951172790115706,0.0707027209091853,0.0938773028881265,2880446747.13974,34384616367.9401,2880.44674713974
DOGE,2021-04-14,0.0938773028881265,0.14421690032655,0.0925145553051588,0.121251359080964,9326696151.13613,75986052959.9727,9326.69615113613
DOGE,2021-04-15,0.121251359080964,0.189665260453975,0.120243482301671,0.182861953014373,7768461658.27669,50631797513.9699,7768.461658276689
DOGE,2021-04-16,0.182861953014373,0.441338888661703,0.180363977890091,0.366268110140446,29602849813.9211,96955462347.5386,29602.8498139211
DOGE,2021-04-17,0.366268110140446,0.377954012795676,0.233671962893391,0.283016154319769,15483722832.1908,52423772669.8377,15483.7228321908
DOGE,2021-04-18,0.283016154319769,0.350386348635002,0.248330803368559,0.323210674739146,10749900906.923,34742017471.4943,10749.900906923
DOGE,2021-04-19,0.323210674739146,0.433904349525341,0.309861033020599,0.408389953586255,16262428150.6847,42468218595.9658,16262.4281506847
DOGE,2021-04-20,0.408389953586255,0.422754364841356,0.273521261697281,0.3179689019251,17236001994.4002,47686149656.5449,17236.0019944002
DOGE,2021-04-21,0.3179689019251,0.346636367778807,0.297322991588652,0.306179856166256,6944168576.07576,21872506886.6531,6944.16857607576
DOGE,2021-04-22,0.306179856166256,0.308973298384505,0.25586407005369,0.261269437022199,6906460858.08653,24551993667.2763,6906.46085808653
DOGE,2021-04-23,0.261269437022199,0.268953353456949,0.164795062432296,0.249778743643133,6673783803.40499,29919725775.9606,6673.78380340499
DOGE,2021-04-24,0.249778743643133,0.28978713325905,0.229843361719096,0.270757538814826,6458521214.14888,24302295079.4134,6458.52121414888
DOGE,2021-04-25,0.270757538814826,0.289573959167842,0.226465451340324,0.251690996134054,4001318842.38674,15210875146.4265,4001.31884238674
DOGE,2021-04-26,0.251690996134054,0.280588865024383,0.248958783590431,0.271714560659472,3179606434.2454,11893345308.7495,3179.6064342454
DOGE,2021-04-27,0.271714560659472,0.280138974477996,0.265710746638892,0.273193169689253,2217507521.49917,8132999368.66518,2217.50752149917
DOGE,2021-04-28,0.273193169689253,0.342617999325134,0.258052280047342,0.324096035057715,8219630751.89795,26871972275.4786,8219.63075189795
DOGE,2021-04-29,0.324096035057715,0.324991770740923,0.298872190106698,0.306220254974884,3113064556.22356,9990555975.33589,3113.06455622356
DOGE,2021-04-30,0.306220254974884,0.34047231055398,0.303650911356207,0.338587046358859,3150058363.18576,9786917186.97805,3150.05836318576
DOGE,2021-05-01,0.338587046358859,0.397616031841112,0.329267741909053,0.392709844744035,5958422742.76968,16392220868.8897,5958.42274276968
DOGE,2021-05-02,0.392709844744035,0.400821973694208,0.365068636200208,0.375037761301483,4707410060.32807,12289035432.9489,4707.410060328069
DOGE,2021-05-03,0.375037761301483,0.446296544383521,0.375037761301483,0.441875927867271,5934770950.46441,14485377002.6175,5934.77095046441
DOGE,2021-05-04,0.441875927867271,0.600863375277631,0.405093980071947,0.540769313363589,19924546423.8243,38828778014.3908,19924.5464238243
DOGE,2021-05-05,0.540769313363589,0.695121280163895,0.536977658100193,0.655089729731475,23147788434.944,36642159787.791,23147.788434944
DOGE,2021-05-06,0.655089729731475,0.664745159553167,0.54676041585386,0.584014737310303,6503884852.1149,10648718383.4006,6503.884852114899
DOGE,2021-05-07,0.584014737310303,0.729657007220026,0.525610022415581,0.690872732391264,6452629859.18559,10219275563.0483,6452.629859185589
DOGE,2021-05-08,0.690872732391264,0.739933118149815,0.620399245973027,0.638600137722408,8437557283.57624,12289047502.6909,8437.55728357624
DOGE,2021-05-09,0.638600137722408,0.700297253544641,0.431192458938725,0.571277738381203,11180777515.4359,20551836929.407,11180.7775154359
DOGE,2021-05-10,0.571277738381203,0.571277738381203,0.432594721758816,0.451389977475115,4283186133.21473,8490117082.12452,4283.18613321473
DOGE,2021-05-11,0.451389977475115,0.54255835141687,0.44801279357491,0.496688412107493,3585760450.7813,7195876513.69474,3585.7604507813003
DOGE,2021-05-12,0.496688412107493,0.521650111508185,0.397512694435326,0.397512694435326,2419196499.89454,5066047815.02511,2419.19649989454
DOGE,2021-05-13,0.397512694435326,0.515723404969935,0.363341838197267,0.489381960403019,3806664052.67634,8856037129.51115,3806.66405267634
DOGE,2021-05-14,0.489381960403019,0.591254959501393,0.469032973018078,0.562744435983498,5539817785.34969,10313167183.6544,5539.81778534969
DOGE,2021-05-15,0.562744435983498,0.565436549075055,0.494694577231003,0.508460574357414,2906714533.72269,5533948225.47711,2906.7145337226902
DOGE,2021-05-16,0.508460574357414,0.549285306189966,0.453435436618047,0.518620302905748,2923789166.25114,5635943716.72273,2923.78916625114
DOGE,2021-05-17,0.518620302905748,0.520880786985062,0.468926291166626,0.492427791047604,2073211533.14056,4196079556.45836,2073.21153314056
DOGE,2021-05-18,0.492427791047604,0.51653257492994,0.473641972243793,0.480194365983593,1722078371.68997,3501907304.92205,1722.07837168997
DOGE,2021-05-19,0.480194365983593,0.482685099565929,0.231128682997074,0.331515524801631,2936940835.30282,7740007247.87722,2936.9408353028202
DOGE,2021-05-20,0.331515524801631,0.436492959175274,0.298372554681671,0.399697278386789,2852461333.78971,7423743620.4767,2852.46133378971
DOGE,2021-05-21,0.399697278386789,0.414797831556693,0.319028713857432,0.359645641485271,1763911490.50895,4788321274.17977,1763.91149050895
DOGE,2021-05-22,0.359645641485271,0.360458884738378,0.321152710576187,0.342283575734315,1538797523.5257,4470822594.09692,1538.7975235257002
DOGE,2021-05-23,0.342283575734315,0.350685664040864,0.251623802371278,0.309179648633972,1831061824.65106,5959028571.33565,1831.06182465106
DOGE,2021-05-24,0.309179648633972,0.373375977599588,0.298421371818691,0.369750639270204,2018971640.73747,6019432587.35921,2018.97164073747
DOGE,2021-05-25,0.369750639270204,0.384964116718435,0.326755420429582,0.349211147829788,1740089828.92029,4978575520.19763,1740.08982892029
DOGE,2021-05-26,0.349211147829788,0.36789587416574,0.341137172155604,0.355891217725961,1264611734.43998,3576009146.43509,1264.61173443998
DOGE,2021-05-27,0.355891217725961,0.355891217725961,0.330621859265018,0.335858849472202,951815283.952269,2794833328.10909,951.8152839522689
DOGE,2021-05-28,0.335858849472202,0.348199179959838,0.303677732246748,0.314505781407405,1060466715.48399,3284080978.15983,1060.46671548399
DOGE,2021-05-29,0.314505781407405,0.32048187542709,0.283635130809346,0.303116561086199,856856644.281324,2838198404.21174,856.8566442813241
DOGE,2021-05-30,0.303116561086199,0.312556300708339,0.289818468238265,0.305177581840214,692418429.970212,2273292966.57449,692.418429970212
DOGE,2021-05-31,0.305177581840214,0.331155500570202,0.297581651458703,0.327575226761758,834333330.309298,2665104349.11254,834.333330309298
DOGE,2021-06-01,0.327575226761758,0.384311421160073,0.314302692318144,0.371678699545803,1989056734.61201,5807598542.9472,1989.05673461201
DOGE,2021-06-02,0.371678699545803,0.446357034936073,0.354388070361403,0.424650211446769,3872770405.04372,9519215333.95629,3872.7704050437196
DOGE,2021-06-03,0.424650211446769,0.441203383969313,0.380014265304227,0.401563714289643,2455166268.95428,5960179222.05147,2455.16626895428
DOGE,2021-06-04,0.401563714289643,0.402476487519417,0.35603855653305,0.378306988454797,1926550002.11364,5095273474.96494,1926.5500021136402
DOGE,2021-06-05,0.378306988454797,0.395130953682426,0.36290914499458,0.374191134767034,1306884168.54722,3442002333.9383,1306.88416854722
DOGE,2021-06-06,0.374191134767034,0.378617390679858,0.36990533568409,0.374792381035882,654028821.147887,1744972712.00055,654.028821147887
DOGE,2021-06-07,0.374792381035882,0.381516527807083,0.330812977232364,0.333288890485905,1107154406.2282,3078554147.07521,1107.1544062282
DOGE,2021-06-08,0.333288890485905,0.342688261065639,0.298672796231306,0.327680854722944,1439703036.67332,4437633565.3913,1439.70303667332
DOGE,2021-06-09,0.327680854722944,0.354375757634663,0.313870969720522,0.344983293931461,1206281608.40394,3627131175.62533,1206.28160840394
DOGE,2021-06-10,0.344983293931461,0.346727325575867,0.325956032222469,0.32867519016248,853252565.604388,2540281143.69755,853.252565604388
DOGE,2021-06-11,0.32867519016248,0.335207381133637,0.313959862504791,0.321312479135757,721426554.861049,2229900588.68312,721.4265548610491
DOGE,2021-06-12,0.321312479135757,0.321312479135757,0.303692062039606,0.313669202649703,635644057.939232,2038379990.71673,635.644057939232
DOGE,2021-06-13,0.313669202649703,0.331579803723415,0.310456017303714,0.325629439999359,600935019.750635,1890841718.44062,600.935019750635
DOGE,2021-06-14,0.325629439999359,0.338471722355488,0.321582832601664,0.329122988518955,720036342.511032,2197030665.97563,720.036342511032
DOGE,2021-06-15,0.329122988518955,0.331891167652891,0.318983524940034,0.322175302406453,603652846.376629,1854694150.21923,603.652846376629
DOGE,2021-06-16,0.322175302406453,0.322233562353105,0.30710661878915,0.310243136228539,588862556.755506,1872262363.68152,588.862556755506
DOGE,2021-06-17,0.310243136228539,0.315826588346885,0.30669642058475,0.309081446033549,471970974.989507,1515567223.301,471.970974989507
DOGE,2021-06-18,0.309081446033549,0.310079733268238,0.283433595260077,0.295828172711813,774674111.990264,2601489741.13316,774.674111990264
DOGE,2021-06-19,0.295828172711813,0.29981571545182,0.288867824909671,0.288908017316715,428844156.05015,1459473016.9787,428.84415605015
DOGE,2021-06-20,0.288908017316715,0.290668944211398,0.25804003278571,0.28195858447329,796102612.802691,2888507906.56509,796.1026128026909
DOGE,2021-06-21,0.28195858447329,0.282544853100707,0.168804263281725,0.1799468289871,1927900633.60929,8930512412.79755,1927.9006336092898
DOGE,2021-06-22,0.1799468289871,0.216605053198171,0.165963048968905,0.190912349020986,3483438401.50409,18402974046.1559,3483.43840150409
DOGE,2021-06-23,0.190912349020986,0.247606743586104,0.181760828382424,0.235724293020799,3335800177.55542,15034747034.8245,3335.80017755542
DOGE,2021-06-24,0.235724293020799,0.269227316524402,0.223186318382057,0.263714610915165,2313694249.74866,9534659555.42378,2313.6942497486602
DOGE,2021-06-25,0.263714610915165,0.289688599654571,0.230554062953087,0.238880461531521,3763649367.5913,14561081447.262,3763.6493675913002
DOGE,2021-06-26,0.238880461531521,0.255707938770905,0.232183005111612,0.246347288932701,1751745120.25744,7237629785.80531,1751.74512025744
DOGE,2021-06-27,0.246347288932701,0.267431565174448,0.241533870991672,0.265733981805465,1369099112.87488,5500320440.5873,1369.0991128748801
DOGE,2021-06-28,0.265733981805465,0.267106549258198,0.251581130879441,0.258019996432145,1237295742.52208,4796986438.67723,1237.29574252208
DOGE,2021-06-29,0.258019996432145,0.27569193645192,0.253860091921997,0.263788563857537,1418177352.73751,5353007192.66314,1418.1773527375099
DOGE,2021-06-30,0.263788563857537,0.264246939629321,0.239697389996146,0.254618116747486,1152338494.0335,4575355413.42911,1152.3384940335
DOGE,2021-07-01,0.254618116747486,0.258627536532399,0.239558839551974,0.244857953966858,1500327686.73223,5995451015.12923,1500.32768673223
DOGE,2021-07-02,0.244857953966858,0.2489866296593,0.23937633078054,0.246254478370839,798010405.251564,3268942009.7073,798.0104052515641
DOGE,2021-07-03,0.246254478370839,0.251295176718136,0.243419523184555,0.247340372775362,552985343.093248,2232922847.86315,552.985343093248
DOGE,2021-07-04,0.247340372775362,0.253614618819404,0.244510882095421,0.247560907729597,594511926.315047,2384418021.41359,594.511926315047
DOGE,2021-07-05,0.247560907729597,0.247560907729597,0.228664170318259,0.232750817255245,826519266.937099,3469458043.14717,826.519266937099
DOGE,2021-07-06,0.232750817255245,0.242454440396311,0.230720059876294,0.235227548454959,711790725.959077,3016607303.04763,711.790725959077
DOGE,2021-07-07,0.235227548454959,0.238686946375917,0.22356447138025,0.225172437175211,651120023.894127,2795967163.35185,651.120023894127
DOGE,2021-07-08,0.225172437175211,0.225404058023911,0.203934948553431,0.208104427859624,921369578.103102,4299145636.706,921.369578103102
DOGE,2021-07-09,0.208104427859624,0.230924871872162,0.196845370842372,0.220291707371654,1396456673.20865,6457809869.71581,1396.45667320865
DOGE,2021-07-10,0.220291707371654,0.228466647063848,0.211384700462334,0.215025885923417,656403224.14944,3007203984.85314,656.40322414944
DOGE,2021-07-11,0.215025885923417,0.220068551944094,0.212020274144284,0.216652087962925,362381246.196421,1682512067.57699,362.38124619642105
DOGE,2021-07-12,0.216652087962925,0.220298077417374,0.205795216280693,0.209104537710037,507135153.21852,2382836520.85581,507.13515321852
DOGE,2021-07-13,0.209104537710037,0.211072974332019,0.199283147272493,0.201108955877716,581605571.995871,2853553645.75554,581.605571995871
DOGE,2021-07-14,0.201108955877716,0.205629761773467,0.189331709246111,0.198338606670732,727515167.335501,3700086186.54719,727.5151673355009
DOGE,2021-07-15,0.198338606670732,0.201571701132893,0.182050908170683,0.186460287222839,597887859.846673,3139580342.4662,597.887859846673
DOGE,2021-07-16,0.186460287222839,0.190566459435554,0.172218559969465,0.172986704329187,655409555.275325,3626722415.59731,655.4095552753249
DOGE,2021-07-17,0.172986704329187,0.205179462352197,0.169934869281055,0.188898380285141,1309402085.23475,7065276540.91751,1309.40208523475
DOGE,2021-07-18,0.188898380285141,0.197331747634185,0.181398377239553,0.182695459486782,734042673.798791,3888998091.02896,734.042673798791
DOGE,2021-07-19,0.182695459486782,0.185312023959448,0.171574557233197,0.174677319368666,595579243.649652,3367752747.40931,595.579243649652
DOGE,2021-07-20,0.174677319368666,0.179659904619294,0.16123796130853,0.171343201333611,945947987.309695,5601591279.73103,945.947987309695
DOGE,2021-07-21,0.171343201333611,0.21394000935935,0.169311069228413,0.190831416261009,2288288131.29413,11856946310.8344,2288.28813129413
DOGE,2021-07-22,0.190831416261009,0.196708787586451,0.18690858536494,0.191446528527504,759994626.40624,3959331085.67425,759.99462640624
DOGE,2021-07-23,0.191446528527504,0.199653355837611,0.184420344616584,0.195230985909589,727972932.928915,3795355875.32903,727.972932928915
DOGE,2021-07-24,0.195230985909589,0.204586575160086,0.191727075843855,0.197596091095742,883269939.434075,4499412970.76653,883.269939434075
DOGE,2021-07-25,0.197596091095742,0.200703426058175,0.191950232476807,0.19814934286465,630640092.682509,3212092389.31484,630.6400926825089
DOGE,2021-07-26,0.19814934286465,0.232855482650765,0.197214489682159,0.203804289130172,2443117460.74469,11276383652.9451,2443.11746074469
DOGE,2021-07-27,0.203804289130172,0.209229290636229,0.195352603858187,0.205862987733732,1116145032.20032,5524571805.83659,1116.14503220032
DOGE,2021-07-28,0.205862987733732,0.213943542797369,0.202439696778531,0.205760002872058,1067232220.66791,5153656235.81568,1067.23222066791
DOGE,2021-07-29,0.205760002872058,0.206729614521212,0.201070010637019,0.204964743140551,579353875.043054,2833880498.88702,579.353875043054
DOGE,2021-07-30,0.204964743140551,0.210225069119295,0.196626939554745,0.208634741928446,757776373.323442,3708911705.70835,757.7763733234419
DOGE,2021-07-31,0.208634741928446,0.21398812218824,0.205101845379919,0.207843330295521,733286772.53914,3519216594.70286,733.28677253914
DOGE,2021-08-01,0.207843330295521,0.217871798771918,0.203077370611149,0.204480675853792,962782701.542479,4557670830.94952,962.782701542479
DOGE,2021-08-02,0.204480675853792,0.210071290316662,0.202659573883023,0.203694939029657,628164530.530862,3057915370.07809,628.164530530862
DOGE,2021-08-03,0.203694939029657,0.20537718498583,0.194548625867283,0.196832952072944,625284374.876297,3146843431.36671,625.284374876297
DOGE,2021-08-04,0.196832952072944,0.20328340381084,0.195207506650489,0.201666568880357,577469036.712097,2893001197.54383,577.469036712097
DOGE,2021-08-05,0.201666568880357,0.202870386817164,0.195392961636686,0.20112428858465,580481763.320909,2912691631.96065,580.4817633209091
DOGE,2021-08-06,0.20112428858465,0.211654255700101,0.198607500591199,0.20493412426244,746495258.46717,3667272587.8907,746.49525846717
DOGE,2021-08-07,0.20493412426244,0.262185166965013,0.203981748097808,0.261162389470834,3165309475.03285,13607543525.4995,3165.3094750328496
DOGE,2021-08-08,0.261162389470834,0.281018111673624,0.235831568569487,0.240335170151298,3919595861.453,15156346957.9786,3919.595861453
DOGE,2021-08-09,0.240335170151298,0.265868205645716,0.231373338596978,0.256174966130664,2438696919.34685,9734679606.20415,2438.69691934685
DOGE,2021-08-10,0.256174966130664,0.26235030286684,0.245736767865339,0.257135138474964,1794885916.97054,7047756911.94828,1794.88591697054
DOGE,2021-08-11,0.257135138474964,0.282226603101755,0.25648974832689,0.26499549788496,2616182441.95422,9678616273.17418,2616.18244195422
DOGE,2021-08-12,0.26499549788496,0.294038360252082,0.252942508376432,0.264180557846837,2886939071.45797,10625110167.5175,2886.93907145797
DOGE,2021-08-13,0.264180557846837,0.286715516359936,0.26236772971655,0.286663342361521,1855553968.50793,6730075744.47869,1855.55396850793
DOGE,2021-08-14,0.286663342361521,0.298194233139477,0.276826169965772,0.293990565225791,2492968580.68856,8655252723.30903,2492.96858068856
DOGE,2021-08-15,0.293990565225791,0.347967879580904,0.288074780441557,0.340472692709298,4163768225.63857,13370285339.635,4163.76822563857
DOGE,2021-08-16,0.340472692709298,0.35083145304197,0.311446955333502,0.320053572190393,3685649261.20257,11060794514.8295,3685.64926120257
DOGE,2021-08-17,0.320053572190393,0.339433899474838,0.295755178152622,0.299461943635057,3273663037.35489,10207923650.035,3273.66303735489
DOGE,2021-08-18,0.299461943635057,0.324237223331001,0.280330531188701,0.303516029973052,3372250211.2967,11173066869.4844,3372.2502112967
DOGE,2021-08-19,0.303516029973052,0.318711544713132,0.294401284641542,0.317447120205299,2086080574.2391,6837846751.76378,2086.0805742391
DOGE,2021-08-20,0.317447120205299,0.333319878138636,0.313983652976868,0.327067058782524,1866393916.04964,5781844506.8063,1866.39391604964
DOGE,2021-08-21,0.327067058782524,0.329061002478877,0.315448124591225,0.317039004237137,1424885482.65686,4420518021.6852,1424.8854826568602
DOGE,2021-08-22,0.317039004237137,0.321335629459657,0.3059535552177,0.314717709444055,1172063656.65096,3728762219.62576,1172.06365665096
DOGE,2021-08-23,0.314717709444055,0.327459088729176,0.313476243078484,0.317941726909694,1501343873.1335,4693482880.08443,1501.3438731335002
DOGE,2021-08-24,0.317941726909694,0.31934060077398,0.280471733332319,0.289180005253303,1770252262.72849,5902770554.31918,1770.2522627284902
DOGE,2021-08-25,0.289180005253303,0.296962942077352,0.280097986837791,0.292588674705406,1366281579.01929,4723008082.34056,1366.28157901929
DOGE,2021-08-26,0.292588674705406,0.295752429242609,0.26552260717791,0.268808635060514,1303712254.42546,4719104752.63936,1303.71225442546
DOGE,2021-08-27,0.268808635060514,0.295097220440395,0.266071700980552,0.294738278475172,1156864368.61804,4135180984.61242,1156.86436861804
DOGE,2021-08-28,0.294738278475172,0.29945663631496,0.283788124531725,0.28639571751528,770065382.734258,2658752831.46638,770.065382734258
DOGE,2021-08-29,0.28639571751528,0.292005848136476,0.277693310781957,0.281363149975915,762466723.2965,2695981857.72544,762.4667232964999
DOGE,2021-08-30,0.281363149975915,0.289918563063416,0.270645125548753,0.272511369589794,959949641.510941,3434626627.8088,959.949641510941
DOGE,2021-08-31,0.272511369589794,0.286015396542123,0.270677471485021,0.278738787523599,960702513.737378,3459693147.39322,960.702513737378
DOGE,2021-09-01,0.278738787523599,0.294778476931278,0.273836555425798,0.294491554462842,1093578990.46219,3849144295.02201,1093.57899046219
DOGE,2021-09-02,0.294491554462842,0.309012659578699,0.292437000767585,0.295205155050693,1732871266.15387,5756135764.7038,1732.87126615387
DOGE,2021-09-03,0.295205155050693,0.304514761707124,0.288708060060043,0.296308983682077,1266145800.68792,4267763511.04734,1266.1458006879202
DOGE,2021-09-04,0.296308983682077,0.308289470529343,0.29348719539652,0.299345776934628,1232575591.38884,4110481996.89405,1232.57559138884
DOGE,2021-09-05,0.299345776934628,0.314771990039623,0.296620830369797,0.313981390509885,1297974172.64314,4254838144.2836,1297.97417264314
DOGE,2021-09-06,0.313981390509885,0.319386098533663,0.300911512763172,0.308953372726895,1386578395.65701,4471198499.01374,1386.57839565701
DOGE,2021-09-07,0.308953372726895,0.310792936707756,0.219393432574425,0.25521351952183,2709854808.52231,10132951432.8436,2709.8548085223097
DOGE,2021-09-08,0.25521351952183,0.263325630784895,0.23480326048671,0.257709359444183,1641669691.23316,6515102742.24472,1641.66969123316
DOGE,2021-09-09,0.257709359444183,0.260154211907462,0.250267994874994,0.253658805164888,950368227.110468,3719208342.42813,950.3682271104681
DOGE,2021-09-10,0.253658805164888,0.262258621311339,0.237794571074837,0.241377746483123,957779078.911367,3859509331.71231,957.779078911367
DOGE,2021-09-11,0.241377746483123,0.249030391806657,0.239436981241204,0.242595133884518,579207508.078896,2369155634.80636,579.207508078896
DOGE,2021-09-12,0.242595133884518,0.255660487736884,0.240565188707183,0.251363932521438,751715023.427785,3042386377.58293,751.715023427785
DOGE,2021-09-13,0.251363932521438,0.252835373015022,0.231122483944427,0.23670931214258,902067527.516808,3774638808.95318,902.067527516808
DOGE,2021-09-14,0.23670931214258,0.242391513685961,0.235345913056123,0.241336084833181,531384719.4849,2225910880.09987,531.3847194849
DOGE,2021-09-15,0.241336084833181,0.248730235693763,0.240184540718039,0.248100750915324,532325379.129035,2181103938.35819,532.325379129035
DOGE,2021-09-16,0.248100750915324,0.248100750915324,0.234974224630556,0.242947249697809,645584748.033383,2661939227.92236,645.584748033383
DOGE,2021-09-17,0.242947249697809,0.259785214848363,0.238810667545422,0.240818750394482,1298438640.10799,5242587039.61073,1298.43864010799
DOGE,2021-09-18,0.240818750394482,0.247933880254827,0.23914978694785,0.242628099026802,529092813.467682,2170953348.54444,529.092813467682
DOGE,2021-09-19,0.242628099026802,0.242628099026802,0.232883127958408,0.234524041384405,458976816.011496,1924919052.46206,458.976816011496
DOGE,2021-09-20,0.234524041384405,0.234616407088928,0.201098475112668,0.208789838278537,1227424370.68476,5695108855.52157,1227.42437068476
DOGE,2021-09-21,0.208789838278537,0.219198499159196,0.199384990645273,0.202061956828374,964964672.777741,4637427537.48261,964.9646727777409
DOGE,2021-09-22,0.202061956828374,0.230819820685701,0.201405007723918,0.225931561413053,1048396271.6994,4855085650.25354,1048.3962716994
DOGE,2021-09-23,0.225931561413053,0.228122997661037,0.218844550006944,0.225953129662688,653193196.951874,2912850790.61668,653.193196951874
DOGE,2021-09-24,0.225953129662688,0.229136169101002,0.199924835682612,0.210243516540343,875307905.042824,4110629261.2187,875.307905042824
DOGE,2021-09-25,0.210243516540343,0.215485329491957,0.205903185201565,0.209685611331415,541718610.890542,2576734201.33915,541.718610890542
DOGE,2021-09-26,0.209685611331415,0.21040639939008,0.196202185673276,0.20612754840819,548603881.036734,2682964702.85001,548.603881036734
DOGE,2021-09-27,0.20612754840819,0.210266249747321,0.201280414913937,0.201280414913937,412579177.687681,2002111374.81064,412.579177687681
DOGE,2021-09-28,0.201280414913937,0.204722688605898,0.197519380163843,0.197776492655576,422505320.117705,2100372293.87727,422.50532011770497
DOGE,2021-09-29,0.197776492655576,0.206300782012667,0.196041928796645,0.199842801557525,432673923.015453,2159336536.74296,432.673923015453
DOGE,2021-09-30,0.199842801557525,0.207105447001385,0.199140419491283,0.206030290151485,412709857.046941,2030539087.73418,412.709857046941
DOGE,2021-10-01,0.206030290151485,0.225356426019638,0.203376102850674,0.22388466920064,707455832.46016,3305494577.10051,707.45583246016
DOGE,2021-10-02,0.22388466920064,0.22609265877216,0.216743152953096,0.220278415054276,600420972.743144,2707547043.25792,600.420972743144
DOGE,2021-10-03,0.220278415054276,0.226832198582387,0.217398905454739,0.222986304945965,557785245.632005,2511867631.39783,557.785245632005
DOGE,2021-10-04,0.222986304945965,0.248671970668929,0.214030685445616,0.242213779853365,1989678595.50846,8618016606.10086,1989.6785955084601
DOGE,2021-10-05,0.242213779853365,0.267103404417803,0.233771881416108,0.252216063428804,2505018912.87627,9991094451.82296,2505.01891287627
DOGE,2021-10-06,0.252216063428804,0.2710588443125,0.243431475965283,0.254937084063615,2451897075.38619,9623033406.52326,2451.89707538619
DOGE,2021-10-07,0.254937084063615,0.256766885502418,0.23845162484462,0.243167378226851,1635986594.21353,6647660221.4787,1635.98659421353
DOGE,2021-10-08,0.243167378226851,0.25507965949092,0.241899570337543,0.24433609123188,1099654681.79138,4450382958.0746,1099.65468179138
DOGE,2021-10-09,0.24433609123188,0.252443086020176,0.242121886335245,0.247234268518231,828556269.478698,3347494566.04438,828.556269478698
DOGE,2021-10-10,0.247234268518231,0.249189506268086,0.228873055734674,0.230269589285871,743541396.524951,3078344690.1836,743.541396524951
DOGE,2021-10-11,0.230269589285871,0.239812977273832,0.226760978402372,0.232321149595312,762656369.631465,3259796006.20668,762.6563696314649
DOGE,2021-10-12,0.232321149595312,0.232420957637238,0.217629420936137,0.226684209230528,1116610109.34105,4995324364.0408,1116.61010934105
DOGE,2021-10-13,0.226684209230528,0.23452850923169,0.221739845147305,0.232927939279502,750774563.890979,3299658193.12924,750.774563890979
DOGE,2021-10-14,0.232927939279502,0.239809575460423,0.232199626226587,0.233051690094287,735032744.784282,3112920276.43895,735.0327447842819
DOGE,2021-10-15,0.233051690094287,0.243490442057515,0.225733474613968,0.23460218521456,1034806242.46322,4434971214.90936,1034.80624246322
DOGE,2021-10-16,0.23460218521456,0.245000392739685,0.234482855197943,0.237735850165148,841480651.946054,3510650750.39212,841.480651946054
DOGE,2021-10-17,0.237735850165148,0.242098975753784,0.22827090241074,0.238340905246973,789418474.649114,3335081727.64106,789.418474649114
DOGE,2021-10-18,0.238340905246973,0.271958522211105,0.237826284085257,0.247657946782812,2981515194.87924,11646941519.5689,2981.51519487924
DOGE,2021-10-19,0.247657946782812,0.25506049277257,0.241320970942691,0.246154203924617,1026280822.16144,4158879886.45024,1026.28082216144
DOGE,2021-10-20,0.246154203924617,0.261723627604817,0.243136596769168,0.255072214650059,1122147210.96268,4455153906.37083,1122.14721096268
DOGE,2021-10-21,0.255072214650059,0.258063481287216,0.242808673192991,0.243119756217287,1100671173.75605,4394075460.24832,1100.6711737560502
DOGE,2021-10-22,0.243119756217287,0.252822610860752,0.236699136453927,0.244722715875612,1232911578.92856,5023007321.98142,1232.91157892856
DOGE,2021-10-23,0.244722715875612,0.253587854984986,0.242193857013512,0.251664072359204,1018764270.01104,4107390639.93963,1018.76427001104
DOGE,2021-10-24,0.251664072359204,0.282273628045181,0.246438462069875,0.276288723585799,3284770362.25035,12567283374.0693,3284.77036225035
DOGE,2021-10-25,0.276288723585799,0.280418616192128,0.260241860710403,0.265308180454096,2285905688.3431,8527573878.93489,2285.9056883431
DOGE,2021-10-26,0.265308180454096,0.273927204001575,0.253659709558237,0.256269665621487,1955836390.89494,7345645922.67751,1955.83639089494
DOGE,2021-10-27,0.256269665621487,0.26377082881163,0.223811096660851,0.238237923497816,2887948844.76108,11800519787.1813,2887.9488447610797
DOGE,2021-10-28,0.238237923497816,0.339519009980365,0.234037845100945,0.300227533409605,11690989445.5781,38766721415.4128,11690.9894455781
DOGE,2021-10-29,0.300227533409605,0.305997831939334,0.280326555860091,0.288240916948714,4035609759.99106,13841648912.9398,4035.60975999106
DOGE,2021-10-30,0.288240916948714,0.293951676120779,0.259598518210708,0.268879769558387,2631055419.4733,9436474294.7183,2631.0554194733
DOGE,2021-10-31,0.268879769558387,0.284605416758624,0.253318702997857,0.280418594611545,2938276592.39192,10917880777.7621,2938.27659239192
DOGE,2021-11-01,0.280418594611545,0.285551714335466,0.264477003611114,0.271883279840668,2051942534.0953,7522006384.47826,2051.9425340953
DOGE,2021-11-02,0.271883279840668,0.280406257302796,0.267667626767213,0.27349405359105,1669753630.93059,6102214333.75971,1669.75363093059
DOGE,2021-11-03,0.27349405359105,0.277285281859151,0.263863530712913,0.269327915637005,1578543325.66606,5833524608.25994,1578.54332566606
DOGE,2021-11-04,0.269327915637005,0.270668069269647,0.255421587450075,0.26387682897678,1213579740.49433,4613205865.07953,1213.5797404943298
DOGE,2021-11-05,0.26387682897678,0.270758180849157,0.258110089077325,0.261667980867244,1115900758.15914,4253852137.71502,1115.9007581591402
DOGE,2021-11-06,0.261667980867244,0.267892157635427,0.252485761945959,0.262281505632839,1122350643.02433,4312270857.1368,1122.3506430243299
DOGE,2021-11-07,0.262281505632839,0.270011318044917,0.259235303334851,0.266678707523033,952787022.747829,3603559856.9382,952.7870227478289
DOGE,2021-11-08,0.266678707523033,0.296587498313344,0.26513475158248,0.282320777296368,2819773852.78606,10040072316.9989,2819.7738527860597
DOGE,2021-11-09,0.282320777296368,0.290007107301255,0.273096625615357,0.273813377839348,1652698581.17472,5908611769.4579,1652.69858117472
DOGE,2021-11-10,0.273813377839348,0.277258796154831,0.241859687392571,0.256468883072294,1873661681.29358,7058105913.73403,1873.6616812935802
DOGE,2021-11-11,0.256468883072294,0.270619978739735,0.254088193343011,0.261380783637378,1237647551.25019,4723845262.93865,1237.64755125019
DOGE,2021-11-12,0.261380783637378,0.268082732837459,0.250788210834049,0.260373751575424,1174733962.24377,4537332198.70223,1174.7339622437698
DOGE,2021-11-13,0.260373751575424,0.262445013777509,0.25509714254037,0.261908106893663,1050557168.13703,4051776234.02925,1050.55716813703
DOGE,2021-11-14,0.261908106893663,0.271317946179491,0.2608399926397,0.263210478448619,1224053492.75098,4645654883.70669,1224.05349275098
DOGE,2021-11-15,0.263210478448619,0.265768376937982,0.25674213850912,0.257534516582369,750814785.91665,2871028430.65822,750.8147859166501
DOGE,2021-11-16,0.257534516582369,0.257534516582369,0.228069033008346,0.237907153125995,1226708456.91709,5060253379.4815,1226.70845691709
DOGE,2021-11-17,0.237907153125995,0.24370351895588,0.23085835359041,0.238524565680643,843650173.995952,3559600067.75051,843.6501739959521
DOGE,2021-11-18,0.238524565680643,0.241823358572647,0.218662866641904,0.22313761999634,986010379.185198,4289776700.58721,986.010379185198
DOGE,2021-11-19,0.22313761999634,0.237521202627936,0.217476254072343,0.233782960105508,909068894.42927,3980271971.14278,909.06889442927
DOGE,2021-11-20,0.233782960105508,0.23772874863691,0.226546178482811,0.233990606855158,661763049.57917,2845471786.25249,661.76304957917
DOGE,2021-11-21,0.233990606855158,0.234251212322258,0.225283399062315,0.227404281136681,668849640.018362,2906533075.85595,668.849640018362
DOGE,2021-11-22,0.227404281136681,0.227525354786148,0.218193410168924,0.220596369556787,786806663.159201,3530611994.60024,786.806663159201
DOGE,2021-11-23,0.220596369556787,0.236068451664941,0.215447389184445,0.22730561263167,1234879585.74402,5452887968.86468,1234.87958574402
DOGE,2021-11-24,0.22730561263167,0.231242836847241,0.211054140127747,0.218567255879501,881347880.4268,4003152116.96476,881.3478804268
DOGE,2021-11-25,0.218567255879501,0.230084997725912,0.215898486073014,0.222159456758027,852378636.555926,3842153662.90311,852.3786365559259
DOGE,2021-11-26,0.222159456758027,0.222571784540076,0.192623944102858,0.20229491080236,1465993384.70337,7123093986.50047,1465.99338470337
DOGE,2021-11-27,0.20229491080236,0.210443560289014,0.202072690680571,0.206160364853889,966797735.842778,4672680244.53194,966.7977358427779
DOGE,2021-11-28,0.206160364853889,0.208530151805269,0.193403708929219,0.208530151805269,989912553.704444,4919531853.95003,989.912553704444
DOGE,2021-11-29,0.208530151805269,0.224102290260815,0.20360649630482,0.215666239278565,1380270225.25316,6450532196.5437,1380.27022525316
DOGE,2021-11-30,0.215666239278565,0.227362993908769,0.213818715478881,0.215354882665138,1212048821.79566,5504339338.70819,1212.04882179566
DOGE,2021-12-01,0.215354882665138,0.219487214761008,0.207197138737908,0.21049936622449,674537486.233467,3142429728.16432,674.537486233467
DOGE,2021-12-02,0.21049936622449,0.223511364704303,0.203282233146615,0.210352820996796,1416421143.59927,6640555678.43776,1416.4211435992702
DOGE,2021-12-03,0.210352820996796,0.212573698323828,0.193639099470213,0.201115924610714,945684453.914539,4595192775.01932,945.684453914539
DOGE,2021-12-04,0.201115924610714,0.201386902714395,0.135103061831587,0.179651704721396,1973365795.98578,11706625502.0045,1973.36579598578
DOGE,2021-12-05,0.179651704721396,0.182010295727526,0.164353674619162,0.172240419509772,897201481.112612,5150743157.93564,897.201481112612
DOGE,2021-12-06,0.172240419509772,0.181217631767476,0.161036102438117,0.178963264906388,1121516201.6183,6568617478.12166,1121.5162016182999
DOGE,2021-12-07,0.178963264906388,0.184500516414828,0.176255005786469,0.17723432318614,809495301.023783,4485135602.46355,809.495301023783
DOGE,2021-12-08,0.17723432318614,0.186538013758298,0.173593358933303,0.179977528245296,736044653.616308,4107226472.74722,736.044653616308
DOGE,2021-12-09,0.179977528245296,0.18501535217593,0.170216290197903,0.170276976833555,680533110.047939,3845808944.52455,680.533110047939
DOGE,2021-12-10,0.170276976833555,0.175409275305074,0.165182886260017,0.165189583885822,570474526.059376,3354664137.53542,570.474526059376
DOGE,2021-12-11,0.165189583885822,0.17414446316104,0.162704010676635,0.169486454522465,547491555.033566,3265321878.31355,547.491555033566
DOGE,2021-12-12,0.169486454522465,0.17395919232937,0.16656670755161,0.170358107849716,451632278.734353,2658803839.16403,451.632278734353
DOGE,2021-12-13,0.170358107849716,0.171166720097095,0.152812216638264,0.15824875703344,654201529.580196,4051574218.86119,654.201529580196
DOGE,2021-12-14,0.15824875703344,0.21983264152627,0.155892124428171,0.191353579274764,3389365101.55518,17687444856.9281,3389.36510155518
DOGE,2021-12-15,0.191353579274764,0.191353579274764,0.171598678056517,0.182046776139981,1513786183.78363,8386433578.76124,1513.78618378363
DOGE,2021-12-16,0.182046776139981,0.185482641816732,0.173498516295844,0.174225300582556,811848696.334255,4520156480.52076,811.848696334255
DOGE,2021-12-17,0.174225300582556,0.176936627954923,0.162426668790464,0.169326126568838,1399587551.79801,8180212379.95871,1399.58755179801
DOGE,2021-12-18,0.169326126568838,0.175421759815026,0.166649999843073,0.17296960567143,566825382.800981,3315718002.36512,566.8253828009811
DOGE,2021-12-19,0.17296960567143,0.17508297097826,0.17004823193222,0.170346257273062,341873541.308242,1982429501.69735,341.873541308242
DOGE,2021-12-20,0.170346257273062,0.171406805386598,0.161972450627729,0.167824786052271,829497665.889162,4994780185.17089,829.4976658891619
DOGE,2021-12-21,0.167824786052271,0.172631351453461,0.16622088769577,0.171615150842177,637583798.542455,3745659075.62871,637.5837985424549
DOGE,2021-12-22,0.171615150842177,0.179799523729399,0.170211094746062,0.17367733251122,695551894.280973,3980773529.29662,695.551894280973
DOGE,2021-12-23,0.17367733251122,0.185061663093369,0.171919354109597,0.185061663093369,872587747.832649,4876181026.13075,872.587747832649
DOGE,2021-12-24,0.185061663093369,0.195685071379309,0.180254494810957,0.186852454048329,1087761714.89062,5809355531.15466,1087.76171489062
DOGE,2021-12-25,0.186852454048329,0.194914956045598,0.185567279793344,0.191245636328239,884111085.311244,4641133248.4514,884.111085311244
DOGE,2021-12-26,0.191245636328239,0.192816947517856,0.186084334148888,0.190072516988687,722861434.883563,3817377211.46843,722.861434883563
DOGE,2021-12-27,0.190072516988687,0.194242512520126,0.187711046638662,0.188180584706719,722294255.070313,3787682085.70084,722.2942550703129
DOGE,2021-12-28,0.188180584706719,0.188180584706719,0.172971007718829,0.174445136644627,862411685.167608,4811280490.45996,862.411685167608
DOGE,2021-12-29,0.174445136644627,0.177612971494214,0.167224812430177,0.168324328115342,820058078.382899,4734184614.54956,820.058078382899
DOGE,2021-12-30,0.168324328115342,0.175902065681269,0.165935920736723,0.171472301618197,685386643.198408,3992022113.73369,685.386643198408
DOGE,2021-12-31,0.171472301618197,0.17586345606423,0.166537500049457,0.17055129331699,700093011.347008,4073392936.08874,700.093011347008
DOGE,2022-01-01,0.17055129331699,0.173874883489833,0.169151340442438,0.173302445385923,567044450.435712,3295850241.37765,567.044450435712
DOGE,2022-01-02,0.173302445385923,0.176434724160843,0.170960902093765,0.174516022450748,658603172.63552,3792349745.8734,658.60317263552
DOGE,2022-01-03,0.174516022450748,0.174516022450748,0.167960566524388,0.170597474059916,551409247.779276,3214470926.64567,551.409247779276
DOGE,2022-01-04,0.170597474059916,0.172761298530309,0.167403418849728,0.168668361762105,564492537.748999,3313154629.7747,564.492537748999
DOGE,2022-01-05,0.168668361762105,0.171497677831159,0.14925525808907,0.159332545393618,862322986.533409,5219632555.63461,862.322986533409
DOGE,2022-01-06,0.159332545393618,0.162233509798153,0.154455487305262,0.16038050572389,712276736.35138,4509640867.28658,712.27673635138
DOGE,2022-01-07,0.16038050572389,0.160488014171693,0.150089627652282,0.15526994661039,790238829.298269,5108262908.89209,790.238829298269
DOGE,2022-01-08,0.15526994661039,0.158929213671688,0.146392125028795,0.15140863776434,577621377.527399,3765247131.91047,577.621377527399
DOGE,2022-01-09,0.15140863776434,0.154147825754489,0.149345020043361,0.150845680939911,417534093.228667,2749115047.50805,417.534093228667
DOGE,2022-01-10,0.150845680939911,0.152636510462414,0.138527041771631,0.143499045844625,553385713.699384,3796985166.13885,553.3857136993839
DOGE,2022-01-11,0.143499045844625,0.166559458035748,0.142361108257405,0.154149077680009,1047857502.57835,6833872247.78232,1047.85750257835
DOGE,2022-01-12,0.154149077680009,0.163614506953691,0.151922888128054,0.163122986641087,596544214.940554,3779990941.27251,596.5442149405541
DOGE,2022-01-13,0.163122986641087,0.176395626043256,0.161797879332764,0.172054327067999,1468411786.85449,8670502055.04086,1468.41178685449
DOGE,2022-01-14,0.172054327067999,0.208467198562264,0.171088535463078,0.183332003605401,3474282277.53729,18162857070.6149,3474.28227753729
DOGE,2022-01-15,0.183332003605401,0.194816631536282,0.182095930287003,0.184977858624228,1181477382.93359,6252212494.89074,1181.47738293359
DOGE,2022-01-16,0.184977858624228,0.184977858624228,0.174391458382885,0.17699281640321,750833981.171392,4179915636.13689,750.833981171392
DOGE,2022-01-17,0.17699281640321,0.178386695731589,0.166397821350131,0.17140104493842,757526161.81105,4433784668.83169,757.5261618110501
DOGE,2022-01-18,0.17140104493842,0.174280962770276,0.16218669901849,0.165425238561461,678254866.054296,4065855323.17977,678.254866054296
DOGE,2022-01-19,0.165425238561461,0.169652931835111,0.159745712721869,0.161978769011766,616057868.509824,3750525997.63083,616.0578685098241
DOGE,2022-01-20,0.161978769011766,0.169377236686922,0.154778512204084,0.155741470775831,558775752.896492,3424958799.0068,558.775752896492
DOGE,2022-01-21,0.155741470775831,0.157757993391175,0.140787899926262,0.142750496869325,783543570.518733,5210610021.83035,783.5435705187331
DOGE,2022-01-22,0.142750496869325,0.145613036693452,0.121679414152496,0.133627192160982,1136946945.13931,8575823823.80605,1136.94694513931
DOGE,2022-01-23,0.133627192160982,0.144379020748173,0.132715718993388,0.142039223633119,972909962.739721,7011040178.28136,972.909962739721
DOGE,2022-01-24,0.142039223633119,0.142108364720321,0.126924559457423,0.137702801432576,917713015.833032,6858031314.42379,917.713015833032
DOGE,2022-01-25,0.137702801432576,0.148677374835368,0.133037547658749,0.143067378643891,1124798954.05546,8047635380.85149,1124.79895405546
DOGE,2022-01-26,0.143067378643891,0.153368204923646,0.141584093062383,0.143552481904295,835301216.445667,5666873046.30053,835.301216445667
DOGE,2022-01-27,0.143552481904295,0.145800533290259,0.13698824892019,0.141864354087133,468007945.362665,3306777126.20825,468.007945362665
DOGE,2022-01-28,0.141864354087133,0.142846131809799,0.137672714299536,0.141922054624824,298288340.522889,2120536431.62664,298.28834052288903
DOGE,2022-01-29,0.141922054624824,0.144877868850044,0.141103370108824,0.143413967307249,322124410.737384,2254469103.02881,322.12441073738404
DOGE,2022-01-30,0.143413967307249,0.145129971370221,0.138836759504388,0.139773157564785,233125448.794605,1643994828.05189,233.12544879460498
DOGE,2022-01-31,0.139773157564785,0.143349588040645,0.13702484524005,0.141996226904387,508746542.473606,3654140794.15457,508.746542473606
DOGE,2022-02-01,0.141996226904387,0.145600875282021,0.141119953927053,0.142758728191027,346876674.324099,2428691515.21582,346.876674324099
DOGE,2022-02-02,0.142758728191027,0.146499205589849,0.136778770207162,0.13749308715314,414054856.577307,2924593589.92711,414.05485657730696
DOGE,2022-02-03,0.13749308715314,0.139285124154992,0.135271748460892,0.138125561230587,394044390.583147,2866193950.71909,394.044390583147
DOGE,2022-02-04,0.138125561230587,0.148349785124591,0.137399178947901,0.148002823562606,432484337.336669,3044809923.74104,432.484337336669
DOGE,2022-02-05,0.148002823562606,0.150780409069456,0.1454886787025,0.1474733401599,486888472.174235,3273001364.70694,486.888472174235
DOGE,2022-02-06,0.1474733401599,0.15577488150554,0.145514327969662,0.154413698014118,475975032.790837,3167311836.50307,475.97503279083696
DOGE,2022-02-07,0.154413698014118,0.17260646419223,0.152051869709382,0.165719358947397,1126785990.42244,6942296448.55817,1126.7859904224401
DOGE,2022-02-08,0.165719358947397,0.170086472675475,0.153988097915272,0.158662266909235,790617222.742021,4906540279.43474,790.617222742021
DOGE,2022-02-09,0.158662266909235,0.162345442685934,0.155045736902878,0.159769693212308,620623188.275811,3906856568.75914,620.623188275811
DOGE,2022-02-10,0.159769693212308,0.160854348805824,0.151294987440571,0.152120069040487,612876460.523098,3913842626.54183,612.876460523098
DOGE,2022-02-11,0.152120069040487,0.154538423770353,0.143123663744095,0.145259542646812,518774371.991515,3456224156.14624,518.774371991515
DOGE,2022-02-12,0.145259542646812,0.147581498783888,0.141176894258799,0.14462436455752,436917542.020682,3032166420.99207,436.917542020682
DOGE,2022-02-13,0.14462436455752,0.157934206652786,0.144106062539363,0.148473588782028,940958676.529832,6184593030.18258,940.958676529832
DOGE,2022-02-14,0.148473588782028,0.150542349362327,0.143565957849989,0.146174085153054,550577166.593776,3764171828.40488,550.577166593776
DOGE,2022-02-15,0.146174085153054,0.152665011379,0.145265105581199,0.151973033114599,459642421.523507,3068716297.54807,459.642421523507
DOGE,2022-02-16,0.151973033114599,0.151973033114599,0.14686508043545,0.14919734339337,354180772.610886,2371025644.49232,354.180772610886
DOGE,2022-02-17,0.14919734339337,0.150543465821227,0.137801136103747,0.138832292125962,497783025.720788,3444383827.35393,497.783025720788
DOGE,2022-02-18,0.138832292125962,0.144092915640985,0.136857178555319,0.13903256815237,337720346.183116,2413520378.33762,337.720346183116
DOGE,2022-02-19,0.13903256815237,0.14662043245057,0.138979743684327,0.141494711681074,383099966.109224,2690811774.04857,383.099966109224
DOGE,2022-02-20,0.141494711681074,0.141540581643061,0.136057547528062,0.136997419556208,307742859.139123,2234172444.87793,307.742859139123
DOGE,2022-02-21,0.136997419556208,0.141943854741504,0.127761120183839,0.128595196608518,564507379.008225,4142809702.07303,564.5073790082249
DOGE,2022-02-22,0.128595196608518,0.132144157235621,0.124922232876564,0.131791238187855,402778771.390094,3121738521.68617,402.778771390094
DOGE,2022-02-23,0.131791238187855,0.135889897898667,0.12782340867788,0.12782340867788,392333181.002047,2966074593.23014,392.333181002047
DOGE,2022-02-24,0.12782340867788,0.127928388427676,0.10853607753757,0.124288197346179,901644797.89058,7707690923.83795,901.6447978905801
DOGE,2022-02-25,0.124288197346179,0.128642713157481,0.121221127092678,0.12814246950365,386710218.273609,3095701856.87416,386.710218273609
DOGE,2022-02-26,0.12814246950365,0.130594812441677,0.126323257639155,0.128092028021258,300240497.736389,2340251508.10364,300.240497736389
DOGE,2022-02-27,0.128092028021258,0.129975560429055,0.12171008925082,0.124256859555655,681485751.315565,5428051357.0598,681.485751315565
DOGE,2022-02-28,0.124256859555655,0.134664987913975,0.121878583567837,0.133616851651425,426719991.265047,3358721497.6687,426.719991265047
DOGE,2022-03-01,0.133616851651425,0.138627464972326,0.130280029807305,0.134193792461381,412081945.733631,3083156307.99792,412.081945733631
DOGE,2022-03-02,0.134193792461381,0.136931823257937,0.131125159937601,0.133403277753981,306461413.537633,2287366502.64166,306.461413537633
DOGE,2022-03-03,0.133403277753981,0.134477472811188,0.127951740107293,0.129899167374581,268235397.904562,2045192975.23899,268.235397904562
DOGE,2022-03-04,0.129899167374581,0.130137709377135,0.120899780190211,0.123036124935589,336467983.490136,2669664304.91834,336.467983490136
DOGE,2022-03-05,0.123036124935589,0.128504898508064,0.121813531123822,0.125015421052454,151212326.496225,1222598179.03521,151.212326496225
DOGE,2022-03-06,0.125015421052454,0.125505717759749,0.119917092539805,0.120648219034169,117993309.917061,961478769.208573,117.993309917061
DOGE,2022-03-07,0.120648219034169,0.122574229988283,0.114132795020265,0.117033752812186,216504197.36497,1829619123.03449,216.50419736497
DOGE,2022-03-08,0.117033752812186,0.124200711178893,0.115656746698929,0.11729029781978,392048765.629488,3317741407.84114,392.048765629488
DOGE,2022-03-09,0.11729029781978,0.125163712706166,0.1169698998457,0.121698567411598,375271709.33403,3079934217.41032,375.27170933403
DOGE,2022-03-10,0.121698567411598,0.12204892413695,0.115437759644898,0.117156862662033,402072629.331886,3423079733.84752,402.072629331886
DOGE,2022-03-11,0.117156862662033,0.119298603214684,0.114420533474128,0.115632564457548,322356334.018501,2771075506.28019,322.356334018501
DOGE,2022-03-12,0.115632564457548,0.117944943499955,0.114973636231898,0.114973636231898,189872141.57785,1629579066.79095,189.87214157785002
DOGE,2022-03-13,0.114973636231898,0.118163166086622,0.110722714579696,0.111889091401124,253433971.470686,2216423781.46526,253.43397147068598
DOGE,2022-03-14,0.111889091401124,0.120039521800547,0.110911410299309,0.114144462929277,433499252.294129,3776344820.63802,433.499252294129
DOGE,2022-03-15,0.114144462929277,0.11491899772597,0.110748380159339,0.112788911147299,245648858.893001,2180268173.41705,245.64885889300098
DOGE,2022-03-16,0.112788911147299,0.117225526544127,0.112512684213048,0.117222853378195,240219056.818481,2095970613.1795,240.219056818481
DOGE,2022-03-17,0.117222853378195,0.119340577338235,0.116522923266392,0.116991052539033,192027638.427185,1634242098.48389,192.027638427185
DOGE,2022-03-18,0.116991052539033,0.119698695391935,0.114673984307258,0.119409232123542,208935940.196335,1791157374.672,208.935940196335
DOGE,2022-03-19,0.119409232123542,0.12485730805083,0.118600278058976,0.12360584154168,330331542.45302,2707044823.62246,330.33154245301995
DOGE,2022-03-20,0.12360584154168,0.124088574982908,0.117825627834239,0.119420433810516,234956720.210233,1948017831.18599,234.95672021023302
DOGE,2022-03-21,0.119420433810516,0.123318038613209,0.118208439681133,0.119667851584449,213190988.635186,1778764200.38298,213.190988635186
DOGE,2022-03-22,0.119667851584449,0.125819186844016,0.119098788105618,0.122921572689274,288562778.095226,2339953777.35058,288.562778095226
DOGE,2022-03-23,0.122921572689274,0.130960959853393,0.121591844865075,0.129872470585184,525254653.177719,4151542620.41348,525.254653177719
DOGE,2022-03-24,0.129872470585184,0.140830411859628,0.128137215953954,0.136755406274338,1041437248.09718,7656922808.35889,1041.43724809718
DOGE,2022-03-25,0.136755406274338,0.137282466172554,0.127940394866891,0.130839314022125,565212431.275685,4230619448.89395,565.2124312756849
DOGE,2022-03-26,0.130839314022125,0.136700219520548,0.12931278155117,0.135941226149233,504472768.09748,3777248161.29868,504.47276809748
DOGE,2022-03-27,0.135941226149233,0.144945401369999,0.135507851591076,0.144511860642974,975288886.655906,6938856166.86131,975.2888866559059
DOGE,2022-03-28,0.144511860642974,0.153040966434509,0.141292865853602,0.142256202662632,1004996146.27608,6762181111.64148,1004.99614627608
DOGE,2022-03-29,0.142256202662632,0.148693549015563,0.140909354193795,0.144424067009468,654536705.587023,4509257215.6091,654.536705587023
DOGE,2022-03-30,0.144424067009468,0.14519047397293,0.138657602287446,0.143075522358967,1191960105.06273,8347555882.03382,1191.96010506273
DOGE,2022-03-31,0.143075522358967,0.147709939577017,0.136606788104737,0.138158109380915,906241211.608943,6345303372.09754,906.241211608943
DOGE,2022-04-01,0.138158109380915,0.142554437287303,0.13284160377183,0.141326050427994,559510200.025427,4063612611.46878,559.510200025427
DOGE,2022-04-02,0.141326050427994,0.144171108916562,0.138581202312393,0.138832124663864,465082820.790824,3279494564.21186,465.082820790824
DOGE,2022-04-03,0.138832124663864,0.149332327978247,0.136573184950751,0.14642837150203,745204814.847621,5167417282.81161,745.2048148476209
DOGE,2022-04-04,0.14642837150203,0.156177349699074,0.141769434919003,0.148642512855398,1548756992.2873,10478677127.4089,1548.7569922873001
DOGE,2022-04-05,0.148642512855398,0.178688182498522,0.147587209972784,0.172733005374916,3324388758.67233,20485633717.2199,3324.38875867233
DOGE,2022-04-06,0.172733005374916,0.174008267209094,0.142810983420225,0.143459493341923,2597967147.12525,16694406398.0853,2597.96714712525
DOGE,2022-04-07,0.143459493341923,0.148705252720662,0.140344483723176,0.146217622474232,978801279.837432,6768997480.86468,978.801279837432
DOGE,2022-04-08,0.146217622474232,0.156530684049984,0.141184762162483,0.142936121569641,1130676693.28965,7650536869.49685,1130.67669328965
DOGE,2022-04-09,0.142936121569641,0.14727994630257,0.141010896745144,0.144390318127249,513599465.05209,3585329564.13582,513.59946505209
DOGE,2022-04-10,0.144390318127249,0.157711846754976,0.14390076931653,0.14812708842187,1433610338.68733,9449425002.84013,1433.61033868733
DOGE,2022-04-11,0.14812708842187,0.151495788429942,0.133489755086642,0.13450688556735,1071164713.16007,7514976760.27578,1071.16471316007
DOGE,2022-04-12,0.13450688556735,0.144544368182433,0.133735688778721,0.13825849091996,804036083.449208,5797287130.06256,804.036083449208
DOGE,2022-04-13,0.13825849091996,0.143094986192103,0.136870245497783,0.140176693834171,639875665.892088,4566893744.03968,639.875665892088
DOGE,2022-04-14,0.140176693834171,0.146987805724237,0.137804120439803,0.144218026089019,1146680398.38083,8037009112.22759,1146.68039838083
DOGE,2022-04-15,0.144218026089019,0.150979870408865,0.142323739398133,0.146192964603904,860500762.5009,5889317277.67768,860.5007625009
DOGE,2022-04-16,0.146192964603904,0.148944939731955,0.14215873932772,0.143817157956376,483573779.218221,3336445431.73958,483.57377921822103
DOGE,2022-04-17,0.143817157956376,0.147158268075936,0.138848118608753,0.139579185466619,509834058.642484,3562768599.72907,509.834058642484
DOGE,2022-04-18,0.139579185466619,0.141923425186194,0.134215282599256,0.140356215092679,648407056.114665,4724755487.82892,648.407056114665
DOGE,2022-04-19,0.140356215092679,0.145630749541996,0.139362047948473,0.142671811861228,510576621.586913,3610162290.32303,510.576621586913
DOGE,2022-04-20,0.142671811861228,0.147499190313121,0.139415713526503,0.140826935930976,733553141.050599,5119858083.04562,733.5531410505989
DOGE,2022-04-21,0.140826935930976,0.142806646963527,0.134847526130442,0.136438750076806,553955958.695329,3965217043.90624,553.955958695329
DOGE,2022-04-22,0.136438750076806,0.14235015114163,0.134979921798882,0.136421769086702,364599527.077646,2670829901.08787,364.59952707764603
DOGE,2022-04-23,0.136421769086702,0.139760083420834,0.133575398145395,0.133940875733824,224008751.192407,1657265956.28196,224.008751192407
DOGE,2022-04-24,0.133940875733824,0.134821574018439,0.131328169447845,0.131960090897499,279327157.633898,2097980918.75636,279.327157633898
DOGE,2022-04-25,0.131960090897499,0.16925355830112,0.123330256995406,0.158226374041502,3040228966.87748,20488912204.46,3040.22896687748
DOGE,2022-04-26,0.158226374041502,0.16688266298942,0.13622858272295,0.137792708258896,2877929125.10164,18846705578.8597,2877.9291251016402
DOGE,2022-04-27,0.137792708258896,0.145518839276695,0.135339685777217,0.139980257157936,1146905789.66223,8172625793.2555,1146.90578966223
DOGE,2022-04-28,0.139980257157936,0.143055436907437,0.135567619347541,0.137647166122275,731214129.576638,5252966040.58591,731.214129576638
DOGE,2022-04-29,0.137647166122275,0.144914683379038,0.133677658208148,0.135133673195404,973091340.418205,7016757554.3048,973.091340418205
DOGE,2022-04-30,0.135133673195404,0.136885987897029,0.124995093384913,0.127807124174006,587016959.312016,4448006398.94586,587.016959312016
DOGE,2022-05-01,0.127807124174006,0.135885041079246,0.126624094569927,0.132824671253329,617528586.685882,4695260348.87777,617.5285866858819
DOGE,2022-05-02,0.132824671253329,0.133996741343169,0.127991817256,0.130930373929335,507426422.600324,3864732336.09511,507.426422600324
DOGE,2022-05-03,0.130930373929335,0.132766435886703,0.12707641071888,0.129723342532863,354274607.62381,2721689298.23142,354.27460762380997
DOGE,2022-05-04,0.129723342532863,0.136233119442758,0.12937310586089,0.136217111646659,540773526.395272,4087483807.24706,540.773526395272
DOGE,2022-05-05,0.136217111646659,0.138346651352577,0.126792673680495,0.128414710620091,777922382.13035,5919362162.0891,777.92238213035
DOGE,2022-05-06,0.128414710620091,0.131848740585044,0.124014050602103,0.127916558508981,621387488.813791,4876454383.44127,621.387488813791
DOGE,2022-05-07,0.127916558508981,0.13244141157772,0.125383108609794,0.127757827187583,485566203.913141,3779929211.54408,485.566203913141
DOGE,2022-05-08,0.127757827187583,0.128403734766395,0.123735593748171,0.124367351610155,474383071.554858,3773886382.09742,474.383071554858
DOGE,2022-05-09,0.124367351610155,0.125367722526649,0.102232986995929,0.102546217077302,867275916.939157,7599431217.49915,867.275916939157
DOGE,2022-05-10,0.102546217077302,0.118242399035837,0.10021034723652,0.108228445846334,1069407143.85755,9682929344.85147,1069.40714385755
DOGE,2022-05-11,0.108228445846334,0.110963461222326,0.0739475717733833,0.0850168083499857,1510804473.5309,16087792978.7882,1510.8044735309
DOGE,2022-05-12,0.0850168083499857,0.089270124584477,0.0664358879297462,0.082584749566047,1290798329.83159,16329549424.2751,1290.7983298315899
DOGE,2022-05-13,0.082584749566047,0.094982393410681,0.0825556230443571,0.0884658167902467,815209620.025706,8981326909.19788,815.209620025706
DOGE,2022-05-14,0.0884658167902467,0.0921848191632325,0.084159681898051,0.0897879641994162,430259828.220165,4861552337.64556,430.259828220165
DOGE,2022-05-15,0.0897879641994162,0.0932084742479145,0.0869316278319464,0.0932084742479145,319649838.701373,3574058166.06062,319.64983870137297
DOGE,2022-05-16,0.0932084742479145,0.0932084742479145,0.0862055407704539,0.0879688604932715,340724210.363728,3854780818.66529,340.724210363728
DOGE,2022-05-17,0.0879688604932715,0.0912572266102568,0.0871521577215881,0.0902476601474359,352874418.788515,3940453491.1202,352.87441878851496
DOGE,2022-05-18,0.0902476601474359,0.0908836737093949,0.0832529691702491,0.0833076356304242,308244212.138121,3540080797.10427,308.244212138121
DOGE,2022-05-19,0.0833076356304242,0.0873338293563145,0.0816617433136562,0.086656964817261,313567758.697974,3681716932.10375,313.567758697974
DOGE,2022-05-20,0.086656964817261,0.0878591186302598,0.0827471569383163,0.0839486717170383,266242301.693046,3118018864.92822,266.242301693046
DOGE,2022-05-21,0.0839486717170383,0.0853395192627945,0.0826229922363434,0.0844520717199277,169558414.416623,2012806024.70461,169.558414416623
DOGE,2022-05-22,0.0844520717199277,0.086600402533115,0.0839021260044971,0.0858833559620586,262560634.289537,3074977939.60864,262.560634289537
DOGE,2022-05-23,0.0858833559620586,0.0882819582997236,0.0823546859698366,0.0833652410215053,316756553.799356,3676150244.70188,316.75655379935597
DOGE,2022-05-24,0.0833652410215053,0.0844440910913156,0.0804778547492597,0.0836592907223173,212603484.336627,2562202730.30479,212.60348433662702
DOGE,2022-05-25,0.0836592907223173,0.0844684230526536,0.0821968509800339,0.082976608187857,220258954.631874,2648607159.33101,220.258954631874
DOGE,2022-05-26,0.082976608187857,0.0837417929845886,0.0755916138403658,0.0779724948485097,323702172.007246,4078336215.29841,323.702172007246
DOGE,2022-05-27,0.0779724948485097,0.0872613372729945,0.0763990023735148,0.0815711056950669,608548896.313377,7477026936.64934,608.548896313377
DOGE,2022-05-28,0.0815711056950669,0.0844481433019267,0.0810107205614586,0.0819287698478914,241462589.664584,2943743626.05672,241.46258966458402
DOGE,2022-05-29,0.0819287698478914,0.0852630539685415,0.08005201418944,0.0827459718461553,177383664.623448,2168837235.80085,177.38366462344803
DOGE,2022-05-30,0.0827459718461553,0.0884635589644563,0.0823067884047654,0.0879240084794348,355686328.764252,4153427379.53949,355.686328764252
DOGE,2022-05-31,0.0879240084794348,0.0882370947227541,0.083359699418324,0.0858140417619301,388428312.97042,4509352010.32775,388.42831297042
DOGE,2022-06-01,0.0858140417619301,0.0889641489633515,0.0792518211398177,0.0810500952984858,470933411.209298,5556506086.92303,470.933411209298
DOGE,2022-06-02,0.0810500952984858,0.0831398586179257,0.0802495337486309,0.082830383937793,232727859.72695,2853973248.19668,232.72785972695
DOGE,2022-06-03,0.082830383937793,0.0837570792900765,0.0795010888138267,0.0803832715364486,215044350.523118,2654157037.77021,215.044350523118
DOGE,2022-06-04,0.0803832715364486,0.0834309387804244,0.0794597506449222,0.0818724451937747,179020962.966104,2203523937.89081,179.020962966104
DOGE,2022-06-05,0.0818724451937747,0.0823346052370704,0.0806769027232221,0.0811393678508887,160959612.679526,1972956256.55906,160.959612679526
DOGE,2022-06-06,0.0811393678508887,0.0852296286863088,0.0809568564834001,0.0825087982179037,312147468.287526,3765420381.03193,312.147468287526
DOGE,2022-06-07,0.0825087982179037,0.0825087982179037,0.0779788165355914,0.0804000488485305,276412000.302624,3449519100.37915,276.412000302624
DOGE,2022-06-08,0.0804000488485305,0.0814686662553711,0.0790034964759469,0.0793386987073391,198385039.104686,2476652066.75866,198.385039104686
DOGE,2022-06-09,0.0793386987073391,0.0809620649776162,0.0789509091085828,0.0792893890443835,180148821.599579,2260663066.91837,180.148821599579
DOGE,2022-06-10,0.0792893890443835,0.0807302873292099,0.0744410774330865,0.0754358074171483,256345381.842777,3324165330.65761,256.345381842777
DOGE,2022-06-11,0.0754358074171483,0.0773914410215748,0.0682792926581585,0.0699792067974875,260732062.021009,3620515618.22283,260.73206202100897
DOGE,2022-06-12,0.0699792067974875,0.0704203658100881,0.0636511745855265,0.0636511745855265,395205702.008846,5957715367.36355,395.205702008846
DOGE,2022-06-13,0.0636511745855265,0.0657214401728421,0.0526928465375606,0.0541351655735548,688435758.739352,12092189325.7655,688.435758739352
DOGE,2022-06-14,0.0541351655735548,0.0582876278524769,0.0499826178166422,0.055554120643955,445069388.807514,8105425656.06571,445.06938880751403
DOGE,2022-06-15,0.055554120643955,0.0636675975471724,0.0506649533928466,0.0627264811591603,513857879.685559,9316211446.95428,513.8578796855589
DOGE,2022-06-16,0.0627264811591603,0.0627264811591603,0.0543802465131956,0.0552603461895679,405670721.632135,7024617791.22002,405.670721632135
DOGE,2022-06-17,0.0552603461895679,0.05801862001035,0.0546892610352223,0.0569480408807982,213086194.769667,3755647451.71233,213.086194769667
DOGE,2022-06-18,0.0569480408807982,0.0578929114937564,0.0497061541007842,0.0529667385336496,348196426.158794,6531153751.05734,348.196426158794
DOGE,2022-06-19,0.0529667385336496,0.0626667434218816,0.0512488111744822,0.0604261657257147,557707724.094465,9766480748.50277,557.707724094465
DOGE,2022-06-20,0.0604261657257147,0.0612303948313646,0.0575123268408391,0.06002072598825,253316107.980612,4267378695.98437,253.316107980612
DOGE,2022-06-21,0.06002072598825,0.0695322743517122,0.0590784186318184,0.0657760454128081,540445869.43617,8305641679.98139,540.44586943617
DOGE,2022-06-22,0.0657760454128081,0.0657760454128081,0.0611507096887702,0.0616922029380545,341996812.46783,5434297756.85568,341.99681246783
DOGE,2022-06-23,0.0616922029380545,0.0646315766258701,0.0616922029380545,0.0639089498207344,225788425.969984,3558564453.65429,225.788425969984
DOGE,2022-06-24,0.0639089498207344,0.0682566195486431,0.0639089498207344,0.0669589369116203,280481608.935503,4238529727.35079,280.481608935503
DOGE,2022-06-25,0.0669589369116203,0.0710451643423833,0.0652455007019384,0.0685158482404474,246545713.805405,3657325900.79905,246.545713805405
DOGE,2022-06-26,0.0685158482404474,0.0774414099532244,0.067347302954501,0.0730105161307915,526174635.502331,7255706118.30457,526.1746355023311
DOGE,2022-06-27,0.0730105161307915,0.0801113047364912,0.0706960391471546,0.072094541452948,559617464.285728,7479339694.80808,559.617464285728
DOGE,2022-06-28,0.072094541452948,0.0730532952782188,0.0655885721814432,0.0661318402988706,344422082.589747,4932225619.09045,344.422082589747
DOGE,2022-06-29,0.0661318402988706,0.0714551938508462,0.0642515264031364,0.0695775006500715,352441348.425729,5225785274.43682,352.44134842572896
DOGE,2022-06-30,0.0695775006500715,0.0697553122369214,0.0626877965776863,0.0664677724087232,341897535.004755,5247590818.04961,341.897535004755
DOGE,2022-07-01,0.0664677724087232,0.0680720983646315,0.0640612916595959,0.0664629801120462,270615331.225189,4097580498.29047,270.615331225189
DOGE,2022-07-02,0.0664629801120462,0.0678865266121695,0.0657074288530115,0.0666825951508036,204222004.979119,3054573933.71305,204.222004979119
DOGE,2022-07-03,0.0666825951508036,0.067432219726221,0.0650311233580678,0.0672164024706321,164203160.976367,2480918163.21215,164.203160976367
DOGE,2022-07-04,0.0672164024706321,0.069670111165492,0.0657937212596031,0.0692859255533013,216887228.204652,3203980232.23739,216.88722820465202
DOGE,2022-07-05,0.0692859255533013,0.0698520640529038,0.0655919220617078,0.0671839992332858,229912952.670097,3391830162.98915,229.91295267009698
DOGE,2022-07-06,0.0671839992332858,0.0690286053599995,0.066202991518553,0.0684354874636688,217191574.018859,3207676699.6736,217.191574018859
DOGE,2022-07-07,0.0684354874636688,0.0711772788230897,0.0679869365607647,0.0705825536044747,227588239.798217,3270619892.05995,227.588239798217
DOGE,2022-07-08,0.0705825536044747,0.0730841851504486,0.0683921285128144,0.0690766591117012,265978549.103091,3786426643.31975,265.978549103091
DOGE,2022-07-09,0.0690766591117012,0.0700975830220592,0.0689083558633944,0.0694831995928689,135035400.472453,1941483789.63341,135.035400472453
DOGE,2022-07-10,0.0694831995928689,0.0694831995928689,0.066465301190507,0.0672857078768362,162910446.748067,2408590031.51478,162.910446748067
DOGE,2022-07-11,0.0672857078768362,0.0672857078768362,0.0612893173660593,0.0617873698806699,174933359.353744,2714407338.14642,174.933359353744
DOGE,2022-07-12,0.0617873698806699,0.0630468792932979,0.0598294794200506,0.0598441867526428,156213910.726313,2541968558.73197,156.213910726313
DOGE,2022-07-13,0.0598441867526428,0.0622126925699578,0.0579750013810238,0.0619523759283066,221166898.514748,3674002523.93244,221.166898514748
DOGE,2022-07-14,0.0619523759283066,0.0626956915129555,0.0595853897014229,0.0624153186993439,174180701.449744,2847977913.94761,174.180701449744
DOGE,2022-07-15,0.0624153186993439,0.0643142941984932,0.06165113578024,0.0629231120510181,200681686.229556,3181618929.90021,200.681686229556
DOGE,2022-07-16,0.0629231120510181,0.0647580166576144,0.0618083969398168,0.064364946767819,159178884.299296,2512813697.92032,159.178884299296
DOGE,2022-07-17,0.064364946767819,0.0655544781320588,0.0629470075946496,0.0630374317220549,154972384.484265,2414120469.67111,154.972384484265
DOGE,2022-07-18,0.0630374317220549,0.0685650940425864,0.0630283724034606,0.0675863208819517,326611967.90595,4921478874.83447,326.61196790595
DOGE,2022-07-19,0.0675863208819517,0.0701374900512089,0.0655807997212646,0.0690899743081487,307283445.301611,4524752748.56514,307.283445301611
DOGE,2022-07-20,0.0690899743081487,0.0767899992334107,0.0677973303865281,0.070114401217222,543584563.233506,7515528296.4744,543.584563233506
DOGE,2022-07-21,0.070114401217222,0.0709299960049516,0.0671372811614313,0.0700218998610844,259306450.016956,3756491532.88632,259.306450016956
DOGE,2022-07-22,0.0700218998610844,0.0720139772795962,0.0669694868657594,0.0675939970274494,227116492.80522,3266715802.65093,227.11649280522002
DOGE,2022-07-23,0.0675939970274494,0.0696054881312029,0.0662009796893071,0.0681237705207013,185816143.036939,2742588983.7514,185.816143036939
DOGE,2022-07-24,0.0681237705207013,0.0698940784918226,0.0674080796066568,0.0676187596826032,162187347.326428,2373286097.47891,162.18734732642798
DOGE,2022-07-25,0.0676187596826032,0.0680076381304914,0.0620485929423079,0.0621352681742413,217429023.663887,3349522199.7156,217.429023663887
DOGE,2022-07-26,0.0621352681742413,0.0627021774808864,0.060297133815217,0.0626745917071265,183246284.851766,2979551382.67987,183.24628485176598
DOGE,2022-07-27,0.0626745917071265,0.0679158011789304,0.0619442281578357,0.0672349323547882,233073307.915052,3633137847.53658,233.073307915052
DOGE,2022-07-28,0.0672349323547882,0.070820078235779,0.0655837709237528,0.0691786499216119,332675635.50086,4905855487.65249,332.67563550086
DOGE,2022-07-29,0.0691786499216119,0.0729584290568917,0.0674790702340455,0.0688253973631072,355471489.413657,5095750211.06821,355.471489413657
DOGE,2022-07-30,0.0688253973631072,0.0742670309501148,0.0682056808562719,0.0697340094203602,403557328.620198,5664565435.58234,403.557328620198
DOGE,2022-07-31,0.0697340094203602,0.0721737355482203,0.0680396964351789,0.0682250493534882,269833100.995744,3837101869.04218,269.83310099574396
DOGE,2022-08-01,0.0682250493534882,0.0709731461283456,0.0671047945594361,0.0686925699109373,274210378.071666,3985894293.99629,274.210378071666
DOGE,2022-08-02,0.0686925699109373,0.069041399473052,0.0657048160703704,0.0666829486016994,199841810.553677,2981150547.25859,199.841810553677
DOGE,2022-08-03,0.0666829486016994,0.0685396485782697,0.0654566789917255,0.0664625055442621,174073619.293269,2586519815.388,174.07361929326902
DOGE,2022-08-04,0.0664625055442621,0.0679516801449406,0.0660821907410403,0.0674503637699412,165262656.226105,2467349720.80576,165.262656226105
DOGE,2022-08-05,0.0674503637699412,0.0703375158110279,0.0674202731267065,0.0698735248153648,220319264.821768,3190721802.82428,220.31926482176797
DOGE,2022-08-06,0.0698735248153648,0.0712307313557329,0.068609700582001,0.0687717697649289,178292562.525899,2550046651.94467,178.292562525899
DOGE,2022-08-07,0.0687717697649289,0.0700546892319471,0.0676766056418348,0.0690555875160374,132759599.275353,1925508671.51436,132.759599275353
DOGE,2022-08-08,0.0690555875160374,0.0723389641979842,0.0690018154172065,0.0702202540957751,268597697.217718,3803744806.05852,268.597697217718
DOGE,2022-08-09,0.0702202540957751,0.0742217680186732,0.0683116138219254,0.0692435305066494,399227559.82989,5625258480.73385,399.22755982989
DOGE,2022-08-10,0.0692435305066494,0.0715688793279059,0.0671823392400482,0.0714316239937305,287027402.924594,4107548723.88964,287.02740292459396
DOGE,2022-08-11,0.0714316239937305,0.0752108955503753,0.0707204916337408,0.0710160904924761,349616773.432663,4836051973.4792,349.616773432663
DOGE,2022-08-12,0.0710160904924761,0.0728532159603291,0.0700878016648239,0.0724879760484244,213125801.414897,2987183121.66455,213.12580141489698
DOGE,2022-08-13,0.0724879760484244,0.0752151970358666,0.0720911051555887,0.0731654746169512,281429234.168577,3820372670.67514,281.429234168577
DOGE,2022-08-14,0.0731654746169512,0.0845069366717498,0.0729242938642454,0.0818797646249311,888503009.28065,11234841162.1261,888.5030092806501
DOGE,2022-08-15,0.0818797646249311,0.0819816258688578,0.0750880693019195,0.0767673894830988,529246860.570029,6785389537.57583,529.2468605700291
DOGE,2022-08-16,0.0767673894830988,0.0895349509631052,0.0764428374804315,0.0868785785493706,1140923888.3447,13454021730.7204,1140.9238883447001
DOGE,2022-08-17,0.0868785785493706,0.0888769204939091,0.0797026672302454,0.0803477324730012,635930945.182212,7563589963.35015,635.930945182212
DOGE,2022-08-18,0.0803477324730012,0.0821798849270858,0.0743618349119009,0.0750581916361002,414946017.556546,5219531534.17453,414.946017556546
DOGE,2022-08-19,0.0750581916361002,0.0753526502551542,0.0675592232029187,0.0681391860613474,651686690.501574,9197638777.58268,651.686690501574
DOGE,2022-08-20,0.0681391860613474,0.0713343885625983,0.068026576371797,0.069685241977968,359346952.549474,5151631066.50351,359.346952549474
DOGE,2022-08-21,0.069685241977968,0.0716387532873141,0.0678853482264237,0.06951875740076,284902507.1714,4103131929.90094,284.90250717140003
DOGE,2022-08-22,0.06951875740076,0.06951875740076,0.065519887468334,0.0685661294652168,299404463.809451,4448893841.49024,299.404463809451
DOGE,2022-08-23,0.0685661294652168,0.0692937127154027,0.0671265038260047,0.0688920351944652,233413146.156317,3407505623.71727,233.413146156317
DOGE,2022-08-24,0.0688920351944652,0.0703925182352797,0.067191370753856,0.0679640963630427,238743429.828729,3496911876.9956,238.743429828729
DOGE,2022-08-25,0.0679640963630427,0.0717343965855277,0.0679640963630427,0.0691231709665224,324714713.329247,4678895551.92447,324.714713329247
DOGE,2022-08-26,0.0691231709665224,0.0694620093919263,0.0630271834602428,0.0637297581914016,426024556.353109,6366643871.26055,426.024556353109
DOGE,2022-08-27,0.0637297581914016,0.0642813470672018,0.062513655746483,0.0636128103095397,249334219.631348,3925094449.45763,249.33421963134802
DOGE,2022-08-28,0.0636128103095397,0.0644171822308729,0.0616149977093463,0.0619271125222327,194800118.533829,3061721603.35665,194.800118533829
DOGE,2022-08-29,0.0619271125222327,0.0640848986019789,0.0611221654823918,0.0639554700460471,203402587.931949,3249158504.74031,203.402587931949
DOGE,2022-08-30,0.0639554700460471,0.0645109564562555,0.0603734179581368,0.0616262085216192,206193110.533915,3288029356.8705,206.19311053391502
DOGE,2022-08-31,0.0616262085216192,0.0634645778919733,0.060898697314885,0.0614580592430926,190822946.74938,3055042871.40687,190.82294674937998
DOGE,2022-09-01,0.0614580592430926,0.0639683860862413,0.0600460941644764,0.0624460640913825,207298893.1331,3381622225.80988,207.2988931331
DOGE,2022-09-02,0.0624460640913825,0.0627970461799129,0.0608279185696846,0.0617410054423257,172723811.336829,2788204760.2881,172.72381133682902
DOGE,2022-09-03,0.0617410054423257,0.0638032876863457,0.0612806978488485,0.0627885129760436,189123635.332626,3028357219.79662,189.12363533262598
DOGE,2022-09-04,0.0627885129760436,0.0638489079075018,0.0620049264203538,0.0632697155496002,157463116.872977,2497632666.60722,157.463116872977
DOGE,2022-09-05,0.0632697155496002,0.0637372466632317,0.0610997875796082,0.0627652971309133,150970083.27709,2424348096.89454,150.97008327709003
DOGE,2022-09-06,0.0627652971309133,0.0648876348711973,0.0584387279892744,0.0589462907523801,308823568.341132,5004055532.93846,308.823568341132
DOGE,2022-09-07,0.0589462907523801,0.0615543147514195,0.0577062299895047,0.0610309111572387,219693589.398959,3677465127.04012,219.693589398959
DOGE,2022-09-08,0.0610309111572387,0.0614038271690812,0.0597489928042485,0.0609802219229734,184936412.300332,3048934395.16213,184.93641230033202
DOGE,2022-09-09,0.0609802219229734,0.0647247386705111,0.0609785903792571,0.0645450980283407,331206923.474657,5238185296.78883,331.206923474657
DOGE,2022-09-10,0.0645450980283407,0.0653079854614367,0.0632367190820483,0.0646684219036205,293452114.25939,4574751238.38891,293.45211425939
DOGE,2022-09-11,0.0646684219036205,0.0652663645357675,0.0627850438176288,0.0637032748187229,243233145.623011,3799196057.22017,243.23314562301098
DOGE,2022-09-12,0.0637032748187229,0.0653232789406534,0.0627593206563025,0.0639558427402053,279175287.555514,4369346809.91359,279.175287555514
DOGE,2022-09-13,0.0639558427402053,0.0656022092524051,0.059408145999233,0.0596791984201795,314598627.138267,5099840516.73113,314.598627138267
DOGE,2022-09-14,0.0596791984201795,0.0616009497647248,0.059372655749284,0.0611583126573203,242285116.001819,3992470125.2888,242.285116001819
DOGE,2022-09-15,0.0611583126573203,0.0615360687706481,0.058590747303166,0.0586705091061207,219029724.948502,3651224220.91312,219.029724948502
DOGE,2022-09-16,0.0586705091061207,0.0605337528384389,0.0583194348005879,0.0605223969539298,169338385.404015,2844763437.31605,169.338385404015
DOGE,2022-09-17,0.0605223969539298,0.0624342981468469,0.0603075837184862,0.0622558459544763,144308213.923141,2352024271.45144,144.308213923141
DOGE,2022-09-18,0.0622558459544763,0.0622713991032866,0.0570853474215249,0.057557436003645,178459377.986604,2986995637.51696,178.459377986604
DOGE,2022-09-19,0.057557436003645,0.0588625228541458,0.0561244661308046,0.0586187565157034,199203358.838462,3473287271.24592,199.203358838462
DOGE,2022-09-20,0.0586187565157034,0.0605545071598389,0.0576913416879445,0.0585312338122306,201404403.752936,3419473674.94385,201.40440375293602
DOGE,2022-09-21,0.0585312338122306,0.0608116057688729,0.0562998614449141,0.0573645307213655,263407311.565146,4485603631.83876,263.407311565146
DOGE,2022-09-22,0.0573645307213655,0.0600576502915748,0.0570049190178025,0.0596582982872058,169514822.560011,2882351359.62844,169.514822560011
DOGE,2022-09-23,0.0596582982872058,0.0643572510162866,0.0594090557579209,0.0634204538072092,491153106.74806,7949509306.65332,491.15310674806
DOGE,2022-09-24,0.0634204538072092,0.0681918581217649,0.0629560875208563,0.0632808416279159,689720654.37879,10470496477.4047,689.7206543787901
DOGE,2022-09-25,0.0632808416279159,0.0639365942880386,0.0604193911499416,0.0613048615250144,267964208.194174,4285364383.72625,267.964208194174
DOGE,2022-09-26,0.0613048615250144,0.0623042715658647,0.0600238886394639,0.0611446409508493,219438225.718466,3596793349.79327,219.43822571846601
DOGE,2022-09-27,0.0611446409508493,0.062978951942319,0.0598909199857017,0.0606185333483059,235380849.335391,3813352322.75205,235.38084933539102
DOGE,2022-09-28,0.0606185333483059,0.0611228738917398,0.0587224080650134,0.0605824020634699,181495748.802149,3019649196.54991,181.495748802149
DOGE,2022-09-29,0.0605824020634699,0.061074147133455,0.0593913178435047,0.0607818635711696,156078586.282589,2587774344.61135,156.078586282589
DOGE,2022-09-30,0.0607818635711696,0.0621045027479313,0.0598404534634664,0.0616656300968978,237642259.098118,3911201296.70137,237.64225909811802
DOGE,2022-10-01,0.0616656300968978,0.0630133458389357,0.0603268553915987,0.0606013270121228,236703147.40169,3849792837.9553,236.70314740169002
DOGE,2022-10-02,0.0606013270121228,0.0609391908529473,0.0590358036899584,0.0592884299819992,138076835.893074,2298340070.31111,138.07683589307402
DOGE,2022-10-03,0.0592884299819992,0.060522178682226,0.0590037227121223,0.0603543575042585,142134332.188659,2369789969.34509,142.13433218865902
DOGE,2022-10-04,0.0603543575042585,0.0663929102109146,0.0600613613341199,0.0658999667131099,529132553.079252,8282850372.17459,529.132553079252
DOGE,2022-10-05,0.0658999667131099,0.0667150870814183,0.0629544385412924,0.0648310495920093,429109856.851688,6631272643.10566,429.10985685168805
DOGE,2022-10-06,0.0648310495920093,0.066809774259348,0.0630682539584227,0.063488877379015,297742232.275041,4592616270.46132,297.742232275041
DOGE,2022-10-07,0.063488877379015,0.0637121854665118,0.0615062638531523,0.0623685667788816,229516963.010558,3670651642.4473,229.51696301055802
DOGE,2022-10-08,0.0623685667788816,0.0626325506649139,0.0613096031667921,0.0616413486110155,132956419.378575,2139423126.54703,132.956419378575
DOGE,2022-10-09,0.0616413486110155,0.0623953108620258,0.0612070311486233,0.062143189205632,129158062.033599,2087442995.81566,129.158062033599
DOGE,2022-10-10,0.062143189205632,0.0624575843042474,0.0594133778287146,0.0594189278437175,205586619.683817,3377584232.26501,205.586619683817
DOGE,2022-10-11,0.0594189278437175,0.0608085287027239,0.0577360530034057,0.0602535009260176,233242533.959829,3918237161.70626,233.242533959829
DOGE,2022-10-12,0.0602535009260176,0.0609824939002148,0.0593987752979499,0.0598373792868261,166028914.059047,2761724836.57308,166.02891405904703
DOGE,2022-10-13,0.0598373792868261,0.0613583107066946,0.0553417638387542,0.0596670591781479,343271488.359771,5919856449.42951,343.271488359771
DOGE,2022-10-14,0.0596670591781479,0.0609301895933634,0.0582081102564095,0.0586467090938844,197649391.098997,3307648513.25762,197.649391098997
DOGE,2022-10-15,0.0586467090938844,0.0596807100116551,0.0580344099876969,0.0585561617442889,150404985.451238,2558224225.29591,150.40498545123802
DOGE,2022-10-16,0.0585561617442889,0.0609190726475941,0.0585465838827228,0.058882849764652,130727762.925351,2216999090.77931,130.727762925351
DOGE,2022-10-17,0.058882849764652,0.0601148575637626,0.0584540433064672,0.0599454293785875,142460030.173608,2397235410.78401,142.460030173608
DOGE,2022-10-18,0.0599454293785875,0.0609624301231513,0.0586293887296869,0.0597859144161282,184058035.688466,3089889640.57996,184.05803568846602
DOGE,2022-10-19,0.0597859144161282,0.0607301378278069,0.0585032178935452,0.0587221138814721,218027127.639182,3666426908.4104,218.027127639182
DOGE,2022-10-20,0.0587221138814721,0.0603339395271718,0.0583749436984257,0.0594774217404023,200144117.79052,3356610538.47613,200.14411779052
DOGE,2022-10-21,0.0594774217404023,0.0595377238320597,0.0574078344632538,0.0593653044111151,174331604.93836,2969214156.40651,174.33160493836002
DOGE,2022-10-22,0.0593653044111151,0.0599023410057771,0.0591406516686559,0.0596890234219504,125870338.293895,2116462307.94196,125.870338293895
DOGE,2022-10-23,0.0596890234219504,0.0604236523038329,0.0588438970929052,0.0603711813470658,134895755.700084,2262882184.34224,134.895755700084
DOGE,2022-10-24,0.0603711813470658,0.0608225599533116,0.0587388145508157,0.0594322995276544,167289922.070626,2808852587.82212,167.28992207062598
DOGE,2022-10-25,0.0594322995276544,0.0640181187988565,0.0592165538114517,0.0629346099983605,338363929.91654,5480153518.6011,338.36392991654003
DOGE,2022-10-26,0.0629346099983605,0.0733867283924817,0.0627192530170169,0.0727789769637683,962786593.735077,14047606000.9991,962.7865937350771
DOGE,2022-10-27,0.0727789769637683,0.085084078842983,0.0716838032904761,0.0767925798359989,1825259649.39269,23468637410.4495,1825.2596493926899
DOGE,2022-10-28,0.0767925798359989,0.0881366025366231,0.0725641325343844,0.0836850148715894,2150545342.98544,26497968191.3114,2150.5453429854397
DOGE,2022-10-29,0.0836850148715894,0.149362381621826,0.0830088446593905,0.121532421008211,7327993989.78943,62474452710.0229,7327.99398978943
DOGE,2022-10-30,0.121532421008211,0.142373612430762,0.111747148829203,0.117232723266858,5229868594.89662,42042308557.0775,5229.8685948966195
DOGE,2022-10-31,0.117232723266858,0.130469974283707,0.114143399398848,0.12660124286609,3989823292.20743,32597232978.1709,3989.82329220743
DOGE,2022-11-01,0.12660124286609,0.157767438281843,0.124814157349393,0.141843368400946,5653159151.95208,39999361553.1472,5653.15915195208
DOGE,2022-11-02,0.141843368400946,0.147037823773691,0.123483766810786,0.127717216695438,3609500398.05641,26782697735.3774,3609.5003980564097
DOGE,2022-11-03,0.127717216695438,0.136369506705214,0.12094986024751,0.122588310223192,2020862583.89094,15513466244.2507,2020.86258389094
DOGE,2022-11-04,0.122588310223192,0.128877549284155,0.116340410139389,0.125863713923858,2273936080.26636,18602368040.5512,2273.93608026636
DOGE,2022-11-05,0.125863713923858,0.135367527721887,0.122560052222407,0.124419780763201,1440644071.66798,11233095984.7596,1440.64407166798
DOGE,2022-11-06,0.124419780763201,0.127041763718272,0.113006955116598,0.114932172018196,1018560526.53482,8371509225.36828,1018.5605265348199
DOGE,2022-11-07,0.114932172018196,0.119133586916843,0.108653475178507,0.11148702885068,1010036230.56506,8759258942.04145,1010.03623056506
DOGE,2022-11-08,0.11148702885068,0.112844598219102,0.0802415880206895,0.0891357277224009,2597264898.51201,26301893179.3794,2597.26489851201
DOGE,2022-11-09,0.0891357277224009,0.0932186688499375,0.0722406246232376,0.075570164662102,2135526774.07198,25178218654.5736,2135.52677407198
DOGE,2022-11-10,0.075570164662102,0.0943971076461753,0.0752255431155328,0.0911258459102857,1810102355.94132,20997395162.3004,1810.10235594132
DOGE,2022-11-11,0.0911258459102857,0.0945944371124966,0.0819332509622235,0.0865055839550638,1000838985.38331,11495800025.6257,1000.8389853833099
DOGE,2022-11-12,0.0865055839550638,0.0957338312883597,0.0797749635568324,0.0895088144363546,1382752301.67114,15386503227.6295,1382.75230167114
DOGE,2022-11-13,0.0895088144363546,0.0926027075517877,0.0842942672806451,0.0859328854370526,754273294.507293,8546677227.88058,754.273294507293
DOGE,2022-11-14,0.0859328854370526,0.0917324867964367,0.0798125744432318,0.0868771746174094,932903760.187803,10835040522.248,932.9037601878031
DOGE,2022-11-15,0.0868771746174094,0.0897725545313115,0.0859696016421107,0.0877207803518208,506617987.986988,5763290049.1722,506.617987986988
DOGE,2022-11-16,0.0877207803518208,0.0914125621818886,0.0841363554957269,0.0860772182385608,532869992.43758,6102331852.51126,532.86999243758
DOGE,2022-11-17,0.0860772182385608,0.0874843713669559,0.0831823904615672,0.0850065650718396,341318589.549907,4011213124.48469,341.318589549907
DOGE,2022-11-18,0.0850065650718396,0.0869434833245312,0.0841162699651237,0.0851326154791969,264558571.341582,3094433448.81901,264.558571341582
DOGE,2022-11-19,0.0851326154791969,0.0854576462423008,0.0835618320136193,0.0849765627525194,187826690.194536,2222050264.97353,187.826690194536
DOGE,2022-11-20,0.0849765627525194,0.0863080465311581,0.077157564644417,0.0776311230418887,387652077.198585,4720934287.78796,387.65207719858495
DOGE,2022-11-21,0.0776311230418887,0.0776912690847313,0.071982582028067,0.0750451125370005,518365422.978116,6871482187.02049,518.3654229781159
DOGE,2022-11-22,0.0750451125370005,0.0794296013309815,0.0735995489419299,0.0789699060782931,443973390.733231,5796783262.99045,443.973390733231
DOGE,2022-11-23,0.0789699060782931,0.083926678438327,0.0783138962205422,0.0824494317361975,419836333.589506,5153442776.40232,419.83633358950595
DOGE,2022-11-24,0.0824494317361975,0.0846429749530984,0.0809703156286383,0.0819303144091543,278052627.458051,3375040559.83108,278.052627458051
DOGE,2022-11-25,0.0819303144091543,0.0917792094618231,0.0812185462520844,0.0897971356549362,831631731.125901,9512984838.16045,831.631731125901
DOGE,2022-11-26,0.0897971356549362,0.0956881824788404,0.0883848407523547,0.0894085056456214,748608557.977466,8077898932.03829,748.608557977466
DOGE,2022-11-27,0.0894085056456214,0.107388808445296,0.0893630779107465,0.0991627901648161,1656466295.51899,16384606877.4416,1656.4662955189901
DOGE,2022-11-28,0.0991627901648161,0.099947827883036,0.091397542393256,0.0955273478373587,1175762697.45499,12315801052.7039,1175.7626974549898
DOGE,2022-11-29,0.0955273478373587,0.105409541266173,0.0942452443709314,0.102005458525951,1167393952.31026,11411652599.9172,1167.3939523102601
DOGE,2022-11-30,0.102005458525951,0.109884703140097,0.100704833044403,0.107436410457263,1177075057.79353,11082793128.0724,1177.07505779353
DOGE,2022-12-01,0.107436410457263,0.108320286213818,0.101260895606308,0.102452612424812,777468570.578322,7471902018.59377,777.4685705783221
DOGE,2022-12-02,0.102452612424812,0.104110770583412,0.0978071989065184,0.102742327314912,670442900.419916,6695706079.83311,670.442900419916
DOGE,2022-12-03,0.102742327314912,0.103609174537439,0.0988264557974288,0.100144816542231,548847652.403703,5423759145.87777,548.847652403703
DOGE,2022-12-04,0.100144816542231,0.106024484830689,0.100144816542231,0.104644637662572,666753197.872062,6413947476.95826,666.753197872062
DOGE,2022-12-05,0.104644637662572,0.111523051014904,0.10012219952544,0.102012461718887,888904305.092995,8423009607.02,888.9043050929951
DOGE,2022-12-06,0.102012461718887,0.102927176822964,0.0984810969653897,0.100405318868814,458338910.404091,4555871144.87294,458.338910404091
DOGE,2022-12-07,0.100405318868814,0.101339705565175,0.0945492975592965,0.096059992902107,501406330.875587,5168411933.64677,501.406330875587
DOGE,2022-12-08,0.096059992902107,0.0992123823601978,0.0951932293325476,0.0986646439308217,396656421.747913,4089113922.84318,396.656421747913
DOGE,2022-12-09,0.0986646439308217,0.0994854096171095,0.0959912101850061,0.0969230832577123,347771316.451548,3559207183.01337,347.771316451548
DOGE,2022-12-10,0.0969230832577123,0.0976230044666769,0.0963512330220902,0.0965906041740102,204524250.621598,2107625709.47327,204.52425062159801
DOGE,2022-12-11,0.0965906041740102,0.0977790914232908,0.0924403982181323,0.0929337907382871,235434104.363611,2460886196.21957,235.434104363611
DOGE,2022-12-12,0.0929337907382871,0.0931929151144019,0.0866227975399902,0.0904721717167677,597771842.343727,6727163182.33128,597.771842343727
DOGE,2022-12-13,0.0904721717167677,0.0950074092386386,0.0876470881490327,0.091159476069535,586415704.555775,6436304795.95904,586.415704555775
DOGE,2022-12-14,0.091159476069535,0.0925048291509189,0.0880033614671929,0.0884231191077169,460921532.815656,5098370073.00981,460.921532815656
DOGE,2022-12-15,0.0884231191077169,0.0887705889774532,0.0842395598359208,0.0849024766476563,349869255.230413,4033720765.26456,349.86925523041305
DOGE,2022-12-16,0.0849024766476563,0.0868282960839773,0.0748561722575863,0.0760235070966127,576679746.167414,7113704582.01647,576.6797461674139
DOGE,2022-12-17,0.0760235070966127,0.0795146952229979,0.0757853883283763,0.079276497950063,424739524.876801,5482101928.35159,424.739524876801
DOGE,2022-12-18,0.079276497950063,0.0801096061936628,0.0778024583245221,0.0785913356705461,218049979.504483,2761842989.44166,218.04997950448302
DOGE,2022-12-19,0.0785913356705461,0.0795895065289445,0.0703979890557091,0.0714924379301036,507878467.815699,6755169324.81711,507.87846781569897
DOGE,2022-12-20,0.0714924379301036,0.0756303215094851,0.0714655065516391,0.0750371695925604,389503239.149471,5244033895.05249,389.50323914947097
DOGE,2022-12-21,0.0750371695925604,0.0752111673362942,0.0717815866566693,0.0738941296672041,316858530.250321,4320865501.56136,316.858530250321
DOGE,2022-12-22,0.0738941296672041,0.0777965979638144,0.0733404666585307,0.0769974594878079,494464580.387304,6538887457.29848,494.464580387304
DOGE,2022-12-23,0.0769974594878079,0.078920552954583,0.0768114132991651,0.0773148473636702,370978027.932927,4771680062.39944,370.97802793292703
DOGE,2022-12-24,0.0773148473636702,0.078228702097628,0.0768524962221609,0.077660582335185,146637253.760108,1891078587.11426,146.637253760108
DOGE,2022-12-25,0.077660582335185,0.0778588709630234,0.0742045931688211,0.0761231107813042,370325417.103186,4890209819.72535,370.325417103186
DOGE,2022-12-26,0.0761231107813042,0.0766028155275698,0.0746770334907246,0.0758142358832341,233664470.470959,3085762622.74568,233.664470470959
DOGE,2022-12-27,0.0758142358832341,0.0761650282371654,0.0729051177747111,0.0737643717290341,246476345.635906,3311337265.41032,246.476345635906
DOGE,2022-12-28,0.0737643717290341,0.0738600103457072,0.0698055229915451,0.0703664671300504,427921428.62954,6002886388.02805,427.92142862954
DOGE,2022-12-29,0.0703664671300504,0.073283290923309,0.0696066146793562,0.071099585013371,241762911.242556,3419435180.89328,241.76291124255602
DOGE,2022-12-30,0.071099585013371,0.071462702992058,0.0665914682559817,0.0684487869527731,368149765.754893,5385469340.92878,368.149765754893
DOGE,2022-12-31,0.0684487869527731,0.0712574327699044,0.0680428747657846,0.0702479135658919,261842126.321949,3745259311.37229,261.842126321949
DOGE,2023-01-01,0.0702479135658919,0.0708623322762189,0.0692062550785527,0.0702808229603149,162563567.894311,2325919591.86494,162.563567894311
DOGE,2023-01-02,0.0702808229603149,0.0728391893389641,0.0691428187730857,0.0714089113869012,344361996.393803,4814115275.24978,344.361996393803
DOGE,2023-01-03,0.0714089113869012,0.0722167080338724,0.0696558735397713,0.0704740832932605,239507833.164819,3374873994.31595,239.507833164819
DOGE,2023-01-04,0.0704740832932605,0.073571491289338,0.0703402898778987,0.0732742152049487,291772088.958776,4040423010.59272,291.772088958776
DOGE,2023-01-05,0.0732742152049487,0.075151513077779,0.0711836323119573,0.0715400971527929,362220470.567634,4951549198.20046,362.220470567634
DOGE,2023-01-06,0.0715400971527929,0.0727988188537716,0.0701584881360241,0.0725370260135822,266087967.524977,3726514739.45162,266.087967524977
DOGE,2023-01-07,0.0725370260135822,0.0730400309719102,0.0719262178207901,0.0722887829133888,153622700.617294,2122340372.60362,153.62270061729402
DOGE,2023-01-08,0.0722887829133888,0.0738602510299238,0.0714741449507034,0.0736482745942505,223336234.465002,3087279249.59116,223.336234465002
DOGE,2023-01-09,0.0736482745942505,0.0795465780080391,0.073249448668933,0.0758830785334554,733630481.182191,9547409532.44016,733.630481182191
DOGE,2023-01-10,0.0758830785334554,0.0779572091294793,0.0744635808282505,0.0779548312551051,480907998.486571,6284525884.13066,480.907998486571
DOGE,2023-01-11,0.0779548312551051,0.0784348519859404,0.0750948572319971,0.0782120415849707,428687344.867799,5582147660.08849,428.68734486779897
DOGE,2023-01-12,0.0782120415849707,0.0812971121723366,0.0767955739059906,0.0803781017930686,810793539.999451,10250203947.9627,810.793539999451
DOGE,2023-01-13,0.0803781017930686,0.0851185631614509,0.0791840786607148,0.0846153624372662,698624444.423256,8623770168.7334,698.624444423256
DOGE,2023-01-14,0.0846153624372662,0.0922487821087898,0.0842987070704041,0.0873028735952816,1192365380.24867,13653524742.4055,1192.3653802486701
DOGE,2023-01-15,0.0873028735952816,0.0878053149149657,0.0829541410407114,0.0861255509083304,653932279.79486,7692979629.2325,653.93227979486
DOGE,2023-01-16,0.0861255509083304,0.0880418641524786,0.082055276679076,0.0837748730033202,683147550.914308,8033218279.20907,683.147550914308
DOGE,2023-01-17,0.0837748730033202,0.084956196062672,0.082582706165766,0.0829301229118832,510954046.915679,6090806785.25169,510.954046915679
DOGE,2023-01-18,0.0829301229118832,0.0893635360853324,0.079436810754077,0.0801838185343659,1121899882.9809,13222687639.1717,1121.8998829809
DOGE,2023-01-19,0.0801838185343659,0.0822180927106893,0.0801596811860475,0.0817320521035031,485735032.377514,5984444574.71699,485.735032377514
DOGE,2023-01-20,0.0817320521035031,0.0869890773114086,0.0808389068260042,0.0863475743950682,573049117.362198,6908504656.24694,573.049117362198
DOGE,2023-01-21,0.0863475743950682,0.0890632405374308,0.0845139738968241,0.0848023338417977,811578979.938517,9339337145.49655,811.578979938517
DOGE,2023-01-22,0.0848023338417977,0.0933487128623555,0.084766244749244,0.0884525453866674,836306158.136838,9468982694.51018,836.306158136838
DOGE,2023-01-23,0.0884525453866674,0.0915845229293066,0.0872091792127897,0.0886247670473146,735957218.159862,8251827227.7807,735.957218159862
DOGE,2023-01-24,0.0886247670473146,0.0911638069207816,0.0833179836278107,0.0841154605265779,652166550.267435,7384929524.74198,652.1665502674349
DOGE,2023-01-25,0.0841154605265779,0.0882237657038668,0.0822289608411786,0.0866149890599169,626735374.013576,7388431981.21681,626.735374013576
DOGE,2023-01-26,0.0866149890599169,0.0876693516153929,0.08540446171121,0.0866005588843257,534177598.476953,6174889380.27063,534.177598476953
DOGE,2023-01-27,0.0866005588843257,0.0881792176459746,0.0842783130589414,0.0874746717985061,503570285.191025,5849731101.16014,503.570285191025
DOGE,2023-01-28,0.0874746717985061,0.0935478928940764,0.0873521884954452,0.0881056913434958,689520440.243165,7700852213.5714,689.520440243165
DOGE,2023-01-29,0.0881056913434958,0.0911465383518365,0.0877197992064667,0.0902351943730409,552626813.845285,6159540168.30888,552.626813845285
DOGE,2023-01-30,0.0902351943730409,0.0925256004365911,0.0852897897042123,0.0886560292132504,815919535.377389,9272933494.25934,815.9195353773889
DOGE,2023-01-31,0.0886560292132504,0.0978285831802055,0.0885528874231761,0.0963371989480789,1448010008.7913,15458917575.7676,1448.0100087913002
DOGE,2023-02-01,0.0963371989480789,0.0973225491713302,0.0888028760352997,0.0942382900357605,1099241388.39795,11876781528.6615,1099.24138839795
DOGE,2023-02-02,0.0942382900357605,0.0960039488099342,0.0907217470933192,0.0911038854697849,830318282.792884,8869051911.00502,830.318282792884
DOGE,2023-02-03,0.0911038854697849,0.0933004650293452,0.0903177237429431,0.0929251799523653,635304653.242684,6922325795.74126,635.304653242684
DOGE,2023-02-04,0.0929251799523653,0.0997603379530728,0.0926113210109081,0.0957972650893065,1054276438.48745,11026236527.4989,1054.27643848745
DOGE,2023-02-05,0.0957972650893065,0.0969279620075844,0.0908007201680676,0.0921894133022508,806744424.203094,8611133714.38433,806.744424203094
DOGE,2023-02-06,0.0921894133022508,0.0931913526481144,0.0890348054988413,0.0895882663251306,579474946.110181,6322537033.79578,579.474946110181
DOGE,2023-02-07,0.0895882663251306,0.0927792129571943,0.0895882663251306,0.0926197025203439,583865841.413558,6399719898.35459,583.865841413558
DOGE,2023-02-08,0.0926197025203439,0.0932374243286197,0.0887534944906031,0.0902415888691346,550716176.052507,6037080963.58734,550.7161760525071
DOGE,2023-02-09,0.0902415888691346,0.0909495865238057,0.0794999089150941,0.0816165899452728,832466170.060236,9699598569.03853,832.466170060236
DOGE,2023-02-10,0.0816165899452728,0.0830766697467045,0.0799431368685324,0.0811209934254238,582382950.303442,7113968205.32084,582.382950303442
DOGE,2023-02-11,0.0811209934254238,0.0826354776461616,0.0808927661173289,0.0823262096050776,342822533.419114,4187648943.44267,342.822533419114
DOGE,2023-02-12,0.0823262096050776,0.0857162856946376,0.0816495683192951,0.0823372933067565,516751614.597615,6185950266.19365,516.751614597615
DOGE,2023-02-13,0.0823372933067565,0.0864021200666754,0.0799210588093613,0.0822878760071272,756143929.844903,9183320173.40705,756.143929844903
DOGE,2023-02-14,0.0822878760071272,0.0838522642260596,0.0808823580451535,0.0837186388589655,494455084.436348,5998986450.14644,494.45508443634805
DOGE,2023-02-15,0.0837186388589655,0.0894766699770413,0.0826662985904599,0.0892518805425661,826133331.323839,9543904316.3952,826.133331323839
DOGE,2023-02-16,0.0892518805425661,0.0915703867459652,0.0848190951046611,0.084975141416616,861321010.228738,9715518499.17514,861.3210102287379
DOGE,2023-02-17,0.084975141416616,0.0884765105998842,0.0844800359781268,0.08770704114794,516836865.91514,5955348417.14483,516.8368659151399
DOGE,2023-02-18,0.08770704114794,0.0901862514249061,0.086867793642243,0.0888205833058701,464757609.782341,5270378383.12888,464.757609782341
DOGE,2023-02-19,0.0888205833058701,0.0899015017593881,0.0860495952947182,0.0870963738249897,554097425.253818,6284532134.79121,554.0974252538181
DOGE,2023-02-20,0.0870963738249897,0.0903475036836252,0.085563525268087,0.0882738238482192,513229012.601528,5844552213.08572,513.229012601528
DOGE,2023-02-21,0.0882738238482192,0.0886445255776988,0.0847026975278143,0.0854597111757214,546675979.857927,6306819445.4195,546.675979857927
DOGE,2023-02-22,0.0854597111757214,0.0875813885391178,0.082948062564915,0.0855466198702805,771567303.543011,9062331529.15025,771.5673035430109
DOGE,2023-02-23,0.0855466198702805,0.086424739159092,0.0836971507924968,0.0843128341145661,450935738.739218,5301253146.45053,450.935738739218
DOGE,2023-02-24,0.0843128341145661,0.0848273458507702,0.0795074431695207,0.0809538786062043,524672124.63766,6361093322.41538,524.67212463766
DOGE,2023-02-25,0.0809538786062043,0.0819935956912241,0.0788378167281951,0.0808242390169564,425849037.320932,5269340830.31942,425.849037320932
DOGE,2023-02-26,0.0808242390169564,0.0825893147890171,0.080447838370019,0.0822180242769336,346329615.426127,4251876344.52502,346.329615426127
DOGE,2023-02-27,0.0822180242769336,0.082325201797763,0.0801118299918949,0.08141258766847,369782193.561836,4544746765.70209,369.782193561836
DOGE,2023-02-28,0.08141258766847,0.0829536155159111,0.0800607011549669,0.0808880854796415,443111743.869727,5426208001.38135,443.11174386972704
DOGE,2023-03-01,0.0808880854796415,0.082763290388906,0.0805573633626941,0.0820617924939023,363719795.746361,4435801635.63506,363.719795746361
DOGE,2023-03-02,0.0820617924939023,0.0822473099808115,0.079771973631971,0.0806203322198505,349020243.881165,4324269691.95091,349.020243881165
DOGE,2023-03-03,0.0806203322198505,0.0808532061816433,0.0740129267751151,0.0769638685334172,609653687.949869,8025693577.79778,609.653687949869
DOGE,2023-03-04,0.0769638685334172,0.0773462206779252,0.0728662874024225,0.0747969774546412,357648992.4111,4735047866.58552,357.6489924111
DOGE,2023-03-05,0.0747969774546412,0.0761019901013562,0.0744141700079394,0.0748464765105697,323655017.842974,4295851457.56622,323.655017842974
DOGE,2023-03-06,0.0748464765105697,0.0752664972757015,0.073539968623013,0.0749239646324819,366757600.852127,4932622920.88604,366.75760085212704
DOGE,2023-03-07,0.0749239646324819,0.0757244065037136,0.0726785008856287,0.074096497948656,401301725.04727,5406473376.66372,401.30172504727
DOGE,2023-03-08,0.074096497948656,0.0743294156737419,0.0704514193627082,0.0712600874987647,316643449.523926,4339899044.95414,316.643449523926
DOGE,2023-03-09,0.0712600874987647,0.0723014092812934,0.064450138203014,0.0661365308543501,410503485.611921,5969138310.85738,410.503485611921
DOGE,2023-03-10,0.0661365308543501,0.0664237845816015,0.0630361042150883,0.0661946572164812,357052243.652558,5477930685.33186,357.05224365255805
DOGE,2023-03-11,0.0661946572164812,0.0689302252432556,0.0640800114576749,0.0666819819698177,329400509.253193,4988984822.42559,329.40050925319304
DOGE,2023-03-12,0.0666819819698177,0.0712912577221921,0.0659169913296601,0.0709579611177671,274136069.382326,4028452645.26812,274.136069382326
DOGE,2023-03-13,0.0709579611177671,0.0740232046933868,0.0685913142414849,0.0731995177812312,386933472.643307,5410895211.3178,386.93347264330697
DOGE,2023-03-14,0.0731995177812312,0.0776796471549115,0.0715431196569855,0.0748922493158177,470716639.666271,6300229148.32601,470.71663966627096
DOGE,2023-03-15,0.0748922493158177,0.0760942986599835,0.0678790655740175,0.0700649734494914,401390184.005322,5577078608.47939,401.390184005322
DOGE,2023-03-16,0.0700649734494914,0.0741496389551069,0.0693118806586522,0.0728244154525005,258357059.00671,3643909803.05803,258.35705900671
DOGE,2023-03-17,0.0728244154525005,0.0773971215519206,0.0718412124132185,0.0766318682804591,393148752.131673,5257271452.12909,393.148752131673
DOGE,2023-03-18,0.0766318682804591,0.0790034610566896,0.0728735239135625,0.0732695859510302,408412932.173138,5341685729.71442,408.412932173138
DOGE,2023-03-19,0.0732695859510302,0.076698261640385,0.0732695859510302,0.0748655401356123,270979707.197634,3605282256.39611,270.97970719763396
DOGE,2023-03-20,0.0748655401356123,0.0759083849099623,0.0710550017696327,0.0718202531635011,331136936.522074,4496951599.58363,331.136936522074
DOGE,2023-03-21,0.0718202531635011,0.0781282929360434,0.0708327495475773,0.0770254348264404,510223474.795009,6794191075.99669,510.223474795009
DOGE,2023-03-22,0.0770254348264404,0.0782038904113488,0.0722191924911512,0.0742953348095682,604445615.562598,7982632983.14529,604.4456155625979
DOGE,2023-03-23,0.0742953348095682,0.079205361890625,0.0734305779379454,0.0777089567612339,501948471.364087,6522287853.1812,501.94847136408697
DOGE,2023-03-24,0.0777089567612339,0.0777089567612339,0.0735448230919459,0.0750126353636444,305994844.095362,4052145594.74493,305.994844095362
DOGE,2023-03-25,0.0750126353636444,0.0763173724516956,0.0730177932076522,0.0744537894966648,225752954.703631,3014357160.47373,225.75295470363102
DOGE,2023-03-26,0.0744537894966648,0.0756617185931974,0.0736154043540845,0.0746575552950383,178765509.893634,2391753488.54502,178.765509893634
DOGE,2023-03-27,0.0746575552950383,0.0763019018599067,0.0719260748976313,0.0732686915340258,345264872.725175,4661768030.14251,345.264872725175
DOGE,2023-03-28,0.0732686915340258,0.0742172482064718,0.0721044132877966,0.0740572205603625,221191883.494537,3029107605.12749,221.191883494537
DOGE,2023-03-29,0.0740572205603625,0.0768696558094708,0.0736098348155609,0.0757231431430591,337069722.541718,4449805618.58628,337.069722541718
DOGE,2023-03-30,0.0757231431430591,0.0769768872982289,0.0737947383844879,0.0744682040667777,293059584.472879,3903364231.30587,293.059584472879
DOGE,2023-03-31,0.0744682040667777,0.0779255267999856,0.0736970805956681,0.0771377539534941,301646712.430087,3981845923.40274,301.64671243008695
DOGE,2023-04-01,0.0771377539534941,0.0833774526409675,0.076145616816872,0.0819740616646217,567701457.736327,7142992235.34625,567.701457736327
DOGE,2023-04-02,0.0819740616646217,0.0856212126452318,0.0777144929838084,0.079257668912518,687508978.192439,8370907723.48952,687.5089781924389
DOGE,2023-04-03,0.079257668912518,0.103337588895905,0.0765744656655256,0.0962917174787662,2512226816.25885,27072623696.1891,2512.2268162588502
DOGE,2023-04-04,0.0962917174787662,0.103431606625269,0.0925974194518551,0.09518717807772,2314090091.01291,23616650037.0773,2314.09009101291
DOGE,2023-04-05,0.09518717807772,0.0991418509695603,0.091498352126605,0.0927962324261148,1150623012.43965,12021565817.2148,1150.62301243965
DOGE,2023-04-06,0.0927962324261148,0.0927962324261148,0.084970702009811,0.0855043772024011,1065965660.94685,11931390853.2192,1065.96566094685
DOGE,2023-04-07,0.0855043772024011,0.0863267504089424,0.0816171865459041,0.0823882537976341,639043735.788376,7670699158.80088,639.043735788376
DOGE,2023-04-08,0.0823882537976341,0.0839188915063389,0.0810077959549813,0.0815266314609311,367275628.872736,4442665834.74376,367.275628872736
DOGE,2023-04-09,0.0815266314609311,0.0838972799659984,0.0812822670281015,0.0832737334453051,325058338.671816,3935125357.28498,325.058338671816
DOGE,2023-04-10,0.0832737334453051,0.085410887547449,0.0823597147858915,0.0848198188919723,329211272.91231,3939519637.14844,329.21127291231
DOGE,2023-04-11,0.0848198188919723,0.0857956095943099,0.0837612198326178,0.0842000530086675,328129918.413157,3868795938.25384,328.129918413157
DOGE,2023-04-12,0.0842000530086675,0.0844677648232117,0.0812166056684389,0.0834483295679489,478517472.577102,5799388999.01758,478.517472577102
DOGE,2023-04-13,0.0834483295679489,0.0888694593280872,0.0829645062232936,0.0875161949050275,565764398.360518,6542298235.47963,565.7643983605179
DOGE,2023-04-14,0.0875161949050275,0.0912979011247883,0.085696336225423,0.0888082635319893,715951697.736627,8039247761.80085,715.951697736627
DOGE,2023-04-15,0.0888082635319893,0.0906123021264196,0.0874447543032788,0.0890557350361004,321379352.89435,3607785327.72761,321.37935289435
DOGE,2023-04-16,0.0890557350361004,0.091758856851842,0.0879519931718589,0.090538802767748,417036685.584424,4633605696.07551,417.036685584424
DOGE,2023-04-17,0.090538802767748,0.0946796411717193,0.0883644793393019,0.0914719202127746,954620367.463596,10360479619.0796,954.620367463596
DOGE,2023-04-18,0.0914719202127746,0.0946004993947415,0.0899107769272253,0.0939723585814216,608650507.151432,6554157013.9241,608.6505071514321
DOGE,2023-04-19,0.0939723585814216,0.0939723585814216,0.0861850473098074,0.088014687666641,919140778.212481,10258842102.7275,919.140778212481
DOGE,2023-04-20,0.088014687666641,0.0933660089969277,0.0829103941300246,0.084100341240597,1358228146.03428,15290736223.9626,1358.2281460342801
DOGE,2023-04-21,0.084100341240597,0.08472834151613,0.0773286552896705,0.0784663756399974,599596954.639434,7330798773.15201,599.596954639434
DOGE,2023-04-22,0.0784663756399974,0.0809847021377483,0.0782158542512354,0.0803062779503678,287849071.191703,3617683840.64882,287.84907119170305
DOGE,2023-04-23,0.0803062779503678,0.0807916314710259,0.0770363899767063,0.0787775276741667,269996874.745785,3406399417.79194,269.996874745785
DOGE,2023-04-24,0.0787775276741667,0.0800274182785581,0.077501603340746,0.0788830399166445,289180756.296033,3663921636.77236,289.18075629603305
DOGE,2023-04-25,0.0788830399166445,0.0800001751497124,0.0776887681149324,0.0797691363492777,265661045.984927,3373987988.54584,265.661045984927
DOGE,2023-04-26,0.0797691363492777,0.0834089370625871,0.0755245890015267,0.0787259117159528,528735157.32499,6612099982.4561,528.7351573249899
DOGE,2023-04-27,0.0787259117159528,0.0809650805306301,0.0785151404712336,0.0801567104973314,336735987.289914,4212740056.54575,336.735987289914
DOGE,2023-04-28,0.0801567104973314,0.0808181044708758,0.0793224227254746,0.0804375841430706,213092923.590869,2657416991.37246,213.09292359086902
DOGE,2023-04-29,0.0804375841430706,0.0823240529104067,0.0803064511896055,0.0816480566434334,219155581.568565,2698072981.50249,219.155581568565
DOGE,2023-04-30,0.0816480566434334,0.0817482718289654,0.079449281919488,0.0795689330000056,211237931.736365,2611926850.91622,211.237931736365
DOGE,2023-05-01,0.0795689330000056,0.0800730878496006,0.0774961888960846,0.0788862841946113,255091525.17943,3244760426.2064,255.09152517943002
DOGE,2023-05-02,0.0788862841946113,0.0791557675255711,0.0777371231119673,0.0788561664214794,186126177.922365,2367321011.65349,186.126177922365
DOGE,2023-05-03,0.0788561664214794,0.0807185432884693,0.0772855964022412,0.0796287543836574,243595307.572723,3104640428.10486,243.595307572723
DOGE,2023-05-04,0.0796287543836574,0.0798533409353878,0.0780804645344406,0.0785091192070137,209723123.112464,2656770553.25689,209.723123112464
DOGE,2023-05-05,0.0785091192070137,0.0814237373050306,0.077938908882059,0.0803431792139955,320768540.658618,4048712127.64186,320.76854065861795
DOGE,2023-05-06,0.0803431792139955,0.080591098699265,0.0761660880375874,0.076897827143444,322006771.533217,4128601733.83475,322.00677153321703
DOGE,2023-05-07,0.076897827143444,0.0780767304661701,0.0765332401412163,0.0767667799684421,202879011.604631,2628866845.69383,202.87901160463102
DOGE,2023-05-08,0.0767667799684421,0.0778370558800192,0.0705834955269007,0.0726318744474738,420920334.565221,5694792135.10134,420.920334565221
DOGE,2023-05-09,0.0726318744474738,0.0738724181180803,0.0723117013608831,0.0732304050068732,243890958.953984,3345100107.83303,243.89095895398398
DOGE,2023-05-10,0.0732304050068732,0.0748564814062505,0.0710399964901266,0.0733593215429539,310337138.653406,4237232073.3215,310.33713865340604
DOGE,2023-05-11,0.0733593215429539,0.0733593215429539,0.069500657542573,0.0720727853402733,246487775.196606,3441322418.77902,246.487775196606
DOGE,2023-05-12,0.0720727853402733,0.0727272372346113,0.0694759147769016,0.0724689316860506,247964549.052593,3483245144.09607,247.964549052593
DOGE,2023-05-13,0.0724689316860506,0.0724825812919434,0.0714547158684781,0.0717648466468857,98372380.376107,1367021677.05334,98.372380376107
DOGE,2023-05-14,0.0717648466468857,0.0727961339093891,0.0713561695537546,0.0720268002247239,92406236.6119912,1282365772.39141,92.40623661199119
DOGE,2023-05-15,0.0720268002247239,0.073736136200252,0.071141830009859,0.0720782575955907,159294038.963451,2191871618.55154,159.294038963451
DOGE,2023-05-16,0.0720782575955907,0.0732707982297044,0.0710774427036847,0.0728025066500573,137894366.748735,1913071470.12781,137.89436674873502
DOGE,2023-05-17,0.0728025066500573,0.0755154897731569,0.0724682523317426,0.074860287236887,237463673.572447,3216063541.10678,237.463673572447
DOGE,2023-05-18,0.074860287236887,0.0750568325599732,0.0718594138453618,0.0735466606304352,221724661.482724,3002532250.90121,221.724661482724
DOGE,2023-05-19,0.0735466606304352,0.0741555762782317,0.0731938842923075,0.0736245825721096,119394955.327643,1620332982.94652,119.394955327643
DOGE,2023-05-20,0.0736245825721096,0.0739616716697185,0.0731983462185564,0.0737495977114881,82081942.2408219,1116013425.63195,82.0819422408219
DOGE,2023-05-21,0.0737495977114881,0.0740901027886477,0.0721928963119023,0.0722673134749397,102030474.958131,1395490447.8478,102.030474958131
DOGE,2023-05-22,0.0722673134749397,0.0741463769485575,0.0711517655073174,0.073106195083161,154863950.525176,2130491363.17154,154.863950525176
DOGE,2023-05-23,0.073106195083161,0.0739862717960892,0.0726087113166944,0.0730009825429671,113742416.484881,1554243971.01336,113.742416484881
DOGE,2023-05-24,0.0730009825429671,0.0730009825429671,0.0700049521626073,0.0708404974566321,172045245.838008,2418159754.49495,172.045245838008
DOGE,2023-05-25,0.0708404974566321,0.0710924410907492,0.0690606439773792,0.0709875999512437,139796449.62313,1986393478.17624,139.79644962313
DOGE,2023-05-26,0.0709875999512437,0.0714844998990155,0.0705272560635395,0.071099930204419,113263418.659266,1595949306.60171,113.263418659266
DOGE,2023-05-27,0.071099930204419,0.0734727046657576,0.0709968577568042,0.0727188870265982,109092766.646429,1517026734.11358,109.092766646429
DOGE,2023-05-28,0.0727188870265982,0.074028724312899,0.0721442695976772,0.0736248181488356,139777184.787523,1916175467.37188,139.777184787523
DOGE,2023-05-29,0.0736248181488356,0.0740507273675654,0.0728506570645023,0.073213959145043,116359157.189453,1586026041.33568,116.359157189453
DOGE,2023-05-30,0.073213959145043,0.0735029915700658,0.0722485547878079,0.072375396508186,189769936.528315,2611548082.4575,189.76993652831501
DOGE,2023-05-31,0.072375396508186,0.0727136609017602,0.0708964491924173,0.0717588963682276,140895369.717234,1966387931.25329,140.895369717234
DOGE,2023-06-01,0.0717588963682276,0.0724848654427494,0.0709610413287607,0.0715406207314355,118911424.165658,1657065476.30086,118.91142416565799
DOGE,2023-06-02,0.0715406207314355,0.0733498433479401,0.0711937380694218,0.0726580931907849,124249454.618008,1720376418.46052,124.249454618008
DOGE,2023-06-03,0.0726580931907849,0.0730514715633092,0.0723191522484167,0.0727781667307721,83209515.7205312,1145923933.29621,83.2095157205312
DOGE,2023-06-04,0.0727781667307721,0.0733300026887551,0.0724716942344071,0.0725568745283734,99819029.2540029,1369495319.24371,99.8190292540029
DOGE,2023-06-05,0.0725568745283734,0.0727811470209206,0.0642167997563969,0.0666441095631296,372683562.744915,5499482383.31812,372.68356274491504
DOGE,2023-06-06,0.0666441095631296,0.0721100570141835,0.0661175487197358,0.0703976473719374,308930220.956299,4498010371.18746,308.930220956299
DOGE,2023-06-07,0.0703976473719374,0.0707441487626732,0.0669597437233937,0.068071600953399,199936213.338961,2920428033.67714,199.936213338961
DOGE,2023-06-08,0.068071600953399,0.0685409721984118,0.067254260777075,0.0680768769661265,119445404.918762,1757109304.18114,119.445404918762
DOGE,2023-06-09,0.0680768769661265,0.0712030119108348,0.0676775067379186,0.0696368327995681,198114449.961694,2862834308.88034,198.114449961694
DOGE,2023-06-10,0.0696368327995681,0.0709159935396315,0.055477593274592,0.0620339018038928,718245443.770389,11603781813.7987,718.245443770389
DOGE,2023-06-11,0.0620339018038928,0.0630162404357124,0.0613824774673999,0.0618107888565753,171809737.617976,2764273386.4894,171.809737617976
DOGE,2023-06-12,0.0618107888565753,0.0618910406755452,0.0604097338622938,0.0617687196631095,153735719.564987,2509951092.65963,153.735719564987
DOGE,2023-06-13,0.0617687196631095,0.0628578088299808,0.0609474745489734,0.0619687928190758,149479373.659947,2414181614.5841,149.47937365994702
DOGE,2023-06-14,0.0619687928190758,0.0625170732854527,0.0588280358180395,0.0606418377875163,180389854.952628,2960690780.37731,180.38985495262799
DOGE,2023-06-15,0.0606418377875163,0.0621340027745814,0.0599164393808654,0.0617504342520171,159027234.960543,2602845598.27261,159.027234960543
DOGE,2023-06-16,0.0617504342520171,0.062868762955592,0.0610269098590385,0.0623261247177203,142953288.390194,2311178782.43064,142.953288390194
DOGE,2023-06-17,0.0623261247177203,0.0630525497185189,0.0619082079604594,0.0623706737739329,106736119.772935,1707653692.61875,106.736119772935
DOGE,2023-06-18,0.0623706737739329,0.0640349928446701,0.0616170077940192,0.0622855052106045,178328912.836513,2850695608.52529,178.328912836513
DOGE,2023-06-19,0.0622855052106045,0.062843893041436,0.0617476533181319,0.0625129535785525,109218962.142502,1756290415.56635,109.218962142502
DOGE,2023-06-20,0.0625129535785525,0.0631935363184658,0.060931413926907,0.0631935363184658,140103751.181163,2251055317.95784,140.103751181163
DOGE,2023-06-21,0.0631935363184658,0.0667657627249487,0.0629623491107797,0.0657195903712434,271015020.136514,4184888842.9181,271.015020136514
DOGE,2023-06-22,0.0657195903712434,0.0691357485706006,0.0654135618415434,0.0656626568076168,299711660.2188,4469650596.09732,299.71166021880003
DOGE,2023-06-23,0.0656626568076168,0.0700352143504998,0.0649744473567193,0.0683376098342439,238831346.419281,3539176491.00958,238.831346419281
DOGE,2023-06-24,0.0683376098342439,0.0685301612969565,0.0655390826520843,0.0668623478474623,209565747.843577,3112137186.11794,209.565747843577
DOGE,2023-06-25,0.0668623478474623,0.0681332290636154,0.0660153567877004,0.0667898010493353,147263437.089123,2185681110.74606,147.26343708912302
DOGE,2023-06-26,0.0667898010493353,0.0669088702895581,0.0637105732465348,0.0649031682652648,202567328.7718,3092482855.26897,202.56732877180002
DOGE,2023-06-27,0.0649031682652648,0.0658519052696712,0.064037288897848,0.065611914818058,155701659.199086,2382264235.83608,155.701659199086
DOGE,2023-06-28,0.065611914818058,0.0658076839482119,0.0613615211106114,0.0626731759677389,206289809.18731,3240556855.57261,206.28980918731
DOGE,2023-06-29,0.0626731759677389,0.064102707055956,0.0622834505804151,0.0634362197144626,140007760.775778,2214741321.71604,140.007760775778
DOGE,2023-06-30,0.0634362197144626,0.0669401508234941,0.0620320909146764,0.0665323610006909,383726769.981138,5880870732.98069,383.726769981138
DOGE,2023-07-01,0.0665323610006909,0.0713439692041823,0.0665323610006909,0.0685850785919802,491137557.271255,7110565468.47696,491.137557271255
DOGE,2023-07-02,0.0685850785919802,0.0691153479507364,0.0661072834651999,0.0680647255176166,281440276.063474,4161984799.4366,281.440276063474
DOGE,2023-07-03,0.0680647255176166,0.0688555554302852,0.0667611355986165,0.0685397389628069,201656301.806312,2959834755.13181,201.656301806312
DOGE,2023-07-04,0.0685397389628069,0.071870131860509,0.06627914625188,0.0692287609169702,377672567.460567,5425461837.1996,377.672567460567
DOGE,2023-07-05,0.0692287609169702,0.0693601364199283,0.0655391744789783,0.0671567159500974,242685021.049184,3600805825.61323,242.685021049184
DOGE,2023-07-06,0.0671567159500974,0.0685662259476917,0.0646680212979856,0.0650360615562619,205487271.140357,3084929597.50017,205.487271140357
DOGE,2023-07-07,0.0650360615562619,0.0659941215209381,0.0626495917873522,0.065596110737862,142627759.689898,2179703529.70441,142.62775968989803
DOGE,2023-07-08,0.065596110737862,0.0661705506370601,0.0649589596482988,0.0659093340395532,102486174.926245,1564035236.68086,102.486174926245
DOGE,2023-07-09,0.0659093340395532,0.0665131170830976,0.0627010906996486,0.065205860867167,99839517.6884464,1515688579.27729,99.8395176884464
DOGE,2023-07-10,0.065205860867167,0.0661976216783052,0.061786712902826,0.0652830857176345,184424076.204153,2843468709.32585,184.424076204153
DOGE,2023-07-11,0.0652830857176345,0.0656125638627667,0.0644755691459805,0.065417485172459,105952406.255151,1626782815.6549,105.952406255151
DOGE,2023-07-12,0.065417485172459,0.0658214457144664,0.0641726184754936,0.0653195731910546,119159163.2964,1825520026.54801,119.1591632964
DOGE,2023-07-13,0.0653195731910546,0.0715075774920018,0.0648833792106955,0.0704905769288772,503457994.759293,7320740900.55673,503.457994759293
DOGE,2023-07-14,0.0704905769288772,0.0731097658643681,0.0671609189143526,0.0687429451902347,540994616.613878,7695173318.92005,540.9946166138781
DOGE,2023-07-15,0.0687429451902347,0.0750707798380806,0.0680359405798393,0.0721301074227938,741431025.359035,10200390819.1756,741.4310253590351
DOGE,2023-07-16,0.0721301074227938,0.072354541004323,0.0692456746449383,0.0696807601058259,315235408.707029,4450405748.994,315.23540870702897
DOGE,2023-07-17,0.0696807601058259,0.0730150333095697,0.0682913547702954,0.070030094328666,379524825.881761,5399977409.74537,379.524825881761
DOGE,2023-07-18,0.070030094328666,0.0704775584099956,0.0676667364516179,0.0688544067195685,226436621.531869,3287347352.73117,226.436621531869
DOGE,2023-07-19,0.0688544067195685,0.0715955185657467,0.0685245267056144,0.0701891228190422,335671958.312538,4789027018.87058,335.67195831253804
DOGE,2023-07-20,0.0701891228190422,0.0738263332272198,0.0682872195868976,0.0707496588608179,471919515.530364,6601768390.6189,471.919515530364
DOGE,2023-07-21,0.0707496588608179,0.0768319192536478,0.0698851493127279,0.0733304342758438,632387112.653278,8595513856.25667,632.387112653278
DOGE,2023-07-22,0.0733304342758438,0.0734841747246473,0.0700202885162237,0.0706507514863977,284781122.65231,3962009778.94386,284.78112265231
DOGE,2023-07-23,0.0706507514863977,0.0729307186608721,0.070233488624696,0.0718874789376846,223389766.462666,3106253436.62917,223.38976646266602
DOGE,2023-07-24,0.0718874789376846,0.0778118587789582,0.07049887101349,0.0745070885477415,1222478844.52724,16268292449.2205,1222.47884452724
DOGE,2023-07-25,0.0745070885477415,0.0838063418966332,0.0740187200371724,0.0820604441149058,1260273906.28927,15955066618.0456,1260.27390628927
DOGE,2023-07-26,0.0820604441149058,0.0825019286689682,0.0770333219281696,0.0780827325017183,678741660.508506,8550156548.67395,678.7416605085059
DOGE,2023-07-27,0.0780827325017183,0.0799700241310016,0.0768694976618466,0.0776733870434242,402800119.637356,5135553992.30315,402.800119637356
DOGE,2023-07-28,0.0776733870434242,0.0781623713011579,0.0762932191522272,0.0773926093384101,288201082.849588,3733438986.94802,288.201082849588
DOGE,2023-07-29,0.0773926093384101,0.0817515421955816,0.0771449207557882,0.0802965372328235,357154281.504126,4497547390.47709,357.154281504126
DOGE,2023-07-30,0.0802965372328235,0.0806242459191994,0.0769373004730382,0.0783140310505944,335278777.251939,4222353262.9061,335.278777251939
DOGE,2023-07-31,0.0783140310505944,0.079879227748312,0.0770599868646676,0.0780187539028403,265219143.031698,3379050641.20665,265.21914303169797
DOGE,2023-08-01,0.0780187539028403,0.0783043346821919,0.0758805640259052,0.0781705820942614,285881954.579527,3718931249.29831,285.881954579527
DOGE,2023-08-02,0.0781705820942614,0.0782894306905205,0.0740814487506641,0.0743093294373616,288363982.832431,3800530662.26993,288.363982832431
DOGE,2023-08-03,0.0743093294373616,0.0750490016208827,0.0729537506823826,0.0736604079440023,307789438.201317,4153557757.09258,307.789438201317
DOGE,2023-08-04,0.0736604079440023,0.0749330109797187,0.0728145760801549,0.0735165276090175,243749396.509417,3291950978.43151,243.749396509417
DOGE,2023-08-05,0.0735165276090175,0.0770226092818478,0.0729627586805695,0.0757905217725498,353116328.286062,4672736376.29706,353.116328286062
DOGE,2023-08-06,0.0757905217725498,0.076545495997735,0.0742372794894259,0.0743323062271515,245618190.688219,3263422254.97243,245.61819068821902
DOGE,2023-08-07,0.0743323062271515,0.0756956607528259,0.0722347356670395,0.0735660047035048,280022673.230895,3786709110.9695,280.022673230895
DOGE,2023-08-08,0.0735660047035048,0.0754083332982788,0.0732313595027108,0.0749938676330731,241893379.663582,3256405704.90052,241.893379663582
DOGE,2023-08-09,0.0749938676330731,0.0761441549857693,0.0743540670635733,0.0754488240500418,239546271.857665,3184427764.51397,239.546271857665
DOGE,2023-08-10,0.0754488240500418,0.0768394784144766,0.0751467310071064,0.0758288601887941,269728785.799401,3557767765.91411,269.728785799401
DOGE,2023-08-11,0.0758288601887941,0.0759914574247675,0.0750574417712673,0.075645317853174,172850195.692792,2289376481.88263,172.850195692792
DOGE,2023-08-12,0.075645317853174,0.0772810328707004,0.0755521101282527,0.0767072518935178,243122407.502759,3174771480.66512,243.12240750275902
DOGE,2023-08-13,0.0767072518935178,0.0768359886170688,0.0743311560952744,0.0747916609212955,222611317.637212,2933528028.70055,222.611317637212
DOGE,2023-08-14,0.0747916609212955,0.0766171363823596,0.0737816846299767,0.0746622036267084,268910144.709962,3592895660.09778,268.910144709962
DOGE,2023-08-15,0.0746622036267084,0.0748909458232359,0.0692747811505779,0.0709591456762276,321541188.33287,4446671159.30803,321.54118833287
DOGE,2023-08-16,0.0709591456762276,0.0712541524170408,0.0664707298914836,0.0672505345060258,325164797.08553,4712470128.99735,325.16479708553
DOGE,2023-08-17,0.0672505345060258,0.068521067587547,0.0570174940262102,0.0612005053107984,577125510.326764,9078780787.61968,577.125510326764
DOGE,2023-08-18,0.0612005053107984,0.0639680270042371,0.0601306232248877,0.0634247819618688,395370064.346856,6339413396.98943,395.370064346856
DOGE,2023-08-19,0.0634247819618688,0.0645787335836192,0.0633033549173387,0.0639345682658476,193266620.303339,3031072160.64311,193.266620303339
DOGE,2023-08-20,0.0639345682658476,0.0650799509546226,0.063642565782757,0.0639707271357562,162273516.295991,2528582122.56858,162.27351629599102
DOGE,2023-08-21,0.0639707271357562,0.0644314976079037,0.0610860009336291,0.0627798778769412,215662106.083478,3433197351.78555,215.662106083478
DOGE,2023-08-22,0.0627798778769412,0.0634107049080015,0.0607448280961951,0.0626710042814162,209917456.8148,3360682388.25105,209.9174568148
DOGE,2023-08-23,0.0626710042814162,0.0646964174857792,0.0626290767017228,0.0639414119940513,225480137.57692,3538730784.21668,225.48013757692001
DOGE,2023-08-24,0.0639414119940513,0.0642511157417822,0.0622020669417016,0.0632069784571685,159112641.040731,2511841427.55485,159.112641040731
DOGE,2023-08-25,0.0632069784571685,0.0635081119631925,0.0619432421862766,0.063277379046738,151597876.126243,2421816916.27947,151.597876126243
DOGE,2023-08-26,0.063277379046738,0.0638423722350504,0.0627916802835363,0.0630463740919333,94212459.2759137,1493054657.9656,94.2124592759137
DOGE,2023-08-27,0.0630463740919333,0.0640369052366264,0.0628565860475212,0.0632868073582027,106515897.310156,1683105865.02548,106.515897310156
DOGE,2023-08-28,0.0632868073582027,0.0637854821383546,0.0621901524989824,0.063563642071894,122940714.045576,1953804244.68731,122.940714045576
DOGE,2023-08-29,0.063563642071894,0.0683646554057687,0.0625346907426586,0.0666525423355,361389228.679284,5477053998.99676,361.389228679284
DOGE,2023-08-30,0.0666525423355,0.066725444457465,0.0647453402649861,0.0660625572692157,199095386.275433,3035698977.78604,199.09538627543301
DOGE,2023-08-31,0.0660625572692157,0.0671264029567857,0.0631706284615823,0.0639610018170623,272312736.826931,4166828114.30683,272.312736826931
DOGE,2023-09-01,0.0639610018170623,0.064451791655229,0.0627559056800867,0.064451791655229,183428666.115042,2877858401.00785,183.428666115042
DOGE,2023-09-02,0.064451791655229,0.0648487940822911,0.0629878115342797,0.0636909686761866,161019299.551378,2522955488.73068,161.019299551378
DOGE,2023-09-03,0.0636909686761866,0.0641364760738383,0.0629909204255132,0.0633222286674173,121621919.717302,1914885541.10561,121.62191971730199
DOGE,2023-09-04,0.0633222286674173,0.0639365176127721,0.0624694230232479,0.0633718166515983,132817129.148632,2098143849.72355,132.817129148632
DOGE,2023-09-05,0.0633718166515983,0.0644747044527801,0.0629947523399296,0.0641599160365457,153941075.219777,2408854060.26909,153.941075219777
DOGE,2023-09-06,0.0641599160365457,0.0646910003120446,0.0628083104018135,0.0637549624973543,151206799.239435,2370091096.29851,151.206799239435
DOGE,2023-09-07,0.0637549624973543,0.0641881899537402,0.0628814239635611,0.0637238624641134,116262515.468339,1832599761.06475,116.26251546833899
DOGE,2023-09-08,0.0637238624641134,0.0640678556834533,0.0626383390894939,0.0637734233242482,117237938.477044,1850075178.693,117.237938477044
DOGE,2023-09-09,0.0637734233242482,0.0641077284096786,0.0633503639093503,0.0634775140682325,76552512.8873909,1202903304.94,76.55251288739089
DOGE,2023-09-10,0.0634775140682325,0.0638635777557338,0.0608112198736091,0.0614444861686635,187449849.306312,3038993776.69925,187.449849306312
DOGE,2023-09-11,0.0614444861686635,0.0621915770841067,0.0595626956727979,0.0606900056669003,207641171.021126,3418220254.46752,207.641171021126
DOGE,2023-09-12,0.0606900056669003,0.0622863888745747,0.060472955675493,0.0610245670688659,185676681.398741,3018703888.12769,185.676681398741
DOGE,2023-09-13,0.0610245670688659,0.0617718238563157,0.0606560154528139,0.0613636270149758,152153541.126866,2486110999.31991,152.153541126866
DOGE,2023-09-14,0.0613636270149758,0.0625750003866164,0.0612159506494621,0.0622013434539266,147425830.860591,2385367688.80682,147.425830860591
DOGE,2023-09-15,0.0622013434539266,0.063002604885622,0.0615558239638577,0.0625963347288158,114896683.877833,1848476987.7289,114.896683877833
DOGE,2023-09-16,0.0625963347288158,0.0630201184984809,0.0619372065822498,0.0622669585789402,104065666.756362,1666766476.12885,104.065666756362
DOGE,2023-09-17,0.0622669585789402,0.0628474125031989,0.0611977748054068,0.0615758566549015,115530528.830146,1864015052.71499,115.530528830146
DOGE,2023-09-18,0.0615758566549015,0.0629017790460311,0.0612121708920275,0.0621281226607335,151860316.2293,2444859662.60773,151.8603162293
DOGE,2023-09-19,0.0621281226607335,0.063260785038372,0.0619804903210226,0.0627453845622144,148765107.765801,2376061463.91001,148.76510776580102
DOGE,2023-09-20,0.0627453845622144,0.0630402694218828,0.0618234880660332,0.0626744366545898,138158126.393499,2214031531.33336,138.15812639349897
DOGE,2023-09-21,0.0626744366545898,0.0634287837187523,0.0612815414252981,0.0613882827310261,162147309.600768,2610475199.31893,162.147309600768
DOGE,2023-09-22,0.0613882827310261,0.0619624288395282,0.0609544611201554,0.0616041656056359,105431082.145191,1712092596.79519,105.431082145191
DOGE,2023-09-23,0.0616041656056359,0.0620053519109042,0.0613888249991935,0.0616366503372996,80215755.146205,1300747477.14066,80.215755146205
DOGE,2023-09-24,0.0616366503372996,0.0619277300563083,0.0606627178032743,0.0608070262035713,81149927.0571855,1320597272.11687,81.14992705718551
DOGE,2023-09-25,0.0608070262035713,0.0612865298335916,0.0604339407958807,0.0610045074508522,80568588.187803,1323059681.97882,80.568588187803
DOGE,2023-09-26,0.0610045074508522,0.0611311395299666,0.0597967649285406,0.060722669771154,93678919.6614908,1548184267.19144,93.6789196614908
DOGE,2023-09-27,0.060722669771154,0.0613908638010483,0.0602595233482117,0.0605340551435458,119422061.983896,1966910169.13699,119.422061983896
DOGE,2023-09-28,0.0605340551435458,0.0616531583769988,0.060408263210716,0.0615353929628834,95874033.8540047,1570295902.10406,95.8740338540047
DOGE,2023-09-29,0.0615353929628834,0.0623742904739335,0.0613327331043624,0.062156173135339,103099149.215312,1666076084.26088,103.09914921531201
DOGE,2023-09-30,0.062156173135339,0.0625769814486051,0.0616544118422982,0.0621380041110513,90099044.2597019,1449357063.12784,90.0990442597019
DOGE,2023-10-01,0.0621380041110513,0.0635182747508906,0.0618548112028679,0.0631780820238595,113824211.640086,1819199935.88453,113.82421164008599
DOGE,2023-10-02,0.0631780820238595,0.06407384186014,0.0615338736653614,0.0620486670195679,220769382.135264,3511066022.50772,220.769382135264
DOGE,2023-10-03,0.0620486670195679,0.0623046701314456,0.0611656527042885,0.0613801016644488,124354642.972577,2011828213.07225,124.35464297257701
DOGE,2023-10-04,0.0613801016644488,0.0615952730996787,0.0603779921424791,0.0614827310458353,91590988.3433991,1501728672.84317,91.59098834339909
DOGE,2023-10-05,0.0614827310458353,0.0616749609087169,0.0603555277741454,0.0609389775523062,74027927.3543727,1210509754.64023,74.0279273543727
DOGE,2023-10-06,0.0609389775523062,0.0616126682386611,0.0608443966886202,0.0614690761999729,79582424.494419,1299295037.31397,79.58242449441899
DOGE,2023-10-07,0.0614690761999729,0.0617895739207333,0.0611613826407306,0.0615339900032737,71974624.9116976,1170510243.82452,71.9746249116976
DOGE,2023-10-08,0.0615339900032737,0.0616973446042964,0.0608620747516184,0.0610541661335321,64871868.0216391,1058593357.68511,64.8718680216391
DOGE,2023-10-09,0.0610541661335321,0.0610805518632509,0.058089799795063,0.0588365994981744,185701955.622061,3136290324.7085,185.701955622061
DOGE,2023-10-10,0.0588365994981744,0.0594338180136105,0.0586263753212419,0.0592200756927807,96058164.9564341,1627900083.3289,96.0581649564341
DOGE,2023-10-11,0.0592200756927807,0.0596457190686265,0.0578649016679295,0.0586715766600713,112371760.452617,1914010899.88969,112.37176045261701
DOGE,2023-10-12,0.0586715766600713,0.0586715766600713,0.0575091861526722,0.0580100395877295,90363198.0383271,1557185786.28006,90.3631980383271
DOGE,2023-10-13,0.0580100395877295,0.0588917996565291,0.0578800238817482,0.0585115130128012,105625161.384164,1810237680.59285,105.625161384164
DOGE,2023-10-14,0.0585115130128012,0.0602533099464902,0.0584548603490776,0.0599526697687213,85350526.6202219,1440736250.47578,85.3505266202219
DOGE,2023-10-15,0.0599526697687213,0.0599997783195575,0.0591502529285562,0.0593930617079568,74922327.4131452,1258741178.58149,74.9223274131452
DOGE,2023-10-16,0.0593930617079568,0.0616462133372705,0.0593767570318981,0.0600832349840709,199036827.278426,3306718643.35555,199.036827278426
DOGE,2023-10-17,0.0600832349840709,0.0602649849682576,0.0587376031004534,0.059116803153114,123069580.564167,2069167686.5154,123.069580564167
DOGE,2023-10-18,0.059116803153114,0.0593080873542734,0.0584093482305572,0.0587069262073667,83727110.6307187,1422108182.05753,83.7271106307187
DOGE,2023-10-19,0.0587069262073667,0.0590134697803008,0.0579946442823435,0.0589208605059764,89762112.9443722,1535991039.33304,89.7621129443722
DOGE,2023-10-20,0.0589208605059764,0.0604228957053392,0.0587377598821985,0.0599929220916873,117359222.652895,1962344611.92309,117.359222652895
DOGE,2023-10-21,0.0599929220916873,0.0618043603214296,0.0595656327785541,0.0612305751863621,112721844.835907,1855808284.65904,112.72184483590699
DOGE,2023-10-22,0.0612305751863621,0.0617094919439693,0.0603497434008978,0.0616622660773436,116493328.86747,1908564459.93068,116.49332886747
DOGE,2023-10-23,0.0616622660773436,0.0675540713079694,0.0614543764252013,0.0673950878201114,478826428.611548,7438890371.23587,478.826428611548
DOGE,2023-10-24,0.0673950878201114,0.0698152366913331,0.0647871265742609,0.066587547555895,537811595.153828,7995441354.19197,537.8115951538281
DOGE,2023-10-25,0.066587547555895,0.069643386492507,0.064907516456147,0.0683140677125111,422505761.517055,6288043396.77034,422.50576151705496
DOGE,2023-10-26,0.0683140677125111,0.0749536930310113,0.0679158701826909,0.0718751381234134,831954868.529201,11583322834.8051,831.954868529201
DOGE,2023-10-27,0.0718751381234134,0.0722680264806936,0.0674605961872176,0.067924730178426,383269894.336329,5486525674.20904,383.269894336329
DOGE,2023-10-28,0.067924730178426,0.0697897029479698,0.0675874595851262,0.0690902898439812,193039048.026801,2807183375.55311,193.039048026801
DOGE,2023-10-29,0.0690902898439812,0.0701655391026784,0.0677449576447132,0.0694039288017958,153111880.583586,2219005272.55586,153.11188058358601
DOGE,2023-10-30,0.0694039288017958,0.0703677628387382,0.0681681243264564,0.0696777278832412,232429643.826509,3354298106.86137,232.429643826509
DOGE,2023-10-31,0.0696777278832412,0.0708111117442514,0.0665898383957863,0.0683819582814132,397469663.986883,5784748467.0498,397.469663986883
DOGE,2023-11-01,0.0683819582814132,0.069650552201727,0.0660336452798009,0.0690240789485517,370600926.170599,5480430056.5115,370.600926170599
DOGE,2023-11-02,0.0690240789485517,0.0709381837120523,0.0669690790082424,0.0680960558404995,414465673.815174,6003978107.02466,414.465673815174
DOGE,2023-11-03,0.0680960558404995,0.0684379140421972,0.0667104918684254,0.0683356907142186,221541393.485783,3275884808.06026,221.541393485783
DOGE,2023-11-04,0.0683356907142186,0.0694919416386901,0.0682081088369097,0.0693497812011839,159829950.831414,2320551007.60209,159.829950831414
DOGE,2023-11-05,0.0693497812011839,0.071978446454985,0.0691230518250913,0.0714767115850026,356245727.212373,5046407115.87451,356.245727212373
DOGE,2023-11-06,0.0714767115850026,0.0768120334342794,0.0707218760147532,0.0768120334342794,565844495.115856,7649057075.33105,565.844495115856
DOGE,2023-11-07,0.0768120334342794,0.0768120334342794,0.0719959265747959,0.0736505901276942,602290374.480613,8125843651.33429,602.290374480613
DOGE,2023-11-08,0.0736505901276942,0.0768064009157783,0.0730499622808549,0.0754685880930892,410164326.598612,5480517609.76409,410.16432659861204
DOGE,2023-11-09,0.0754685880930892,0.0778544391958961,0.0688140180644677,0.0737597668461692,746340415.89243,10075737679.6636,746.34041589243
DOGE,2023-11-10,0.0737597668461692,0.07581198619087,0.0730261883370815,0.0756892989428644,495151155.041508,6658888742.43831,495.151155041508
DOGE,2023-11-11,0.0756892989428644,0.0818537038237702,0.0748888929476074,0.0786791225105126,1042457360.94213,13209122096.7254,1042.45736094213
DOGE,2023-11-12,0.0786791225105126,0.080263260441661,0.0756170936309356,0.0780652478798193,541998853.885736,6930475113.13957,541.998853885736
DOGE,2023-11-13,0.0780652478798193,0.0795427938453936,0.0739951281812397,0.0747435701784861,607387984.379441,7892642341.03905,607.387984379441
DOGE,2023-11-14,0.0747435701784861,0.0758199010607769,0.0702850840214606,0.072782532734933,529789968.100695,7176998815.79645,529.789968100695
DOGE,2023-11-15,0.072782532734933,0.0767318265067855,0.0726711243999043,0.0765176551108228,381417089.701936,5124159457.8948,381.417089701936
DOGE,2023-11-16,0.0765176551108228,0.0835970972003253,0.0763133414681896,0.0801201528176106,1213722315.446,15259920719.6973,1213.722315446
DOGE,2023-11-17,0.0801201528176106,0.087907952594045,0.0797110051054627,0.0869617926463183,1581417488.23849,18948088135.7,1581.41748823849
DOGE,2023-11-18,0.0869617926463183,0.087021992588475,0.0798293963858028,0.0806259988197379,1055818977.86127,12716310800.3444,1055.81897786127
DOGE,2023-11-19,0.0806259988197379,0.0809089826189689,0.0779504520459656,0.0807333620174512,473184242.859562,5975246198.3166,473.184242859562
DOGE,2023-11-20,0.0807333620174512,0.0824340368623888,0.0778403339330693,0.0780263238823937,509452849.094335,6344872947.85669,509.452849094335
DOGE,2023-11-21,0.0780263238823937,0.0789919163855416,0.0713549447293872,0.0721578721962055,664676586.858182,8789589874.21078,664.676586858182
DOGE,2023-11-22,0.0721578721962055,0.0767159491645142,0.0720009339662798,0.0759375747235548,339650680.788363,4531752280.06417,339.650680788363
DOGE,2023-11-23,0.0759375747235548,0.0764641388019917,0.0749972276600732,0.076348784727211,215105281.433488,2832289836.88935,215.10528143348802
DOGE,2023-11-24,0.076348784727211,0.0789061238300702,0.076231225706918,0.0785013755690494,314303572.181513,4042318229.7881,314.303572181513
DOGE,2023-11-25,0.0785013755690494,0.0793983067531124,0.0777684460801254,0.0790681618506024,225565699.590027,2867026222.63528,225.565699590027
DOGE,2023-11-26,0.0790681618506024,0.0791318833333152,0.0761521942685443,0.0789739073636034,261552418.571213,3358237272.655,261.552418571213
DOGE,2023-11-27,0.0789739073636034,0.0818539457974521,0.0773726478650325,0.0792597588143269,561633530.489889,7059338370.45753,561.633530489889
DOGE,2023-11-28,0.0792597588143269,0.081320522084424,0.077234224333438,0.0811509209052597,469152406.785845,5901903026.13545,469.15240678584496
DOGE,2023-11-29,0.0811509209052597,0.0832684165122947,0.0799542014502222,0.0809058887438505,459649513.156514,5638968041.18076,459.649513156514
DOGE,2023-11-30,0.0809058887438505,0.0846352641783927,0.0807536581916183,0.0837432141653589,500367197.369165,6059681361.72176,500.367197369165
DOGE,2023-12-01,0.0837432141653589,0.0853091894006535,0.082623239356406,0.0840879201567437,403650006.953876,4811198948.2471,403.650006953876
DOGE,2023-12-02,0.0840879201567437,0.0867907284373572,0.0835338925705635,0.0863666743021576,352594609.537963,4152234368.61349,352.594609537963
DOGE,2023-12-03,0.0863666743021576,0.0875007375295851,0.0837598755859767,0.0858241306255824,426814048.075435,5000927128.37667,426.814048075435
DOGE,2023-12-04,0.0858241306255824,0.092568572549185,0.0853769425306249,0.0920730629554716,1034888767.45713,11650017971.7559,1034.88876745713
DOGE,2023-12-05,0.0920730629554716,0.0956362264336141,0.0878473855777068,0.0944820708080631,831446508.576579,9091852207.63892,831.4465085765789
DOGE,2023-12-06,0.0944820708080631,0.106611936499902,0.0938155552507332,0.0955909970833445,1994977465.86978,19781193872.1387,1994.97746586978
DOGE,2023-12-07,0.0955909970833445,0.0985865205030875,0.0935053688714523,0.0963109913120765,917744817.242764,9566389560.08659,917.744817242764
DOGE,2023-12-08,0.0963109913120765,0.104027493378728,0.0961027968544695,0.101926658992873,760804465.366288,7696041234.25926,760.8044653662879
DOGE,2023-12-09,0.101926658992873,0.105053442576687,0.0981628119807242,0.0988727172583061,842476535.663846,8268238697.92621,842.476535663846
DOGE,2023-12-10,0.0988727172583061,0.102869108942591,0.0970911628123381,0.102146360915824,517416869.230457,5152844835.29665,517.416869230457
DOGE,2023-12-11,0.102146360915824,0.106981757465791,0.0918662645467574,0.0946517077278253,1464213360.11798,14924975910.1544,1464.21336011798
DOGE,2023-12-12,0.0946517077278253,0.0981406672870239,0.0918483689245491,0.0944123641441032,714464617.938835,7496382108.73869,714.464617938835
DOGE,2023-12-13,0.0944123641441032,0.0982391268100152,0.0906492825489656,0.0970351229231421,597332732.120629,6374143927.60029,597.332732120629
DOGE,2023-12-14,0.0970351229231421,0.099236953124502,0.0950525641919579,0.0987548335549926,553822449.424716,5699155559.76208,553.822449424716
DOGE,2023-12-15,0.0987548335549926,0.0991181493719794,0.0930864502748,0.0933426771267542,459361927.521446,4788447011.23783,459.361927521446
DOGE,2023-12-16,0.0933426771267542,0.0975170679502814,0.0922389905705809,0.0975170679502814,381193414.883116,4019577413.97539,381.193414883116
DOGE,2023-12-17,0.0975170679502814,0.0980279755304289,0.092929995789054,0.0932912449568837,372125943.945966,3908985631.24412,372.125943945966
DOGE,2023-12-18,0.0932912449568837,0.0940307908834535,0.087319571631084,0.0925162138126755,498316360.069229,5498640595.33228,498.316360069229
DOGE,2023-12-19,0.0925162138126755,0.0937007559823359,0.0897364130769383,0.0904911798992515,366068809.136875,3980589645.91575,366.06880913687496
DOGE,2023-12-20,0.0904911798992515,0.0935095379473769,0.089850636459256,0.0917626756800299,454324616.502306,4961027671.98204,454.32461650230596
DOGE,2023-12-21,0.0917626756800299,0.0978882790003035,0.0910613455625609,0.0954130856767628,625377162.433877,6633315645.36223,625.377162433877
DOGE,2023-12-22,0.0954130856767628,0.0959296117611478,0.0925606132984327,0.0953782372017736,477355703.424618,5070868306.09218,477.355703424618
DOGE,2023-12-23,0.0953782372017736,0.0953782372017736,0.0926455137264314,0.0936123799111247,273086848.319752,2923602493.30945,273.086848319752
DOGE,2023-12-24,0.0936123799111247,0.0951579805456895,0.0914553005853012,0.0921758299920494,441605770.654511,4699488710.45969,441.605770654511
DOGE,2023-12-25,0.0921758299920494,0.0955109403045118,0.0917916559929586,0.0944910866555902,335916330.5832,3586081146.9772,335.91633058319997
DOGE,2023-12-26,0.0944910866555902,0.0945854816569288,0.0889467243514268,0.0916395371300459,437464726.138557,4763525080.31766,437.464726138557
DOGE,2023-12-27,0.0916395371300459,0.0941279765523724,0.0900108070941192,0.0939732104567359,331300099.347047,3576601436.05916,331.30009934704697
DOGE,2023-12-28,0.0939732104567359,0.0952080409114481,0.0914890282444336,0.0920920433038721,395224272.509961,4237322557.51904,395.224272509961
DOGE,2023-12-29,0.0920920433038721,0.0930450723303156,0.089730494506581,0.0911896825728159,349732606.221109,3819151983.40511,349.732606221109
DOGE,2023-12-30,0.0911896825728159,0.0915469469826504,0.0895338770122886,0.08999346344167,208469389.917599,2304747929.75243,208.469389917599
DOGE,2023-12-31,0.08999346344167,0.0906536690364547,0.088761225468396,0.0896516293522016,209273102.216582,2324763516.09257,209.273102216582
DOGE,2024-01-01,0.0896516293522016,0.0919101866571856,0.0887514792176455,0.0919101866571856,237428628.005419,2624467018.14056,237.428628005419
DOGE,2024-01-02,0.0919101866571856,0.094319351140723,0.0908138627657294,0.0912925287528881,419643611.742884,4529583568.11725,419.643611742884
DOGE,2024-01-03,0.0912925287528881,0.0921458875424033,0.0775912496072585,0.082386818618306,859523281.912112,10201096874.2497,859.523281912112
DOGE,2024-01-04,0.082386818618306,0.0847655258693977,0.0813722224705318,0.0842341843737462,435731782.059188,5243435330.32745,435.731782059188
DOGE,2024-01-05,0.0842341843737462,0.0849535301442595,0.080966380054083,0.0828031705094544,473900857.794254,5738128694.28076,473.900857794254
DOGE,2024-01-06,0.0828031705094544,0.0830393278144176,0.0786737309146164,0.0807387875905791,348706941.631787,4316814093.21814,348.706941631787
DOGE,2024-01-07,0.0807387875905791,0.0815539030413168,0.0773696130426516,0.0784526426015222,332443711.689334,4153412131.77703,332.44371168933395
DOGE,2024-01-08,0.0784526426015222,0.0824385873570979,0.074481165427252,0.081563522312878,507920613.888566,6471569424.23351,507.92061388856604
DOGE,2024-01-09,0.081563522312878,0.0830793176453201,0.0772201726107083,0.0793194183425825,841375324.695191,10593548039.2355,841.375324695191
DOGE,2024-01-10,0.0793194183425825,0.0849481425338969,0.0766289825059787,0.0832732146016298,602206747.55292,7548100888.36451,602.20674755292
DOGE,2024-01-11,0.0832732146016298,0.0879928486310256,0.0824348067131443,0.0849818270134273,682951059.471319,8031263331.31287,682.951059471319
DOGE,2024-01-12,0.0849818270134273,0.0857441778406845,0.0784155987837351,0.0804955447518811,535161412.221699,6452075008.26592,535.161412221699
DOGE,2024-01-13,0.0804955447518811,0.0817289469553573,0.0791249482672434,0.0812869090805562,240558195.841291,2977872467.76828,240.55819584129102
DOGE,2024-01-14,0.0812869090805562,0.0842910874345105,0.0800126799809378,0.080285963047099,382369320.901882,4660085489.39891,382.369320901882
DOGE,2024-01-15,0.080285963047099,0.0820746185670645,0.0801476495662991,0.0812704549392534,210247927.760479,2589691292.7076,210.247927760479
DOGE,2024-01-16,0.0812704549392534,0.0823868674118909,0.0800732509951708,0.0814413104096438,268552485.344847,3297978125.55772,268.552485344847
DOGE,2024-01-17,0.0814413104096438,0.0817186371150141,0.0796465268147987,0.0806418108584314,213057105.00743,2640703775.66967,213.05710500742998
DOGE,2024-01-18,0.0806418108584314,0.0808541523229376,0.0773744382136509,0.0782017595344907,260093289.878232,3279397476.53744,260.093289878232
DOGE,2024-01-19,0.0782017595344907,0.078946561693096,0.0752376714516765,0.0788212682352856,288014127.359677,3716627098.06246,288.014127359677
DOGE,2024-01-20,0.0788212682352856,0.0907221522116589,0.0783517499792989,0.0884352453910471,579461893.511975,6895090507.42721,579.4618935119751
DOGE,2024-01-21,0.0884352453910471,0.0908658610630836,0.0850682031394667,0.0857069155050646,820889103.87885,9359377983.56565,820.8891038788499
DOGE,2024-01-22,0.0857069155050646,0.0857496305995885,0.080415112466372,0.0807187674560493,573859705.085432,6889820159.82612,573.8597050854321
DOGE,2024-01-23,0.0807187674560493,0.0820211994551694,0.0762733311465193,0.0784435526506318,465275011.590642,5935572160.28932,465.27501159064195
DOGE,2024-01-24,0.0784435526506318,0.0807683573927759,0.0778532159362587,0.0791913983192954,309780158.278345,3911018666.68896,309.78015827834497
DOGE,2024-01-25,0.0791913983192954,0.0793404051511871,0.0772985966695759,0.0780688745479417,237618274.16463,3042049078.33272,237.61827416463
DOGE,2024-01-26,0.0780688745479417,0.0804115933321086,0.0777204400367925,0.0799398358196964,230300622.448841,2906625476.09948,230.300622448841
DOGE,2024-01-27,0.0799398358196964,0.0807730078999526,0.0791681666175073,0.0802400006203686,169707885.4359,2123426878.3611,169.7078854359
DOGE,2024-01-28,0.0802400006203686,0.0814696205053222,0.0783676061618854,0.0789482767793123,204556592.591792,2557365184.89829,204.556592591792
DOGE,2024-01-29,0.0789482767793123,0.0830116681382053,0.0783388893268567,0.0815116395583041,453528062.828476,5583117474.61293,453.52806282847604
DOGE,2024-01-30,0.0815116395583041,0.0822628227300845,0.0797393376321108,0.0799431640383051,277269406.195009,3408813699.47844,277.26940619500897
DOGE,2024-01-31,0.0799431640383051,0.080393103843713,0.078359136757133,0.0788758404165882,254993751.305307,3207237234.79246,254.993751305307
DOGE,2024-02-01,0.0788758404165882,0.0799437152704562,0.0777423183018536,0.0794704918606192,214509687.676181,2714149964.5083,214.509687676181
DOGE,2024-02-02,0.0794704918606192,0.0800855901844846,0.0787318380890247,0.07938036733523,175572771.746801,2208185178.04174,175.57277174680098
DOGE,2024-02-03,0.07938036733523,0.0796861639367116,0.0787307688711167,0.0788692142538666,117330892.37022,1480383049.94673,117.33089237022
DOGE,2024-02-04,0.0788692142538666,0.0800332464502421,0.078211527293762,0.0785648564738772,143550745.592646,1815881088.80248,143.550745592646
DOGE,2024-02-05,0.0785648564738772,0.0803755558134264,0.0775529707080225,0.078439527289543,212064457.71346,2687673264.33141,212.06445771346
DOGE,2024-02-06,0.078439527289543,0.079294032700911,0.077924263839628,0.0786111370126948,149317002.90816,1900203872.55608,149.31700290816
DOGE,2024-02-07,0.0786111370126948,0.0803666690349059,0.078293575951308,0.080195662457704,162807568.741668,2054184952.54814,162.80756874166798
DOGE,2024-02-08,0.080195662457704,0.0808805886691669,0.0797498525869368,0.0799987949618816,198411063.122086,2472361676.79835,198.41106312208598
DOGE,2024-02-09,0.0799987949618816,0.0822303968055592,0.0799987949618816,0.0816770166989758,275552532.633164,3384551677.75083,275.552532633164
DOGE,2024-02-10,0.0816770166989758,0.0822714285384754,0.0804848782703243,0.08153863040659,167856941.070357,2062478641.57824,167.85694107035698
DOGE,2024-02-11,0.08153863040659,0.083394039059794,0.0809826240525908,0.0813400818103142,249770434.450315,3038078213.14617,249.770434450315
DOGE,2024-02-12,0.0813400818103142,0.0828328792264232,0.0796317410569536,0.0823074101150589,296181149.712397,3646486024.28456,296.181149712397
DOGE,2024-02-13,0.0823074101150589,0.0830304979444606,0.0801003588836777,0.0812350417472841,326559338.223778,3995405753.46069,326.559338223778
DOGE,2024-02-14,0.0812350417472841,0.0871080735418338,0.0806279385925266,0.085668227616325,542595829.271132,6445909164.78742,542.595829271132
DOGE,2024-02-15,0.085668227616325,0.0883108579478229,0.0842923069390861,0.0855568577066419,555708781.800035,6449063359.72231,555.708781800035
DOGE,2024-02-16,0.0855568577066419,0.0883366735272089,0.0844106109943219,0.0859414865984519,380816387.076872,4427598063.25255,380.816387076872
DOGE,2024-02-17,0.0859414865984519,0.0860656074037087,0.0823141555615183,0.083856859538383,296358148.732714,3522844380.95861,296.35814873271397
DOGE,2024-02-18,0.083856859538383,0.0857312298171831,0.0832295510389158,0.0852494803375861,250050081.430957,2966294518.61122,250.050081430957
DOGE,2024-02-19,0.0852494803375861,0.0908750130863553,0.0851009214025174,0.0896905876674902,581713388.842967,6632919562.74212,581.713388842967
DOGE,2024-02-20,0.0896905876674902,0.0915943200916919,0.0836680893722247,0.0864021634647267,692709620.754986,7934796605.33034,692.7096207549861
DOGE,2024-02-21,0.0864021634647267,0.0865108270734975,0.0824811625895062,0.0846766734807602,372701806.027076,4429649002.29878,372.70180602707603
DOGE,2024-02-22,0.0846766734807602,0.0854949031283625,0.083266792707356,0.0841578929268009,307722895.393369,3638963531.42573,307.722895393369
DOGE,2024-02-23,0.0841578929268009,0.0857165786054181,0.0832264535117977,0.0846719718471752,346349129.575837,4107483368.30634,346.349129575837
DOGE,2024-02-24,0.0846719718471752,0.0865292324647724,0.0841401082064483,0.0863380174580791,270355546.462517,3160633495.15019,270.355546462517
DOGE,2024-02-25,0.0863380174580791,0.0869360899151153,0.0855163189551461,0.0862905346529801,240812766.741999,2789436089.87706,240.812766741999
DOGE,2024-02-26,0.0862905346529801,0.0902009255169796,0.0844235512593539,0.0895186940805082,452654091.103258,5202580847.43423,452.654091103258
DOGE,2024-02-27,0.0895186940805082,0.100509522285177,0.0887313467127835,0.097850893851479,1563446073.5402,16358971329.6218,1563.4460735402
DOGE,2024-02-28,0.097850893851479,0.122463904828536,0.0946811230683753,0.116608430039861,3189796338.65732,29537446985.2522,3189.79633865732
DOGE,2024-02-29,0.116608430039861,0.135489966989729,0.112318200466111,0.117846231270954,4113207230.97471,32535806663.6776,4113.20723097471
DOGE,2024-03-01,0.117846231270954,0.145877551492817,0.117846231270954,0.140197095683875,3141883793.30612,24107345145.0816,3141.88379330612
DOGE,2024-03-02,0.140197095683875,0.1509220703001,0.137280227582802,0.142844785880201,3000424024.52031,20889380185.5315,3000.42402452031
DOGE,2024-03-03,0.142844785880201,0.156565776998661,0.127911463855871,0.154449061025471,3308792779.3421,23140761031.3501,3308.7927793421
DOGE,2024-03-04,0.154449061025471,0.185703473449084,0.147728775274718,0.182893898885432,5072729881.38413,30128347365.9047,5072.72988138413
DOGE,2024-03-05,0.182893898885432,0.207180714138594,0.128169330651604,0.155018416696067,7360648942.56732,42547939684.1432,7360.64894256732
DOGE,2024-03-06,0.155018416696067,0.180004668593985,0.147715809331185,0.1589509121017,3671703281.32162,22623091956.4795,3671.70328132162
DOGE,2024-03-07,0.1589509121017,0.16312250135071,0.14771892329201,0.158646018753637,2416430556.82242,15558816253.0479,2416.43055682242
DOGE,2024-03-08,0.158646018753637,0.176792192298245,0.156249070823505,0.166164551410456,3205398049.97744,19118903472.19,3205.3980499774398
DOGE,2024-03-09,0.166164551410456,0.18569754135486,0.164795144725923,0.18010844392364,2845359804.93139,16287429350.8013,2845.3598049313896
DOGE,2024-03-10,0.18010844392364,0.18078016705717,0.166697706623934,0.170870087792253,1876941221.51379,10749878142.0022,1876.94122151379
DOGE,2024-03-11,0.170870087792253,0.183552716967843,0.161815833669568,0.18288387563104,2416848374.56981,13869873973.0727,2416.84837456981
DOGE,2024-03-12,0.18288387563104,0.183947366920665,0.159066219880158,0.168986464349892,2148094630.02648,12602310418.1885,2148.09463002648
DOGE,2024-03-13,0.168986464349892,0.174899748119574,0.166050166002244,0.169903225735106,1641849290.94463,9614081132.46978,1641.84929094463
DOGE,2024-03-14,0.169903225735106,0.192664620785499,0.166236872810182,0.178706456899498,5018313168.19575,27610655936.8889,5018.31316819575
DOGE,2024-03-15,0.178706456899498,0.182684448726934,0.152894087688129,0.164821105106951,2954030457.33493,17810237460.2466,2954.03045733493
DOGE,2024-03-16,0.164821105106951,0.166225618065229,0.138492202290471,0.142554452444477,2015923640.71402,13183793566.2619,2015.92364071402
DOGE,2024-03-17,0.142554452444477,0.15974818650767,0.138237816458187,0.155585244003398,1956962654.66034,13081863456.2573,1956.9626546603401
DOGE,2024-03-18,0.155585244003398,0.155585244003398,0.140225163121889,0.144390403889982,1394693996.66594,9466155516.38912,1394.69399666594
DOGE,2024-03-19,0.144390403889982,0.145846384227623,0.125616509820693,0.129033221564536,2377967067.24887,17949701913.385,2377.96706724887
DOGE,2024-03-20,0.129033221564536,0.154015348947273,0.123337404327358,0.152058006006165,2550788865.13956,18646563192.8747,2550.78886513956
DOGE,2024-03-21,0.152058006006165,0.160406989631706,0.147882823738589,0.156295947553502,2125110272.47274,13838362927.4368,2125.11027247274
DOGE,2024-03-22,0.156295947553502,0.16566101125756,0.146524902889727,0.154041157340105,2233237520.50924,14328967284.5183,2233.2375205092403
DOGE,2024-03-23,0.154041157340105,0.1759658621538,0.152727997468303,0.163164520209198,2423689851.75023,14640373689.9013,2423.68985175023
DOGE,2024-03-24,0.163164520209198,0.181105034420013,0.162745101042736,0.177789140572744,2333904618.95295,13455074261.3216,2333.90461895295
DOGE,2024-03-25,0.177789140572744,0.187159840003343,0.171193997345346,0.176226703452243,2224168515.44305,12480803122.8045,2224.1685154430497
DOGE,2024-03-26,0.176226703452243,0.186942569875041,0.175814066434041,0.183183532529393,2424570540.30131,13373410183.206,2424.57054030131
DOGE,2024-03-27,0.183183532529393,0.191822886632346,0.180323991478063,0.191167861107969,3418803772.59728,18328440770.183,3418.80377259728
DOGE,2024-03-28,0.191167861107969,0.2292868187094,0.190254293945853,0.221637316554782,5355953709.45647,25321621856.0624,5355.953709456469
DOGE,2024-03-29,0.221637316554782,0.225921661401413,0.210026142062647,0.21456099963029,2858628607.66879,13221768124.6711,2858.6286076687898
DOGE,2024-03-30,0.21456099963029,0.217999554026032,0.198915943288025,0.200463834879131,1974779359.27984,9490137619.26717,1974.77935927984
DOGE,2024-03-31,0.200463834879131,0.22405969398884,0.200463834879131,0.221178315357548,1943043771.48689,9150199614.86163,1943.0437714868901
DOGE,2024-04-01,0.221178315357548,0.221178315357548,0.199145307672477,0.206275919154681,2827753785.79599,13647245197.1329,2827.75378579599
DOGE,2024-04-02,0.206275919154681,0.206275919154681,0.181770725602956,0.183929231490742,3243669525.59486,17180838466.9269,3243.6695255948603
DOGE,2024-04-03,0.183929231490742,0.188836201998948,0.171882028689085,0.176739294727722,2597758413.50457,14283244533.6058,2597.75841350457
DOGE,2024-04-04,0.176739294727722,0.189330072474524,0.173473389360736,0.181395639435184,1780868299.45613,9791538044.9015,1780.86829945613
DOGE,2024-04-05,0.181395639435184,0.181834478064822,0.169227710876292,0.178218378015123,1593269690.91789,9088988372.50194,1593.26969091789
DOGE,2024-04-06,0.178218378015123,0.188415283192338,0.177585277463805,0.186560823222973,1348671788.75999,7355762381.36272,1348.67178875999
DOGE,2024-04-07,0.186560823222973,0.205559555505219,0.186366471724148,0.199898946861005,2203821830.41903,11126143127.7474,2203.82183041903
DOGE,2024-04-08,0.199898946861005,0.209378223193624,0.196759268056881,0.20362099315525,1760703930.53387,8624701875.63519,1760.7039305338699
DOGE,2024-04-09,0.20362099315525,0.204370236800451,0.18687700413159,0.189997426220941,1773705326.53842,9115386161.51981,1773.70532653842
DOGE,2024-04-10,0.189997426220941,0.202532582924397,0.181917592229128,0.200499834860773,2256661991.73225,11716256842.5316,2256.66199173225
DOGE,2024-04-11,0.200499834860773,0.203830457738592,0.190807934081991,0.194616508169877,1876150767.29768,9558449263.07939,1876.15076729768
DOGE,2024-04-12,0.194616508169877,0.201110420875711,0.162535831614661,0.175064562469588,2996611474.39595,16276414335.9985,2996.6114743959497
DOGE,2024-04-13,0.175064562469588,0.176511624352567,0.13165592141686,0.153574967124016,3729686009.04011,23770813850.1765,3729.68600904011
DOGE,2024-04-14,0.153574967124016,0.16558344734857,0.145026912515271,0.16352016069667,3094741798.48426,20023813593.9823,3094.74179848426
DOGE,2024-04-15,0.16352016069667,0.169876459057367,0.151661044856,0.162312133590634,3034194692.65283,18950245449.9804,3034.1946926528303
DOGE,2024-04-16,0.162312133590634,0.163252006586223,0.147548046675927,0.156951903478913,2074610585.26111,13361098725.8752,2074.61058526111
DOGE,2024-04-17,0.156951903478913,0.159498620027523,0.145764314543837,0.148671803477765,1680966226.63917,11035988758.5428,1680.96622663917
DOGE,2024-04-18,0.148671803477765,0.154709255869996,0.14206432264109,0.153308623259346,1675572820.0959,11231806944.5393,1675.5728200959002
DOGE,2024-04-19,0.153308623259346,0.157799085355769,0.140640759452069,0.157005497429794,1862991614.11961,12354501002.1971,1862.9916141196102
DOGE,2024-04-20,0.157005497429794,0.165632364650867,0.15175739406985,0.163809139581446,1389699523.88343,8764704279.00469,1389.69952388343
DOGE,2024-04-21,0.163809139581446,0.166866351290607,0.156581614595736,0.159378604962813,1086571588.21622,6713210449.35838,1086.5715882162199
DOGE,2024-04-22,0.159378604962813,0.164113264018048,0.157692473078958,0.162061752267662,1061188964.17342,6591408388.44521,1061.18896417342
DOGE,2024-04-23,0.162061752267662,0.163549921639168,0.15772940673136,0.160604592383552,889839473.859775,5537769870.87943,889.8394738597749
DOGE,2024-04-24,0.160604592383552,0.164824328023871,0.150100013016288,0.151927632494978,1311175366.78666,8275106769.28367,1311.1753667866599
DOGE,2024-04-25,0.151927632494978,0.154672702114414,0.148211609437218,0.151754949513045,873195690.13856,5774419240.07773,873.19569013856
DOGE,2024-04-26,0.151754949513045,0.152175247592213,0.147406079053681,0.148412260305511,693473738.187403,4625435513.46257,693.473738187403
DOGE,2024-04-27,0.148412260305511,0.149890588053977,0.143646341790648,0.14823901911313,664760183.03218,4539845576.03622,664.76018303218
DOGE,2024-04-28,0.14823901911313,0.151368415966047,0.146672356692524,0.147104251384302,489125662.043113,3267625878.73286,489.125662043113
DOGE,2024-04-29,0.147104251384302,0.148363208909094,0.140268425027664,0.143881440950451,896102788.915642,6270645017.82134,896.102788915642
DOGE,2024-04-30,0.143881440950451,0.146299754580806,0.129849272318833,0.133571938964336,1196910945.13282,8764716574.17084,1196.91094513282
DOGE,2024-05-01,0.133571938964336,0.134107453613857,0.120495211187193,0.130515469239125,1902646929.09557,14994270241.3282,1902.6469290955702
DOGE,2024-05-02,0.130515469239125,0.134713817940839,0.124397816066291,0.132297533588614,1162755663.31683,8909892918.49582,1162.75566331683
DOGE,2024-05-03,0.132297533588614,0.148430965243127,0.131649759523184,0.146717576252337,1106185728.2639,7999245689.97538,1106.1857282639
DOGE,2024-05-04,0.146717576252337,0.170099926103662,0.14659486890408,0.16098790106103,2422859174.61214,15204843825.6451,2422.85917461214
DOGE,2024-05-05,0.16098790106103,0.164053575930262,0.155406781458818,0.16158721361076,1308265824.87696,8133248847.35276,1308.26582487696
DOGE,2024-05-06,0.16158721361076,0.169499628274536,0.154907011830722,0.157058587968385,1512253121.231,9359059554.77086,1512.253121231
DOGE,2024-05-07,0.157058587968385,0.160229357689517,0.149963869199822,0.150382553262582,1000960645.06336,6409074418.32571,1000.96064506336
DOGE,2024-05-08,0.150382553262582,0.152217160540607,0.142487883428185,0.14352444784074,1021803286.22115,6894699488.62325,1021.8032862211501
DOGE,2024-05-09,0.14352444784074,0.15419231686342,0.14352444784074,0.152388112672627,922391759.901249,6226626660.55588,922.3917599012491
DOGE,2024-05-10,0.152388112672627,0.153585514536512,0.142847695172046,0.144378113698128,901600565.200088,6096668219.12619,901.600565200088
DOGE,2024-05-11,0.144378113698128,0.146429033407684,0.143008843822347,0.143807867214367,434414751.317954,3006466312.50725,434.414751317954
DOGE,2024-05-12,0.143807867214367,0.145006787608066,0.140165077700884,0.141562376074553,476579641.722722,3346261332.28729,476.579641722722
DOGE,2024-05-13,0.141562376074553,0.157314591146347,0.136369652706672,0.148886047651023,1623504296.8923,10994796506.3585,1623.5042968922999
DOGE,2024-05-14,0.148886047651023,0.1550966551141,0.144736987887989,0.145898853708681,1368048842.80111,9149483629.24109,1368.0488428011101
DOGE,2024-05-15,0.145898853708681,0.157327958228619,0.145779754538317,0.155851643802135,1231861553.27171,8126298658.77591,1231.86155327171
DOGE,2024-05-16,0.155851643802135,0.159506873859329,0.149280659481071,0.150163373303575,981261848.081048,6372096043.17692,981.261848081048
DOGE,2024-05-17,0.150163373303575,0.156746649797112,0.14977198846886,0.155889453608848,777530620.086729,5068079333.68928,777.5306200867291
DOGE,2024-05-18,0.155889453608848,0.157184635287007,0.151836355604834,0.153477247159595,524649937.207364,3392320362.85612,524.649937207364
DOGE,2024-05-19,0.153477247159595,0.156369110854223,0.148153413586875,0.149534759493953,540862545.841749,3555469887.82986,540.8625458417489
DOGE,2024-05-20,0.149534759493953,0.16602015946661,0.14831061506668,0.165758497677381,1054229820.28634,6756227373.21272,1054.22982028634
DOGE,2024-05-21,0.165758497677381,0.172857237908082,0.160866300920272,0.169953216911733,2079303878.92994,12472577042.0197,2079.30387892994
DOGE,2024-05-22,0.169953216911733,0.174308777159266,0.162042950923942,0.16642438206519,1433169690.09486,8527741581.4575,1433.16969009486
DOGE,2024-05-23,0.16642438206519,0.16934494225877,0.153095447835904,0.159946522074675,1636990352.36603,10122167660.0736,1636.99035236603
DOGE,2024-05-24,0.159946522074675,0.172825322040426,0.155988090625945,0.16400444871864,2172893814.84932,13246480269.7597,2172.89381484932
DOGE,2024-05-25,0.16400444871864,0.17440858734868,0.163063267824427,0.174195781498584,1080815611.40739,6443672756.0844,1080.8156114073902
DOGE,2024-05-26,0.174195781498584,0.174896526172638,0.166075041249887,0.166543790656873,944193824.044,5536155251.10892,944.193824044
DOGE,2024-05-27,0.166543790656873,0.173467033227754,0.164742086811448,0.169336297680487,969957561.605745,5740623609.89293,969.957561605745
DOGE,2024-05-28,0.169336297680487,0.169797653368841,0.161914766507275,0.16513645391482,1015920190.80842,6147907668.13264,1015.92019080842
DOGE,2024-05-29,0.16513645391482,0.171341833183506,0.162444427060378,0.163915333905895,1097622171.84773,6599679342.99442,1097.62217184773
DOGE,2024-05-30,0.163915333905895,0.165547855599258,0.156681657272813,0.159578160227333,1022770284.93867,6343879401.55148,1022.77028493867
DOGE,2024-05-31,0.159578160227333,0.162391037739896,0.154728746504186,0.159048741000595,659607847.791126,4144221071.56522,659.607847791126
DOGE,2024-06-01,0.159048741000595,0.16155862301026,0.158467807760884,0.160602588461814,346990514.34456,2168239226.42685,346.99051434456004
DOGE,2024-06-02,0.160602588461814,0.161563827814776,0.155036025776235,0.157236965407486,383476041.678585,2423417965.59196,383.476041678585
DOGE,2024-06-03,0.157236965407486,0.163316232818882,0.156065282389664,0.158544929549535,645416719.506241,4018002381.48362,645.416719506241
DOGE,2024-06-04,0.158544929549535,0.161838363415749,0.157198754232135,0.161526491759977,521931556.681347,3273589278.01583,521.931556681347
DOGE,2024-06-05,0.161526491759977,0.164693770121637,0.161321053978297,0.16329583616875,569618033.182899,3493463454.88942,569.618033182899
DOGE,2024-06-06,0.16329583616875,0.165497555543353,0.158752059455944,0.160233815435997,608857440.081721,3751221190.22766,608.8574400817209
DOGE,2024-06-07,0.160233815435997,0.162273085682238,0.142058534906534,0.148412166540846,1115176708.97659,7338267798.95211,1115.17670897659
DOGE,2024-06-08,0.148412166540846,0.150463471989493,0.144150070823901,0.146167266091568,650929162.325756,4433401866.91643,650.929162325756
DOGE,2024-06-09,0.146167266091568,0.149074951302266,0.145240441968071,0.146970657956091,431384480.725968,2940725234.99585,431.384480725968
DOGE,2024-06-10,0.146970657956091,0.147966010227001,0.143556663999511,0.144892771038684,472502858.301314,3252654349.57537,472.502858301314
DOGE,2024-06-11,0.144892771038684,0.145205536044018,0.134141529585059,0.13822619219051,1117412618.02062,8008317035.83089,1117.4126180206201
DOGE,2024-06-12,0.13822619219051,0.150580406755,0.135065097746415,0.146444390454797,1085391517.90925,7507306202.61895,1085.39151790925
DOGE,2024-06-13,0.146444390454797,0.146613771937163,0.140610418422443,0.141397096630435,668780010.866389,4665841260.78133,668.780010866389
DOGE,2024-06-14,0.141397096630435,0.143498809375995,0.132341449402076,0.135189509506117,727788247.325535,5270238965.49027,727.788247325535
DOGE,2024-06-15,0.135189509506117,0.137562980228452,0.134454004742252,0.136888822307202,393328839.11798,2882811867.36105,393.32883911798
DOGE,2024-06-16,0.136888822307202,0.137641988274923,0.134973948439739,0.137189749615203,307205645.040633,2252022284.68578,307.20564504063304
DOGE,2024-06-17,0.137189749615203,0.138237287348302,0.12651806168773,0.12896535292381,833649770.706269,6300470116.21178,833.649770706269
DOGE,2024-06-18,0.12896535292381,0.129306609472951,0.115365111510523,0.122340320742488,1232698760.90841,10207094004.4683,1232.6987609084101
DOGE,2024-06-19,0.122340320742488,0.126747106133696,0.121601729626897,0.122645817663457,539141161.545593,4340095513.02945,539.141161545593
DOGE,2024-06-20,0.122645817663457,0.128529754585628,0.121589573048353,0.124619668972694,612302069.748666,4921251087.95182,612.3020697486661
DOGE,2024-06-21,0.124619668972694,0.125771578202229,0.12157663436466,0.124496357406771,498630678.921568,4027713692.36349,498.63067892156795
DOGE,2024-06-22,0.124496357406771,0.125585340605477,0.123052589925557,0.123950288509586,258352153.559537,2075723443.72876,258.352153559537
DOGE,2024-06-23,0.123950288509586,0.126260597264113,0.121789511219208,0.122264939009634,343786636.332104,2772250230.97462,343.786636332104
DOGE,2024-06-24,0.122264939009634,0.12395386990023,0.1145943952434,0.119162276490751,815223159.028997,6887495043.07639,815.223159028997
DOGE,2024-06-25,0.119162276490751,0.128456486607311,0.118998918341977,0.126283484270332,663982133.08336,5346693599.09437,663.9821330833599
DOGE,2024-06-26,0.126283484270332,0.128627618736316,0.121981298864272,0.12281544252096,430762887.964461,3452850601.64637,430.762887964461
DOGE,2024-06-27,0.12281544252096,0.128362500962307,0.120685668925234,0.127054878571475,497359746.541336,4013626787.54659,497.359746541336
DOGE,2024-06-28,0.127054878571475,0.128259019784176,0.122288986609128,0.123255966412512,515981698.178094,4109938435.19541,515.981698178094
DOGE,2024-06-29,0.123255966412512,0.124472563097952,0.121382074792814,0.121812914061178,215284996.520608,1745922589.06295,215.28499652060802
DOGE,2024-06-30,0.121812914061178,0.125395861637308,0.120502156625195,0.124435185428846,285302129.653146,2326678648.90175,285.30212965314604
DOGE,2024-07-01,0.124435185428846,0.127419297473873,0.123338609933774,0.123518255804343,357729290.219386,2854496343.3941,357.729290219386
DOGE,2024-07-02,0.123518255804343,0.125309205897461,0.122548573475817,0.125272040507583,321028133.395669,2594867267.43217,321.028133395669
DOGE,2024-07-03,0.125272040507583,0.125549605632664,0.117142642845414,0.118532865208296,506029325.842443,4215190087.76425,506.029325842443
DOGE,2024-07-04,0.118532865208296,0.119213309637671,0.104634987101962,0.10514850210428,915994222.6045,8280532345.01313,915.9942226045
DOGE,2024-07-05,0.10514850210428,0.106726823255945,0.0936199542207121,0.105714815384934,1429244760.69219,14369731423.6068,1429.2447606921899
DOGE,2024-07-06,0.105714815384934,0.114507328720593,0.10509851076135,0.113837326581537,699794236.292999,6400773983.00307,699.794236292999
DOGE,2024-07-07,0.113837326581537,0.113837326581537,0.103965925615476,0.104459340110028,529670669.975178,4859842744.09202,529.670669975178
DOGE,2024-07-08,0.104459340110028,0.111280364954544,0.0993562497124913,0.107843217486011,865813161.245171,8176406101.13135,865.8131612451709
DOGE,2024-07-09,0.107843217486011,0.109433182497471,0.106181028611339,0.10772426416228,467514305.774639,4328238438.37173,467.514305774639
DOGE,2024-07-10,0.10772426416228,0.110584199732879,0.10607330085016,0.108301473312869,458348581.867554,4213137408.07051,458.348581867554
DOGE,2024-07-11,0.108301473312869,0.112454081064487,0.106474310104055,0.10692922569909,443849699.821525,4079817110.50313,443.84969982152495
DOGE,2024-07-12,0.10692922569909,0.108449256564758,0.105138935849538,0.107950091936065,380488929.003776,3562995640.07246,380.48892900377604
DOGE,2024-07-13,0.107950091936065,0.113152028302806,0.107487157049814,0.112475561470734,403779493.645525,3658255970.0378,403.77949364552495
DOGE,2024-07-14,0.112475561470734,0.116999225939383,0.111486941731903,0.115697833570914,450961582.573089,3967204360.10779,450.961582573089
DOGE,2024-07-15,0.115697833570914,0.1255815265911,0.114827582447072,0.125049430659131,703831229.103432,5887427656.20049,703.8312291034321
DOGE,2024-07-16,0.125049430659131,0.127680630526094,0.119249925936275,0.124917371582143,848416302.488083,6842087282.61439,848.416302488083
DOGE,2024-07-17,0.124917371582143,0.127650070853864,0.12061391813777,0.121867193163923,614985194.484513,4939897727.12301,614.985194484513
DOGE,2024-07-18,0.121867193163923,0.123950026728047,0.117426186664518,0.119603698768326,593879774.622236,4910976311.59849,593.879774622236
DOGE,2024-07-19,0.119603698768326,0.126074500386384,0.117684728028996,0.125533386832012,596496639.970686,4889727252.2323,596.4966399706859
DOGE,2024-07-20,0.125533386832012,0.13582002525198,0.124513729561123,0.134551171861255,923582336.380574,7059848535.29975,923.582336380574
DOGE,2024-07-21,0.134551171861255,0.144831124443231,0.126378316660551,0.140204147854584,1024624358.52348,7601968996.54371,1024.6243585234802
DOGE,2024-07-22,0.140204147854584,0.142543606980289,0.136165067635091,0.137869208000622,1265911614.04356,9095474501.12614,1265.9116140435601
DOGE,2024-07-23,0.137869208000622,0.139233191296286,0.128542300859076,0.130339235159704,831772764.761742,6238828476.75035,831.772764761742
DOGE,2024-07-24,0.130339235159704,0.134790537172509,0.127094045377185,0.128047068244693,630205406.5811,4793269849.87533,630.2054065811
DOGE,2024-07-25,0.128047068244693,0.128753577334229,0.1203891628167,0.125384495897614,829413192.069946,6694277558.20462,829.413192069946
DOGE,2024-07-26,0.125384495897614,0.135013515375118,0.125260380710895,0.134278569568948,637759333.103785,4891258255.15374,637.759333103785
DOGE,2024-07-27,0.134278569568948,0.1387357610359,0.130818153867073,0.131378611211654,1037334205.78936,7716632707.93216,1037.33420578936
DOGE,2024-07-28,0.131378611211654,0.131885168099372,0.128265446264888,0.130127896236995,652872566.180537,5010572712.52491,652.872566180537
DOGE,2024-07-29,0.130127896236995,0.135067472496559,0.127960695998785,0.128604460779258,697098525.218638,5289794213.63992,697.098525218638
DOGE,2024-07-30,0.128604460779258,0.130456227466986,0.12366661315622,0.12556160150321,545108360.343317,4265552255.33575,545.108360343317
DOGE,2024-07-31,0.12556160150321,0.127426126260744,0.12167958526649,0.12228613469398,515507997.848509,4121851549.26467,515.507997848509
DOGE,2024-08-01,0.12228613469398,0.12328020327135,0.112536367442638,0.119192246282379,717689989.334497,6078059194.77329,717.689989334497
DOGE,2024-08-02,0.119192246282379,0.119878211807157,0.110572948946773,0.11175911487071,694637760.648594,6047274012.99269,694.637760648594
DOGE,2024-08-03,0.11175911487071,0.114869978507781,0.105566118469703,0.10830113499353,680095402.766139,6165997315.04281,680.095402766139
DOGE,2024-08-04,0.10830113499353,0.109573826980401,0.0996277433665167,0.10389704068464,702526268.617679,6700809394.38868,702.526268617679
DOGE,2024-08-05,0.10389704068464,0.104302095537555,0.0810113539070576,0.0945094695265325,2769591053.03171,30613386324.5972,2769.59105303171
DOGE,2024-08-06,0.0945094695265325,0.101724311455926,0.0944916124745896,0.0967353227922422,966372138.423266,9864591659.64797,966.372138423266
DOGE,2024-08-07,0.0967353227922422,0.102058895329695,0.0946038779358021,0.0956782461165524,863294761.480315,8774431576.09502,863.294761480315
DOGE,2024-08-08,0.0956782461165524,0.107979694209458,0.0939434001200372,0.107606633653513,710763224.463447,6995018542.37825,710.7632244634469
DOGE,2024-08-09,0.107606633653513,0.107878407874299,0.101999569236169,0.104315161925337,503533234.483099,4817348664.38548,503.53323448309897
DOGE,2024-08-10,0.104315161925337,0.106184898776867,0.103179017483232,0.105551912160433,302695121.569808,2891551053.45478,302.695121569808
DOGE,2024-08-11,0.105551912160433,0.111104873982073,0.100465160360437,0.100782862743382,566791272.890315,5325306375.28384,566.7912728903151
DOGE,2024-08-12,0.100782862743382,0.108707974542388,0.100634244199943,0.108045956312052,648469595.634244,6177391558.99135,648.469595634244
DOGE,2024-08-13,0.108045956312052,0.109098630333162,0.103666603817053,0.106635094014423,481642594.075474,4546549801.46377,481.64259407547405
DOGE,2024-08-14,0.106635094014423,0.106981767121925,0.101923971090904,0.102653914617659,473191328.942998,4527301893.98624,473.191328942998
DOGE,2024-08-15,0.102653914617659,0.105006110295042,0.0982812830011397,0.100346649930848,506734677.950387,4981014980.1882,506.734677950387
DOGE,2024-08-16,0.100346649930848,0.102186483837685,0.0978536467225428,0.100558645565143,437568098.009217,4354952368.34116,437.568098009217
DOGE,2024-08-17,0.100558645565143,0.103848366337435,0.100275844653747,0.102945757424027,239242562.200371,2346366036.87223,239.242562200371
DOGE,2024-08-18,0.102945757424027,0.104514025541673,0.100269448040533,0.100269448040533,297509860.382115,2894003259.64137,297.509860382115
DOGE,2024-08-19,0.100269448040533,0.101988313225928,0.0989115471645867,0.10154537023699,372510940.86758,3713178916.187,372.51094086758
DOGE,2024-08-20,0.10154537023699,0.105780692141333,0.101318758866499,0.103122591158682,566153376.068197,5438791831.49002,566.153376068197
DOGE,2024-08-21,0.103122591158682,0.10794883102807,0.102421321169879,0.106245532478247,398648732.672508,3806298684.82686,398.648732672508
DOGE,2024-08-22,0.106245532478247,0.106993773560539,0.104217751832992,0.105323376890135,308646882.221906,2921250161.0233,308.646882221906
DOGE,2024-08-23,0.105323376890135,0.11541621515134,0.105323376890135,0.113038263034008,695379624.049506,6322807908.14428,695.379624049506
DOGE,2024-08-24,0.113038263034008,0.115037519614163,0.111141886908115,0.112704172079163,551660686.116972,4886435570.43446,551.660686116972
DOGE,2024-08-25,0.112704172079163,0.112918416288658,0.108109328409841,0.109823662891871,480685937.820404,4362811736.68513,480.685937820404
DOGE,2024-08-26,0.109823662891871,0.110398013014046,0.104657030982834,0.105347782122222,458442768.595072,4262833722.037,458.442768595072
DOGE,2024-08-27,0.105347782122222,0.106546927101853,0.0973228852362368,0.0991487066449272,494310157.70735,4798903338.89446,494.31015770735
DOGE,2024-08-28,0.0991487066449272,0.101833951575415,0.0973615373371222,0.0998272355952949,533097102.666234,5351590516.38947,533.097102666234
DOGE,2024-08-29,0.0998272355952949,0.102584623394654,0.0984928013898398,0.100577559704508,362963049.472558,3608031056.36132,362.963049472558
DOGE,2024-08-30,0.100577559704508,0.10264889631519,0.0973913072082391,0.101985177760961,466632972.96762,4645473569.74219,466.63297296762
DOGE,2024-08-31,0.101985177760961,0.102414856322087,0.100476837868569,0.101537041618092,230404282.420914,2269165334.53724,230.404282420914
DOGE,2024-09-01,0.101537041618092,0.101737089490736,0.0943682277563415,0.0953003794259807,329044112.415412,3345582261.55744,329.04411241541203
DOGE,2024-09-02,0.0953003794259807,0.099817781478882,0.0942768957779998,0.0993591808227514,365189809.744873,3768307330.4032,365.189809744873
DOGE,2024-09-03,0.0993591808227514,0.10082139908185,0.096737837850427,0.0968291394941957,311287471.243748,3150574605.91745,311.28747124374803
DOGE,2024-09-04,0.0968291394941957,0.0995198436701713,0.0925940117596676,0.0981846287963821,460803110.940498,4783438470.39135,460.803110940498
DOGE,2024-09-05,0.0981846287963821,0.0992366047920629,0.0962380626419815,0.0985255064985544,357339255.018552,3654440411.63136,357.339255018552
DOGE,2024-09-06,0.0985255064985544,0.0994779750628187,0.0893476202429408,0.0927311037334953,657378962.741415,6978504568.25345,657.3789627414151
DOGE,2024-09-07,0.0927311037334953,0.0958834114267467,0.0919099487057294,0.0954561071935208,318601818.417633,3380307924.18533,318.601818417633
DOGE,2024-09-08,0.0954561071935208,0.0971227512531695,0.0940753531811007,0.0961960228134588,286771311.869034,2997686029.98112,286.771311869034
DOGE,2024-09-09,0.0961960228134588,0.104758049185021,0.0958564040683611,0.103877151869669,547256465.378163,5459175848.91161,547.2564653781629
DOGE,2024-09-10,0.103877151869669,0.104641821626225,0.101680056718395,0.102822754418947,362967617.389097,3522428144.40523,362.967617389097
DOGE,2024-09-11,0.102822754418947,0.103155938985204,0.0980972737497817,0.101385567789441,426830472.98982,4239933620.35419,426.83047298982
DOGE,2024-09-12,0.101385567789441,0.103484346735167,0.100595426690711,0.102768692528718,344375962.513397,3373198555.8926,344.375962513397
DOGE,2024-09-13,0.102768692528718,0.108378049304725,0.101863556341282,0.107102926022888,535518077.79558,5072147913.68645,535.51807779558
DOGE,2024-09-14,0.107102926022888,0.107787844844386,0.104630173048776,0.105462089221714,324442578.634367,3053663226.32166,324.442578634367
DOGE,2024-09-15,0.105462089221714,0.106637555207686,0.102475771948049,0.102947185234032,330916569.833649,3145889020.56766,330.91656983364896
DOGE,2024-09-16,0.102947185234032,0.10329061349599,0.0984905945405668,0.099756369071293,429950223.026004,4261987130.17347,429.95022302600404
DOGE,2024-09-17,0.099756369071293,0.102605947200763,0.0988720048507252,0.1013818466272,385043684.734653,3811353524.08009,385.04368473465297
DOGE,2024-09-18,0.1013818466272,0.103878236629909,0.0995898560333594,0.103878236629909,439135892.991082,4336726402.9759,439.135892991082
DOGE,2024-09-19,0.103878236629909,0.107109317828429,0.103511280540139,0.105110146685476,532803388.457236,5074248052.75005,532.803388457236
DOGE,2024-09-20,0.105110146685476,0.107407061960001,0.103706876737563,0.105606128162727,480551867.734792,4550853106.20554,480.551867734792
DOGE,2024-09-21,0.105606128162727,0.110500562644937,0.104135125935234,0.109945964076155,390517411.218631,3638311416.65487,390.517411218631
DOGE,2024-09-22,0.109945964076155,0.109945964076155,0.104012845395473,0.106394788461201,378643092.485651,3538120291.19374,378.64309248565104
DOGE,2024-09-23,0.106394788461201,0.109173004703674,0.104430664877621,0.108094903213896,522884723.499822,4877455142.79941,522.884723499822
DOGE,2024-09-24,0.108094903213896,0.110651200460451,0.106943478458356,0.109755901633868,566035488.748094,5213955675.55514,566.0354887480939
DOGE,2024-09-25,0.109755901633868,0.111071517637656,0.108124649364959,0.108676912539264,557845392.696758,5089521942.54379,557.845392696758
DOGE,2024-09-26,0.108676912539264,0.120366309969679,0.107110610576006,0.118154353885531,1098429033.61537,9565575379.81903,1098.4290336153701
DOGE,2024-09-27,0.118154353885531,0.128450445274613,0.117161592355832,0.123654012283149,1118831477.63666,9064071641.38076,1118.83147763666
DOGE,2024-09-28,0.123654012283149,0.131824118294492,0.120499500163648,0.12829963998513,1194570391.38674,9407971389.4269,1194.5703913867399
DOGE,2024-09-29,0.12829963998513,0.130554429876315,0.124478744363536,0.124478744363536,700845212.046511,5508168506.59573,700.845212046511
DOGE,2024-09-30,0.124478744363536,0.124537280056165,0.11358985067537,0.114372456372008,819541073.514004,6831377419.36442,819.541073514004
DOGE,2024-10-01,0.114372456372008,0.119275990470486,0.102985350325211,0.106947626252109,1129737693.62112,10172047553.0184,1129.73769362112
DOGE,2024-10-02,0.106947626252109,0.109525139590731,0.102377001065784,0.104737359368929,770930431.378106,7256647164.06696,770.930431378106
DOGE,2024-10-03,0.104737359368929,0.106831402884309,0.101265289548726,0.105160574140963,689953282.77741,6625879197.18316,689.95328277741
DOGE,2024-10-04,0.105160574140963,0.110585540565828,0.104926243452027,0.109312149444157,544139886.736372,5030975619.77811,544.139886736372
DOGE,2024-10-05,0.109312149444157,0.11028171601812,0.107564575265398,0.10947086662913,312587684.254404,2865282858.54029,312.587684254404
DOGE,2024-10-06,0.10947086662913,0.11284135204955,0.108468250789025,0.111571900764218,324537095.407166,2936903794.19814,324.537095407166
DOGE,2024-10-07,0.111571900764218,0.11538613954548,0.108373834276834,0.108463601921246,691630954.092038,6155636723.66405,691.630954092038
DOGE,2024-10-08,0.108463601921246,0.109810669592294,0.105330835293538,0.10712256105437,478881409.877906,4450739188.45263,478.88140987790604
DOGE,2024-10-09,0.10712256105437,0.111411025670381,0.106174319359063,0.107926978226597,528623751.132476,4848156385.80291,528.623751132476
DOGE,2024-10-10,0.107926978226597,0.108537227210929,0.103115346973236,0.105987990325907,486916868.215513,4597609012.70586,486.916868215513
DOGE,2024-10-11,0.105987990325907,0.111354789231538,0.105646686995232,0.110742680261654,405206421.732055,3716649581.66968,405.206421732055
DOGE,2024-10-12,0.110742680261654,0.112086913005777,0.109339309664539,0.111421412508286,309185324.964887,2781037031.9293,309.185324964887
DOGE,2024-10-13,0.111421412508286,0.112109355844134,0.108714176875911,0.11137901242017,321590891.437701,2901250890.60844,321.590891437701
DOGE,2024-10-14,0.11137901242017,0.117556437978811,0.109329833443395,0.116582428049208,719420230.649752,6323924777.93387,719.420230649752
DOGE,2024-10-15,0.116582428049208,0.119134157567332,0.110248534113455,0.117391547751888,981681176.396281,8527089951.46844,981.681176396281
DOGE,2024-10-16,0.117391547751888,0.129618659952254,0.115755779876196,0.125655083501755,1685138317.06802,13563787026.0389,1685.1383170680201
DOGE,2024-10-17,0.125655083501755,0.130813107011324,0.120519285323792,0.129557019846723,1106876013.29716,8895716123.38831,1106.87601329716
DOGE,2024-10-18,0.129557019846723,0.140612321996019,0.129481253428025,0.13709633842233,1642076140.92247,12122350436.9578,1642.0761409224701
DOGE,2024-10-19,0.13709633842233,0.146730638166545,0.137033542325654,0.144101745568095,1340188858.05823,9337215517.51925,1340.18885805823
DOGE,2024-10-20,0.144101745568095,0.145551094306775,0.137326123515819,0.142152235117688,901630404.244702,6388332735.9746,901.6304042447019
DOGE,2024-10-21,0.142152235117688,0.14950203435771,0.138126097408155,0.143529761094093,1498562433.03715,10390319630.8157,1498.56243303715
DOGE,2024-10-22,0.143529761094093,0.14818537753361,0.136528258956481,0.139614553983352,1166543971.36165,8217562278.84268,1166.54397136165
DOGE,2024-10-23,0.139614553983352,0.140681223295172,0.133193197160217,0.1399094770633,989945090.402447,7175862371.43251,989.945090402447
DOGE,2024-10-24,0.1399094770633,0.143613971741088,0.136353079458289,0.141798100916487,922090125.677207,6565009195.96762,922.090125677207
DOGE,2024-10-25,0.141798100916487,0.142632704272055,0.128483621293012,0.131615024298674,1020794598.35192,7494777930.93543,1020.7945983519201
DOGE,2024-10-26,0.131615024298674,0.137978173166235,0.130709936739568,0.137315791258814,598088384.365579,4451419890.86557,598.088384365579
DOGE,2024-10-27,0.137315791258814,0.146082253946987,0.135959792111322,0.144242060740218,666450168.938308,4733623986.40765,666.450168938308
DOGE,2024-10-28,0.144242060740218,0.162480785736413,0.141124028181984,0.161420005799151,2221199134.4036,14733469335.7037,2221.1991344036
DOGE,2024-10-29,0.161420005799151,0.179670177008972,0.160670718012395,0.175935931170129,2701917763.23939,15913264652.0681,2701.91776323939
DOGE,2024-10-30,0.175935931170129,0.177756863440421,0.164730361818576,0.168419793266433,1601142454.18152,9343692796.94228,1601.14245418152
DOGE,2024-10-31,0.168419793266433,0.173634947720449,0.156624700945434,0.161744746435146,1547036610.42412,9271764429.80421,1547.03661042412
DOGE,2024-11-01,0.161744746435146,0.169069197954996,0.154346025305623,0.159385237961812,1681995565.1763,10438735145.3987,1681.9955651763
DOGE,2024-11-02,0.159385237961812,0.163819599962561,0.15594466524474,0.159512503555965,877363440.657503,5492330130.73841,877.363440657503
DOGE,2024-11-03,0.159512503555965,0.15984801588126,0.142299561025485,0.151542548205351,1376513032.3431,9213015339.54006,1376.5130323431001
DOGE,2024-11-04,0.151542548205351,0.16031860419092,0.148535103256103,0.158422159391353,1795451722.32379,11531672737.27,1795.4517223237901
DOGE,2024-11-05,0.158422159391353,0.179319376438622,0.158163087852084,0.170144625797794,2937141664.2722,17276819518.0722,2937.1416642722
DOGE,2024-11-06,0.170144625797794,0.216898236048743,0.169380168422264,0.196053413560071,9411079853.08784,47624546918.4023,9411.079853087838
DOGE,2024-11-07,0.196053413560071,0.203527048751733,0.185779647345601,0.193220189392577,2974372502.61251,15357226704.0746,2974.3725026125103
DOGE,2024-11-08,0.193220189392577,0.206964177158931,0.190693982769211,0.202005329106771,2718869428.6921,13768558971.093,2718.8694286921
DOGE,2024-11-09,0.202005329106771,0.219989688807891,0.197537966035008,0.218968968578603,2714125674.3326,13069100528.6395,2714.1256743326003
DOGE,2024-11-10,0.218968968578603,0.29764325302283,0.216763480844409,0.277484484820762,9097583969.76109,35697509109.9763,9097.58396976109
DOGE,2024-11-11,0.277484484820762,0.351613596498836,0.27288664369569,0.351589410982583,14072128131.1365,46272555106.8134,14072.1281311365
DOGE,2024-11-12,0.351589410982583,0.439062228657749,0.328089550328444,0.380979105894145,31378118014.8305,82011739894.4685,31378.118014830503
DOGE,2024-11-13,0.380979105894145,0.432858877355941,0.354477797235097,0.400191339764069,21112278880.1515,53641673066.2111,21112.2788801515
DOGE,2024-11-14,0.400191339764069,0.416432895436123,0.352665114931907,0.363550137371997,11498972531.4627,29342899916.0185,11498.9725314627
DOGE,2024-11-15,0.363550137371997,0.384946566451703,0.354967296285569,0.381985367535825,8174243660.28141,22138376900.4267,8174.2436602814105
DOGE,2024-11-16,0.381985367535825,0.391643264478235,0.360287925679008,0.364207167873089,5255519127.51455,14007956308.7684,5255.51912751455
DOGE,2024-11-17,0.364207167873089,0.375434713979066,0.340293123359885,0.367465654239283,4586355946.79656,12767960765.7796,4586.355946796561
DOGE,2024-11-18,0.367465654239283,0.380563399630036,0.358375590293685,0.371813116110582,5867910075.92175,15811729060.3807,5867.91007592175
DOGE,2024-11-19,0.371813116110582,0.419937867715084,0.367371081012891,0.391623717350672,8827653368.33759,22482156618.0965,8827.65336833759
DOGE,2024-11-20,0.391623717350672,0.396529012413847,0.366248945582508,0.378512742986916,5407408916.61717,14059413912.6042,5407.408916617171
DOGE,2024-11-21,0.378512742986916,0.395460977839854,0.370221879604599,0.386819937252552,5419729142.14637,14090301290.5524,5419.72914214637
DOGE,2024-11-22,0.386819937252552,0.418904474131856,0.381290005523835,0.411924739382832,9507901259.49564,23793320862.6872,9507.90125949564
DOGE,2024-11-23,0.411924739382832,0.477703321852016,0.403671817608016,0.430369042559938,14992302944.4282,33691187518.1126,14992.3029444282
DOGE,2024-11-24,0.430369042559938,0.453537035611611,0.400390944207378,0.429903133358368,7166173293.5083,16895343497.3995,7166.1732935083
DOGE,2024-11-25,0.429903133358368,0.436374343654324,0.381303606907498,0.392629732509726,6793557754.78225,16472245081.4876,6793.55775478225
DOGE,2024-11-26,0.392629732509726,0.408390579213376,0.365468403357532,0.387031327122375,6174973509.54536,16015990193.1037,6174.97350954536
DOGE,2024-11-27,0.387031327122375,0.407827748794535,0.380404689931589,0.401245197350462,4514918130.74994,11422599495.1671,4514.91813074994
DOGE,2024-11-28,0.401245197350462,0.428845819596293,0.391936466332656,0.401597343237045,4362027196.45698,10765274086.5404,4362.02719645698
DOGE,2024-11-29,0.401597343237045,0.437026526520133,0.399560995302635,0.425791924177718,4884246922.6459,11695609409.8905,4884.2469226459
DOGE,2024-11-30,0.425791924177718,0.435081661544823,0.413931858027831,0.42185191315622,4046130225.01398,9530788438.5018,4046.1302250139797
DOGE,2024-12-01,0.42185191315622,0.44973975886863,0.417017780793603,0.43976593760882,5233080835.32495,12093370709.9192,5233.08083532495
DOGE,2024-12-02,0.43976593760882,0.462089524910365,0.402251578210919,0.424274965302758,9507359903.48246,22171201128.6865,9507.35990348246
DOGE,2024-12-03,0.424274965302758,0.429444722420496,0.389213476027061,0.405576089400432,6342957040.91784,15462300269.284,6342.95704091784
DOGE,2024-12-04,0.405576089400432,0.436761472522266,0.40046250161244,0.433116105823516,5741257194.03956,13744317093.0106,5741.25719403956
DOGE,2024-12-05,0.433116105823516,0.464172202244382,0.4080399096754,0.427344911328582,11238478770.4983,25618680571.6577,11238.478770498301
DOGE,2024-12-06,0.427344911328582,0.440996507794378,0.419766756771171,0.434506104247613,5560042643.04985,12846989398.9509,5560.04264304985
DOGE,2024-12-07,0.434506104247613,0.465163025692967,0.43078768438837,0.45344419082173,6125842786.37121,13626842286.0566,6125.84278637121
DOGE,2024-12-08,0.45344419082173,0.484197091961617,0.446907107278264,0.465372915977533,5329845330.36421,11486387699.8523,5329.84533036421
DOGE,2024-12-09,0.465372915977533,0.466042375859793,0.391732655430637,0.414675576858868,8910339913.87579,20751877056.7774,8910.33991387579
DOGE,2024-12-10,0.414675576858868,0.423079960144984,0.366248390553493,0.39416628214355,8471396073.17517,21447257527.4724,8471.39607317517
DOGE,2024-12-11,0.39416628214355,0.418922652577096,0.375574816324374,0.413827646929128,4959624323.43904,12367397050.3263,4959.62432343904
DOGE,2024-12-12,0.413827646929128,0.423543579718716,0.401484662517728,0.406219038740567,4192369030.1141,10156105974.0939,4192.3690301141
DOGE,2024-12-13,0.406219038740567,0.411709280687279,0.399510726339509,0.408789087839967,2963896671.65828,7313961862.65644,2963.89667165828
DOGE,2024-12-14,0.408789087839967,0.413357106914467,0.387867322010833,0.398207158187425,2402816967.70519,6005555443.58332,2402.81696770519
DOGE,2024-12-15,0.398207158187425,0.410688675956695,0.392675858115374,0.406211242797354,1880990225.25058,4693387276.52167,1880.9902252505801
DOGE,2024-12-16,0.406211242797354,0.414429561286833,0.392706612198049,0.402242860299714,3035645322.50329,7505279991.17744,3035.64532250329
DOGE,2024-12-17,0.402242860299714,0.410600529745795,0.392159912838037,0.395020872786989,2827988513.1294,7046293507.21177,2827.9885131294
DOGE,2024-12-18,0.395020872786989,0.397056165918263,0.356065637467153,0.35868292839156,4367734076.18073,11603936539.6408,4367.73407618073
DOGE,2024-12-19,0.35868292839156,0.367900553049675,0.300842971486352,0.315386769182752,7303647356.57964,21873543045.4156,7303.6473565796405
DOGE,2024-12-20,0.315386769182752,0.329388313297078,0.26321737581088,0.319384833883809,8881162717.20509,29639220855.1344,8881.16271720509
DOGE,2024-12-21,0.319384833883809,0.351131779646261,0.315662690399233,0.320138852775651,5479485424.0338,16544659455.7562,5479.4854240338
DOGE,2024-12-22,0.320138852775651,0.324250229879091,0.304964726255221,0.313642241187051,2981029667.74785,9452318179.41458,2981.02966774785
DOGE,2024-12-23,0.313642241187051,0.329090227032428,0.303567550030409,0.325473595554712,3377060870.59379,10717203515.924,3377.0608705937902
DOGE,2024-12-24,0.325473595554712,0.340837229157396,0.316806315859636,0.337553418280829,2490076170.36678,7564987098.3425,2490.07617036678
DOGE,2024-12-25,0.337553418280829,0.342583941353546,0.327568491181596,0.334836614773344,1945248023.14812,5828662349.81899,1945.24802314812
DOGE,2024-12-26,0.334836614773344,0.338430049273396,0.309111006957897,0.313062580879858,1977903753.12426,6180882529.98623,1977.90375312426
DOGE,2024-12-27,0.313062580879858,0.324729673127131,0.309142128463363,0.311996200568577,1683332393.91993,5334660752.16488,1683.33239391993
DOGE,2024-12-28,0.311996200568577,0.326580909023175,0.311517488928189,0.323867312242666,1073063758.90415,3370341250.32032,1073.06375890415
DOGE,2024-12-29,0.323867312242666,0.329125693888696,0.311847683879623,0.314257724434351,1207789431.20082,3766271624.90892,1207.78943120082
DOGE,2024-12-30,0.314257724434351,0.322857757691185,0.306593346741406,0.313753427228469,1994871556.62395,6309949379.44543,1994.87155662395
DOGE,2024-12-31,0.313753427228469,0.328632746628553,0.309171669732648,0.315747789202074,1757749615.90858,5518319259.92424,1757.7496159085802
DOGE,2025-01-01,0.315747789202074,0.327143832987293,0.311903320160401,0.325008860063531,1211650863.18393,3792664000.57356,1211.65086318393
DOGE,2025-01-02,0.325008860063531,0.345246814284155,0.324736897537924,0.338952940897398,2440423662.72236,7245177271.68713,2440.42366272236
DOGE,2025-01-03,0.338952940897398,0.389144118391611,0.336069524100966,0.3798266262832,3817584901.57288,10516180448.2695,3817.58490157288
DOGE,2025-01-04,0.3798266262832,0.398599393881012,0.377392756940154,0.394716169757867,3430519831.48963,8853070726.89761,3430.51983148963
DOGE,2025-01-05,0.394716169757867,0.397604169584753,0.375648754510571,0.382221506705823,1740968820.01705,4521582891.76874,1740.9688200170501
DOGE,2025-01-06,0.382221506705823,0.395120433456374,0.376041187942909,0.388106804368682,2277485377.43316,5885049868.92325,2277.48537743316
DOGE,2025-01-07,0.388106804368682,0.398445762906444,0.348512667429083,0.348873563572068,4229319299.20139,11385363177.4586,4229.31929920139
DOGE,2025-01-08,0.348873563572068,0.35598386701022,0.326305840444403,0.343012020028533,3473275185.95291,10106018861.4338,3473.27518595291
DOGE,2025-01-09,0.343012020028533,0.347322484738269,0.31552365900068,0.321907147635491,2808422103.31431,8550591569.20417,2808.42210331431
DOGE,2025-01-10,0.321907147635491,0.339718394534874,0.321868221773084,0.334364183442087,2558304252.20518,7726005895.00918,2558.30425220518
DOGE,2025-01-11,0.334364183442087,0.348437707270619,0.330243581238193,0.341092514554908,1131677161.02352,3354010716.28798,1131.67716102352
DOGE,2025-01-12,0.341092514554908,0.343211557665751,0.332383587466368,0.33630873569422,1021000539.69206,3017499726.73423,1021.00053969206
DOGE,2025-01-13,0.33630873569422,0.346063707171975,0.312372302166933,0.338554950110142,2935662563.80181,8996934149.90018,2935.66256380181
DOGE,2025-01-14,0.338554950110142,0.362343811037141,0.336465151456032,0.356554804020056,2503371251.77626,7156278622.6821,2503.37125177626
DOGE,2025-01-15,0.356554804020056,0.387979863267906,0.349073871047847,0.385647830466226,3186808984.29894,8693148818.23149,3186.8089842989402
DOGE,2025-01-16,0.385647830466226,0.390038167051447,0.36865407361997,0.376696441128223,3210453111.42652,8467876617.73081,3210.45311142652
DOGE,2025-01-17,0.376696441128223,0.422102996790391,0.376112756986403,0.415752994196109,4903133421.70193,12028601008.4502,4903.13342170193
DOGE,2025-01-18,0.415752994196109,0.434767978734838,0.386957806839076,0.396004740008995,5746483106.78996,14214887896.7094,5746.4831067899595
DOGE,2025-01-19,0.396004740008995,0.409550393719137,0.3498658371831,0.359821505334976,6993891259.48103,18461579018.5699,6993.891259481031
DOGE,2025-01-20,0.359821505334976,0.385851820122063,0.345318358216836,0.355424443091517,6820998316.92535,18621757818.1053,6820.99831692535
DOGE,2025-01-21,0.355424443091517,0.40230666553383,0.335667819222067,0.373486924075143,7541487083.78122,20263464612.4273,7541.4870837812205
DOGE,2025-01-22,0.373486924075143,0.37525094085657,0.356871331770444,0.364032225189059,2252336939.96846,6157397149.71523,2252.3369399684602
DOGE,2025-01-23,0.364032225189059,0.365694226113582,0.343298284582076,0.353258623304373,2387161267.48654,6759543413.26836,2387.16126748654
DOGE,2025-01-24,0.353258623304373,0.365893985191165,0.344335180619638,0.352730468414176,1621877251.60083,4537796051.432,1621.87725160083
DOGE,2025-01-25,0.352730468414176,0.361475887945127,0.345573410365088,0.355291967882758,1098562818.11641,3102527512.95162,1098.56281811641
DOGE,2025-01-26,0.355291967882758,0.359004543761889,0.335543020686872,0.336027598432459,936126837.498347,2671130774.94255,936.1268374983471
DOGE,2025-01-27,0.336027598432459,0.336908692239835,0.305905362761262,0.333977581009524,3177572620.00302,9887483821.01645,3177.57262000302
DOGE,2025-01-28,0.333977581009524,0.340051559790943,0.315178071216426,0.318633671612991,1498509954.99733,4526934936.78838,1498.50995499733
DOGE,2025-01-29,0.318633671612991,0.334089020187841,0.317055330586584,0.324060695465444,1376288820.8866,4212785032.29157,1376.2888208866
DOGE,2025-01-30,0.324060695465444,0.340097178641361,0.322302896875822,0.333258935991237,953304652.71038,2859035461.31006,953.30465271038
DOGE,2025-01-31,0.333258935991237,0.342750062398245,0.325300073285063,0.33047510409321,1364345159.66855,4094545410.16507,1364.34515966855
DOGE,2025-02-01,0.33047510409321,0.333724541597377,0.303637492987795,0.307936787181328,1105256147.79501,3468198972.1216,1105.25614779501
DOGE,2025-02-02,0.307936787181328,0.314706788706228,0.252271195827479,0.267926908902057,4125733959.00803,14729709899.8536,4125.73395900803
DOGE,2025-02-03,0.267926908902057,0.29297629434411,0.204785727428449,0.28515539193088,7155840510.2206,28490365118.0469,7155.8405102206
DOGE,2025-02-04,0.28515539193088,0.289059457841543,0.255494558751501,0.263571883288058,3070087384.06621,11441468831.1174,3070.08738406621
DOGE,2025-02-05,0.263571883288058,0.269121411459343,0.253538853213844,0.256151561340804,1256811263.66853,4789513394.43067,1256.81126366853
DOGE,2025-02-06,0.256151561340804,0.265931298488315,0.243395987429974,0.247983079309219,1346091887.43803,5299328612.58087,1346.09188743803
DOGE,2025-02-07,0.247983079309219,0.26155970649159,0.238877715678396,0.246614180815992,1416496696.46722,5627216075.20871,1416.49669646722
DOGE,2025-02-08,0.246614180815992,0.254104869194996,0.244586416184519,0.25294988049225,653614071.539407,2625932653.6212,653.6140715394071
DOGE,2025-02-09,0.25294988049225,0.259957077724946,0.240066670578221,0.250054879312037,893695470.459678,3542063985.3647,893.6954704596781
DOGE,2025-02-10,0.250054879312037,0.257227534415777,0.24200598138967,0.256313055111197,998405511.828379,3968319532.89074,998.4055118283791
DOGE,2025-02-11,0.256313055111197,0.270658307379511,0.248683221112969,0.25417267942435,1323331776.167,5081336303.40801,1323.331776167
DOGE,2025-02-12,0.25417267942435,0.267977899819044,0.247970481638066,0.264957458872529,1489864642.4511,5801090269.86863,1489.8646424511
DOGE,2025-02-13,0.264957458872529,0.267869837330879,0.254438644274934,0.26345136152614,1144915352.11048,4398046714.45742,1144.9153521104802
DOGE,2025-02-14,0.26345136152614,0.287186203807099,0.261870969246914,0.272913000141167,1799830964.01446,6598497272.97359,1799.83096401446
DOGE,2025-02-15,0.272913000141167,0.284345204275556,0.269824777461192,0.273084592456534,1238871515.90921,4469641124.98805,1238.87151590921
DOGE,2025-02-16,0.273084592456534,0.275356141169825,0.264953794532676,0.266850174741192,715367778.08601,2651111332.60493,715.3677780860099
DOGE,2025-02-17,0.266850174741192,0.269896874559116,0.255205346537021,0.259274866596693,1039374837.43952,3957056805.22621,1039.37483743952
DOGE,2025-02-18,0.259274866596693,0.260800112473506,0.242423789331195,0.252097439797879,1246185275.92983,4964917736.47207,1246.1852759298301
DOGE,2025-02-19,0.252097439797879,0.256070354025308,0.249741906597314,0.25559425627766,774428090.023649,3055535550.13499,774.428090023649
DOGE,2025-02-20,0.25559425627766,0.258083671650921,0.25079927866148,0.255437176135476,867268222.798795,3403690012.06564,867.268222798795
DOGE,2025-02-21,0.255437176135476,0.261578110028364,0.234843496444225,0.239904252010951,1640091383.58415,6568671050.57791,1640.09138358415
DOGE,2025-02-22,0.239904252010951,0.248151100273555,0.238451285266996,0.247030492756541,709219270.367239,2901436770.23771,709.219270367239
DOGE,2025-02-23,0.247030492756541,0.247985442946239,0.24084100885628,0.243226865648822,512157802.093651,2095765742.53206,512.157802093651
DOGE,2025-02-24,0.243226865648822,0.244267456461169,0.207461533443854,0.210730731551524,1804600526.70707,8020919617.88143,1804.60052670707
DOGE,2025-02-25,0.210730731551524,0.214853433673193,0.196053040923673,0.211849582664844,2648659653.68903,12856136899.4379,2648.65965368903
DOGE,2025-02-26,0.211849582664844,0.214071947164545,0.196567317344749,0.203644790838577,1575596578.97626,7635098019.88502,1575.59657897626
DOGE,2025-02-27,0.203644790838577,0.211672073296049,0.201293137938731,0.207021044195137,1062446345.27243,5129445136.67677,1062.4463452724299
DOGE,2025-02-28,0.207021044195137,0.20732646333731,0.181941465536122,0.202046950954656,2051830089.04001,10650230156.5788,2051.83008904001
DOGE,2025-03-01,0.202046950954656,0.209370439304109,0.199607275501262,0.206778190593093,935226039.126822,4580559668.76459,935.226039126822
DOGE,2025-03-02,0.206778190593093,0.24324262533834,0.202244342236524,0.240439066026526,2585801929.20187,11584018890.8847,2585.80192920187
DOGE,2025-03-03,0.240439066026526,0.241233305750392,0.194131400351392,0.19960754010663,2304857746.46975,10672857752.3077,2304.85774646975
DOGE,2025-03-04,0.19960754010663,0.202599292968928,0.18385282989823,0.199500441896634,1902105774.0956,9816024707.32337,1902.1057740955998
DOGE,2025-03-05,0.199500441896634,0.207063619300688,0.197036262866636,0.205325042326374,1149092643.49798,5687274066.0924,1149.0926434979801
DOGE,2025-03-06,0.205325042326374,0.220529215366073,0.199818076060772,0.202092194114806,1424640896.75757,6840550965.37699,1424.64089675757
DOGE,2025-03-07,0.202092194114806,0.208974395085899,0.191301971577496,0.198800438939666,1543214025.18999,7658338310.70039,1543.21402518999
DOGE,2025-03-08,0.198800438939666,0.201267126022339,0.191645757025222,0.192693651512272,781494988.016567,3991047431.54399,781.4949880165669
DOGE,2025-03-09,0.192693651512272,0.194648431188376,0.165594853677966,0.168523332424938,1410194910.39555,7929824063.16828,1410.19491039555
DOGE,2025-03-10,0.168523332424938,0.180891406956319,0.151146308369828,0.154312281111842,1853827000.73465,11131070053.1519,1853.8270007346498
DOGE,2025-03-11,0.154312281111842,0.168785459082708,0.144019453887886,0.164758153683236,1931487713.98041,12238951290.479,1931.48771398041
DOGE,2025-03-12,0.164758153683236,0.173428014332776,0.159872613247367,0.172709788733429,1349670206.73638,8080151014.593,1349.6702067363801
DOGE,2025-03-13,0.172709788733429,0.173217562965844,0.162036616627897,0.165351662922275,1212611499.22999,7197613127.71415,1212.61149922999
DOGE,2025-03-14,0.165351662922275,0.176153816480925,0.16485958545544,0.17212970952591,857802651.858712,5021458107.88082,857.802651858712
DOGE,2025-03-15,0.17212970952591,0.177990571781934,0.171524405542802,0.176173385452152,589635491.861499,3373432592.9383,589.635491861499
DOGE,2025-03-16,0.176173385452152,0.17700141935845,0.166089657113398,0.168351583840704,750517047.094159,4394044130.94582,750.517047094159
DOGE,2025-03-17,0.168351583840704,0.176225785610673,0.168259019131751,0.173468697923956,800617855.613162,4631142973.31469,800.6178556131621
DOGE,2025-03-18,0.173468697923956,0.173598321547449,0.163184610612353,0.168176873398188,865196105.361678,5180482338.70672,865.196105361678
DOGE,2025-03-19,0.168176873398188,0.178775293942012,0.166964649825731,0.178076991765499,1047172050.27377,6099347963.68228,1047.17205027377
DOGE,2025-03-20,0.178076991765499,0.179206027552067,0.16691006591985,0.169465009265616,862301890.168399,5001493003.21879,862.3018901683989
DOGE,2025-03-21,0.169465009265616,0.171560526951904,0.16486921499156,0.167339693903842,654075945.367302,3894480805.08364,654.075945367302
DOGE,2025-03-22,0.167339693903842,0.169762185708751,0.166815308273655,0.16752351185117,359683127.015379,2133962270.13728,359.683127015379
DOGE,2025-03-23,0.16752351185117,0.172680483188442,0.167215158823455,0.172680483188442,466212367.935192,2735415154.53853,466.212367935192
DOGE,2025-03-24,0.172680483188442,0.189072491451589,0.170845371269058,0.183084182780784,1343905065.07155,7447317577.23113,1343.9050650715499
DOGE,2025-03-25,0.183084182780784,0.193549021276147,0.181080318592584,0.190858001360178,1439848130.88559,7658828612.91648,1439.84813088559
DOGE,2025-03-26,0.190858001360178,0.205772131211184,0.189562433105207,0.195099032977082,1933447070.30569,9775644301.81074,1933.44707030569
DOGE,2025-03-27,0.195099032977082,0.200556926458046,0.188171439938206,0.19056643846855,1153787883.16691,5945753538.39624,1153.78788316691
DOGE,2025-03-28,0.19056643846855,0.192851127142777,0.177457587695907,0.180377625708984,1251578096.00852,6857198034.87409,1251.5780960085199
DOGE,2025-03-29,0.180377625708984,0.182679351409781,0.166297718670657,0.169746562307608,1026644147.03706,5942985131.72889,1026.64414703706
DOGE,2025-03-30,0.169746562307608,0.172649739152703,0.164609181175393,0.166563559673233,686246199.300569,4047418557.37777,686.2461993005691
DOGE,2025-03-31,0.166563559673233,0.168446228524017,0.160337381765402,0.166778617595637,1178183069.75652,7131452600.64969,1178.1830697565201
DOGE,2025-04-01,0.166778617595637,0.175749985403144,0.16617661255735,0.174104926546425,1030392790.2352,6006677021.96108,1030.3927902352
DOGE,2025-04-02,0.174104926546425,0.178982158985622,0.162261943884505,0.163928540963608,1511736392.6576,8791125451.48997,1511.7363926576
DOGE,2025-04-03,0.163928540963608,0.167471973215926,0.1556774748953,0.162430369946361,992592207.61835,6162965943.03253,992.59220761835
DOGE,2025-04-04,0.162430369946361,0.17277062906623,0.160305976760604,0.171265491814154,1379930036.93255,8287316535.33781,1379.93003693255
DOGE,2025-04-05,0.171265491814154,0.171637977500512,0.166223220417959,0.169063855507572,497656958.394592,2946031526.91954,497.656958394592
DOGE,2025-04-06,0.169063855507572,0.170053641689083,0.145982793892836,0.149206368449312,999216126.183805,6389846823.68654,999.216126183805
DOGE,2025-04-07,0.149206368449312,0.153442943174481,0.130645520127668,0.14959325531844,2992208767.38518,20880348790.1596,2992.20876738518
DOGE,2025-04-08,0.14959325531844,0.157020601991796,0.141207480060468,0.142204577403167,1602275119.30733,10712081948.9788,1602.27511930733
DOGE,2025-04-09,0.142204577403167,0.16433860991525,0.136653048948115,0.160438276140069,1859934646.72964,12420425158.6191,1859.93464672964
DOGE,2025-04-10,0.160438276140069,0.160537097648533,0.149135063371984,0.153686487465728,1079079164.55891,6964478348.63247,1079.07916455891
DOGE,2025-04-11,0.153686487465728,0.16258889225874,0.153501032098892,0.160241476268276,732266506.286628,4626075668.72457,732.266506286628
DOGE,2025-04-12,0.160241476268276,0.169686514544521,0.158097385378275,0.167875831814655,753278063.106571,4576606701.00453,753.2780631065709
DOGE,2025-04-13,0.167875831814655,0.168803760727605,0.161060093615047,0.162538720996437,709327933.957994,4304731966.2352,709.327933957994
DOGE,2025-04-14,0.162538720996437,0.169486643777251,0.157830007037322,0.158797609352106,853446487.531785,5212295136.7626,853.446487531785
DOGE,2025-04-15,0.158797609352106,0.16142792557978,0.153485312832514,0.153896816419533,673831125.007898,4258806357.04617,673.831125007898
DOGE,2025-04-16,0.153896816419533,0.157478457991463,0.150750835102368,0.154999564078908,677935121.043268,4390841650.08415,677.9351210432679
DOGE,2025-04-17,0.154999564078908,0.159548600225573,0.153287008837988,0.156009533477678,471360706.649982,3011916155.81966,471.360706649982
DOGE,2025-04-18,0.156009533477678,0.158896002707092,0.153790054574884,0.157547206575015,381544674.955016,2442725767.68923,381.54467495501603
DOGE,2025-04-19,0.157547206575015,0.160790859035286,0.156344777559858,0.157283840518297,352569506.853995,2228039727.51261,352.56950685399505
DOGE,2025-04-20,0.157283840518297,0.159479134130107,0.152541224069823,0.155233515356767,506257835.968987,3255470711.73372,506.25783596898697
DOGE,2025-04-21,0.155233515356767,0.163447010126292,0.155013953281936,0.159473010108543,876146394.600852,5469232382.01086,876.146394600852
DOGE,2025-04-22,0.159473010108543,0.179820420841763,0.157675240591921,0.178684475053221,1366008576.32227,8068127180.01737,1366.0085763222698
DOGE,2025-04-23,0.178684475053221,0.185461604931186,0.175088312882052,0.178759074072977,1630130934.19196,9024942873.63374,1630.13093419196
DOGE,2025-04-24,0.178759074072977,0.183331886579879,0.170000182137437,0.182582765508825,1290825012.2178,7308616392.09438,1290.8250122178
DOGE,2025-04-25,0.182582765508825,0.186187760083023,0.177705890799749,0.181791693233978,1566361712.93192,8599339516.29082,1566.36171293192
DOGE,2025-04-26,0.181791693233978,0.192858429827005,0.18031038947776,0.181959328020527,1336265354.16792,7233084430.83593,1336.2653541679201
DOGE,2025-04-27,0.181959328020527,0.183461536974527,0.176680746635287,0.17940709520419,950836683.219389,5271009435.15631,950.836683219389
DOGE,2025-04-28,0.17940709520419,0.182736199236445,0.174019252830244,0.179101953742557,1210900264.32983,6786314849.84107,1210.90026432983
DOGE,2025-04-29,0.179101953742557,0.180710842592994,0.172682709433381,0.174848505671066,865633959.763134,4861880798.01599,865.633959763134
DOGE,2025-04-30,0.174848505671066,0.176714656344074,0.167267000241926,0.172444667373037,866433976.253971,5019150763.11023,866.433976253971
DOGE,2025-05-01,0.172444667373037,0.18340461660565,0.172309825657408,0.180747556631847,930224508.739305,5198613381.31466,930.2245087393051
DOGE,2025-05-02,0.180747556631847,0.184422551581109,0.179498359922438,0.18177481863803,909771076.017872,5008479556.25648,909.771076017872
DOGE,2025-05-03,0.18177481863803,0.182396962245632,0.175457482040521,0.175769198997098,503488033.293743,2815105105.51849,503.488033293743
DOGE,2025-05-04,0.175769198997098,0.177493460211821,0.170623942810431,0.171092488561872,542525673.617404,3118723578.53202,542.525673617404
DOGE,2025-05-05,0.171092488561872,0.175223360903945,0.168940571054905,0.171121980449918,605090517.719839,3524400263.25763,605.090517719839
DOGE,2025-05-06,0.171121980449918,0.172821621732,0.164693595794915,0.172498418257417,734850077.480976,4366961122.91172,734.850077480976
DOGE,2025-05-07,0.172498418257417,0.174592904387977,0.169317824701373,0.172203927873934,591945660.641029,3438354949.87294,591.945660641029
DOGE,2025-05-08,0.172203927873934,0.198219754390978,0.171945125626233,0.198079548545138,1722347347.5695,9240141337.0173,1722.3473475695
DOGE,2025-05-09,0.198079548545138,0.214116911837981,0.193116870264664,0.205313241068888,2097268687.61042,10308419791.2943,2097.26868761042
DOGE,2025-05-10,0.205313241068888,0.250437849594189,0.203503239952787,0.250379050948195,2704678076.78183,11929870866.4594,2704.67807678183
DOGE,2025-05-11,0.250379050948195,0.259051843649026,0.222512162798034,0.231795352190536,2809075954.14888,11865368221.5534,2809.07595414888
DOGE,2025-05-12,0.231795352190536,0.252465202713639,0.221235021586011,0.230956555930213,3954156959.10503,16575357894.3183,3954.15695910503
DOGE,2025-05-13,0.230956555930213,0.242728327424823,0.217721579344898,0.240618782023073,2369863905.03137,10314236032.2798,2369.86390503137
DOGE,2025-05-14,0.240618782023073,0.247256141503032,0.228512145079858,0.232774574014632,1976688069.91744,8359370091.96533,1976.6880699174399
DOGE,2025-05-15,0.232774574014632,0.23675148235797,0.214257707147055,0.219551654023028,2219101929.0269,9862495621.45657,2219.1019290268996
DOGE,2025-05-16,0.219551654023028,0.230912638797407,0.218296162741593,0.22141607150004,1583993983.43439,7015320114.45869,1583.99398343439
DOGE,2025-05-17,0.22141607150004,0.222425916884118,0.211279003549593,0.214666652443858,1258264056.02924,5821343567.58895,1258.2640560292398
DOGE,2025-05-18,0.214666652443858,0.237556002195104,0.214128274759216,0.233448483856218,1899046590.66232,8398151655.13436,1899.0465906623199
DOGE,2025-05-19,0.233448483856218,0.235796465856625,0.214626833170574,0.224743061801738,1860493168.37868,8402240950.40639,1860.49316837868
DOGE,2025-05-20,0.224743061801738,0.230837379445311,0.218119064206158,0.226420204949029,1603847476.39382,7166737908.43576,1603.84747639382
DOGE,2025-05-21,0.226420204949029,0.238061793664855,0.22349264125614,0.23426628660214,2496174914.17282,10857393881.9381,2496.17491417282
DOGE,2025-05-22,0.23426628660214,0.245729141058856,0.234164918983975,0.245570078721005,2452764203.3257,10183310367.2582,2452.7642033257
DOGE,2025-05-23,0.245570078721005,0.254068581286751,0.223761829501799,0.225778492566015,3125307744.03816,13029940767.484,3125.30774403816
DOGE,2025-05-24,0.225778492566015,0.230839944341581,0.223657552871823,0.224957611318852,1062476839.91042,4660250180.26967,1062.47683991042
DOGE,2025-05-25,0.224957611318852,0.226217647510379,0.21568559533331,0.224922788665231,1226411355.36119,5566159975.56266,1226.41135536119
DOGE,2025-05-26,0.224922788665231,0.230497964160805,0.223048042516147,0.226301087057161,1013919593.2301,4473901624.18218,1013.9195932301001
DOGE,2025-05-27,0.226301087057161,0.232221324577791,0.220166026177605,0.226190203743678,1217315078.35357,5356389001.05296,1217.31507835357
DOGE,2025-05-28,0.226190203743678,0.22797538099142,0.217240565761723,0.221162405037099,1052812509.92421,4743945394.37285,1052.81250992421
DOGE,2025-05-29,0.221162405037099,0.228002058947858,0.214494911793699,0.215209955514681,1550832203.91147,6978635624.42604,1550.8322039114698
DOGE,2025-05-30,0.215209955514681,0.216662650485987,0.191212836149347,0.193984358143861,2152047364.81984,10599730622.1238,2152.04736481984
DOGE,2025-05-31,0.193984358143861,0.195549147966804,0.186174913221889,0.192558142419879,1308995293.78255,6854270243.47599,1308.99529378255
DOGE,2025-06-01,0.192558142419879,0.194873875350179,0.18667440837335,0.193682241337169,730274382.165652,3826999152.85351,730.274382165652
DOGE,2025-06-02,0.193682241337169,0.196529899569237,0.188966357662181,0.195339719974811,846894059.12615,4411921530.91578,846.8940591261501
DOGE,2025-06-03,0.195339719974811,0.200707440689652,0.19200501234019,0.193377364177118,909599439.939122,4630618786.81424,909.5994399391219
DOGE,2025-06-04,0.193377364177118,0.197274130009465,0.187535012662539,0.188417645764316,657331308.719981,3405090953.4504,657.3313087199809
DOGE,2025-06-05,0.188417645764316,0.192774206695771,0.168789627610187,0.171548026687266,1517474220.05362,8449202533.64922,1517.47422005362
DOGE,2025-06-06,0.171548026687266,0.184618229794583,0.170053149889783,0.179121999462595,1088480440.69337,6137235984.2836,1088.4804406933702
DOGE,2025-06-07,0.179121999462595,0.188951291891558,0.178180864864414,0.185178697158232,685770181.489473,3716050511.85696,685.770181489473
DOGE,2025-06-08,0.185178697158232,0.187012916266533,0.180846097259458,0.184398279139537,529329236.299891,2877097499.9951,529.329236299891
DOGE,2025-06-09,0.184398279139537,0.195738431819331,0.180533510771008,0.194997189379915,991502073.075583,5296743126.35411,991.502073075583
DOGE,2025-06-10,0.194997189379915,0.198508276147905,0.189234316549853,0.198484629810298,1189185811.93202,6140109165.36007,1189.18581193202
DOGE,2025-06-11,0.198484629810298,0.206061126101407,0.191485127141143,0.193071935375984,1402990864.48857,7040951094.56398,1402.99086448857
DOGE,2025-06-12,0.193071935375984,0.193747178750598,0.180413468430419,0.181826821503915,1036472204.83697,5522693134.68585,1036.47220483697
DOGE,2025-06-13,0.181826821503915,0.181826821503915,0.171658444437715,0.180632195849514,1500084506.03185,8568966822.92877,1500.0845060318502
DOGE,2025-06-14,0.180632195849514,0.180652535795575,0.174892227885751,0.178343252746016,648524725.296776,3651607675.93818,648.5247252967761
DOGE,2025-06-15,0.178343252746016,0.178760042608172,0.17161830965388,0.175572956713146,585037097.603548,3333277271.99837,585.0370976035481
DOGE,2025-06-16,0.175572956713146,0.181208222783666,0.172407377758302,0.172680319261931,1000093929.22474,5638426843.15844,1000.09392922474
DOGE,2025-06-17,0.172680319261931,0.176114461829528,0.164247366374926,0.169479553237723,1038049760.45048,6084568027.35534,1038.0497604504799
DOGE,2025-06-18,0.169479553237723,0.172222004202589,0.164362979347935,0.170842013402419,786809356.145433,4665911089.67946,786.809356145433
DOGE,2025-06-19,0.170842013402419,0.172118481841866,0.1678871603433,0.171006976686402,432075421.251451,2540936671.38101,432.075421251451
DOGE,2025-06-20,0.171006976686402,0.172032713398495,0.158838463542232,0.162508528375392,890479005.61868,5366715836.38714,890.47900561868
DOGE,2025-06-21,0.162508528375392,0.16448833964144,0.151321778321538,0.1545251971888,635454619.553757,4020343352.60127,635.454619553757
DOGE,2025-06-22,0.1545251971888,0.157639127819759,0.143147949247712,0.151619999528886,1374227139.84016,9145215975.72033,1374.22713984016
DOGE,2025-06-23,0.151619999528886,0.165344184413558,0.148930977242212,0.164127674537763,1059930521.51114,6806379092.2903,1059.93052151114
DOGE,2025-06-24,0.164127674537763,0.167834216315528,0.161980743413505,0.165915460065893,864768863.590966,5262654525.24553,864.768863590966
DOGE,2025-06-25,0.165915460065893,0.167748969372242,0.162808604724896,0.164783927857857,654629952.503255,3956253324.18024,654.629952503255
DOGE,2025-06-26,0.164783927857857,0.168063280209869,0.158194460811834,0.16018345344414,705790322.124226,4347793396.44293,705.790322124226
DOGE,2025-06-27,0.16018345344414,0.162866941456268,0.157265289686543,0.16113047314351,492469381.120605,3065126242.83955,492.46938112060496
DOGE,2025-06-28,0.16113047314351,0.164976744695981,0.160605358861609,0.163674514017916,296316911.521765,1820373646.09016,296.316911521765
DOGE,2025-06-29,0.163674514017916,0.169971261242556,0.162659038505062,0.169468424625568,379676985.776886,2291934724.57089,379.676985776886
DOGE,2025-06-30,0.169468424625568,0.169875655765245,0.162468560949644,0.165282757387301,649680945.513298,3915896055.11301,649.6809455132981
DOGE,2025-07-01,0.165282757387301,0.166356692485617,0.157110863835873,0.15796987620196,525842088.362643,3264901347.25968,525.842088362643
DOGE,2025-07-02,0.15796987620196,0.172593747362539,0.156887278240291,0.168729499519904,879596055.66266,5273267882.31463,879.59605566266
DOGE,2025-07-03,0.168729499519904,0.175329225762858,0.16763918404543,0.172042168946112,986562155.477412,5727157099.62876,986.562155477412
DOGE,2025-07-04,0.172042168946112,0.172884914279273,0.161494680232,0.16296146757469,767990332.756581,4630558993.93737,767.990332756581
DOGE,2025-07-05,0.16296146757469,0.165087591022802,0.162169596071331,0.164243324436591,329177857.553967,2009737565.74978,329.177857553967
DOGE,2025-07-06,0.164243324436591,0.174911077787103,0.163173810916825,0.171955321781529,777852674.004586,4585841124.24283,777.852674004586
DOGE,2025-07-07,0.171955321781529,0.176875727098266,0.165736554449926,0.167899748908302,973924527.63735,5701394140.56234,973.9245276373499
DOGE,2025-07-08,0.167899748908302,0.171839434896727,0.16598660405586,0.170875131069703,641528954.248898,3787607037.80624,641.528954248898
DOGE,2025-07-09,0.170875131069703,0.185842468224949,0.169957394951448,0.180435552467562,1269385692.86043,7228042726.58944,1269.38569286043
DOGE,2025-07-10,0.180435552467562,0.19593977859556,0.178693979225625,0.194774877555838,1306103882.56805,7060312489.35803,1306.1038825680498
DOGE,2025-07-11,0.194774877555838,0.21306440703379,0.191015322183975,0.200610876908584,2979079567.94507,14729745575.9299,2979.07956794507
DOGE,2025-07-12,0.200610876908584,0.205977742791825,0.191820111212314,0.19712749975269,1258156998.94998,6335717729.42135,1258.15699894998
DOGE,2025-07-13,0.19712749975269,0.204019730137484,0.195869736795988,0.198271450339336,1031865509.75445,5175240479.6191,1031.86550975445
DOGE,2025-07-14,0.198271450339336,0.210363915280556,0.194963181512364,0.197281977035173,2060054747.79662,10135322731.0271,2060.0547477966197
DOGE,2025-07-15,0.197281977035173,0.198982545163889,0.188354075694251,0.198872288445037,1545292589.32645,8009704651.15159,1545.29258932645
DOGE,2025-07-16,0.198872288445037,0.219896045534315,0.195373250777803,0.21228598182106,2123553481.26316,10322067613.0965,2123.55348126316
DOGE,2025-07-17,0.21228598182106,0.221654817625364,0.206495714287258,0.217670024989091,2802104219.98594,13138178328.2412,2802.10421998594
DOGE,2025-07-18,0.217670024989091,0.252719997214718,0.21590291342182,0.235217647315238,5548810832.67188,23376195099.7489,5548.810832671879
DOGE,2025-07-19,0.235217647315238,0.256577885229033,0.235077795734732,0.241537463277002,3492785092.76403,14164694666.9461,3492.78509276403
DOGE,2025-07-20,0.241537463277002,0.277708662592982,0.240131478195466,0.273122328531293,4155195346.03063,15961551318.8477,4155.19534603063
DOGE,2025-07-21,0.273122328531293,0.286389903503918,0.264032996857119,0.270974300153705,4995250118.81526,18238217476.1474,4995.25011881526
DOGE,2025-07-22,0.270974300153705,0.274264905453678,0.257168452551545,0.270306047073907,3609391692.32834,13601589900.7833,3609.39169232834
DOGE,2025-07-23,0.270306047073907,0.270461749336692,0.231197643004013,0.240532611431719,3623932660.42192,14572408728.3769,3623.93266042192
DOGE,2025-07-24,0.240532611431719,0.246484207162051,0.222060266985742,0.231889081253717,3465210491.63662,14666248406.8819,3465.21049163662
DOGE,2025-07-25,0.231889081253717,0.236612156773083,0.221342773779782,0.23640024539389,2777641607.20449,12177781867.7481,2777.6416072044904
DOGE,2025-07-26,0.23640024539389,0.239750787423499,0.232684714092012,0.23512960379105,1174358166.87742,4956806096.34653,1174.35816687742
DOGE,2025-07-27,0.23512960379105,0.243247515585662,0.23426315536321,0.240350744340294,1525443733.75928,6395273762.33634,1525.44373375928
DOGE,2025-07-28,0.240350744340294,0.248086810810664,0.22431617544042,0.225886403595553,2307346263.91597,9736539063.06546,2307.3462639159698
DOGE,2025-07-29,0.225886403595553,0.23235572794512,0.217825406721926,0.223836922240624,1808903315.15759,8038459487.15031,1808.90331515759
DOGE,2025-07-30,0.223836922240624,0.226388272929339,0.210563008990269,0.219753664187163,1866497651.44647,8519015741.74115,1866.49765144647
DOGE,2025-07-31,0.219753664187163,0.22539752718445,0.208616270137093,0.209809735954897,1426947873.118,6549548606.86852,1426.947873118
DOGE,2025-08-01,0.209809735954897,0.212334056499864,0.196358979722725,0.201002691370738,2795281825.09164,13594065173.5561,2795.28182509164
DOGE,2025-08-02,0.201002691370738,0.203442709576486,0.189683475014728,0.191106735947542,1707563646.61609,8695579442.41284,1707.56364661609
DOGE,2025-08-03,0.191106735947542,0.200558694388509,0.188812202781061,0.199027175154729,983204409.409822,4999237708.94931,983.204409409822
DOGE,2025-08-04,0.199027175154729,0.20420838556681,0.198740142143759,0.202836814743705,486776299.436319,2410822538.50119,486.776299436319
