symbol,date,open,high,low,close,usd_volume,crypto_volume,usd_volume_mil
ETH,2020-02-13,265.705785795552,276.77629630738,257.122350890229,268.470425764524,6692037824.60686,25023642.8975078,6692.03782460686
ETH,2020-02-14,268.470425764524,286.455559131979,260.56674489258,285.361316548314,5124032964.87998,18830592.1202583,5124.03296487998
ETH,2020-02-15,285.361316548314,288.087269018487,262.405715957481,264.654352737345,5612811597.89112,20344085.2552481,5612.81159789112
ETH,2020-02-16,264.654352737345,273.659681862589,238.199485465554,260.262561844332,5798514079.41293,22157246.8671102,5798.514079412929
ETH,2020-02-17,260.262561844332,268.136257227581,242.803885853028,267.792510120727,6032680248.33608,23844420.1798781,6032.68024833608
ETH,2020-02-18,267.792510120727,285.846723634588,259.630161038439,282.727667529583,6370895298.17627,23418058.6872708,6370.8952981762695
ETH,2020-02-19,282.727667529583,285.385642391599,254.753838963462,258.861120130999,5641541083.16943,20452713.7225332,5641.54108316943
ETH,2020-02-20,258.861120130999,266.435793982759,246.984540822158,261.917515322039,5959511760.87154,22974963.057728,5959.51176087154
ETH,2020-02-21,261.917515322039,273.73044757875,254.576197714541,266.673391352879,4805683238.18165,18210427.0825859,4805.68323818165
ETH,2020-02-22,266.673391352879,273.296166033467,257.281859381237,267.928618374638,3365396632.98088,12773831.0495385,3365.39663298088
ETH,2020-02-23,267.928618374638,278.518918052315,261.885939298391,275.607976886813,3776036404.7892,13924315.5238006,3776.0364047892
ETH,2020-02-24,275.607976886813,279.429310696146,258.234162557194,269.695731225851,4564139689.99844,16965656.2112484,4564.13968999844
ETH,2020-02-25,269.695731225851,269.695731225851,246.47598291931,248.296673296487,4839824567.82131,18738130.1942487,4839.82456782131
ETH,2020-02-26,248.296673296487,255.198656873733,217.064455414176,224.41355361404,6085970016.5445,25754917.6627273,6085.9700165445
ETH,2020-02-27,224.41355361404,246.515584989772,210.762216569457,227.915323154323,6372678300.64691,27778125.6638087,6372.6783006469095
ETH,2020-02-28,227.915323154323,242.356036113707,214.66122380456,227.299569148041,5118654984.74959,22406142.0205851,5118.65498474959
ETH,2020-02-29,227.299569148041,240.27542359259,217.345763672345,217.345763672345,3721478786.90539,16260900.3363376,3721.47878690539
ETH,2020-03-01,217.345763672345,233.861134154954,212.832293476871,221.341936906602,3992495134.49139,17811896.5963847,3992.49513449139
ETH,2020-03-02,221.341936906602,239.479477188707,216.071285243432,232.271452779047,4348526189.63657,19012724.9765178,4348.52618963657
ETH,2020-03-03,232.271452779047,238.369324331388,220.55057852516,223.911693501624,4296157279.60208,18752468.525594,4296.15727960208
ETH,2020-03-04,223.911693501624,234.597777324561,220.87625849835,226.324537529862,3414126794.58362,15054631.9216583,3414.1267945836203
ETH,2020-03-05,226.324537529862,239.782671121615,225.126332594322,234.830920293663,3186485680.60081,13782041.5492086,3186.48568060081
ETH,2020-03-06,234.830920293663,251.966187565004,228.16152263792,246.863819476164,3653238943.20715,15348812.3497522,3653.23894320715
ETH,2020-03-07,246.863819476164,256.673164075221,236.997051915618,244.191588556584,3521974857.58951,14289162.4444889,3521.97485758951
ETH,2020-03-08,244.191588556584,244.191588556584,198.116377807076,201.057643259545,4860573989.81263,21783894.1010131,4860.573989812629
ETH,2020-03-09,201.057643259545,220.255120690014,190.505774525943,203.009348740657,5569562828.1714,27300699.7937437,5569.5628281714
ETH,2020-03-10,203.009348740657,214.944491716235,196.191626199482,208.388885445409,4106638604.46161,19884984.3071328,4106.63860446161
ETH,2020-03-11,208.388885445409,211.687448792573,182.228493512785,202.802491834646,3588114566.50944,18105313.1722646,3588.11456650944
ETH,2020-03-12,202.802491834646,202.980009763802,104.651771862857,108.664458505258,6171505865.78955,41547341.7803359,6171.50586578955
ETH,2020-03-13,108.664458505258,144.145771987965,90.2201466581413,135.131870826603,5964960656.83491,48476850.2177426,5964.96065683491
ETH,2020-03-14,135.131870826603,144.481339572559,121.421090333884,122.897306591158,3051828174.14825,23389854.6193928,3051.82817414825
ETH,2020-03-15,122.897306591158,139.579386175252,120.718813107649,124.202672152128,2429950373.10671,18936985.694564,2429.95037310671
ETH,2020-03-16,124.202672152128,133.687535182279,101.901138797178,112.822923608053,3457519833.83072,30648354.8498161,3457.51983383072
ETH,2020-03-17,112.822923608053,128.246438806305,110.158034548807,119.64647855871,2448644716.45123,20393278.6450441,2448.64471645123
ETH,2020-03-18,119.64647855871,126.210206744774,110.571085245381,120.204593279184,1955325558.41768,16690319.3164287,1955.32555841768
ETH,2020-03-19,120.204593279184,145.403232195297,115.859377922909,142.85386977219,2848970938.85674,22228266.5649203,2848.97093885674
ETH,2020-03-20,142.85386977219,157.456583160532,119.62124435683,133.578387404322,3756924426.31832,26849239.3436036,3756.92442631832
ETH,2020-03-21,133.578387404322,141.258706778977,126.699404524874,137.163691396065,2696339394.28972,20037420.1553446,2696.33939428972
ETH,2020-03-22,137.163691396065,141.430372905056,121.635128221391,124.177605230608,2466564787.5725,18661756.6751041,2466.5647875725003
ETH,2020-03-23,124.177605230608,141.220880099642,120.9160223133,136.975556922898,2739547702.91926,20868916.1755117,2739.5477029192602
ETH,2020-03-24,136.975556922898,147.614407085719,133.464670499624,139.04598313875,2734466707.22152,19498620.4454392,2734.4667072215198
ETH,2020-03-25,139.04598313875,146.743388261927,133.659472655423,137.418762561173,2410873032.7141,17306087.9432177,2410.8730327140997
ETH,2020-03-26,137.418762561173,143.747313488018,134.037820151228,139.785189744357,1969060194.1723,14202573.5439091,1969.0601941723
ETH,2020-03-27,139.785189744357,144.928304576353,131.301298344308,136.863315755663,1888344142.423,13559834.4079662,1888.344142423
ETH,2020-03-28,136.863315755663,137.705237076707,125.777782258963,131.259851940386,1967833915.76932,14965559.4563719,1967.83391576932
ETH,2020-03-29,131.259851940386,136.633413675331,124.617217009604,125.060186341043,1277977680.85818,9727936.08490321,1277.97768085818
ETH,2020-03-30,125.060186341043,139.754238388356,124.775782430982,136.928682892706,1693019520.96209,12646744.3668768,1693.01952096209
ETH,2020-03-31,136.928682892706,140.061578127391,130.693248585365,133.039078404153,1474775499.11474,10858355.5558984,1474.77549911474
ETH,2020-04-01,133.039078404153,138.272579541612,129.279739406913,135.543273424485,1559523615.33878,11600052.5909182,1559.52361533878
ETH,2020-04-02,135.543273424485,148.841846311127,135.543273424485,144.944777826915,2158394142.97986,15344815.9787648,2158.3941429798597
ETH,2020-04-03,144.944777826915,149.366468684006,138.334535792619,143.175878467765,1697267483.43239,11788886.7515405,1697.26748343239
ETH,2020-04-04,143.175878467765,147.232471005408,139.454437780237,146.772985671568,1420406202.22664,9876086.54328527,1420.40620222664
ETH,2020-04-05,146.772985671568,147.874992191385,141.240323467754,145.87660858412,1248341716.18753,8596883.28975216,1248.34171618753
ETH,2020-04-06,145.87660858412,171.719670429098,143.624323457528,170.988606380969,3244770894.27656,20685240.6416088,3244.77089427656
ETH,2020-04-07,170.988606380969,176.562976426221,162.647929913829,165.071679931644,4061806231.65286,23731814.4520542,4061.8062316528603
ETH,2020-04-08,165.071679931644,176.294391909103,164.415320002307,174.971813581084,2896286747.01031,16937868.81745,2896.28674701031
ETH,2020-04-09,174.971813581084,175.943235463486,166.387999373224,169.845482966347,2424875990.58228,14132879.4776713,2424.8759905822803
ETH,2020-04-10,169.845482966347,172.747998775697,153.053836526521,158.141697262185,3272027565.72024,20321542.0287091,3272.02756572024
ETH,2020-04-11,158.141697262185,164.833958113084,154.450753615932,158.32751444194,2096314917.07567,13120891.9973625,2096.31491707567
ETH,2020-04-12,158.32751444194,169.490632577825,155.825260578957,159.282925042929,2237728708.86891,13811061.5481479,2237.72870886891
ETH,2020-04-13,159.282925042929,163.815142601248,151.036269611932,156.768465753783,2606568592.80085,16805409.9594875,2606.5685928008497
ETH,2020-04-14,156.768465753783,167.069897758358,155.509687710233,164.588233795317,2252984125.0392,13999069.9477108,2252.9841250391996
ETH,2020-04-15,164.588233795317,166.54291548687,152.940790056117,158.948993778861,2363658190.64161,14736603.8718517,2363.65819064161
ETH,2020-04-16,158.948993778861,177.564157973913,149.243067722254,172.738855155562,3962732207.31753,23731822.2516787,3962.73220731753
ETH,2020-04-17,172.738855155562,176.819654599221,168.361541628848,170.871204781583,2349572932.70569,13595923.7332338,2349.5729327056897
ETH,2020-04-18,170.871204781583,189.715097391482,170.871204781583,188.443384562831,3068000617.95175,17015152.9913148,3068.00061795175
ETH,2020-04-19,188.443384562831,189.471255449214,177.214023172535,182.166799363242,3095533446.89285,16823115.7406739,3095.53344689285
ETH,2020-04-20,182.166799363242,188.558841347577,167.883976987673,173.744766957464,3804773335.76605,21217370.6261899,3804.77333576605
ETH,2020-04-21,173.744766957464,177.183810091178,168.61413906987,172.17256407451,2546925775.42688,14679328.7021711,2546.9257754268797
ETH,2020-04-22,172.17256407451,186.392834144256,169.373806047741,185.391256143357,2713925183.52422,15155515.4992775,2713.92518352422
ETH,2020-04-23,185.391256143357,192.107715341794,178.673110132006,185.870079190234,3630031795.92255,19507821.7450716,3630.0317959225504
ETH,2020-04-24,185.870079190234,189.74373592483,182.960086891718,188.102935023418,2308694834.52321,12295959.324556,2308.69483452321
ETH,2020-04-25,188.102935023418,196.613163970678,184.400224182357,194.538853996801,2760330032.88704,14304922.2261316,2760.33003288704
ETH,2020-04-26,194.538853996801,198.880046897201,190.726416318384,197.17243592752,2570955862.05669,13153976.3988529,2570.9558620566904
ETH,2020-04-27,197.17243592752,199.038356076194,189.684362954683,194.237834134151,2711283137.82363,13887119.4639612,2711.2831378236297
ETH,2020-04-28,194.237834134151,198.158797952533,190.0470669177,197.592207360378,2215820514.26264,11311530.9276694,2215.82051426264
ETH,2020-04-29,197.592207360378,217.846253552552,195.985031008742,215.907660477045,4005328031.32902,19260706.3103399,4005.32803132902
ETH,2020-04-30,215.907660477045,226.962007324942,202.98145857313,206.740590164765,4678523126.07086,21863723.7361364,4678.52312607086
ETH,2020-05-01,206.740590164765,216.91481689706,206.369217839765,212.724750385963,3164418583.06284,14939266.4820505,3164.41858306284
ETH,2020-05-02,212.724750385963,215.418564762698,210.288826293415,214.463882373401,2242614789.2372,10522681.2419567,2242.6147892371996
ETH,2020-05-03,214.463882373401,218.381577816001,205.855547202625,210.929246600443,2910986601.84512,13667036.0860112,2910.98660184512
ETH,2020-05-04,210.929246600443,211.378692652578,195.917282350787,207.453349608418,3368445149.69723,16571288.059823,3368.4451496972297
ETH,2020-05-05,207.453349608418,211.051816356698,201.661065336864,205.748591871827,2456443912.91477,11914213.238811,2456.44391291477
ETH,2020-05-06,205.748591871827,212.707055830242,199.09168364781,199.34522405766,2911076166.99579,14073838.4360512,2911.07616699579
ETH,2020-05-07,199.34522405766,213.788111753332,198.009755724479,211.479828963009,3548233757.02612,17125955.6916296,3548.23375702612
ETH,2020-05-08,211.479828963009,216.055580770124,207.165720055537,211.29818339745,3096835340.33737,14613608.3676235,3096.83534033737
ETH,2020-05-09,211.29818339745,214.366192627519,208.868419532543,210.193129480347,2749017352.83572,12975223.3800284,2749.01735283572
ETH,2020-05-10,210.193129480347,210.193129480347,181.006153380489,187.785292112622,4758652667.572,25150879.9723046,4758.652667572
ETH,2020-05-11,187.785292112622,193.41177665922,177.804297655481,187.604850125979,3719222487.83508,19860096.0138682,3719.2224878350803
ETH,2020-05-12,187.604850125979,192.988010658912,186.224740706515,191.377243581016,2275729996.28915,11969740.1081568,2275.72999628915
ETH,2020-05-13,191.377243581016,200.931667117889,188.668953447803,199.47226382297,2275987087.5533,11698859.4072198,2275.9870875532997
ETH,2020-05-14,199.47226382297,205.347049435405,196.313653522118,203.039784569527,2815503014.83771,14011052.410512,2815.50301483771
ETH,2020-05-15,203.039784569527,204.020742430007,192.799598265486,194.813710183624,2035051667.40639,10238815.7399656,2035.05166740639
ETH,2020-05-16,194.813710183624,203.150231797167,193.204516103359,200.611324737373,1832060350.2171,9160888.22579265,1832.0603502171
ETH,2020-05-17,200.611324737373,209.512689341061,199.583720670117,206.868363257778,1849122630.57131,9034895.1449248,1849.12263057131
ETH,2020-05-18,206.868363257778,216.530390102179,206.760137435337,214.254530897021,2457737667.92248,11562970.5475912,2457.73766792248
ETH,2020-05-19,214.254530897021,215.46403424416,209.603913023947,214.497685577562,1874317752.38066,8825568.66712242,1874.31775238066
ETH,2020-05-20,214.497685577562,215.063447840288,206.813198778095,209.985929208945,1834430456.53215,8663048.00580315,1834.43045653215
ETH,2020-05-21,209.985929208945,211.502747021788,192.09101989279,198.859317021629,1940045248.17589,9540442.0587144,1940.04524817589
ETH,2020-05-22,198.859317021629,209.408115316474,196.451719037066,207.399053561541,1594238019.59092,7845059.1309693,1594.23801959092
ETH,2020-05-23,207.399053561541,211.116355091583,204.898049690299,206.552913007993,1185840859.44095,5699015.15412272,1185.84085944095
ETH,2020-05-24,206.552913007993,211.115597546845,200.293545008418,200.293545008418,1543134060.61678,7456563.99624215,1543.13406061678
ETH,2020-05-25,200.293545008418,207.222828107582,198.735708690074,206.05268220542,1254092409.54783,6140875.70286711,1254.0924095478301
ETH,2020-05-26,206.05268220542,207.043902465627,197.511067405503,200.740952020492,1197860738.67674,5902336.33833266,1197.8607386767399
ETH,2020-05-27,200.740952020492,209.193617366892,200.702181788031,209.193617366892,1272135731.83504,6187428.41789224,1272.1357318350401
ETH,2020-05-28,209.193617366892,220.079715946312,204.689014704573,219.881269930184,1591206336.94233,7534740.80726167,1591.20633694233
ETH,2020-05-29,219.881269930184,224.434902630044,217.49800120322,220.477889582762,1620171058.32585,7353299.04512442,1620.17105832585
ETH,2020-05-30,220.477889582762,246.267424455497,218.643102574952,243.450837287237,2146727536.64307,9155112.11050997,2146.72753664307
ETH,2020-05-31,243.450837287237,245.178789263635,230.156922549794,231.561049569497,2124730720.65892,8959628.31838207,2124.73072065892
ETH,2020-06-01,231.561049569497,249.926247576364,230.63410129012,247.721121751833,1966653696.6615,8185910.12853893,1966.6536966615
ETH,2020-06-02,247.721121751833,252.789786287449,227.875286840736,238.039305182997,2201449345.83012,9079087.55100052,2201.44934583012
ETH,2020-06-03,238.039305182997,244.832476842082,233.877752544113,244.517305926025,1477582231.38106,6187328.54840123,1477.58223138106
ETH,2020-06-04,244.517305926025,246.384001725906,236.51078023335,243.395985488219,1590009937.77665,6548130.40091282,1590.0099377766498
ETH,2020-06-05,243.395985488219,246.823870390245,239.252297141012,240.141926102433,1379479112.6409,5681978.43826753,1379.4791126409
ETH,2020-06-06,240.141926102433,244.398568357885,238.333101908098,242.21127811622,1010022519.04631,4185455.00096298,1010.02251904631
ETH,2020-06-07,242.21127811622,245.068576401818,235.311079086515,244.656477856746,1287847169.4829,5359272.15181542,1287.8471694829
ETH,2020-06-08,244.656477856746,247.265465176602,241.325462568382,246.281620828411,1149073858.62185,4720654.36262763,1149.07385862185
ETH,2020-06-09,246.281620828411,249.395489844087,240.312053418594,243.934103837703,1095118051.5642,4497522.2815478,1095.1180515642
ETH,2020-06-10,243.934103837703,249.850761726034,242.313891978517,247.733239381796,1147688397.17482,4684118.38426283,1147.68839717482
ETH,2020-06-11,247.733239381796,249.847854846029,227.467652441278,230.357448614738,1714840743.93848,7154426.01984101,1714.8407439384798
ETH,2020-06-12,230.357448614738,239.406327419275,228.537154186641,237.456618211254,1065664544.60803,4525594.25448237,1065.66454460803
ETH,2020-06-13,237.456618211254,239.358393768377,234.960682855252,238.10438754806,738226233.438306,3115026.7652359,738.2262334383059
ETH,2020-06-14,238.10438754806,238.942667902077,230.194783278784,231.702586285674,856443451.923165,3641156.0275892,856.443451923165
ETH,2020-06-15,231.702586285674,235.203544825204,218.681733291061,232.881293003941,1515783819.35485,6688487.61676691,1515.78381935485
ETH,2020-06-16,232.881293003941,237.845934853891,228.908975249392,235.395588945481,1137273533.21291,4871911.42846905,1137.27353321291
ETH,2020-06-17,235.395588945481,236.689500217919,228.173766384532,233.660060240517,1147729795.23293,4923508.27688928,1147.72979523293
ETH,2020-06-18,233.660060240517,234.86292730064,227.672762785472,231.054396105192,1000066511.62506,4308390.87670694,1000.06651162506
ETH,2020-06-19,231.054396105192,232.512488887675,226.577422391722,228.650803045926,996690016.532672,4346421.91210225,996.6900165326721
ETH,2020-06-20,228.650803045926,231.999467584447,226.032227401957,228.644751931916,859019414.678138,3757165.92459727,859.019414678138
ETH,2020-06-21,228.644751931916,233.762158950309,227.369082540557,227.762480033886,756863869.317253,3294286.16064247,756.863869317253
ETH,2020-06-22,227.762480033886,246.333592966682,227.406436577916,243.229040261539,1510255946.14109,6339792.38455404,1510.25594614109
ETH,2020-06-23,243.229040261539,245.337708537772,240.958726694629,243.157786542948,1007310042.58938,4145548.84362487,1007.31004258938
ETH,2020-06-24,243.157786542948,248.887378127618,231.252883326556,234.538640207763,1634046296.69613,6816356.02287293,1634.04629669613
ETH,2020-06-25,234.538640207763,237.171280402967,228.184089517139,232.844567024218,1037010910.34944,4453299.17377652,1037.0109103494399
ETH,2020-06-26,232.844567024218,234.902919392623,227.756283939882,229.407677865715,1098252056.64137,4763938.87133165,1098.25205664137
ETH,2020-06-27,229.407677865715,233.311901437815,216.914770549994,220.999502024184,1085122107.46087,4806662.87063163,1085.12210746087
ETH,2020-06-28,220.999502024184,230.989223890882,218.137515956154,224.967497362543,888818702.612502,3975865.02848456,888.818702612502
ETH,2020-06-29,224.967497362543,231.693304067578,221.399119489908,227.838284362116,1000544645.4437,4442976.24222227,1000.5446454437
ETH,2020-06-30,227.838284362116,229.96301518669,223.157009839323,225.87372040711,816149916.048455,3605402.51379484,816.149916048455
ETH,2020-07-01,225.87372040711,233.360365432387,224.31860319011,231.029196414016,684774294.726874,2992819.43936109,684.774294726874
ETH,2020-07-02,231.029196414016,233.928440909386,223.319853293087,226.445038030988,995045850.515234,4361366.95971546,995.045850515234
ETH,2020-07-03,226.445038030988,230.05339463393,224.629304765753,225.296312970474,622816863.427819,2742477.48864851,622.816863427819
ETH,2020-07-04,225.296312970474,231.341098765324,224.788522705541,230.96297987069,589737570.340195,2586413.44465846,589.7375703401949
ETH,2020-07-05,230.96297987069,231.477766602112,223.839043958538,227.861011364872,635194560.364671,2796060.20613382,635.194560364671
ETH,2020-07-06,227.861011364872,242.06362187677,227.251938507892,241.522616707209,1340998168.56461,5699727.3120594,1340.99816856461
ETH,2020-07-07,241.522616707209,243.358449853724,234.882105272426,239.404997642096,965297362.796757,4047436.42803995,965.2973627967569
ETH,2020-07-08,239.404997642096,249.15139904661,238.056582783553,246.854989561112,1367795740.26541,5614142.40834224,1367.79574026541
ETH,2020-07-09,246.854989561112,247.778009473053,238.211883032028,242.006561233831,989429655.760454,4064578.40539786,989.429655760454
ETH,2020-07-10,242.006561233831,242.060775822968,236.207580673885,241.267379304285,688654352.799845,2880322.03510312,688.654352799845
ETH,2020-07-11,241.267379304285,241.754776349604,237.707895167483,239.1850456477,529520617.003832,2210471.48042549,529.520617003832
ETH,2020-07-12,239.1850456477,243.568201453479,236.919074753025,242.714660860992,753862133.261979,3145184.70271143,753.862133261979
ETH,2020-07-13,242.714660860992,245.215114281662,237.507673035243,239.503206229063,953593572.693525,3940673.2793713,953.593572693525
ETH,2020-07-14,239.503206229063,241.933957348847,237.079061027367,240.192308374853,644454932.095832,2691545.11140493,644.454932095832
ETH,2020-07-15,240.192308374853,241.315950098128,236.794894387666,238.452897819608,654021785.652548,2735822.61053287,654.0217856525479
ETH,2020-07-16,238.452897819608,239.102423614145,230.06321675582,233.536221540125,887921387.299669,3801545.27486006,887.921387299669
ETH,2020-07-17,233.536221540125,234.684502435125,231.643869964962,233.53931360657,519057151.633028,2225585.76666608,519.057151633028
ETH,2020-07-18,233.53931360657,237.321519159152,232.330388888469,236.37620627622,450236569.495495,1917249.94209076,450.236569495495
ETH,2020-07-19,236.37620627622,239.792086633316,233.422481481345,238.890860570782,511293175.763178,2169536.54530368,511.293175763178
ETH,2020-07-20,238.890860570782,240.886880337697,234.342362564813,236.681447565172,596728484.678338,2508867.5585905,596.7284846783381
ETH,2020-07-21,236.681447565172,246.596369310545,235.895712881643,245.575502426683,939339413.238814,3873716.95474455,939.339413238814
ETH,2020-07-22,245.575502426683,267.691434508119,241.909381574681,263.997274104166,1117319963.03662,4434932.1845092,1117.3199630366198
ETH,2020-07-23,263.997274104166,279.467883920456,260.851515233969,275.440873062186,1986081232.20318,7378680.70097609,1986.08123220318
ETH,2020-07-24,275.440873062186,287.560878856717,268.864193066324,279.405974174985,1647593590.25428,5943924.44841564,1647.5935902542801
ETH,2020-07-25,279.405974174985,308.766696896488,279.405974174985,305.411790646,2087361013.51313,7160618.09531829,2087.36101351313
ETH,2020-07-26,305.411790646,318.401544507006,300.662549943392,311.256083907895,2523544518.55417,8164479.54195091,2523.5445185541703
ETH,2020-07-27,311.256083907895,331.740558240977,311.256083907895,322.053033195571,3858874290.8174,11964963.3555049,3858.8742908174
ETH,2020-07-28,322.053033195571,326.408897613146,306.512054848271,316.889749512411,2703161800.5389,8518862.35740943,2703.1618005389
ETH,2020-07-29,316.889749512411,325.107053812469,312.990828109623,318.159671361044,1976258359.36555,6158092.37478603,1976.25835936555
ETH,2020-07-30,318.159671361044,340.722916823016,315.135839602964,335.183047166197,2008260872.04006,6175199.38367212,2008.2608720400601
ETH,2020-07-31,335.183047166197,349.444715052711,329.028992114827,346.854736769632,2448173327.98868,7178634.60093345,2448.17332798868
ETH,2020-08-01,346.854736769632,392.561253990884,343.7319001923,387.439876227048,3370518694.6004,9219260.95985569,3370.5186946004
ETH,2020-08-02,387.439876227048,415.109500887947,340.907801807134,372.071489535228,5571487148.89229,14731687.8307316,5571.48714889229
ETH,2020-08-03,372.071489535228,397.929721073041,367.869443936228,385.900762344164,3450386922.16898,8900975.77373846,3450.38692216898
ETH,2020-08-04,385.900762344164,402.075756574073,381.799858894331,389.5461801984,3077069550.79224,7861767.22504886,3077.06955079224
ETH,2020-08-05,389.5461801984,407.21764421822,384.884620728015,401.332285512591,2896441684.85606,7329007.89946721,2896.44168485606
ETH,2020-08-06,401.332285512591,403.472140011391,391.602951121556,395.02717920767,2254436783.75606,5679907.43696084,2254.4367837560603
ETH,2020-08-07,395.02717920767,398.004347267495,366.638246373629,380.034420495253,2645712936.22247,6883809.28548403,2645.7129362224696
ETH,2020-08-08,380.034420495253,397.166200720796,376.762618020227,397.166200720796,1705562984.78827,4404093.38449904,1705.56298478827
ETH,2020-08-09,397.166200720796,400.134120838849,384.607564849508,390.561639759152,1648666998.03679,4203899.52703574,1648.66699803679
ETH,2020-08-10,390.561639759152,399.540329987124,387.288893446964,395.768144228481,2209742286.22346,5595088.56573854,2209.7422862234603
ETH,2020-08-11,395.768144228481,398.201011486198,367.77101034061,378.962570019858,2438225848.40007,6319000.676507,2438.2258484000704
ETH,2020-08-12,378.962570019858,389.878621677729,367.445270559842,387.507146092109,2009335489.08509,5271384.43612268,2009.3354890850899
ETH,2020-08-13,387.507146092109,430.34587929285,377.848807993859,424.503385056541,3409296685.85383,8530297.00608535,3409.29668585383
ETH,2020-08-14,424.503385056541,444.479566543832,419.018302085337,438.463849049335,3159480892.42723,7338297.22158422,3159.4808924272297
ETH,2020-08-15,438.463849049335,442.739741920037,428.910967772969,432.393205441237,2104332402.5285,4830199.57731816,2104.3324025285
ETH,2020-08-16,432.393205441237,436.246312443036,413.534504086658,433.690431472369,1951225458.46043,4575636.50397097,1951.22545846043
ETH,2020-08-17,433.690431472369,445.109633062193,420.967583954217,430.487821519596,2363246488.63406,5472442.36295591,2363.24648863406
ETH,2020-08-18,430.487821519596,433.971208070113,416.140753838044,422.850195368187,2090004091.40974,4900199.20431669,2090.00409140974
ETH,2020-08-19,422.850195368187,426.403483746724,394.984011868918,407.047382317779,2398633726.1308,5858608.72290491,2398.6337261308
ETH,2020-08-20,407.047382317779,419.440652109997,402.933320295948,416.3761039326,1841358527.57666,4471916.82039149,1841.35852757666
ETH,2020-08-21,416.3761039326,419.15227206435,385.458869576843,387.653863584464,2111264836.23061,5228341.07658624,2111.26483623061
ETH,2020-08-22,387.653863584464,399.036946336622,379.895509495951,395.724364723082,1682701915.22966,4324229.28765853,1682.70191522966
ETH,2020-08-23,395.724364723082,396.98624163968,383.864038325748,390.792952830381,1137482661.31535,2910671.21075714,1137.48266131535
ETH,2020-08-24,390.792952830381,410.069470564165,387.998157024184,408.53441927284,1616830848.56584,4026090.37994388,1616.83084856584
ETH,2020-08-25,408.53441927284,409.202934944072,370.663470302884,383.321388569977,2195183381.11641,5659855.31613254,2195.1833811164097
ETH,2020-08-26,383.321388569977,392.642577717796,378.092114249048,385.788124552498,1638551662.68536,4249931.79791488,1638.55166268536
ETH,2020-08-27,385.788124552498,395.83577572261,373.542167954292,382.553710791449,1874901000.90503,4888251.95857681,1874.90100090503
ETH,2020-08-28,382.553710791449,398.059856624094,380.138679045361,395.340068711191,1568680884.16258,4009478.08440399,1568.68088416258
ETH,2020-08-29,395.340068711191,406.127990306011,392.48376951151,398.643387331819,1360283937.91505,3399997.61811676,1360.28393791505
ETH,2020-08-30,398.643387331819,429.177190168529,398.643387331819,428.934080814281,1966908335.87827,4747776.3574395,1966.90833587827
ETH,2020-08-31,428.934080814281,438.72439272238,418.625496531153,434.813312241663,2366007369.00478,5497824.22248379,2366.00736900478
ETH,2020-09-01,434.813312241663,487.955938415906,430.061834941035,475.750940962991,4266391597.04029,9169330.59491971,4266.3915970402895
ETH,2020-09-02,475.750940962991,480.694455512579,422.164744887224,440.02554454857,4649856033.50459,10327153.5053742,4649.85603350459
ETH,2020-09-03,440.02554454857,450.103047122034,375.120010746612,382.397652853561,5047606730.4848,12202645.4189857,5047.6067304848
ETH,2020-09-04,382.397652853561,400.71572189386,363.911338141231,386.864794056248,3482043336.59425,9007792.56240735,3482.0433365942504
ETH,2020-09-05,386.864794056248,394.569121805288,313.634065920451,335.483270143572,5028677376.24272,14435657.6220204,5028.677376242719
ETH,2020-09-06,335.483270143572,360.28166856948,317.342631304468,352.858794934758,3252379808.09769,9490505.81605482,3252.3798080976903
ETH,2020-09-07,352.858794934758,358.507517132455,324.245939494303,353.530484530896,2636605274.59564,7677061.49255959,2636.6052745956404
ETH,2020-09-08,353.530484530896,356.063829667587,326.635800181083,337.29982177633,2107727115.73313,6190981.65949091,2107.72711573313
ETH,2020-09-09,337.29982177633,358.899139370903,331.505686773891,351.051028243475,1584981456.04866,4576938.88592554,1584.98145604866
ETH,2020-09-10,351.051028243475,376.945162973811,350.85779537,367.954045743086,2070280935.33344,5635520.27590581,2070.28093533344
ETH,2020-09-11,367.954045743086,374.968905520507,356.240364971787,373.801729718316,1610643819.20016,4401440.86314418,1610.6438192001601
ETH,2020-09-12,373.801729718316,387.884883410713,365.438235807782,387.831750348977,1425793352.61202,3808449.16837863,1425.79335261202
ETH,2020-09-13,387.831750348977,389.451797759111,354.246180292516,366.254874532864,1911561345.62674,5139741.84039109,1911.56134562674
ETH,2020-09-14,366.254874532864,383.767494499369,356.748251565172,377.0392628682,1971534417.31292,5308120.9189551,1971.5344173129201
ETH,2020-09-15,377.0392628682,381.863423939621,362.815636627903,364.207094998656,1716017883.47511,4618120.88164744,1716.01788347511
ETH,2020-09-16,364.207094998656,373.364119548831,355.486204655479,364.987466656133,1562385827.79202,4285519.99806418,1562.38582779202
ETH,2020-09-17,364.987466656133,395.113268459246,363.892287710775,389.407195712593,2399680310.69298,6288900.23445365,2399.6803106929797
ETH,2020-09-18,389.407195712593,392.188109773553,375.841629029807,384.624101937151,1610759175.77941,4198592.41319062,1610.7591757794098
ETH,2020-09-19,384.624101937151,387.611653979688,377.44327485086,385.321475299117,1156020598.29273,3017567.20264389,1156.02059829273
ETH,2020-09-20,385.321475299117,385.321475299117,365.928236882067,371.074866428971,1291863099.0276,3446886.58414502,1291.8630990276001
ETH,2020-09-21,371.074866428971,375.519773005465,332.671793340952,340.305776820763,2164564833.07995,6146016.57922943,2164.56483307995
ETH,2020-09-22,340.305776820763,346.32623188177,335.888826189319,344.333648399065,1469399975.7867,4295420.21009903,1469.3999757867
ETH,2020-09-23,344.333648399065,344.415263756884,315.191334403409,320.00792873594,1531041923.92303,4590706.36712449,1531.0419239230298
ETH,2020-09-24,320.00792873594,352.373547482539,317.377335491275,348.883941802822,1662794048.89809,4943202.23427484,1662.7940488980898
ETH,2020-09-25,348.883941802822,357.876281303356,337.991770055495,351.93677739583,1415229681.75159,4085068.09857442,1415.22968175159
ETH,2020-09-26,351.93677739583,355.849052051596,346.840725053035,353.892316472893,1005156341.48091,2855630.92901043,1005.15634148091
ETH,2020-09-27,353.892316472893,361.840505411203,348.007313494843,357.348267263784,1054411552.76692,2966838.06748356,1054.41155276692
ETH,2020-09-28,357.348267263784,367.32689936639,352.738665345358,354.001994924929,1252949351.47435,3474400.70959339,1252.94935147435
ETH,2020-09-29,354.001994924929,360.509541334063,350.873913082678,360.037747284545,1178076595.32471,3312788.66127099,1178.0765953247098
ETH,2020-09-30,360.037747284545,361.303992624512,352.144285916605,359.956692990331,968329209.779053,2716959.41653651,968.3292097790529
ETH,2020-10-01,359.956692990331,368.777419183224,346.03765364772,353.165736944415,1381741827.43928,3857036.64685709,1381.74182743928
ETH,2020-10-02,353.165736944415,354.00791834239,335.432764820785,346.073549402974,1427901027.64038,4154733.08522669,1427.9010276403799
ETH,2020-10-03,346.073549402974,351.320574114485,344.190374475895,346.425646462421,735966271.7355,2117678.60797792,735.9662717355
ETH,2020-10-04,346.425646462421,354.037752258626,344.410846916155,352.833013849659,755130340.378805,2164570.34441566,755.130340378805
ETH,2020-10-05,352.833013849659,355.243702703963,349.141644665979,353.704284137,831381199.806736,2359265.58097345,831.381199806736
ETH,2020-10-06,353.704284137,356.917419896465,337.350856313555,340.860868122987,1127232057.65856,3247139.38526307,1127.23205765856
ETH,2020-10-07,340.860868122987,342.635022070078,333.815279256552,341.960440240417,1051817393.44759,3096987.09927978,1051.81739344759
ETH,2020-10-08,341.960440240417,352.798847101045,334.982629281072,350.956014727293,1155943068.11829,3359690.06747594,1155.94306811829
ETH,2020-10-09,350.956014727293,368.29641792711,348.08388914627,365.237286274904,1231403803.01263,3435249.30173379,1231.40380301263
ETH,2020-10-10,365.237286274904,378.066528982187,365.01007312269,370.825092503983,1244844703.81994,3334281.14766899,1244.8447038199402
ETH,2020-10-11,370.825092503983,377.08391874327,369.131265368374,374.313935219834,807262894.332263,2162814.72054356,807.262894332263
ETH,2020-10-12,374.313935219834,394.720694166414,366.220635403286,386.808684277988,1585873264.42994,4168315.43999827,1585.87326442994
ETH,2020-10-13,386.808684277988,387.288079693441,375.104664597154,381.218660023831,1331943089.86363,3485396.33965259,1331.9430898636301
ETH,2020-10-14,381.218660023831,387.038760941476,373.824762727243,378.921169416655,1220228418.39495,3209870.45711793,1220.2284183949498
ETH,2020-10-15,378.921169416655,380.977062329276,370.431919225083,377.934648230079,1340273310.62036,3559758.16295944,1340.27331062036
ETH,2020-10-16,377.934648230079,380.654200727569,362.200550735496,365.779780612979,1279442206.79051,3466650.48935015,1279.44220679051
ETH,2020-10-17,365.779780612979,370.281900316329,363.96958256462,368.613007009551,601493522.791094,1636696.97823315,601.4935227910939
ETH,2020-10-18,368.613007009551,378.688079832468,367.912553416541,378.428853892557,642419569.807613,1718418.65931059,642.419569807613
ETH,2020-10-19,378.428853892557,384.01409360617,373.218613473837,379.641816549147,1091363151.50859,2883801.95571786,1091.36315150859
ETH,2020-10-20,379.641816549147,380.894188322825,367.252092375841,368.953841708199,1384345404.1868,3712903.77121596,1384.3454041868
ETH,2020-10-21,368.953841708199,400.843401324593,368.305919260445,391.417163671671,2162734437.88558,5590054.96708353,2162.73443788558
ETH,2020-10-22,391.417163671671,420.374804097436,391.215746412599,414.074823726978,2116001011.48968,5187160.93486033,2116.00101148968
ETH,2020-10-23,414.074823726978,419.086945720277,402.524514431192,409.592006044819,1390942071.46125,3372460.07224506,1390.9420714612502
ETH,2020-10-24,409.592006044819,416.65921781822,407.545738144502,412.472038676474,961550845.239827,2331274.19794684,961.550845239827
ETH,2020-10-25,412.472038676474,417.236622710584,404.57596820462,406.178503917097,933010927.611332,2278591.81345427,933.010927611332
ETH,2020-10-26,406.178503917097,411.054435431688,383.469613880874,393.120909721901,1674279385.80469,4199172.70197256,1674.2793858046898
ETH,2020-10-27,393.120909721901,409.656979829523,390.323764769522,403.449269750367,1420065240.0757,3542767.37447083,1420.0652400757
ETH,2020-10-28,403.449269750367,408.75153818359,381.155919260688,388.588788458032,1744297567.77396,4444274.09731438,1744.29756777396
ETH,2020-10-29,388.588788458032,393.46705810333,381.20206170219,387.354293671671,1269345299.23878,3265918.83377579,1269.34529923878
ETH,2020-10-30,387.354293671671,391.639095299835,374.469400191541,382.926625661288,1476064973.97172,3866516.54278767,1476.06497397172
ETH,2020-10-31,382.926625661288,392.947586349696,380.814849924675,386.759439539882,1187187716.35265,3065177.20034093,1187.1877163526499
ETH,2020-11-01,386.759439539882,397.047319773611,384.903971269545,396.79050013761,1285903006.1065,3289172.20393131,1285.9030061065
ETH,2020-11-02,396.79050013761,403.651731540688,378.852775814141,383.440335745339,1637234683.50007,4194009.10731192,1637.23468350007
ETH,2020-11-03,383.440335745339,389.982190902571,371.274622159419,387.920015862958,1452848763.4204,3817858.85447304,1452.8487634203998
ETH,2020-11-04,387.920015862958,408.229449432459,377.515890306433,402.589910081843,1938109501.70682,4939254.49215699,1938.10950170682
ETH,2020-11-05,402.589910081843,420.280222185523,397.536280183485,416.699317126539,2571504679.15826,6298191.72394892,2571.50467915826
ETH,2020-11-06,416.699317126539,457.931730670461,415.554597140137,456.000646053859,3261536883.01252,7443060.89303796,3261.53688301252
ETH,2020-11-07,456.000646053859,468.234352312841,427.103233634697,435.708915673519,3310823094.24683,7360563.47920643,3310.82309424683
ETH,2020-11-08,435.708915673519,459.94376672134,433.032401122813,454.670025094217,1784438294.94121,3992457.91582295,1784.43829494121
ETH,2020-11-09,454.670025094217,458.420219867753,435.07832763618,444.419940825868,2335779412.06449,5213938.8935914,2335.77941206449
ETH,2020-11-10,444.419940825868,454.68210477452,439.582664386214,450.75304854262,1848224342.57228,4123206.94975427,1848.22434257228
ETH,2020-11-11,450.75304854262,476.26989538215,450.050575190391,463.668457482886,2329443703.25679,5019305.45288395,2329.4437032567903
ETH,2020-11-12,463.668457482886,469.583808405588,452.768659158757,462.632400822612,1977018839.63234,4293460.07307471,1977.01883963234
ETH,2020-11-13,462.632400822612,477.703985885524,458.484932061913,476.564750027444,1907174605.48921,4080260.53335136,1907.1746054892099
ETH,2020-11-14,476.564750027444,477.298335610067,453.131596345012,460.91707839479,1489117061.07674,3215593.47887965,1489.1170610767401
ETH,2020-11-15,460.91707839479,462.940084772741,440.710358880136,448.358873506045,1254747439.54434,2768095.31937269,1254.7474395443398
ETH,2020-11-16,448.358873506045,465.591819460821,446.140442686341,460.280847109056,1503468528.03172,3290918.3780508,1503.4685280317199
ETH,2020-11-17,460.280847109056,485.650686760369,460.111153475742,482.275863595881,2293626187.63198,4853597.45779508,2293.62618763198
ETH,2020-11-18,482.275863595881,494.671194292266,461.327832448001,480.156572658792,3235243657.83476,6767878.23002552,3235.24365783476
ETH,2020-11-19,480.156572658792,480.404713408346,465.606459642126,471.594099180541,1787522888.9972,3770446.72330846,1787.5228889972
ETH,2020-11-20,471.594099180541,514.051444576807,471.06862910343,510.279596091073,3214290227.78802,6444572.19649803,3214.2902277880203
ETH,2020-11-21,510.279596091073,551.674438609636,503.509677870982,551.674438609636,3487532718.13988,6623987.98265059,3487.53271813988
ETH,2020-11-22,551.674438609636,580.125013677977,513.524892372392,560.303622885049,4350549915.2453,7935557.89214375,4350.5499152453
ETH,2020-11-23,560.303622885049,610.224912994314,551.090567453907,608.362304014944,4889423611.40397,8339732.16727418,4889.4236114039695
ETH,2020-11-24,608.362304014944,621.996440472183,592.262427508935,604.163715627673,4741984660.13136,7810093.21104893,4741.98466013136
ETH,2020-11-25,604.163715627673,605.299362680206,556.734572965114,569.651807708408,3124677916.51847,5311828.8945556,3124.67791651847
ETH,2020-11-26,569.651807708408,576.653344351695,484.959417341135,520.064430458721,5898054667.90636,11402283.217763,5898.05466790636
ETH,2020-11-27,520.064430458721,531.042576102764,495.278357626081,518.725475731863,2520600739.63416,4900069.56476597,2520.60073963416
ETH,2020-11-28,518.725475731863,548.196621943024,507.835412877039,538.045245051007,1945886065.40482,3683987.34379842,1945.8860654048199
ETH,2020-11-29,538.045245051007,576.549182018108,531.438641587158,576.053484290007,2059620168.41399,3729792.54950351,2059.62016841399
ETH,2020-11-30,576.053484290007,615.370869099689,570.983920507199,615.370869099689,3689106268.83431,6196630.22896409,3689.10626883431
ETH,2020-12-01,615.370869099689,635.59181334888,568.628941154265,586.034748386433,5045117043.41728,8395601.41986213,5045.11704341728
ETH,2020-12-02,586.034748386433,603.986941604247,576.921793329984,598.088953069085,2469323758.52931,4170957.89476004,2469.3237585293105
ETH,2020-12-03,598.088953069085,622.655607466889,587.646538881319,616.548302935681,2367512931.8391,3900213.6028553,2367.5129318391
ETH,2020-12-04,616.548302935681,619.844204598243,567.910838484382,567.930618462115,2644182844.57522,4449284.11228505,2644.1828445752203
ETH,2020-12-05,567.930618462115,597.183622760332,562.096528974531,597.118573151569,1633905888.10011,2789238.23959554,1633.9058881001101
ETH,2020-12-06,597.118573151569,607.324128694579,584.244482509117,602.288739312718,1497421777.58893,2509269.57764581,1497.42177758893
ETH,2020-12-07,602.288739312718,602.701666353983,585.169112868392,591.66236068351,1336276261.8962,2251064.74793063,1336.2762618962
ETH,2020-12-08,591.66236068351,594.243486384736,550.865783454191,555.00729719321,2036866954.61274,3546262.12426808,2036.86695461274
ETH,2020-12-09,555.00729719321,577.320960217396,530.906314927343,573.897792673061,2500328170.94342,4484935.14287769,2500.32817094342
ETH,2020-12-10,573.897792673061,575.115783565057,549.166199800148,558.468694814108,1741180474.22232,3101894.69820269,1741.18047422232
ETH,2020-12-11,558.468694814108,560.526571428278,536.684170561676,544.412054976185,1860358265.98753,3408985.92829927,1860.35826598753
ETH,2020-12-12,544.412054976185,573.6362974327,543.961046827863,568.158734075004,1285147421.77718,2298103.29177527,1285.14742177718
ETH,2020-12-13,568.158734075004,594.488106746618,564.132677071521,590.319542831778,1598653840.84752,2744963.47100792,1598.65384084752
ETH,2020-12-14,590.319542831778,590.795034978002,576.02089890494,585.893130322922,1292394788.24315,2212051.20507808,1292.39478824315
ETH,2020-12-15,585.893130322922,596.526076156489,580.344401196234,588.963425984762,1437868721.39727,2446589.19991671,1437.86872139727
ETH,2020-12-16,588.963425984762,637.678755876899,561.916815858351,637.238846155752,2979524203.04226,4886316.40641521,2979.52420304226
ETH,2020-12-17,637.238846155752,674.72950102241,627.627453831101,643.243975360012,5154446817.97585,7916312.06987013,5154.4468179758505
ETH,2020-12-18,643.243975360012,662.97989077581,630.358737755294,654.396822165505,2881124012.62788,4458027.93320133,2881.12401262788
ETH,2020-12-19,654.396822165505,669.876568710214,646.634304370173,658.920878449009,2506435179.31572,3814930.21759571,2506.4351793157202
ETH,2020-12-20,658.920878449009,660.624114449959,624.236213260231,638.622936004952,2456088876.78838,3793600.42913839,2456.0888767883803
ETH,2020-12-21,638.622936004952,647.788294837855,598.803819680751,608.56686295034,2786966906.23897,4483030.62238353,2786.96690623897
ETH,2020-12-22,608.56686295034,637.639909331065,588.830533046807,637.639909331065,2600464541.17105,4235708.32616742,2600.46454117105
ETH,2020-12-23,637.639909331065,638.365192436638,556.990636825013,586.233387147126,3460307196.95292,5702692.10620998,3460.30719695292
ETH,2020-12-24,586.233387147126,614.938287210563,568.030296071959,612.677482505303,2563911404.17747,4360662.16037039,2563.91140417747
ETH,2020-12-25,612.677482505303,634.249381759558,605.395209861886,626.487905859603,2402432497.27012,3881723.3809857,2402.43249727012
ETH,2020-12-26,626.487905859603,651.660067226861,616.523337140619,636.746829114953,2738644116.19516,4322154.30910946,2738.6441161951598
ETH,2020-12-27,636.746829114953,714.107744497274,627.110943227815,683.517742694351,5350218469.14703,7990323.38735472,5350.21846914703
ETH,2020-12-28,683.517742694351,747.190608674716,682.997332611127,729.846604310456,5396133068.7749,7440944.70906193,5396.1330687749005
ETH,2020-12-29,729.846604310456,740.217760478064,691.456080178864,732.274833584878,3864622576.50152,5377572.52353595,3864.62257650152
ETH,2020-12-30,732.274833584878,757.203093772456,720.452773652391,752.518814952974,3404356070.80402,4613820.4839765,3404.35607080402
ETH,2020-12-31,752.518814952974,755.231351724171,726.187418273921,737.69448162727,2945557744.72583,3977702.16828174,2945.55774472583
ETH,2021-01-01,737.69448162727,749.998906484651,718.659279211401,731.371132561968,2692993001.6388,3653772.46815819,2692.9930016388003
ETH,2021-01-02,731.371132561968,788.3413088294,718.310425822778,775.518754394462,4426963162.91992,5840812.09801673,4426.96316291992
ETH,2021-01-03,775.518754394462,1010.77554061274,771.291662591492,979.012841579919,10294389646.4084,11481262.2282958,10294.3896464084
ETH,2021-01-04,979.012841579919,1158.79024670789,900.303710076302,1045.44849935481,16254767387.7717,15961509.055585,16254.7673877717
ETH,2021-01-05,1045.44849935481,1132.21739958917,981.195391601983,1103.80738370391,11641903174.5483,10975844.2492572,11641.903174548299
ETH,2021-01-06,1103.80738370391,1214.62143146813,1064.68019042589,1210.72691255865,11608542126.5355,10171476.3117527,11608.5421265355
ETH,2021-01-07,1210.72691255865,1289.00478087758,1162.94778829784,1228.28098314249,10212179017.1333,8352010.00958222,10212.179017133301
ETH,2021-01-08,1228.28098314249,1275.58956981346,1075.67403630782,1222.39713574026,11037020840.1693,9224349.55803482,11037.0208401693
ETH,2021-01-09,1222.39713574026,1307.67258617877,1181.08354298801,1283.07927368016,7634941296.28808,6176700.05486363,7634.941296288081
ETH,2021-01-10,1283.07927368016,1352.39867546468,1174.60172339355,1259.76414471699,11016681376.0934,8510632.8819942,11016.681376093398
ETH,2021-01-11,1259.76414471699,1260.49352132569,915.538038449039,1092.24181665085,17191588864.8487,16290024.7232401,17191.5888648487
ETH,2021-01-12,1092.24181665085,1151.14868500591,1010.52486069805,1052.03094032291,9659765882.11029,8905112.73295149,9659.76588211029
ETH,2021-01-13,1052.03094032291,1136.66524232395,992.799243694259,1131.92549308484,7266285541.08998,6807498.62471338,7266.28554108998
ETH,2021-01-14,1131.92549308484,1244.39302629081,1090.71750685092,1229.91631935994,8478974314.48034,7231322.41021253,8478.97431448034
ETH,2021-01-15,1229.91631935994,1251.94181073034,1079.63165759695,1171.96637380073,9947782843.55041,8402402.41401304,9947.782843550409
ETH,2021-01-16,1171.96637380073,1290.25870427089,1155.00667722735,1229.4774568486,8491912051.99698,6950607.91994018,8491.91205199698
ETH,2021-01-17,1229.4774568486,1266.08571368665,1170.35631931169,1232.64014382378,6769289984.10945,5541069.19887583,6769.28998410945
ETH,2021-01-18,1232.64014382378,1259.8904770502,1186.18592956479,1257.8968737199,5913570901.28943,4820961.88695024,5913.5709012894295
ETH,2021-01-19,1257.8968737199,1434.41185337654,1253.01045047971,1370.55182694471,12914912772.4227,9433964.00781628,12914.9127724227
ETH,2021-01-20,1370.55182694471,1407.02137446831,1241.57448738193,1378.69936371042,11832107003.4048,8933005.11229112,11832.1070034048
ETH,2021-01-21,1378.69936371042,1387.94093403761,1092.83643252934,1115.35679539116,12141527570.1675,9828474.19455713,12141.5275701675
ETH,2021-01-22,1115.35679539116,1273.54630940982,1044.39451759508,1234.70994333441,10405837981.5426,8885341.64874831,10405.837981542601
ETH,2021-01-23,1234.70994333441,1272.41093283661,1199.23827388522,1234.17183135216,5955011342.38728,4799437.43056144,5955.011342387281
ETH,2021-01-24,1234.17183135216,1397.30782503402,1224.69765613421,1392.89138471132,8606555781.40299,6509558.54288477,8606.55578140299
ETH,2021-01-25,1392.89138471132,1471.82723153941,1301.95731689831,1319.94919175762,11304250632.2224,8055671.96943907,11304.2506322224
ETH,2021-01-26,1319.94919175762,1377.46572637458,1249.16950654453,1366.55633655934,9727282934.04115,7363630.88224482,9727.28293404115
ETH,2021-01-27,1366.55633655934,1370.35446745897,1212.17251010553,1248.63123388601,9773261958.16532,7658976.40848931,9773.26195816532
ETH,2021-01-28,1248.63123388601,1359.31836620057,1223.31980812674,1330.14074799355,7652054625.82162,5818170.3102037,7652.05462582162
ETH,2021-01-29,1330.14074799355,1433.52410176692,1289.88269942285,1378.2464839659,12756299319.6047,9353864.14475909,12756.299319604701
ETH,2021-01-30,1378.2464839659,1404.18282935029,1327.82998806818,1375.07132792916,6490870042.01624,4776288.79215532,6490.87004201624
ETH,2021-01-31,1375.07132792916,1378.28797255579,1284.16383858684,1312.65204279052,5413601197.40178,4058534.98393029,5413.60119740178
ETH,2021-02-01,1312.65204279052,1374.01111530934,1272.97000273347,1371.42477889984,6161736321.59116,4661438.247203,6161.73632159116
ETH,2021-02-02,1371.42477889984,1543.66704891414,1360.34659043838,1510.33214143431,10667851958.0921,7368841.9126588,10667.8519580921
ETH,2021-02-03,1510.33214143431,1663.39592321657,1507.38403188233,1661.36496084168,9670576971.52177,6143151.18416674,9670.57697152177
ETH,2021-02-04,1661.36496084168,1689.23236043168,1557.91282059117,1594.88359677102,10403634599.2449,6367496.41358355,10403.6345992449
ETH,2021-02-05,1594.88359677102,1755.39514179234,1591.81669893503,1717.25455827525,8897675382.20277,5289564.40105134,8897.67538220277
ETH,2021-02-06,1717.25455827525,1738.95470571477,1645.94361709282,1674.90128433164,8742941188.92477,5186134.5218757,8742.94118892477
ETH,2021-02-07,1674.90128433164,1689.76753876384,1497.33673713036,1613.05017670165,8445769773.55901,5294413.9318384,8445.76977355901
ETH,2021-02-08,1613.05017670165,1768.63811664489,1567.14725495331,1745.90728190009,10299234816.2919,6122789.15945714,10299.2348162919
ETH,2021-02-09,1745.90728190009,1818.46555032944,1708.34033950547,1767.39622014289,9333330506.67299,5321878.12759857,9333.33050667299
ETH,2021-02-10,1767.39622014289,1831.1989252953,1682.41971716201,1740.90745398362,9209452263.38003,5223808.89441781,9209.45226338003
ETH,2021-02-11,1740.90745398362,1811.36873466499,1706.41802961019,1785.33768417768,6936971029.37994,3924123.41875652,6936.97102937994
ETH,2021-02-12,1785.33768417768,1861.97158565554,1740.5541298999,1842.58416440706,7887300693.73942,4390181.34599468,7887.30069373942
ETH,2021-02-13,1842.58416440706,1871.50499551718,1768.81165488751,1814.61028614605,6522549723.262,3584859.21174962,6522.549723262
ETH,2021-02-14,1814.61028614605,1846.90558163488,1786.68545892261,1801.37312980003,5887103926.24632,3233580.53308258,5887.10392624632
ETH,2021-02-15,1801.37312980003,1833.86980031097,1674.50310626333,1779.38140136783,8309208811.84011,4703457.43286777,8309.20881184011
ETH,2021-02-16,1779.38140136783,1823.39800296839,1729.12929474505,1781.76992652585,6928037547.93705,3891378.50296767,6928.03754793705
ETH,2021-02-17,1781.76992652585,1854.78816277773,1736.59992028531,1849.40472895542,7149500268.23057,3961379.83444334,7149.500268230569
ETH,2021-02-18,1849.40472895542,1950.65782501881,1849.40472895542,1939.62400916883,7985717831.41076,4182930.25358344,7985.71783141076
ETH,2021-02-19,1939.62400916883,1973.50921549516,1895.5241075045,1960.08192843546,7560846907.35704,3904812.33530123,7560.84690735704
ETH,2021-02-20,1960.08192843546,2040.36139866406,1829.60528878211,1919.49200095292,10692938718.5669,5400460.90936996,10692.9387185669
ETH,2021-02-21,1919.49200095292,1976.80370096982,1893.9230371038,1937.60685548754,6369234698.39433,3274918.27883508,6369.23469839433
ETH,2021-02-22,1937.60685548754,1938.46669985249,1561.56445045836,1780.78507954302,12751999430.9927,7174630.2709378,12751.9994309927
ETH,2021-02-23,1780.78507954302,1781.74396952322,1377.98697529366,1578.42626579327,15591176385.4344,10097916.88777,15591.1763854344
ETH,2021-02-24,1578.42626579327,1713.69632865286,1507.47865877385,1628.12456525674,8937715564.46145,5470468.75375258,8937.71556446145
ETH,2021-02-25,1628.12456525674,1669.96651360013,1465.44606311107,1477.18615750744,7389434867.18261,4620430.31809507,7389.434867182609
ETH,2021-02-26,1477.18615750744,1561.78329041221,1406.53002208712,1446.2517363206,8836426545.97331,5972247.9236812,8836.42654597331
ETH,2021-02-27,1446.2517363206,1527.93114040868,1432.80284569364,1462.77661400293,6226907883.92847,4190559.33008587,6226.907883928469
ETH,2021-02-28,1462.77661400293,1470.53404115033,1298.89940226789,1421.24067134883,8355087278.29471,6087087.83502852,8355.08727829471
ETH,2021-03-01,1421.24067134883,1573.93379513004,1417.07403189614,1573.02416896691,7358656033.59374,4893381.83924986,7358.65603359374
ETH,2021-03-02,1573.02416896691,1602.79030375773,1460.85689698412,1492.23177119289,6960357346.20976,4523469.75168655,6960.357346209759
ETH,2021-03-03,1492.23177119289,1652.23719321772,1482.13770832854,1571.86148614114,7141338292.2834,4502411.91640058,7141.3382922834
ETH,2021-03-04,1571.86148614114,1622.44033928001,1509.86700345267,1539.76999093785,6593274445.25367,4223350.97350338,6593.27444525367
ETH,2021-03-05,1539.76999093785,1550.59138362442,1447.4747692557,1533.16166426432,6633618221.65431,4443922.97031027,6633.61822165431
ETH,2021-03-06,1533.16166426432,1671.17069010526,1517.35590434811,1651.09142209494,7863125573.57064,4956057.87119851,7863.12557357064
ETH,2021-03-07,1651.09142209494,1731.62095862593,1637.12909537439,1725.9175242454,6595911812.67043,3952961.21807468,6595.91181267043
ETH,2021-03-08,1725.9175242454,1838.95212761236,1669.28546999787,1831.96538547619,8558391594.79949,4926285.32980089,8558.39159479949
ETH,2021-03-09,1831.96538547619,1870.50349447923,1802.81359209587,1870.50349447923,7408168915.58325,4042352.031904,7408.16891558325
ETH,2021-03-10,1870.50349447923,1876.28250792323,1761.7954646784,1796.92968896977,8010409650.18855,4395503.24706436,8010.40965018855
ETH,2021-03-11,1796.92968896977,1846.50019120373,1732.05586142695,1826.72498630042,7332459009.18355,4091159.23127698,7332.45900918355
ETH,2021-03-12,1826.72498630042,1840.48801311467,1726.740527462,1768.53332442936,6685326783.46897,3762143.15944056,6685.3267834689705
ETH,2021-03-13,1768.53332442936,1939.84994280317,1733.20194381379,1921.7267490389,7693955975.73134,4150944.66893677,7693.95597573134
ETH,2021-03-14,1921.7267490389,1931.10688014754,1841.53739496456,1850.53249744607,5679205226.10265,3016699.37804383,5679.205226102649
ETH,2021-03-15,1850.53249744607,1890.37828797469,1743.47811822758,1793.56346519186,8091221091.79348,4491478.84314335,8091.22109179348
ETH,2021-03-16,1793.56346519186,1820.42768109928,1717.86566943831,1807.06626555452,8054273466.29529,4520706.56103902,8054.27346629529
ETH,2021-03-17,1807.06626555452,1840.48203788114,1748.89428383997,1826.81516243697,10476235348.1415,5855903.63764007,10476.235348141501
ETH,2021-03-18,1826.81516243697,1848.75918697293,1759.51828122493,1779.8452076178,11325420718.3055,6258377.49966629,11325.4207183055
ETH,2021-03-19,1779.8452076178,1841.7792202108,1739.1240510804,1814.53392438158,9113251236.45281,5049389.28504511,9113.25123645281
ETH,2021-03-20,1814.53392438158,1876.77844984085,1806.05503565923,1808.05075934338,11685210833.3076,6360469.2878661,11685.2108333076
ETH,2021-03-21,1808.05075934338,1819.42776532362,1731.7443144052,1786.08093694695,10281735387.0686,5749579.80000595,10281.7353870686
ETH,2021-03-22,1786.08093694695,1806.85265023799,1663.46065023323,1685.68105047228,11201880919.9526,6348292.006195,11201.8809199526
ETH,2021-03-23,1685.68105047228,1722.80234799535,1655.69963890766,1672.55351417522,9878574739.42098,5829662.1513653,9878.574739420981
ETH,2021-03-24,1672.55351417522,1740.71512840899,1556.94852877436,1586.13574928068,17904514511.7882,10909503.492848,17904.514511788202
ETH,2021-03-25,1586.13574928068,1626.08042164041,1546.69602698626,1594.20300129393,16483675475.9696,10407878.4058962,16483.6754759696
ETH,2021-03-26,1594.20300129393,1709.65298195823,1591.69257759374,1702.26344148538,10880556167.4013,6636496.02117091,10880.5561674013
ETH,2021-03-27,1702.26344148538,1735.88260304701,1670.42557510872,1714.9191171632,7727422539.08486,4544249.38348189,7727.42253908486
ETH,2021-03-28,1714.9191171632,1728.05453541699,1665.39776663049,1687.54616227492,8070057080.6322,4737428.87435908,8070.0570806322
ETH,2021-03-29,1687.54616227492,1839.58557334385,1679.71608320605,1818.87528717501,10309857870.5094,5851021.82071751,10309.857870509399
ETH,2021-03-30,1818.87528717501,1861.84657475673,1790.09048581604,1843.58892827669,10476497555.8627,5729259.08909683,10476.4975558627
ETH,2021-03-31,1843.58892827669,1951.81895790065,1781.58293806104,1925.4872409811,14188320475.158,7643793.49965773,14188.320475158001
ETH,2021-04-01,1925.4872409811,1997.30736980667,1903.28498371437,1972.75823983199,15382653674.1937,7902550.46131224,15382.653674193702
ETH,2021-04-02,1972.75823983199,2144.32978051965,1956.46048150921,2135.09934570529,16593823819.8332,8153551.02270278,16593.8238198332
ETH,2021-04-03,2135.09934570529,2144.10806609272,2006.06827146001,2010.64797266716,14560780917.0696,6984693.1162348,14560.7809170696
ETH,2021-04-04,2010.64797266716,2090.90887033304,1984.46814005405,2077.2921399648,12187782917.1169,5948920.1467314,12187.7829171169
ETH,2021-04-05,2077.2921399648,2128.54031454262,2006.78194225395,2107.48241772091,13998986019.5608,6767641.32589084,13998.9860195608
ETH,2021-04-06,2107.48241772091,2151.41668913879,2056.02700343796,2111.94433867551,12230380952.9903,5784303.50643445,12230.3809529903
ETH,2021-04-07,2111.94433867551,2126.21859033007,1942.12248650077,1964.12696380428,16612762511.4024,8246162.99024875,16612.762511402398
ETH,2021-04-08,1964.12696380428,2083.91822523081,1954.37597702116,2080.51401876067,12160546710.269,6004578.0231829,12160.546710269
ETH,2021-04-09,2080.51401876067,2100.30285243136,2050.72205072708,2067.0306907224,8744591652.40091,4213121.55471327,8744.59165240091
ETH,2021-04-10,2067.0306907224,2192.97724337611,2058.94358758687,2134.05863061365,11349302257.7063,5299034.66354576,11349.3022577063
ETH,2021-04-11,2134.05863061365,2162.86819026367,2114.88431246273,2149.45105197717,8519076940.4228,3982797.54612943,8519.0769404228
ETH,2021-04-12,2149.45105197717,2199.22527562119,2107.24146620362,2138.30660981827,9122391952.31576,4247906.28575654,9122.39195231576
ETH,2021-04-13,2138.30660981827,2313.80621502992,2138.30660981827,2301.03152744598,12817618267.9625,5733607.33586742,12817.6182679625
ETH,2021-04-14,2301.03152744598,2445.26248036664,2284.00598961594,2432.09838776946,15128966052.318,6405460.87051693,15128.966052318001
ETH,2021-04-15,2432.09838776946,2543.40323272213,2404.81467809575,2517.63202708589,15053935120.1291,6110949.77656244,15053.935120129101
ETH,2021-04-16,2517.63202708589,2545.88938420061,2314.10977561479,2426.92248150856,13772722445.0892,5675097.54995099,13772.722445089199
ETH,2021-04-17,2426.92248150856,2496.08079217614,2319.52035646732,2321.0856582404,14737764717.5521,6101241.79411927,14737.7647175521
ETH,2021-04-18,2321.0856582404,2340.24918437328,1979.87001990789,2242.19863077129,18077589766.4587,8303714.97366529,18077.5897664587
ETH,2021-04-19,2242.19863077129,2282.28621871052,2087.57288414468,2163.85057457429,12987967900.9065,5886926.78473631,12987.9679009065
ETH,2021-04-20,2163.85057457429,2347.16652235639,2062.3551625498,2333.85126679306,14814398831.9073,6738908.35112923,14814.398831907301
ETH,2021-04-21,2333.85126679306,2468.06166360762,2240.10419477335,2361.07236348759,15887024404.5091,6753517.06462749,15887.0244045091
ETH,2021-04-22,2361.07236348759,2648.15635411109,2321.86047925117,2406.20108213375,23326573096.268,9367304.23417573,23326.573096268003
ETH,2021-04-23,2406.20108213375,2445.53400337704,2124.15654303455,2376.7505404108,21130931537.5429,9294348.73173484,21130.9315375429
ETH,2021-04-24,2376.7505404108,2376.7505404108,2168.31276017484,2223.74067703207,13677923012.4401,6029678.03425064,13677.9230124401
ETH,2021-04-25,2223.74067703207,2364.69192676174,2170.53246218968,2329.50115737616,13923792792.4556,6126131.20084876,13923.7927924556
ETH,2021-04-26,2329.50115737616,2546.56305597604,2318.83115132303,2541.55752976401,15902299039.632,6423596.97902299,15902.299039632
ETH,2021-04-27,2541.55752976401,2684.12012384516,2491.50469130508,2675.02162541342,15401925602.8213,5951986.84433294,15401.9256028213
ETH,2021-04-28,2675.02162541342,2770.81012861979,2571.96642929483,2756.26438403617,16547071479.9753,6155759.21070825,16547.0714799753
ETH,2021-04-29,2756.26438403617,2806.23405714048,2679.5302038411,2774.07379206512,16933682138.6676,6158902.69328794,16933.682138667602
ETH,2021-04-30,2774.07379206512,2801.57878038921,2733.12548891,2782.73056672178,14685615493.8753,5309816.39745891,14685.615493875299
ETH,2021-05-01,2782.73056672178,2972.84426673018,2764.90391615658,2972.84426673018,13644226754.9684,4747766.42076313,13644.226754968398
ETH,2021-05-02,2972.84426673018,2995.51255166349,2865.05038057713,2966.40382532798,14221865162.4195,4844087.5030943,14221.8651624195
ETH,2021-05-03,2966.40382532798,3461.91318938529,2961.18864137681,3441.93491349356,23225113403.4174,7261380.92301321,23225.1134034174
ETH,2021-05-04,3441.93491349356,3538.76996504488,3200.97704783392,3245.81430198889,29190016046.5773,8694111.65640547,29190.0160465773
ETH,2021-05-05,3245.81430198889,3551.96280774413,3216.36870784194,3534.64321209926,20939276949.1956,6201748.15351949,20939.2769491956
ETH,2021-05-06,3534.64321209926,3615.88793080302,3396.9272246895,3511.11163937013,21792148826.8796,6216398.62694802,21792.148826879602
ETH,2021-05-07,3511.11163937013,3596.72682672382,3384.02533487678,3508.88701893407,18654399327.5839,5346665.7926805,18654.399327583902
ETH,2021-05-08,3508.88701893407,3976.18544772768,3470.42987975011,3929.98942157328,24267021326.8669,6595459.34803941,24267.021326866903
ETH,2021-05-09,3929.98942157328,3998.08866056449,3744.55848610974,3957.58621540925,23353834333.6984,5991451.80933945,23353.8343336984
ETH,2021-05-10,3957.58621540925,4211.51467454922,3722.86543246112,3953.48630418184,31781989261.7661,7834255.02366272,31781.989261766103
ETH,2021-05-11,3953.48630418184,4204.51336986032,3783.52474462512,4191.81465753915,23196707530.3869,5802272.22285338,23196.707530386902
ETH,2021-05-12,4191.81465753915,4385.06828241857,3790.28631508834,3790.28631508834,39594996002.5372,9417024.6319185,39594.9960025372
ETH,2021-05-13,3790.28631508834,4039.7958724809,3556.59193460891,3722.09775780129,34355017059.2592,9018809.01901731,34355.017059259204
ETH,2021-05-14,3722.09775780129,4181.95100393282,3705.93156104134,4095.56584870009,19016371179.4622,4775141.81307034,19016.3711794622
ETH,2021-05-15,4095.56584870009,4145.35273973449,3642.09052987586,3642.09052987586,17978694099.879,4619228.85619706,17978.694099879
ETH,2021-05-16,3642.09052987586,3887.58887189441,3354.40548236289,3595.89070910172,20899854710.2011,5732650.46737388,20899.8547102011
ETH,2021-05-17,3595.89070910172,3595.89070910172,3137.9162270151,3295.15884890129,23199334982.838,6878004.62288141,23199.334982838
ETH,2021-05-18,3295.15884890129,3571.83306989796,3266.90900966469,3392.61361437478,15757523358.8854,4594100.58468575,15757.5233588854
ETH,2021-05-19,3392.61361437478,3446.44249303816,1923.32434517626,2446.39372104854,37609290564.2219,13924048.5930746,37609.2905642219
ETH,2021-05-20,2446.39372104854,3003.38332383951,2184.25376894329,2778.93233483538,27204283743.3107,10210304.8672238,27204.283743310698
ETH,2021-05-21,2778.93233483538,2937.75430433941,2117.99516032993,2436.15068850648,24706061597.0466,9660439.10514781,24706.0615970466
ETH,2021-05-22,2436.15068850648,2484.05818300144,2172.28820558337,2295.83145886963,18194697081.0359,7768699.82251936,18194.6970810359
ETH,2021-05-23,2295.83145886963,2381.72643486499,1743.42020375451,2107.96500183864,25188043112.9231,12339048.6294189,25188.0431129231
ETH,2021-05-24,2107.96500183864,2674.34615071501,2094.17954894957,2654.84954151937,25073603904.5645,10494113.8288937,25073.603904564497
ETH,2021-05-25,2654.84954151937,2759.96732321454,2401.17130501358,2712.71446069291,26532359923.9561,10253888.7810705,26532.3599239561
ETH,2021-05-26,2712.71446069291,2913.67900166784,2660.97008803457,2894.03755224432,24316257913.1906,8690315.40736791,24316.257913190602
ETH,2021-05-27,2894.03755224432,2894.03755224432,2649.63773920987,2744.5915127782,18934474364.519,6836566.13001063,18934.474364519
ETH,2021-05-28,2744.5915127782,2769.09186006865,2336.99490716946,2425.69019061417,23509508786.5565,9260317.31998168,23509.5087865565
ETH,2021-05-29,2425.69019061417,2572.13478308456,2209.89352551785,2278.25596894887,18939677361.3817,7872010.44005946,18939.6773613817
ETH,2021-05-30,2278.25596894887,2475.42273174809,2194.15061394991,2394.99798890041,14909032902.6957,6260296.21499828,14909.032902695699
ETH,2021-05-31,2394.99798890041,2718.18307313231,2285.14566808751,2715.59893836806,16438522585.7334,6554942.19811649,16438.5225857334
ETH,2021-06-01,2715.59893836806,2742.7478871553,2536.09570531128,2638.58919181858,14293991861.458,5461196.31353064,14293.991861458
ETH,2021-06-02,2638.58919181858,2802.39885311733,2561.36659011909,2709.90214617245,15939581962.0284,5894216.24209049,15939.5819620284
ETH,2021-06-03,2709.90214617245,2888.13741311642,2667.79176285831,2857.59892109664,17547115875.3224,6258451.94434266,17547.1158753224
ETH,2021-06-04,2857.59892109664,2863.00742444783,2565.91158970216,2695.43019089831,20824388121.9974,7762713.89914957,20824.3881219974
ETH,2021-06-05,2695.43019089831,2816.79169469075,2561.70343597115,2633.8833354257,19016255878.6452,7075817.66123228,19016.2558786452
ETH,2021-06-06,2633.8833354257,2747.25038067232,2620.28600466168,2716.7972760961,15763673253.1361,5849840.5505576,15763.673253136101
ETH,2021-06-07,2716.7972760961,2845.27599458846,2581.9598737372,2596.88323575497,18993982908.2808,6924547.12904809,18993.9829082808
ETH,2021-06-08,2596.88323575497,2621.86180200886,2321.08618096066,2513.70774115103,24322808262.5134,9768892.57473846,24322.8082625134
ETH,2021-06-09,2513.70774115103,2624.90635033271,2413.94097501768,2612.54648321875,20417802996.7493,8073592.02760549,20417.8029967493
ETH,2021-06-10,2612.54648321875,2624.23052644915,2434.2140482651,2474.7816286597,16986328344.9267,6704285.32414144,16986.3283449267
ETH,2021-06-11,2474.7816286597,2496.49546536569,2327.94896654324,2355.46087028544,13986861179.7298,5753583.48755619,13986.8611797298
ETH,2021-06-12,2355.46087028544,2451.0758015021,2265.16999056858,2371.04140543923,15238205310.9358,6449841.37845692,15238.2053109358
ETH,2021-06-13,2371.04140543923,2549.27604749915,2314.33325249504,2509.7593061201,14322090293.6073,5970887.99812317,14322.0902936073
ETH,2021-06-14,2509.7593061201,2607.75076385689,2469.54092719367,2584.22851769867,15893193932.682,6282153.63235032,15893.193932682
ETH,2021-06-15,2584.22851769867,2639.83303027619,2513.46164221554,2547.38055295222,15691109660.772,6077459.71896931,15691.109660772
ETH,2021-06-16,2547.38055295222,2549.6672264087,2355.64045134782,2371.54653907572,13742585018.4047,5579471.75046916,13742.5850184047
ETH,2021-06-17,2371.54653907572,2458.00909152522,2312.0979227362,2373.60795160158,12355994197.7542,5168697.24690651,12355.9941977542
ETH,2021-06-18,2373.60795160158,2377.02142169444,2144.4615812179,2232.50764376094,14591482934.1096,6437601.01163644,14591.4829341096
ETH,2021-06-19,2232.50764376094,2276.49220995216,2168.31923133324,2173.44089917593,11594115618.3319,5204173.99330103,11594.1156183319
ETH,2021-06-20,2173.44089917593,2281.03643608796,2050.69013693085,2245.91037555035,13573533035.1714,6290270.10236814,13573.5330351714
ETH,2021-06-21,2245.91037555035,2260.64736679553,1870.38320999967,1892.64777308499,19808604717.4992,9908712.16384181,19808.604717499198
ETH,2021-06-22,1892.64777308499,1996.57374199914,1709.8035354991,1877.48998603042,21197756138.9597,11272339.1879682,21197.756138959703
ETH,2021-06-23,1877.48998603042,2046.65575953648,1828.28963808756,1968.88594819761,16125978404.9982,8127027.30220833,16125.978404998199
ETH,2021-06-24,1968.88594819761,2033.77822677559,1888.43284066844,1991.11430735334,11929283748.6183,6083336.54282961,11929.2837486183
ETH,2021-06-25,1991.11430735334,2019.67271191606,1796.95482032367,1813.16808863176,12920256157.0441,6832214.97033521,12920.2561570441
ETH,2021-06-26,1813.16808863176,1852.38025094087,1723.17412374679,1832.20464233882,10569886999.1643,5930592.46816496,10569.8869991643
ETH,2021-06-27,1832.20464233882,1982.53452233168,1811.47383978631,1981.50240087964,10480977309.6165,5624519.90385279,10480.9773096165
ETH,2021-06-28,1981.50240087964,2140.54425388743,1965.01445109106,2084.53536771538,16218391158.9626,7928388.76093691,16218.3911589626
ETH,2021-06-29,2084.53536771538,2243.63446379559,2077.72609590134,2162.58625271817,15945625174.1852,7337561.78067981,15945.6251741852
ETH,2021-06-30,2162.58625271817,2284.58848356309,2090.73008240459,2275.38427594041,16066373788.3098,7403002.09709742,16066.373788309798
ETH,2021-07-01,2275.38427594041,2275.38427594041,2078.44802007915,2111.73918948256,21169024601.6907,9824648.57067244,21169.0246016907
ETH,2021-07-02,2111.73918948256,2158.97428165699,2022.90073583543,2156.71841700928,12612300094.554,6061734.52345296,12612.300094554
ETH,2021-07-03,2156.71841700928,2238.49720149448,2116.78225754608,2228.34791206765,11547339165.323,5258972.22510673,11547.339165323
ETH,2021-07-04,2228.34791206765,2387.01326293102,2191.87469099311,2324.70067533986,12159154525.807,5262316.75574138,12159.154525807
ETH,2021-07-05,2324.70067533986,2325.21891182617,2165.18427584386,2200.38342273818,12398223758.1087,5513558.34730254,12398.2237581087
ETH,2021-07-06,2200.38342273818,2347.71722942566,2197.56488166878,2325.92715540127,12195319730.8813,5304591.45911372,12195.3197308813
ETH,2021-07-07,2325.92715540127,2403.6060086327,2297.63535488325,2318.26137254153,12683868258.8425,5372911.70436717,12683.8682588425
ETH,2021-07-08,2318.26137254153,2324.83890973532,2090.82628943599,2120.72183809373,13748040892.2541,6277926.54758866,13748.040892254101
ETH,2021-07-09,2120.72183809373,2187.66918169952,2052.31213837983,2147.41258871806,13930616801.153,6538402.60450247,13930.616801153
ETH,2021-07-10,2147.41258871806,2192.13853725354,2081.07949096885,2113.06686648074,10241602427.2468,4822187.55348975,10241.6024272468
ETH,2021-07-11,2113.06686648074,2175.01555335138,2083.87783739511,2140.83134507477,8309803748.15234,3908732.57901393,8309.80374815234
ETH,2021-07-12,2140.83134507477,2173.53011097004,2012.22464933637,2036.77454510379,10372046975.169,4947318.30095033,10372.046975169
ETH,2021-07-13,2036.77454510379,2059.91247166698,1922.63621339752,1941.88484188748,8878205532.20383,4458740.52030527,8878.20553220383
ETH,2021-07-14,1941.88484188748,2019.55325606552,1872.67524868616,1996.41080782331,8581808546.97916,4400907.36109741,8581.80854697916
ETH,2021-07-15,1996.41080782331,2038.96405824745,1886.7659030264,1920.66963198625,7724443951.27988,3978883.65408138,7724.44395127988
ETH,2021-07-16,1920.66963198625,1976.29075639847,1854.75362783461,1879.67759246336,6547645125.53782,3433237.70873718,6547.64512553782
ETH,2021-07-17,1879.67759246336,1936.78211655099,1857.72155237445,1914.97962945251,5576666257.83656,2955441.70249257,5576.66625783656
ETH,2021-07-18,1914.97962945251,2003.17629331534,1884.63705683023,1895.91111473602,5908951166.77088,3037807.91125282,5908.951166770879
ETH,2021-07-19,1895.91111473602,1943.12650892721,1809.80688706212,1819.43212561734,6058961078.07945,3272433.81160693,6058.96107807945
ETH,2021-07-20,1819.43212561734,1848.68603974218,1723.41930305139,1789.80762645624,7539665208.12215,4267749.12427072,7539.66520812215
ETH,2021-07-21,1789.80762645624,2022.96479447544,1762.3010482425,1996.30807927311,9598033295.29505,5019855.83967146,9598.03329529505
ETH,2021-07-22,1996.30807927311,2042.17661931258,1955.78921292399,2024.1603120533,8223416703.85987,4105897.19299658,8223.41670385987
ETH,2021-07-23,2024.1603120533,2130.00754764371,2001.31873005671,2125.58324291888,7948814018.23985,3865635.85020264,7948.81401823985
ETH,2021-07-24,2125.58324291888,2200.06865070507,2109.07854278481,2187.31732929116,7659821625.54629,3559568.44999012,7659.82162554629
ETH,2021-07-25,2187.31732929116,2196.3095360865,2111.0355072629,2191.51437964939,6732374660.36863,3119490.13522545,6732.37466036863
ETH,2021-07-26,2191.51437964939,2427.90701507675,2178.07567403949,2230.18749553866,14890492160.1987,6431518.698259,14890.4921601987
ETH,2021-07-27,2230.18749553866,2317.7175484742,2154.47782631013,2300.9286818587,11565982365.5143,5170969.67693132,11565.982365514299
ETH,2021-07-28,2300.9286818587,2344.47375365256,2250.78417815612,2298.91812280245,9039181036.2842,3932970.73462793,9039.1810362842
ETH,2021-07-29,2298.91812280245,2397.07104529057,2272.20360215157,2381.83423336702,7095833805.03031,3062445.52796208,7095.83380503031
ETH,2021-07-30,2381.83423336702,2467.36438864068,2321.0211129397,2465.61152583934,9287096423.96916,3883210.83817849,9287.09642396916
ETH,2021-07-31,2465.61152583934,2540.60912580088,2423.50815960077,2527.64776809714,8755568027.07018,3551040.07218577,8755.568027070181
ETH,2021-08-01,2527.64776809714,2695.54660908758,2513.47621397213,2560.32194226536,11078966457.2114,4263455.54612521,11078.9664572114
ETH,2021-08-02,2560.32194226536,2664.5840908032,2516.22513612142,2609.78871556925,10893975591.3281,4193211.80056913,10893.9755913281
ETH,2021-08-03,2609.78871556925,2629.13796510482,2451.94444841586,2508.10836558702,10685713385.8717,4257825.36566398,10685.7133858717
ETH,2021-08-04,2508.10836558702,2766.35653497182,2463.91253948144,2725.62930673716,11915740644.1918,4565677.21125844,11915.7406441918
ETH,2021-08-05,2725.62930673716,2842.53890749601,2544.54621347103,2827.72806610923,15356006247.7345,5642771.48322314,15356.0062477345
ETH,2021-08-06,2827.72806610923,2945.40182243797,2715.91937401409,2891.51876325514,12438514259.8943,4403334.08385207,12438.5142598943
ETH,2021-08-07,2891.51876325514,3170.77039356131,2870.09142172977,3161.25534149109,15468149745.3223,5082579.05072583,15468.1497453223
ETH,2021-08-08,3161.25534149109,3186.48174469762,2954.05294497519,3015.4931832964,13806608531.9554,4479104.76166923,13806.6085319554
ETH,2021-08-09,3015.4931832964,3184.99087602614,2902.91470040881,3163.44287204418,15994062375.937,5231071.91811304,15994.062375937001
ETH,2021-08-10,3163.44287204418,3231.11998968008,3058.53839606327,3142.29519706631,13128266929.5049,4184061.93601175,13128.2669295049
ETH,2021-08-11,3142.29519706631,3267.87125681277,3126.76101688264,3164.5412020971,12648700612.8157,3937981.18378707,12648.7006128157
ETH,2021-08-12,3164.5412020971,3236.92420169474,2985.75527037072,3046.71293211017,12238364534.1327,3947900.22403255,12238.3645341327
ETH,2021-08-13,3046.71293211017,3324.1517919521,3040.86148841342,3323.08540615779,11220873646.3349,3494779.43452436,11220.8736463349
ETH,2021-08-14,3323.08540615779,3328.35168018369,3211.85112578046,3266.73388297057,9068321328.00303,2773035.28060796,9068.32132800303
ETH,2021-08-15,3266.73388297057,3320.24646172224,3119.01569427475,3311.18865689951,10095943030.9772,3145797.83620758,10095.9430309772
ETH,2021-08-16,3311.18865689951,3332.47049583889,3140.87518223429,3150.64816806223,11454351191.5108,3528540.27740492,11454.3511915108
ETH,2021-08-17,3150.64816806223,3287.0789484395,2998.25087477667,3014.88240875059,12638504071.6028,4007832.87343488,12638.5040716028
ETH,2021-08-18,3014.88240875059,3124.16426486348,2957.36993624783,3016.77167838413,9695428486.80739,3184337.87463509,9695.42848680739
ETH,2021-08-19,3016.77167838413,3184.59572920863,2964.82104561628,3184.59572920863,8347647050.7487,2740724.993396,8347.6470507487
ETH,2021-08-20,3184.59572920863,3298.92685395861,3178.4597949092,3284.12277692239,9626483339.95092,2967126.56524632,9626.48333995092
ETH,2021-08-21,3284.12277692239,3307.81046417672,3211.04771806905,3226.88470291426,8145174801.55755,2492081.37374951,8145.17480155755
ETH,2021-08-22,3226.88470291426,3272.85922926679,3134.58643003089,3240.65687641648,6919961649.99567,2152734.74969131,6919.96164999567
ETH,2021-08-23,3240.65687641648,3373.01257747762,3237.67491842463,3320.92012053966,10016645852.1953,3012807.50330151,10016.645852195299
ETH,2021-08-24,3320.92012053966,3357.66422124326,3154.91363295581,3174.37568024848,9645037920.63526,2954590.41620801,9645.037920635259
ETH,2021-08-25,3174.37568024848,3249.39147440584,3085.65126520312,3228.76423410654,8639848711.85875,2717023.00219897,8639.848711858749
ETH,2021-08-26,3228.76423410654,3247.21956575757,3060.71688238736,3095.97370176866,7964799108.63214,2547139.1169841,7964.79910863214
ETH,2021-08-27,3095.97370176866,3282.87222394163,3068.48662925044,3275.18838653799,8613583917.04621,2712962.89240259,8613.58391704621
ETH,2021-08-28,3275.18838653799,3286.1984587279,3214.67194668604,3247.05846257705,5933740599.98228,1829306.01117682,5933.7405999822795
ETH,2021-08-29,3247.05846257705,3283.89856843384,3161.64435924143,3225.4684100007,5787454514.56696,1801076.88342869,5787.45451456696
ETH,2021-08-30,3225.4684100007,3346.49333512861,3150.72901685274,3227.98882272373,9843193665.00946,3040252.32900443,9843.193665009461
ETH,2021-08-31,3227.98882272373,3464.58543500005,3196.8742064708,3434.10054298291,13957003968.2782,4157411.77161652,13957.0039682782
ETH,2021-09-01,3434.10054298291,3835.07132515103,3388.5373754177,3833.38241835601,15472914225.1597,4314446.94895724,15472.9142251597
ETH,2021-09-02,3833.38241835601,3835.44019171404,3727.72729511489,3788.73243249002,12487401984.5757,3307603.99392007,12487.401984575701
ETH,2021-09-03,3788.73243249002,4024.17534331363,3717.67929462104,3938.7473626924,12801386639.1469,3287763.42683769,12801.3866391469
ETH,2021-09-04,3938.7473626924,3969.54577182845,3837.99508795318,3886.24042389425,9739845996.80461,2490870.98554501,9739.84599680461
ETH,2021-09-05,3886.24042389425,3979.38259086171,3836.98962144933,3950.4966899924,8422288992.10448,2151121.41405416,8422.288992104479
ETH,2021-09-06,3950.4966899924,3967.19618380034,3874.03049934512,3928.86871700317,8703529317.79583,2213817.29824487,8703.52931779583
ETH,2021-09-07,3928.86871700317,3945.55820369531,3078.3509645233,3432.88716913972,19789828797.7955,5508515.10197073,19789.8287977955
ETH,2021-09-08,3432.88716913972,3561.86591500211,3225.97473048977,3500.80981008566,16247325092.9956,4746080.76199092,16247.3250929956
ETH,2021-09-09,3500.80981008566,3564.81129111864,3402.46119176788,3427.54896029539,12653021175.4168,3621645.49943113,12653.0211754168
ETH,2021-09-10,3427.54896029539,3514.85944449672,3160.00403458121,3212.97027409997,11180737319.2917,3348012.81659929,11180.7373192917
ETH,2021-09-11,3212.97027409997,3348.02941750835,3211.87692005355,3268.33158478513,9105150835.17814,2772485.65203364,9105.150835178141
ETH,2021-09-12,3268.33158478513,3470.98883029732,3237.04438436362,3409.68226726823,7802249696.8607,2311765.26140061,7802.249696860699
ETH,2021-09-13,3409.68226726823,3430.87396735505,3133.06567922809,3287.30319493892,10874823011.7962,3342712.68342756,10874.8230117962
ETH,2021-09-14,3287.30319493892,3432.79551216277,3278.62610176357,3432.79551216277,9579087677.32328,2867171.46306078,9579.087677323281
ETH,2021-09-15,3432.79551216277,3614.37118119361,3368.24058422892,3614.37118119361,8039310882.09409,2315420.78630144,8039.310882094091
ETH,2021-09-16,3614.37118119361,3671.31456885742,3492.7965811133,3571.59897328367,9900278380.46813,2753288.45370309,9900.27838046813
ETH,2021-09-17,3571.59897328367,3590.77383833398,3355.5607331504,3401.92756159564,8751909158.81361,2518009.68102765,8751.90915881361
ETH,2021-09-18,3401.92756159564,3539.50990273482,3374.91070838396,3439.35300753494,7852414033.3425,2265717.64127738,7852.414033342499
ETH,2021-09-19,3439.35300753494,3461.93635152324,3290.70322507792,3331.28790815155,6766248461.15578,2004161.2786322,6766.24846115578
ETH,2021-09-20,3331.28790815155,3344.90856311405,2942.73914489865,2973.4775806134,13667511131.4087,4412065.29307633,13667.5111314087
ETH,2021-09-21,2973.4775806134,3103.57380253554,2681.56923636502,2764.35523742544,15939389695.3282,5429723.19781073,15939.3896953282
ETH,2021-09-22,2764.35523742544,3089.54459290693,2743.61844698898,3079.9753026814,11862037857.0427,4017987.05889286,11862.0378570427
ETH,2021-09-23,3079.9753026814,3175.71827085885,3043.9991856577,3157.03172300521,8976807586.11627,2880997.36933585,8976.80758611627
ETH,2021-09-24,3157.03172300521,3160.24000126136,2752.63891524381,2933.29916195268,12508573266.1815,4263352.10559732,12508.5732661815
ETH,2021-09-25,2933.29916195268,2989.43855269842,2817.41933670348,2928.13680567328,9546890088.90739,3275044.77086537,9546.89008890739
ETH,2021-09-26,2928.13680567328,3116.58192880021,2748.44950988762,3066.45893873499,9727365522.40798,3307849.09559842,9727.36552240798
ETH,2021-09-27,3066.45893873499,3165.53263178877,2931.32776083505,2931.32776083505,9704561611.69838,3158230.89565506,9704.56161169838
ETH,2021-09-28,2931.32776083505,2983.64311609645,2796.84703360548,2808.81218157777,8196710010.28522,2832258.0227219,8196.71001028522
ETH,2021-09-29,2808.81218157777,2965.0994031991,2790.93063080001,2854.47221460277,7785679984.85307,2706607.92154515,7785.67998485307
ETH,2021-09-30,2854.47221460277,3068.39493032703,2842.13171098595,3011.22691467226,8076647756.60913,2701221.73313522,8076.64775660913
ETH,2021-10-01,3011.22691467226,3332.04612646581,2984.42894193525,3312.42633241083,10562871322.8855,3333160.51525553,10562.8713228855
ETH,2021-10-02,3312.42633241083,3466.41024465516,3263.31132324313,3393.65550686966,9483486922.73885,2831704.50117819,9483.48692273885
ETH,2021-10-03,3393.65550686966,3486.76368596438,3356.90076650981,3421.54476395482,7573203395.6837,2215313.1674571,7573.2033956836995
ETH,2021-10-04,3421.54476395482,3438.87406635533,3292.08223463829,3389.17310537213,7593617780.08061,2254681.8494817,7593.61778008061
ETH,2021-10-05,3389.17310537213,3541.29300548341,3369.64100090926,3519.38724639256,7371320050.49115,2140574.45831242,7371.32005049115
ETH,2021-10-06,3519.38724639256,3627.30159248833,3354.22094354484,3578.74419624214,9659769527.85802,2749561.07401877,9659.769527858021
ETH,2021-10-07,3578.74419624214,3652.34516314713,3478.85739983987,3587.88150131035,8965786395.50045,2507148.69926863,8965.78639550045
ETH,2021-10-08,3587.88150131035,3668.59077893262,3547.67679945858,3564.61134375636,8330068934.03323,2308929.23367453,8330.06893403323
ETH,2021-10-09,3564.61134375636,3628.90064175148,3545.503255928,3576.31399381416,6365696933.18136,1771814.93508686,6365.696933181361
ETH,2021-10-10,3576.31399381416,3603.15259998361,3416.97856778961,3422.07022043871,7796932539.13726,2206927.82135154,7796.93253913726
ETH,2021-10-11,3422.07022043871,3621.00267715215,3385.75412716317,3547.07916374887,9826585248.61846,2778548.17796485,9826.58524861846
ETH,2021-10-12,3547.07916374887,3547.07916374887,3409.90713804135,3491.55922272661,8857209324.57785,2540936.92100034,8857.20932457785
ETH,2021-10-13,3491.55922272661,3612.31061914891,3421.15473813787,3608.7885060157,8425423707.21358,2407332.28175067,8425.42370721358
ETH,2021-10-14,3608.7885060157,3822.93416093227,3593.03673997475,3791.70108512421,10308478028.1545,2769853.3257707,10308.478028154499
ETH,2021-10-15,3791.70108512421,3902.02105005982,3739.74735466076,3870.22366487299,11564649392.6849,3028699.54063825,11564.6493926849
ETH,2021-10-16,3870.22366487299,3966.07384404898,3808.29181171712,3830.50760086921,9298604920.89387,2396999.27435577,9298.60492089387
ETH,2021-10-17,3830.50760086921,3917.22831994462,3672.54367990895,3851.24336939726,8503993955.91432,2222746.70646568,8503.99395591432
ETH,2021-10-18,3851.24336939726,3894.43022168537,3691.79486902812,3751.97826350632,9466611706.26929,2498855.7596786,9466.61170626929
ETH,2021-10-19,3751.97826350632,3888.83395398936,3741.31205639624,3881.88838908637,9064644467.17457,2378880.67741824,9064.64446717457
ETH,2021-10-20,3881.88838908637,4171.0137319257,3836.90787339395,4163.04511112189,10944834032.7946,2736941.7397497,10944.834032794599
ETH,2021-10-21,4163.04511112189,4366.66564637633,4036.85811681221,4059.19458018478,16224134880.4287,3887079.59265205,16224.134880428699
ETH,2021-10-22,4059.19458018478,4168.13797912223,3906.48637858702,3974.92651953545,11769415751.9154,2898505.13089268,11769.4157519154
ETH,2021-10-23,3974.92651953545,4174.00964332423,3945.8489386923,4174.00964332423,8225636947.40815,2028730.24235259,8225.63694740815
ETH,2021-10-24,4174.00964332423,4188.07032513467,3972.14714517221,4088.39188671892,8238154179.06797,2023157.40068054,8238.15417906797
ETH,2021-10-25,4088.39188671892,4237.90530155581,4076.82218991378,4223.99178110606,8646675956.937,2077332.51983017,8646.675956937
ETH,2021-10-26,4223.99178110606,4293.5445615019,4106.08248173667,4135.60478262022,9327465825.39224,2218981.25944196,9327.46582539224
ETH,2021-10-27,4135.60478262022,4301.67095697368,3933.49698657226,3933.49698657226,13909442909.3911,3403222.42357918,13909.4429093911
ETH,2021-10-28,3933.49698657226,4293.46145157804,3910.71906944424,4292.07919132643,14089436728.5975,3410096.48606164,14089.4367285975
ETH,2021-10-29,4292.07919132643,4455.62836965725,4272.07519099884,4418.65589200065,12935278253.4464,2963223.88670148,12935.2782534464
ETH,2021-10-30,4418.65589200065,4429.95387994044,4253.04411960919,4324.045963248,7666363026.44738,1772099.09594264,7666.36302644738
ETH,2021-10-31,4324.045963248,4394.48134800585,4177.51832221585,4291.58491322873,9331645877.7976,2179429.40365033,9331.6458777976
ETH,2021-11-01,4291.58491322873,4379.56945217364,4162.1775218989,4324.08604426803,9759792247.6409,2267371.77901717,9759.7922476409
ETH,2021-11-02,4324.08604426803,4600.75753771087,4291.72750867036,4586.69657599981,11326278619.4774,2550821.41495959,11326.2786194774
ETH,2021-11-03,4586.69657599981,4664.02523181845,4465.0647598129,4605.48502811234,12170665492.1364,2659152.74459147,12170.6654921364
ETH,2021-11-04,4605.48502811234,4605.48502811234,4428.90884195048,4540.21670890097,10466884916.3944,2313555.58279968,10466.8849163944
ETH,2021-11-05,4540.21670890097,4573.99055603038,4448.05787884457,4484.06411117782,8770475538.17471,1945605.52189845,8770.475538174709
ETH,2021-11-06,4484.06411117782,4532.5774819501,4339.50298829879,4524.48522208065,8112565755.09939,1822460.68987659,8112.56575509939
ETH,2021-11-07,4524.48522208065,4640.27737752266,4511.11544578742,4620.04494384701,7648789384.56203,1666710.86923113,7648.78938456203
ETH,2021-11-08,4620.04494384701,4822.91060938746,4620.04494384701,4811.400494648,10265390881.8763,2166669.21613022,10265.390881876301
ETH,2021-11-09,4811.400494648,4838.33639076908,4719.57643644507,4735.40152938077,11691015372.4009,2440729.41967374,11691.0153724009
ETH,2021-11-10,4735.40152938077,4861.93550648355,4510.55702524917,4640.49408346782,12807407229.276,2719114.93295412,12807.407229276
ETH,2021-11-11,4640.49408346782,4781.35625822869,4583.1658333382,4726.30598460679,10555902950.3785,2243053.66366522,10555.9029503785
ETH,2021-11-12,4726.30598460679,4809.85590664017,4516.46843289646,4672.47462960372,11123814428.5494,2384939.84276171,11123.8144285494
ETH,2021-11-13,4672.47462960372,4707.31030500473,4591.65419149389,4650.27413264644,8841916636.45405,1902439.03602844,8841.91663645405
ETH,2021-11-14,4650.27413264644,4695.07988003768,4521.22951896262,4631.74016652219,7280793643.94137,1581869.48281934,7280.79364394137
ETH,2021-11-15,4631.74016652219,4769.64738046042,4548.11374528622,4565.26959335741,9978104440.87623,2139878.59633873,9978.10444087623
ETH,2021-11-16,4565.26959335741,4565.26959335741,4137.96744149938,4215.34232724676,15766071532.2266,3661279.2427556,15766.0715322266
ETH,2021-11-17,4215.34232724676,4305.31037297196,4080.04716171974,4293.9100844372,13530431581.6153,3225534.56012777,13530.4315816153
ETH,2021-11-18,4293.9100844372,4347.12339584668,3966.93655011926,4015.82929574136,13026576962.7704,3137057.06368831,13026.5769627704
ETH,2021-11-19,4015.82929574136,4322.22524489301,3987.62502212705,4303.03005392315,12050884510.6952,2893513.84232791,12050.8845106952
ETH,2021-11-20,4303.03005392315,4445.2908508639,4216.02924251143,4416.6706808742,8905205377.06737,2060152.26405379,8905.20537706737
ETH,2021-11-21,4416.6706808742,4428.82123366297,4258.99879656761,4279.14263461732,8058776325.89798,1848082.16065719,8058.776325897979
ETH,2021-11-22,4279.14263461732,4304.4607921056,4038.13744059534,4094.56955810766,11116052806.9013,2656996.70897002,11116.0528069013
ETH,2021-11-23,4094.56955810766,4390.27229380694,4072.68483803765,4345.24289761877,12173429623.1301,2879147.50629419,12173.4296231301
ETH,2021-11-24,4345.24289761877,4375.43092827067,4181.07733218141,4281.62882349478,10761486069.5675,2520982.29058305,10761.4860695675
ETH,2021-11-25,4281.62882349478,4559.21217464608,4258.53945280675,4526.19378714517,10649831467.4716,2414533.03093111,10649.8314674716
ETH,2021-11-26,4526.19378714517,4560.03267546363,3937.00976054361,4043.35126986126,15081585122.914,3620256.20453619,15081.585122913999
ETH,2021-11-27,4043.35126986126,4192.0212826799,4041.0922726304,4112.09308769425,9416991021.88827,2280011.44414295,9416.991021888269
ETH,2021-11-28,4112.09308769425,4307.02495409975,3994.67031531807,4304.15007133365,7903330095.56117,1922363.17073444,7903.330095561169
ETH,2021-11-29,4304.15007133365,4465.89857270008,4291.00042508025,4451.91639156357,10769838617.8551,2464877.63141036,10769.8386178551
ETH,2021-11-30,4451.91639156357,4753.63426947259,4359.24334921466,4634.05574868368,15995684288.8867,3501928.91281019,15995.6842888867
ETH,2021-12-01,4634.05574868368,4791.29049049505,4534.60269370898,4592.59164974616,15293048330.1057,3255426.20247883,15293.0483301057
ETH,2021-12-02,4592.59164974616,4637.81655498317,4446.19906311018,4522.30196829401,12492825800.7551,2750572.52684529,12492.8258007551
ETH,2021-12-03,4522.30196829401,4657.29340939382,4079.7245678022,4231.32506170744,15513333538.2685,3518978.9067217,15513.3335382685
ETH,2021-12-04,4231.32506170744,4244.3855384308,3600.27582082584,4135.28303332864,20081562888.105,5051022.31248876,20081.562888105
ETH,2021-12-05,4135.28303332864,4276.42959473187,4049.02644404908,4202.83070535054,15596773158.5332,3736148.98557007,15596.773158533199
ETH,2021-12-06,4202.83070535054,4377.95041850095,3941.9061133342,4362.54529534354,16027446878.7058,3880228.46069051,16027.4468787058
ETH,2021-12-07,4362.54529534354,4442.94605745864,4270.75855736103,4314.30522532929,13282115529.0904,3043720.56142059,13282.1155290904
ETH,2021-12-08,4314.30522532929,4510.7145036336,4247.58092559759,4445.82785146517,10932356664.9307,2502647.10940855,10932.3566649307
ETH,2021-12-09,4445.82785146517,4503.36266759744,4086.97037211047,4118.80253217048,12939002921.7219,3024546.57215823,12939.002921721902
ETH,2021-12-10,4118.80253217048,4231.05385323342,3905.51488489798,3907.17370760103,14794397002.1328,3629414.84228627,14794.397002132799
ETH,2021-12-11,3907.17370760103,4159.53201590305,3849.37882002313,4087.0285775336,9759205633.8541,2426696.75280581,9759.205633854099
ETH,2021-12-12,4087.0285775336,4193.38378999398,3999.36872317001,4139.37719070757,7371693167.64325,1805617.60271546,7371.6931676432505
ETH,2021-12-13,4139.37719070757,4148.30669304123,3685.29243485192,3791.48747436743,14243813289.1279,3664290.58721275,14243.813289127898
ETH,2021-12-14,3791.48747436743,3890.57297783414,3696.44022734704,3866.02627728583,12730410678.2171,3349827.87480232,12730.4106782171
ETH,2021-12-15,3866.02627728583,4093.93246211317,3663.48765788346,4024.94521432819,14803302242.7777,3815308.5380574,14803.3022427777
ETH,2021-12-16,4024.94521432819,4112.96392601225,3962.13227018551,3964.84979253763,11477954320.6956,2837639.33144809,11477.9543206956
ETH,2021-12-17,3964.84979253763,3995.72799655339,3711.56612534752,3881.93308876168,13355669446.8165,3449539.2745163,13355.6694468165
ETH,2021-12-18,3881.93308876168,3996.13750686583,3775.39931345994,3964.4773932091,11344721318.7328,2896833.14959477,11344.7213187328
ETH,2021-12-19,3964.4773932091,4025.52433071085,3897.75037960517,3928.72934078334,9471172147.58248,2395446.45822399,9471.17214758248
ETH,2021-12-20,3928.72934078334,3982.29840293676,3761.58504835118,3942.71838515853,12489151784.5002,3234049.73746946,12489.1517845002
ETH,2021-12-21,3942.71838515853,4061.5056935002,3919.93673275862,4021.71607340534,9461524484.04269,2362602.73736148,9461.52448404269
ETH,2021-12-22,4021.71607340534,4077.24023736655,3951.61522350713,3984.11927390684,7683950870.33552,1912734.5098938,7683.9508703355195
ETH,2021-12-23,3984.11927390684,4150.60674433411,3902.16274589131,4112.16699893071,9524193471.21306,2376866.43150915,9524.19347121306
ETH,2021-12-24,4112.16699893071,4136.06133045834,4028.45380054567,4048.29428329105,7258257767.70949,1773585.86527909,7258.25776770949
ETH,2021-12-25,4048.29428329105,4138.81774557571,4031.08218622098,4098.25980192882,5953905939.23797,1461697.634185,5953.90593923797
ETH,2021-12-26,4098.25980192882,4108.1373306834,4012.59068161418,4065.54944728109,5819090329.80702,1433106.64179664,5819.09032980702
ETH,2021-12-27,4065.54944728109,4128.06489211501,4037.15925228758,4039.36724326413,6353217649.38836,1557402.84166639,6353.21764938836
ETH,2021-12-28,4039.36724326413,4039.36724326413,3769.61820616634,3799.43909944546,9720010021.24516,2497515.09739612,9720.01002124516
ETH,2021-12-29,3799.43909944546,3830.05092483063,3615.09868734244,3632.32588398368,9003891563.38669,2393832.55398959,9003.89156338669
ETH,2021-12-30,3632.32588398368,3771.00900872236,3597.44510977923,3712.96795131634,7148982458.9896,1930851.64724806,7148.9824589896
ETH,2021-12-31,3712.96795131634,3813.81614480062,3626.43903235244,3679.63865648296,7729005156.00528,2067944.29928056,7729.00515600528
ETH,2022-01-01,3679.63865648296,3777.53110984791,3679.63865648296,3766.79455310444,5395982347.18313,1446348.8201273,5395.9823471831305
ETH,2022-01-02,3766.79455310444,3850.47573738974,3721.75512822224,3832.5676349072,5199721285.26658,1375603.01505929,5199.72128526658
ETH,2022-01-03,3832.5676349072,3848.69256201926,3686.98726834944,3765.73877453926,6602278737.8161,1745698.63972885,6602.2787378161
ETH,2022-01-04,3765.73877453926,3890.20759939368,3719.74359278777,3789.5617217557,7817669325.90475,2052498.17021832,7817.66932590475
ETH,2022-01-05,3789.5617217557,3845.53599115544,3433.33526916279,3540.74504470397,8931887498.14605,2418986.33224488,8931.88749814605
ETH,2022-01-06,3540.74504470397,3549.88940617576,3309.24160646311,3410.9653621094,9831007074.51585,2874719.72140938,9831.00707451585
ETH,2022-01-07,3410.9653621094,3414.99290490632,3097.00978103488,3197.97239752084,12707367138.7641,3952348.51072626,12707.367138764099
ETH,2022-01-08,3197.97239752084,3269.19807747161,3008.26544319761,3086.37627208146,8058020905.55158,2566698.85458833,8058.020905551581
ETH,2022-01-09,3086.37627208146,3212.91744434973,3067.66346822081,3153.38224065056,5722406416.51457,1823712.46916477,5722.40641651457
ETH,2022-01-10,3153.38224065056,3182.45271162251,2939.03245253391,3086.35982682823,9711570998.71696,3173601.21301608,9711.570998716961
ETH,2022-01-11,3086.35982682823,3264.03501113365,3057.70375666492,3242.09818825298,7476032512.25044,2365838.67710563,7476.03251225044
ETH,2022-01-12,3242.09818825298,3409.765477297,3212.86544991851,3373.69073636854,7772826721.6564,2348193.86401049,7772.8267216564
ETH,2022-01-13,3373.69073636854,3409.17797197808,3239.9440354826,3242.86385331764,6807261886.90836,2046391.55062176,6807.26188690836
ETH,2022-01-14,3242.86385331764,3342.65633821498,3198.89012946751,3311.29737280173,6058395771.58288,1853661.89976984,6058.39577158288
ETH,2022-01-15,3311.29737280173,3372.75050078286,3271.42492772417,3330.41752929003,4307359755.16796,1293885.03114372,4307.35975516796
ETH,2022-01-16,3330.41752929003,3391.99722604627,3287.0555071499,3350.09645330164,4308092724.82546,1291472.97793055,4308.09272482546
ETH,2022-01-17,3350.09645330164,3358.98330505683,3147.3477787033,3214.1639622716,6012383249.92905,1851133.34198954,6012.38324992905
ETH,2022-01-18,3214.1639622716,3243.60025852413,3090.05431883909,3163.81347802318,6693685522.36294,2121137.93894733,6693.68552236294
ETH,2022-01-19,3163.81347802318,3176.13028278929,3052.0233593417,3087.59805937367,7075411080.68089,2271897.28835116,7075.41108068089
ETH,2022-01-20,3087.59805937367,3272.89468871002,2993.76300795833,3006.87018904902,7502700045.61074,2380456.16534616,7502.70004561074
ETH,2022-01-21,3006.87018904902,3033.46648255082,2483.53567353287,2573.88384644811,15596557605.7303,5615689.31168576,15596.5576057303
ETH,2022-01-22,2573.88384644811,2623.16300217006,2317.29689888898,2414.13282937893,15081476975.8006,6143320.38719109,15081.4769758006
ETH,2022-01-23,2414.13282937893,2557.55235431509,2376.9978936965,2542.66897048745,9023440215.65578,3657941.78207476,9023.44021565578
ETH,2022-01-24,2542.66897048745,2542.66897048745,2168.26926416872,2442.48621799971,14770296003.1476,6368472.81519639,14770.2960031476
ETH,2022-01-25,2442.48621799971,2506.23824574057,2355.1768688358,2458.99453531977,8873031215.61419,3654692.79289853,8873.03121561419
ETH,2022-01-26,2458.99453531977,2718.47806507421,2417.51735920526,2464.45371619543,11802018112.1899,4623539.52061851,11802.018112189899
ETH,2022-01-27,2464.45371619543,2517.61454802031,2322.66375894494,2425.34151982406,8838275052.29588,3648789.7760573,8838.27505229588
ETH,2022-01-28,2425.34151982406,2558.91034395542,2366.31882072369,2548.43001141481,7673411061.77786,3143723.97836011,7673.41106177786
ETH,2022-01-29,2548.43001141481,2646.35828798954,2524.38676772616,2604.54317837822,5737718429.83408,2230691.57021056,5737.71842983408
ETH,2022-01-30,2604.54317837822,2655.27714270426,2548.03622345888,2605.98725893367,4993380298.65685,1920893.079948,4993.38029865685
ETH,2022-01-31,2605.98725893367,2707.90795744256,2484.13046753318,2690.05936300637,7237371954.55368,2788549.73313634,7237.371954553681
ETH,2022-02-01,2690.05936300637,2814.29572086084,2682.6154328041,2793.4420228335,7240959200.97765,2622326.42480375,7240.95920097765
ETH,2022-02-02,2793.4420228335,2814.07886421859,2624.5342940533,2683.24830311311,7694583271.77916,2827658.52480324,7694.58327177916
ETH,2022-02-03,2683.24830311311,2726.20102739208,2583.68187825612,2694.58557994927,7034635415.04167,2662543.50069876,7034.63541504167
ETH,2022-02-04,2694.58557994927,2994.70384288986,2675.53019493406,2994.70384288986,10091344051.0424,3541010.57224349,10091.3440510424
ETH,2022-02-05,2994.70384288986,3062.43815042131,2966.0144843811,3018.52884255744,6858472330.31597,2275200.31274741,6858.472330315971
ETH,2022-02-06,3018.52884255744,3074.38619486258,2963.42855424423,3060.41439366984,4425366454.97075,1469418.05446869,4425.36645497075
ETH,2022-02-07,3060.41439366984,3189.3827308187,2999.5686553425,3144.0194533137,8228500461.32248,2650086.75008519,8228.500461322481
ETH,2022-02-08,3144.0194533137,3230.66484817255,3033.72851251751,3120.2288313369,9310928164.98725,2987750.15223972,9310.92816498725
ETH,2022-02-09,3120.2288313369,3270.47911040078,3061.28505595838,3247.51798247248,7400021677.00216,2337290.24853164,7400.02167700216
ETH,2022-02-10,3247.51798247248,3279.16911922653,3065.81847394769,3078.10825857419,9431097166.83831,2962692.77466257,9431.09716683831
ETH,2022-02-11,3078.10825857419,3136.77387923641,2884.34839547482,2930.71951142008,8444771682.40289,2776504.52822568,8444.77168240289
ETH,2022-02-12,2930.71951142008,2990.94648370978,2865.72139624946,2919.60122046439,5604218742.41551,1916954.87629619,5604.21874241551
ETH,2022-02-13,2919.60122046439,2957.78041712764,2842.11513091212,2872.57998362879,4230236506.45455,1454197.71255223,4230.23650645455
ETH,2022-02-14,2872.57998362879,2965.23870093522,2839.17944310917,2934.20915249158,6174576014.56174,2127866.3447948,6174.57601456174
ETH,2022-02-15,2934.20915249158,3194.72148218808,2916.45744270503,3185.82306139335,7069279142.51316,2293230.56540141,7069.27914251316
ETH,2022-02-16,3185.82306139335,3186.65559310668,3050.16002076769,3123.13919304433,6448296213.01,2062433.30947771,6448.29621301
ETH,2022-02-17,3123.13919304433,3166.91955377215,2858.81794040051,2896.77033458924,8540914317.00185,2836867.60816255,8540.91431700185
ETH,2022-02-18,2896.77033458924,2965.57126753387,2757.22870363293,2782.95060251575,8434621776.48259,2967909.78026843,8434.62177648259
ETH,2022-02-19,2782.95060251575,2831.98371218042,2704.07726384189,2764.89039556719,6346201507.50614,2291929.01160215,6346.20150750614
ETH,2022-02-20,2764.89039556719,2765.42960077668,2581.04990539971,2623.17183667098,5945982378.09025,2240759.40025525,5945.98237809025
ETH,2022-02-21,2623.17183667098,2772.65496585872,2564.91220421123,2572.52723732659,9564164194.04907,3582068.29792708,9564.16419404907
ETH,2022-02-22,2572.52723732659,2661.45022587849,2507.12469884856,2639.03590343909,8614247643.75348,3334112.29554592,8614.24764375348
ETH,2022-02-23,2639.03590343909,2752.8144546557,2581.05105597902,2581.05105597902,7381718856.50187,2762936.82521708,7381.7188565018705
ETH,2022-02-24,2581.05105597902,2715.74613464488,2306.01510714451,2599.90872971774,15637205788.9611,6337706.99796198,15637.205788961099
ETH,2022-02-25,2599.90872971774,2831.12001434946,2577.13176876731,2769.92923785103,8513466461.75963,3177844.43041355,8513.46646175963
ETH,2022-02-26,2769.92923785103,2863.52082837662,2737.25374995609,2781.64364729853,7370152525.09054,2640450.82314715,7370.15252509054
ETH,2022-02-27,2781.64364729853,2838.5421987327,2573.88476981872,2633.24374698278,11681056736.1908,4292140.64250249,11681.0567361908
ETH,2022-02-28,2633.24374698278,2943.25909950247,2580.38055345692,2924.19001068458,9634267375.59487,3521848.47606349,9634.267375594869
ETH,2022-03-01,2924.19001068458,3043.23089817918,2863.31074083223,2976.29677385234,9302657778.63262,3157842.84616533,9302.65777863262
ETH,2022-03-02,2976.29677385234,3062.41269493863,2918.01972298327,2949.74258374639,8555009357.1311,2874328.03362228,8555.009357131099
ETH,2022-03-03,2949.74258374639,2978.6498299829,2794.74500942209,2835.67345731345,6614678558.83938,2302277.76236622,6614.6785588393805
ETH,2022-03-04,2835.67345731345,2835.67345731345,2579.74272220154,2626.95568756923,8117237138.21036,3010256.42920241,8117.237138210359
ETH,2022-03-05,2626.95568756923,2744.29430866964,2595.25674546904,2666.43010162915,3690093641.52167,1395932.03895456,3690.0936415216697
ETH,2022-03-06,2666.43010162915,2674.14593060658,2544.49664631644,2551.44669552765,3460981250.78139,1319664.2531668,3460.9812507813904
ETH,2022-03-07,2551.44669552765,2644.82639386137,2452.11119904468,2495.05814735178,6542655183.00444,2576808.27213839,6542.65518300444
ETH,2022-03-08,2495.05814735178,2680.08472894037,2483.65676918581,2578.72095189465,8243748253.52968,3222079.68978447,8243.74825352968
ETH,2022-03-09,2578.72095189465,2791.45202914436,2573.83642785939,2728.53315780381,7138917820.16237,2630826.29196581,7138.91782016237
ETH,2022-03-10,2728.53315780381,2733.01786645137,2563.32406193669,2607.99916396927,8291520591.54506,3161046.43941025,8291.52059154506
ETH,2022-03-11,2607.99916396927,2681.43560697034,2527.34806656311,2558.2260153873,6031777831.73285,2328944.45264067,6031.77783173285
ETH,2022-03-12,2558.2260153873,2615.37345061472,2556.28029238884,2568.3256552315,2759240873.2037,1066199.56742129,2759.2408732037
ETH,2022-03-13,2568.3256552315,2633.60050328379,2499.32152527668,2518.13830913846,7361465561.186,2868698.99389146,7361.465561186
ETH,2022-03-14,2518.13830913846,2614.50391033665,2502.34932370472,2590.35640044588,5947542514.70635,2319858.94795956,5947.542514706351
ETH,2022-03-15,2590.35640044588,2665.11055574271,2514.1038283271,2618.73885636654,5943934601.86001,2305254.99057366,5943.93460186001
ETH,2022-03-16,2618.73885636654,2787.93549805814,2607.61698559746,2774.61793118448,7712764227.6096,2866878.42982443,7712.7642276096
ETH,2022-03-17,2774.61793118448,2860.04989429207,2751.99039176619,2819.66580997757,5860707517.06381,2099294.32113966,5860.70751706381
ETH,2022-03-18,2819.66580997757,2988.52124891486,2773.70222640824,2941.87284080282,8075276016.72234,2818779.22865907,8075.27601672234
ETH,2022-03-19,2941.87284080282,2984.2941787785,2902.63557591046,2951.9952800281,5281661917.71414,1789471.86800568,5281.66191771414
ETH,2022-03-20,2951.9952800281,2962.36271160809,2821.24059065898,2861.78023952001,6140795083.35855,2124171.96153739,6140.79508335855
ETH,2022-03-21,2861.78023952001,2959.75944245226,2835.04082740861,2894.75630779865,13471773684.8629,4648660.78181707,13471.7736848629
ETH,2022-03-22,2894.75630779865,3047.56957705868,2889.59782694604,2971.19719143861,9040146019.30411,3018320.24026894,9040.14601930411
ETH,2022-03-23,2971.19719143861,3042.57703152536,2926.2524084636,3036.05058401659,11182470725.1212,3756769.06398413,11182.4707251212
ETH,2022-03-24,3036.05058401659,3126.9076773562,3007.2356674684,3110.30691754785,9496995161.69645,3097685.85784675,9496.99516169645
ETH,2022-03-25,3110.30691754785,3191.53967424958,3081.8654380848,3103.65193640377,9155251871.90841,2922035.45167118,9155.25187190841
ETH,2022-03-26,3103.65193640377,3158.56701508511,3088.72307490232,3146.04778447742,4756113655.32154,1523241.72013627,4756.11365532154
ETH,2022-03-27,3146.04778447742,3295.67675800389,3127.13449023607,3295.67675800389,6676414743.39497,2093714.93111741,6676.41474339497
ETH,2022-03-28,3295.67675800389,3428.27046214956,3274.25730917189,3331.27082249351,10599209731.2751,3161777.18226208,10599.209731275101
ETH,2022-03-29,3331.27082249351,3481.02132318748,3331.27082249351,3401.99771513185,9284474266.72065,2720188.80750685,9284.47426672065
ETH,2022-03-30,3401.99771513185,3444.57202063396,3340.38198316457,3383.5722679466,7443247887.34803,2195929.65066734,7443.24788734803
ETH,2022-03-31,3383.5722679466,3442.09532130865,3265.84465003017,3283.23046184506,8932194769.05129,2662469.9170005,8932.19476905129
ETH,2022-04-01,3283.23046184506,3484.57558713181,3219.15587593792,3455.64380593179,9779499836.4012,2921888.82849392,9779.499836401199
ETH,2022-04-02,3455.64380593179,3527.39088004514,3437.91357641857,3444.0734243123,10054911846.9416,2888632.91245683,10054.9118469416
ETH,2022-04-03,3444.0734243123,3588.74375109724,3415.76467384232,3521.7695889887,7333416661.97447,2097660.5804735,7333.41666197447
ETH,2022-04-04,3521.7695889887,3546.00603273315,3416.29538295135,3522.17310178677,8489508613.83035,2438197.89703514,8489.50861383035
ETH,2022-04-05,3522.17310178677,3566.52066370126,3402.95520805396,3408.67207996289,9147509051.97394,2628949.28467757,9147.50905197394
ETH,2022-04-06,3408.67207996289,3408.67207996289,3166.02371594511,3170.69442062416,13212879640.879,4023801.49950561,13212.879640879
ETH,2022-04-07,3170.69442062416,3280.97689895296,3147.31476945179,3229.73305726522,8622377889.19874,2684156.4870844,8622.37788919874
ETH,2022-04-08,3229.73305726522,3350.76490300871,3176.54081355613,3197.93375340518,9251550986.90626,2841642.53142609,9251.550986906259
ETH,2022-04-09,3197.93375340518,3308.32098368962,3185.29674615076,3259.96266797863,5079768414.66435,1577412.00949989,5079.76841466435
ETH,2022-04-10,3259.96266797863,3336.28438785648,3202.20197384738,3202.20197384738,5345771203.9308,1640893.09438402,5345.771203930801
ETH,2022-04-11,3202.20197384738,3215.53020122402,2958.45197877292,2981.94114639856,11306599736.0985,3684866.69288583,11306.599736098498
ETH,2022-04-12,2981.94114639856,3118.75327115992,2953.9474458357,3029.58357049683,10371160463.8798,3433069.44055428,10371.160463879802
ETH,2022-04-13,3029.58357049683,3142.15687845285,3004.70776216431,3118.94419810152,8213131562.58685,2675630.89707267,8213.13156258685
ETH,2022-04-14,3118.94419810152,3145.52688284795,2982.94616864655,3022.79773020976,8352111093.30421,2723982.54821309,8352.11109330421
ETH,2022-04-15,3022.79773020976,3097.23337498689,2999.33588983716,3042.66538366986,7290280903.15831,2407279.07287762,7290.28090315831
ETH,2022-04-16,3042.66538366986,3105.71221320082,3015.39353523968,3059.91930627544,5107194453.45397,1678839.93643065,5107.19445345397
ETH,2022-04-17,3059.91930627544,3131.09170885351,2986.17133795138,2991.78630111292,5784904808.94489,1898200.45430078,5784.90480894489
ETH,2022-04-18,2991.78630111292,3072.2971317565,2889.57686349122,3056.58846722007,9391799158.87089,3171944.51091402,9391.79915887089
ETH,2022-04-19,3056.58846722007,3158.11625634872,3033.63466970774,3101.58367793716,11844623732.3693,3843991.56915075,11844.6237323693
ETH,2022-04-20,3101.58367793716,3165.46955317039,3041.90317193051,3078.37956579805,12210961129.7247,3951230.99875376,12210.961129724701
ETH,2022-04-21,3078.37956579805,3183.19321566166,2953.01253668322,2984.36960316184,16949795592.5045,5494247.36200649,16949.7955925045
ETH,2022-04-22,2984.36960316184,3086.9775041203,2943.25276056763,2963.89475654461,10546386868.3255,3532932.02749063,10546.3868683255
ETH,2022-04-23,2963.89475654461,3026.16166447029,2921.69623229225,2934.1815155771,6673474050.14141,2255795.42082075,6673.47405014141
ETH,2022-04-24,2934.1815155771,2964.61304590262,2916.55438763064,2922.77509612268,6660401471.48835,2263981.88569051,6660.40147148835
ETH,2022-04-25,2922.77509612268,3033.12723545504,2802.73440060302,3009.38132102834,13648435664.088,4701192.15000554,13648.435664088
ETH,2022-04-26,3009.38132102834,3040.79834044262,2775.18401374297,2811.57607520529,12508010932.2046,4282286.86143597,12508.0109322046
ETH,2022-04-27,2811.57607520529,2917.40035010144,2795.04735508914,2889.29079596946,9610607936.58303,3354965.37249156,9610.60793658303
ETH,2022-04-28,2889.29079596946,2986.46780098739,2858.06725033537,2938.91112143637,9416669618.75926,3229333.16975713,9416.66961875926
ETH,2022-04-29,2938.91112143637,2975.06108398994,2780.42117482905,2817.56527854832,10227378536.7161,3573029.20906395,10227.3785367161
ETH,2022-04-30,2817.56527854832,2854.35194794846,2723.86808349853,2730.36280671551,7225863552.93549,2576151.69960733,7225.86355293549
ETH,2022-05-01,2730.36280671551,2846.94983101259,2723.37044140926,2826.10882450167,7413516709.16483,2664180.81515108,7413.51670916483
ETH,2022-05-02,2826.10882450167,2884.06099787425,2783.08460343909,2857.13469150926,9379388530.41469,3313209.95497159,9379.38853041469
ETH,2022-05-03,2857.13469150926,2867.57255251629,2758.42486152422,2782.11058341657,7288216928.18472,2584420.49403276,7288.21692818472
ETH,2022-05-04,2782.11058341657,2966.27724730924,2777.92144708697,2940.9915947405,9557374962.50636,3331761.47182179,9557.37496250636
ETH,2022-05-05,2940.9915947405,2983.72027253501,2698.43274546703,2749.6240873657,11261680634.9038,4007558.5340701,11261.6806349038
ETH,2022-05-06,2749.6240873657,2797.4477960547,2641.01385818891,2692.69829786113,10510610470.8533,3891428.69825112,10510.6104708533
ETH,2022-05-07,2692.69829786113,2765.54083047004,2595.73076539316,2636.80964193176,6511270410.71477,2440720.8528231,6511.27041071477
ETH,2022-05-08,2636.80964193176,2640.67991580457,2492.03177138075,2520.99936314721,10469673821.174,4107725.17437805,10469.673821174
ETH,2022-05-09,2520.99936314721,2529.16859708404,2231.37930998851,2232.34935819433,18766553022.767,7917559.04858718,18766.553022767
ETH,2022-05-10,2232.34935819433,2454.44836476434,2203.9566353816,2342.24561355849,19924102032.1158,8457577.90077062,19924.1020321158
ETH,2022-05-11,2342.24561355849,2447.24782908522,2007.91279034963,2074.15893694733,24196348276.9022,10678873.8430341,24196.348276902198
ETH,2022-05-12,2074.15893694733,2178.57199223414,1721.1654870477,1952.46320471093,20604130116.4119,10671592.6834184,20604.1301164119
ETH,2022-05-13,1952.46320471093,2144.59569419587,1939.46743296418,2008.60097074082,12186939932.4627,5874443.04748567,12186.9399324627
ETH,2022-05-14,2008.60097074082,2066.61639904153,1951.45085330313,2055.59322621731,7142967005.12777,3544327.22037732,7142.967005127771
ETH,2022-05-15,2055.59322621731,2156.52885228377,2002.31528624159,2145.5812146854,6116364622.06123,2952819.56753636,6116.36462206123
ETH,2022-05-16,2145.5812146854,2145.5812146854,1982.28767655739,2020.23643340158,8664569928.92367,4257929.90905273,8664.569928923669
ETH,2022-05-17,2020.23643340158,2117.71794292733,2010.2659818027,2089.63572208007,7406728994.79543,3582383.4887102,7406.7289947954305
ETH,2022-05-18,2089.63572208007,2105.23502197036,1908.86660136332,1910.75086283608,8061928442.13443,4035385.78348247,8061.92844213443
ETH,2022-05-19,1910.75086283608,2037.0080982236,1903.92902152219,2017.79680873579,9085873540.722,4608627.83012171,9085.873540722
ETH,2022-05-20,2017.79680873579,2059.66934522593,1923.25207303484,1958.10413664629,8036231321.36691,4029244.08509944,8036.23132136691
ETH,2022-05-21,1958.10413664629,1987.27513983663,1938.95936514789,1973.93778695339,4243337454.91531,2154761.61966239,4243.3374549153095
ETH,2022-05-22,1973.93778695339,2052.4881003236,1965.3452240869,2041.01395443708,5552892872.01939,2766895.50901749,5552.89287201939
ETH,2022-05-23,2041.01395443708,2085.44077429757,1958.99824397914,1971.72206790631,8444406348.43071,4143128.34866412,8444.40634843071
ETH,2022-05-24,1971.72206790631,1991.78428863823,1914.77700931555,1977.31538942759,5970621903.32417,3040727.93890559,5970.6219033241705
ETH,2022-05-25,1977.31538942759,2017.18007145834,1938.91479900557,1941.90393507602,6566131356.62978,3331543.24304008,6566.1313566297795
ETH,2022-05-26,1941.90393507602,1964.06414518564,1747.122564495,1791.42678413094,11631942846.0448,6284645.13481429,11631.9428460448
ETH,2022-05-27,1791.42678413094,1822.47745855804,1712.12111417594,1724.06783955872,12549382589.5383,7122191.45201172,12549.3825895383
ETH,2022-05-28,1724.06783955872,1818.59349482491,1723.13598697921,1791.87578694186,5930007973.79069,3349466.08573292,5930.007973790691
ETH,2022-05-29,1791.87578694186,1872.98554464222,1764.41332569666,1812.60806544051,4898979121.10259,2728131.81050185,4898.9791211025895
ETH,2022-05-30,1812.60806544051,2008.50783709582,1803.95171404639,1997.67374144968,8916508564.39681,4662673.83002827,8916.50856439681
ETH,2022-05-31,1997.67374144968,2009.0104406316,1928.25559100128,1938.94928904139,9069274286.19457,4610934.27688068,9069.27428619457
ETH,2022-06-01,1938.94928904139,1968.14389957987,1771.08878088382,1817.46850124072,10549168469.2905,5598723.90154901,10549.1684692905
ETH,2022-06-02,1817.46850124072,1850.00248828296,1785.40745802592,1833.58177730893,8790666612.01405,4831547.42370359,8790.666612014049
ETH,2022-06-03,1833.58177730893,1843.00430795631,1741.3645941809,1774.47602010832,7968058336.29533,4475153.13915676,7968.05833629533
ETH,2022-06-04,1774.47602010832,1816.97476559148,1748.62201399771,1803.70930371932,4582107866.33343,2583890.69159234,4582.10786633343
ETH,2022-06-05,1803.70930371932,1827.97005958747,1774.10084078801,1805.21625283291,4725061508.44096,2623502.6739542,4725.06150844096
ETH,2022-06-06,1805.21625283291,1930.70498517584,1803.09420982393,1858.993515536,9501258824.25861,5063424.6162571,9501.25882425861
ETH,2022-06-07,1858.993515536,1869.8217158799,1727.69869602887,1812.96566417888,12936113678.9951,7263319.07626429,12936.1136789951
ETH,2022-06-08,1812.96566417888,1832.81962315851,1765.93135607464,1791.87113831538,10248716717.3849,5686082.79081758,10248.7167173849
ETH,2022-06-09,1791.87113831538,1828.61282126694,1776.34773602517,1787.23123263745,6879937175.81778,3829165.56659841,6879.9371758177795
ETH,2022-06-10,1787.23123263745,1814.74352157622,1656.38587931727,1661.58795152228,9836354477.95813,5692502.79946793,9836.35447795813
ETH,2022-06-11,1661.58795152228,1680.92255683764,1503.36494245028,1530.52053263287,11519280808.2214,7311264.56714585,11519.2808082214
ETH,2022-06-12,1530.52053263287,1539.79344158814,1429.16960933947,1434.84647254702,12591030693.1664,8521356.86286409,12591.030693166402
ETH,2022-06-13,1434.84647254702,1451.28273965289,1171.3406492099,1206.93931755698,21165066610.2505,16665331.3547756,21165.0666102505
ETH,2022-06-14,1206.93931755698,1257.86056963732,1079.31779841879,1208.37650045964,16810154355.835,14145372.5501777,16810.154355835
ETH,2022-06-15,1208.37650045964,1242.87849975069,1016.2947147827,1237.24964160391,17429013368.6091,15499757.760852,17429.0133686091
ETH,2022-06-16,1237.24964160391,1254.30948232364,1052.67602475076,1067.42042348046,9163687895.26258,8039466.73239721,9163.687895262581
ETH,2022-06-17,1067.42042348046,1114.55925201296,1051.05677715115,1085.69252885808,6913438943.02335,6359038.44236296,6913.43894302335
ETH,2022-06-18,1085.69252885808,1095.88102341835,887.199228225083,995.505342465089,9994913015.32577,10180390.3821695,9994.91301532577
ETH,2022-06-19,995.505342465089,1150.52966989536,937.75169835287,1127.26902148513,9778944239.90962,9457627.06522277,9778.94423990962
ETH,2022-06-20,1127.26902148513,1163.63850886467,1055.02231838411,1127.4780845527,9694518854.98042,8752107.86716679,9694.518854980419
ETH,2022-06-21,1127.4780845527,1188.3283685712,1110.45817767747,1124.99486278815,7821718613.98496,6820296.40645287,7821.71861398496
ETH,2022-06-22,1124.99486278815,1124.99486278815,1044.68884401498,1048.41305918601,7749610095.51334,7135717.52403145,7749.61009551334
ETH,2022-06-23,1048.41305918601,1150.62254793457,1047.76438452559,1143.33680785522,7836320096.7742,7089986.92170772,7836.3200967742005
ETH,2022-06-24,1143.33680785522,1242.80234608279,1132.39767083448,1224.10911473073,8906962917.03138,7497219.6464092,8906.96291703138
ETH,2022-06-25,1224.10911473073,1277.94340815544,1180.8781232786,1241.69050711336,6604412715.9865,5433698.68334798,6604.4127159865
ETH,2022-06-26,1241.69050711336,1276.30732187169,1196.32260153624,1197.71728399103,6407359669.36349,5186016.64628848,6407.35966936349
ETH,2022-06-27,1197.71728399103,1264.79831392307,1175.86621778895,1190.51897549876,6556521047.85254,5432687.66364258,6556.52104785254
ETH,2022-06-28,1190.51897549876,1232.77766714641,1137.04738056784,1143.01117544664,7806479416.7753,6568156.19167322,7806.4794167753
ETH,2022-06-29,1143.01117544664,1153.42071908784,1087.55783589329,1099.08380269888,8407824177.35772,7514721.59163959,8407.824177357721
ETH,2022-06-30,1099.08380269888,1104.61121918167,1001.36405487949,1070.04302323577,8521750362.95225,8173524.43936094,8521.750362952249
ETH,2022-07-01,1070.04302323577,1107.56799028258,1034.77267274563,1057.56076649865,9154745447.10224,8587507.16498813,9154.74544710224
ETH,2022-07-02,1057.56076649865,1076.3991858083,1029.15641833791,1065.7078479614,4994817265.95878,4745659.1841366,4994.81726595878
ETH,2022-07-03,1065.7078479614,1085.60651104677,1042.20387060008,1073.53307518939,4248384119.66313,3998313.62675521,4248.38411966313
ETH,2022-07-04,1073.53307518939,1155.83173105895,1045.60860655038,1149.52124141705,6802079334.8697,6200912.02985302,6802.079334869701
ETH,2022-07-05,1149.52124141705,1167.76671517931,1079.24533132162,1133.04449210668,8294225944.11112,7353608.04407674,8294.22594411112
ETH,2022-07-06,1133.04449210668,1201.09769327952,1111.11562179234,1185.58542512352,7620393200.15474,6665792.04967225,7620.39320015474
ETH,2022-07-07,1185.58542512352,1251.97710813392,1162.75362958166,1237.97284578982,7192119099.25289,5970476.09938235,7192.11909925289
ETH,2022-07-08,1237.97284578982,1269.31644348387,1195.14386293872,1214.36337801786,8001475208.09426,6493513.89166241,8001.47520809426
ETH,2022-07-09,1214.36337801786,1231.16547266036,1205.258524914,1216.59743833731,4363886907.74716,3583848.41693712,4363.88690774716
ETH,2022-07-10,1216.59743833731,1218.41527446229,1155.48990753943,1166.72420275848,5450010729.78742,4616034.96676261,5450.01072978742
ETH,2022-07-11,1166.72420275848,1168.91127766611,1093.02566236103,1095.89369446035,6096609200.03415,5352610.57249732,6096.6092000341505
ETH,2022-07-12,1095.89369446035,1096.62719902121,1035.12050826252,1036.87994127912,6224220672.56556,5825417.2610209,6224.220672565561
ETH,2022-07-13,1036.87994127912,1116.19269777648,1013.13011469825,1114.74788302085,8697291284.05776,8205886.69130359,8697.291284057761
ETH,2022-07-14,1114.74788302085,1208.73361232643,1073.64301208246,1193.12087252001,7781068458.5656,6892921.36727313,7781.068458565601
ETH,2022-07-15,1193.12087252001,1281.50747862532,1182.66973937552,1231.10170574487,8706021304.5048,7119241.75482697,8706.0213045048
ETH,2022-07-16,1231.10170574487,1391.95144559951,1193.38304499626,1356.79540242497,8408800671.7069,6544181.57081453,8408.8006717069
ETH,2022-07-17,1356.79540242497,1381.80682645655,1325.04612507369,1337.94437218872,7707176111.64353,5691810.34531519,7707.17611164353
ETH,2022-07-18,1337.94437218872,1590.24113965715,1337.6226400765,1584.82374292134,13039849364.2666,8893531.33127126,13039.8493642666
ETH,2022-07-19,1584.82374292134,1617.03853516057,1497.47281643208,1543.49730720662,13638704776.0483,8821802.97677585,13638.7047760483
ETH,2022-07-20,1543.49730720662,1616.65396672527,1492.3005613348,1521.13124472431,11155451140.502,7137048.39992254,11155.451140502
ETH,2022-07-21,1521.13124472431,1602.33318681998,1469.04768337755,1575.18571870878,9600749302.83827,6302819.873716,9600.74930283827
ETH,2022-07-22,1575.18571870878,1653.51500864126,1519.8953416284,1536.48606846394,9460417794.66198,5947190.12858497,9460.41779466198
ETH,2022-07-23,1536.48606846394,1598.43082155214,1492.82929393684,1549.91462964678,7145682406.51364,4635811.27053848,7145.682406513641
ETH,2022-07-24,1549.91462964678,1659.91506642628,1548.84995824894,1597.91518024243,8276928654.58634,5174594.02602731,8276.92865458634
ETH,2022-07-25,1597.91518024243,1608.832713738,1440.31285431734,1440.31285431734,10615455869.7294,6989893.71179574,10615.455869729401
ETH,2022-07-26,1440.31285431734,1452.0603064397,1359.88990472793,1452.0603064397,8842944404.00259,6298738.56202549,8842.94440400259
ETH,2022-07-27,1452.0603064397,1659.01246580783,1423.13483984439,1637.08063842888,10720891941.5631,7070397.88247439,10720.8919415631
ETH,2022-07-28,1637.08063842888,1780.04295809969,1601.69504293259,1725.99221318442,12991480208.0266,7755425.94559432,12991.4802080266
ETH,2022-07-29,1725.99221318442,1764.90892402563,1659.44865326496,1723.33032562603,11070099689.0975,6463833.87836333,11070.0996890975
ETH,2022-07-30,1723.33032562603,1742.89560315789,1678.08820223738,1697.09478847195,7327888506.19128,4280419.50871928,7327.888506191281
ETH,2022-07-31,1697.09478847195,1750.62020840669,1669.65236922789,1680.36418533114,7415305448.26147,4354060.21741534,7415.30544826147
ETH,2022-08-01,1680.36418533114,1703.71884881409,1609.4539751949,1632.17897055989,10268023705.1499,6199489.53603532,10268.0237051499
ETH,2022-08-02,1632.17897055989,1675.44906305069,1562.78321411699,1631.79620872062,9522181010.79527,5898601.20396159,9522.181010795272
ETH,2022-08-03,1631.79620872062,1682.26884214515,1594.1065702737,1619.46291353605,8234356225.00899,5009434.17144721,8234.35622500899
ETH,2022-08-04,1619.46291353605,1662.7352167239,1583.36724149541,1607.6049611463,7946251721.45053,4902277.08071571,7946.25172145053
ETH,2022-08-05,1607.6049611463,1740.13954447289,1605.95309524367,1736.11244403815,14428525664.5785,8602291.78838764,14428.525664578501
ETH,2022-08-06,1736.11244403815,1748.77843351938,1689.44924455043,1690.82284299297,7013552114.99182,4082844.3099311,7013.55211499182
ETH,2022-08-07,1690.82284299297,1728.88981852217,1670.67802337975,1701.17939559363,5375017695.88456,3168948.40260086,5375.0176958845595
ETH,2022-08-08,1701.17939559363,1813.00723356056,1696.18463223349,1779.30664134831,8417193529.69832,4769765.86282831,8417.193529698321
ETH,2022-08-09,1779.30664134831,1790.09283163129,1672.73963234665,1703.45332450408,11823062180.2336,6906396.53837366,11823.0621802336
ETH,2022-08-10,1703.45332450408,1881.54920624414,1662.58451457856,1854.58420437413,11153792332.9422,6272894.67751002,11153.7923329422
ETH,2022-08-11,1854.58420437413,1932.80873687259,1852.56861530786,1881.72083097894,11676365572.192,6161873.07343717,11676.365572191999
ETH,2022-08-12,1881.72083097894,1962.38649246266,1859.44879784955,1960.01600960462,8139439182.63033,4283318.04585179,8139.43918263033
ETH,2022-08-13,1960.01600960462,2019.48669188707,1948.97574524065,1984.89749941792,8000363819.22257,4025659.4161986,8000.363819222571
ETH,2022-08-14,1984.89749941792,2038.50545110222,1911.47839548673,1937.14330889104,7008648282.50762,3550650.03073458,7008.64828250762
ETH,2022-08-15,1937.14330889104,2009.91594646129,1876.84881544623,1900.45406174196,9500224293.13785,4943361.00736672,9500.22429313785
ETH,2022-08-16,1900.45406174196,1919.64624829494,1858.38676350954,1878.35242105765,7238809811.14437,3840295.04981511,7238.80981114437
ETH,2022-08-17,1878.35242105765,1959.86637179286,1822.49286825093,1835.41541108736,10003206249.9698,5344027.68416466,10003.2062499698
ETH,2022-08-18,1835.41541108736,1882.73076172333,1823.34960924111,1848.08491767097,7503951350.41922,4038250.15455675,7503.95135041922
ETH,2022-08-19,1848.08491767097,1848.08491767097,1609.03073520533,1611.29811675933,13924906614.4606,8071076.65563156,13924.9066144606
ETH,2022-08-20,1611.29811675933,1656.16140606145,1530.61859022427,1577.05879659828,10478249062.566,6501610.07340935,10478.249062566
ETH,2022-08-21,1577.05879659828,1659.46461392286,1566.12926457991,1619.03814754897,9069778086.50817,5636283.52357401,9069.77808650817
ETH,2022-08-22,1619.03814754897,1626.61534003172,1532.61038814839,1626.32697104041,10387756285.4004,6586680.51554247,10387.7562854004
ETH,2022-08-23,1626.32697104041,1670.60828296144,1567.30311002319,1664.86524344859,10218918672.9085,6282408.9828809,10218.918672908501
ETH,2022-08-24,1664.86524344859,1690.1708074547,1607.39907029566,1656.97128273415,9079641441.98316,5502156.00400906,9079.64144198316
ETH,2022-08-25,1656.97128273415,1721.20246750719,1656.97128273415,1696.13176860968,8081248713.2746,4761528.64677475,8081.2487132746
ETH,2022-08-26,1696.13176860968,1701.25628232322,1492.83835028998,1509.62180497181,16357242928.3868,10083456.8654855,16357.2429283868
ETH,2022-08-27,1509.62180497181,1518.89873653416,1451.30545266941,1491.62105917637,11518137809.4113,7721985.63700533,11518.1378094113
ETH,2022-08-28,1491.62105917637,1507.51540261655,1426.76458329109,1426.76458329109,7521281896.8449,5076032.69430293,7521.2818968449
ETH,2022-08-29,1426.76458329109,1559.2160167181,1426.76458329109,1553.506909007,9606231148.84096,6439398.72298832,9606.23114884096
ETH,2022-08-30,1553.506909007,1603.05853552233,1477.92140932905,1524.56633775942,12578178435.2702,8122444.12296307,12578.178435270202
ETH,2022-08-31,1524.56633775942,1615.85806375192,1524.56633775942,1555.0754504685,12468169740.385,7905264.52482095,12468.169740385
ETH,2022-09-01,1555.0754504685,1596.05810213973,1517.06509169192,1586.1170451688,10027318488.3439,6445674.80460707,10027.3184883439
ETH,2022-09-02,1586.1170451688,1645.24669072161,1549.31038829309,1576.64186537563,10821312017.9098,6769680.54139613,10821.312017909799
ETH,2022-09-03,1576.64186537563,1581.59922265466,1537.0688859027,1558.09382197787,6100285070.84593,3917287.63292854,6100.28507084593
ETH,2022-09-04,1558.09382197787,1579.67117368492,1541.4758096696,1578.65884989793,5753726096.51455,3688113.73603636,5753.726096514551
ETH,2022-09-05,1578.65884989793,1625.88087140017,1559.13347882294,1616.95193645286,7749352009.15253,4894535.74375572,7749.35200915253
ETH,2022-09-06,1616.95193645286,1684.08949573112,1558.26961526598,1558.26961526598,13095735598.6186,8020911.23058202,13095.735598618601
ETH,2022-09-07,1558.26961526598,1654.7411407723,1495.38363219729,1630.05927246533,11346365189.5062,7295377.29203286,11346.365189506201
ETH,2022-09-08,1630.05927246533,1659.68656042033,1599.08976083913,1634.74537002397,10837920377.6567,6651105.68060643,10837.920377656701
ETH,2022-09-09,1634.74537002397,1741.57515390375,1633.33575339787,1729.41520770899,11992234835.4185,7041333.88298013,11992.234835418501
ETH,2022-09-10,1729.41520770899,1786.59369001565,1708.26480847583,1774.78038832755,9976636145.32082,5753473.33216837,9976.63614532082
ETH,2022-09-11,1774.78038832755,1785.87585931104,1726.15557634674,1764.82839818144,9792384667.76762,5555147.99927446,9792.38466776762
ETH,2022-09-12,1764.82839818144,1781.54255287512,1695.71201128988,1716.84266678361,12528046933.8467,7221374.06464369,12528.046933846701
ETH,2022-09-13,1716.84266678361,1744.2082826865,1564.00986759236,1574.83180514523,14969972939.5681,9050884.50996629,14969.9729395681
ETH,2022-09-14,1574.83180514523,1647.66298569621,1557.5737177433,1637.89810087238,9593223659.60544,5995588.88801771,9593.22365960544
ETH,2022-09-15,1637.89810087238,1655.10150707815,1462.7803146809,1473.47487478563,15236871369.4543,9733515.54880256,15236.8713694543
ETH,2022-09-16,1473.47487478563,1483.10376662046,1411.80219196133,1434.41341485867,10196344734.8756,7019800.50717816,10196.344734875602
ETH,2022-09-17,1434.41341485867,1475.16876564394,1411.53780725645,1469.88301076981,6636809276.24486,4593184.9713739,6636.80927624486
ETH,2022-09-18,1469.88301076981,1469.88301076981,1328.80609935546,1335.52901403625,9576732795.6938,6847682.06717621,9576.7327956938
ETH,2022-09-19,1335.52901403625,1391.40706928278,1285.42373949717,1376.63456236247,10915559366.5085,8207320.99677804,10915.5593665085
ETH,2022-09-20,1376.63456236247,1383.26321654798,1315.40446965598,1323.49164403246,8730076549.39643,6457343.199572,8730.076549396428
ETH,2022-09-21,1323.49164403246,1386.35880264911,1226.91237743894,1249.11196000632,10912999534.8768,8225624.69333989,10912.9995348768
ETH,2022-09-22,1249.11196000632,1343.02900178667,1240.48455130577,1326.9924215606,10203802308.892,7920816.55932258,10203.802308892
ETH,2022-09-23,1326.9924215606,1355.00701536338,1265.30757652719,1327.94527051261,10453945357.1815,7980130.99156449,10453.9453571815
ETH,2022-09-24,1327.94527051261,1348.25943210186,1308.72196372345,1317.321559438,7203853999.89805,5419825.50364088,7203.8539998980505
ETH,2022-09-25,1317.321559438,1335.202563575,1273.04011331807,1294.08611831414,6624736544.45037,5052762.99310628,6624.73654445037
ETH,2022-09-26,1294.08611831414,1339.49779646105,1280.92042809428,1337.03058706747,8093072016.7569,6166894.36081373,8093.0720167569
ETH,2022-09-27,1337.03058706747,1398.61103217291,1305.72367404987,1328.86982558434,9042165703.02278,6650358.15488118,9042.16570302278
ETH,2022-09-28,1328.86982558434,1354.25943476158,1266.38423615964,1337.62162778462,8543707139.68898,6530433.09567672,8543.70713968898
ETH,2022-09-29,1337.62162778462,1352.27097540976,1291.70460322458,1336.12047514839,6691913737.3542,5034765.10851394,6691.913737354201
ETH,2022-09-30,1336.12047514839,1370.57836799159,1317.72642968304,1328.80709570322,7231511988.48618,5404242.46644404,7231.511988486181
ETH,2022-10-01,1328.80709570322,1333.6300682841,1304.28515645232,1311.62909541221,3659517730.12957,2769665.96819063,3659.51773012957
ETH,2022-10-02,1311.62909541221,1317.33019783328,1273.33375217099,1276.35231370277,4520818320.39792,3480224.158839,4520.81832039792
ETH,2022-10-03,1276.35231370277,1328.98490988929,1267.73399340465,1323.22101579739,6020290859.43893,4612063.65344643,6020.290859438929
ETH,2022-10-04,1323.22101579739,1367.68173935063,1320.87225188845,1362.11949461836,5920690174.74514,4391639.61363816,5920.69017474514
ETH,2022-10-05,1362.11949461836,1363.38006966156,1318.43756519785,1352.58564944061,5394354657.01017,4010691.2723359,5394.35465701017
ETH,2022-10-06,1352.58564944061,1381.75457292506,1347.7446293446,1351.69451342774,6919583461.47196,5072517.59643052,6919.58346147196
ETH,2022-10-07,1351.69451342774,1360.10999913132,1319.73988520655,1331.17019632463,5955703526.65042,4442991.15525885,5955.70352665042
ETH,2022-10-08,1331.17019632463,1336.9125181534,1305.50706818328,1315.34440529943,3562537130.16369,2687493.26415994,3562.53713016369
ETH,2022-10-09,1315.34440529943,1328.99487828123,1307.80588405569,1323.02946560546,3338618226.92571,2531239.55863056,3338.61822692571
ETH,2022-10-10,1323.02946560546,1336.91684054626,1290.03054184952,1290.17097756895,5248011754.44749,4003095.01531108,5248.01175444749
ETH,2022-10-11,1290.17097756895,1296.64767618121,1270.04012365338,1279.74602486405,5862501292.27074,4573507.27236725,5862.501292270739
ETH,2022-10-12,1279.74602486405,1305.40280895813,1276.22662578696,1294.57330097964,5068470969.90802,3914565.94136124,5068.47096990802
ETH,2022-10-13,1294.57330097964,1317.8601737113,1199.24409388296,1287.57906515269,9650172617.79391,7700387.39465233,9650.172617793909
ETH,2022-10-14,1287.57906515269,1341.06281125785,1283.83537693804,1296.71933621132,7121370839.2431,5403751.14372081,7121.3708392431
ETH,2022-10-15,1296.71933621132,1301.9135546091,1266.05994703407,1274.8824777684,3778615412.14927,2937337.914963,3778.61541214927
ETH,2022-10-16,1274.8824777684,1317.13333975968,1274.8824777684,1305.78077344524,4280951633.34377,3311182.16945209,4280.9516333437705
ETH,2022-10-17,1305.78077344524,1338.07893922249,1293.92487879298,1331.46068422747,4953821573.72816,3754892.13617345,4953.82157372816
ETH,2022-10-18,1331.46068422747,1340.30792723759,1289.84499456606,1310.73547631667,5582546194.64339,4230000.13296162,5582.54619464339
ETH,2022-10-19,1310.73547631667,1312.1108399263,1282.29840519028,1285.35465200192,4542702652.92454,3499475.89115504,4542.7026529245395
ETH,2022-10-20,1285.35465200192,1309.10948830343,1273.46511935501,1283.10529679055,4627114746.78159,3588980.15211056,4627.114746781591
ETH,2022-10-21,1283.10529679055,1306.04888399039,1259.67528333331,1300.20222393958,4768553172.70514,3706990.20092458,4768.55317270514
ETH,2022-10-22,1300.20222393958,1318.49858080007,1295.00130304777,1313.9807905781,3064044483.31636,2343666.028532,3064.04448331636
ETH,2022-10-23,1313.9807905781,1369.33983859572,1301.25965009657,1364.22800296061,4183093259.94223,3150524.20002975,4183.09325994223
ETH,2022-10-24,1364.22800296061,1368.92221168891,1325.83144166532,1344.04043852014,5945524644.26415,4421189.01219575,5945.52464426415
ETH,2022-10-25,1344.04043852014,1515.16197350123,1336.2331499907,1459.91422184242,13501859203.5757,9418162.13278176,13501.859203575701
ETH,2022-10-26,1459.91422184242,1589.67333051131,1459.91422184242,1566.4454928212,14681597137.2329,9555231.65727027,14681.5971372329
ETH,2022-10-27,1566.4454928212,1575.84786614494,1508.85799765456,1513.8169772546,10665711682.4587,6889572.28063144,10665.711682458701
ETH,2022-10-28,1513.8169772546,1571.4369871949,1490.11005938171,1554.60696175404,8816251995.82917,5777285.62673946,8816.25199582917
ETH,2022-10-29,1554.60696175404,1659.67131463592,1548.65446284093,1619.45112328814,9349452122.53181,5789303.86709922,9349.452122531811
ETH,2022-10-30,1619.45112328814,1638.12688354079,1577.84637749694,1590.35248813269,5431828026.73795,3391280.27018083,5431.8280267379505
ETH,2022-10-31,1590.35248813269,1633.1689998786,1550.8823264687,1572.734957435,9215798101.96816,5824292.30447522,9215.798101968161
ETH,2022-11-01,1572.734957435,1607.75614629932,1564.3406653255,1579.29645154213,10894824599.9482,6879349.62455092,10894.8245999482
ETH,2022-11-02,1579.29645154213,1612.86145501346,1504.36781782827,1518.58597787998,17202792932.9696,11023974.0463639,17202.7929329696
ETH,2022-11-03,1518.58597787998,1554.97609890313,1513.59351199377,1530.80424086327,12068717752.7019,7833984.65478512,12068.717752701901
ETH,2022-11-04,1530.80424086327,1667.25838473534,1530.80424086327,1644.54183739843,14155674542.3071,8820145.82425884,14155.6745423071
ETH,2022-11-05,1644.54183739843,1663.17622644402,1624.04128155181,1627.17152853434,8001887071.53591,4873608.57500296,8001.88707153591
ETH,2022-11-06,1627.17152853434,1636.41123011411,1568.56540451795,1569.72089973404,8399872865.37284,5203929.16561864,8399.87286537284
ETH,2022-11-07,1569.72089973404,1606.75076429802,1549.19737158241,1567.92972964722,10567100249.079,6687849.90119784,10567.100249079
ETH,2022-11-08,1567.92972964722,1577.96988107477,1245.39539748973,1335.20743704662,26448447723.0591,18504658.537085,26448.4477230591
ETH,2022-11-09,1335.20743704662,1337.73094304547,1083.39464322077,1102.57533569801,27223485594.0736,22502510.2698546,27223.4855940736
ETH,2022-11-10,1102.57533569801,1369.58190604569,1095.64332147688,1301.77373703749,17787927750.4047,14389787.4360967,17787.927750404702
ETH,2022-11-11,1301.77373703749,1324.50325940375,1209.88711859478,1288.85279046423,14741656154.2004,11629888.8956852,14741.6561542004
ETH,2022-11-12,1288.85279046423,1290.46467726628,1240.42528208515,1255.51026365891,8524148452.57586,6742688.19017012,8524.14845257586
ETH,2022-11-13,1255.51026365891,1270.34788484679,1204.19441860427,1221.24028938406,8585419788.09526,6943450.68124042,8585.41978809526
ETH,2022-11-14,1221.24028938406,1286.55058798948,1173.40728543719,1242.41399145752,11701521188.6243,9509133.80501062,11701.5211886243
ETH,2022-11-15,1242.41399145752,1287.30744063916,1234.16965885395,1253.23491874307,10398803542.9065,8254770.01585535,10398.8035429065
ETH,2022-11-16,1253.23491874307,1265.31208716279,1187.40239149086,1216.29883305962,8715280253.14364,7132153.52402154,8715.280253143641
ETH,2022-11-17,1216.29883305962,1226.60623597332,1185.68722904892,1200.16348837597,8566043329.66849,7118100.4134006,8566.04332966849
ETH,2022-11-18,1200.16348837597,1227.86799434454,1199.04326066795,1211.97875601584,7564212725.30907,6235018.4784955,7564.212725309069
ETH,2022-11-19,1211.97875601584,1229.21314779082,1197.17198019138,1217.48477575473,6236167089.27043,5155583.97688698,6236.16708927043
ETH,2022-11-20,1217.48477575473,1224.83393307475,1134.75175497104,1141.78189209775,8515963985.09203,7196773.92862658,8515.96398509203
ETH,2022-11-21,1141.78189209775,1142.4293255064,1080.42682781399,1106.66276659822,12082921587.65,10817789.2942746,12082.92158765
ETH,2022-11-22,1106.66276659822,1139.2872489136,1078.70107174461,1138.21094032912,10459180522.224,9425528.4522412,10459.180522224002
ETH,2022-11-23,1138.21094032912,1188.43596008452,1130.22680525767,1184.61025847349,10167742792.224,8731416.45001973,10167.742792224
ETH,2022-11-24,1184.61025847349,1216.82420653481,1181.17251109329,1202.89225050596,9262814537.13873,7727181.04656565,9262.814537138729
ETH,2022-11-25,1202.89225050596,1204.46766971708,1170.32659811432,1197.55188791923,8218773557.96762,6916920.01302458,8218.77355796762
ETH,2022-11-26,1197.55188791923,1228.59995444504,1196.98665651023,1204.32924142879,7688705903.7338,6329798.15985389,7688.7059037338
ETH,2022-11-27,1204.32924142879,1220.557517413,1191.3581242558,1192.7803389562,6781848815.91892,5594742.34708465,6781.848815918919
ETH,2022-11-28,1192.7803389562,1197.63228089037,1150.62343776952,1167.63878010988,8587472344.7618,7338013.36893386,8587.4723447618
ETH,2022-11-29,1167.63878010988,1224.01020967208,1159.18681362981,1216.33528511704,9392418455.27396,7799760.46553831,9392.41845527396
ETH,2022-11-30,1216.33528511704,1305.1526172195,1216.33528511704,1295.40364991691,11433158934.9335,8966930.07101061,11433.1589349335
ETH,2022-12-01,1295.40364991691,1299.08781100363,1264.66028366229,1276.56598451386,9622448687.39398,7506553.1732485,9622.44868739398
ETH,2022-12-02,1276.56598451386,1296.08285184352,1268.09312717282,1295.43236866171,9097545501.2515,7101637.56142109,9097.5455012515
ETH,2022-12-03,1295.43236866171,1301.55515249166,1238.22843971781,1241.2817986137,8346924019.76631,6560334.04774607,8346.92401976631
ETH,2022-12-04,1241.2817986137,1283.53371681477,1240.97406635314,1280.73152115919,8355112966.84935,6613961.11196586,8355.11296684935
ETH,2022-12-05,1280.73152115919,1301.23192377445,1249.42557678656,1260.02574847715,6533431027.62969,5103680.04834756,6533.43102762969
ETH,2022-12-06,1260.02574847715,1273.42545227478,1244.06788442349,1271.65396941861,4909000920.21989,3904320.10275002,4909.00092021989
ETH,2022-12-07,1271.65396941861,1276.07600795168,1223.13800236145,1231.55356498829,5451851679.84945,4398031.67542732,5451.85167984945
ETH,2022-12-08,1231.55356498829,1289.9315949538,1224.80833845024,1280.53183334283,5613942803.534,4487071.94019818,5613.942803534001
ETH,2022-12-09,1280.53183334283,1292.773031407,1257.42276148073,1263.1522738825,5270656027.70191,4127650.98465859,5270.65602770191
ETH,2022-12-10,1263.1522738825,1281.87186508761,1260.90164209298,1266.73310562882,3543930387.76607,2794065.6178138,3543.93038776607
ETH,2022-12-11,1266.73310562882,1282.71120648248,1258.64857438951,1263.38405329273,3414521953.56772,2685650.81016571,3414.5219535677197
ETH,2022-12-12,1263.38405329273,1277.55458518473,1242.32707158419,1275.49918455474,4639940045.69479,3697013.44691215,4639.94004569479
ETH,2022-12-13,1275.49918455474,1343.25737448927,1258.72352636415,1320.73762944653,7350358849.33891,5640681.57233752,7350.35884933891
ETH,2022-12-14,1320.73762944653,1347.81490547603,1303.56329535505,1307.74723226006,6882242845.42912,5197321.19176228,6882.24284542912
ETH,2022-12-15,1307.74723226006,1308.95389860084,1260.8309842887,1266.52507336354,5460358754.01896,4266254.31414854,5460.35875401896
ETH,2022-12-16,1266.52507336354,1278.52427143915,1158.73060918451,1167.39514982852,8030880336.97766,6615683.65744025,8030.880336977661
ETH,2022-12-17,1167.39514982852,1194.15681616751,1162.8746175277,1187.46731882056,4869605854.03142,4133866.24527535,4869.60585403142
ETH,2022-12-18,1187.46731882056,1195.92643214537,1173.48369305219,1182.88756225792,3504716511.41193,2961175.02198449,3504.7165114119302
ETH,2022-12-19,1182.88756225792,1194.28398408946,1154.03578004668,1167.6677933498,10640657229.3828,9003293.56457109,10640.6572293828
ETH,2022-12-20,1167.6677933498,1227.25231766832,1164.49140335761,1217.58377466093,6251911318.90833,5178095.00211366,6251.91131890833
ETH,2022-12-21,1217.58377466093,1219.45610045293,1205.17460328928,1213.91875790437,4305065984.51147,3551685.17398706,4305.06598451147
ETH,2022-12-22,1213.91875790437,1224.81643577178,1184.67646618192,1217.43222884429,5566107543.28411,4611033.13383983,5566.10754328411
ETH,2022-12-23,1217.43222884429,1228.55137965404,1214.43760086688,1219.65054743326,5476738849.12845,4486902.36690896,5476.73884912845
ETH,2022-12-24,1219.65054743326,1226.99713405499,1215.11454333188,1219.96175465584,3569360275.33999,2927048.83510957,3569.36027533999
ETH,2022-12-25,1219.96175465584,1224.95585921931,1202.18916258924,1218.52101901626,4585678525.66584,3776686.31534833,4585.67852566584
ETH,2022-12-26,1218.52101901626,1228.26140734876,1213.09058400346,1227.77247149122,4255437212.41867,3490880.45611806,4255.43721241867
ETH,2022-12-27,1227.77247149122,1231.22540316142,1204.29030129613,1210.99369693049,4674999810.6094,3844587.95004915,4674.9998106094
ETH,2022-12-28,1210.99369693049,1213.19603258781,1184.15290667017,1189.50869242325,4994015617.33503,4177056.00269755,4994.01561733503
ETH,2022-12-29,1189.50869242325,1223.65301640558,1187.24297443282,1200.89785908051,4245869150.28292,3546959.01632487,4245.86915028292
ETH,2022-12-30,1200.89785908051,1202.88872798407,1185.33444668034,1199.50934119018,4309907270.7517,3608472.51179019,4309.907270751701
ETH,2022-12-31,1199.50934119018,1206.53319650172,1192.16967861311,1195.2077618978,3289893564.83403,2745444.42607582,3289.8935648340303
ETH,2023-01-01,1195.2077618978,1203.71052598504,1191.21142068569,1199.78510883074,3116871347.28789,2604375.12342649,3116.87134728789
ETH,2023-01-02,1199.78510883074,1221.08427859288,1192.95249857572,1213.82295948397,3370424852.06775,2781831.31995156,3370.42485206775
ETH,2023-01-03,1213.82295948397,1218.08346057614,1205.63752721285,1213.91081309639,3532385035.72923,2914550.13392357,3532.38503572923
ETH,2023-01-04,1213.91081309639,1266.19222626768,1213.86120655986,1256.83432323826,6016620244.51659,4817768.50191592,6016.62024451659
ETH,2023-01-05,1256.83432323826,1257.24795842157,1242.3412785962,1250.48251564326,4297195398.09092,3438260.2008244,4297.19539809092
ETH,2023-01-06,1250.48251564326,1275.1577764805,1244.57261058112,1269.03519025843,5052323810.8284,4017891.87412296,5052.3238108283995
ETH,2023-01-07,1269.03519025843,1270.9664975247,1261.36057964132,1264.20642427084,3257253482.03733,2575405.18572445,3257.2534820373303
ETH,2023-01-08,1264.20642427084,1290.07460064252,1259.77782143303,1288.7373613742,3780463322.1919,2979773.79128125,3780.4633221919
ETH,2023-01-09,1288.7373613742,1343.74352185815,1287.46708965178,1321.05462589981,7279996586.23209,5523179.67947168,7279.99658623209
ETH,2023-01-10,1321.05462589981,1345.00343446102,1317.43105755702,1335.67507132973,4952729149.81246,3723185.40089011,4952.72914981246
ETH,2023-01-11,1335.67507132973,1390.92186247299,1322.36901091851,1389.12356194067,5148973988.0621,3831566.49981062,5148.9739880621
ETH,2023-01-12,1389.12356194067,1434.60821322218,1374.52724287442,1416.48428206771,10835346059.5884,7714623.93287047,10835.3460595884
ETH,2023-01-13,1416.48428206771,1467.08389260778,1402.24053092076,1451.05326273246,7876956499.43456,5546835.33145292,7876.95649943456
ETH,2023-01-14,1451.05326273246,1578.85589852702,1450.06911517031,1551.17932312825,14034093451.3359,9124049.06180226,14034.093451335899
ETH,2023-01-15,1551.17932312825,1562.7395603779,1518.90835597744,1552.98246886368,7228028116.27069,4701264.20996172,7228.02811627069
ETH,2023-01-16,1552.98246886368,1597.69815034528,1526.61043727564,1577.1394328664,8560373374.10759,5480201.34854145,8560.37337410759
ETH,2023-01-17,1577.1394328664,1600.51488457349,1549.51206538567,1565.81675771875,8205715104.63868,5216925.52538471,8205.71510463868
ETH,2023-01-18,1565.81675771875,1603.00391262265,1505.09115621829,1512.21055783326,10304487728.6148,6605680.45694696,10304.4877286148
ETH,2023-01-19,1512.21055783326,1561.55446824448,1512.21055783326,1551.99071256535,7046213926.94248,4596522.30992985,7046.21392694248
ETH,2023-01-20,1551.99071256535,1661.62909022035,1543.80165706121,1659.78870314103,8482954150.99491,5356263.39796051,8482.95415099491
ETH,2023-01-21,1659.78870314103,1676.94994510932,1623.78232823668,1626.66309158085,8641058534.18151,5229775.50843179,8641.058534181511
ETH,2023-01-22,1626.66309158085,1661.07478341006,1605.01899254235,1628.15559896997,7059151740.0336,4329395.31815733,7059.1517400336
ETH,2023-01-23,1628.15559896997,1643.9284016915,1602.78281019963,1626.76351428992,7149909074.54409,4391789.976895,7149.90907454409
ETH,2023-01-24,1626.76351428992,1652.38105912982,1544.97924702104,1556.52099939387,7693054380.06041,4773458.95531301,7693.054380060409
ETH,2023-01-25,1556.52099939387,1640.74574746513,1525.45572606473,1611.08622204407,9412842874.01115,6020326.88622785,9412.84287401115
ETH,2023-01-26,1611.08622204407,1630.48641665735,1582.272950309,1602.47257570813,7778182332.04422,4839531.54491796,7778.18233204422
ETH,2023-01-27,1602.47257570813,1619.92281588233,1561.27126272503,1598.2229526254,7474251361.4844,4715423.31123512,7474.2513614844
ETH,2023-01-28,1598.2229526254,1614.72553686994,1560.26655861221,1573.65130584008,5857057301.94992,3701037.04593071,5857.05730194992
ETH,2023-01-29,1573.65130584008,1657.18984517492,1567.7739127538,1646.18217240868,8173853244.39657,5059761.72899912,8173.8532443965705
ETH,2023-01-30,1646.18217240868,1646.27338814906,1542.13568684369,1567.23483743123,8522902860.86285,5353275.53629285,8522.90286086285
ETH,2023-01-31,1567.23483743123,1606.78103446855,1563.10393269541,1585.67191838129,6600943711.92326,4178749.45102147,6600.94371192326
ETH,2023-02-01,1585.67191838129,1648.32920223495,1563.38187336535,1642.03847078018,7755677579.6941,4855790.12007388,7755.6775796941
ETH,2023-02-02,1642.03847078018,1709.90557351525,1635.61525908013,1642.06301726916,9801696570.45077,5864101.27325773,9801.69657045077
ETH,2023-02-03,1642.06301726916,1672.07301838375,1628.60358676767,1663.10768865446,7502753841.50737,4553625.84009121,7502.7538415073695
ETH,2023-02-04,1663.10768865446,1693.65032566682,1646.88437588145,1666.02956807333,5875233969.52826,3520831.9292721,5875.23396952826
ETH,2023-02-05,1666.02956807333,1672.26390609078,1613.02242652518,1629.85818138238,6629970933.82899,4025179.41526145,6629.97093382899
ETH,2023-02-06,1629.85818138238,1656.23998033271,1607.70839383548,1614.44108870638,6713662314.12636,4114228.87127223,6713.66231412636
ETH,2023-02-07,1614.44108870638,1675.97085411885,1614.44108870638,1671.21893196789,7328580956.94056,4457448.57179178,7328.58095694056
ETH,2023-02-08,1671.21893196789,1692.14081726766,1632.94163971006,1650.75697064248,7883918081.69535,4741229.31738614,7883.918081695349
ETH,2023-02-09,1650.75697064248,1656.10476993993,1529.32827048626,1545.71186785754,10927497366.2398,6796717.44089691,10927.497366239799
ETH,2023-02-10,1545.71186785754,1553.38017012605,1498.96653402472,1513.94476344473,9237991718.25064,6022245.13728551,9237.991718250641
ETH,2023-02-11,1513.94476344473,1541.68577923283,1508.82892330629,1538.3587125544,6275926602.26154,4126176.52360079,6275.92660226154
ETH,2023-02-12,1538.3587125544,1546.05811861443,1496.40448219678,1515.59957635801,6404337908.796,4185499.22525345,6404.337908795999
ETH,2023-02-13,1515.59957635801,1527.18703415284,1465.58232671269,1506.49653865485,10105719225.0001,6756182.18408495,10105.719225000099
ETH,2023-02-14,1506.49653865485,1564.42182770437,1495.43743763748,1556.27336437103,9589701043.49126,6285277.11771138,9589.70104349126
ETH,2023-02-15,1556.27336437103,1676.11693069844,1541.46862114334,1675.05851158277,10158846030.4486,6375700.40466477,10158.846030448602
ETH,2023-02-16,1675.05851158277,1739.00630040822,1634.83723662951,1638.03345384735,12827614253.3376,7595755.96941146,12827.6142533376
ETH,2023-02-17,1638.03345384735,1719.2153015854,1632.36365061134,1693.99128433234,10612546145.6332,6338145.05725934,10612.5461456332
ETH,2023-02-18,1693.99128433234,1708.09152925568,1681.45835221954,1692.03532307715,6991330693.56427,4126805.07105561,6991.33069356427
ETH,2023-02-19,1692.03532307715,1720.5594420424,1670.2599856905,1680.62059217294,8136336215.10978,4802021.52822958,8136.33621510978
ETH,2023-02-20,1680.62059217294,1740.02111660992,1654.66173631489,1702.86640557423,9027138188.91266,5321871.59000042,9027.13818891266
ETH,2023-02-21,1702.86640557423,1716.37827623595,1639.13070808565,1659.1167765664,10646097474.6461,6341087.15079402,10646.0974746461
ETH,2023-02-22,1659.1167765664,1664.06574955081,1598.64635411736,1643.1673808131,11120089763.0399,6817768.35090879,11120.0897630399
ETH,2023-02-23,1643.1673808131,1676.79119973512,1629.4634884668,1650.52847923516,11911903334.7487,7199097.00544716,11911.903334748698
ETH,2023-02-24,1650.52847923516,1659.63175510173,1577.21655117997,1608.26539790485,10757441347.7484,6621243.47012215,10757.4413477484
ETH,2023-02-25,1608.26539790485,1608.51632096129,1563.05058058912,1594.29407722037,7683521272.36572,4820647.11585281,7683.52127236572
ETH,2023-02-26,1594.29407722037,1648.51745721473,1588.21557383349,1641.40447997946,7703225888.37817,4778062.30425184,7703.22588837817
ETH,2023-02-27,1641.40447997946,1664.9552504248,1610.12461133634,1634.22696631278,9203351629.76559,5616148.95781173,9203.351629765591
ETH,2023-02-28,1634.22696631278,1644.77500491913,1597.44270691323,1604.32367175042,8286914378.07882,5092875.19173998,8286.91437807882
ETH,2023-03-01,1604.32367175042,1666.78100453258,1599.39896794425,1666.62461022426,9702256917.41624,5892059.01768076,9702.25691741624
ETH,2023-03-02,1666.62461022426,1675.84494510206,1621.30608384381,1648.00562747217,9075263663.78398,5528564.15550256,9075.263663783979
ETH,2023-03-03,1648.00562747217,1651.59106777789,1549.76892195871,1569.70572540613,10334017443.3045,6573681.56400399,10334.017443304501
ETH,2023-03-04,1569.70572540613,1576.16278233772,1551.07322939343,1567.19291312155,6184599650.27547,3947967.98515496,6184.59965027547
ETH,2023-03-05,1567.19291312155,1585.24940455797,1556.69910878872,1564.47440318405,6775848778.48522,4318898.50385439,6775.84877848522
ETH,2023-03-06,1564.47440318405,1580.66813808138,1555.96826535488,1566.202709154,7131901609.36498,4551837.42027533,7131.90160936498
ETH,2023-03-07,1566.202709154,1576.51724864632,1537.12502207298,1561.75307955957,8275993728.90858,5309847.63750551,8275.99372890858
ETH,2023-03-08,1561.75307955957,1569.57237102279,1532.72131916408,1533.02146716742,6159372734.56424,3960499.23113171,6159.37273456424
ETH,2023-03-09,1533.02146716742,1545.09450743859,1419.2645870719,1438.22147192312,6609084509.05203,4413994.78598976,6609.08450905203
ETH,2023-03-10,1438.22147192312,1439.10703147315,1375.68629629299,1430.64045819446,8675748787.85435,6149241.28016896,8675.748787854349
ETH,2023-03-11,1430.64045819446,1485.86856211401,1420.27281964956,1482.79193278812,9571828656.19583,6575973.7406264,9571.82865619583
ETH,2023-03-12,1482.79193278812,1597.40655642776,1461.78761321232,1590.7421643237,7260116919.02094,4783564.60615277,7260.11691902094
ETH,2023-03-13,1590.7421643237,1703.34776161996,1575.03826615887,1680.75626996263,9987112702.57703,6117022.32111248,9987.112702577031
ETH,2023-03-14,1680.75626996263,1781.81427079978,1665.52774156544,1705.11921968374,10727485333.0386,6247256.44971817,10727.485333038601
ETH,2023-03-15,1705.11921968374,1720.72344534911,1618.57756689003,1656.42094039596,8522356435.05359,5101308.45632194,8522.356435053589
ETH,2023-03-16,1656.42094039596,1696.79063132088,1639.81796744049,1677.42501380699,6121036061.10569,3683807.58534487,6121.03606110569
ETH,2023-03-17,1677.42501380699,1799.85508415354,1667.69633907458,1793.38064492282,8246542969.31558,4756452.18995179,8246.54296931558
ETH,2023-03-18,1793.38064492282,1836.47607538626,1757.53199471235,1763.97940004682,6765038196.78419,3750910.81209939,6765.03819678419
ETH,2023-03-19,1763.97940004682,1842.67932373202,1763.915463568,1785.38696297673,5951481318.93898,3305241.9138907,5951.48131893898
ETH,2023-03-20,1785.38696297673,1807.33492481736,1729.98945406133,1737.53708719867,7361982684.64574,4158992.4647976,7361.98268464574
ETH,2023-03-21,1737.53708719867,1835.99893143281,1725.73608515358,1808.03131704345,6924591621.04811,3877939.59111445,6924.59162104811
ETH,2023-03-22,1808.03131704345,1822.58870997585,1719.79850531726,1739.51119398451,8299884757.11111,4661187.45358762,8299.88475711111
ETH,2023-03-23,1739.51119398451,1856.04466196359,1734.28002877389,1817.22093329014,7076091099.08263,3945945.85064736,7076.0910990826305
ETH,2023-03-24,1817.22093329014,1821.79989552481,1731.52394676792,1752.7090494489,7279139822.10346,4099653.86100737,7279.139822103461
ETH,2023-03-25,1752.7090494489,1764.01547972131,1715.7188443193,1744.89949112693,3781417159.35168,2164241.1598944,3781.41715935168
ETH,2023-03-26,1744.89949112693,1798.18392671729,1732.11984591793,1776.22271682187,4099734405.54173,2317046.40496247,4099.73440554173
ETH,2023-03-27,1776.22271682187,1782.09992442322,1693.01759323101,1716.50792018028,5533586902.23581,3190802.82709694,5533.58690223581
ETH,2023-03-28,1716.50792018028,1792.54867221916,1704.63992849523,1773.8876921827,5442405210.95144,3121533.10846275,5442.40521095144
ETH,2023-03-29,1773.8876921827,1824.8589229153,1764.49542624615,1793.87805833216,6036863774.22598,3350891.3669557,6036.86377422598
ETH,2023-03-30,1793.87805833216,1828.51805145895,1767.42179535686,1794.95227621491,6593392257.53725,3675528.87001293,6593.39225753725
ETH,2023-03-31,1794.95227621491,1845.1494358633,1783.28517648785,1822.69501803563,6062554911.67765,3340712.9839199,6062.55491167765
ETH,2023-04-01,1822.69501803563,1840.9623968359,1812.55515087164,1821.85592690095,3389053233.11039,1858048.88243826,3389.05323311039
ETH,2023-04-02,1821.85592690095,1825.44817994854,1776.53034425562,1795.55476180474,3801990874.41999,2105720.08467603,3801.99087441999
ETH,2023-04-03,1795.55476180474,1839.3334322009,1766.41965627038,1811.03027805833,6406026428.0569,3558167.07372746,6406.0264280569
ETH,2023-04-04,1811.03027805833,1883.84616674298,1795.5029110777,1871.51080538032,7234883304.6657,3912189.94612924,7234.8833046657
ETH,2023-04-05,1871.51080538032,1934.25560997713,1866.86650372528,1909.441335185,7251065592.8339,3801324.64571371,7251.0655928339
ETH,2023-04-06,1909.441335185,1909.441335185,1857.46076565425,1873.13286808251,5654863476.97251,3011036.44944142,5654.86347697251
ETH,2023-04-07,1873.13286808251,1882.66721994775,1842.482404828,1864.97402123269,4549978812.0727,2443709.00810658,4549.9788120727
ETH,2023-04-08,1864.97402123269,1879.90424246381,1848.75453499983,1850.62052590146,3280788466.00852,1758678.04268301,3280.78846600852
ETH,2023-04-09,1850.62052590146,1872.82546799421,1829.96917367642,1859.87859725166,4233860421.44788,2291823.52595801,4233.86042144788
ETH,2023-04-10,1859.87859725166,1917.488455526,1848.12959730597,1911.6511419103,5636804645.93968,3002802.61212624,5636.80464593968
ETH,2023-04-11,1911.6511419103,1935.37957835293,1885.14443867797,1892.08584830838,6030326427.38879,3152290.4536047,6030.32642738879
ETH,2023-04-12,1892.08584830838,1930.74886534878,1854.88691947194,1918.30049187904,7833661879.21191,4132063.1487696,7833.661879211911
ETH,2023-04-13,1918.30049187904,2020.57799359045,1902.41994924571,2013.81848269589,8548743458.87294,4328218.06213361,8548.74345887294
ETH,2023-04-14,2013.81848269589,2127.69259016147,2011.64217989708,2101.8044279857,11368127526.7536,5420703.32477032,11368.127526753598
ETH,2023-04-15,2101.8044279857,2110.99202584891,2076.54497677745,2092.48567858294,5245289985.48843,2501102.73708997,5245.28998548843
ETH,2023-04-16,2092.48567858294,2137.23416710892,2076.37340819551,2119.68929918218,5183086436.20855,2462725.87801971,5183.08643620855
ETH,2023-04-17,2119.68929918218,2119.68929918218,2062.00664049565,2076.01747716495,6591377422.0629,3161841.16090296,6591.377422062899
ETH,2023-04-18,2076.01747716495,2121.43648145222,2058.75935514332,2103.91644366311,6144910967.01162,2934473.3334296,6144.9109670116195
ETH,2023-04-19,2103.91644366311,2104.67090782307,1928.42880657522,1936.92154851166,9598632892.30524,4795044.32784794,9598.63289230524
ETH,2023-04-20,1936.92154851166,1979.7761114362,1918.74331964894,1943.23917927567,7756245989.38267,3979894.14357438,7756.245989382671
ETH,2023-04-21,1943.23917927567,1955.86472298677,1830.63140341566,1849.80278848017,8440702516.15439,4447405.47656155,8440.70251615439
ETH,2023-04-22,1849.80278848017,1887.03836688273,1845.98691790648,1875.16878730787,4487644368.43423,2408222.60817874,4487.64436843423
ETH,2023-04-23,1875.16878730787,1881.55201501081,1839.78086477053,1862.618247327,4358964580.65763,2339952.20680447,4358.96458065763
ETH,2023-04-24,1862.618247327,1888.5686168941,1812.21782007755,1843.12728599632,5722377032.37718,3095973.84502352,5722.3770323771805
ETH,2023-04-25,1843.12728599632,1878.22857832691,1806.53146737049,1865.53194025903,5638751466.97485,3075307.91575737,5638.75146697485
ETH,2023-04-26,1865.53194025903,1963.18949541204,1798.95162566069,1869.74283755583,10010694513.8163,5292267.16983566,10010.6945138163
ETH,2023-04-27,1869.74283755583,1936.85720999566,1866.63999150933,1909.64399028075,8488320804.12455,4463316.07883235,8488.32080412455
ETH,2023-04-28,1909.64399028075,1923.96709957754,1877.83010516742,1892.50304081594,5088047950.12403,2675030.12471946,5088.04795012403
ETH,2023-04-29,1892.50304081594,1918.73632940337,1886.44300597039,1909.74439411902,3101278389.43772,1629800.61895226,3101.27838943772
ETH,2023-04-30,1909.74439411902,1938.33833557491,1873.16941069938,1873.16941069938,4414520233.24718,2314240.46854991,4414.52023324718
ETH,2023-05-01,1873.16941069938,1887.0596855545,1809.5510945961,1832.14606361471,5877636529.09082,3193373.92484082,5877.636529090821
ETH,2023-05-02,1832.14606361471,1880.66468719959,1821.27236632638,1870.98501731619,5072628015.27521,2743386.74225295,5072.628015275211
ETH,2023-05-03,1870.98501731619,1915.98991375227,1846.14090948312,1905.65165529818,5541446893.57158,2958387.32316488,5541.4468935715795
ETH,2023-05-04,1905.65165529818,1915.99624302859,1869.89087584975,1879.40351191616,4416955411.31018,2332964.16123787,4416.955411310179
ETH,2023-05-05,1879.40351191616,1999.41136705648,1878.00342732664,1997.20491788334,6627525798.63861,3410029.92507514,6627.52579863861
ETH,2023-05-06,1997.20491788334,2017.15135505022,1871.82633576818,1901.08730740945,6680067589.37574,3461416.35316547,6680.06758937574
ETH,2023-05-07,1901.08730740945,1942.43193218058,1875.33934345431,1875.33934345431,4682075258.24231,2450908.37254511,4682.075258242309
ETH,2023-05-08,1875.33934345431,1906.17981432728,1818.14820775398,1850.82996234903,6793206713.1759,3656912.49874395,6793.2067131759
ETH,2023-05-09,1850.82996234903,1873.31777014669,1835.12591061824,1848.4674358866,3989354856.2546,2158549.42080105,3989.3548562546002
ETH,2023-05-10,1848.4674358866,1887.34110659359,1798.99520957951,1843.30193111143,6562715249.93601,3548044.555446,6562.71524993601
ETH,2023-05-11,1843.30193111143,1843.39993941501,1778.81272752771,1795.9897505871,5573963559.18659,3077759.79336489,5573.96355918659
ETH,2023-05-12,1795.9897505871,1814.61956405771,1743.11320374842,1808.6619803149,6009127593.60742,3387474.20718202,6009.12759360742
ETH,2023-05-13,1808.6619803149,1815.67080588599,1789.77635303683,1796.67146315865,2917809930.78688,1618767.39172277,2917.80993078688
ETH,2023-05-14,1796.67146315865,1824.38193467387,1793.71460416636,1800.87127196171,2982874433.46302,1652172.38750853,2982.87443346302
ETH,2023-05-15,1800.87127196171,1846.71032673387,1788.52746372993,1818.09101263261,4467116829.71872,2446495.12377878,4467.1168297187205
ETH,2023-05-16,1818.09101263261,1830.50498087036,1798.36418268439,1824.57521878392,3459773047.06099,1903420.22838362,3459.77304706099
ETH,2023-05-17,1824.57521878392,1839.33576331134,1787.94809125046,1822.28340564825,3904904348.75835,2154907.46411352,3904.90434875835
ETH,2023-05-18,1822.28340564825,1832.37806195004,1775.50378844412,1801.60021536066,3527985081.22047,1948059.37230902,3527.98508122047
ETH,2023-05-19,1801.60021536066,1827.66433858764,1798.43149096423,1813.09784861789,2922703949.89844,1613282.24853616,2922.70394989844
ETH,2023-05-20,1813.09784861789,1829.30239731414,1803.36529534588,1821.6019220958,1729183781.13895,951573.673722478,1729.18378113895
ETH,2023-05-21,1821.6019220958,1829.49373786103,1801.0486467256,1806.01985971264,2005720056.97077,1106059.93374384,2005.72005697077
ETH,2023-05-22,1806.01985971264,1827.25197342766,1793.91227297471,1818.41323398831,2844722968.55533,1568326.28126386,2844.7229685553298
ETH,2023-05-23,1818.41323398831,1868.55719602018,1816.53245884304,1854.74708117162,4184523332.29386,2259788.67720098,4184.52333229386
ETH,2023-05-24,1854.74708117162,1854.74708117162,1782.9199399508,1800.73178724437,4490772619.49259,2480673.4934147,4490.77261949259
ETH,2023-05-25,1800.73178724437,1815.89959861999,1767.05885817668,1806.63887980669,3929748652.81965,2191184.79276415,3929.74865281965
ETH,2023-05-26,1806.63887980669,1838.29653911067,1799.00067968218,1829.06959596417,3296469200.55985,1810420.98561055,3296.4692005598504
ETH,2023-05-27,1829.06959596417,1836.59160421219,1817.31991592495,1831.9485170829,1868185048.86088,1021350.02454427,1868.18504886088
ETH,2023-05-28,1831.9485170829,1914.48333627583,1826.2270440316,1909.6308437281,3791277405.03764,2031937.88487488,3791.27740503764
ETH,2023-05-29,1909.6308437281,1926.28067144092,1877.77456161926,1893.20774607296,3591186674.46127,1888872.49837006,3591.18667446127
ETH,2023-05-30,1893.20774607296,1916.81333924624,1884.56487869921,1901.52673328026,3373335117.50894,1771049.05283718,3373.33511750894
ETH,2023-05-31,1901.52673328026,1907.1349344483,1854.0212531085,1874.47741027441,3790352213.78269,2024888.3455833,3790.35221378269
ETH,2023-06-01,1874.47741027441,1893.02295080515,1845.01958964873,1862.4609342492,3577925125.13186,1917840.1722852,3577.9251251318597
ETH,2023-06-02,1862.4609342492,1912.26327215817,1852.29337314487,1907.78975306539,3919782556.90686,2074584.44368816,3919.78255690686
ETH,2023-06-03,1907.78975306539,1909.19483966541,1885.66631963259,1893.09552660714,2121969555.81138,1116987.91443236,2121.96955581138
ETH,2023-06-04,1893.09552660714,1912.7731037935,1886.05246212392,1891.18484539761,2284856067.26807,1201969.53519038,2284.85606726807
ETH,2023-06-05,1891.18484539761,1891.2813633891,1786.01528383225,1811.89209478502,5833482963.60565,3175294.73443834,5833.48296360565
ETH,2023-06-06,1811.89209478502,1899.10675499417,1801.77617545968,1885.21627495118,5452982052.2154,2955935.1076503,5452.9820522154
ETH,2023-06-07,1885.21627495118,1919.40935744278,1826.4302721574,1857.37223466418,4793463205.8567,2573063.4653051,4793.4632058567
ETH,2023-06-08,1857.37223466418,1862.35646027371,1831.38084995716,1847.00355102066,2624347566.48483,1421568.94943848,2624.3475664848297
ETH,2023-06-09,1847.00355102066,1855.49535466737,1830.13046486538,1841.89419509858,2751867134.99498,1494004.68250975,2751.86713499498
ETH,2023-06-10,1841.89419509858,1844.52743406499,1722.33995927856,1753.5864384774,6869544440.63303,3899818.56722517,6869.54444063303
ETH,2023-06-11,1753.5864384774,1776.95263728894,1742.07224435768,1754.37785093525,2675138999.95243,1524163.42186676,2675.13899995243
ETH,2023-06-12,1754.37785093525,1758.68286321837,1725.38833851914,1747.90520507256,3713700285.40024,2133362.76988884,3713.70028540024
ETH,2023-06-13,1747.90520507256,1763.53761220802,1729.42202306594,1740.81886333045,3797073838.79272,2175271.31600435,3797.07383879272
ETH,2023-06-14,1740.81886333045,1758.69115886421,1636.25464842332,1653.09549304741,4763990591.6239,2798237.51516233,4763.9905916239
ETH,2023-06-15,1653.09549304741,1680.25361763739,1627.90494383639,1666.47844622314,4598002502.50218,2788779.18111392,4598.0025025021805
ETH,2023-06-16,1666.47844622314,1727.38220111874,1654.29773393404,1718.05350384446,3797360257.97954,2255452.83050723,3797.3602579795397
ETH,2023-06-17,1718.05350384446,1760.34433747692,1714.48766404614,1728.47337454994,2852658799.52985,1640746.420476,2852.65879952985
ETH,2023-06-18,1728.47337454994,1747.16210711932,1718.49012391529,1721.82071363877,2181981760.52738,1259770.34072546,2181.98176052738
ETH,2023-06-19,1721.82071363877,1747.07082443435,1705.79389737189,1737.35734357897,3148741552.15988,1825181.17069242,3148.74155215988
ETH,2023-06-20,1737.35734357897,1794.55470020687,1716.5419216407,1792.62271245905,4485124025.9579,2557120.2669054,4485.1240259579
ETH,2023-06-21,1792.62271245905,1898.20460263947,1788.78186057631,1890.16765215132,7614922631.57439,4130988.10963505,7614.922631574391
ETH,2023-06-22,1890.16765215132,1929.48561113643,1867.242875805,1872.89356832329,5576679211.35915,2938281.62561751,5576.67921135915
ETH,2023-06-23,1872.89356832329,1931.54056627169,1846.35252424693,1893.04668899619,5568152002.17321,2939757.6691848,5568.15200217321
ETH,2023-06-24,1893.04668899619,1904.97337910011,1847.34634356097,1875.95716743207,3181699691.08775,1687036.01928046,3181.69969108775
ETH,2023-06-25,1875.95716743207,1929.80269746348,1851.74178971637,1898.77162014004,4521856948.30055,2377050.09292852,4521.85694830055
ETH,2023-06-26,1898.77162014004,1905.78895296466,1839.89775388548,1860.04599174195,5594814224.78432,2986163.1440517,5594.81422478432
ETH,2023-06-27,1860.04599174195,1910.87200427711,1834.66681603443,1887.41455825919,4730313664.5182,2513215.57789846,4730.3136645182
ETH,2023-06-28,1887.41455825919,1890.21885068192,1821.78775049817,1828.95403403316,4607630250.64953,2484485.43927809,4607.63025064953
ETH,2023-06-29,1828.95403403316,1877.98601903836,1821.6432284439,1851.3907123763,3610838676.79857,1948404.89027038,3610.8386767985703
ETH,2023-06-30,1851.3907123763,1942.51931074572,1832.79106855958,1930.25851597424,8803721830.06993,4659027.75930269,8803.72183006993
ETH,2023-07-01,1930.25851597424,1942.76317908477,1871.1611831598,1920.66854004485,3109544387.35667,1617474.1069369,3109.54438735667
ETH,2023-07-02,1920.66854004485,1957.3895502101,1875.431401276,1937.58395162707,4020289320.20446,2092305.83994465,4020.28932020446
ETH,2023-07-03,1937.58395162707,1973.96723646541,1915.39928372429,1955.91008126042,4954715149.20022,2529565.94205005,4954.71514920022
ETH,2023-07-04,1955.91008126042,1965.73089813222,1887.86441349332,1937.1500152782,3395432528.77755,1739590.92185627,3395.43252877755
ETH,2023-07-05,1937.1500152782,1942.66493540603,1877.35855070999,1910.79953514588,3637009911.05789,1897446.89439944,3637.00991105789
ETH,2023-07-06,1910.79953514588,1956.46681321861,1840.64887996739,1848.06551735006,5728835162.15394,3013038.89120655,5728.8351621539405
ETH,2023-07-07,1848.06551735006,1878.19648228962,1785.77152544905,1872.47520830866,3606876027.67188,1941380.54095964,3606.87602767188
ETH,2023-07-08,1872.47520830866,1874.8683278712,1844.80120211395,1867.51121461906,2227024622.34417,1196510.79586266,2227.02462234417
ETH,2023-07-09,1867.51121461906,1881.88110394338,1784.62523263569,1855.09840916337,2362533388.24335,1265514.72570162,2362.53338824335
ETH,2023-07-10,1855.09840916337,1904.83313896518,1775.08955614698,1879.55197332312,3840712973.32468,2053383.96819618,3840.7129733246798
ETH,2023-07-11,1879.55197332312,1890.10448431013,1865.52312222653,1878.95475928526,3022633049.83542,1610953.78521691,3022.63304983542
ETH,2023-07-12,1878.95475928526,1901.56991832217,1865.99042031081,1872.9599004126,4021397407.97418,2132271.24411214,4021.39740797418
ETH,2023-07-13,1872.9599004126,2010.96348761372,1865.18136109454,2005.58711212322,7403411225.84609,3805657.63982225,7403.41122584609
ETH,2023-07-14,2005.58711212322,2025.96325020511,1902.70961803286,1939.5733277839,7044971448.4624,3568951.88048863,7044.9714484624
ETH,2023-07-15,1939.5733277839,1946.41006916117,1928.15300797151,1932.32152994029,2521517149.43195,1302456.77205678,2521.51714943195
ETH,2023-07-16,1932.32152994029,1942.58884179264,1920.55630453609,1924.07589898765,2498507832.98444,1293872.97588083,2498.50783298444
ETH,2023-07-17,1924.07589898765,1936.20928651179,1877.56206104105,1912.25785938948,4124304784.74106,2158940.57229909,4124.30478474106
ETH,2023-07-18,1912.25785938948,1917.76780834042,1883.89867930958,1898.76709405354,3508147651.38436,1846553.16406747,3508.14765138436
ETH,2023-07-19,1898.76709405354,1919.40072113911,1883.42300343711,1889.39075061545,3555673396.39407,1866074.73439497,3555.67339639407
ETH,2023-07-20,1889.39075061545,1929.00940877164,1837.3034625611,1891.35763261097,4247497328.92617,2234659.88071762,4247.49732892617
ETH,2023-07-21,1891.35763261097,1904.66712016217,1866.2042573016,1890.45246327756,2676178401.89383,1413446.635942,2676.1784018938297
ETH,2023-07-22,1890.45246327756,1904.03347320999,1855.79674579582,1866.89371195578,2339672235.31727,1242248.74398348,2339.67223531727
ETH,2023-07-23,1866.89371195578,1904.91411177288,1860.48477096779,1890.01020496115,2673387711.86485,1421331.81470233,2673.38771186485
ETH,2023-07-24,1890.01020496115,1892.75666737937,1836.61594596773,1851.42213218447,3874425345.15514,2087452.62681687,3874.42534515514
ETH,2023-07-25,1851.42213218447,1867.43947191775,1846.39558463629,1858.66559187023,2348423733.5292,1264529.29710369,2348.4237335292
ETH,2023-07-26,1858.66559187023,1888.90207391698,1849.96864453171,1872.95002356362,3411843515.98496,1830620.12673224,3411.84351598496
ETH,2023-07-27,1872.95002356362,1886.53806169207,1855.67063555323,1862.10808992353,2402679443.72804,1283990.35095788,2402.67944372804
ETH,2023-07-28,1862.10808992353,1884.71999950974,1851.0991370094,1874.79214071417,2164597043.63338,1157561.8125409,2164.59704363338
ETH,2023-07-29,1874.79214071417,1889.98455729461,1870.30685457581,1882.16969986192,1308390597.58001,697162.412704302,1308.3905975800099
ETH,2023-07-30,1882.16969986192,1889.11914604012,1853.75465422259,1867.78386506653,2225114987.09142,1189143.98852211,2225.11498709142
ETH,2023-07-31,1867.78386506653,1876.80620884189,1852.56331263522,1857.34068162722,2519037055.50962,1351104.19043927,2519.03705550962
ETH,2023-08-01,1857.34068162722,1872.82369377119,1820.29239618725,1872.82369377119,4661688610.1434,2535348.63758919,4661.6886101434
ETH,2023-08-02,1872.82369377119,1877.84168655562,1824.14497770907,1839.94426193031,3962026242.90396,2141011.69492726,3962.0262429039603
ETH,2023-08-03,1839.94426193031,1856.81958518809,1826.3069608953,1835.48685348363,2929961875.59282,1592563.27733677,2929.96187559282
ETH,2023-08-04,1835.48685348363,1848.31196054175,1819.06826282921,1829.35961358629,2985878065.9648,1626811.70996733,2985.8780659648
ETH,2023-08-05,1829.35961358629,1837.94390990306,1825.57413881698,1835.98234582684,1592565501.57865,869505.473156937,1592.56550157865
ETH,2023-08-06,1835.98234582684,1840.17001858519,1825.19103416472,1829.41364805044,1574882110.4774,859838.743486393,1574.8821104774001
ETH,2023-08-07,1829.41364805044,1843.72214914368,1805.22368061035,1827.83060471443,3403751664.23485,1864889.46237266,3403.75166423485
ETH,2023-08-08,1827.83060471443,1873.60309397571,1825.21809815721,1856.23119666983,3650448860.82759,1977396.94032782,3650.44886082759
ETH,2023-08-09,1856.23119666983,1870.5123073985,1846.35333882438,1855.18481703464,3071627623.99821,1654101.88916616,3071.62762399821
ETH,2023-08-10,1855.18481703464,1863.87084369022,1845.93313080514,1851.187730609,2336692935.3221,1261494.84673852,2336.6929353221003
ETH,2023-08-11,1851.187730609,1855.2058755697,1839.69603527533,1847.71407575708,1986482081.46947,1075662.06233324,1986.4820814694701
ETH,2023-08-12,1847.71407575708,1853.81384538877,1845.30991978575,1849.86094878429,1287986771.54514,696368.794402625,1287.98677154514
ETH,2023-08-13,1849.86094878429,1860.32969005036,1835.12376132327,1840.13817391207,1722803959.9985,932124.999757065,1722.8039599985002
ETH,2023-08-14,1840.13817391207,1855.10953363142,1835.20277343641,1844.73872309318,2534171574.70385,1372910.09823214,2534.1715747038497
ETH,2023-08-15,1844.73872309318,1847.67030163543,1817.49199278798,1827.75792102236,2741559483.01473,1493950.17356209,2741.55948301473
ETH,2023-08-16,1827.75792102236,1830.85710159041,1800.74144162122,1806.60447344989,3045945936.17482,1674942.44975569,3045.94593617482
ETH,2023-08-17,1806.60447344989,1809.19214750517,1559.23169517832,1683.89162656963,9409887079.19193,5506329.7485968,9409.88707919193
ETH,2023-08-18,1683.89162656963,1698.5472354554,1646.66045876349,1661.76274147373,6340842167.37105,3784692.76561691,6340.84216737105
ETH,2023-08-19,1661.76274147373,1694.2880462711,1654.87305716853,1669.91952745581,2903279538.56958,1737966.32825527,2903.27953856958
ETH,2023-08-20,1669.91952745581,1702.63907280097,1659.96551806569,1685.58568948867,2389309090.10385,1427159.62856971,2389.30909010385
ETH,2023-08-21,1685.58568948867,1689.28121850063,1652.55595474008,1671.53826963826,3038947873.7545,1818873.50226092,3038.9478737545
ETH,2023-08-22,1671.53826963826,1673.40584418469,1593.99284139481,1634.02333647907,4391912144.91083,2681479.28006605,4391.91214491083
ETH,2023-08-23,1634.02333647907,1696.88132268158,1629.85491998271,1680.04034387792,4406996775.45088,2654616.00374731,4406.99677545088
ETH,2023-08-24,1680.04034387792,1686.67523124289,1641.73753611108,1661.02842839727,3081375660.92666,1856466.40807228,3081.37566092666
ETH,2023-08-25,1661.02842839727,1672.40602242937,1636.20030299386,1653.66204743352,3218641110.78496,1947546.01553586,3218.64111078496
ETH,2023-08-26,1653.66204743352,1664.88741750448,1643.41541835608,1648.08765575797,1244236174.35411,753884.817431818,1244.23617435411
ETH,2023-08-27,1648.08765575797,1669.45197575702,1646.27127684352,1658.36670178326,1432734453.19559,866543.506627603,1432.73445319559
ETH,2023-08-28,1658.36670178326,1660.09936441809,1630.04328747895,1652.81019119682,2893624709.71328,1757600.78244355,2893.62470971328
ETH,2023-08-29,1652.81019119682,1742.9814379962,1640.21354998749,1730.16067365326,6999724845.617,4097593.45639837,6999.724845617
ETH,2023-08-30,1730.16067365326,1731.65267993289,1697.67665958141,1705.80335975967,2997837555.08385,1749915.51861585,2997.83755508385
ETH,2023-08-31,1705.80335975967,1721.16010663242,1635.63950158891,1646.58241764035,4082952554.96981,2430019.73023571,4082.95255496981
ETH,2023-09-01,1646.58241764035,1656.54904253313,1604.70699993384,1638.1137568695,3578441214.69022,2191067.27825701,3578.44121469022
ETH,2023-09-02,1638.1137568695,1645.1067557815,1628.81798396467,1638.87949200805,1581220313.69634,966872.579963539,1581.22031369634
ETH,2023-09-03,1638.87949200805,1646.48090462972,1626.53914559366,1636.18048658845,1736193521.64891,1061072.34354744,1736.19352164891
ETH,2023-09-04,1636.18048658845,1644.31593662263,1618.55660015456,1630.42558433356,2050299248.43478,1256382.16585742,2050.2992484347797
ETH,2023-09-05,1630.42558433356,1646.1445754894,1610.02106711353,1634.87034956435,2301759912.31638,1412435.34668101,2301.75991231638
ETH,2023-09-06,1634.87034956435,1659.28592356284,1613.17449888912,1633.96968866477,2644815164.20745,1620205.11120209,2644.81516420745
ETH,2023-09-07,1633.96968866477,1657.68042602299,1623.94725968967,1647.95173061979,2687929079.31358,1641276.54846876,2687.92907931358
ETH,2023-09-08,1647.95173061979,1656.82549901733,1619.33696403653,1636.62069904122,2632676291.22137,1607649.23029527,2632.6762912213703
ETH,2023-09-09,1636.62069904122,1648.3012992295,1630.4030046061,1636.7186851443,1156482449.94065,707041.484548323,1156.48244994065
ETH,2023-09-10,1636.7186851443,1647.40684066549,1605.71637239783,1617.67586379819,2570206525.36395,1586650.15843088,2570.20652536395
ETH,2023-09-11,1617.67586379819,1622.47314535026,1536.48180665115,1552.14973503854,4657504959.41076,2954859.76237252,4657.5049594107595
ETH,2023-09-12,1552.14973503854,1618.14750463331,1550.07937219495,1593.22489310607,4016189113.77705,2522151.51025735,4016.18911377705
ETH,2023-09-13,1593.22489310607,1618.52309922888,1582.7516518613,1608.36361047384,2971697088.14885,1857380.0253859,2971.69708814885
ETH,2023-09-14,1608.36361047384,1641.61175371739,1607.70875966188,1627.38018130128,3336299550.86496,2050616.32678722,3336.29955086496
ETH,2023-09-15,1627.38018130128,1652.01834998001,1613.63065060907,1641.7303212429,2485546522.00175,1525423.44055307,2485.54652200175
ETH,2023-09-16,1641.7303212429,1650.62330669064,1632.83624467429,1635.33045319853,1586484191.10337,967744.615875324,1586.48419110337
ETH,2023-09-17,1635.33045319853,1641.03676014474,1613.73630007036,1623.4047475889,1731387632.25982,1063882.63567562,1731.38763225982
ETH,2023-09-18,1623.4047475889,1669.19920163513,1611.07365367853,1638.94838654231,3440831744.23501,2094592.64843816,3440.8317442350103
ETH,2023-09-19,1638.94838654231,1660.44056712983,1628.60526711178,1643.72779057929,2523205534.94162,1534280.99144074,2523.20553494162
ETH,2023-09-20,1643.72779057929,1649.56099995309,1610.39811194059,1623.26958643101,3064065516.86724,1879744.91080279,3064.06551686724
ETH,2023-09-21,1623.26958643101,1626.86396176693,1571.76513992071,1584.59963517009,3114748184.84996,1947775.01399884,3114.7481848499597
ETH,2023-09-22,1584.59963517009,1602.65059587551,1580.10868544746,1594.03531599403,2032612557.20006,1275026.96961638,2032.6125572000599
ETH,2023-09-23,1594.03531599403,1601.36211751667,1589.23747335231,1595.64549065117,1160673549.90948,727776.220116164,1160.67354990948
ETH,2023-09-24,1595.64549065117,1601.84113341816,1575.41762757114,1581.74881411503,1767355667.35878,1110741.75598197,1767.35566735878
ETH,2023-09-25,1581.74881411503,1596.58254842328,1565.18133364611,1588.6545930615,2598015591.67862,1643266.37176577,2598.01559167862
ETH,2023-09-26,1588.6545930615,1597.20303958294,1581.0965640551,1596.18962749407,2112077694.5847,1329378.19387865,2112.0776945847
ETH,2023-09-27,1596.18962749407,1632.90072504109,1585.48651241451,1597.99070574761,3504326562.11501,2183984.47076138,3504.32656211501
ETH,2023-09-28,1597.99070574761,1665.39770413607,1597.85554458331,1653.44488851034,4395851619.94893,2688927.87381087,4395.8516199489295
ETH,2023-09-29,1653.44488851034,1686.88617041971,1648.38605122185,1667.96048068063,3551402161.17208,2129301.2200033,3551.40216117208
ETH,2023-09-30,1667.96048068063,1692.336491785,1667.03392299304,1672.14239733998,1986948638.74201,1184545.713369,1986.9486387420102
ETH,2023-10-01,1672.14239733998,1741.35538050505,1670.46939248982,1732.99261188228,3127775888.85324,1841684.2356916,3127.77588885324
ETH,2023-10-02,1732.99261188228,1741.8219274537,1646.35221926979,1662.89901133044,5535904158.53837,3255889.58198415,5535.90415853837
ETH,2023-10-03,1662.89901133044,1670.37170918742,1645.13025277975,1657.29494186077,2996472801.14002,1807401.32673145,2996.47280114002
ETH,2023-10-04,1657.29494186077,1657.86442835948,1630.49547493659,1647.24259088902,3191392726.14069,1943040.57634646,3191.39272614069
ETH,2023-10-05,1647.24259088902,1654.03112993884,1598.01956985327,1611.89183638414,3469082472.26864,2127612.78979663,3469.0824722686402
ETH,2023-10-06,1611.89183638414,1659.4375088264,1611.89183638414,1646.44631738073,3222059054.0066,1969656.06847493,3222.0590540066
ETH,2023-10-07,1646.44631738073,1650.45653899938,1631.60978626221,1635.57661522474,1568142707.1044,955855.316607999,1568.1427071044
ETH,2023-10-08,1635.57661522474,1642.14105431015,1618.38802479241,1634.4126529097,2198059318.44378,1346900.02376175,2198.05931844378
ETH,2023-10-09,1634.4126529097,1636.87404125783,1554.2308565041,1580.45468645413,4824813080.2813,3029844.42200649,4824.813080281299
ETH,2023-10-10,1580.45468645413,1595.45690067422,1553.45241875127,1568.24287463231,3735810455.89375,2370140.64851931,3735.8104558937503
ETH,2023-10-11,1568.24287463231,1578.61099867822,1549.95005762387,1567.80783412015,3763325897.09075,2407101.57524004,3763.32589709075
ETH,2023-10-12,1567.80783412015,1568.3435457249,1523.96294707978,1540.14301832532,3541488784.72447,2292337.97555082,3541.48878472447
ETH,2023-10-13,1540.14301832532,1572.34767555972,1538.27573425221,1552.97968622037,3037417229.50844,1961300.14454482,3037.41722950844
ETH,2023-10-14,1552.97968622037,1563.31906449658,1545.89555747068,1555.97099243222,1461603935.92001,941134.597727873,1461.6039359200101
ETH,2023-10-15,1555.97099243222,1569.10488954729,1551.0269148522,1558.28106908069,1774814282.21057,1139209.61772956,1774.8142822105701
ETH,2023-10-16,1558.28106908069,1630.82511613924,1556.05969111477,1600.32946970963,5667251220.72778,3565206.66045563,5667.2512207277805
ETH,2023-10-17,1600.32946970963,1604.87847901637,1554.85456371311,1565.59923347558,3325112171.47649,2106305.89574002,3325.11217147649
ETH,2023-10-18,1565.59923347558,1585.47900044209,1557.0189360814,1564.25018608308,3014849662.41853,1917187.60715448,3014.84966241853
ETH,2023-10-19,1564.25018608308,1573.73051304232,1545.22869985035,1567.61872445057,3373282861.44899,2164089.8268138,3373.28286144899
ETH,2023-10-20,1567.61872445057,1629.00928295437,1562.84603918489,1605.78263288629,4611738742.67031,2877727.84262114,4611.73874267031
ETH,2023-10-21,1605.78263288629,1644.27761160176,1593.80907192972,1629.88205006522,2840562463.82777,1755091.95647894,2840.5624638277704
ETH,2023-10-22,1629.88205006522,1667.44812755572,1624.54492920745,1663.80212262005,3532763707.59513,2155783.85592195,3532.7637075951297
ETH,2023-10-23,1663.80212262005,1790.7707911609,1659.52495096612,1765.26526673174,9403015225.84464,5507432.15396279,9403.015225844641
ETH,2023-10-24,1765.26526673174,1852.71012254138,1758.78465484466,1784.98719615362,10432278342.029,5781850.30914718,10432.278342029
ETH,2023-10-25,1784.98719615362,1814.66166405942,1761.89828228303,1787.73486941652,6411763334.7283,3581680.07495532,6411.7633347283
ETH,2023-10-26,1787.73486941652,1863.52220393015,1764.67312382774,1804.27147734208,7450739679.14886,4118283.61604475,7450.73967914886
ETH,2023-10-27,1804.27147734208,1804.27147734208,1752.14938096443,1782.65443768368,4998290365.4537,2806632.8625288,4998.2903654537
ETH,2023-10-28,1782.65443768368,1800.90042841895,1774.0463096614,1778.09714626535,2546649884.63247,1425073.08533663,2546.6498846324703
ETH,2023-10-29,1778.09714626535,1810.78845028635,1766.7986910301,1797.08271023912,2705470407.45513,1510193.80493425,2705.47040745513
ETH,2023-10-30,1797.08271023912,1829.09670976151,1779.77814337965,1810.60690793038,4621814927.47191,2559263.72629547,4621.814927471911
ETH,2023-10-31,1810.60690793038,1819.86487148399,1785.42460459718,1816.75543692558,4235947421.97251,2350350.01473365,4235.94742197251
ETH,2023-11-01,1816.75543692558,1856.86118466763,1786.47561303323,1847.58905907642,6732689603.03252,3700194.27618966,6732.689603032521
ETH,2023-11-02,1847.58905907642,1874.77390695679,1788.5743970276,1801.55627879632,5938445346.61416,3245799.00467785,5938.4453466141595
ETH,2023-11-03,1801.55627879632,1835.67206099144,1781.32908605335,1833.67419181637,4944556670.76006,2739734.08950664,4944.55667076006
ETH,2023-11-04,1833.67419181637,1869.67932063009,1826.7882766523,1858.18048733671,2973613139.87299,1615271.16204035,2973.61313987299
ETH,2023-11-05,1858.18048733671,1912.17430492401,1849.47659304196,1897.28975244065,5393565594.30433,2861033.33665008,5393.56559430433
ETH,2023-11-06,1897.28975244065,1915.01363923042,1873.2132593425,1901.60401200797,5072859460.04719,2676868.54951376,5072.85946004719
ETH,2023-11-07,1901.60401200797,1907.17359729815,1853.62887019358,1887.31183721097,5546224215.42411,2944115.07958456,5546.22421542411
ETH,2023-11-08,1887.31183721097,1904.58014181389,1875.37603133469,1889.84094210185,3965937064.16946,2098635.29351659,3965.93706416946
ETH,2023-11-09,1889.84094210185,2131.30845820063,1885.09841780953,2121.76583277342,15131832927.5906,7583479.55161998,15131.8329275906
ETH,2023-11-10,2121.76583277342,2143.62964683342,2070.02013102304,2079.60528689653,9334690907.75257,4443094.47455497,9334.690907752569
ETH,2023-11-11,2079.60528689653,2091.57789664024,2036.2906258667,2053.95389093859,6121236415.48494,2970114.46180635,6121.236415484939
ETH,2023-11-12,2053.95389093859,2067.13412714819,2020.32934085391,2045.85165310441,4628429342.55447,2258770.55552019,4628.42934255447
ETH,2023-11-13,2045.85165310441,2116.81582065919,2032.12336343598,2055.56412887916,8633184196.55039,4173746.07419105,8633.18419655039
ETH,2023-11-14,2055.56412887916,2066.58351481562,1950.10883652368,1980.61612134471,8093158843.50514,4002538.93397966,8093.15884350514
ETH,2023-11-15,1980.61612134471,2062.58352217512,1969.72080254108,2060.8187602021,7627840262.38956,3788349.9493493,7627.84026238956
ETH,2023-11-16,2060.8187602021,2090.3018376137,1942.29729024526,1962.46082304409,4931251330.73685,2453090.38290844,4931.25133073685
ETH,2023-11-17,1962.46082304409,1991.53066995361,1908.99435500615,1961.88866085269,6455188866.90384,3303183.79993729,6455.18886690384
ETH,2023-11-18,1961.88866085269,1972.2143903381,1920.39584261147,1963.86283866958,4145792412.8612,2127089.54938637,4145.792412861199
ETH,2023-11-19,1963.86283866958,2016.32321700142,1945.27882795308,2012.6077525358,4009847198.60161,2035108.09746476,4009.84719860161
ETH,2023-11-20,2012.6077525358,2066.88129775795,1996.54634232453,2023.23079980229,7211878773.13285,3558003.57414362,7211.878773132849
ETH,2023-11-21,2023.23079980229,2035.96004640855,1935.69818518838,1935.72714924015,8347384414.64694,4195783.03816592,8347.38441464694
ETH,2023-11-22,1935.72714924015,2091.23854379453,1932.7557360135,2063.90235556491,8234397446.58768,4062892.58905635,8234.39744658768
ETH,2023-11-23,2063.90235556491,2088.63900095496,2041.35359389142,2062.77177152952,4757889286.80217,2306905.79954366,4757.889286802169
ETH,2023-11-24,2062.77177152952,2131.25934573603,2060.44086503238,2082.29523274793,7426267470.42213,3542991.89797591,7426.26747042213
ETH,2023-11-25,2082.29523274793,2091.43101235814,2066.98109906041,2084.04577452074,2741571182.45085,1317140.28860444,2741.57118245085
ETH,2023-11-26,2084.04577452074,2094.53916293975,2039.42148660682,2062.95051830085,4479191447.36443,2162623.19022266,4479.19144736443
ETH,2023-11-27,2062.95051830085,2071.76637482837,1988.54681479062,2028.01862678553,6059086521.14426,2989127.61907687,6059.086521144261
ETH,2023-11-28,2028.01862678553,2075.50427686267,1996.60332604762,2049.41045119882,5514490422.3015,2704596.48401475,5514.4904223015
ETH,2023-11-29,2049.41045119882,2073.8083246321,2020.72476308615,2029.64441185647,4676896721.47605,2286081.54214061,4676.8967214760505
ETH,2023-11-30,2029.64441185647,2054.87174599394,2022.58257985738,2052.68688787947,4097421903.93321,2011093.59188396,4097.42190393321
ETH,2023-12-01,2052.68688787947,2109.77947581072,2046.55444271372,2088.22427978415,6664505825.66571,3189026.32485803,6664.50582566571
ETH,2023-12-02,2088.22427978415,2178.65481992226,2087.36718165456,2165.30919430667,5366679409.47336,2517930.56681453,5366.6794094733605
ETH,2023-12-03,2165.30919430667,2212.5274953809,2150.61298860931,2193.12591089991,4754138625.28901,2189136.43043814,4754.13862528901
ETH,2023-12-04,2193.12591089991,2271.63770956204,2191.81253035274,2243.05395194108,9926523827.48686,4444471.73428443,9926.52382748686
ETH,2023-12-05,2243.05395194108,2306.23879767,2190.24981684798,2294.350390423,9950285857.60707,4431228.71326455,9950.28585760707
ETH,2023-12-06,2294.350390423,2311.98875259983,2222.75111897297,2233.57375403224,8035053146.55708,3542039.50350432,8035.05314655708
ETH,2023-12-07,2233.57375403224,2381.96639779598,2225.53618251354,2357.07922268419,9303198600.93952,4046054.96718883,9303.19860093952
ETH,2023-12-08,2357.07922268419,2389.59412173612,2340.36667285939,2359.32500230095,7605073317.49219,3220024.20235902,7605.073317492191
ETH,2023-12-09,2359.32500230095,2402.26226899981,2333.31592606589,2341.44991387016,6353890336.04699,2689394.47610546,6353.89033604699
ETH,2023-12-10,2341.44991387016,2376.60291854997,2324.59806321658,2353.31186083507,4156160051.41847,1769099.09520523,4156.16005141847
ETH,2023-12-11,2353.31186083507,2355.81188252788,2161.41253792305,2225.33731655208,11191433464.8022,5022713.80882312,11191.4334648022
ETH,2023-12-12,2225.33731655208,2243.50997027857,2166.90055015166,2202.83157638617,6916156140.60348,3130545.62673951,6916.156140603481
ETH,2023-12-13,2202.83157638617,2283.02929515982,2148.03118927477,2260.7786765723,7709533505.18893,3500810.89698156,7709.53350518893
ETH,2023-12-14,2260.7786765723,2331.87895410305,2247.00579723653,2316.81961355901,7856872882.71804,3443178.72786524,7856.87288271804
ETH,2023-12-15,2316.81961355901,2317.86547283372,2211.4682514659,2220.64550667763,6170289343.29734,2729871.98280545,6170.289343297341
ETH,2023-12-16,2220.64550667763,2261.74935747592,2213.3522754998,2227.85774277282,3886962240.18361,1733592.69008961,3886.96224018361
ETH,2023-12-17,2227.85774277282,2246.10616848261,2195.30773702017,2195.45689754379,4350323911.57751,1961033.95970048,4350.3239115775095
ETH,2023-12-18,2195.45689754379,2223.36868384844,2121.01488014703,2219.63470766064,6317903647.20804,2913400.98616289,6317.903647208041
ETH,2023-12-19,2219.63470766064,2254.71328279533,2138.38161404717,2178.81548250592,6887911426.37817,3120031.03967885,6887.91142637817
ETH,2023-12-20,2178.81548250592,2265.10138086883,2160.96915101347,2203.03666281544,8301274173.08251,3748641.34096359,8301.27417308251
ETH,2023-12-21,2203.03666281544,2279.22421932345,2184.82119611304,2240.73046763916,8134196198.53979,3650110.92430622,8134.19619853979
ETH,2023-12-22,2240.73046763916,2342.93691921461,2233.16386667431,2327.23313236453,10357664539.5669,4505929.0935932,10357.6645395669
ETH,2023-12-23,2327.23313236453,2333.00040634376,2269.80631942973,2310.58787462128,4568765409.52049,1990500.41033089,4568.76540952049
ETH,2023-12-24,2310.58787462128,2327.05418212026,2250.43490549163,2266.32702904783,5411437347.94101,2359685.66123247,5411.437347941011
ETH,2023-12-25,2266.32702904783,2304.90421365143,2256.27487860346,2272.73515857618,4718643773.25408,2070375.35722396,4718.64377325408
ETH,2023-12-26,2272.73515857618,2276.04646073393,2188.44158604171,2231.86077043984,6638246202.0064,2972863.03575201,6638.2462020064
ETH,2023-12-27,2231.86077043984,2392.85209736241,2213.6466378897,2380.547530335,9262724085.58315,4006554.3860849,9262.724085583151
ETH,2023-12-28,2380.547530335,2446.59270285026,2339.27999710038,2346.50196777041,11148538180.623,4669366.06138254,11148.538180623
ETH,2023-12-29,2346.50196777041,2385.78406201294,2266.43971358171,2300.54366959379,8676595105.14045,3718466.67885928,8676.59510514045
ETH,2023-12-30,2300.54366959379,2323.04111493538,2270.5516626034,2292.26404083868,4435366987.98276,1930370.05206436,4435.36698798276
ETH,2023-12-31,2292.26404083868,2320.36921817729,2267.0031655963,2282.4471520834,4481780198.42982,1952463.1871651,4481.78019842982
ETH,2024-01-01,2282.4471520834,2353.6114873822,2268.25093853226,2353.60396585003,4312137240.32835,1866678.06602432,4312.13724032835
ETH,2024-01-02,2353.60396585003,2432.12739974504,2349.00481979249,2356.81122319878,8769405950.08489,3680746.70505536,8769.40595008489
ETH,2024-01-03,2356.81122319878,2384.71006952348,2167.29676064699,2211.44658442436,12797068791.8131,5672308.46716091,12797.0687918131
ETH,2024-01-04,2211.44658442436,2295.33343237587,2205.34055210116,2270.14376418356,7554790460.55542,3355556.68048804,7554.7904605554195
ETH,2024-01-05,2270.14376418356,2279.02103527989,2210.83354631132,2271.0346837551,7334848695.68762,3265238.87264833,7334.84869568762
ETH,2024-01-06,2271.0346837551,2272.23693666099,2220.70143630243,2241.79438255962,3657203443.43423,1629613.68586923,3657.20344343423
ETH,2024-01-07,2241.79438255962,2257.30544481293,2212.44898746666,2224.84545201442,4011781850.21341,1791345.86973561,4011.78185021341
ETH,2024-01-08,2224.84545201442,2359.56956477815,2172.19720003235,2333.61295208202,9214110715.70366,4068300.17623928,9214.110715703659
ETH,2024-01-09,2333.61295208202,2371.07961260676,2245.57808393275,2345.48997639596,10311468956.3624,4487462.3256048,10311.4689563624
ETH,2024-01-10,2345.48997639596,2631.6040589447,2342.32575485211,2583.6775117198,21133777646.1506,8635973.68228199,21133.7776461506
ETH,2024-01-11,2583.6775117198,2689.99097447489,2569.58336091528,2620.15475682731,16133448150.4434,6165374.04260202,16133.448150443399
ETH,2024-01-12,2620.15475682731,2714.58097215301,2458.43327049779,2522.2511341996,16550341780.5399,6335661.75113202,16550.3417805399
ETH,2024-01-13,2522.2511341996,2589.17168108108,2501.03638041813,2578.10330518033,8006367684.70847,3140072.69569794,8006.367684708471
ETH,2024-01-14,2578.10330518033,2578.44220636107,2470.63427893624,2473.40642366745,5931834241.7688,2343667.12359266,5931.8342417688
ETH,2024-01-15,2473.40642366745,2552.16092682866,2471.30944076211,2511.54028057668,6041168564.60314,2398503.88433276,6041.16856460314
ETH,2024-01-16,2511.54028057668,2613.43142262674,2500.93407536594,2587.53784171704,7300235659.54045,2862185.35688327,7300.23565954045
ETH,2024-01-17,2587.53784171704,2592.76407650901,2507.22649732106,2528.6355275855,6960440395.76486,2731315.77147369,6960.44039576486
ETH,2024-01-18,2528.6355275855,2546.35151861037,2426.14967432796,2469.2909481533,8084674863.19731,3239411.5990594,8084.6748631973105
ETH,2024-01-19,2469.2909481533,2502.07428373061,2416.25035445285,2490.83000605154,7898157629.40604,3200594.88937796,7898.1576294060405
ETH,2024-01-20,2490.83000605154,2490.83001591251,2454.4417595245,2470.94773781312,3068460518.03444,1241020.14927766,3068.46051803444
ETH,2024-01-21,2470.94773781312,2480.15253881752,2454.5024786328,2455.87350334245,2213356861.75277,895672.086807112,2213.35686175277
ETH,2024-01-22,2455.87350334245,2464.43464158558,2304.50994940877,2312.28641225047,9853350299.49429,4143745.7571062,9853.35029949429
ETH,2024-01-23,2312.28641225047,2349.90576279806,2167.33846953199,2242.05624318274,11343167461.4418,5069784.34790773,11343.167461441799
ETH,2024-01-24,2242.05624318274,2263.15087113771,2197.40117734871,2234.9680595509,6581510567.89318,2952200.9154052,6581.5105678931795
ETH,2024-01-25,2234.9680595509,2241.68810456288,2173.12088216497,2218.20660052066,5892984821.09516,2663035.19144848,5892.9848210951595
ETH,2024-01-26,2218.20660052066,2281.67374930896,2196.04649047596,2267.92924986211,6444067198.58647,2871479.85366165,6444.067198586469
ETH,2024-01-27,2267.92924986211,2282.91914899488,2252.46614902373,2268.28774982216,2900765506.24318,1278082.40083297,2900.76550624318
ETH,2024-01-28,2268.28774982216,2306.91157096498,2243.40374350667,2257.62828925866,4526353809.10519,1989069.84771129,4526.3538091051905
ETH,2024-01-29,2257.62828925866,2321.52393007278,2236.73948439053,2318.10779892507,5552163388.31664,2435920.59601831,5552.16338831664
ETH,2024-01-30,2318.10779892507,2390.91036334693,2298.84041571713,2344.10507238744,6962614893.51901,2978432.22335896,6962.6148935190095
ETH,2024-01-31,2344.10507238744,2351.98345543213,2265.13178684359,2282.26770350445,7627865718.64316,3292433.21029038,7627.86571864316
ETH,2024-02-01,2282.26770350445,2310.73784188961,2242.82597657328,2304.1258250082,6069088091.65553,2662150.828875,6069.08809165553
ETH,2024-02-02,2304.1258250082,2323.7375015578,2282.48677770309,2308.76599113461,4704720359.34486,2041138.23355945,4704.72035934486
ETH,2024-02-03,2308.76599113461,2328.70240836996,2293.63546797857,2296.4877418076,2773135167.51112,1200127.27629756,2773.13516751112
ETH,2024-02-04,2296.4877418076,2309.34228302725,2270.32238134588,2291.34806323587,3411502400.52964,1486200.94236058,3411.50240052964
ETH,2024-02-05,2291.34806323587,2336.24300382527,2271.47056046092,2299.71425883839,4856988744.11773,2107905.93444475,4856.98874411773
ETH,2024-02-06,2299.71425883839,2390.87450322663,2297.17111157121,2372.60110404058,6403187331.58149,2734529.49212396,6403.187331581489
ETH,2024-02-07,2372.60110404058,2443.22142194554,2353.79726481233,2424.62703377562,6396851195.72811,2673381.19318203,6396.851195728111
ETH,2024-02-08,2424.62703377562,2461.06921455419,2412.9670128518,2420.2613218933,6626063204.49224,2725621.96270053,6626.06320449224
ETH,2024-02-09,2420.2613218933,2523.22869429105,2419.82433094844,2487.67690032957,9433309002.11705,3799574.66085097,9433.30900211705
ETH,2024-02-10,2487.67690032957,2517.56027026618,2474.69264683016,2501.26754143916,4052398670.10698,1622591.09292742,4052.39867010698
ETH,2024-02-11,2501.26754143916,2539.61225705761,2495.16010315024,2508.39759267933,4771310944.40393,1895832.36726337,4771.31094440393
ETH,2024-02-12,2508.39759267933,2664.38509267311,2474.03678403446,2658.52963001452,8962712188.63213,3496627.99728435,8962.71218863213
ETH,2024-02-13,2658.52963001452,2686.730732854,2597.70305027542,2641.8126991429,10507607964.9204,3973279.11060325,10507.6079649204
ETH,2024-02-14,2641.8126991429,2788.16210073894,2621.43623726223,2777.72850289362,9955253659.87035,3651742.50084373,9955.25365987035
ETH,2024-02-15,2777.72850289362,2866.17620355667,2766.5190051885,2825.13368826669,11949313719.6038,4249501.87197964,11949.3137196038
ETH,2024-02-16,2825.13368826669,2857.29716708759,2760.87056689079,2804.76365081952,9531134990.50249,3389308.17986587,9531.134990502489
ETH,2024-02-17,2804.76365081952,2807.20512378317,2725.44680684745,2786.61716398264,6164164347.80945,2223637.80150914,6164.16434780945
ETH,2024-02-18,2786.61716398264,2894.70122392203,2767.33023946473,2881.76863769116,7347295597.98258,2605368.27281305,7347.29559798258
ETH,2024-02-19,2881.76863769116,2984.41630354584,2860.29006760653,2944.89288274822,10924079462.4219,3743760.61098037,10924.0794624219
ETH,2024-02-20,2944.89288274822,3032.43716245573,2879.16903418174,3016.17114586449,14613757058.0998,4965449.8653368,14613.7570580998
ETH,2024-02-21,3016.17114586449,3017.45337694014,2874.24317418711,2969.54954013633,13759177265.8764,4693341.99179716,13759.1772658764
ETH,2024-02-22,2969.54954013633,3032.11665594187,2907.265863804,2970.14840903368,12941061548.1537,4350324.6979998,12941.0615481537
ETH,2024-02-23,2970.14840903368,2992.22876257983,2907.12226633291,2923.07351522745,8918039021.51268,3030792.71173764,8918.03902151268
ETH,2024-02-24,2923.07351522745,3004.77015996486,2908.00230165882,2993.44280925658,7679491733.54477,2589966.63783856,7679.49173354477
ETH,2024-02-25,2993.44280925658,3116.45683968794,2984.93601483735,3113.45102523507,9775252134.82705,3205982.97788124,9775.25213482705
ETH,2024-02-26,3113.45102523507,3197.77347570593,3039.01182749133,3178.82555257135,12367619922.0856,3964171.99359042,12367.6199220856
ETH,2024-02-27,3178.82555257135,3287.27620612252,3168.76975761836,3244.70516292213,14838194851.7039,4579634.66418659,14838.1948517039
ETH,2024-02-28,3244.70516292213,3486.66547320468,3233.74448722021,3387.11798556975,22901410735.4145,6880000.43156769,22901.4107354145
ETH,2024-02-29,3387.11798556975,3522.04247092577,3304.71982293661,3341.90307592282,20612653288.4837,6005979.24624036,20612.6532884837
ETH,2024-03-01,3341.90307592282,3452.06484826264,3341.51868088254,3435.39822760317,11875335842.4305,3486337.25758116,11875.3358424305
ETH,2024-03-02,3435.39822760317,3460.1804365223,3399.827986289,3424.08373963047,7999519044.73241,2335301.78212475,7999.51904473241
ETH,2024-03-03,3424.08373963047,3492.88001181238,3377.8623011206,3490.78607586217,9335793326.42283,2717439.79138332,9335.79332642283
ETH,2024-03-04,3490.78607586217,3642.38506561236,3459.81566025874,3630.90030375035,19703648129.1291,5573256.64141969,19703.648129129102
ETH,2024-03-05,3630.90030375035,3825.38333039637,3295.10148318344,3560.54234281095,34344179051.9584,9459145.25016118,34344.1790519584
ETH,2024-03-06,3560.54234281095,3900.41339454335,3505.94604108545,3819.90692651166,25076900849.2916,6650022.65175559,25076.9008492916
ETH,2024-03-07,3819.90692651166,3938.83992749214,3739.14373840973,3873.60694918566,15465656217.1511,4044030.69619014,15465.6562171511
ETH,2024-03-08,3873.60694918566,3997.25383811889,3832.29942001648,3891.2536667953,18014221265.068,4587202.17791637,18014.221265068
ETH,2024-03-09,3891.2536667953,3949.21508636872,3881.46906937048,3912.54534193217,7623875090.63707,1946980.66060635,7623.87509063707
ETH,2024-03-10,3912.54534193217,3968.59823936194,3801.75762768462,3881.69897202868,10526893586.6844,2689595.72750682,10526.8935866844
ETH,2024-03-11,3881.69897202868,4082.58744620006,3782.04807579732,4065.90411730318,20132538036.8915,5056457.70022429,20132.5380368915
ETH,2024-03-12,4065.90411730318,4092.10961779974,3843.60740309668,3979.3726664842,19274735947.6892,4835129.13012297,19274.7359476892
ETH,2024-03-13,3979.3726664842,4082.35402080598,3940.18903940795,4006.1286035805,15494957863.8033,3863089.23772105,15494.957863803302
ETH,2024-03-14,4006.1286035805,4012.31644419656,3726.30793035323,3881.23241586866,18190805110.405,4674234.95526014,18190.805110405
ETH,2024-03-15,3881.23241586866,3929.05156316538,3582.34480919758,3741.80853869587,24479723243.97,6601899.44931758,24479.723243970002
ETH,2024-03-16,3741.80853869587,3780.19738814259,3473.01083536246,3520.99064936948,14976092900.8124,4103050.98185877,14976.0929008124
ETH,2024-03-17,3520.99064936948,3676.64225838592,3416.02014438436,3643.01570880258,13838539395.9436,3888093.82331552,13838.5393959436
ETH,2024-03-18,3643.01570880258,3643.34726864609,3457.91233244294,3520.5297891423,14408869208.8349,4054820.16690048,14408.8692088349
ETH,2024-03-19,3520.5297891423,3546.49401508278,3150.98080549789,3159.19058872668,24477231497.1312,7397344.87369246,24477.231497131197
ETH,2024-03-20,3159.19058872668,3534.01488526419,3063.28672836132,3516.62937195658,25837897522.9671,7878114.32574831,25837.897522967098
ETH,2024-03-21,3516.62937195658,3585.44997283039,3412.96552937505,3492.81135943985,15445379219.916,4401705.91857156,15445.379219916
ETH,2024-03-22,3492.81135943985,3542.21033752366,3256.56503013254,3336.93969053975,14128172769.3403,4168556.449564,14128.172769340299
ETH,2024-03-23,3336.93969053975,3433.05010427439,3274.05245504932,3331.71043169221,8611362528.63163,2559409.81722596,8611.36252863163
ETH,2024-03-24,3331.71043169221,3470.38058137597,3301.85511562576,3454.82624284188,7705956162.64187,2284215.96545874,7705.95616264187
ETH,2024-03-25,3454.82624284188,3655.34369406791,3422.58961891243,3590.67462564453,12095024613.7972,3419258.74244926,12095.024613797199
ETH,2024-03-26,3590.67462564453,3678.25204883216,3546.00097220638,3587.58295104343,11942167186.1324,3308760.11614126,11942.167186132401
ETH,2024-03-27,3587.58295104343,3663.21255886535,3460.46992866219,3499.74461318238,12524514997.3114,3524053.91703191,12524.5149973114
ETH,2024-03-28,3499.74461318238,3610.86642314028,3465.01987667759,3560.85130563233,10471577852.8624,2947929.6956794,10471.5778528624
ETH,2024-03-29,3560.85130563233,3583.70985750128,3475.21006017225,3512.08371156884,7971768390.8974,2258426.25641544,7971.7683908973995
ETH,2024-03-30,3512.08371156884,3566.8270660214,3489.92396037612,3507.7849729465,5558295949.54692,1579053.43852914,5558.2959495469195
ETH,2024-03-31,3507.7849729465,3654.49115099854,3506.94558579688,3647.12764458436,6308028309.97909,1749847.54511416,6308.0283099790895
ETH,2024-04-01,3647.12764458436,3647.23950794751,3420.97849179711,3505.66467113739,10368893003.1259,2947835.80601783,10368.8930031259
ETH,2024-04-02,3505.66467113739,3507.28545155803,3217.26805811488,3279.2638201654,15124128215.1325,4553657.54629422,15124.1282151325
ETH,2024-04-03,3279.2638201654,3367.5269543468,3207.54830096961,3312.46699048674,10841893244.9732,3273005.61224385,10841.8932449732
ETH,2024-04-04,3312.46699048674,3442.4755757834,3253.18730629854,3329.25104346806,9757228299.8125,2922995.64952828,9757.2282998125
ETH,2024-04-05,3329.25104346806,3345.46861593661,3214.27936394651,3319.27379305716,10329039474.8489,3139591.49654872,10329.0394748489
ETH,2024-04-06,3319.27379305716,3397.41850336417,3309.44904245322,3352.869590507,5404247781.91166,1617202.24731152,5404.24778191166
ETH,2024-04-07,3352.869590507,3459.08140356629,3346.12414483824,3454.2099930246,5919515655.68682,1742521.50216995,5919.51565568682
ETH,2024-04-08,3454.2099930246,3728.2561548787,3409.76977578341,3695.12042016227,12692296674.4906,3526311.63854881,12692.2966744906
ETH,2024-04-09,3695.12042016227,3726.29552728368,3460.37029547744,3505.7715671194,12911449774.9337,3594673.33638036,12911.4497749337
ETH,2024-04-10,3505.7715671194,3561.28940037315,3416.11026540609,3546.33792533971,11546707761.6292,3299296.72249489,11546.7077616292
ETH,2024-04-11,3546.33792533971,3617.87180003888,3477.0977706438,3504.53210907005,9884189586.57223,2792734.75870193,9884.189586572229
ETH,2024-04-12,3504.53210907005,3553.9967929998,3166.64496997236,3239.89914834884,14845596990.9256,4427112.30642898,14845.5969909256
ETH,2024-04-13,3239.89914834884,3300.70597714731,2866.06464016999,3010.49098992236,20064533589.9329,6474822.42225417,20064.5335899329
ETH,2024-04-14,3010.49098992236,3174.58882239444,2915.95590924419,3158.92336996787,17633121678.7703,5790206.02112518,17633.1216787703
ETH,2024-04-15,3158.92336996787,3278.75199981809,3028.54693371687,3103.01491383267,15234433441.9565,4825031.4169227,15234.433441956498
ETH,2024-04-16,3103.01491383267,3127.40433516599,3000.49195891754,3085.80759501379,13344051104.9689,4354191.02521204,13344.051104968901
ETH,2024-04-17,3085.80759501379,3122.86256549129,2918.83945782353,2985.77739552866,12159304811.6133,4025820.86204956,12159.3048116133
ETH,2024-04-18,2985.77739552866,3092.25456114566,2956.05836418756,3066.13383589169,10028444763.6581,3310296.02082473,10028.4447636581
ETH,2024-04-19,3066.13383589169,3124.89644504543,2869.6294513333,3058.15674444344,13907760269.1931,4570252.37549309,13907.7602691931
ETH,2024-04-20,3058.15674444344,3170.04135998285,3022.43413441944,3157.18169392961,6222009093.4172,2012730.10486928,6222.0090934172
ETH,2024-04-21,3157.18169392961,3196.21626736212,3118.66943234124,3148.76634734896,5871240416.89759,1857850.55649948,5871.24041689759
ETH,2024-04-22,3148.76634734896,3236.12831625144,3131.77393214755,3202.02126566599,7892648837.47179,2470860.12200228,7892.64883747179
ETH,2024-04-23,3202.02126566599,3262.53631519909,3155.84124172548,3219.87359463409,7237121468.39344,2256542.32142119,7237.12146839344
ETH,2024-04-24,3219.87359463409,3292.52792673881,3106.83203751163,3139.55726811807,9599374979.50988,2993620.15481316,9599.37497950988
ETH,2024-04-25,3139.55726811807,3191.90404453973,3074.79449158823,3156.45703837559,9718819083.8362,3098839.95739834,9718.8190838362
ETH,2024-04-26,3156.45703837559,3166.44091071486,3103.78318167507,3131.57217169141,7110698501.63869,2266038.83996734,7110.69850163869
ETH,2024-04-27,3131.57217169141,3280.91607754165,3074.97665318748,3254.14176332595,7802726111.20068,2463224.69132574,7802.72611120068
ETH,2024-04-28,3254.14176332595,3347.07111675238,3249.52142831461,3264.20680003882,7472176708.984,2262326.04692496,7472.1767089840005
ETH,2024-04-29,3264.20680003882,3287.18173450743,3118.64029983975,3217.13366319078,10356225131.3521,3247211.40043713,10356.225131352101
ETH,2024-04-30,3217.13366319078,3250.22454099411,2919.77727831688,3012.98211389514,13017970980.7693,4276742.91122058,13017.9709807693
ETH,2024-05-01,3012.98211389514,3020.89627116159,2818.75658061854,2971.1577513975,14562427941.976,4979507.48685408,14562.427941976
ETH,2024-05-02,2971.1577513975,3015.97021983537,2897.9456221074,2988.75558209595,9468912549.05209,3192083.6807895,9468.91254905209
ETH,2024-05-03,2988.75558209595,3130.16041960833,2962.26510546471,3106.99319033876,9268724985.75125,3049066.06824621,9268.724985751249
ETH,2024-05-04,3106.99319033876,3169.08772714376,3097.97069256884,3118.05422406707,5486455642.00822,1754792.05667298,5486.45564200822
ETH,2024-05-05,3118.05422406707,3170.69956022403,3076.04752293397,3139.40356493576,5899670117.40187,1885644.78752376,5899.67011740187
ETH,2024-05-06,3139.40356493576,3221.84740397241,3050.24227372759,3064.74361468023,9198585870.45374,2940734.11358677,9198.585870453739
ETH,2024-05-07,3064.74361468023,3130.53937340219,3003.7395564371,3007.34535179739,8319702736.88298,2709707.5425276,8319.70273688298
ETH,2024-05-08,3007.34535179739,3038.32956527564,2941.78007217402,2975.08741169777,8207664252.83179,2735391.16519147,8207.66425283179
ETH,2024-05-09,2975.08741169777,3058.78978577241,2952.67925823124,3037.67399246278,7459385871.7473,2487477.4924468,7459.3858717473
ETH,2024-05-10,3037.67399246278,3054.02054882731,2882.82889990847,2911.33711078963,8479573799.754,2859523.27709216,8479.573799754
ETH,2024-05-11,2911.33711078963,2944.94784843725,2890.88890760877,2913.44829618448,4210260001.22225,1442493.42602212,4210.26000122225
ETH,2024-05-12,2913.44829618448,2954.54683155435,2902.90136238024,2932.00002985769,3480588133.41985,1188658.19367196,3480.58813341985
ETH,2024-05-13,2932.00002985769,2995.55491530437,2869.0090297709,2951.74530328113,9313598556.45535,3166197.22129512,9313.59855645535
ETH,2024-05-14,2951.74530328113,2960.58935505882,2864.34174057741,2882.23713141351,7732460332.30301,2659232.59824977,7732.46033230301
ETH,2024-05-15,2882.23713141351,3043.43551880307,2865.38718383591,3035.45163282885,8911302595.94612,3013890.03327988,8911.30259594612
ETH,2024-05-16,3035.45163282885,3042.91038758845,2926.11560181682,2946.51533234721,7951097140.77252,2666045.2247391,7951.09714077252
ETH,2024-05-17,2946.51533234721,3121.25366940203,2935.5419744171,3094.53179276228,8624558575.72145,2833604.18319373,8624.55857572145
ETH,2024-05-18,3094.53179276228,3147.99629815849,3087.20268066632,3123.79123318227,5095910946.60175,1635453.53753009,5095.910946601751
ETH,2024-05-19,3123.79123318227,3136.95647148083,3058.2188505931,3072.73048529982,4881923125.20704,1578340.79430305,4881.923125207039
ETH,2024-05-20,3072.73048529982,3688.69378190172,3051.59665322829,3661.62072414915,19333548007.2349,5777361.45919728,19333.548007234902
ETH,2024-05-21,3661.62072414915,3833.79647169634,3628.3104921556,3789.72332172731,24774295219.8822,6633809.43489627,24774.2952198822
ETH,2024-05-22,3789.72332172731,3811.23709591566,3655.1406831458,3737.2775577566,16612514548.047,4438789.61226841,16612.514548047002
ETH,2024-05-23,3737.2775577566,3944.4979276374,3633.8133099364,3784.12107803395,30285556084.0381,7975014.51694515,30285.5560840381
ETH,2024-05-24,3784.12107803395,3826.70178261668,3635.57750616532,3728.57208079007,13645451823.061,3665336.38421256,13645.451823061001
ETH,2024-05-25,3728.57208079007,3777.90937597614,3711.0503059051,3749.81744818477,5461069833.33868,1457695.1038964,5461.06983333868
ETH,2024-05-26,3749.81744818477,3880.8262765962,3732.70044418451,3827.02969558042,8189400893.91354,2146682.68429285,8189.40089391354
ETH,2024-05-27,3827.02969558042,3974.69955943332,3824.39393951796,3893.43564633168,11194995764.0769,2859558.89011189,11194.9957640769
ETH,2024-05-28,3893.43564633168,3926.74541561423,3772.65928097601,3842.12488384673,11776141397.3615,3054990.56113741,11776.1413973615
ETH,2024-05-29,3842.12488384673,3882.20554459444,3743.57205348428,3764.08183027557,10236579675.2434,2693098.05589185,10236.5796752434
ETH,2024-05-30,3764.08183027557,3824.29035230914,3702.55366342928,3748.27534374522,8862407567.5026,2356017.98429172,8862.4075675026
ETH,2024-05-31,3748.27534374522,3843.95212743224,3724.86300162805,3760.24511603896,9138217110.15524,2423121.08994173,9138.21711015524
ETH,2024-06-01,3760.24511603896,3829.17396191671,3750.84835637147,3814.11257989919,4505346175.41072,1188345.2169823,4505.34617541072
ETH,2024-06-02,3814.11257989919,3835.90178805795,3753.81083583628,3781.06442764188,5763652288.04959,1519567.43010582,5763.65228804959
ETH,2024-06-03,3781.06442764188,3848.92482273515,3759.96790956521,3767.05731256491,8070433026.32244,2123074.83442981,8070.43302632244
ETH,2024-06-04,3767.05731256491,3831.28429756631,3742.31861613598,3811.18521819956,7496887572.43015,1980673.80340081,7496.88757243015
ETH,2024-06-05,3811.18521819956,3886.244619185,3779.62517793116,3866.30609058263,9033209228.81161,2363541.288978,9033.20922881161
ETH,2024-06-06,3866.30609058263,3878.34435248353,3764.88869681604,3813.12573512698,7690685822.95415,2005046.93379379,7690.68582295415
ETH,2024-06-07,3813.12573512698,3839.92760160876,3630.18603257252,3678.80499086475,10344131939.1386,2760604.0919795,10344.131939138599
ETH,2024-06-08,3678.80499086475,3709.17649241637,3666.8229155697,3681.81652134532,4636454572.4088,1257458.850652,4636.4545724088
ETH,2024-06-09,3681.81652134532,3719.91614295677,3668.74045820595,3706.67025535108,3602743034.77983,975565.560996424,3602.74303477983
ETH,2024-06-10,3706.67025535108,3712.4032353061,3650.58418049659,3667.62918068126,5529608990.88347,1502767.56548335,5529.608990883469
ETH,2024-06-11,3667.62918068126,3672.06468474351,3434.58753284215,3498.42055572501,12999746837.5724,3683035.94568014,12999.746837572398
ETH,2024-06-12,3498.42055572501,3654.19407579382,3464.58903428408,3560.547220738,10933579874.4717,3063277.57167563,10933.579874471701
ETH,2024-06-13,3560.547220738,3561.69152737414,3432.08207057342,3469.22405974466,8951116693.54573,2562367.03038796,8951.116693545731
ETH,2024-06-14,3469.22405974466,3528.78238921484,3365.62889525767,3481.33357741163,10356324902.2171,2989593.21650378,10356.3249022171
ETH,2024-06-15,3481.33357741163,3591.69574330825,3473.6124100369,3568.00557986236,7715379967.55938,2178568.69936533,7715.37996755938
ETH,2024-06-16,3568.00557986236,3650.58830852516,3541.48675823895,3624.09948624204,5476541440.16208,1527235.22950617,5476.54144016208
ETH,2024-06-17,3624.09948624204,3636.67961445801,3469.08903642393,3511.31572923412,11880913623.7192,3354796.66197512,11880.9136237192
ETH,2024-06-18,3511.31572923412,3515.88958931165,3374.51185617705,3483.28978459293,14235240981.9383,4153266.97694854,14235.2409819383
ETH,2024-06-19,3483.28978459293,3584.86473929937,3466.75246980184,3560.60917050119,10027382821.9817,2830942.70739086,10027.3828219817
ETH,2024-06-20,3560.60917050119,3624.46739621185,3486.44410718427,3512.68037696305,10626036265.8066,2989251.5052251,10626.0362658066
ETH,2024-06-21,3512.68037696305,3544.47459842792,3447.86531779318,3517.97808613987,10660293338.1022,3047056.29064863,10660.2933381022
ETH,2024-06-22,3517.97808613987,3520.17845427855,3476.5279094995,3496.12049469382,4227321976.83137,1208179.74901797,4227.32197683137
ETH,2024-06-23,3496.12049469382,3520.32233385087,3411.2590789853,3420.54148127134,5388376533.93096,1550698.36371985,5388.376533930959
ETH,2024-06-24,3420.54148127134,3433.35964442869,3244.82648256732,3352.30833677029,15861223925.1994,4765448.3333556,15861.2239251994
ETH,2024-06-25,3352.30833677029,3424.72452328284,3336.95496464449,3395.00681353932,8659580961.13775,2558835.48283788,8659.58096113775
ETH,2024-06-26,3395.00681353932,3424.68692029117,3327.81894908583,3369.77858630358,7401693357.59689,2190074.75990388,7401.693357596891
ETH,2024-06-27,3369.77858630358,3472.86527803589,3362.68117362499,3446.5328023754,7264955382.33305,2124615.58962286,7264.95538233305
ETH,2024-06-28,3446.5328023754,3483.65919177542,3364.54017997065,3375.10789494401,8151142384.55379,2381361.72162114,8151.14238455379
ETH,2024-06-29,3375.10789494401,3403.53002263836,3370.6701190728,3374.36959716164,3414425117.06932,1008191.95262781,3414.42511706932
ETH,2024-06-30,3374.36959716164,3454.5644734772,3352.67301222209,3434.49112791887,4626612372.20236,1362294.13767139,4626.61237220236
ETH,2024-07-01,3434.49112791887,3517.66414722909,3425.51046652098,3440.23976720971,7634580851.23379,2197964.21005861,7634.580851233791
ETH,2024-07-02,3440.23976720971,3460.72258455972,3399.67277395247,3417.21449031426,5544021369.85751,1615224.10725528,5544.02136985751
ETH,2024-07-03,3417.21449031426,3427.46097779591,3253.84838197929,3293.59656106656,10185814186.361,3069283.203361,10185.814186361
ETH,2024-07-04,3293.59656106656,3310.76140400843,3054.8229750365,3060.48639285735,14068235556.7124,4446808.05561614,14068.2355567124
ETH,2024-07-05,3060.48639285735,3108.30873308052,2826.24582875356,2983.80526958559,19970997743.9271,6783384.10835575,19970.997743927102
ETH,2024-07-06,2983.80526958559,3082.43249471132,2958.93307744024,3069.17214494651,6921825006.12649,2295130.40295533,6921.82500612649
ETH,2024-07-07,3069.17214494651,3074.47614277294,2925.89441434076,2933.53875707559,6363318163.59297,2121764.057464,6363.3181635929695
ETH,2024-07-08,2933.53875707559,3088.60821175318,2829.17706777668,3020.79832639797,14642370398.1588,4925520.14459035,14642.3703981588
ETH,2024-07-09,3020.79832639797,3110.85765769435,3006.28811494504,3068.30226902493,9460345694.44415,3084573.64612602,9460.345694444151
ETH,2024-07-10,3068.30226902493,3150.94161800476,3028.36341383921,3102.89513510102,9065363696.71345,2923644.89872624,9065.36369671345
ETH,2024-07-11,3102.89513510102,3212.90082509003,3058.76436378606,3101.32244123151,9618684015.64983,3070053.71113931,9618.68401564983
ETH,2024-07-12,3101.32244123151,3158.18879901663,3050.44500418749,3135.76117076791,8132333857.70594,2621491.28768636,8132.33385770594
ETH,2024-07-13,3135.76117076791,3202.59324889562,3116.0211210974,3177.76448085779,4887253980.86843,1549150.51933495,4887.2539808684305
ETH,2024-07-14,3177.76448085779,3269.03005438029,3166.63727024386,3248.30161540126,6057954082.11934,1889749.33624393,6057.95408211934
ETH,2024-07-15,3248.30161540126,3494.21054332016,3238.04827620876,3486.68443111146,11335992084.7313,3362137.71561663,11335.9920847313
ETH,2024-07-16,3486.68443111146,3498.34953116728,3350.93906278712,3446.33121444741,12905386754.8922,3756436.03928445,12905.3867548922
ETH,2024-07-17,3446.33121444741,3516.18844500811,3379.40361193738,3388.68917410725,10339147308.6838,2991454.95184447,10339.1473086838
ETH,2024-07-18,3388.68917410725,3489.69898046175,3374.38503504279,3426.97125015171,9496158737.42692,2770610.32967574,9496.15873742692
ETH,2024-07-19,3426.97125015171,3539.69330417894,3379.1275738902,3506.22304949771,11507532997.7181,3332104.43779411,11507.532997718099
ETH,2024-07-20,3506.22304949771,3540.41474881099,3483.05113946146,3519.15494336664,5845990814.75718,1667724.02688494,5845.9908147571805
ETH,2024-07-21,3519.15494336664,3545.10107225043,3419.94260027836,3536.49715755041,8258328770.51366,2361547.83499197,8258.32877051366
ETH,2024-07-22,3536.49715755041,3560.44622897346,3427.04529964767,3441.42237510583,9464930707.97412,2716820.5594612,9464.93070797412
ETH,2024-07-23,3441.42237510583,3539.40041866201,3396.73815761599,3483.40549843441,16408071582.5586,4724543.55099539,16408.0715825586
ETH,2024-07-24,3483.40549843441,3487.54889996154,3315.62575995387,3336.58861403955,10339717754.4871,3028123.32365922,10339.717754487101
ETH,2024-07-25,3336.58861403955,3342.36184893933,3090.13877516936,3175.61098109489,16856464771.08,5312870.92856723,16856.464771079998
ETH,2024-07-26,3175.61098109489,3286.32451016505,3172.81562410784,3275.97535234621,10089539437.3796,3108584.44893012,10089.5394373796
ETH,2024-07-27,3275.97535234621,3327.27992720823,3199.61376968391,3249.93283228289,9145348577.51761,2797606.02793133,9145.34857751761
ETH,2024-07-28,3249.93283228289,3282.76999635191,3201.77939933719,3271.51516310803,4910596700.23502,1510396.0878881,4910.59670023502
ETH,2024-07-29,3271.51516310803,3396.36839134993,3260.27887497462,3318.65580014009,11491716880.9858,3449167.82342408,11491.7168809858
ETH,2024-07-30,3318.65580014009,3365.38374389422,3237.77912787368,3279.45650518382,8826123643.46912,2667155.87779238,8826.12364346912
ETH,2024-07-31,3279.45650518382,3348.47305703441,3216.58393844324,3232.72360686107,10808589059.1219,3285616.22610248,10808.589059121901
ETH,2024-08-01,3232.72360686107,3242.52981215789,3080.23038274419,3202.46341466353,13609204468.3741,4307401.39388273,13609.2044683741
ETH,2024-08-02,3202.46341466353,3216.10984152907,2967.28652657126,2987.48860763923,14281267408.9275,4636799.96422526,14281.2674089275
ETH,2024-08-03,2987.48860763923,3017.11059404523,2862.23683559956,2903.07768111594,11746724501.8289,3990516.60271861,11746.7245018289
ETH,2024-08-04,2903.07768111594,2932.13817855917,2653.22095579287,2689.36143395158,13831858820.8503,4941792.05591423,13831.8588208503
ETH,2024-08-05,2689.36143395158,2697.06995182596,2182.23954227345,2420.35537381766,41243109900.525,17558381.7752093,41243.109900525
ETH,2024-08-06,2420.35537381766,2550.82326585945,2418.16827527423,2463.57161890341,17797002607.9287,7133049.52790652,17797.002607928698
ETH,2024-08-07,2463.57161890341,2550.75064611801,2313.08166979787,2343.58076108603,16325815528.6916,6695587.54539521,16325.8155286916
ETH,2024-08-08,2343.58076108603,2720.6832638969,2323.49278703615,2684.63844037316,14898475614.6215,5944800.53290026,14898.4756146215
ETH,2024-08-09,2684.63844037316,2706.84505939079,2556.68015803601,2601.39691890985,11459773561.6558,4353732.63836728,11459.7735616558
ETH,2024-08-10,2601.39691890985,2643.55761720181,2580.87672462951,2611.25812358178,5547085225.03581,2121905.9989198,5547.08522503581
ETH,2024-08-11,2611.25812358178,2715.71506403074,2547.20433711824,2557.09843554207,8503414982.24588,3238348.94969395,8503.41498224588
ETH,2024-08-12,2557.09843554207,2748.27471394848,2516.0986955836,2724.099885861,14548417551.4305,5517319.32481939,14548.4175514305
ETH,2024-08-13,2724.099885861,2738.89828902656,2615.51790655027,2704.47676712948,10782261344.8141,4023296.01020795,10782.2613448141
ETH,2024-08-14,2704.47676712948,2772.19407995092,2638.73926658406,2663.16489883753,10487062751.9006,3886759.2250826,10487.062751900601
ETH,2024-08-15,2663.16489883753,2676.10745101302,2523.0417020356,2571.36775164115,10998264880.4732,4214059.87751748,10998.2648804732
ETH,2024-08-16,2571.36775164115,2630.31929048326,2554.27440863579,2594.72537326143,8693169384.55393,3346133.85466706,8693.16938455393
ETH,2024-08-17,2594.72537326143,2628.60573427743,2590.12211753883,2615.3099731702,3607370698.05574,1383560.78199962,3607.37069805574
ETH,2024-08-18,2615.3099731702,2683.14538205291,2596.83482693422,2613.76090916191,5148004617.64352,1947919.03634176,5148.004617643521
ETH,2024-08-19,2613.76090916191,2649.42329384194,2568.92353068579,2638.46550254436,7452371711.33482,2858808.49442422,7452.37171133482
ETH,2024-08-20,2638.46550254436,2696.17948280107,2558.94579797755,2574.68386119622,8342381699.54251,3175312.67927735,8342.38169954251
ETH,2024-08-21,2574.68386119622,2662.42212834015,2541.78678187742,2632.04498872313,7970801691.4146,3059896.97456021,7970.8016914146
ETH,2024-08-22,2632.04498872313,2645.65745159008,2588.18342354587,2623.78926296555,6725077281.63756,2566751.22633834,6725.07728163756
ETH,2024-08-23,2623.78926296555,2798.3681478975,2622.65465056726,2764.8684710441,11067592955.6029,4106959.29512561,11067.592955602899
ETH,2024-08-24,2764.8684710441,2819.670685193,2737.57118979729,2770.2615050429,7239710347.70783,2611800.66349441,7239.710347707831
ETH,2024-08-25,2770.2615050429,2792.98533690809,2736.16915414313,2748.97625053907,5533665280.67116,2002229.4362755,5533.66528067116
ETH,2024-08-26,2748.97625053907,2763.83182246592,2669.68703488499,2681.94868975132,7865214818.59455,2889437.84057522,7865.21481859455
ETH,2024-08-27,2681.94868975132,2700.27581817478,2412.75442395153,2459.49014111166,11850166652.0425,4598807.64115868,11850.166652042499
ETH,2024-08-28,2459.49014111166,2554.8623026912,2422.85824238225,2529.37551278893,13560911079.3778,5436775.40997553,13560.9110793778
ETH,2024-08-29,2529.37551278893,2596.7093619201,2508.62876106729,2529.31108205071,9083941965.31243,3564488.78560534,9083.94196531243
ETH,2024-08-30,2529.31108205071,2540.92028450172,2437.05387603412,2527.28144295473,10213451154.7049,4081702.88571019,10213.4511547049
ETH,2024-08-31,2527.28144295473,2534.44090106814,2495.8505863419,2515.26481304794,3909004190.75604,1551817.68016107,3909.0041907560403
ETH,2024-09-01,2515.26481304794,2517.74717523531,2404.51528450702,2428.41088888694,7621389458.55997,3084373.47864211,7621.38945855997
ETH,2024-09-02,2428.41088888694,2563.15272992897,2426.88697710386,2539.73240139312,7766300272.82786,3113288.07440039,7766.30027282786
ETH,2024-09-03,2539.73240139312,2554.32634364624,2421.60478488108,2425.95524280362,7300634884.55119,2944209.17990645,7300.63488455119
ETH,2024-09-04,2425.95524280362,2490.13988982838,2319.18140280004,2451.60446340292,10783008857.6037,4477827.86236708,10783.008857603701
ETH,2024-09-05,2451.60446340292,2466.75846622113,2350.6779508657,2369.46148306266,8780987834.92463,3665982.36489195,8780.98783492463
ETH,2024-09-06,2369.46148306266,2408.33972326252,2154.14440287052,2226.11620617795,17665238866.7377,7703063.79644014,17665.2388667377
ETH,2024-09-07,2226.11620617795,2312.04453022485,2223.39374337138,2275.2085550946,6536944962.91024,2874118.97965585,6536.94496291024
ETH,2024-09-08,2275.2085550946,2332.88469591341,2244.4911574814,2299.00955938746,6205140387.33793,2715137.69186736,6205.1403873379295
ETH,2024-09-09,2299.00955938746,2378.9345297361,2274.65238238332,2360.52573803135,10268104312.2879,4419381.9361377,10268.1043122879
ETH,2024-09-10,2360.52573803135,2398.41239741762,2323.54329197008,2388.99772310731,8054550284.97644,3420063.56859541,8054.550284976441
ETH,2024-09-11,2388.99772310731,2389.44239085889,2280.03960389065,2341.10722803553,10148242901.6056,4346334.4343748,10148.242901605601
ETH,2024-09-12,2341.10722803553,2389.12853954151,2316.48608566345,2362.3291256098,7673472986.56925,3260542.9840691,7673.47298656925
ETH,2024-09-13,2362.3291256098,2463.35315847383,2338.49586067888,2441.34764339843,8338864378.246,3482995.9465188,8338.864378246
ETH,2024-09-14,2441.34764339843,2442.37511393675,2391.83459431813,2418.94715704554,4284857249.0147,1771660.4364254,4284.8572490147
ETH,2024-09-15,2418.94715704554,2430.07181239671,2296.21872252323,2318.30295272663,5835898077.47797,2456228.69763231,5835.89807747797
ETH,2024-09-16,2318.30295272663,2336.37710954719,2255.20869977491,2296.43115748317,10219692076.6317,4460719.56937887,10219.6920766317
ETH,2024-09-17,2296.43115748317,2393.12922946668,2265.36261833396,2342.81767433264,9398506081.60818,4022707.41733322,9398.506081608179
ETH,2024-09-18,2342.81767433264,2375.3635454067,2279.39151519049,2374.92414275571,11583485630.9975,4990062.93418416,11583.4856309975
ETH,2024-09-19,2374.92414275571,2492.58021709017,2374.14549752593,2465.63523992376,11346649535.3352,4662291.25136041,11346.6495353352
ETH,2024-09-20,2465.63523992376,2571.12746710744,2439.02402672985,2561.87834481878,11960891516.9068,4722313.26420959,11960.891516906799
ETH,2024-09-21,2561.87834481878,2621.55105837683,2530.29293277979,2613.68559863244,6133217688.41481,2392310.99721381,6133.21768841481
ETH,2024-09-22,2613.68559863244,2631.45936247228,2528.61457756448,2581.93318501953,7567362795.93315,2929650.81411731,7567.362795933151
ETH,2024-09-23,2581.93318501953,2701.60539694447,2542.50512769365,2647.82971646866,12780426716.0218,4821862.280937,12780.426716021799
ETH,2024-09-24,2647.82971646866,2672.07543701366,2593.76008786374,2654.66859492085,10316300615.9895,3912494.99014518,10316.3006159895
ETH,2024-09-25,2654.66859492085,2673.85210804431,2557.44756169865,2579.89272789656,8567961516.58726,3281245.81711495,8567.96151658726
ETH,2024-09-26,2579.89272789656,2665.41142069473,2560.68867736406,2633.22549246743,10735236040.7682,4087934.51528848,10735.236040768199
ETH,2024-09-27,2633.22549246743,2727.31441827065,2616.61140969359,2695.68169549331,10042663942.5394,3756793.80893078,10042.6639425394
ETH,2024-09-28,2695.68169549331,2704.73908068038,2652.04309411952,2676.68530209216,5370436891.16992,2005593.28726322,5370.43689116992
ETH,2024-09-29,2676.68530209216,2684.3733771259,2636.40865078,2658.75690258036,5926780921.00037,2227808.04295848,5926.78092100037
ETH,2024-09-30,2658.75690258036,2663.32599597364,2575.73618632314,2602.22822885978,11169187081.6598,4270090.19861646,11169.1870816598
ETH,2024-10-01,2602.22822885978,2657.57695844876,2416.35593790426,2448.57429069882,16508616955.0388,6502163.34561353,16508.6169550388
ETH,2024-10-02,2448.57429069882,2498.6622994528,2355.50002928802,2364.62120966178,13393458751.5293,5501577.54025632,13393.4587515293
ETH,2024-10-03,2364.62120966178,2402.95419985283,2311.03166255412,2350.29077225382,11833612516.4473,5031097.41953381,11833.6125164473
ETH,2024-10-04,2350.29077225382,2440.5818759971,2339.8636215234,2414.91805236318,9482948728.27558,3967089.81958599,9482.94872827558
ETH,2024-10-05,2414.91805236318,2428.08122933605,2391.23302041294,2415.1961837348,4336764512.1554,1798046.67114017,4336.764512155401
ETH,2024-10-06,2415.1961837348,2457.49391716893,2407.73952217586,2440.47232021911,4483408446.54586,1842487.91319532,4483.40844654586
ETH,2024-10-07,2440.47232021911,2519.88568021069,2406.25575907796,2422.52451162795,10686130363.2096,4327572.25545963,10686.1303632096
ETH,2024-10-08,2422.52451162795,2462.64825863463,2401.3710949559,2439.84917776387,8694825840.71211,3573778.00381433,8694.82584071211
ETH,2024-10-09,2439.84917776387,2471.51864391202,2351.71252585583,2368.86866986022,9256832007.99823,3817023.54849516,9256.83200799823
ETH,2024-10-10,2368.86866986022,2417.16335719987,2330.10320808246,2384.60309599467,9290504567.55107,3903419.39245135,9290.50456755107
ETH,2024-10-11,2384.60309599467,2470.78408457621,2380.48725669533,2438.75456093692,7702471695.90988,3172436.86332327,7702.47169590988
ETH,2024-10-12,2438.75456093692,2489.83591086485,2434.02339624692,2477.09300615801,4723043653.37367,1918788.21906146,4723.043653373669
ETH,2024-10-13,2477.09300615801,2485.09041991942,2437.26756022478,2468.92937948669,4693712668.95119,1907711.54999806,4693.71266895119
ETH,2024-10-14,2468.92937948669,2652.05551157267,2444.07069644365,2628.88388317795,12335924383.9278,4803909.49961011,12335.924383927799
ETH,2024-10-15,2628.88388317795,2684.5879821248,2539.02903828636,2606.99117868528,12724684576.0877,4891670.37327896,12724.6845760877
ETH,2024-10-16,2606.99117868528,2645.98523264248,2589.0277877564,2611.09488150878,9744511373.54565,3723117.20240995,9744.51137354565
ETH,2024-10-17,2611.09488150878,2647.16595377862,2576.72142254425,2605.10490671716,8572074929.16898,3280809.70437795,8572.074929168979
ETH,2024-10-18,2605.10490671716,2674.74893765491,2595.98246239903,2641.78730597175,9356857428.25917,3550809.38364537,9356.85742825917
ETH,2024-10-19,2641.78730597175,2662.39506007137,2631.57190109004,2648.0899251209,4050364692.53426,1531832.69317815,4050.3646925342596
ETH,2024-10-20,2648.0899251209,2757.19518769884,2635.63702033114,2746.13321341567,7277737159.13059,2703107.78770535,7277.73715913059
ETH,2024-10-21,2746.13321341567,2766.55958366079,2655.33896658743,2665.63791044661,10039027875.1059,3716150.55446825,10039.0278751059
ETH,2024-10-22,2665.63791044661,2670.42344812913,2605.82386586912,2621.65189778173,8684105363.53031,3299580.80755696,8684.10536353031
ETH,2024-10-23,2621.65189778173,2624.58808787455,2458.42602975521,2522.34701120675,10050659582.7356,3945586.39243167,10050.6595827356
ETH,2024-10-24,2522.34701120675,2558.9085311691,2506.71439517409,2534.5226597386,9105729989.13156,3595389.16074707,9105.72998913156
ETH,2024-10-25,2534.5226597386,2563.63788743263,2385.22632659789,2436.75948399293,13245681345.0196,5307557.68951324,13245.6813450196
ETH,2024-10-26,2436.75948399293,2504.14292548279,2426.92090841004,2480.00716246484,7047714176.8086,2863396.82310473,7047.7141768086
ETH,2024-10-27,2480.00716246484,2524.21689359241,2462.48162846247,2505.72583482385,4830283334.05883,1940640.27957949,4830.28333405883
ETH,2024-10-28,2505.72583482385,2587.24782686349,2469.86559735565,2566.11836910918,10992017245.943,4366629.58194217,10992.017245943001
ETH,2024-10-29,2566.11836910918,2680.73686542855,2560.20369640163,2637.98635118084,12503672541.3199,4760391.22739781,12503.6725413199
ETH,2024-10-30,2637.98635118084,2720.64251405617,2599.87272497668,2659.04188637736,12566904935.4062,4708378.71809166,12566.9049354062
ETH,2024-10-31,2659.04188637736,2668.40802530508,2502.46948318205,2516.44027298156,11147897750.8593,4313689.99428395,11147.8977508593
ETH,2024-11-01,2516.44027298156,2584.56368689847,2468.69898146565,2511.33606182727,11305800939.2055,4488712.8703919,11305.8009392055
ETH,2024-11-02,2511.33606182727,2522.92081849537,2472.08121749856,2493.85015277341,4775111174.28259,1913252.48915137,4775.11117428259
ETH,2024-11-03,2493.85015277341,2496.35353174378,2411.4232511489,2457.49165387867,8880586834.79301,3627674.41603852,8880.58683479301
ETH,2024-11-04,2457.49165387867,2490.40328311317,2360.89611744807,2397.62191387313,10115011463.0383,4148831.68979099,10115.0114630383
ETH,2024-11-05,2397.62191387313,2479.42300667216,2380.61659207493,2423.02566874944,10359848584.764,4254146.73922463,10359.848584764
ETH,2024-11-06,2423.02566874944,2742.82462511578,2421.54807629819,2723.40439784348,23151777398.421,8873485.60920298,23151.777398421
ETH,2024-11-07,2723.40439784348,2918.05964731145,2700.81997375561,2896.6216464315,20213744039.7672,7126986.39733095,20213.7440397672
ETH,2024-11-08,2896.6216464315,2984.04799955384,2889.14408961365,2963.41936916003,17478702575.3994,5968043.98900675,17478.7025753994
ETH,2024-11-09,2963.41936916003,3156.99789343529,2956.88019365199,3128.29641745652,15337619193.1238,5042241.64824153,15337.6191931238
ETH,2024-11-10,3128.29641745652,3249.98587951702,3073.44124673846,3186.00197527386,25503818108.3013,8018569.70007056,25503.8181083013
ETH,2024-11-11,3186.00197527386,3389.73966800028,3109.21546635397,3375.11917035881,31078702335.5922,9563821.56467209,31078.702335592203
ETH,2024-11-12,3375.11917035881,3442.81086452041,3212.18304140173,3247.86920524454,33835284670.155,10248039.4302655,33835.284670155
ETH,2024-11-13,3247.86920524454,3337.48975581612,3122.53624741135,3191.62722106518,31227927612.2566,9692484.73953114,31227.9276122566
ETH,2024-11-14,3191.62722106518,3241.86653404472,3033.25100762256,3059.72632651612,20755491197.5177,6581429.59703289,20755.491197517702
ETH,2024-11-15,3059.72632651612,3131.29037450591,3016.77103824616,3091.31546789994,17578517286.0744,5732435.16714383,17578.517286074402
ETH,2024-11-16,3091.31546789994,3219.08588423843,3072.39704922254,3133.72354702204,14012555511.075,4451168.74478037,14012.555511075001
ETH,2024-11-17,3133.72354702204,3161.48376510476,3039.75861400184,3076.72363920761,15407027215.574,4974606.06400073,15407.027215573999
ETH,2024-11-18,3076.72363920761,3224.34251124938,3052.74815717121,3209.79322591428,18978281673.6041,6062897.36300328,18978.2816736041
ETH,2024-11-19,3209.79322591428,3221.87522306866,3071.00520065038,3111.35931426714,16134045990.7879,5163459.13436382,16134.045990787901
ETH,2024-11-20,3111.35931426714,3160.00219097948,3033.26197315587,3072.5177260442,16337758697.2488,5277621.90005132,16337.7586972488
ETH,2024-11-21,3072.5177260442,3388.22146926445,3037.17210544225,3358.79915977393,27958626288.8158,8591130.13522094,27958.626288815798
ETH,2024-11-22,3358.79915977393,3427.53259336155,3262.27249185708,3328.8201115204,20719648297.8283,6227170.69402955,20719.648297828302
ETH,2024-11-23,3328.8201115204,3497.12250696803,3315.31706756988,3396.0735191255,20748597186.324,6105422.90272957,20748.597186324
ETH,2024-11-24,3396.0735191255,3450.98612238574,3288.38460136413,3363.30449065622,14272845141.4529,4253085.12603839,14272.845141452899
ETH,2024-11-25,3363.30449065622,3544.47731975335,3303.81341660468,3414.42932732136,29220808959.3622,8478342.63107561,29220.808959362203
ETH,2024-11-26,3414.42932732136,3461.7796082203,3255.11429075456,3324.22988852545,22547547023.0804,6735152.3217694,22547.5470230804
ETH,2024-11-27,3324.22988852545,3687.33783677313,3302.44800492816,3656.80620227961,24156004293.7079,6891685.66081542,24156.0042937079
ETH,2024-11-28,3656.80620227961,3664.75282891373,3531.91056917089,3579.45093468315,17816534598.6768,4955617.76005913,17816.5345986768
ETH,2024-11-29,3579.45093468315,3646.46611757989,3538.11427652911,3593.3926687714,15132051110.3999,4214858.92001034,15132.0511103999
ETH,2024-11-30,3593.3926687714,3739.5526547528,3571.86508376044,3706.23945908511,16328626169.7012,4449348.38314291,16328.6261697012
ETH,2024-12-01,3706.23945908511,3746.40793210764,3663.21366490746,3709.93349925813,14907372574.7459,4020730.98788747,14907.3725747459
ETH,2024-12-02,3709.93349925813,3760.69078392558,3559.88447728366,3644.32478647478,24810130910.2034,6805953.89373892,24810.1309102034
ETH,2024-12-03,3644.32478647478,3669.88026424101,3510.82688737523,3615.94497294694,21939690742.4358,6099150.1090897,21939.6907424358
ETH,2024-12-04,3615.94497294694,3894.31674853753,3615.94497294694,3843.55773834304,34313010742.8936,9112755.7291217,34313.0107428936
ETH,2024-12-05,3843.55773834304,3956.42707148568,3725.33167561068,3789.38814632589,37376590846.2152,9675816.94618461,37376.5908462152
ETH,2024-12-06,3789.38814632589,4092.15018817862,3783.10837565802,4003.91937252117,40466735575.9157,10209873.8289579,40466.7355759157
ETH,2024-12-07,4003.91937252117,4028.2116202623,3973.85936837869,4000.1657872022,12282871284.2952,3071237.60124115,12282.8712842952
ETH,2024-12-08,4000.1657872022,4016.92577684788,3928.57008562622,4005.97020595298,11199740914.6657,2811255.24107782,11199.740914665701
ETH,2024-12-09,4005.97020595298,4007.12102001211,3574.86817743005,3717.51408197287,33721830358.8864,8855955.25253309,33721.8303588864
ETH,2024-12-10,3717.51408197287,3780.23459106983,3520.35541814474,3630.84217508442,35097367694.1723,9591459.12939164,35097.3676941723
ETH,2024-12-11,3630.84217508442,3850.01287843753,3566.03668955876,3833.51136612567,20027465002.0121,5369085.63334846,20027.4650020121
ETH,2024-12-12,3833.51136612567,3987.3468237072,3799.40070670543,3882.47995077511,26319112035.2509,6722872.42887136,26319.1120352509
ETH,2024-12-13,3882.47995077511,3967.53436258911,3854.87809461206,3907.63711036382,18094877548.0348,4625306.67637048,18094.8775480348
ETH,2024-12-14,3907.63711036382,3944.28934230616,3826.93561368089,3870.11678418217,12786217985.281,3291482.99993049,12786.217985281
ETH,2024-12-15,3870.11678418217,3972.13078531425,3832.80699221858,3956.69313923646,11740822944.0668,3017828.58076517,11740.822944066798
ETH,2024-12-16,3956.69313923646,4106.38860565128,3884.81612360788,3987.30025318417,26362503476.6064,6612624.01900669,26362.503476606398
ETH,2024-12-17,3987.30025318417,4040.86439052694,3851.59706462083,3893.89760167185,20365678322.3919,5131135.93251049,20365.678322391897
ETH,2024-12-18,3893.89760167185,3904.18966618911,3618.84933459939,3626.22194837514,29509434908.0012,7785682.1671077,29509.434908001203
ETH,2024-12-19,3626.22194837514,3719.50024836078,3332.53774883865,3415.65486690531,36311253797.096,10283813.9765741,36311.253797096004
ETH,2024-12-20,3415.65486690531,3498.11272644942,3099.07816348223,3473.12056626783,40925752397.773,12305039.5611447,40925.752397773
ETH,2024-12-21,3473.12056626783,3554.824861144,3292.9439682705,3337.07966702649,20334520352.8862,5960805.11553919,20334.5203528862
ETH,2024-12-22,3337.07966702649,3399.75758552282,3219.9412932762,3279.05723024902,16106096988.4569,4852405.37861476,16106.0969884569
ETH,2024-12-23,3279.05723024902,3463.02180627553,3216.23166527976,3419.58418153938,23339534799.4607,7011512.08000344,23339.5347994607
ETH,2024-12-24,3419.58418153938,3537.19505365708,3355.91032536744,3492.20320231671,14988285986.7282,4351896.49074573,14988.2859867282
ETH,2024-12-25,3492.20320231671,3543.90713487665,3441.14464948555,3495.90137076245,10914739852.6415,3134745.28608883,10914.7398526415
ETH,2024-12-26,3495.90137076245,3513.1481556635,3303.9328826919,3332.56035902991,13782576584.7743,4085710.90810292,13782.5765847743
ETH,2024-12-27,3332.56035902991,3436.66927416062,3304.34865543995,3329.78428412289,14595994873.6947,4348234.08348943,14595.9948736947
ETH,2024-12-28,3329.78428412289,3419.92367672406,3318.73531753255,3398.73124322336,7878507515.24812,2341690.96460373,7878.50751524812
ETH,2024-12-29,3398.73124322336,3407.97596172348,3322.39422374371,3351.8171799867,7282154404.75253,2162101.4329502,7282.15440475253
ETH,2024-12-30,3351.8171799867,3430.03144890062,3300.2591720378,3357.07760744907,16313004011.29,4839706.24675394,16313.00401129
ETH,2024-12-31,3357.07760744907,3445.82813919508,3312.44877561354,3332.50763246674,12599574128.3915,3736318.06368232,12599.574128391501
ETH,2025-01-01,3332.50763246674,3368.02470649689,3311.05425383478,3355.14756236522,8032552937.88402,2403353.91659058,8032.55293788402
ETH,2025-01-02,3355.14756236522,3495.12087628969,3349.97136563705,3452.9679592208,13136945140.3012,3816626.0049984,13136.9451403012
ETH,2025-01-03,3452.9679592208,3627.97524558704,3422.22175308334,3607.71040339028,12836921978.8709,3636645.35349667,12836.9219788709
ETH,2025-01-04,3607.71040339028,3669.52281103841,3573.3513163504,3656.25297292294,9038863360.45584,2496586.02200628,9038.86336045584
ETH,2025-01-05,3656.25297292294,3673.4406787739,3595.31399237739,3635.62897708073,7028475195.1337,1936049.3537952,7028.4751951337
ETH,2025-01-06,3635.62897708073,3743.80338382984,3611.75027103996,3689.16809286993,14358169938.6983,3910304.96645108,14358.1699386983
ETH,2025-01-07,3689.16809286993,3701.53141047505,3359.41238578724,3381.9663435697,19851738920.0192,5661857.45626334,19851.7389200192
ETH,2025-01-08,3381.9663435697,3415.23088213133,3211.16843377219,3327.67421465607,21682270131.1528,6515734.01552164,21682.2701311528
ETH,2025-01-09,3327.67421465607,3357.28054867576,3160.87999240942,3220.46844766833,18408757037.0763,5634006.01527926,18408.757037076302
ETH,2025-01-10,3220.46844766833,3321.91573067985,3197.99607480295,3267.38576316716,16516890846.4708,5059366.62475962,16516.8908464708
ETH,2025-01-11,3267.38576316716,3319.10760386061,3219.71048958582,3282.54332791325,6757751373.42274,2070199.10386392,6757.75137342274
ETH,2025-01-12,3282.54332791325,3298.34591433708,3224.68527716697,3266.78233529536,6305601078.69364,1929640.20968407,6305.6010786936395
ETH,2025-01-13,3266.78233529536,3335.60046416373,2937.13232097447,3137.59663100255,24618288272.2206,7953082.6050833,24618.2882722206
ETH,2025-01-14,3137.59663100255,3256.386086144,3127.5337069735,3225.14845952123,13834988427.5262,4326866.41248222,13834.9884275262
ETH,2025-01-15,3225.14845952123,3473.88612311043,3186.89398825607,3451.66917400987,15039841987.6961,4544495.00939784,15039.8419876961
ETH,2025-01-16,3451.66917400987,3459.26230099884,3266.98428401845,3307.97709319029,15595185681.8707,4669195.32967862,15595.1856818707
ETH,2025-01-17,3307.97709319029,3525.83348928819,3307.93988235047,3474.91498700687,15787411567.2761,4616608.23630901,15787.4115672761
ETH,2025-01-18,3474.91498700687,3495.58273873783,3229.57341810332,3304.63046806216,18507331650.5698,5586767.63224249,18507.331650569802
ETH,2025-01-19,3304.63046806216,3444.78556201998,3127.80019327843,3213.66275269156,33719797974.3073,10254054.2610827,33719.7979743073
ETH,2025-01-20,3213.66275269156,3444.56462152858,3145.94904158157,3282.36572505615,29831714637.9529,9017951.77805677,29831.7146379529
ETH,2025-01-21,3282.36572505615,3368.05231923537,3205.80492574008,3328.98082181089,20392077850.6483,6210167.33848447,20392.0778506483
ETH,2025-01-22,3328.98082181089,3366.483390411,3224.54905333898,3243.02762095491,13474177912.4479,4088797.52881211,13474.1779124479
ETH,2025-01-23,3243.02762095491,3348.36881437879,3186.37035495035,3339.94345004003,20975485059.651,6463518.49578452,20975.485059651
ETH,2025-01-24,3339.94345004003,3425.36256349303,3278.64595683796,3312.13139378679,15686099697.2467,4660462.51316086,15686.0996972467
ETH,2025-01-25,3312.13139378679,3351.43489458312,3270.18741578603,3318.89128315824,7466898539.91471,2254120.59548833,7466.89853991471
ETH,2025-01-26,3318.89128315824,3362.05887527876,3230.64892310879,3233.21973601805,7746059841.62017,2340957.40043915,7746.059841620169
ETH,2025-01-27,3233.21973601805,3251.36809650539,3026.77818101132,3182.10030511714,25075138962.1919,8036815.85409977,25075.138962191897
ETH,2025-01-28,3182.10030511714,3223.87421502826,3040.09045408502,3076.47871383954,12186001029.7333,3861602.25147669,12186.0010297333
ETH,2025-01-29,3076.47871383954,3174.00602581065,3054.30555696784,3114.21001324055,13703119098.2016,4394142.94550934,13703.1190982016
ETH,2025-01-30,3114.21001324055,3284.36086093712,3093.67501254486,3249.36154725967,11391067256.8547,3533032.67136228,11391.0672568547
ETH,2025-01-31,3249.36154725967,3438.59476132744,3216.08413977473,3302.01708582671,17823126708.06,5359370.96977851,17823.12670806
ETH,2025-02-01,3302.01708582671,3332.36315201929,3102.30350072536,3117.2353711104,11819686620.3928,3660123.16162173,11819.6866203928
ETH,2025-02-02,3117.2353711104,3162.14739862831,2782.70182641661,2868.6509353831,26060316903.7194,8720009.80880256,26060.3169037194
ETH,2025-02-03,2868.6509353831,2918.58513440065,2170.35618882167,2882.68832054116,49332098813.525,18784724.4999371,49332.098813525
ETH,2025-02-04,2882.68832054116,2888.97365652439,2635.19124097381,2732.23094373655,31702874738.6014,11456716.8835869,31702.8747386014
ETH,2025-02-05,2732.23094373655,2825.87742724238,2700.96634086627,2788.24396356463,20245028045.0976,7329246.06394041,20245.0280450976
ETH,2025-02-06,2788.24396356463,2857.65850967231,2661.57018477165,2687.34195398994,18971246462.463,6892026.46539021,18971.246462463
ETH,2025-02-07,2687.34195398994,2798.31492994843,2564.88530399022,2622.9405387753,19497935767.5041,7233105.73402139,19497.9357675041
ETH,2025-02-08,2622.9405387753,2665.44311690781,2590.62480805584,2633.0217216455,10662138219.8828,4060801.20153362,10662.1382198828
ETH,2025-02-09,2633.0217216455,2689.69160013989,2531.09545435171,2628.27951347464,10673533355.0368,4058716.28236754,10673.5333550368
ETH,2025-02-10,2628.27951347464,2694.64093349396,2563.50120763089,2663.04776912764,11808086610.8423,4463939.43835313,11808.0866108423
ETH,2025-02-11,2663.04776912764,2726.11337233169,2572.79263559052,2602.52335581854,13328666201.1702,5013813.03354114,13328.666201170201
ETH,2025-02-12,2602.52335581854,2793.33050367638,2552.67309891824,2739.46787300382,16550874652.0116,6275160.99128179,16550.8746520116
ETH,2025-02-13,2739.46787300382,2757.6851368471,2617.71126885857,2677.81418066867,11284988303.76,4218344.34062349,11284.98830376
ETH,2025-02-14,2677.81418066867,2792.3949969015,2667.1642479522,2727.61142675063,9925611287.00162,3646745.68677169,9925.611287001619
ETH,2025-02-15,2727.61142675063,2740.47967375408,2677.20693972996,2695.21532253349,5482267567.4193,2026012.20164813,5482.2675674193
ETH,2025-02-16,2695.21532253349,2724.71679292586,2658.18454587149,2663.31846990909,5494356609.42056,2041390.44399689,5494.35660942056
ETH,2025-02-17,2663.31846990909,2849.39918798321,2643.75942979989,2745.64016493534,13946324147.0597,5088100.54441475,13946.3241470597
ETH,2025-02-18,2745.64016493534,2756.10688164988,2607.27771260176,2671.96850134117,14051274101.9368,5257633.78474039,14051.2741019368
ETH,2025-02-19,2671.96850134117,2737.20783667993,2657.72066041656,2717.20253835699,8814084220.79044,3257318.44027437,8814.084220790439
ETH,2025-02-20,2717.20253835699,2769.75638656601,2709.19339629908,2739.91454044872,8807921832.05899,3216963.71273221,8807.92183205899
ETH,2025-02-21,2739.91454044872,2844.88039989127,2616.4579147434,2661.7985843196,19041970753.0883,6975464.6080291,19041.9707530883
ETH,2025-02-22,2661.7985843196,2797.49136509512,2654.0805700709,2764.2965817813,9420314292.16227,3450361.93086058,9420.31429216227
ETH,2025-02-23,2764.2965817813,2846.87895496451,2747.17030200925,2820.31466192302,11093261825.2149,3961209.61376585,11093.261825214899
ETH,2025-02-24,2820.31466192302,2839.09455130316,2488.7273144514,2515.54339488631,18421923345.6914,6899560.82410691,18421.923345691397
ETH,2025-02-25,2515.54339488631,2531.81179684182,2336.79425688279,2494.9475020713,24376727469.2816,10012600.1453874,24376.727469281603
ETH,2025-02-26,2494.9475020713,2505.78915698001,2258.9333034905,2335.02808513534,18280565862.3447,7658679.57574593,18280.5658623447
ETH,2025-02-27,2335.02808513534,2379.82114026807,2232.84520117077,2307.30197239417,15725398416.4229,6772572.18717174,15725.398416422899
ETH,2025-02-28,2307.30197239417,2313.116603024,2078.65188593406,2237.88941467717,22960735593.6001,10575458.3736849,22960.7355936001
ETH,2025-03-01,2237.88941467717,2281.46178553024,2145.50075993458,2218.08836993165,9928604571.99916,4481652.55518738,9928.604571999162
ETH,2025-03-02,2218.08836993165,2549.18178086161,2177.43298685025,2520.76564434057,21378449686.4479,9033218.38153178,21378.4496864479
ETH,2025-03-03,2520.76564434057,2524.9408814837,2099.53820801111,2149.04485116903,20869153936.5092,9127862.01784682,20869.1539365092
ETH,2025-03-04,2149.04485116903,2221.57437995283,2002.72285897657,2172.34307554129,22408119946.9083,10679876.1548727,22408.119946908297
ETH,2025-03-05,2172.34307554129,2273.33628868102,2157.08588174445,2242.87249569604,13867960194.7974,6293456.46334809,13867.960194797399
ETH,2025-03-06,2242.87249569604,2321.18131474221,2179.11829087496,2203.57430822655,12539282724.3142,5572874.06961243,12539.2827243142
ETH,2025-03-07,2203.57430822655,2254.90340637481,2105.59283270471,2141.88774512384,15480942018.0807,7124858.82075529,15480.9420180807
ETH,2025-03-08,2141.88774512384,2233.70001274463,2108.62983373187,2205.3089245211,7141770517.35524,3289637.59186328,7141.7705173552395
ETH,2025-03-09,2205.3089245211,2213.73448373021,1994.18312856228,2021.20447458658,10979724091.6162,5277252.38861035,10979.724091616199
ETH,2025-03-10,2021.20447458658,2150.71321758832,1815.61568185279,1865.3848282349,24811129352.5321,12472194.0300322,24811.1293525321
ETH,2025-03-11,1865.3848282349,1962.2240914371,1765.77636809047,1923.52121102792,21003031212.2617,11116497.0441541,21003.0312122617
ETH,2025-03-12,1923.52121102792,1955.39848942719,1833.46669192686,1908.6462008599,15677847255.7646,8280266.32822146,15677.8472557646
ETH,2025-03-13,1908.6462008599,1916.49863595152,1824.08635693173,1864.56421425868,12879559636.5307,6865101.24901041,12879.559636530701
ETH,2025-03-14,1864.56421425868,1945.60537623609,1861.66903237789,1912.28321293339,8250767471.87058,4319722.54786847,8250.76747187058
ETH,2025-03-15,1912.28321293339,1955.31100954975,1905.25897624773,1938.14585727821,4226458742.51146,2189701.33701923,4226.45874251146
ETH,2025-03-16,1938.14585727821,1941.50023640664,1865.67142043031,1887.50006785302,5934340401.56565,3122478.23790009,5934.34040156565
ETH,2025-03-17,1887.50006785302,1952.3639880614,1881.28796165746,1926.91877983823,6897939810.99077,3601508.77309826,6897.939810990771
ETH,2025-03-18,1926.91877983823,1935.76226235662,1873.73365530843,1932.13792576214,6566031782.38798,3457218.75419806,6566.0317823879805
ETH,2025-03-19,1932.13792576214,2069.43888400217,1928.68745390983,2057.19780215999,12617712839.7907,6286447.84950318,12617.712839790702
ETH,2025-03-20,2057.19780215999,2068.02767014781,1952.28024349773,1983.23677909845,8929586909.11871,4476093.20057366,8929.586909118709
ETH,2025-03-21,1983.23677909845,1995.70659358645,1937.55610816425,1965.49120395259,6378108672.35359,3244134.20987045,6378.10867235359
ETH,2025-03-22,1965.49120395259,2005.40597398822,1964.50458879215,1980.99579054394,3693258481.11753,1857506.72532244,3693.2584811175298
ETH,2025-03-23,1980.99579054394,2020.28880321267,1977.68495144478,2006.69729207207,4541639172.22787,2268377.9962668,4541.63917222787
ETH,2025-03-24,2006.69729207207,2102.94677313403,1979.28727619874,2081.54921486413,9077820873.74119,4394002.09996451,9077.82087374119
ETH,2025-03-25,2081.54921486413,2097.1235166763,2038.35345586997,2066.96211960994,7296954566.65059,3531598.06299304,7296.95456665059
ETH,2025-03-26,2066.96211960994,2079.03201873261,1983.26937136582,2010.21165542304,7820601369.84231,3845854.81511882,7820.60136984231
ETH,2025-03-27,2010.21165542304,2037.04838001786,1988.17697584925,2003.64037453222,6771336836.79268,3360185.44325015,6771.33683679268
ETH,2025-03-28,2003.64037453222,2015.52429540135,1863.13070340659,1896.98451719185,10820571016.4924,5667438.40173255,10820.571016492398
ETH,2025-03-29,1896.98451719185,1912.91902159731,1800.7640912216,1828.80555052178,7336733246.66374,3963513.3311339,7336.73324666374
ETH,2025-03-30,1828.80555052178,1848.86815290485,1772.76871234423,1808.51117792419,5977824744.32316,3287166.73916062,5977.82474432316
ETH,2025-03-31,1808.51117792419,1852.53884344419,1778.89196154785,1822.5282427504,9944840715.33443,5470852.83419988,9944.84071533443
ETH,2025-04-01,1822.5282427504,1926.47662572379,1818.86526833203,1905.42851076983,8724424233.49172,4641102.55521489,8724.42423349172
ETH,2025-04-02,1905.42851076983,1946.6689423992,1783.00774019074,1794.9850047021,12875073724.6422,6859729.89788836,12875.073724642201
ETH,2025-04-03,1794.9850047021,1844.11389945359,1752.6220267263,1816.74335619247,9707516011.01571,5407677.81975741,9707.51601101571
ETH,2025-04-04,1816.74335619247,1834.83594409582,1760.10749462501,1816.27793476005,10783849919.2949,5992280.67247297,10783.8499192949
ETH,2025-04-05,1816.27793476005,1826.51200675596,1770.68092441598,1805.96398190947,3652881833.02308,2029638.57176022,3652.8818330230797
ETH,2025-04-06,1805.96398190947,1815.82647717172,1540.74653277086,1579.75391325923,12506360977.7336,7554928.74438857,12506.3609777336
ETH,2025-04-07,1579.75391325923,1628.57620839179,1419.53169154126,1552.58984795635,25437356976.1846,16617731.2910661,25437.3569761846
ETH,2025-04-08,1552.58984795635,1617.54526720993,1447.95544184436,1472.39740156098,12441670368.1322,8145221.87385688,12441.6703681322
ETH,2025-04-09,1472.39740156098,1686.91878897584,1387.32933870277,1669.29844042785,21259096393.8415,14016158.7172013,21259.0963938415
ETH,2025-04-10,1669.29844042785,1669.40391198217,1474.40724559997,1521.8451830127,11599429416.5031,7426792.29815232,11599.429416503099
ETH,2025-04-11,1521.8451830127,1588.14685896053,1505.45872958249,1566.66375572654,8388193821.79813,5386908.43160148,8388.19382179813
ETH,2025-04-12,1566.66375572654,1666.49803920815,1546.86904238953,1644.61791140759,6880026921.88789,4254057.54865905,6880.02692188789
ETH,2025-04-13,1644.61791140759,1649.24597941432,1566.15482690522,1597.24939489863,8085432575.6949,5034575.57689641,8085.432575694899
ETH,2025-04-14,1597.24939489863,1690.15861191182,1595.70891699554,1624.09565032355,9299696403.24479,5658453.03441612,9299.696403244789
ETH,2025-04-15,1624.09565032355,1659.96812959897,1585.26841695933,1589.24482448438,7304553588.62194,4495864.00002473,7304.5535886219395
ETH,2025-04-16,1589.24482448438,1610.88811594854,1541.73773292385,1577.80858080934,8338865416.33289,5277302.65929334,8338.86541633289
ETH,2025-04-17,1577.80858080934,1615.60712106613,1564.01860671043,1583.68115012545,6171682551.57881,3874523.81758346,6171.68255157881
ETH,2025-04-18,1583.68115012545,1599.79502480308,1573.70889804256,1588.30290598065,3078448246.63723,1939863.83909265,3078.44824663723
ETH,2025-04-19,1588.30290598065,1626.56420820346,1585.06751083124,1612.91023926111,3120021687.07781,1943996.63476368,3120.02168707781
ETH,2025-04-20,1612.91023926111,1618.52393492562,1566.3679911079,1587.18910238973,3784667279.15649,2381540.87505714,3784.6672791564897
ETH,2025-04-21,1587.18910238973,1656.57920810604,1566.63219755313,1579.85503202249,8645496860.58853,5355742.91705144,8645.49686058853
ETH,2025-04-22,1579.85503202249,1769.95147835305,1544.49898013281,1756.82567777076,12934359484.441,7780622.18625325,12934.359484441
ETH,2025-04-23,1756.82567777076,1825.56644321153,1746.41387147725,1795.90219164559,12799002942.4042,7141097.6548912,12799.0029424042
ETH,2025-04-24,1795.90219164559,1802.39775604329,1724.67508229743,1770.31617091089,8219288903.25478,4661417.85333759,8219.28890325478
ETH,2025-04-25,1770.31617091089,1826.73342816351,1740.53856638234,1786.29039708966,9470479162.74783,5302839.41285215,9470.47916274783
ETH,2025-04-26,1786.29039708966,1838.24240769919,1781.1239042738,1821.44995198953,6033639018.02937,3343760.2825992,6033.63901802937
ETH,2025-04-27,1821.44995198953,1856.47584891449,1786.22831315726,1792.00220685814,5770878760.6515,3190142.44969307,5770.8787606515
ETH,2025-04-28,1792.00220685814,1826.75282207156,1746.87170569656,1800.19033906757,10046986367.1168,5619139.71216122,10046.9863671168
ETH,2025-04-29,1800.19033906757,1841.91556003688,1782.49740313302,1798.79770015184,8244398333.37502,4543446.92331789,8244.39833337502
ETH,2025-04-30,1798.79770015184,1816.73879000537,1735.49122896352,1794.25214241705,7810505002.91601,4378083.50600638,7810.50500291601
ETH,2025-05-01,1794.25214241705,1872.78668730057,1793.1668649241,1838.96798369308,8329071078.247,4531337.25582015,8329.071078247
ETH,2025-05-02,1838.96798369308,1870.00707550835,1815.06895061394,1843.31623691159,7045577170.70753,3827511.19242977,7045.57717070753
ETH,2025-05-03,1843.31623691159,1848.97690477439,1813.44929037683,1834.72843733053,3860212127.84138,2106876.03840871,3860.21212784138
ETH,2025-05-04,1834.72843733053,1850.74315497752,1808.13674590715,1812.53430680835,4388666704.93196,2394659.96241997,4388.66670493196
ETH,2025-05-05,1812.53430680835,1834.79513339182,1788.3784417702,1822.59864986461,6243792398.6288,3444028.86777282,6243.792398628801
ETH,2025-05-06,1822.59864986461,1822.88882347117,1755.07816011815,1817.8447009438,7270472948.01575,4068166.31227172,7270.47294801575
ETH,2025-05-07,1817.8447009438,1849.34898466849,1789.98588896366,1812.01420230191,42811885072.4969,23672105.5939592,42811.8850724969
ETH,2025-05-08,1812.01420230191,2218.67758938925,1809.64069889533,2207.54736504622,21131119972.8831,10481700.308132,21131.119972883098
ETH,2025-05-09,2207.54736504622,2486.21374499529,2185.20154774139,2345.15746192529,25868632558.165,11148968.5400035,25868.632558165
ETH,2025-05-10,2345.15746192529,2597.69982402975,2321.38391262131,2583.85779147837,17565470671.2256,7209325.2183261,17565.4706712256
ETH,2025-05-11,2583.85779147837,2598.85960138009,2441.53622666685,2514.87839947972,14561464846.8264,5798666.7744481,14561.4648468264
ETH,2025-05-12,2514.87839947972,2620.95333132099,2414.69882874417,2495.60860035248,18274953187.1325,7255051.14315658,18274.953187132498
ETH,2025-05-13,2495.60860035248,2735.90196075324,2417.98953796143,2679.59580050107,18317814562.4247,7135530.17599134,18317.8145624247
ETH,2025-05-14,2679.59580050107,2721.49046180241,2549.68069655355,2609.93130012659,15565099468.3272,5930984.84043611,15565.0994683272
ETH,2025-05-15,2609.93130012659,2645.06749330514,2481.63664640108,2548.81757428773,14464922571.7417,5660050.17596401,14464.9225717417
ETH,2025-05-16,2548.81757428773,2647.21725328445,2532.01288396097,2538.40530707982,11706265667.6533,4524875.20335565,11706.265667653299
ETH,2025-05-17,2538.40530707982,2538.40530707982,2450.59128588919,2476.10081867266,9856327153.13178,3967279.12374296,9856.32715313178
ETH,2025-05-18,2476.10081867266,2586.47203039911,2341.22962248772,2498.51907039596,13974383112.1451,5644519.3859968,13974.3831121451
ETH,2025-05-19,2498.51907039596,2546.15465924395,2352.34544923289,2528.67961795116,15723325416.0842,6423170.64705998,15723.3254160842
ETH,2025-05-20,2528.67961795116,2587.04747271654,2446.92304024574,2525.05547045818,12305631025.761,4889532.93871931,12305.631025761
ETH,2025-05-21,2525.05547045818,2615.12256497052,2457.30197642778,2552.22886763418,18339111598.732,7225038.9682517,18339.111598731997
ETH,2025-05-22,2552.22886763418,2691.87333154828,2546.79225694635,2664.43822408579,15908299023.0547,6034524.12456617,15908.2990230547
ETH,2025-05-23,2664.43822408579,2731.32663659234,2506.11834778252,2527.68995093391,18033480653.4228,6897329.51162785,18033.480653422797
ETH,2025-05-24,2527.68995093391,2577.03850325717,2517.23386047853,2528.29687322735,5735877330.72165,2250856.3116071,5735.87733072165
ETH,2025-05-25,2528.29687322735,2553.49560632477,2467.57327845378,2551.21284510911,7410355299.72145,2957621.06700067,7410.35529972145
ETH,2025-05-26,2551.21284510911,2597.80550379525,2530.40109035183,2564.8442403081,7182393594.64641,2804691.85441963,7182.39359464641
ETH,2025-05-27,2564.8442403081,2711.86945289707,2513.18379399978,2661.75001344571,14009051904.5702,5317677.4648505,14009.0519045702
ETH,2025-05-28,2661.75001344571,2688.88795476685,2612.81822135874,2682.28146917704,10789232460.8458,4079358.35297339,10789.2324608458
ETH,2025-05-29,2682.28146917704,2784.74961333168,2622.57168495379,2632.58829745842,15966926584.5599,5920804.99125097,15966.9265845599
ETH,2025-05-30,2632.58829745842,2649.02586704843,2512.19606767186,2532.57693567003,14043247217.1885,5420537.99392604,14043.2472171885
ETH,2025-05-31,2532.57693567003,2551.09205819041,2486.51870421828,2528.89704309741,7458530976.97216,2955300.71440971,7458.530976972161
ETH,2025-06-01,2528.89704309741,2547.92834665808,2472.84078916441,2539.71799132374,6680002405.74132,2655162.62717322,6680.002405741319
ETH,2025-06-02,2539.71799132374,2616.26653447312,2478.14925759323,2608.86515581235,9714708213.50656,3843135.3582354,9714.70821350656
ETH,2025-06-03,2608.86515581235,2654.83249674264,2584.33117956855,2595.06900695283,9894945310.63961,3779321.91178464,9894.94531063961
ETH,2025-06-04,2595.06900695283,2678.77757248477,2586.34822239709,2608.79438528523,10323816205.893,3924699.46802476,10323.816205893
ETH,2025-06-05,2608.79438528523,2641.01992912663,2395.8153515935,2417.24904004689,14967058085.6433,5893312.87782726,14967.058085643299
ETH,2025-06-06,2417.24904004689,2532.41114426115,2391.25381633389,2479.03539296158,10536122375.0722,4260303.4187539,10536.1223750722
ETH,2025-06-07,2479.03539296158,2543.00167987365,2460.3526164232,2525.69467252857,5570428350.0161,2225587.774245,5570.4283500161
ETH,2025-06-08,2525.69467252857,2547.75862296062,2493.49714331993,2511.50247789814,6001237677.03026,2383802.20590303,6001.23767703026
ETH,2025-06-09,2511.50247789814,2693.89724229773,2480.43655641507,2680.94182930982,11289206893.4679,4404986.87193318,11289.2068934679
ETH,2025-06-10,2680.94182930982,2825.17469753491,2658.31743910404,2815.66976237688,19918342454.0831,7277855.77095085,19918.3424540831
ETH,2025-06-11,2815.66976237688,2878.19541299794,2745.83654242331,2772.2735665666,17229467936.9792,6136254.74022945,17229.4679369792
ETH,2025-06-12,2772.2735665666,2784.68577623644,2620.55391796118,2647.00897049023,14383771679.0699,5274542.76952924,14383.7716790699
ETH,2025-06-13,2647.00897049023,2647.00897049023,2453.1711979817,2580.52931982752,19933205703.5897,7886906.24811864,19933.205703589698
ETH,2025-06-14,2580.52931982752,2580.77281945451,2491.7197368506,2532.13239949527,6596608651.52509,2605554.59204599,6596.60865152509
ETH,2025-06-15,2532.13239949527,2558.45372862591,2493.54406709027,2548.18000442788,6452174782.14551,2546951.05245722,6452.17478214551
ETH,2025-06-16,2548.18000442788,2679.99394018995,2517.37787612986,2542.71833749008,13560469600.352,5193825.71435369,13560.469600351998
ETH,2025-06-17,2542.71833749008,2618.18217899186,2455.95309955663,2510.9844205237,13995597105.4479,5518368.4182377,13995.597105447901
ETH,2025-06-18,2510.9844205237,2547.96795715026,2469.63859616038,2526.37102485624,10584062685.8926,4214009.30293812,10584.062685892599
ETH,2025-06-19,2526.37102485624,2547.49464617399,2486.77933983673,2522.04062543078,5838154718.94513,2317400.0732738,5838.15471894513
ETH,2025-06-20,2522.04062543078,2569.50079630058,2372.85060340777,2407.597475073,11595648415.2113,4685391.69079711,11595.6484152113
ETH,2025-06-21,2407.597475073,2449.09807439404,2224.55298955467,2296.83587009182,9149546275.67913,3874053.75609077,9149.546275679131
ETH,2025-06-22,2296.83587009182,2313.83981840636,2120.53513840829,2230.60992779205,15013854460.1122,6751128.42044166,15013.8544601122
ETH,2025-06-23,2230.60992779205,2434.95223043073,2191.35781684862,2414.04989552849,14158409280.9047,6171331.84514929,14158.4092809047
ETH,2025-06-24,2414.04989552849,2481.32422435237,2379.09445354973,2450.08009747049,11096079909.5452,4573933.01580854,11096.0799095452
ETH,2025-06-25,2450.08009747049,2469.08450330196,2394.44146111839,2420.30102757936,9148582775.38164,3763648.20736644,9148.58277538164
ETH,2025-06-26,2420.30102757936,2519.76900685487,2398.99822040264,2417.61178396579,9587415393.99223,3905810.12743477,9587.415393992229
ETH,2025-06-27,2417.61178396579,2463.53258778609,2390.05422809787,2424.16664988998,7668451727.34424,3154905.7281068,7668.45172734424
ETH,2025-06-28,2424.16664988998,2447.83210475551,2408.01364739361,2436.35154451249,3388763405.6243,1395116.01091711,3388.7634056243
ETH,2025-06-29,2436.35154451249,2523.27594912485,2419.17986165683,2501.09729951258,5623614511.90857,2288086.82618014,5623.61451190857
ETH,2025-06-30,2501.09729951258,2522.93255646102,2438.50212003458,2486.74418761499,9466465017.48978,3811347.09752564,9466.46501748978
ETH,2025-07-01,2486.74418761499,2500.980173924,2390.62571103557,2406.381275685,8184061331.28784,3352478.45353353,8184.0613312878395
ETH,2025-07-02,2406.381275685,2617.39096977307,2380.8252799365,2571.10079783174,12440092851.9125,4947416.80670723,12440.092851912501
ETH,2025-07-03,2571.10079783174,2634.67497598137,2557.68239309311,2591.9189016014,10997365892.4422,4244419.11574436,10997.3658924422
ETH,2025-07-04,2591.9189016014,2602.0982389427,2475.47867589567,2508.75362245051,9025705433.91088,3569985.72774604,9025.70543391088
ETH,2025-07-05,2508.75362245051,2530.0207921841,2489.34371057264,2516.83388719762,4075500639.23592,1621518.4101973,4075.50063923592
ETH,2025-07-06,2516.83388719762,2603.83779419324,2504.66981885199,2570.84378830617,5964741348.3815,2341040.77322327,5964.7413483815
ETH,2025-07-07,2570.84378830617,2589.33267026494,2517.58153588662,2542.1331668021,10187846552.6322,3995693.24341759,10187.8465526322
ETH,2025-07-08,2542.1331668021,2626.59156250992,2524.34990042849,2615.1501244782,9510743431.60978,3689874.42708836,9510.743431609779
ETH,2025-07-09,2615.1501244782,2792.47015716629,2590.85766616722,2768.81043208899,14612286146.2852,5446723.3024629,14612.2861462852
ETH,2025-07-10,2768.81043208899,2997.13334680729,2756.18163656857,2949.99857623186,18679100266.0734,6589562.25743039,18679.100266073398
ETH,2025-07-11,2949.99857623186,3036.69852925523,2914.80939851678,2956.89527528217,19798710462.5402,6641041.71480602,19798.7104625402
ETH,2025-07-12,2956.89527528217,2978.43556260921,2904.89688345924,2942.90762156994,8423695120.83042,2860757.56334445,8423.69512083042
ETH,2025-07-13,2942.90762156994,3017.4700244103,2936.93094607199,2971.95338413028,8911195970.45406,2995222.73341229,8911.19597045406
ETH,2025-07-14,2971.95338413028,3079.98563283898,2963.6777055148,3013.65214281656,19915890828.2441,6580918.23662812,19915.890828244097
ETH,2025-07-15,3013.65214281656,3141.85136105637,2933.49821215634,3138.15170183007,20221207840.4916,6695438.260405,20221.2078404916
ETH,2025-07-16,3138.15170183007,3422.4737629775,3101.04844459205,3372.11393683886,24806491903.3914,7626918.6966942,24806.4919033914
ETH,2025-07-17,3372.11393683886,3520.99250997365,3314.33635371379,3476.9131854843,26605343661.0888,7779413.7622421,26605.3436610888
ETH,2025-07-18,3476.9131854843,3673.28967535159,3461.23663614213,3547.41958709166,33293699753.3969,9276295.08607639,33293.6997533969
ETH,2025-07-19,3547.41958709166,3608.2262884441,3509.41841981432,3593.80875135126,13074781331.059,3669915.61135377,13074.781331059
ETH,2025-07-20,3593.80875135126,3821.81511086752,3581.63772054712,3757.21212484605,24734201253.6925,6648072.10356031,24734.2012536925
ETH,2025-07-21,3757.21212484605,3856.11239660424,3703.47227364171,3762.77414216636,21888074639.3775,5791857.41158342,21888.074639377497
ETH,2025-07-22,3762.77414216636,3797.69302334724,3620.97233568108,3746.32884112849,23831593909.3975,6443337.51039016,23831.5939093975
ETH,2025-07-23,3746.32884112849,3763.69911768531,3531.59467600531,3628.74809425519,21830232946.9266,6002856.38159659,21830.2329469266
ETH,2025-07-24,3628.74809425519,3770.20612978858,3511.41205678344,3707.20206605705,21481729064.7918,5864231.28082321,21481.7290647918
ETH,2025-07-25,3707.20206605705,3744.85229688513,3579.43923929219,3724.34885784933,21900235135.2606,5980405.62519707,21900.235135260602
ETH,2025-07-26,3724.34885784933,3790.14771156362,3700.80529920991,3741.21930983976,11035960123.695,2947406.11918877,11035.960123695
ETH,2025-07-27,3741.21930983976,3876.9762568665,3731.86098214968,3872.15397536603,13439397397.7438,3524102.72219943,13439.3973977438
ETH,2025-07-28,3872.15397536603,3938.77638355847,3755.25302329886,3797.38065051865,18730082424.7912,4873563.28030589,18730.0824247912
ETH,2025-07-29,3797.38065051865,3883.90410558516,3719.5128045396,3793.61713030734,18580045089.8681,4892734.55710525,18580.045089868097
ETH,2025-07-30,3793.61713030734,3832.92135000429,3685.68922800902,3809.06148425468,17106336239.215,4526802.70854385,17106.336239215
ETH,2025-07-31,3809.06148425468,3877.22176545817,3686.88725529191,3698.48538928562,16512090485.8924,4348245.50285983,16512.0904858924
ETH,2025-08-01,3698.48538928562,3722.84842422878,3435.03523190723,3487.52969369601,25112217844.4039,6962998.23986156,25112.217844403902
ETH,2025-08-02,3487.52969369601,3536.53141826139,3372.2675166823,3394.68341958575,15803754144.8909,4565954.30584656,15803.7541448909
ETH,2025-08-03,3394.68341958575,3522.69780437078,3359.4397452912,3498.95562855885,9903743678.77426,2857525.67584438,9903.743678774259
ETH,2025-08-04,3498.95562855885,3576.78547961645,3493.60366481742,3552.02649152559,4652585915.76041,1312538.15713867,4652.58591576041
