symbol,date,open,high,low,close,usd_volume,crypto_volume,usd_volume_mil
LEO,2020-02-13,1.01830807093376,1.02431795962136,0.975243287847743,0.997612552707341,112193.816015538,112171.41303753,0.112193816015538
LEO,2020-02-14,0.997612552707341,0.99883749247174,0.936121564938438,0.97840139957262,2054943.98548272,2102498.49290414,2.05494398548272
LEO,2020-02-15,0.97840139957262,0.99925902884674,0.93562193187513,0.937541359915391,31584.5002553438,32680.92869169,0.031584500255343796
LEO,2020-02-16,0.937541359915391,0.977019280086032,0.923723281561595,0.928015273588588,16873.8013927021,17648.81975799,0.016873801392702097
LEO,2020-02-17,0.928015273588588,0.983763896263305,0.927348085070086,0.982982456933473,108869.874005374,112659.30684231,0.108869874005374
LEO,2020-02-18,0.982982456933473,0.986550485220693,0.941239665834521,0.981959700292332,21907.3009983627,22311.53805555,0.021907300998362703
LEO,2020-02-19,0.981959700292332,0.984159313589598,0.950769821120266,0.977070956281202,98665.0139828377,101111.1427423,0.0986650139828377
LEO,2020-02-20,0.977070956281202,0.986574265311659,0.923890248848956,0.981840891734117,54778.3837315409,56727.68047019,0.0547783837315409
LEO,2020-02-21,0.981840891734117,0.987085741954259,0.94376975055182,0.94376975055182,26300.8485039337,26873.20305909,0.0263008485039337
LEO,2020-02-22,0.94376975055182,0.973873150380065,0.943143141415228,0.962709970295353,6998.85952481357,7330.172,0.00699885952481357
LEO,2020-02-23,0.962709970295353,0.974845747832761,0.94338300893966,0.952053550591918,27602.1347551737,28959.12147332,0.027602134755173702
LEO,2020-02-24,0.952053550591918,0.969968297737874,0.944671658009536,0.952751508433162,25796.6592842181,26982.85273004,0.0257966592842181
LEO,2020-02-25,0.952751508433162,0.970519379950639,0.904007818593331,0.908577753034517,55400.3511341252,58167.84140003,0.055400351134125204
LEO,2020-02-26,0.908577753034517,0.991529685443959,0.901004362866406,0.958606285287169,107832.84798765,115731.93069751,0.10783284798765001
LEO,2020-02-27,0.958606285287169,0.962467844363236,0.93241819758384,0.951264101393656,71729.375026945,76710.51050913,0.071729375026945
LEO,2020-02-28,0.951264101393656,0.984562502839925,0.934141435806544,0.984562502839925,41369.0450654647,43701.76732647,0.041369045065464696
LEO,2020-02-29,0.984562502839925,0.984562502839925,0.933202187989476,0.948562826783924,29281.8325585661,31007.66909163,0.0292818325585661
LEO,2020-03-01,0.948562826783924,0.967197030667415,0.943728898763263,0.956095065501698,54919.4134939271,57430.68787962,0.0549194134939271
LEO,2020-03-02,0.956095065501698,0.981556460543289,0.943430575300752,0.951902438132348,27617.3825350906,28570.50603522,0.0276173825350906
LEO,2020-03-03,0.951902438132348,0.961253174393363,0.943896133803446,0.957107737217918,3829.41800501336,4011.28710975,0.00382941800501336
LEO,2020-03-04,0.957107737217918,0.957965068800913,0.944976561006151,0.95787080049189,7622.44292360167,7991.186812,0.00762244292360167
LEO,2020-03-05,0.95787080049189,0.971342066005666,0.951265852282854,0.970641369265803,7911.75022177625,8250.327,0.00791175022177625
LEO,2020-03-06,0.970641369265803,0.972642083445915,0.96444425885991,0.972109356539217,4995.88854502459,5157.7167,0.00499588854502459
LEO,2020-03-07,0.972109356539217,0.988630213375348,0.971810989578035,0.973324466305149,2918.8525797125,2988.05515733,0.0029188525797125
LEO,2020-03-08,0.973324466305149,0.990751065099838,0.966410945034395,0.983424760519734,29890.909097942,30529.81719874,0.029890909097942
LEO,2020-03-09,0.983424760519734,1.02367371240142,0.974958878979426,0.978652506638888,289827.714251453,293618.77931982,0.289827714251453
LEO,2020-03-10,0.978652506638888,0.991832547789505,0.964544886040995,0.978648947357069,25913.2026448141,26582.96965053,0.0259132026448141
LEO,2020-03-11,0.978648947357069,0.998628801488473,0.974449505291079,0.992522845036313,52179.717375674,53027.33841474,0.052179717375674
LEO,2020-03-12,0.992522845036313,0.99497723139712,0.916272037357582,0.982446346768478,564928.782612333,586658.80103691,0.5649287826123329
LEO,2020-03-13,0.982446346768478,1.03581223511171,0.887067442953457,0.975015427093219,532221.369802078,560619.04362847,0.532221369802078
LEO,2020-03-14,0.975015427093219,0.977365842042887,0.923898456453451,0.959203656482973,39687.2963938757,41943.20033977,0.0396872963938757
LEO,2020-03-15,0.959203656482973,0.959203656482973,0.921625424398297,0.935498890827348,24695.7074937788,26333.77014375,0.0246957074937788
LEO,2020-03-16,0.935498890827348,0.958753302885874,0.896289416452753,0.941845002772358,84127.4384446624,92456.04628301,0.0841274384446624
LEO,2020-03-17,0.941845002772358,0.967719593675533,0.897061805805473,0.965392004295738,106318.371268044,114479.41564757,0.106318371268044
LEO,2020-03-18,0.965392004295738,0.983668928538187,0.927476801235795,0.968722480126714,363081.339871687,377666.04404367,0.363081339871687
LEO,2020-03-19,0.968722480126714,1.02281225632438,0.962197638887909,0.980495907081214,415985.923325388,423841.1093162,0.415985923325388
LEO,2020-03-20,0.980495907081214,1.0063539291933,0.943881905022902,0.984504126098094,191522.877058082,193823.15584615,0.191522877058082
LEO,2020-03-21,0.984504126098094,1.01462057163128,0.980969824317379,1.00418139794759,107369.244631668,107846.21755269,0.107369244631668
LEO,2020-03-22,1.00418139794759,1.0200215119688,1.00037913124005,1.00946759125281,237930.505078404,235776.36101276,0.23793050507840402
LEO,2020-03-23,1.00946759125281,1.0638628181986,1.0033962455724,1.01949922355601,968857.855231595,945288.95701318,0.968857855231595
LEO,2020-03-24,1.01949922355601,1.03131800798491,1.00617173179255,1.01668435303704,178856.805134164,175431.88795141,0.178856805134164
LEO,2020-03-25,1.01668435303704,1.05404408205207,1.0041639033012,1.01634072550042,358920.669817542,354135.92372534,0.358920669817542
LEO,2020-03-26,1.01634072550042,1.06516886528636,1.00716912967162,1.01353160411945,216841.136434437,212448.37201141,0.216841136434437
LEO,2020-03-27,1.01353160411945,1.0640229754447,1.00552759130426,1.02157288727133,200062.606690832,195210.33902068,0.200062606690832
LEO,2020-03-28,1.02157288727133,1.03150528557704,0.987719288260313,1.01900624783628,184245.08877328,181097.12112395,0.18424508877328
LEO,2020-03-29,1.01900624783628,1.07030508710811,0.995458727861139,1.02543212045472,280305.415350623,273854.66438207,0.28030541535062303
LEO,2020-03-30,1.02543212045472,1.08810565721563,1.00583067195032,1.04800658831981,799845.296653363,775638.89337885,0.799845296653363
LEO,2020-03-31,1.04800658831981,1.06459121531068,1.0228128664709,1.04932974756809,117609.273977418,113254.719563,0.117609273977418
LEO,2020-04-01,1.04932974756809,1.10670556533478,1.02824381704426,1.05308340153199,202785.444080059,192432.47810898,0.202785444080059
LEO,2020-04-02,1.05308340153199,1.08554882282008,1.02051264801898,1.04049682034444,383368.387607296,368838.78542818,0.383368387607296
LEO,2020-04-03,1.04049682034444,1.07130037787109,0.994655944648166,1.03110083566082,547636.442584732,532482.49402425,0.547636442584732
LEO,2020-04-04,1.03110083566082,1.05871248739275,1.02188181855857,1.03353420934338,387494.012532842,374571.90060888,0.387494012532842
LEO,2020-04-05,1.03353420934338,1.04356960162775,1.01971015761303,1.03633273314488,11770.1371027099,11416.91629139,0.0117701371027099
LEO,2020-04-06,1.03633273314488,1.05649323332373,1.00201609188506,1.0390882495266,432743.76716509,419077.16663634,0.43274376716509
LEO,2020-04-07,1.0390882495266,1.04935353154758,1.01009936684249,1.0120437362048,577307.405464844,557938.15182266,0.5773074054648439
LEO,2020-04-08,1.0120437362048,1.02295268163453,1.00650567809885,1.01200608398944,447152.414002602,440657.72359385,0.44715241400260197
LEO,2020-04-09,1.01200608398944,1.03070014251312,1.00621323793723,1.01385819074653,309153.020941411,304555.74524992,0.309153020941411
LEO,2020-04-10,1.01385819074653,1.04196187979754,1.010600305101,1.03020389923631,370710.795936753,360563.99156266,0.370710795936753
LEO,2020-04-11,1.03020389923631,1.04194033980226,1.01580456090206,1.02182085264277,504698.554124254,493131.45606666,0.504698554124254
LEO,2020-04-12,1.02182085264277,1.08658103172138,0.991244235376764,1.02047916100312,336206.484446789,326501.60865368,0.336206484446789
LEO,2020-04-13,1.02047916100312,1.03374571548404,0.993883253286426,1.00502719474197,336453.273962561,331723.14412048,0.336453273962561
LEO,2020-04-14,1.00502719474197,1.08000363066991,0.993080320492714,1.01867456836088,340661.193397559,334664.6441,0.340661193397559
LEO,2020-04-15,1.01867456836088,1.03820218377951,1.00757814906464,1.03077703066232,692076.923688588,676994.52818723,0.692076923688588
LEO,2020-04-16,1.03077703066232,1.05461380212806,1.0186856420172,1.03806769443438,1101817.95365899,1065352.11761094,1.10181795365899
LEO,2020-04-17,1.03806769443438,1.05894471132662,1.02656283311478,1.03450615520254,1625720.81961439,1567895.0055,1.62572081961439
LEO,2020-04-18,1.03450615520254,1.05027118482517,1.02580943564403,1.03070252838927,1810269.28357776,1742452.55550899,1.81026928357776
LEO,2020-04-19,1.03070252838927,1.05418260172997,1.02210164037631,1.04437191796151,1914246.12948332,1840167.0914,1.91424612948332
LEO,2020-04-20,1.04437191796151,1.05390140004018,1.03112642487301,1.04387547661772,2077691.53595657,1993552.6052214,2.07769153595657
LEO,2020-04-21,1.04387547661772,1.08175611183774,1.03186486803147,1.05196750757093,1318636.32532651,1265237.670483,1.31863632532651
LEO,2020-04-22,1.05196750757093,1.10927099105652,1.02389927029196,1.04315206667182,695463.072255198,660397.46501572,0.695463072255198
LEO,2020-04-23,1.04315206667182,1.08984483766217,1.03519034990433,1.05117955952859,619707.231176417,588789.63486788,0.619707231176417
LEO,2020-04-24,1.05117955952859,1.0910499654851,1.03702014077056,1.04534513565639,477182.504215637,453641.76522052,0.477182504215637
LEO,2020-04-25,1.04534513565639,1.08441446927901,1.03508371973827,1.05798270647567,272708.85529345,257621.69347424,0.27270885529345
LEO,2020-04-26,1.05798270647567,1.07525018013459,1.03904779614445,1.04714424097154,252834.984011755,239610.44167996,0.252834984011755
LEO,2020-04-27,1.04714424097154,1.08486470874697,1.03974018927491,1.04556440957801,384645.041571026,364463.36293721,0.384645041571026
LEO,2020-04-28,1.04556440957801,1.06776686859108,1.03556425784582,1.05079287014276,322416.989822278,307796.19775516,0.32241698982227796
LEO,2020-04-29,1.05079287014276,1.08305420773085,1.04040190769337,1.06337489386892,1088243.92936527,1027790.67778434,1.0882439293652701
LEO,2020-04-30,1.06337489386892,1.09868598037766,1.03982181950589,1.03982181950589,998992.161435414,935354.21543922,0.998992161435414
LEO,2020-05-01,1.03982181950589,1.09225695347626,1.03982181950589,1.08073798965158,425321.747158341,399149.57564377,0.425321747158341
LEO,2020-05-02,1.08073798965158,1.10530829575888,1.04219417032811,1.06139271109658,422055.855056464,397986.46356041,0.422055855056464
LEO,2020-05-03,1.06139271109658,1.10201199797843,1.0389632930598,1.048150491117,279236.577444078,263381.24852051,0.279236577444078
LEO,2020-05-04,1.048150491117,1.09695959052672,1.03567104425769,1.05558895253378,726264.646242254,687752.83565835,0.726264646242254
LEO,2020-05-05,1.05558895253378,1.08827105465019,1.03741029142643,1.07051351823872,529498.263729364,499181.29307561,0.529498263729364
LEO,2020-05-06,1.07051351823872,1.08559649685065,1.00767623731246,1.06471022030748,743038.028214111,702073.71426386,0.743038028214111
LEO,2020-05-07,1.06471022030748,1.10320955255845,1.04455027145012,1.05639714279851,774635.613541809,730875.80264501,0.774635613541809
LEO,2020-05-08,1.05639714279851,1.109909164328,1.04478360801381,1.05787536033837,438157.777556996,410683.27862449,0.438157777556996
LEO,2020-05-09,1.05787536033837,1.0910082833939,1.05562722957245,1.07315104016758,209201.818042878,195826.36361936,0.209201818042878
LEO,2020-05-10,1.07315104016758,1.12503901548493,1.03429422439999,1.08166194120902,724335.686898693,667460.81831953,0.724335686898693
LEO,2020-05-11,1.08166194120902,1.1039627572602,1.06938731060323,1.08062411242089,553826.848969757,509261.48989168,0.553826848969757
LEO,2020-05-12,1.08062411242089,1.13403293370493,1.07260482290427,1.10459129008989,369069.121260217,338945.49860029,0.36906912126021696
LEO,2020-05-13,1.10459129008989,1.11038994837146,1.04401850120358,1.08475658072058,310931.853752702,285394.23443235,0.310931853752702
LEO,2020-05-14,1.08475658072058,1.10238797466801,1.06855566708145,1.07533678967071,298552.376118648,275298.17747856,0.298552376118648
LEO,2020-05-15,1.07533678967071,1.10535036882063,1.07217013077188,1.0949891106079,402201.692747612,369474.83518601,0.402201692747612
LEO,2020-05-16,1.0949891106079,1.09902110311381,1.08336246512891,1.09216939319142,247497.732011471,227401.87138908,0.247497732011471
LEO,2020-05-17,1.09216939319142,1.10903493012091,1.08244251194682,1.090762147215,472203.085041343,432091.82438961,0.472203085041343
LEO,2020-05-18,1.090762147215,1.1070101938885,1.08358561267766,1.09158765840957,496021.981571934,453058.71540771,0.496021981571934
LEO,2020-05-19,1.09158765840957,1.10134156245903,1.08572011195312,1.09588149888538,428798.005542086,391429.18228,0.42879800554208597
LEO,2020-05-20,1.09588149888538,1.13034111626328,1.0868164842259,1.12541317362569,352168.361566604,319375.66965924,0.35216836156660397
LEO,2020-05-21,1.12541317362569,1.13875309057909,1.10896574817957,1.12726094105949,862676.899862259,766281.74341683,0.862676899862259
LEO,2020-05-22,1.12726094105949,1.14493477504816,1.12240075629601,1.13942466053049,608400.799184611,525450.67831653,0.608400799184611
LEO,2020-05-23,1.13942466053049,1.15167262424626,1.13559452899909,1.14274868605802,398978.800752692,348345.89881064,0.398978800752692
LEO,2020-05-24,1.14274868605802,1.15320405549413,1.13318414701064,1.14888322918142,651426.899250219,569632.99495822,0.651426899250219
LEO,2020-05-25,1.14888322918142,1.15875826309398,1.1341979729286,1.14476424630226,548704.235269071,478055.43975045,0.548704235269071
LEO,2020-05-26,1.14476424630226,1.15426717227927,1.14129064210567,1.15021287931988,824333.294181793,718485.71653774,0.824333294181793
LEO,2020-05-27,1.15021287931988,1.15858343981109,1.1390234908303,1.15241137906226,576615.469615074,501169.15657964,0.576615469615074
LEO,2020-05-28,1.15241137906226,1.19495822987862,1.14729950880272,1.16539816712185,678129.026465198,579739.52442858,0.678129026465198
LEO,2020-05-29,1.16539816712185,1.18511133660864,1.161598315641,1.17841308755949,1052190.41330754,897954.90154611,1.05219041330754
LEO,2020-05-30,1.17841308755949,1.19821858141016,1.16624726302803,1.18365697693983,725746.169002562,613804.33687974,0.725746169002562
LEO,2020-05-31,1.18365697693983,1.19952886525998,1.18281774440561,1.18687968023698,516277.859682847,433869.62127059,0.516277859682847
LEO,2020-06-01,1.18687968023698,1.20143304288451,1.1417159194824,1.19975914900935,1220564.35048408,1035115.71422468,1.22056435048408
LEO,2020-06-02,1.19975914900935,1.22451299410931,1.1710462018173,1.18933097889205,1337005.09641844,1115838.37337255,1.3370050964184401
LEO,2020-06-03,1.18933097889205,1.22320997498635,1.18642344520434,1.19885790017292,1131269.63224428,938656.59057283,1.1312696322442801
LEO,2020-06-04,1.19885790017292,1.22670648117787,1.19466491591859,1.22337293151958,726541.905041601,596729.86000302,0.726541905041601
LEO,2020-06-05,1.22337293151958,1.23930362541423,1.2188773917447,1.23087382308875,567093.055023945,460714.43224405,0.567093055023945
LEO,2020-06-06,1.23087382308875,1.26310208283011,1.22649981092473,1.25187424892124,796842.214491996,638071.82093383,0.796842214491996
LEO,2020-06-07,1.25187424892124,1.26051785436195,1.22950657767155,1.23681609536538,1406447.24266399,1132828.63571042,1.40644724266399
LEO,2020-06-08,1.23681609536538,1.24984995676067,1.23473464219778,1.24460073721494,1379317.80263105,1109307.22250701,1.3793178026310502
LEO,2020-06-09,1.24460073721494,1.24704836692357,1.2329156212272,1.2425689950316,1050405.78836952,847574.53389093,1.0504057883695201
LEO,2020-06-10,1.2425689950316,1.25504519660106,1.23669411157639,1.25162250858894,591008.170814837,474824.61396113,0.591008170814837
LEO,2020-06-11,1.25162250858894,1.27819945864987,1.23200450001005,1.24640254385055,1240754.5888592,990791.67171133,1.2407545888592
LEO,2020-06-12,1.24640254385055,1.25412957068985,1.23188988041258,1.24681746369075,902220.043775554,725288.06870966,0.9022200437755541
LEO,2020-06-13,1.24681746369075,1.25044320116032,1.22732265977934,1.23730077672881,557383.924006758,449138.28244048,0.5573839240067581
LEO,2020-06-14,1.23730077672881,1.23730077672881,1.15387080729428,1.17542204654291,675293.77390979,574737.65162823,0.67529377390979
LEO,2020-06-15,1.17542204654291,1.1903410192549,1.10873253401101,1.1596856950485,751098.627210215,648099.55897131,0.7510986272102149
LEO,2020-06-16,1.1596856950485,1.18511141849174,1.11595285700147,1.13563013033391,671434.99126859,591426.14147834,0.67143499126859
LEO,2020-06-17,1.13563013033391,1.14858849742946,1.11183758798083,1.13875652311569,428629.857880828,378987.49707504,0.428629857880828
LEO,2020-06-18,1.13875652311569,1.15938426243986,1.11170212821534,1.14304695632269,295956.116058762,258922.13896602,0.295956116058762
LEO,2020-06-19,1.14304695632269,1.19937240523465,1.13024409072212,1.19937240523465,873177.348972319,754273.65398589,0.873177348972319
LEO,2020-06-20,1.19937240523465,1.19937240523465,1.15370008062635,1.16845245109379,712287.663546541,608860.99522248,0.712287663546541
LEO,2020-06-21,1.16845245109379,1.20935746443605,1.16018154931519,1.16955298921438,508629.486902531,433334.39466207,0.508629486902531
LEO,2020-06-22,1.16955298921438,1.19226965457411,1.14116179163537,1.1627832884142,1131301.21725906,977181.12957309,1.13130121725906
LEO,2020-06-23,1.1627832884142,1.17403192532367,1.14430922997932,1.1662605667402,734756.030921366,633684.0769309,0.734756030921366
LEO,2020-06-24,1.1662605667402,1.20293199324148,1.14807570195925,1.18380738480615,875628.025495717,746381.64425173,0.8756280254957169
LEO,2020-06-25,1.18380738480615,1.22110791655079,1.16203339998144,1.21175574154393,792546.841007797,662402.73681608,0.792546841007797
LEO,2020-06-26,1.21175574154393,1.25277811846291,1.1859020821283,1.2360024922116,1084597.54708246,886023.37723285,1.08459754708246
LEO,2020-06-27,1.2360024922116,1.27944400798611,1.21350737738884,1.23500284841789,722898.601544739,584120.87434417,0.722898601544739
LEO,2020-06-28,1.23500284841789,1.27640736065324,1.22766236894477,1.25940402601233,873558.387783349,698614.76155117,0.873558387783349
LEO,2020-06-29,1.25940402601233,1.27961439040257,1.23132414782402,1.26901066716554,898615.520711233,710021.10166579,0.8986155207112331
LEO,2020-06-30,1.26901066716554,1.28179235572264,1.24331652825683,1.26841640225844,975209.031868012,771359.11447919,0.975209031868012
LEO,2020-07-01,1.26841640225844,1.30014939075538,1.2382898713785,1.25248274876493,1095921.63756075,864727.96442583,1.09592163756075
LEO,2020-07-02,1.25248274876493,1.28367560250115,1.22029642849881,1.25517101791824,326657.267130812,260829.18193861,0.326657267130812
LEO,2020-07-03,1.25517101791824,1.27410068451961,1.22561486281973,1.23410594692456,858598.241916833,690522.70364387,0.858598241916833
LEO,2020-07-04,1.23410594692456,1.26206546227864,1.2169904652677,1.22820637442671,652848.516967955,529739.14257806,0.6528485169679551
LEO,2020-07-05,1.22820637442671,1.23998045345508,1.16324961476162,1.18472813029372,1068210.61102552,891860.69312596,1.0682106110255198
LEO,2020-07-06,1.18472813029372,1.26918415613173,1.18027377736809,1.22971640043883,908058.88057934,750442.27601505,0.90805888057934
LEO,2020-07-07,1.22971640043883,1.2670938559775,1.21949410594676,1.21983493252725,989819.84301975,799991.59124355,0.98981984301975
LEO,2020-07-08,1.21983493252725,1.26861716150932,1.20154324464429,1.23853304564688,1091359.78819711,891191.06721475,1.09135978819711
LEO,2020-07-09,1.23853304564688,1.25059056933468,1.1922236631249,1.21836371865861,609334.823488022,500452.86432911,0.6093348234880219
LEO,2020-07-10,1.21836371865861,1.22722821886,1.20445492731427,1.22650302903003,496131.751528053,406780.81916733,0.496131751528053
LEO,2020-07-11,1.22650302903003,1.23475862292774,1.19848194768569,1.20099989283407,452158.965343694,370983.38528272,0.45215896534369404
LEO,2020-07-12,1.20099989283407,1.2077233786665,1.11286810352796,1.11775957753126,856213.806237329,740179.63049036,0.856213806237329
LEO,2020-07-13,1.11775957753126,1.14734096353478,1.11149627590232,1.13009147202975,587204.091004187,522593.56699203,0.587204091004187
LEO,2020-07-14,1.13009147202975,1.21297900617917,1.09280202792193,1.12600151721866,920924.433849364,813342.42840189,0.9209244338493641
LEO,2020-07-15,1.12600151721866,1.19379297187108,1.11695636034712,1.16860421806953,845674.410485883,737507.00158822,0.845674410485883
LEO,2020-07-16,1.16860421806953,1.19839480959465,1.14979581512568,1.17803202260845,748776.118199715,640164.7711,0.748776118199715
LEO,2020-07-17,1.17803202260845,1.20100550641894,1.1666595942643,1.19282445966394,502727.656335344,423770.8871,0.502727656335344
LEO,2020-07-18,1.19282445966394,1.19920405642688,1.15338014402749,1.1552087734074,562382.370403596,479793.0524,0.562382370403596
LEO,2020-07-19,1.1552087734074,1.16442832808762,1.13000106901066,1.15716354132615,717742.791188831,625590.84504465,0.717742791188831
LEO,2020-07-20,1.15716354132615,1.18564256914733,1.14526898863979,1.17977699146815,527608.145045825,448482.8553,0.5276081450458251
LEO,2020-07-21,1.17977699146815,1.22406922153573,1.16976262172772,1.18757080253902,658662.131501642,556409.88531834,0.6586621315016421
LEO,2020-07-22,1.18757080253902,1.20142572003007,1.17877915611575,1.19514768806661,616671.430605352,518555.84914045,0.616671430605352
LEO,2020-07-23,1.19514768806661,1.21493939355539,1.17307349967217,1.19695926081031,697574.754497267,586922.71246835,0.6975747544972669
LEO,2020-07-24,1.19695926081031,1.22392661440635,1.18309200291987,1.19342248250071,537811.030058286,450339.07222632,0.537811030058286
LEO,2020-07-25,1.19342248250071,1.22123947173143,1.18964485293688,1.20939962477018,561958.518271099,466205.02594872,0.561958518271099
LEO,2020-07-26,1.20939962477018,1.23221900954541,1.19578370808461,1.22226291054966,535294.346968855,439632.87965161,0.535294346968855
LEO,2020-07-27,1.22226291054966,1.29711638633255,1.21458874246089,1.26432328418104,870572.846828707,698428.86291263,0.8705728468287071
LEO,2020-07-28,1.26432328418104,1.29631132440483,1.24680277020207,1.26403070856779,1154247.35013321,913054.41667293,1.15424735013321
LEO,2020-07-29,1.26403070856779,1.27709745769978,1.24468150247316,1.25107241604843,871836.337927558,692807.9606,0.871836337927558
LEO,2020-07-30,1.25107241604843,1.2815447527776,1.24515536603258,1.25196161972406,440662.044939001,349753.396946,0.44066204493900096
LEO,2020-07-31,1.25196161972406,1.28127575861496,1.24594735466322,1.26553445124469,502151.183729387,397861.28175341,0.502151183729387
LEO,2020-08-01,1.26553445124469,1.29552379871054,1.25021927401555,1.27334369728618,636780.02437461,500277.78235986,0.63678002437461
LEO,2020-08-02,1.27334369728618,1.30552540469011,1.20460517042457,1.24875121253292,971609.751814811,770638.71309819,0.971609751814811
LEO,2020-08-03,1.24875121253292,1.30177483074873,1.24827235104187,1.29021193379114,548707.136135537,431846.898,0.5487071361355369
LEO,2020-08-04,1.29021193379114,1.34542574002959,1.25454952083973,1.26363905694219,702378.475124532,549818.48208939,0.702378475124532
LEO,2020-08-05,1.26363905694219,1.28876403965043,1.26363905694219,1.27534611746723,545597.47094334,427505.21196047,0.54559747094334
LEO,2020-08-06,1.27534611746723,1.29033888168791,1.27143196972789,1.29033888168791,446024.332247184,348121.6964217,0.446024332247184
LEO,2020-08-07,1.29033888168791,1.29606981079598,1.27432181158724,1.27496368841153,531175.719209584,414291.66467275,0.531175719209584
LEO,2020-08-08,1.27496368841153,1.28971059300993,1.26926867159063,1.27411235788866,407254.445792333,318439.3203,0.407254445792333
LEO,2020-08-09,1.27411235788866,1.28588764137567,1.26403613686467,1.26884574793983,547057.776283129,428887.35494282,0.547057776283129
LEO,2020-08-10,1.26884574793983,1.28363777784582,1.25655286603085,1.26438662525179,1230636.68602757,969473.40252777,1.23063668602757
LEO,2020-08-11,1.26438662525179,1.2835871633836,1.25147148779187,1.25858011494564,1258816.08358611,994769.6963149,1.25881608358611
LEO,2020-08-12,1.25858011494564,1.28769898619304,1.23507221227341,1.23838296374467,1622022.45999984,1288749.36668562,1.62202245999984
LEO,2020-08-13,1.23838296374467,1.27739433370408,1.23838296374467,1.25830333159869,344796.555003499,273407.91341538,0.344796555003499
LEO,2020-08-14,1.25830333159869,1.27839811082278,1.24695810045441,1.26464195787426,94528.6776208206,74983.67001883,0.0945286776208206
LEO,2020-08-15,1.26464195787426,1.29686469147817,1.26134609177079,1.28159061706454,70201.155237441,55121.33991346,0.070201155237441
LEO,2020-08-16,1.28159061706454,1.28856391869834,1.27466041737158,1.2828553673234,3665.88935302291,2866.97994702,0.0036658893530229102
LEO,2020-08-17,1.2828553673234,1.3534803692945,1.25067211499238,1.27133728388374,370335.135286489,292716.96695602,0.370335135286489
LEO,2020-08-18,1.27133728388374,1.28496945147774,1.25610968060471,1.25610968060471,54866.318288046,43313.72566162,0.054866318288046
LEO,2020-08-19,1.25610968060471,1.26688391231417,1.24923472689654,1.2617975164288,26579.4237531019,21147.5459,0.026579423753101898
LEO,2020-08-20,1.2617975164288,1.26602874156171,1.24201619259672,1.25305212446674,33167.0426179386,26320.4808,0.0331670426179386
LEO,2020-08-21,1.25305212446674,1.26673999687598,1.24539207937711,1.26516876189313,22275.4104902738,17814.7127,0.0222754104902738
LEO,2020-08-22,1.26516876189313,1.27002236760596,1.25353961381506,1.26417672715222,11021.4486393791,8734.51457772,0.0110214486393791
LEO,2020-08-23,1.26417672715222,1.27012863263309,1.25584151968153,1.26815201476107,8388.71971927461,6646.1831,0.00838871971927461
LEO,2020-08-24,1.26815201476107,1.27613751521643,1.24536235831011,1.26818585675268,52189.4054493836,41147.2289,0.0521894054493836
LEO,2020-08-25,1.26818585675268,1.28263736723036,1.26622292586703,1.26798379433236,44783.8219322808,35217.1861,0.0447838219322808
LEO,2020-08-26,1.26798379433236,1.2760054475295,1.26208648856422,1.27391706322092,21547.7923866925,17011.9373,0.0215477923866925
LEO,2020-08-27,1.27391706322092,1.28412107133048,1.26677228862674,1.27989267842366,35587.7684128453,27944.7642,0.0355877684128453
LEO,2020-08-28,1.27989267842366,1.28128204528199,1.25558081399032,1.27033195605232,45856.5948326114,36161.58095286,0.045856594832611404
LEO,2020-08-29,1.27033195605232,1.27993836359053,1.2526905417985,1.26859238151225,27972.6561925151,22092.8981,0.0279726561925151
LEO,2020-08-30,1.26859238151225,1.28484685365398,1.26085182995702,1.27773439846658,17931.5659829347,14066.2167,0.0179315659829347
LEO,2020-08-31,1.27773439846658,1.29390305722848,1.26185790559131,1.26937269076912,86057.2463205871,67691.2458,0.0860572463205871
LEO,2020-09-01,1.26937269076912,1.27861805179049,1.24800862576373,1.26500298099287,226865.632525379,181226.79815688,0.226865632525379
LEO,2020-09-02,1.26500298099287,1.27096904961926,1.23842662786712,1.25347345892141,82906.4343649031,66350.46197878,0.08290643436490311
LEO,2020-09-03,1.25347345892141,1.25708260370636,1.22049659260631,1.24070986589249,50312.0491032445,40736.00128483,0.0503120491032445
LEO,2020-09-04,1.24070986589249,1.24070986589249,1.20289466715691,1.21831905601513,8867.76744970684,7243.4276,0.00886776744970684
LEO,2020-09-05,1.21831905601513,1.23980021939452,1.16630188007773,1.20466220613424,37817.7248697408,31606.25344395,0.0378177248697408
LEO,2020-09-06,1.20466220613424,1.23073206675445,1.19194625797074,1.21646135340541,124492.127856562,102610.039,0.124492127856562
LEO,2020-09-07,1.21646135340541,1.22106909479334,1.16684846336763,1.21748010682725,52916.4147593035,43911.2196,0.052916414759303504
LEO,2020-09-08,1.21748010682725,1.22703326892774,1.20592417247228,1.21510499723284,9120.96391141158,7487.1677,0.00912096391141158
LEO,2020-09-09,1.21510499723284,1.25098103996083,1.20602446446329,1.20602446446329,116586.777847734,95923.3962,0.116586777847734
LEO,2020-09-10,1.20602446446329,1.22437742048619,1.16925251969473,1.17528817365839,32934.2822117472,27121.0946,0.032934282211747205
LEO,2020-09-11,1.17528817365839,1.22433735265064,1.13204789960055,1.21169935492643,177340.813823007,153391.2842,0.17734081382300698
LEO,2020-09-12,1.21169935492643,1.24849602914922,1.21169935492643,1.23489793092723,40782.4979440389,33382.6181,0.0407824979440389
LEO,2020-09-13,1.23489793092723,1.24547133569757,1.21902624170226,1.22804143482452,2810.76059694785,2280.9433,0.00281076059694785
LEO,2020-09-14,1.22804143482452,1.2282061079034,1.1207828414463,1.13530852371956,31824.6821967257,27820.32782653,0.0318246821967257
LEO,2020-09-15,1.13530852371956,1.20107072638129,1.1250164008909,1.13605326792276,50215.1133171423,43759.50288185,0.0502151133171423
LEO,2020-09-16,1.13605326792276,1.17647165950526,1.12525577986266,1.15506536764238,47717.5755063842,41962.97111061,0.047717575506384204
LEO,2020-09-17,1.15506536764238,1.20810754830122,1.15487859766748,1.19799576653548,23983.9468856011,20220.4305,0.023983946885601102
LEO,2020-09-18,1.19799576653548,1.21230114844727,1.17871943938689,1.20740538825191,4258.17769807262,3549.02600515,0.00425817769807262
LEO,2020-09-19,1.20740538825191,1.22852227744953,1.20460637455979,1.22852227744953,1934.17026737879,1594.153367,0.00193417026737879
LEO,2020-09-20,1.22852227744953,1.24994159504584,1.22100087491586,1.23685079536143,7989.96411269146,6407.86139765,0.00798996411269146
LEO,2020-09-21,1.23685079536143,1.26224340984255,1.21739434893637,1.23827261735293,10569.4679085298,8547.74611247,0.010569467908529799
LEO,2020-09-22,1.23827261735293,1.25079371169203,1.23157540509511,1.24515803231111,6351.41200390601,5121.39698004,0.00635141200390601
LEO,2020-09-23,1.24515803231111,1.26063857940813,1.21376604531741,1.21581380141152,57115.3768214188,46386.1775326,0.0571153768214188
LEO,2020-09-24,1.21581380141152,1.22944159803725,1.14283887609519,1.22936255852589,69378.6997399819,57478.08792839,0.0693786997399819
LEO,2020-09-25,1.22936255852589,1.24124384484931,1.20125669535106,1.24014097967346,3285.58216442108,2698.8292,0.00328558216442108
LEO,2020-09-26,1.24014097967346,1.2477431524986,1.22853074957634,1.2359352214997,1128.94258270799,910.2441,0.00112894258270799
LEO,2020-09-27,1.2359352214997,1.2540027287256,1.23470066478562,1.2489477,1187.2830009436,953.675,0.0011872830009436
LEO,2020-09-28,1.2489477,1.26024251310032,1.24175566873135,1.25841234811495,3121.52129593226,2500.0555,0.00312152129593226
LEO,2020-09-29,1.25841234811495,1.2746743747161,1.24980257120168,1.26010387380547,3601.87882999505,2870.3908,0.0036018788299950503
LEO,2020-09-30,1.26010387380547,1.29146095110877,1.25341850020996,1.28230414225823,20377.6247627272,15946.0953,0.020377624762727198
LEO,2020-10-01,1.28230414225823,1.2918721120169,1.26938088201591,1.27121818316422,29376.7316499232,22996.07185601,0.029376731649923202
LEO,2020-10-02,1.27121818316422,1.27686836196025,1.2517435619728,1.25595615770468,1542.52448419623,1218.1698,0.0015425244841962302
LEO,2020-10-03,1.25595615770468,1.25980788418038,1.24139988442008,1.25409328297551,2793.34047879404,2221.1594,0.00279334047879404
LEO,2020-10-04,1.25409328297551,1.26279471741477,1.18530906942049,1.2344210324262,39882.8892142939,33092.87721551,0.0398828892142939
LEO,2020-10-05,1.2344210324262,1.23817402854411,1.192089592457,1.20292948736999,4218.41089027426,3501.8983414,0.00421841089027426
LEO,2020-10-06,1.20292948736999,1.24924400128126,1.18577304068819,1.18845462868559,11708.0164981805,9635.01868356,0.011708016498180498
LEO,2020-10-07,1.18845462868559,1.20099905548227,1.18845462868559,1.2000883399553,1098.12870775059,917.44304028,0.00109812870775059
LEO,2020-10-08,1.2000883399553,1.23082950616229,1.19284407512629,1.22459808020865,5794.33541470707,4813.13454705,0.00579433541470707
LEO,2020-10-09,1.22459808020865,1.25249770428223,1.2021726906079,1.2021726906079,16299.8416662729,13264.6003,0.0162998416662729
LEO,2020-10-10,1.2021726906079,1.23375947015296,1.17316147611055,1.18892260212333,46804.5284468033,38943.54619695,0.0468045284468033
LEO,2020-10-11,1.18892260212333,1.19283832224246,1.17016126780139,1.18520243714393,3050.06868548168,2565.7795,0.00305006868548168
LEO,2020-10-12,1.18520243714393,1.21350579496767,1.16301309482213,1.17576356146885,14920.6852693742,12466.4783565,0.0149206852693742
LEO,2020-10-13,1.17576356146885,1.20854929359431,1.16950659042578,1.18171959979165,17890.9454933584,15120.6611119,0.017890945493358398
LEO,2020-10-14,1.18171959979165,1.18355571432481,1.16564455662564,1.18286707875121,6479.76681640596,5528.90338617,0.00647976681640596
LEO,2020-10-15,1.18286707875121,1.1912952723188,1.17020112667686,1.1820137474397,29620.614975626,25157.4183,0.029620614975625997
LEO,2020-10-16,1.1820137474397,1.19334055284607,1.1598333862609,1.16819075212173,15762.7313838781,13421.5378,0.015762731383878098
LEO,2020-10-17,1.16819075212173,1.21650958809346,1.15462392331075,1.19740063082658,18215.9464553483,15408.7393,0.0182159464553483
LEO,2020-10-18,1.19740063082658,1.23410570193375,1.18326114322465,1.21967169770223,15036.7560797415,12444.4882,0.0150367560797415
LEO,2020-10-19,1.21967169770223,1.24224342465409,1.19021287166659,1.22392672761917,14106.5966402072,11575.5641,0.0141065966402072
LEO,2020-10-20,1.22392672761917,1.24302664441061,1.19253654429834,1.20429796954151,14776.9598448939,12099.57,0.014776959844893899
LEO,2020-10-21,1.20429796954151,1.2634615072871,1.1914371620741,1.23358174438284,15359.3534047564,12546.1083,0.015359353404756401
LEO,2020-10-22,1.23358174438284,1.27742836919734,1.21030055187402,1.24643182662134,20383.2326236242,16312.34010011,0.020383232623624202
LEO,2020-10-23,1.24643182662134,1.28988136742189,1.21388817953705,1.24327199305233,10932.1820240055,8701.3545,0.010932182024005501
LEO,2020-10-24,1.24327199305233,1.28925529597015,1.23296525729137,1.25646395786991,12283.3428485628,9779.1474,0.012283342848562799
LEO,2020-10-25,1.25646395786991,1.27813691902466,1.21787630504142,1.25749006276593,21281.8683163652,16951.5631,0.021281868316365197
LEO,2020-10-26,1.25749006276593,1.2916986434514,1.22318762721134,1.24297244273938,14027.141070073,11126.148881,0.014027141070073
LEO,2020-10-27,1.24297244273938,1.31522203293676,1.23398817314093,1.30419282341979,14533.1312093306,11264.0406,0.014533131209330601
LEO,2020-10-28,1.30419282341979,1.31967421782374,1.12339175871193,1.20819696752154,22445.992008211,18031.39922724,0.022445992008211
LEO,2020-10-29,1.20819696752154,1.28953461750848,1.14852816587114,1.23961786211835,18053.671135704,14545.253,0.018053671135704
LEO,2020-10-30,1.23961786211835,1.28868214732874,1.23961786211835,1.26041202249892,13101.6658789241,10328.6037,0.013101665878924099
LEO,2020-10-31,1.26041202249892,1.29177605294094,1.21082498593476,1.24243385014928,13017.7833534921,10390.6262,0.0130177833534921
LEO,2020-11-01,1.24243385014928,1.33055732169482,1.21934540444464,1.25518962216844,12141.7906281977,9674.124645,0.0121417906281977
LEO,2020-11-02,1.25518962216844,1.3502888193031,1.21019360849127,1.25046876355453,12023.9662143653,9590.1695,0.0120239662143653
LEO,2020-11-03,1.25046876355453,1.29420156693648,1.23450009513471,1.26565491432003,16156.6010522256,12867.3266,0.0161566010522256
LEO,2020-11-04,1.26565491432003,1.28564123810225,1.22551887840543,1.27657068101804,13709.7392286181,10962.45061652,0.0137097392286181
LEO,2020-11-05,1.27657068101804,1.28646522968946,1.22948828357977,1.24804776709177,13534.7461896698,10769.0084,0.013534746189669801
LEO,2020-11-06,1.24804776709177,1.29206332430535,1.24065617835348,1.27421226942256,22708.4284138383,17905.9123,0.0227084284138383
LEO,2020-11-07,1.27421226942256,1.3088363882603,1.2619406245549,1.2784558424893,13390.3026894326,10420.802295,0.0133903026894326
LEO,2020-11-08,1.2784558424893,1.30272389698353,1.26664291883994,1.30063797944601,14374.5563681852,11195.9804,0.0143745563681852
LEO,2020-11-09,1.30063797944601,1.30063797944601,1.2557008781252,1.29360575572444,17488.018931851,13581.645,0.017488018931850997
LEO,2020-11-10,1.29360575572444,1.31367987051024,1.28296063842625,1.28635605499729,14298.0483195774,11059.2598,0.0142980483195774
LEO,2020-11-11,1.28635605499729,1.30309896261158,1.28481817242838,1.29394920568505,22449.9658371985,17342.5222,0.0224499658371985
LEO,2020-11-12,1.29394920568505,1.30158521748271,1.28061945511487,1.28997269831026,23272.8845427516,18004.87206365,0.023272884542751598
LEO,2020-11-13,1.28997269831026,1.30134150154057,1.27856296022052,1.28653799211639,28361.0744407695,21993.07958658,0.028361074440769497
LEO,2020-11-14,1.28653799211639,1.28654402493747,1.24161173226427,1.26261944515079,22042.9312040874,17455.05618909,0.022042931204087398
LEO,2020-11-15,1.26261944515079,1.27562043536064,1.24543925108844,1.25691265626921,27858.6479208771,22104.46021258,0.0278586479208771
LEO,2020-11-16,1.25691265626921,1.27888845221652,1.23200131766528,1.25188551590319,28415.2006820286,22580.41008036,0.028415200682028602
LEO,2020-11-17,1.25188551590319,1.31308922391715,1.1530028010219,1.29589374895376,41801.6253328236,32758.04861975,0.0418016253328236
LEO,2020-11-18,1.29589374895376,1.3268253980891,1.27024696298469,1.28395178060758,30289.127612808,23407.91108662,0.030289127612807998
LEO,2020-11-19,1.28395178060758,1.29546854617424,1.22263124044754,1.25987539287154,31342.1119529889,24666.48882396,0.0313421119529889
LEO,2020-11-20,1.25987539287154,1.26772141602355,1.23166470808387,1.24797763109975,34693.4874236998,27795.0883052,0.0346934874236998
LEO,2020-11-21,1.24797763109975,1.29126523293229,1.23212228637838,1.27216888150131,58616.0094978382,45949.0676,0.0586160094978382
LEO,2020-11-22,1.27216888150131,1.2959741125701,1.2637525832992,1.28195783391995,26323.5693025139,20510.58115673,0.0263235693025139
LEO,2020-11-23,1.28195783391995,1.30696396932386,1.27488067236953,1.29437771684802,45302.9228202921,35138.59112808,0.0453029228202921
LEO,2020-11-24,1.29437771684802,1.31490580179784,1.28006222941517,1.29514109976585,69942.8882242811,54243.29280142,0.06994288822428109
LEO,2020-11-25,1.29514109976585,1.34989063726527,1.2909612490035,1.31219925392449,25855.0366804707,19750.254107,0.025855036680470702
LEO,2020-11-26,1.31219925392449,1.3408878045609,1.293384104334,1.32926226400868,25830.8173496092,19616.8877225,0.025830817349609198
LEO,2020-11-27,1.32926226400868,1.3495000587209,1.31375763363572,1.33904328094116,24225.7123026364,18198.8005,0.0242257123026364
LEO,2020-11-28,1.33904328094116,1.35846921448541,1.32134021853011,1.34662124356469,24423.4089677753,18249.4202,0.0244234089677753
LEO,2020-11-29,1.34662124356469,1.3734647763037,1.32656829604633,1.35259408012286,26441.8788676541,19631.3801,0.0264418788676541
LEO,2020-11-30,1.35259408012286,1.38730781237918,1.32529940319123,1.34144345591775,29621.5759727945,21869.14567337,0.029621575972794502
LEO,2020-12-01,1.34144345591775,1.38971233501975,1.33786710939553,1.36434163495629,27043.4695484747,19908.6803,0.0270434695484747
LEO,2020-12-02,1.36434163495629,1.39016702481188,1.34455520516458,1.36443533614519,23831.4159762146,17488.3752,0.0238314159762146
LEO,2020-12-03,1.36443533614519,1.37340793996557,1.33092479227048,1.3580830398213,34455.2592409811,25615.0853,0.0344552592409811
LEO,2020-12-04,1.3580830398213,1.39210440098765,1.33107720958928,1.35493666831242,26297.3564940068,19364.6608,0.026297356494006798
LEO,2020-12-05,1.35493666831242,1.37744688535353,1.34282849532032,1.35046125052271,29476.4354020844,21741.6791,0.0294764354020844
LEO,2020-12-06,1.35046125052271,1.36870662773321,1.33904853789388,1.35354287011737,36026.1041887698,26678.5219,0.0360261041887698
LEO,2020-12-07,1.35354287011737,1.37976642611034,1.32161306360464,1.36419939652179,26642.7812691177,19799.5548,0.026642781269117698
LEO,2020-12-08,1.36419939652179,1.36960126270273,1.31272650873947,1.34364282495444,24664.7112772831,18326.5801,0.024664711277283098
LEO,2020-12-09,1.34364282495444,1.38601425931753,1.32051434068269,1.357486698576,31641.1618981057,23477.8656,0.0316411618981057
LEO,2020-12-10,1.357486698576,1.38636877042644,1.35216579384033,1.36593744169901,29905.7644735898,21885.2917,0.0299057644735898
LEO,2020-12-11,1.36593744169901,1.38652957045224,1.3443370146425,1.36673371543843,35201.9732205798,25766.2822,0.0352019732205798
LEO,2020-12-12,1.36673371543843,1.38922061054909,1.35565766070452,1.36444554510647,36707.8888072722,26772.4325,0.036707888807272195
LEO,2020-12-13,1.36444554510647,1.38849291531823,1.3453529699166,1.37307314176709,35458.2959332001,25883.0219,0.035458295933200094
LEO,2020-12-14,1.37307314176709,1.3860188438595,1.34810098161126,1.37640157582052,36026.7537347486,26325.2894,0.0360267537347486
LEO,2020-12-15,1.37640157582052,1.38380956814095,1.33703499624576,1.34591559587366,34464.686606277,25304.8154,0.034464686606276995
LEO,2020-12-16,1.34591559587366,1.38903578423865,1.33522201751289,1.36803297965288,39259.7752834084,28821.6025,0.039259775283408405
LEO,2020-12-17,1.36803297965288,1.40439561781957,1.3501157171682,1.37742164864598,55279.890171099,39988.0878,0.055279890171099
LEO,2020-12-18,1.37742164864598,1.39672928062188,1.36678259330442,1.37943152048005,37955.5364165191,27486.5629,0.0379555364165191
LEO,2020-12-19,1.37943152048005,1.38919747728768,1.34620411689686,1.36699465247017,42975.4392554036,31325.83724506,0.042975439255403605
LEO,2020-12-20,1.36699465247017,1.3859060528632,1.35426393657078,1.35923933243677,50434.2616909553,37052.4512,0.0504342616909553
LEO,2020-12-21,1.35923933243677,1.41680896074996,1.3517077634072,1.36855630469565,49083.9590591842,35704.03036085,0.049083959059184196
LEO,2020-12-22,1.36855630469565,1.39520183778568,1.35414320916637,1.37618946844652,41108.7309909241,29902.2288,0.0411087309909241
LEO,2020-12-23,1.37618946844652,1.43803467791276,1.35882974045041,1.3812301877976,43843.9958148777,31738.84092054,0.043843995814877704
LEO,2020-12-24,1.3812301877976,1.43952919537588,1.35155757464144,1.37045637983242,38553.1351009472,27904.5994,0.0385531351009472
LEO,2020-12-25,1.37045637983242,1.41735720467579,1.34821741532254,1.41201435466294,36439.966245317,26428.2197,0.036439966245317
LEO,2020-12-26,1.41201435466294,1.44788925683188,1.35078594922628,1.36224874558947,34097.9808806172,24577.6804,0.0340979808806172
LEO,2020-12-27,1.36224874558947,1.48339180608024,1.3544639302159,1.38177503703377,81863.9530491764,58761.7411,0.0818639530491764
LEO,2020-12-28,1.38177503703377,1.42063643130173,1.36971468829568,1.38788207055962,34889.489430691,24968.45259708,0.034889489430691
LEO,2020-12-29,1.38788207055962,1.44252405051117,1.36014447988871,1.4192334989554,40985.9007512033,29279.1924,0.0409859007512033
LEO,2020-12-30,1.4192334989554,1.44038844889656,1.369491736122,1.41050201714232,48893.91262387,35206.3731,0.048893912623869995
LEO,2020-12-31,1.41050201714232,1.42175216735889,1.36807708814682,1.37907699540336,49851.7357152786,35691.9204,0.0498517357152786
LEO,2021-01-01,1.37907699540336,1.41136415184323,1.34570724386603,1.39872961617516,52062.9387786017,37475.90183261,0.0520629387786017
LEO,2021-01-02,1.39872961617516,1.46107215240601,1.36849586898191,1.40512399871947,63955.7869533898,45594.547,0.0639557869533898
LEO,2021-01-03,1.40512399871947,1.43841148610616,1.36969301107163,1.3948479839724,53092.6999766821,37953.245279,0.0530926999766821
LEO,2021-01-04,1.3948479839724,1.43600544914375,1.34081752400572,1.35757095720458,56129.4367817505,40497.2182584,0.056129436781750495
LEO,2021-01-05,1.35757095720458,1.39122225579042,1.28347618969328,1.32513513649819,55548.5025699556,41269.40551582,0.055548502569955596
LEO,2021-01-06,1.32513513649819,1.42944503604733,1.30313596236156,1.38807216778077,48133.2719496759,35640.5271,0.0481332719496759
LEO,2021-01-07,1.38807216778077,1.44147784865758,1.33677555952206,1.35118081630954,49688.9697590042,36277.30414219,0.0496889697590042
LEO,2021-01-08,1.35118081630954,1.43428859480814,1.31693957739068,1.35986549920566,58481.1729133388,43104.38444,0.0584811729133388
LEO,2021-01-09,1.35986549920566,1.44012437135529,1.32802199389468,1.37151166411581,59117.6662092761,42895.1781,0.0591176662092761
LEO,2021-01-10,1.37151166411581,1.42027819826693,1.35376298855479,1.40973221334508,54737.706657328,39606.8770619,0.054737706657328
LEO,2021-01-11,1.40973221334508,1.42363279039881,1.33012972890839,1.38726337519829,84768.2049223357,62217.8872198,0.08476820492233571
LEO,2021-01-12,1.38726337519829,1.4277958597013,1.31657114275501,1.37043191021147,59359.1273294878,43281.7827,0.059359127329487796
LEO,2021-01-13,1.37043191021147,1.4463456635842,1.35378785427664,1.40396662029998,54588.8151684458,39375.3052,0.0545888151684458
LEO,2021-01-14,1.40396662029998,1.45444691336272,1.34994102414565,1.40450272468789,57414.5812665131,41158.2652,0.0574145812665131
LEO,2021-01-15,1.40450272468789,1.43948283130044,1.37732242760476,1.4186892328072,69286.1014711218,49219.8878,0.0692861014711218
LEO,2021-01-16,1.4186892328072,1.45002263906194,1.37041818476811,1.39258959565008,49304.719432837,35093.5191,0.049304719432837
LEO,2021-01-17,1.39258959565008,1.39997036199126,1.37327198665824,1.38235205828587,35178.2145601218,25387.018,0.0351782145601218
LEO,2021-01-18,1.38235205828587,1.40794169336356,1.38020438347847,1.39506917620668,32141.5681997474,23066.376,0.0321415681997474
LEO,2021-01-19,1.39506917620668,1.40756093844237,1.37431671255268,1.39379156216139,36459.4497671139,26154.8570352,0.036459449767113905
LEO,2021-01-20,1.39379156216139,1.40910865537862,1.38799791956683,1.39893473139867,28970.9110426316,20800.12860962,0.0289709110426316
LEO,2021-01-21,1.39893473139867,1.40911279741643,1.36306760211825,1.37336010401919,28732.195340828,20683.3820402,0.028732195340828
LEO,2021-01-22,1.37336010401919,1.39523963093395,1.35518834682951,1.36970055072369,30883.3072829235,22425.2289,0.0308833072829235
LEO,2021-01-23,1.36970055072369,1.40223615164478,1.35053615901431,1.39163403265715,55692.7404322984,40550.1575,0.0556927404322984
LEO,2021-01-24,1.39163403265715,1.40845584057582,1.34035170781827,1.38356385236662,63159.070830772,45788.1503,0.063159070830772
LEO,2021-01-25,1.38356385236662,1.40094426592281,1.35215094596883,1.36126570474019,64446.343242975,46575.3914,0.064446343242975
LEO,2021-01-26,1.36126570474019,1.39828559255625,1.36106813064433,1.36154692515192,49385.5535636191,35771.9257,0.049385553563619095
LEO,2021-01-27,1.36154692515192,1.4005777077183,1.35775439374565,1.37905000631922,41361.2676338126,29878.5966,0.0413612676338126
LEO,2021-01-28,1.37905000631922,1.3984773330973,1.35704563602444,1.3853989848875,40596.4547540392,29431.5787,0.0405964547540392
LEO,2021-01-29,1.3853989848875,1.44201087357861,1.36676813541971,1.40407259456854,43546.3721593774,31219.5812,0.0435463721593774
LEO,2021-01-30,1.40407259456854,1.45021988041047,1.38343834248004,1.40779212294879,55953.2685660345,39737.2449,0.055953268566034504
LEO,2021-01-31,1.40779212294879,1.41556212821236,1.3928774937994,1.40723021804687,39589.3562908737,28153.08881113,0.0395893562908737
LEO,2021-02-01,1.40723021804687,1.41294492296976,1.4005998335917,1.4084163071661,31256.7414185119,22217.7543,0.0312567414185119
LEO,2021-02-02,1.4084163071661,1.45082399625236,1.40371684626562,1.44144715423717,39802.1599728919,28224.96950017,0.0398021599728919
LEO,2021-02-03,1.44144715423717,1.46177803211723,1.37744944021152,1.40309040056748,43725.0631320684,30995.0229,0.0437250631320684
LEO,2021-02-04,1.40309040056748,1.50602748962557,1.37596531244665,1.45474292913106,65534.6390923597,46550.04386529,0.0655346390923597
LEO,2021-02-05,1.45474292913106,1.50337495931752,1.38971797412313,1.42098838598257,55908.7203110196,39130.6038,0.0559087203110196
LEO,2021-02-06,1.42098838598257,1.47417096343967,1.35604580153931,1.39879342769592,69121.1010787898,49418.5195,0.0691211010787898
LEO,2021-02-07,1.39879342769592,1.50670035730062,1.36194435213197,1.41082152312709,68002.8327171479,48317.94669355,0.06800283271714791
LEO,2021-02-08,1.41082152312709,1.49503258212928,1.37625646281134,1.4208266744527,70676.0225780891,49497.69297527,0.07067602257808911
LEO,2021-02-09,1.4208266744527,1.57906469116209,1.3956714866201,1.50274669845019,54792.0087604967,37584.4175,0.0547920087604967
LEO,2021-02-10,1.50274669845019,1.54456990792777,1.42934833587756,1.48642804087149,68449.6421806782,46595.52911499,0.0684496421806782
LEO,2021-02-11,1.48642804087149,1.55596741480262,1.42432794388858,1.46288119267606,70896.6433042584,48094.74634264,0.07089664330425839
LEO,2021-02-12,1.46288119267606,1.50390978098658,1.42337689681579,1.4484414501137,91714.4486186174,62957.45501342,0.0917144486186174
LEO,2021-02-13,1.4484414501137,1.50493938905252,1.4369504063076,1.48630954048,65694.1872952647,44589.59594824,0.06569418729526469
LEO,2021-02-14,1.48630954048,1.59334395851208,1.43598153490957,1.45133410911381,89457.3224742309,60136.98102843,0.0894573224742309
LEO,2021-02-15,1.45133410911381,1.51341421106368,1.44083574603902,1.47547361983337,79847.9380871984,54131.22132152,0.07984793808719841
LEO,2021-02-16,1.47547361983337,1.5126541608881,1.45472478944743,1.48655035814802,55354.5863643722,37440.02929774,0.055354586364372196
LEO,2021-02-17,1.48655035814802,1.52282064887996,1.44761520666975,1.48068552744426,46668.2565840029,31664.96070398,0.0466682565840029
LEO,2021-02-18,1.48068552744426,1.51278307903013,1.42810223271655,1.47767390748103,107070.892144764,72608.79959114,0.10707089214476401
LEO,2021-02-19,1.47767390748103,1.82965770519906,1.4645383832926,1.71062868810539,701093.854784333,422219.80193367,0.7010938547843331
LEO,2021-02-20,1.71062868810539,1.83493759633395,1.68897795703644,1.74081897899971,882106.466543033,502689.09331081,0.882106466543033
LEO,2021-02-21,1.74081897899971,1.90353468806127,1.70144249348896,1.80670709859297,272768.372438822,152010.20640959,0.272768372438822
LEO,2021-02-22,1.80670709859297,1.91443225091377,1.75449027307233,1.86689013515361,725532.523692654,394844.1891583,0.725532523692654
LEO,2021-02-23,1.86689013515361,2.1758913129234,1.79888190695896,1.97645078652912,4170977.44058571,2083669.64549826,4.17097744058571
LEO,2021-02-24,1.97645078652912,2.12147139952725,1.85918357275756,1.9291335903169,848771.604756939,427627.95095959,0.848771604756939
LEO,2021-02-25,1.9291335903169,2.16325022851589,1.92801399484223,1.95497743992374,296417.480084523,144095.70568357,0.29641748008452296
LEO,2021-02-26,1.95497743992374,2.02397495235997,1.8811459452723,2.02397495235997,301289.816156987,156408.91874965,0.30128981615698697
LEO,2021-02-27,2.02397495235997,2.08326283702275,1.98909265984721,2.03282754843872,255299.476116346,126434.60157119,0.255299476116346
LEO,2021-02-28,2.03282754843872,2.03282754843872,1.84580047743765,1.88725996025125,549539.61098297,285978.6139308,0.54953961098297
LEO,2021-03-01,1.88725996025125,2.1060031399295,1.88725996025125,2.10278741819812,174353.544755378,86880.55514664,0.174353544755378
LEO,2021-03-02,2.10278741819812,2.13444422633625,1.9031538089562,1.91785555354026,388024.173223634,190313.74285981,0.38802417322363403
LEO,2021-03-03,1.91785555354026,2.0342255727724,1.8571288702501,1.9204682189303,241771.121172216,123854.56344187,0.241771121172216
LEO,2021-03-04,1.9204682189303,1.92607033765009,1.8543483046359,1.89744452611739,232468.859194448,123712.51118597,0.232468859194448
LEO,2021-03-05,1.89744452611739,1.90057187622543,1.82445649642275,1.86461857496802,101453.887989806,54545.15255296,0.101453887989806
LEO,2021-03-06,1.86461857496802,1.92198576554616,1.84286253374294,1.90655462925394,120716.216718009,63967.32469756,0.120716216718009
LEO,2021-03-07,1.90655462925394,1.95105066631179,1.82762050766037,1.86412483285469,133339.555876775,70109.54934244,0.133339555876775
LEO,2021-03-08,1.86412483285469,1.94219258471382,1.86412483285469,1.91726252572348,56967.8471731706,29760.1569,0.0569678471731706
LEO,2021-03-09,1.91726252572348,1.98188853203438,1.90005155046831,1.97190742919512,117131.155327503,59952.0665165,0.117131155327503
LEO,2021-03-10,1.97190742919512,2.03074846643243,1.96500732841173,2.02130509933732,247174.891709367,124792.29292627,0.247174891709367
LEO,2021-03-11,2.02130509933732,2.0485169062342,1.98515809870188,2.04429190569466,76660.2234849415,37956.91803684,0.0766602234849415
LEO,2021-03-12,2.04429190569466,2.07236818666876,1.9404179066588,2.02471085665801,76912.9824531583,38572.34412005,0.0769129824531583
LEO,2021-03-13,2.02471085665801,2.06039660608467,1.98977836897358,1.99280622329729,97904.9464119241,48434.78304793,0.0979049464119241
LEO,2021-03-14,1.99280622329729,2.01692107413334,1.96053824232662,1.9984886456074,132760.395464492,66760.7899,0.132760395464492
LEO,2021-03-15,1.9984886456074,2.04888797956545,1.93815992534529,2.03041751263712,94253.5005441941,47296.42987633,0.0942535005441941
LEO,2021-03-16,2.03041751263712,2.07286856175152,2.01515794947227,2.03692995915078,69845.1892660666,34223.26443234,0.0698451892660666
LEO,2021-03-17,2.03692995915078,2.1132285664138,2.02932904055469,2.10294935245383,89732.4363022093,42906.3339,0.0897324363022093
LEO,2021-03-18,2.10294935245383,2.12077748538762,2.09423954678222,2.10604115821546,108185.465128817,51318.5466,0.108185465128817
LEO,2021-03-19,2.10604115821546,2.11392588525033,2.08625998316979,2.09962734234529,65854.91405552,31416.2981,0.06585491405552
LEO,2021-03-20,2.09962734234529,2.11837752804904,2.08670683977633,2.10848551998748,66967.6266560703,31847.45727347,0.0669676266560703
LEO,2021-03-21,2.10848551998748,2.13134560981883,2.09850461176924,2.12017869823388,77696.7401702416,36725.03099718,0.0776967401702416
LEO,2021-03-22,2.12017869823388,2.12547898478446,2.10490179725149,2.11259299945285,91203.7691885,43121.1773568,0.0912037691885
LEO,2021-03-23,2.11259299945285,2.11809467351221,2.09755319648596,2.10601260294372,60008.5406032957,28459.26614673,0.060008540603295704
LEO,2021-03-24,2.10601260294372,2.11742700401267,2.09814561488911,2.10730766090125,103485.623577221,49137.98794229,0.103485623577221
LEO,2021-03-25,2.10730766090125,2.12316320935303,2.08307909792148,2.11849838125222,258735.332464575,123130.41757034,0.25873533246457503
LEO,2021-03-26,2.11849838125222,2.13736448632395,2.09882213941236,2.13139269601373,144834.280150666,68220.65285356,0.144834280150666
LEO,2021-03-27,2.13139269601373,2.16822023487624,2.04377415176914,2.1444414709229,241141.013291857,111606.65885295,0.241141013291857
LEO,2021-03-28,2.1444414709229,2.19397149545855,2.13296085878967,2.14233676422328,64047.7700948935,29836.09473647,0.0640477700948935
LEO,2021-03-29,2.14233676422328,2.15541158952039,2.10959313892475,2.120647068155,90978.2166451189,42789.59817527,0.0909782166451189
LEO,2021-03-30,2.120647068155,2.13224878116089,2.05437761461011,2.070983333681,152062.231894766,72968.33778091,0.152062231894766
LEO,2021-03-31,2.070983333681,2.09653114554654,2.03044628294042,2.03707294587336,103954.438023991,50395.609947,0.103954438023991
LEO,2021-04-01,2.03707294587336,2.10173039052452,2.026732229554,2.04694217683492,158669.741679967,77395.65984085,0.158669741679967
LEO,2021-04-02,2.04694217683492,2.04759182864661,1.93781421430252,2.03188211393775,130017.963762198,64335.98687907,0.13001796376219799
LEO,2021-04-03,2.03188211393775,2.04678247696107,2.00630158589454,2.00882956273486,96529.9604788174,47709.19365082,0.0965299604788174
LEO,2021-04-04,2.00882956273486,2.02633932879689,1.98280307831205,1.99114916723287,43896.8755597093,21867.50738985,0.043896875559709295
LEO,2021-04-05,1.99114916723287,2.01994197788889,1.97178447846102,2.0121512071899,73369.4054606849,36641.07424173,0.07336940546068489
LEO,2021-04-06,2.0121512071899,2.09922553415092,1.95999078267454,2.09589444690052,150234.529899831,74307.38850909,0.150234529899831
LEO,2021-04-07,2.09589444690052,2.10559265611747,2.07260596648295,2.07496608767448,142407.337557302,68252.20283811,0.142407337557302
LEO,2021-04-08,2.07496608767448,2.11567733161854,2.07477574047898,2.08704066275262,136729.35089579,65302.78566075,0.13672935089579
LEO,2021-04-09,2.08704066275262,2.11183222300684,2.06730010082303,2.08527654928272,177027.947034459,84849.45431489,0.177027947034459
LEO,2021-04-10,2.08527654928272,2.13627533713084,2.07738877694394,2.10479213289889,89738.4527193355,42427.47883392,0.0897384527193355
LEO,2021-04-11,2.10479213289889,2.14615288441152,2.10452732920832,2.11723750066909,102040.430994383,47994.5642911,0.10204043099438301
LEO,2021-04-12,2.11723750066909,2.18197496745692,2.10680945170313,2.11447262046377,225518.85046045,105492.60862696,0.22551885046044998
LEO,2021-04-13,2.11447262046377,2.14365597552043,2.1067236699576,2.12731852793438,138628.539125333,65267.70908417,0.138628539125333
LEO,2021-04-14,2.12731852793438,2.19619592997559,2.10672268263383,2.18571314178996,316799.05451131,146625.1788203,0.31679905451131
LEO,2021-04-15,2.18571314178996,2.32532245935367,2.16570102975981,2.28589700850567,1082763.36628746,482328.61566896,1.08276336628746
LEO,2021-04-16,2.28589700850567,2.31308006889079,2.18220278323199,2.23424493146471,433760.131036141,194475.50209604,0.43376013103614103
LEO,2021-04-17,2.23424493146471,2.29348303341013,2.22538854732293,2.26120834645632,275117.360721837,121521.05707802,0.27511736072183696
LEO,2021-04-18,2.26120834645632,2.29637163926077,2.12177018598413,2.15495909540962,442613.009972168,201146.46240239,0.442613009972168
LEO,2021-04-19,2.15495909540962,2.28895150103445,1.91540958935022,1.95276115584597,507932.605824975,235150.91682279,0.507932605824975
LEO,2021-04-20,1.95276115584597,2.25473057772993,1.91521762336923,2.17681843137324,363391.070750019,178986.1897765,0.363391070750019
LEO,2021-04-21,2.17681843137324,2.2031697706009,2.16253591730835,2.17218655053789,83895.1600307366,38482.74065451,0.0838951600307366
LEO,2021-04-22,2.17218655053789,2.28159469259452,2.14706790133364,2.21270548458053,197343.350118658,89977.56810628,0.197343350118658
LEO,2021-04-23,2.21270548458053,2.29649949800996,1.97586128899609,2.28537875872734,424184.207970713,196064.31644213,0.424184207970713
LEO,2021-04-24,2.28537875872734,2.3231191895864,2.2322390535424,2.24209342414067,111952.832029896,49065.16546395,0.111952832029896
LEO,2021-04-25,2.24209342414067,2.31025553538355,2.21680726956237,2.29318930821214,139179.218825759,61360.05779298,0.13917921882575898
LEO,2021-04-26,2.29318930821214,2.33851138838815,2.28062028846005,2.30183239393478,85396.5286773204,37136.77270035,0.0853965286773204
LEO,2021-04-27,2.30183239393478,2.35519719054953,2.29554658968814,2.3472054433267,76317.278908382,32645.95646305,0.076317278908382
LEO,2021-04-28,2.3472054433267,2.34900677548267,2.30296627667665,2.30925583663967,62737.911499561,27028.71328864,0.062737911499561
LEO,2021-04-29,2.30925583663967,2.33839635053434,2.30234577780933,2.33603704433787,56232.6316650366,24283.87683016,0.0562326316650366
LEO,2021-04-30,2.33603704433787,2.41394745878307,2.30155120564732,2.40907920267036,165784.405089756,70463.07601033,0.165784405089756
LEO,2021-05-01,2.40907920267036,2.47865800538773,2.40049895474426,2.46175597980946,143446.667148391,58758.73980417,0.143446667148391
LEO,2021-05-02,2.46175597980946,2.47016055384897,2.42929415411773,2.45798023007111,46659.5026271686,19008.49369808,0.0466595026271686
LEO,2021-05-03,2.45798023007111,2.52636186403274,2.45068366955001,2.50174861419593,115719.737985483,46344.77542599,0.115719737985483
LEO,2021-05-04,2.50174861419593,2.54282308125899,2.4628120037481,2.5148663494909,179046.324894629,71560.61896734,0.17904632489462902
LEO,2021-05-05,2.5148663494909,2.96050627731691,2.48899310881448,2.9497736650435,271948.057203134,101250.37834699,0.271948057203134
LEO,2021-05-06,2.9497736650435,2.98911566090745,2.76280611199059,2.87552741494103,641312.145936461,220692.28994946,0.641312145936461
LEO,2021-05-07,2.87552741494103,2.89265669297476,2.80210609456592,2.86740790346129,247853.978622946,87120.0015382,0.24785397862294598
LEO,2021-05-08,2.86740790346129,3.03330510070446,2.83246998904367,3.00387539361433,152435.180128892,52032.18917964,0.152435180128892
LEO,2021-05-09,3.00387539361433,3.08737091590498,2.9414448850174,2.94271629607075,156859.117471013,51867.66921662,0.15685911747101303
LEO,2021-05-10,2.94271629607075,3.60979882261028,2.89761654157792,3.49193827726649,340247.243232935,105229.57074328,0.34024724323293504
LEO,2021-05-11,3.49193827726649,3.79199637677872,3.26767746158251,3.78602426772617,231207.400361503,66520.51709884,0.231207400361503
LEO,2021-05-12,3.78602426772617,4.00137952593379,3.77714537482542,3.87734817381566,426182.097215811,110315.2276291,0.426182097215811
LEO,2021-05-13,3.87734817381566,3.87734817381566,3.31439285612326,3.31656546418533,162686.553701521,46028.19151995,0.16268655370152102
LEO,2021-05-14,3.31656546418533,3.90741716442453,3.2958113928772,3.30547600470643,563776.061799935,160323.11025458,0.563776061799935
LEO,2021-05-15,3.30547600470643,3.73124863019784,3.28302192002057,3.69314043163705,210394.484385255,61160.33026687,0.210394484385255
LEO,2021-05-16,3.69314043163705,3.78830760219485,3.41631225571701,3.5654936971354,279429.970348511,76370.71513784,0.279429970348511
LEO,2021-05-17,3.5654936971354,3.89026335070143,3.09267112682657,3.25071867144964,467490.590704972,134465.92457733,0.467490590704972
LEO,2021-05-18,3.25071867144964,3.35591573619586,2.82190661278261,2.83698786805508,414316.246910603,135628.79237502,0.41431624691060304
LEO,2021-05-19,2.83698786805508,3.24147499653743,2.55938639818131,2.78591831414621,1810347.24961999,632816.61988345,1.81034724961999
LEO,2021-05-20,2.78591831414621,3.00807205476771,2.59543089999537,2.90065193608062,528937.815963825,198172.37944741,0.5289378159638249
LEO,2021-05-21,2.90065193608062,2.94398990357027,2.52883721549336,2.5664707091242,355183.287255225,133699.11167065,0.355183287255225
LEO,2021-05-22,2.5664707091242,2.57900203362488,2.43613915875231,2.43613915875231,427260.699537405,171467.56605563,0.427260699537405
LEO,2021-05-23,2.43613915875231,2.69534280432591,2.31542207745435,2.49303059855463,256823.252811584,105327.36484928,0.256823252811584
LEO,2021-05-24,2.49303059855463,2.53039973474926,2.32363423304015,2.34824636509998,165986.199686255,70557.91367525,0.165986199686255
LEO,2021-05-25,2.34824636509998,2.42120907984314,2.2521938397806,2.26323168469835,126703.464959066,53992.08027266,0.126703464959066
LEO,2021-05-26,2.26323168469835,2.27629084493306,2.15741555783728,2.16428228096411,276863.485596033,124578.55282671,0.27686348559603297
LEO,2021-05-27,2.16428228096411,2.17404685503399,2.03403657312484,2.06128520797851,249350.994216278,118878.68473867,0.249350994216278
LEO,2021-05-28,2.06128520797851,2.15529837239048,2.03022308807035,2.12163424198974,146025.499507708,69760.42708606,0.14602549950770802
LEO,2021-05-29,2.12163424198974,2.14167078566231,2.03685161573946,2.07204975899919,279241.359612936,133664.52924902,0.279241359612936
LEO,2021-05-30,2.07204975899919,2.30266525672806,2.07204975899919,2.29407261553852,78470.2710352125,35846.95835777,0.0784702710352125
LEO,2021-05-31,2.29407261553852,2.4515588413671,2.27143483013156,2.40888722144697,67759.3461899276,28529.94728311,0.0677593461899276
LEO,2021-06-01,2.40888722144697,2.67533657079273,2.38677498673649,2.66803506897936,169037.967280751,66951.22514829,0.16903796728075102
LEO,2021-06-02,2.66803506897936,2.90870999875355,2.66417562317993,2.7407106845631,287635.174602853,105265.5232474,0.28763517460285304
LEO,2021-06-03,2.7407106845631,2.90884866195268,2.73885706219935,2.8916365020471,289240.608106814,100882.52095939,0.28924060810681396
LEO,2021-06-04,2.8916365020471,2.94989986091586,2.69895596577825,2.71109883630141,188644.399020955,67459.7470456,0.188644399020955
LEO,2021-06-05,2.71109883630141,2.71252821925016,2.604344787142,2.60516786476284,326098.359255707,122732.47159867,0.326098359255707
LEO,2021-06-06,2.60516786476284,2.62180016564939,2.49252201944697,2.50102087693671,136995.055677276,53369.31889641,0.136995055677276
LEO,2021-06-07,2.50102087693671,2.52490035230229,2.42538128926428,2.45591665599197,130031.725081166,52817.96546185,0.130031725081166
LEO,2021-06-08,2.45591665599197,2.86406169462911,2.45188842813103,2.59069367348102,742406.127602359,281879.86616091,0.742406127602359
LEO,2021-06-09,2.59069367348102,2.5981100892238,2.42448953339935,2.43097271035053,1256495.2442521,505277.35865847,1.2564952442520998
LEO,2021-06-10,2.43097271035053,2.44897093998475,2.35484742363567,2.36194984042981,123344.405458538,50847.31379453,0.123344405458538
LEO,2021-06-11,2.36194984042981,2.54578422853118,2.35543385580371,2.39939407149279,490093.011232174,197444.51238811,0.490093011232174
LEO,2021-06-12,2.39939407149279,2.48025481792173,2.3616229704752,2.38674234078863,219485.800623102,91388.82720699,0.219485800623102
LEO,2021-06-13,2.38674234078863,2.80524235533234,2.37835866620011,2.76881695076116,650273.187936544,245774.92187357,0.650273187936544
LEO,2021-06-14,2.76881695076116,2.8144497901603,2.4690174392099,2.47836465764395,654661.152386604,238140.02676419,0.6546611523866039
LEO,2021-06-15,2.47836465764395,2.48780769420419,2.37157598385225,2.3794756171174,771660.387673964,320576.60206388,0.771660387673964
LEO,2021-06-16,2.3794756171174,2.73112530358739,2.37031857089026,2.54637031140371,483168.251124149,191763.73217691,0.483168251124149
LEO,2021-06-17,2.54637031140371,2.73157151558513,2.5353366690353,2.53565267323834,359667.206078039,138673.37492439,0.35966720607803904
LEO,2021-06-18,2.53565267323834,2.65776415269285,2.53508256406024,2.64266138557344,220756.872676033,85527.31264619,0.220756872676033
LEO,2021-06-19,2.64266138557344,2.66117724048973,2.56036042269654,2.57377997891009,126042.831800792,48495.84479844,0.126042831800792
LEO,2021-06-20,2.57377997891009,2.6275778785026,2.54226801430991,2.56368303952002,210565.742710551,81545.87105472,0.210565742710551
LEO,2021-06-21,2.56368303952002,2.5912288785107,2.47874353816243,2.48609058391463,308235.181959948,121792.77461513,0.308235181959948
LEO,2021-06-22,2.48609058391463,2.5955893155529,2.32267996633322,2.47302142043571,1260343.82535904,518374.42138835,1.26034382535904
LEO,2021-06-23,2.47302142043571,2.75638126709472,2.38924359836282,2.43976383762643,720392.466089147,285928.28282057,0.720392466089147
LEO,2021-06-24,2.43976383762643,2.6345650144699,2.3865298362467,2.39825575649447,355396.535379625,144541.68905734,0.355396535379625
LEO,2021-06-25,2.39825575649447,2.57409118177218,2.33858126808836,2.34550422712991,614087.821971385,256092.98216265,0.614087821971385
LEO,2021-06-26,2.34550422712991,2.41015080784847,2.10637155399986,2.11340190804195,257131.940254762,115214.32850604,0.257131940254762
LEO,2021-06-27,2.11340190804195,2.51635146240186,2.05655560406939,2.09171646470338,461678.205753255,211140.9034867,0.461678205753255
LEO,2021-06-28,2.09171646470338,2.4804944235797,2.07251684833287,2.41162541887318,431272.461082801,190987.59365325,0.431272461082801
LEO,2021-06-29,2.41162541887318,2.4963725536768,2.28595452212356,2.30859440125963,334847.74872785,139404.77847707,0.33484774872785
LEO,2021-06-30,2.30859440125963,2.56875334862062,2.30510407350727,2.56300660699849,321505.407435207,131488.76367905,0.321505407435207
LEO,2021-07-01,2.56300660699849,2.56300660699849,2.36061777562752,2.38043163835024,182756.319497076,74452.91423545,0.18275631949707602
LEO,2021-07-02,2.38043163835024,2.40199882185029,2.29919834590184,2.32570456709541,202007.493514065,86085.30322021,0.202007493514065
LEO,2021-07-03,2.32570456709541,2.41142062674126,2.30961101966092,2.34891998202374,187161.678485023,78395.43372895,0.187161678485023
LEO,2021-07-04,2.34891998202374,2.43733681916074,2.28254007454312,2.36451719069675,517789.883068387,223045.97799117,0.517789883068387
LEO,2021-07-05,2.36451719069675,2.59196472348669,2.35117310681757,2.53261679142855,714172.453031498,289010.25649606,0.714172453031498
LEO,2021-07-06,2.53261679142855,2.71093306209354,2.52181874630537,2.67115715754225,264195.705512174,99965.24328722,0.264195705512174
LEO,2021-07-07,2.67115715754225,2.73646302019233,2.65552759869827,2.73088240234603,246255.171511325,91676.6386865,0.246255171511325
LEO,2021-07-08,2.73088240234603,2.90776875986145,2.67864683202611,2.87808008760255,363678.847133863,130200.35415394,0.363678847133863
LEO,2021-07-09,2.87808008760255,2.90821539696853,2.81619746167114,2.87635053093813,87985.3445449749,30594.28358931,0.08798534454497489
LEO,2021-07-10,2.87635053093813,2.92202917406463,2.81103557169389,2.88223939960948,171462.160483067,60264.64464233,0.171462160483067
LEO,2021-07-11,2.88223939960948,2.92288086692991,2.86124498085009,2.90764272222684,108217.116436976,37335.77370142,0.108217116436976
LEO,2021-07-12,2.90764272222684,2.94161818463525,2.88629804047836,2.91913816660533,71720.4129768004,24475.90934482,0.0717204129768004
LEO,2021-07-13,2.91913816660533,2.93846568898545,2.89688735862154,2.92079417462425,52884.0644679316,18097.5588832,0.052884064467931605
LEO,2021-07-14,2.92079417462425,2.96259568905296,2.8655374719915,2.9286642863187,79528.9246815711,27156.72177315,0.07952892468157109
LEO,2021-07-15,2.9286642863187,2.96065331067475,2.8491314153473,2.86027420180378,80961.8340749458,27906.97094587,0.0809618340749458
LEO,2021-07-16,2.86027420180378,2.96697503750667,2.85624147835776,2.92152222031287,88210.4336846382,30381.08207755,0.08821043368463821
LEO,2021-07-17,2.92152222031287,2.93581349979595,2.88730969240425,2.90278666571351,54811.0836234055,18788.86516661,0.054811083623405504
LEO,2021-07-18,2.90278666571351,2.9697477436597,2.89239747157491,2.96141682917397,121161.705092052,41187.93777824,0.121161705092052
LEO,2021-07-19,2.96141682917397,3.02857646513258,2.92845879131029,3.0129536704402,145651.444648691,49002.62725416,0.14565144464869098
LEO,2021-07-20,3.0129536704402,3.24510161256988,2.97585617514307,3.19796197943111,366457.890526985,117143.12662628,0.366457890526985
LEO,2021-07-21,3.19796197943111,3.20396349093762,2.53288108756051,2.57915065940543,485209.942443954,163543.5977526,0.485209942443954
LEO,2021-07-22,2.57915065940543,2.7911769333775,2.50250058033586,2.79077667425216,521255.438578205,198131.87623062,0.521255438578205
LEO,2021-07-23,2.79077667425216,2.80910394780582,2.6388071029733,2.75253721246232,254104.664589518,92530.07855499,0.254104664589518
LEO,2021-07-24,2.75253721246232,2.94809987872965,2.74678707770584,2.87298803754706,124189.815487662,43426.92223704,0.12418981548766199
LEO,2021-07-25,2.87298803754706,2.94592545242786,2.72267511365771,2.75695731125652,71239.1304298906,24832.17246875,0.07123913042989061
LEO,2021-07-26,2.75695731125652,3.06813542165962,2.5415256474053,2.77409987222803,321929.137178755,111274.7530599,0.32192913717875504
LEO,2021-07-27,2.77409987222803,2.88530171105683,2.69795197427425,2.83027627343746,200714.930547026,72183.70413797,0.200714930547026
LEO,2021-07-28,2.83027627343746,3.15743378508696,2.70243815770953,3.11071192598538,206710.959110047,70455.76646624,0.206710959110047
LEO,2021-07-29,3.11071192598538,3.15443378605007,2.67085948149334,2.79875736754075,194153.872293384,69210.17481108,0.194153872293384
LEO,2021-07-30,2.79875736754075,3.04420692124066,2.76884789368027,3.04002256678318,80224.3016580564,27604.53311918,0.0802243016580564
LEO,2021-07-31,3.04002256678318,3.0782869677638,2.98241207280676,3.06374078324627,101013.630694341,33288.14368109,0.10101363069434101
LEO,2021-08-01,3.06374078324627,3.13806955957731,2.91253111090051,3.12181850188,84280.5117117476,27775.18803201,0.08428051171174761
LEO,2021-08-02,3.12181850188,3.12954573979076,2.89679170927086,3.08759878770819,76491.1703606535,25078.71461908,0.0764911703606535
LEO,2021-08-03,3.08759878770819,3.10338267197457,2.97903914706743,2.99605748543283,82631.8384408471,27227.30869615,0.08263183844084711
LEO,2021-08-04,2.99605748543283,3.02136408946987,2.96860296462984,2.98065814306343,52160.4192528816,17441.71713185,0.0521604192528816
LEO,2021-08-05,2.98065814306343,3.03810256208415,2.9731140096938,2.99213883998872,90834.3400326708,30416.41227918,0.09083434003267081
LEO,2021-08-06,2.99213883998872,3.08037820659935,2.98200420488674,3.02044232743918,71139.305537266,23581.44143583,0.071139305537266
LEO,2021-08-07,3.02044232743918,3.06065289535543,2.95981317731211,2.98626856238227,113717.674843093,37686.00501214,0.113717674843093
LEO,2021-08-08,2.98626856238227,3.04169292586607,2.91134522117871,3.01508242586038,71769.8585458314,24212.77985081,0.0717698585458314
LEO,2021-08-09,3.01508242586038,3.01508242586038,2.71505318061443,2.96720581972439,657633.299251395,230852.61872115,0.657633299251395
LEO,2021-08-10,2.96720581972439,3.0039186762801,2.8653909193235,2.98587172988039,213052.581112105,72220.35000761,0.21305258111210498
LEO,2021-08-11,2.98587172988039,3.00124686604995,2.8359833541738,2.88039818887579,191329.971145095,64417.29671722,0.191329971145095
LEO,2021-08-12,2.88039818887579,2.99364839763824,2.86458496591236,2.95780593234709,152475.584718304,52316.38845345,0.152475584718304
LEO,2021-08-13,2.95780593234709,3.00829946019256,2.9288114095266,2.9686065482775,166255.472908481,55738.43212426,0.166255472908481
LEO,2021-08-14,2.9686065482775,2.99155668807254,2.93752565375647,2.96453084233388,128731.781738836,43332.8277675,0.128731781738836
LEO,2021-08-15,2.96453084233388,2.9896736340435,2.95607742737647,2.98468421094995,149398.661816821,50253.44323296,0.149398661816821
LEO,2021-08-16,2.98468421094995,3.01591669743096,2.96226109934676,2.9933895186814,248906.90997184,83409.75930327,0.24890690997184
LEO,2021-08-17,2.9933895186814,3.05996362564361,2.94750840008685,2.97031899455764,119904.009807104,40103.05974401,0.119904009807104
LEO,2021-08-18,2.97031899455764,2.99453318694917,2.90484264851942,2.95741154295432,104709.373386695,35617.86428109,0.104709373386695
LEO,2021-08-19,2.95741154295432,2.96400556846478,2.89696432065535,2.95359747688804,94734.974809187,32191.10029483,0.094734974809187
LEO,2021-08-20,2.95359747688804,3.01299366668366,2.90731874839376,2.92087312675017,184523.330606231,62071.51876821,0.184523330606231
LEO,2021-08-21,2.92087312675017,2.98955477703866,2.92087312675017,2.98403065420918,70388.5291159457,23636.96402774,0.0703885291159457
LEO,2021-08-22,2.98403065420918,2.99443694127739,2.90858955275769,2.95945873988693,67598.4723969201,22864.69746804,0.0675984723969201
LEO,2021-08-23,2.95945873988693,3.0171944502559,2.93887693496832,2.97648962259445,103215.968653893,34563.91154815,0.103215968653893
LEO,2021-08-24,2.97648962259445,3.02092056967777,2.84599442626081,2.85976673843981,116405.210702856,39297.80394257,0.116405210702856
LEO,2021-08-25,2.85976673843981,2.9895383891414,2.85243842636912,2.93881580194894,63934.5988722651,21841.847697,0.0639345988722651
LEO,2021-08-26,2.93881580194894,2.99965812536038,2.86606615862299,2.89001995735341,96035.718529552,32570.46487035,0.096035718529552
LEO,2021-08-27,2.89001995735341,2.98441405650148,2.88975851684691,2.9446398284696,82712.1342131706,28070.81160268,0.0827121342131706
LEO,2021-08-28,2.9446398284696,2.98178715688821,2.92360769429046,2.9665570499378,97742.6799467594,33102.1558,0.09774267994675939
LEO,2021-08-29,2.9665570499378,2.98214421809975,2.89489425791413,2.94537461026337,55619.5209145632,18850.26124748,0.0556195209145632
LEO,2021-08-30,2.94537461026337,2.97637585244904,2.9208509854901,2.96113492987254,131120.727374476,44622.51271062,0.131120727374476
LEO,2021-08-31,2.96113492987254,2.98576263907583,2.88624644321027,2.90911749954949,86876.2813331954,29538.38838458,0.0868762813331954
LEO,2021-09-01,2.90911749954949,2.96836987899618,2.8370460218043,2.93735866785432,126475.86098377,43271.9779726,0.12647586098377
LEO,2021-09-02,2.93735866785432,2.94744684447614,2.86959105997006,2.92333018058746,69463.5894519953,23811.92784145,0.0694635894519953
LEO,2021-09-03,2.92333018058746,2.95302520636272,2.9000508504916,2.94501482264311,133095.414236749,45359.87890294,0.133095414236749
LEO,2021-09-04,2.94501482264311,2.97928125621657,2.92290571160443,2.95189890644459,123934.270023796,42003.65204526,0.12393427002379599
LEO,2021-09-05,2.95189890644459,3.00345473366102,2.90038567153144,2.9381722803921,99540.5689342487,33796.19151798,0.0995405689342487
LEO,2021-09-06,2.9381722803921,3.14528686059482,2.9381722803921,2.96507827678161,234898.858550749,78422.46341962,0.234898858550749
LEO,2021-09-07,2.96507827678161,3.1798406872495,2.6258587182533,3.11067106407044,611523.512676861,206674.88072532,0.611523512676861
LEO,2021-09-08,3.11067106407044,3.19612750083844,3.06530047628028,3.12351577462451,330345.362164377,105664.90895235,0.330345362164377
LEO,2021-09-09,3.12351577462451,3.16079833029296,3.06759776928562,3.11916703085167,186181.566442027,59883.32059414,0.186181566442027
LEO,2021-09-10,3.11916703085167,3.14036815683541,2.97383669695167,3.01045264820625,229564.010658001,75090.77866556,0.229564010658001
LEO,2021-09-11,3.01045264820625,3.06712845804366,3.00420199668459,3.04971489925418,135499.412668049,44695.30773713,0.135499412668049
LEO,2021-09-12,3.04971489925418,3.06344513209327,2.9828796442741,2.99585722281343,98833.432648189,32683.51894177,0.098833432648189
LEO,2021-09-13,2.99585722281343,3.044275669836,2.97390908696863,3.02099242950661,95546.5413645917,31784.45606297,0.0955465413645917
LEO,2021-09-14,3.02099242950661,3.04949539076908,2.99546603302739,3.04814625994551,116782.794006624,38684.24528847,0.116782794006624
LEO,2021-09-15,3.04814625994551,3.16493477722986,3.03842238329287,3.15746744421984,78798.6594668123,25455.04722116,0.0787986594668123
LEO,2021-09-16,3.15746744421984,3.19132841627079,3.03406807486524,3.03929641965736,100611.084202691,31998.07421783,0.10061108420269099
LEO,2021-09-17,3.03929641965736,3.08879651962735,2.96280639323788,3.08326694259148,58518.3514283921,19439.10031886,0.0585183514283921
LEO,2021-09-18,3.08326694259148,3.15982805584223,3.01256683481887,3.09475792546065,132804.104329036,43237.30684861,0.132804104329036
LEO,2021-09-19,3.09475792546065,3.14906073227891,2.98574915631558,2.99191168229146,164757.535950051,54359.7565185,0.16475753595005102
LEO,2021-09-20,2.99191168229146,3.08912430870532,2.9291571060387,2.95205590843414,286552.326013749,95598.43610006,0.286552326013749
LEO,2021-09-21,2.95205590843414,3.02032915713618,2.92898615001246,3.00737299999631,84178.2155028294,28250.74025656,0.08417821550282939
LEO,2021-09-22,3.00737299999631,3.04491541722177,2.9719990601133,3.03735816461865,127803.152374576,42445.53699504,0.127803152374576
LEO,2021-09-23,3.03735816461865,3.04432902227328,2.96617504392513,2.99876672306352,96401.4764164531,32111.28627343,0.0964014764164531
LEO,2021-09-24,2.99876672306352,3.02891369726684,2.89944323461155,2.96382545234842,65198.6239466583,21907.13310508,0.0651986239466583
LEO,2021-09-25,2.96382545234842,2.96517789019385,2.8305683083949,2.84355197302066,87503.8132084574,29946.00316789,0.0875038132084574
LEO,2021-09-26,2.84355197302066,2.8894140608911,2.79275904319452,2.79689872341877,104729.479565265,36989.14740303,0.104729479565265
LEO,2021-09-27,2.79689872341877,2.87782516939546,2.7236893428936,2.76472989237149,190462.289467681,67929.54277562,0.19046228946768098
LEO,2021-09-28,2.76472989237149,2.79096654748089,2.67961993168176,2.71356858536763,119290.658458576,43539.15789475,0.119290658458576
LEO,2021-09-29,2.71356858536763,2.94372071530742,2.69296156585478,2.92421770970033,184362.592567024,65546.52394495,0.184362592567024
LEO,2021-09-30,2.92421770970033,2.98115348423613,2.78711640921081,2.82776037366356,326487.072584911,113496.14789661,0.326487072584911
LEO,2021-10-01,2.82776037366356,2.95817249226978,2.82038814626981,2.90848349265566,96831.3640117844,33460.90944938,0.09683136401178441
LEO,2021-10-02,2.90848349265566,2.96698415275243,2.88931672451538,2.95543032926646,45356.7060752458,15399.49433111,0.0453567060752458
LEO,2021-10-03,2.95543032926646,2.96861126874088,2.90378478330586,2.9466565783346,62335.7371182654,21235.69831748,0.0623357371182654
LEO,2021-10-04,2.9466565783346,2.97299645009509,2.87734976269546,2.90181697176951,107518.888544124,36991.83293856,0.107518888544124
LEO,2021-10-05,2.90181697176951,2.98244881816128,2.89543937195515,2.96824613954569,118709.953768542,40157.92990137,0.11870995376854199
LEO,2021-10-06,2.96824613954569,2.97816938779331,2.88493522544351,2.88493522544351,99697.1688660563,34062.35092804,0.0996971688660563
LEO,2021-10-07,2.88493522544351,2.96322360053278,2.8804921055527,2.89703920274732,49438.163034571,16960.44867715,0.049438163034571
LEO,2021-10-08,2.89703920274732,2.90945964748563,2.76504111461833,2.77977378633794,132921.850811796,47111.43209324,0.132921850811796
LEO,2021-10-09,2.77977378633794,2.85159353302558,2.76819346597618,2.82265903607599,57709.5662315752,20431.92012574,0.0577095662315752
LEO,2021-10-10,2.82265903607599,2.89694926177702,2.74490272079825,2.76335884381987,118682.19356556,41732.69311115,0.11868219356555999
LEO,2021-10-11,2.76335884381987,2.77589599169563,2.72085567776331,2.75090537123084,43099.4793019462,15705.93140407,0.0430994793019462
LEO,2021-10-12,2.75090537123084,2.82409665793731,2.73925979567525,2.80761044811199,76076.6165182054,27438.685267,0.0760766165182054
LEO,2021-10-13,2.80761044811199,2.81208093382295,2.68614586602461,2.79138747483282,105731.784349617,37902.96449503,0.105731784349617
LEO,2021-10-14,2.79138747483282,2.81311549370324,2.66139039046979,2.68130328489577,120583.020015761,44181.38088686,0.12058302001576099
LEO,2021-10-15,2.68130328489577,2.96914357154272,2.62738416299568,2.8450923086345,167418.98542763,60215.06706581,0.16741898542762998
LEO,2021-10-16,2.8450923086345,2.91200066992169,2.82273304389813,2.8957226095683,28813.5702570709,10023.34136871,0.0288135702570709
LEO,2021-10-17,2.8957226095683,2.93502746709833,2.8470996339118,2.86723574805349,53489.0071931169,18546.97071421,0.0534890071931169
LEO,2021-10-18,2.86723574805349,2.96005456295872,2.84845518139578,2.91631871133411,56661.8257838114,19354.02876183,0.056661825783811404
LEO,2021-10-19,2.91631871133411,2.98129320494638,2.86130885837814,2.97555646226414,55158.901283622,18925.45686453,0.055158901283622
LEO,2021-10-20,2.97555646226414,3.17069526581763,2.89909247023937,3.16331190579532,138306.666517146,46170.40451556,0.138306666517146
LEO,2021-10-21,3.16331190579532,3.36629930591487,3.02096879360271,3.1984347239391,133232.630284881,42363.79040931,0.133232630284881
LEO,2021-10-22,3.1984347239391,3.42904830951863,3.17063960324335,3.41282454368153,146352.999444851,43826.99617349,0.146352999444851
LEO,2021-10-23,3.41282454368153,3.48150867357628,3.22248536195697,3.2230518475933,133733.016263095,39338.58371155,0.133733016263095
LEO,2021-10-24,3.2230518475933,3.28527017892719,3.05577811734027,3.25571956362579,158955.078745789,50492.47165565,0.158955078745789
LEO,2021-10-25,3.25571956362579,3.27406384639441,3.15280113599154,3.25149922374582,68546.9356653856,21230.1297866,0.0685469356653856
LEO,2021-10-26,3.25149922374582,3.39250816643081,3.24253836243883,3.37010191878072,91985.2891879696,27599.34575744,0.0919852891879696
LEO,2021-10-27,3.37010191878072,3.4286221688772,3.13491873531063,3.15343413231059,255238.078593504,77252.92304282,0.255238078593504
LEO,2021-10-28,3.15343413231059,3.22856126306338,3.11536326869298,3.21147074798598,53774.2643222525,17046.23174557,0.0537742643222525
LEO,2021-10-29,3.21147074798598,3.36027169111964,3.13257789852365,3.28904247098958,190305.250502027,59228.52514275,0.19030525050202698
LEO,2021-10-30,3.28904247098958,3.36783482596596,3.16050865020306,3.33804563688784,190648.007936875,58645.87879253,0.19064800793687497
LEO,2021-10-31,3.33804563688784,3.37671566005569,3.26176032872131,3.34597983606867,75743.978670206,22694.0280885,0.07574397867020599
LEO,2021-11-01,3.34597983606867,3.46077890338949,3.34597983606867,3.37781544924263,500592.668972048,146178.07569687,0.500592668972048
LEO,2021-11-02,3.37781544924263,3.44877748523625,3.32400021540031,3.36669057902653,462859.31557241,137172.00132971,0.46285931557241
LEO,2021-11-03,3.36669057902653,3.41752609502598,3.31820729684645,3.40611684320659,241363.630966017,71708.07186692,0.24136363096601698
LEO,2021-11-04,3.40611684320659,3.43239947649517,3.25951731979703,3.273161474696,208189.354601414,62857.60573887,0.208189354601414
LEO,2021-11-05,3.273161474696,3.33223160239193,3.12851920902718,3.17988847548009,167296.409508171,52192.23873055,0.16729640950817098
LEO,2021-11-06,3.17988847548009,3.32083926777021,3.17988847548009,3.21378059644363,119850.124218753,36602.38741273,0.119850124218753
LEO,2021-11-07,3.21378059644363,3.29125186601688,3.19668177941174,3.271463277564,76130.3321361591,23548.75437602,0.07613033213615909
LEO,2021-11-08,3.271463277564,3.33844973624325,3.21144837641385,3.26209162996032,89681.7689460498,27459.43691266,0.08968176894604979
LEO,2021-11-09,3.26209162996032,3.36454504199945,3.21042018364856,3.34801318010824,59412.4494836791,17953.88184649,0.059412449483679096
LEO,2021-11-10,3.34801318010824,3.473096731507,3.24804352338451,3.46919628520146,111636.718232844,33459.61813617,0.11163671823284399
LEO,2021-11-11,3.46919628520146,3.48412938934622,3.20585600278918,3.22766943811445,134579.99191966,41038.35464731,0.13457999191966
LEO,2021-11-12,3.22766943811445,3.23728810234061,3.09271336918957,3.12151393525353,167893.061468536,53344.73764203,0.167893061468536
LEO,2021-11-13,3.12151393525353,3.12502443906106,2.72017923281392,2.81756603266674,197582.509747041,66955.2794116,0.197582509747041
LEO,2021-11-14,2.81756603266674,2.92506630184526,2.68933858860327,2.89620435695932,197088.977871258,69994.83250989,0.19708897787125798
LEO,2021-11-15,2.89620435695932,2.98499767014745,2.88766121515561,2.97526183876588,232150.420457923,80167.3109907,0.232150420457923
LEO,2021-11-16,2.97526183876588,3.13763620375378,2.90561346589953,3.04587182931054,384237.373752505,125455.94006754,0.384237373752505
LEO,2021-11-17,3.04587182931054,3.15024759961565,3.04375043522326,3.11752766479371,70356.5912662157,22649.13157787,0.07035659126621571
LEO,2021-11-18,3.11752766479371,3.14538347701951,3.06054550813913,3.12284042431438,43316.4911497406,13895.91349624,0.0433164911497406
LEO,2021-11-19,3.12284042431438,3.22282395034139,3.10513174097556,3.13022068656084,139846.620020144,44417.0134745,0.139846620020144
LEO,2021-11-20,3.13022068656084,3.22414115045225,3.12185741559824,3.18759813228081,162531.6031354,51155.33730297,0.1625316031354
LEO,2021-11-21,3.18759813228081,3.32195604740136,3.16358424790177,3.29759885989386,971319.268777371,296432.64474769,0.9713192687773711
LEO,2021-11-22,3.29759885989386,3.51061945779749,3.27116549936975,3.36195311293241,188892.912723325,55564.04950009,0.18889291272332498
LEO,2021-11-23,3.36195311293241,3.48904815208168,3.29072683382294,3.31095416709273,88298.5136937763,26144.63313665,0.0882985136937763
LEO,2021-11-24,3.31095416709273,3.44944735109493,3.23094258516896,3.24585817356961,125792.509074716,37642.92189164,0.125792509074716
LEO,2021-11-25,3.24585817356961,3.39560995826139,3.10320478534488,3.12745608985907,90347.3706526894,28443.32787495,0.0903473706526894
LEO,2021-11-26,3.12745608985907,3.16485876286899,3.10264139057217,3.14589898585318,91488.0369361529,29302.21092524,0.0914880369361529
LEO,2021-11-27,3.14589898585318,3.26621399430403,3.0806277313999,3.09554121849389,95812.6605901699,30258.60477499,0.09581266059016989
LEO,2021-11-28,3.09554121849389,3.38629058347856,3.09273911778434,3.38056808394066,168997.794195045,52204.15917628,0.168997794195045
LEO,2021-11-29,3.38056808394066,3.44561423026518,3.28291344969583,3.32244617780282,156952.270293989,46498.70389812,0.15695227029398898
LEO,2021-11-30,3.32244617780282,3.46461474521292,3.22871568415464,3.32049384757491,204781.713376578,61109.65936789,0.204781713376578
LEO,2021-12-01,3.32049384757491,3.53177397550465,3.284103400413,3.33295328567395,163686.432889476,48263.6478631,0.163686432889476
LEO,2021-12-02,3.33295328567395,3.54945695508289,3.27953536621592,3.44053966930044,158649.331424588,45786.78867233,0.15864933142458798
LEO,2021-12-03,3.44053966930044,3.59901027523389,3.30039216664746,3.30176916136145,181527.1230054,52257.71254192,0.1815271230054
LEO,2021-12-04,3.30176916136145,3.61706193671,3.15711962466577,3.55093238342577,623117.965813988,181101.75959482,0.623117965813988
LEO,2021-12-05,3.55093238342577,3.69497601168908,3.33352368724368,3.60204790016979,219137.211618869,61255.16282814,0.219137211618869
LEO,2021-12-06,3.60204790016979,3.6767752129945,3.36373849158448,3.61840461209013,239086.436843615,66943.29266889,0.239086436843615
LEO,2021-12-07,3.61840461209013,3.69940737873836,3.52141494362366,3.61441100846348,158407.97018006,43335.79778809,0.15840797018005998
LEO,2021-12-08,3.61441100846348,3.69494744999392,3.55997609035008,3.59839678132689,251308.541722417,69570.76028442,0.251308541722417
LEO,2021-12-09,3.59839678132689,3.69989543747727,3.57366631826722,3.69513778177501,154644.878886412,42578.09622335,0.154644878886412
LEO,2021-12-10,3.69513778177501,3.75343883983926,3.62485762887896,3.70704892953362,176289.661399632,47255.20521975,0.17628966139963198
LEO,2021-12-11,3.70704892953362,3.73655087875807,3.66259021630197,3.72661292523873,79040.5812430221,21340.1742971,0.0790405812430221
LEO,2021-12-12,3.72661292523873,3.74070491521029,3.61253258736708,3.71182702533539,148145.526139144,40300.06594191,0.148145526139144
LEO,2021-12-13,3.71182702533539,3.7312570567427,3.59416932685062,3.6303783527409,197081.015856523,53978.64623373,0.19708101585652302
LEO,2021-12-14,3.6303783527409,3.63372521309949,3.39862136786312,3.47565617530557,151795.811810741,43232.87997623,0.151795811810741
LEO,2021-12-15,3.47565617530557,3.55034492292435,3.39119525773939,3.52343144206734,102509.884246755,29498.21157285,0.102509884246755
LEO,2021-12-16,3.52343144206734,3.65856933224725,3.51008998478035,3.58953636094077,62613.0419479883,17372.50691553,0.0626130419479883
LEO,2021-12-17,3.58953636094077,3.6810436997275,3.48255546749813,3.58824569247237,112025.934569778,31138.46648854,0.112025934569778
LEO,2021-12-18,3.58824569247237,3.61676866518979,3.43837288961752,3.49908402622952,152045.387198555,43023.88886386,0.15204538719855498
LEO,2021-12-19,3.49908402622952,3.60141146634877,3.45273864795251,3.46800725764595,97810.9712407457,27787.48533142,0.0978109712407457
LEO,2021-12-20,3.46800725764595,3.62433419922279,3.46525952339418,3.55738285903673,116783.201729958,32697.8658831,0.116783201729958
LEO,2021-12-21,3.55738285903673,3.70764727970899,3.54417248799664,3.6118273514447,163583.893136383,44655.91269433,0.163583893136383
LEO,2021-12-22,3.6118273514447,3.83379511778289,3.56600211393553,3.62372510766839,482304.012923013,132032.34788298,0.482304012923013
LEO,2021-12-23,3.62372510766839,3.81838694269774,3.56438821121845,3.6250330276016,829622.438996846,228261.39663592,0.829622438996846
LEO,2021-12-24,3.6250330276016,3.66212131353284,3.55551752245063,3.5759634683284,696579.78385849,193027.23056542,0.69657978385849
LEO,2021-12-25,3.5759634683284,3.69206701701019,3.56188747263305,3.58179523528,654968.971638105,182240.17799708,0.654968971638105
LEO,2021-12-26,3.58179523528,3.59414310897275,3.47844824304126,3.48951385710063,634315.70961475,179683.11062131,0.63431570961475
LEO,2021-12-27,3.48951385710063,3.60950306834678,3.34722147833009,3.46882361158196,960523.484754994,273761.15727195,0.960523484754994
LEO,2021-12-28,3.46882361158196,3.58130035130747,3.29685945146417,3.57583700154355,947915.40148779,271722.16526309,0.9479154014877901
LEO,2021-12-29,3.57583700154355,3.74426484039942,3.56322336608243,3.71274179156329,960359.212045088,262164.99495785,0.9603592120450879
LEO,2021-12-30,3.71274179156329,3.77708268256648,3.71274179156329,3.77342183851032,854089.52197389,227557.22929668,0.85408952197389
LEO,2021-12-31,3.77342183851032,4.21227050533758,3.70144713402006,3.75957267704238,1132203.64188827,297935.31863183,1.13220364188827
LEO,2022-01-01,3.75957267704238,3.98671781633356,3.73105736719731,3.81833141216138,717051.646247773,189068.24149609,0.717051646247773
LEO,2022-01-02,3.81833141216138,3.92673372286892,3.79234692398789,3.83204172050357,770586.664680245,201157.33365132,0.770586664680245
LEO,2022-01-03,3.83204172050357,3.90519246183271,3.75067024757564,3.81780713109704,972102.295848602,256190.90923978,0.972102295848602
LEO,2022-01-04,3.81780713109704,4.12702824758086,3.73998260138315,3.80111150534355,859700.954342587,225888.38665607,0.8597009543425871
LEO,2022-01-05,3.80111150534355,4.1031528923284,3.74085454659716,3.80434182143651,870550.65311556,226704.43903968,0.8705506531155599
LEO,2022-01-06,3.80434182143651,4.06516614240379,3.75134125674418,3.95723380288216,739775.189103148,195326.0247399,0.739775189103148
LEO,2022-01-07,3.95723380288216,4.01858127644358,3.31554206884581,3.55369388054301,1193540.87637368,320566.05172858,1.1935408763736801
LEO,2022-01-08,3.55369388054301,3.76239244936666,3.44258225400951,3.75832074444237,851651.021959901,236157.82377014,0.851651021959901
LEO,2022-01-09,3.75832074444237,3.852954046758,3.68857574881903,3.72892597554587,755961.179212958,199116.72163194,0.755961179212958
LEO,2022-01-10,3.72892597554587,4.11874695312588,3.64489940552756,3.74201934355484,983759.035480231,263236.50336164,0.983759035480231
LEO,2022-01-11,3.74201934355484,4.05418871993967,3.62437536562583,3.73447666536765,687391.209549472,183327.68420518,0.687391209549472
LEO,2022-01-12,3.73447666536765,4.04719927474034,3.70617677734082,3.83351450407917,826071.050299347,217029.90644133,0.826071050299347
LEO,2022-01-13,3.83351450407917,4.02059907305917,3.80490908539686,3.85687125921074,725920.906376827,188765.98585918,0.725920906376827
LEO,2022-01-14,3.85687125921074,4.03332668966329,3.64057373917143,3.83356819084171,754244.237773836,197812.21931276,0.754244237773836
LEO,2022-01-15,3.83356819084171,3.84113424100843,3.64835104647695,3.77506327215114,795613.70091866,210328.15790517,0.79561370091866
LEO,2022-01-16,3.77506327215114,3.83214946562448,3.6298997991205,3.75465134852819,762824.48877344,202765.41366867,0.76282448877344
LEO,2022-01-17,3.75465134852819,3.84161748795253,3.65286649988056,3.75054671846107,855096.799859906,226519.51138387,0.8550967998599059
LEO,2022-01-18,3.75054671846107,3.83610650332846,3.60376409524212,3.6906730838687,667371.650940896,179490.17567149,0.667371650940896
LEO,2022-01-19,3.6906730838687,3.75152271285488,3.41909579536175,3.64109945231916,731039.718348902,202517.04540938,0.7310397183489019
LEO,2022-01-20,3.64109945231916,3.8087434098098,3.60726160927631,3.76961458288998,758063.348848843,206523.88947783,0.758063348848843
LEO,2022-01-21,3.76961458288998,4.07178089486595,3.45821443679991,3.51483123241085,727005.424589272,198658.76653621,0.727005424589272
LEO,2022-01-22,3.51483123241085,3.87593301425668,3.32788181762174,3.52659659936473,770651.398622552,221210.68715305,0.770651398622552
LEO,2022-01-23,3.52659659936473,3.8644771074396,3.41394616472287,3.54053887673501,779961.990681814,217053.541885,0.779961990681814
LEO,2022-01-24,3.54053887673501,3.92106648100004,3.39467265210762,3.49927625709469,1399058.33337665,397141.825304,1.39905833337665
LEO,2022-01-25,3.49927625709469,3.54482809727979,3.28009738949634,3.50969601214201,1458968.52185062,424415.666962,1.4589685218506199
LEO,2022-01-26,3.50969601214201,3.814638174322,3.33948620583159,3.54280191106429,1535690.80728743,438473.503047,1.53569080728743
LEO,2022-01-27,3.54280191106429,3.91859717705318,3.32235357546775,3.45888851948691,1355164.34848561,384710.813879,1.35516434848561
LEO,2022-01-28,3.45888851948691,3.532191376381,3.32059532870706,3.42018409482434,679895.090912309,197532.576318,0.679895090912309
LEO,2022-01-29,3.42018409482434,3.53630027492314,3.34917859309424,3.45369079956814,631746.462633974,183169.677413,0.631746462633974
LEO,2022-01-30,3.45369079956814,3.5715916394744,3.37759268842622,3.54442763890168,606784.177814301,173985.67134,0.6067841778143009
LEO,2022-01-31,3.54442763890168,3.75650120251001,3.33469839944861,3.65348248261557,959830.441541706,270226.108195,0.9598304415417059
LEO,2022-02-01,3.65348248261557,4.32677387474191,3.49144317109238,4.30003271314722,1464249.75197059,381803.472158,1.4642497519705902
LEO,2022-02-02,4.30003271314722,4.60617408967831,3.95951713036205,4.12395207615802,2127737.69230408,499959.95076217,2.12773769230408
LEO,2022-02-03,4.12395207615802,4.33848716767629,3.94725100640007,4.10841233993694,1332846.45249112,326116.776983,1.3328464524911199
LEO,2022-02-04,4.10841233993694,5.69257337223034,4.0265699663705,5.18041214905444,3111972.71763496,644237.64489557,3.11197271763496
LEO,2022-02-05,5.18041214905444,5.35143800774415,4.7570500578278,4.80113837583159,1808329.53456797,362424.78544226,1.8083295345679702
LEO,2022-02-06,4.80113837583159,5.45784730939389,4.5054750081299,5.09520035530483,1741520.84408527,362367.73551082,1.74152084408527
LEO,2022-02-07,5.09520035530483,5.46302445555444,4.81496651961923,4.81793670949782,1478601.5821963,288495.10156426,1.4786015821963
LEO,2022-02-08,4.81793670949782,8.47186480898201,4.81064384256094,7.63062962506003,18106831.4694187,2619395.82055466,18.1068314694187
LEO,2022-02-09,7.63062962506003,7.77688975109851,6.64054384876637,6.81174903060777,9078511.80613601,1238892.2091608,9.07851180613601
LEO,2022-02-10,6.81174903060777,7.11110033771586,6.10251799788124,6.12380477941091,4019075.30954151,618692.92623333,4.01907530954151
LEO,2022-02-11,6.12380477941091,6.50669862704015,5.99212763558511,6.1534444059198,2389102.3488368,383974.07382715,2.3891023488368
LEO,2022-02-12,6.1534444059198,6.52084334414763,5.6221352039451,5.92313044430281,1964630.88633473,333587.247314754,1.9646308863347302
LEO,2022-02-13,5.92313044430281,5.99009377174207,5.53416936613291,5.84464013076839,1458450.22420342,247809.713260802,1.45845022420342
LEO,2022-02-14,5.84464013076839,5.96449978163512,5.77344479068504,5.88679521790211,1871375.11046279,319468.543326646,1.8713751104627898
LEO,2022-02-15,5.88679521790211,6.28085154786399,5.74651504497781,5.94601734798325,2561730.19713327,420739.560018333,2.56173019713327
LEO,2022-02-16,5.94601734798325,6.02216191842686,5.73363271345509,5.84980331290682,2409515.91463215,410831.612642609,2.40951591463215
LEO,2022-02-17,5.84980331290682,5.91615099963114,5.51297671900271,5.53948090084527,1709992.62532363,298464.547280996,1.70999262532363
LEO,2022-02-18,5.53948090084527,5.78890322779405,5.51497053497608,5.64034863569359,1827616.2596972,326369.187563472,1.8276162596972
LEO,2022-02-19,5.64034863569359,5.8084147803884,5.56904860938182,5.79523454905059,1654894.60928102,291618.83474111,1.65489460928102
LEO,2022-02-20,5.79523454905059,5.82721295687469,5.66042695283233,5.79685074625245,1633979.62983388,283066.200606226,1.63397962983388
LEO,2022-02-21,5.79685074625245,6.03225200374015,5.6349863655608,5.85703823344646,1839253.01455484,314947.293939,1.83925301455484
LEO,2022-02-22,5.85703823344646,5.89693483791285,5.75968036920484,5.81818057605234,1402485.63580095,241569.022576246,1.40248563580095
LEO,2022-02-23,5.81818057605234,6.47011073035496,5.81351539173534,6.09549114393268,2256045.56165548,369824.461341016,2.2560455616554798
LEO,2022-02-24,6.09549114393268,6.23113789836589,5.33551808576005,5.68226065308245,2279293.60323906,403011.5849729,2.27929360323906
LEO,2022-02-25,5.68226065308245,6.14946342766697,5.67332492841485,5.89405767079313,1602901.94859058,275264.732574,1.60290194859058
LEO,2022-02-26,5.89405767079313,6.25450530577986,5.84857754599487,6.03408537830271,1557818.43964357,261337.316387279,1.55781843964357
LEO,2022-02-27,6.03408537830271,6.2563708095644,5.88303139465866,5.97543134016597,1384733.159087,230122.861154983,1.384733159087
LEO,2022-02-28,5.97543134016597,6.12882540784753,5.61629097714074,5.89866610942519,1833347.36623327,312366.733702287,1.83334736623327
LEO,2022-03-01,5.89866610942519,6.20384975784707,5.59004847671372,5.92086323920801,2012632.4952834,339311.636685,2.0126324952834
LEO,2022-03-02,5.92086323920801,5.97350502196083,5.64339338695919,5.88981436483196,1343113.65895102,228823.006,1.3431136589510202
LEO,2022-03-03,5.88981436483196,5.96263209879433,5.54826250117627,5.66751675295776,1581123.37631301,277636.408144,1.58112337631301
LEO,2022-03-04,5.66751675295776,5.90974678580112,5.35866642964505,5.49221450445088,1811844.16715425,324888.219815,1.81184416715425
LEO,2022-03-05,5.49221450445088,5.5194429793233,5.24769050817502,5.3085113419506,1445247.06647485,269908.094438048,1.44524706647485
LEO,2022-03-06,5.3085113419506,5.52235659062246,5.19226945639584,5.35445564734651,1315186.57543198,246958.3727564,1.31518657543198
LEO,2022-03-07,5.35445564734651,5.62109410289531,5.1936962989386,5.33264238241653,1537860.34816864,287764.466433,1.53786034816864
LEO,2022-03-08,5.33264238241653,5.69534575490549,5.25288892484966,5.68832171898531,1294771.34881684,233626.33563493,1.29477134881684
LEO,2022-03-09,5.68832171898531,5.89511854770109,5.42378855691322,5.78906598375336,1643046.98817427,286423.425609835,1.64304698817427
LEO,2022-03-10,5.78906598375336,6.30361864041074,5.53027918573328,5.75212239298397,1284518.80736423,222304.91404553,1.28451880736423
LEO,2022-03-11,5.75212239298397,6.17915346150606,5.52421506635035,5.79023286787311,1484646.00334004,256125.02555022,1.4846460033400402
LEO,2022-03-12,5.79023286787311,5.92108533532241,5.61530425783925,5.77709452553145,1337236.01256732,230940.787512894,1.33723601256732
LEO,2022-03-13,5.77709452553145,5.94167153281142,5.53291745684004,5.79227962464344,1418886.40290739,244988.605431,1.41888640290739
LEO,2022-03-14,5.79227962464344,5.92380967708372,5.67551378694408,5.80228454925858,1262260.09041274,217605.335,1.26226009041274
LEO,2022-03-15,5.80228454925858,5.9118022729305,5.74469263669509,5.86403386979876,1522922.35619406,260887.928059465,1.5229223561940601
LEO,2022-03-16,5.86403386979876,6.22406242040475,5.79830441395628,5.95129783266201,1631131.25711337,276915.680461154,1.63113125711337
LEO,2022-03-17,5.95129783266201,6.57093667649355,5.92923308097043,6.23999926096311,988943.854346203,161123.721699236,0.988943854346203
LEO,2022-03-18,6.23999926096311,6.3423766847663,5.9799001942946,6.07215126578278,999820.508440821,162500.909536333,0.9998205084408209
LEO,2022-03-19,6.07215126578278,6.28239232784387,5.98553798693107,6.00401798124331,1571858.43480407,257614.70796965,1.57185843480407
LEO,2022-03-20,6.00401798124331,6.13457258226119,5.91404065515159,6.03402029585269,1611051.64512322,268239.942476856,1.61105164512322
LEO,2022-03-21,6.03402029585269,6.16249395989336,6.01186075178783,6.13949504345133,1351407.808255,222070.146139196,1.351407808255
LEO,2022-03-22,6.13949504345133,6.19209253185484,5.98872744756643,6.14828735169188,1355412.84785807,221786.883719,1.35541284785807
LEO,2022-03-23,6.14828735169188,6.18720133187474,5.95589147345826,5.99433297902495,1511366.86597459,249161.420127,1.51136686597459
LEO,2022-03-24,5.99433297902495,6.09261144350921,5.9522468757191,5.97478072455932,1477245.11337427,245135.611322,1.4772451133742701
LEO,2022-03-25,5.97478072455932,6.0112839683646,5.78696390136113,5.85104514567407,1865493.38071528,317957.28489816,1.86549338071528
LEO,2022-03-26,5.85104514567407,6.00597535992744,5.80348443442599,5.83323918712054,1357303.18363702,231288.497888,1.35730318363702
LEO,2022-03-27,5.83323918712054,6.09844583963074,5.79157335541304,6.05575629649719,1639924.7410017,277244.674206,1.6399247410017002
LEO,2022-03-28,6.05575629649719,6.17888422095439,6.00406405494195,6.10699565964762,1567555.81647189,257604.761796,1.5675558164718901
LEO,2022-03-29,6.10699565964762,6.13017002862116,5.92121350839737,5.93833625283773,741150.616478857,123440.966210156,0.741150616478857
LEO,2022-03-30,5.93833625283773,6.10404539662955,5.82404335572946,6.08676603891324,1262930.704866,212179.963246,1.262930704866
LEO,2022-03-31,6.08676603891324,6.09509721784621,5.79446253100587,5.81118928736395,1412040.35948374,237911.314100807,1.41204035948374
LEO,2022-04-01,5.81118928736395,6.0299756934576,5.70582512525298,5.95374673198339,1341290.85795921,228046.459881,1.34129085795921
LEO,2022-04-02,5.95374673198339,6.03702554981083,5.87539706585436,6.00730867851384,1315101.97400143,220962.753982,1.31510197400143
LEO,2022-04-03,6.00730867851384,6.09755997725061,5.90794617299896,5.99672535271872,1424209.17847415,237088.895133882,1.42420917847415
LEO,2022-04-04,5.99672535271872,6.08509149191819,5.89668398393828,6.03891324710871,959704.085771474,159869.37087652,0.959704085771474
LEO,2022-04-05,6.03891324710871,6.10879414080473,5.75893071015499,5.75893071015499,133292.916364163,22518.93996677,0.133292916364163
LEO,2022-04-06,5.75893071015499,6.08338136877323,5.75858495099258,5.81411152184436,493670.047171744,83227.276162,0.493670047171744
LEO,2022-04-07,5.81411152184436,5.88000607418447,5.76321427836395,5.8541492150909,241452.72623101,41525.8459752272,0.24145272623101
LEO,2022-04-08,5.8541492150909,5.98146513695522,5.77097342995026,5.87538879042184,167615.039238367,28466.708561,0.167615039238367
LEO,2022-04-09,5.87538879042184,5.87982189030094,5.83790072007959,5.86995072800514,101446.94526286,17296.117549,0.10144694526286
LEO,2022-04-10,5.86995072800514,6.0019107535321,5.85929824484701,5.96292247558215,252075.96501581,42279.0049777338,0.25207596501581003
LEO,2022-04-11,5.96292247558215,5.99639369596139,5.54758949243995,5.56061524314538,608217.681471597,103888.163019,0.608217681471597
LEO,2022-04-12,5.56061524314538,5.93890136326865,5.39351765144493,5.72055537028074,1377818.43079245,242326.947761,1.37781843079245
LEO,2022-04-13,5.72055537028074,5.85404451351555,5.38475929769521,5.69113387600114,1718431.62819747,300219.468875,1.71843162819747
LEO,2022-04-14,5.69113387600114,5.817138513459,5.32322934517731,5.72155242966408,1531067.72328001,267162.223779,1.53106772328001
LEO,2022-04-15,5.72155242966408,5.93300856097428,5.61572690698363,5.75866612887152,1852026.42521963,319515.837976,1.85202642521963
LEO,2022-04-16,5.75866612887152,5.8805461191463,5.45290360937922,5.81844593505962,1288276.40624137,221477.299211,1.2882764062413699
LEO,2022-04-17,5.81844593505962,5.85411396065725,5.38317858902709,5.83283899637485,1134239.75527465,196108.914003,1.13423975527465
LEO,2022-04-18,5.83283899637485,6.03261782950772,5.74718670598251,5.94447422479534,1108499.9678858,189152.802737,1.1084999678857999
LEO,2022-04-19,5.94447422479534,6.00597090746932,5.63425370435837,5.82876011857608,2479518.57060225,426933.026554,2.47951857060225
LEO,2022-04-20,5.82876011857608,5.98356117780137,5.74375285155729,5.9638257949123,2060269.42110045,349525.932046,2.06026942110045
LEO,2022-04-21,5.9638257949123,6.01503279923639,5.90756905533252,5.97264479659866,1889567.31978494,316332.13739,1.88956731978494
LEO,2022-04-22,5.97264479659866,6.04687477644801,5.85192173415534,5.8598253126595,1793813.58040814,303051.0938,1.79381358040814
LEO,2022-04-23,5.8598253126595,5.90414332460015,5.77297776793101,5.89968330452333,1809529.62448968,310494.570798,1.80952962448968
LEO,2022-04-24,5.89968330452333,5.92844072379815,5.79576345384574,5.82774848180315,1746587.61048148,298590.589834,1.74658761048148
LEO,2022-04-25,5.82774848180315,5.9829270478325,5.7528922366,5.94774975415638,1804735.2648471,307380.28660899,1.8047352648471
LEO,2022-04-26,5.94774975415638,6.02626659920394,5.77751304486868,5.8231393010601,2049575.61201517,344601.314989,2.04957561201517
LEO,2022-04-27,5.8231393010601,5.87522850688957,5.75069900033095,5.78278157468275,1904063.20857875,328131.371076,1.90406320857875
LEO,2022-04-28,5.78278157468275,5.85220225139088,5.69410237643449,5.70216165842747,2123373.10083829,368062.037115,2.12337310083829
LEO,2022-04-29,5.70216165842747,5.79004372600924,5.68450214952894,5.70755333715294,2092563.05042165,365761.976786,2.09256305042165
LEO,2022-04-30,5.70755333715294,5.7572012049187,5.62405859005929,5.66872079386958,1885505.97353296,331616.740775,1.88550597353296
LEO,2022-05-01,5.66872079386958,5.69090442860485,5.48248834839564,5.57278298184335,2029827.28827347,362323.286591,2.02982728827347
LEO,2022-05-02,5.57278298184335,5.75624640610783,5.45292233662601,5.74751774431277,2182863.03703554,392471.071234,2.18286303703554
LEO,2022-05-03,5.74751774431277,5.77787374237469,5.60137865344946,5.60707266925074,2448565.13730015,429229.198665,2.44856513730015
LEO,2022-05-04,5.60707266925074,5.68014217363666,5.52536167968012,5.63136146662832,2120023.5104454,378182.801072,2.1200235104454
LEO,2022-05-05,5.63136146662832,5.70772061598465,4.94726079386079,5.14740038162142,2219708.45108491,406739.45148,2.21970845108491
LEO,2022-05-06,5.14740038162142,5.40353703357299,4.92424298083405,5.36422300460935,1921883.5392985,363495.38551949,1.9218835392984999
LEO,2022-05-07,5.36422300460935,5.41682872602345,5.19159139702155,5.26553227834831,1894139.54499915,358808.206342,1.89413954499915
LEO,2022-05-08,5.26553227834831,5.41791142694766,5.20808081444496,5.32408296359064,1917863.04118376,359018.77946945,1.9178630411837598
LEO,2022-05-09,5.32408296359064,5.44767196293888,5.17390570952136,5.19616769163747,2272485.86016915,429206.63213751,2.2724858601691498
LEO,2022-05-10,5.19616769163747,5.46481714055268,5.07362991655153,5.40005187590244,2189620.51215414,416747.031335,2.18962051215414
LEO,2022-05-11,5.40005187590244,5.49618550349501,5.21777655414813,5.24780258261345,3214510.63900588,596247.698174,3.21451063900588
LEO,2022-05-12,5.24780258261345,5.24780258261345,4.75267056231887,5.03813116545664,2238323.5763715,441694.105871,2.2383235763714997
LEO,2022-05-13,5.03813116545664,5.17194096774816,4.77215062628211,5.02488754764917,2167502.49114441,432197.555289,2.16750249114441
LEO,2022-05-14,5.02488754764917,5.06975753395441,4.64144451331921,4.88953403435011,2008699.38449339,405866.945908,2.00869938449339
LEO,2022-05-15,4.88953403435011,5.00330248851006,4.83982865154149,4.90765126177306,2122609.90711286,431536.921087,2.12260990711286
LEO,2022-05-16,4.90765126177306,4.9233026778049,4.86312874390016,4.90824565706494,2122199.21002661,433305.692617,2.12219921002661
LEO,2022-05-17,4.90824565706494,4.95836838435752,4.84707415616537,4.95250414464704,1961713.45002631,400957.21249035,1.96171345002631
LEO,2022-05-18,4.95250414464704,5.13743662250389,4.88091382559878,4.89537975637799,2049773.00590647,412569.709862,2.04977300590647
LEO,2022-05-19,4.89537975637799,5.16275903208903,4.88700591916635,4.95340224948375,2073892.47995969,415252.800584,2.07389247995969
LEO,2022-05-20,4.95340224948375,5.1588344149054,4.93621649290799,4.96515668481572,2056948.2077725,411237.9001417,2.0569482077725003
LEO,2022-05-21,4.96515668481572,4.98888063758135,4.81912864279747,4.88878652545903,2339523.08393706,477500.868121,2.33952308393706
LEO,2022-05-22,4.88878652545903,4.90149334329334,4.8346212369783,4.87952679823924,1823904.95467971,373667.794395,1.8239049546797101
LEO,2022-05-23,4.87952679823924,5.09434249781015,4.85811639518961,4.87709732081565,1925024.86214208,391975.815936,1.92502486214208
LEO,2022-05-24,4.87709732081565,4.96455686990114,4.80276792117469,4.85328426040574,1951846.31624122,401576.850908,1.95184631624122
LEO,2022-05-25,4.85328426040574,5.05153243857543,4.83825908676717,4.87826549070171,1890819.22204919,386099.907657,1.89081922204919
LEO,2022-05-26,4.87826549070171,4.93793960893543,4.80530676801957,4.86772975109214,1883532.19992777,386606.412669,1.88353219992777
LEO,2022-05-27,4.86772975109214,4.90000762858987,4.83441223770429,4.87230000588765,1857841.05736121,382676.479214,1.85784105736121
LEO,2022-05-28,4.87230000588765,5.0543744797761,4.84555892382251,5.0543744797761,1846347.87541496,369289.641348,1.84634787541496
LEO,2022-05-29,5.0543744797761,5.08748372487182,5.01412577769414,5.0777176467173,1793889.02612385,356148.066695,1.7938890261238498
LEO,2022-05-30,5.0777176467173,5.23630073620989,5.07534608247277,5.22534700621076,1910493.68983221,369051.271672,1.91049368983221
LEO,2022-05-31,5.22534700621076,5.34290684534769,5.20454736974917,5.32292612222703,1899215.22978758,359343.10789637,1.89921522978758
LEO,2022-06-01,5.32292612222703,5.41254387359031,4.86225254923926,4.86458133164328,2440279.37142524,475637.863927,2.4402793714252398
LEO,2022-06-02,4.86458133164328,4.93328525574478,4.84992508465431,4.91525547295458,1886467.45030878,385407.262179,1.88646745030878
LEO,2022-06-03,4.91525547295458,4.92446413887194,4.83845373601156,4.86148996490218,1894578.7294558,388050.149001,1.8945787294558
LEO,2022-06-04,4.86148996490218,4.96954316896348,4.83840436253751,4.93732735397277,1820122.98403648,372188.89469616,1.82012298403648
LEO,2022-06-05,4.93732735397277,5.07704246615421,4.92714949442001,5.06728151116347,1862907.23350038,372368.29638183,1.86290723350038
LEO,2022-06-06,5.06728151116347,5.34276191006968,5.00783503764904,5.10676227531325,1934480.94755294,379363.10004688,1.93448094755294
LEO,2022-06-07,5.10676227531325,5.27950263410543,5.10436787321643,5.27748732799592,2008311.24529411,385372.473981,2.00831124529411
LEO,2022-06-08,5.27748732799592,5.35690338035016,5.2448557087282,5.34742697664571,1855127.71963052,350391.053133,1.85512771963052
LEO,2022-06-09,5.34742697664571,5.42791903531869,5.34188545079398,5.42791903531869,1826723.235414,338820.078701,1.826723235414
LEO,2022-06-10,5.42791903531869,5.51124350324599,5.40712762853462,5.49084541651542,1920936.28042732,351942.739584,1.92093628042732
LEO,2022-06-11,5.49084541651542,5.55553926610048,5.44690816378468,5.47103103260961,1857245.02377885,337431.159403,1.85724502377885
LEO,2022-06-12,5.47103103260961,5.51752929812724,5.41192704237946,5.49714984096327,1817499.88154223,332084.20486648,1.81749988154223
LEO,2022-06-13,5.49714984096327,5.52214047979674,5.03937810051677,5.26506250733356,1980906.35233354,373537.68242088,1.9809063523335402
LEO,2022-06-14,5.26506250733356,5.38839465532384,5.14723633935835,5.33971524414652,2212933.97791846,415562.177846,2.21293397791846
LEO,2022-06-15,5.33971524414652,5.37953027644975,4.95609721894067,4.96323337361473,2100805.1970631,412550.32677508,2.1008051970631
LEO,2022-06-16,4.96323337361473,5.03793770635509,4.93942000016326,4.99565582300118,1822031.67055223,363850.228879,1.82203167055223
LEO,2022-06-17,4.99565582300118,5.04219761120102,4.94982751372612,5.0125907100315,1829875.05740412,365804.65800789,1.82987505740412
LEO,2022-06-18,5.0125907100315,5.04001425056578,4.29548327171515,5.00768656330442,1884491.93859826,394017.850247,1.8844919385982601
LEO,2022-06-19,5.00768656330442,5.17813372684904,4.9180227720501,5.15069575411539,1872810.28750949,372101.70900009,1.87281028750949
LEO,2022-06-20,5.15069575411539,5.42675829138897,5.15069575411539,5.387298465653,1816440.99029247,338295.74710123,1.81644099029247
LEO,2022-06-21,5.387298465653,5.60843944126219,5.34347563006705,5.60843944126219,1890952.11357606,348618.61592485,1.8909521135760599
LEO,2022-06-22,5.60843944126219,5.96138485361223,5.60145885912524,5.81748763338924,1924559.13835386,332692.93960887,1.92455913835386
LEO,2022-06-23,5.81748763338924,5.99448316464798,5.77536655419968,5.8254871382835,1889382.09289029,319335.50098795,1.88938209289029
LEO,2022-06-24,5.8254871382835,5.88780313587306,5.75414506709097,5.8387863195202,1817435.50925615,312734.887481,1.81743550925615
LEO,2022-06-25,5.8387863195202,5.91700613495699,5.82334874383614,5.87445248753971,1846532.3373656,314153.449887,1.8465323373656
LEO,2022-06-26,5.87445248753971,5.95938734977055,5.86115859912109,5.89820462443999,1937008.44588532,328195.23282234,1.93700844588532
LEO,2022-06-27,5.89820462443999,5.96175692186754,5.71145021711652,5.72477424338391,1815272.4286574,310603.528722,1.8152724286574
LEO,2022-06-28,5.72477424338391,5.83786958296178,5.68268757092329,5.72474360172042,1909303.97402175,331859.97828257,1.9093039740217501
LEO,2022-06-29,5.72474360172042,6.03437838456469,5.71029954275968,5.87907910893118,1318224.82258743,226856.460113,1.31822482258743
LEO,2022-06-30,5.87907910893118,5.96250963235821,5.5799138067607,5.7596675707824,1396299.75705194,239120.28987369,1.39629975705194
LEO,2022-07-01,5.7596675707824,6.20434140731255,5.68997709255052,5.77073843357052,1443687.39561584,244715.648652,1.44368739561584
LEO,2022-07-02,5.77073843357052,5.96312149420597,5.63114273914878,5.71728416150576,1670455.96858985,289963.672063,1.67045596858985
LEO,2022-07-03,5.71728416150576,5.9389763467284,5.70168521426768,5.71354939834737,1321977.31130698,229453.678095,1.32197731130698
LEO,2022-07-04,5.71354939834737,5.91732505587915,5.70107417449359,5.73012214993183,1358748.47970659,232635.206074,1.35874847970659
LEO,2022-07-05,5.73012214993183,5.87970565821949,5.69221039114931,5.72197590232496,1399467.254619,243966.394815,1.3994672546190001
LEO,2022-07-06,5.72197590232496,5.93247171959653,5.71913694427321,5.82767173117275,1343590.80942553,230735.455378,1.34359080942553
LEO,2022-07-07,5.82767173117275,5.97640826800515,5.7647797173768,5.76747714262073,511977.563236691,87227.472447,0.511977563236691
LEO,2022-07-08,5.76747714262073,5.83959757992282,5.67995699682557,5.73151903469088,1527070.6237709,266514.4014389,1.5270706237709
LEO,2022-07-09,5.73151903469088,5.82049009400789,5.68145702796732,5.71546253358824,1534116.1878593,268098.66864034,1.5341161878593002
LEO,2022-07-10,5.71546253358824,5.90035705088881,5.60569313178412,5.61122025287419,1789362.84426495,310760.21997145,1.7893628442649498
LEO,2022-07-11,5.61122025287419,5.66837025182076,5.31614274125585,5.35493555359129,1522369.95909507,279563.24773309,1.52236995909507
LEO,2022-07-12,5.35493555359129,5.42374409154937,5.31982442007932,5.32661783760099,1815473.74569179,339574.52544712,1.81547374569179
LEO,2022-07-13,5.32661783760099,5.48093252294307,5.28871162313464,5.29011151911237,2857407.93176718,531623.49928839,2.85740793176718
LEO,2022-07-14,5.29011151911237,5.47257038120042,5.20403338175424,5.38617301980887,2259831.75350196,422995.40843422,2.25983175350196
LEO,2022-07-15,5.38617301980887,5.55815481678806,5.21868092062653,5.30597545112721,2635691.73964501,496395.72581667,2.6356917396450097
LEO,2022-07-16,5.30597545112721,5.41484341348043,5.27637303428546,5.40383531988901,1652546.5050905,310189.79960016,1.6525465050905
LEO,2022-07-17,5.40383531988901,5.59278492753317,5.21740086375537,5.23535308961226,2565301.89624622,481490.76022871,2.56530189624622
LEO,2022-07-18,5.23535308961226,5.4274181920113,5.22255153987911,5.4274181920113,2087281.20787411,393839.71483108,2.08728120787411
LEO,2022-07-19,5.4274181920113,5.45589783953055,5.18365520801393,5.3111724373897,2337520.70711248,443541.61053084,2.33752070711248
LEO,2022-07-20,5.3111724373897,5.40914636353404,5.22044595960418,5.23243682844651,2104952.95437754,396334.49333589,2.10495295437754
LEO,2022-07-21,5.23243682844651,5.39193319278862,5.20663675715257,5.36691613305451,1763908.05038302,334788.38954602,1.76390805038302
LEO,2022-07-22,5.36691613305451,5.5252751292489,5.36669650865315,5.37518095134621,1482131.90746073,272481.20450958,1.48213190746073
LEO,2022-07-23,5.37518095134621,5.56324729239704,5.21566019264978,5.23140787809696,1684665.25290624,319557.20789514,1.68466525290624
LEO,2022-07-24,5.23140787809696,5.34163588909643,5.1898496261466,5.21454882628877,1660878.47883976,317200.94396049,1.66087847883976
LEO,2022-07-25,5.21454882628877,5.21545872551409,5.05111312670652,5.05111312670652,1589538.05094392,310378.8091007,1.5895380509439199
LEO,2022-07-26,5.05111312670652,5.10214356847794,4.98077216663949,5.08877505049933,1872874.62080243,372121.23445483,1.87287462080243
LEO,2022-07-27,5.08877505049933,5.20713912599502,5.00704428775211,5.19201747646536,1538721.68256439,300834.06458626,1.53872168256439
LEO,2022-07-28,5.19201747646536,5.34383597143412,5.08766151173508,5.32150254561623,1709076.84157234,327028.67681607,1.70907684157234
LEO,2022-07-29,5.32150254561623,5.36036146701713,5.10100432310696,5.16189487190645,1902946.99583077,367236.04776237,1.90294699583077
LEO,2022-07-30,5.16189487190645,5.22088124972474,5.04074333429768,5.06239091619029,1849271.30007705,359288.64520544,1.84927130007705
LEO,2022-07-31,5.06239091619029,5.18492994372665,5.0061952813969,5.01308264534226,1979701.76096197,392495.56629586,1.97970176096197
LEO,2022-08-01,5.01308264534226,5.1861858431518,4.99095563163656,5.1797737629566,1719490.35342517,338548.15488009,1.71949035342517
LEO,2022-08-02,5.1797737629566,5.2991593930566,4.98016341820667,5.03014493410622,2236087.54010614,443481.09963698,2.23608754010614
LEO,2022-08-03,5.03014493410622,5.0904506822011,4.98795833586518,5.01088972456362,2787396.69612008,556929.22265486,2.78739669612008
LEO,2022-08-04,5.01088972456362,5.15567856628695,4.97496745555383,4.99822750727672,2510495.89624155,501956.42450354,2.51049589624155
LEO,2022-08-05,4.99822750727672,5.07877515268046,4.92347521761733,4.94164238826951,2340100.73399135,470246.666948948,2.34010073399135
LEO,2022-08-06,4.94164238826951,5.07908672455533,4.90917521488261,4.92790061050907,1978711.32458027,399745.743900465,1.97871132458027
LEO,2022-08-07,4.92790061050907,5.04714649049312,4.87860824911624,4.8860415400181,2151152.33156086,436965.762486462,2.15115233156086
LEO,2022-08-08,4.8860415400181,4.92561487828006,4.80059083419401,4.80059083419401,2420576.82886838,498058.54630139,2.4205768288683798
LEO,2022-08-09,4.80059083419401,4.96352749913898,4.72351214861486,4.96352749913898,2606289.3670407,544877.85016866,2.6062893670407
LEO,2022-08-10,4.96352749913898,5.0284753270802,4.7067336896046,4.70888862910534,2505634.91031097,523475.14660096,2.5056349103109703
LEO,2022-08-11,4.70888862910534,4.81575072341298,4.68469913110852,4.69734660951093,1901433.03992172,402305.557834214,1.90143303992172
LEO,2022-08-12,4.69734660951093,4.81989166117791,4.68385129790539,4.78268083909523,1359158.41806407,286660.431914953,1.35915841806407
LEO,2022-08-13,4.78268083909523,4.99240688241936,4.7647983818826,4.88102947724938,1470877.00153247,301403.49346504,1.4708770015324701
LEO,2022-08-14,4.88102947724938,5.10767110152255,4.87282802352819,5.09580723605998,1659819.21215565,330428.9429443,1.6598192121556499
LEO,2022-08-15,5.09580723605998,5.38718254131743,5.09580723605998,5.38718254131743,1644911.92931171,309913.605622458,1.64491192931171
LEO,2022-08-16,5.38718254131743,5.43642308781551,5.07743182008782,5.20760765859487,1752741.06877595,334788.43730536,1.75274106877595
LEO,2022-08-17,5.20760765859487,5.4298241735691,5.19769103933816,5.25710945527906,1666818.32912504,312485.14164455,1.66681832912504
LEO,2022-08-18,5.25710945527906,5.36569273940129,5.12185790889849,5.30665946145193,1669697.35512307,316632.239525528,1.66969735512307
LEO,2022-08-19,5.30665946145193,5.32566893646402,5.11330021178318,5.19368030977919,1671983.70050733,321009.50573959,1.67198370050733
LEO,2022-08-20,5.19368030977919,5.23293445458725,5.01416788930782,5.06732803073588,1576683.21247751,306237.75797076,1.57668321247751
LEO,2022-08-21,5.06732803073588,5.20662252905943,5.0158934792588,5.12148156804616,1457858.31421371,284686.756486985,1.4578583142137098
LEO,2022-08-22,5.12148156804616,5.1925212663536,5.0151614132994,5.08911626671459,1526728.0224685,300049.316550476,1.5267280224685
LEO,2022-08-23,5.08911626671459,5.33385109916087,5.08911626671459,5.32856256329592,1633939.03985403,316977.53232843,1.6339390398540299
LEO,2022-08-24,5.32856256329592,5.37697618537379,5.22699016265883,5.31257599746309,1682458.42952435,317846.91544233,1.6824584295243499
LEO,2022-08-25,5.31257599746309,5.33120122888233,5.13085900968129,5.16036530898008,1944839.79743752,373941.176165369,1.94483979743752
LEO,2022-08-26,5.16036530898008,5.25510115139521,5.02793529487599,5.14365414856603,1868774.98458285,363825.41770717,1.86877498458285
LEO,2022-08-27,5.14365414856603,5.23124110603342,5.0806072535047,5.15444512184857,1609009.49200293,312026.800153218,1.60900949200293
LEO,2022-08-28,5.15444512184857,5.23241867163681,5.12746907566738,5.15784671951617,1596311.17825018,307609.92034383,1.59631117825018
LEO,2022-08-29,5.15784671951617,5.29003938359205,5.14084152503156,5.25121037794455,1675612.04327233,320074.16050828,1.67561204327233
LEO,2022-08-30,5.25121037794455,5.41921958731719,5.24492513511365,5.35215973107821,1594078.08985109,298578.237256121,1.59407808985109
LEO,2022-08-31,5.35215973107821,5.82497414763999,5.3476718339202,5.77074697517691,2720455.28205451,485342.077021418,2.72045528205451
LEO,2022-09-01,5.77074697517691,5.85425158408715,5.53342776722935,5.53620839263133,2033742.41097231,353608.960328843,2.03374241097231
LEO,2022-09-02,5.53620839263133,5.54475937534892,5.34520667017766,5.37411585566868,1977941.22379278,365833.369254195,1.97794122379278
LEO,2022-09-03,5.37411585566868,5.42838025883082,5.17459293395687,5.17459293395687,2135996.80722362,402489.89514678,2.13599680722362
LEO,2022-09-04,5.17459293395687,5.26149597437907,5.12531465748304,5.26149597437907,1689458.80172719,326470.12301018,1.6894588017271899
LEO,2022-09-05,5.26149597437907,5.31282278399817,5.07130243575306,5.07480214538721,1848661.34638058,358056.7536054,1.8486613463805799
LEO,2022-09-06,5.07480214538721,5.15091721087847,5.03412093532203,5.14531076767863,1889759.31544573,372520.994903429,1.88975931544573
LEO,2022-09-07,5.14531076767863,5.3108292212385,5.09602672846646,5.13428015136798,2552644.37692207,493216.119922186,2.55264437692207
LEO,2022-09-08,5.13428015136798,5.295459709162,4.97800503087599,4.9850555877558,2226234.83214198,434590.48898619,2.22623483214198
LEO,2022-09-09,4.9850555877558,5.15778210904709,4.95398835186938,4.96822449224033,2398638.36940365,478810.17846663,2.39863836940365
LEO,2022-09-10,4.96822449224033,5.10512063495903,4.9371058646908,4.97230107102069,1871217.27205143,375438.07625404,1.8712172720514302
LEO,2022-09-11,4.97230107102069,5.09072784658268,4.9532470177667,5.04977050594966,1703669.23926259,341002.924210601,1.70366923926259
LEO,2022-09-12,5.04977050594966,5.15306220602418,4.95832598529811,5.03314176518387,1928089.01638453,384468.70724165,1.9280890163845301
LEO,2022-09-13,5.03314176518387,5.09797453593889,4.92809409460426,4.95532774927846,1785580.7249074,357004.56737693,1.7855807249074
LEO,2022-09-14,4.95532774927846,5.01617093391938,4.74162252208847,4.85301680796517,1886943.18100799,389498.724768966,1.88694318100799
LEO,2022-09-15,4.85301680796517,5.22184038800682,4.85089573633175,4.87586819081044,2165877.34257921,427884.127749574,2.1658773425792104
LEO,2022-09-16,4.87586819081044,4.95180444488957,4.82058569324603,4.94070703525435,1678747.18937147,343972.237326096,1.6787471893714698
LEO,2022-09-17,4.94070703525435,4.99168059154696,4.93191377090984,4.97425849895328,1438823.00460293,290295.822984383,1.43882300460293
LEO,2022-09-18,4.97425849895328,5.12865795852143,4.62388023154435,4.64925701668691,2030153.83862857,420290.242804334,2.03015383862857
LEO,2022-09-19,4.64925701668691,4.75675420072134,4.61241823812917,4.64798703310729,1419846.37287217,305559.36363582,1.41984637287217
LEO,2022-09-20,4.64798703310729,4.76152612606263,4.59808899433646,4.75529865600504,2068865.6238345,442117.91137793,2.0688656238345002
LEO,2022-09-21,4.75529865600504,4.87578086759339,4.31683372997463,4.32217401699739,5783066.45265806,1280442.47927733,5.78306645265806
LEO,2022-09-22,4.32217401699739,4.93092019500508,4.31634776976743,4.91602249157815,1835292.05462708,391565.47606942,1.83529205462708
LEO,2022-09-23,4.91602249157815,5.16304191820892,4.07856835356185,4.22885164002887,4157332.85411614,934364.607205583,4.15733285411614
LEO,2022-09-24,4.22885164002887,4.5500070965965,4.1425778139083,4.25951890030242,1697329.99981217,395207.38355867,1.69732999981217
LEO,2022-09-25,4.25951890030242,4.5647415455532,4.07274930409784,4.09903144729279,2044628.03894002,477215.549069189,2.04462803894002
LEO,2022-09-26,4.09903144729279,4.24795872092583,4.03374316783884,4.0693993244942,2218730.3274191,541365.09547323,2.2187303274190997
LEO,2022-09-27,4.0693993244942,4.49189690294093,4.05462097688486,4.13139030999389,2234314.40220294,530310.74563038,2.23431440220294
LEO,2022-09-28,4.13139030999389,4.22809654466201,4.08634398810597,4.1143821897794,1641810.79637098,394605.690843635,1.64181079637098
LEO,2022-09-29,4.1143821897794,4.23493358193404,4.07638365028411,4.20232644893947,1435350.09712409,345026.25341166,1.43535009712409
LEO,2022-09-30,4.20232644893947,4.69187201841638,4.17850143130547,4.18877886531855,2745870.2434986,616980.423627998,2.7458702434986
LEO,2022-10-01,4.18877886531855,4.25482648603147,4.08887880025296,4.11465153336434,2470642.17104353,595404.825738861,2.4706421710435302
LEO,2022-10-02,4.11465153336434,4.14497369971537,4.02540988534379,4.08337087339217,1627809.2352524,397555.27806254,1.6278092352523998
LEO,2022-10-03,4.08337087339217,4.20238487898886,4.02161438364812,4.16370989289555,1490776.55226753,360598.5671963,1.49077655226753
LEO,2022-10-04,4.16370989289555,4.28442961770753,4.0866266406512,4.17294664395046,2057275.00859336,489891.097056632,2.05727500859336
LEO,2022-10-05,4.17294664395046,4.26016920430943,4.10862048503371,4.19002300355839,1672295.41361923,399678.35329051,1.67229541361923
LEO,2022-10-06,4.19002300355839,4.26174615770586,4.04207881491654,4.05016245217109,2437351.3179391,586594.68851806,2.4373513179391
LEO,2022-10-07,4.05016245217109,4.17850299702752,4.03351679262866,4.10052091577364,1875672.56912247,458174.7682607,1.87567256912247
LEO,2022-10-08,4.10052091577364,4.15128016916629,4.05023105008619,4.07978262723795,1396645.59295024,340983.71844281,1.39664559295024
LEO,2022-10-09,4.07978262723795,4.13205143476962,4.04787629559172,4.09801006931538,1384452.06817624,338025.37018724,1.38445206817624
LEO,2022-10-10,4.09801006931538,4.13664968135499,4.0554195743594,4.0702955716165,1153152.16495685,281891.89438,1.15315216495685
LEO,2022-10-11,4.0702955716165,4.1494414997805,4.05876399543943,4.07694793337766,1520423.00040345,371243.79915536,1.52042300040345
LEO,2022-10-12,4.07694793337766,4.16035261366582,4.06822070271677,4.13589677206344,997142.429376048,241635.1782985,0.997142429376048
LEO,2022-10-13,4.13589677206344,4.2385311439351,4.09298419767301,4.23329680776095,1452003.60388082,349083.81130922,1.4520036038808202
LEO,2022-10-14,4.23329680776095,4.48618191675077,4.22173355804676,4.43464028501112,1404775.89515242,319943.70501068,1.40477589515242
LEO,2022-10-15,4.43464028501112,4.51864828200596,4.43305322282042,4.46779986572016,992831.214025359,223231.755350533,0.992831214025359
LEO,2022-10-16,4.46779986572016,4.51311156499941,4.4657039597904,4.49093524021686,923358.874092243,205887.11209759,0.923358874092243
LEO,2022-10-17,4.49093524021686,4.53807933459315,4.37774208533169,4.50994293032591,1146574.0062165,255516.83810164,1.1465740062165
LEO,2022-10-18,4.50994293032591,4.52303563521586,4.22561969532197,4.30672821964342,1426857.49219836,331119.177960479,1.42685749219836
LEO,2022-10-19,4.30672821964342,4.31235909759042,4.12886682688573,4.13088629689466,1271362.49539853,299358.08691518,1.27136249539853
LEO,2022-10-20,4.13088629689466,4.18714142258342,4.05949310527679,4.09188988765149,2428365.08509349,593500.55515572,2.42836508509349
LEO,2022-10-21,4.09188988765149,4.10916286822107,4.05694402122961,4.07880623379111,751127.03876111,184082.72873382,0.7511270387611101
LEO,2022-10-22,4.07880623379111,4.10547528442794,4.05226827768291,4.10417812279825,3858505.78008899,949282.94321977,3.85850578008899
LEO,2022-10-23,4.10417812279825,4.16881158133887,4.09469692173771,4.14408148308063,999495.432368804,241910.55720267,0.999495432368804
LEO,2022-10-24,4.14408148308063,4.16846232525784,4.04405325369121,4.08413414776304,1949447.12017003,478995.41326792,1.94944712017003
LEO,2022-10-25,4.08413414776304,4.1629019550043,4.05294587947748,4.15848810416174,993854.675128265,243120.89833414,0.9938546751282651
LEO,2022-10-26,4.15848810416174,4.33753390443665,4.13956566399261,4.30279958689868,1935528.80891631,455668.402152304,1.93552880891631
LEO,2022-10-27,4.30279958689868,4.37552080884938,4.28374223047337,4.36221902676092,932626.390771921,215805.796034613,0.932626390771921
LEO,2022-10-28,4.36221902676092,4.45386669496064,4.31177424525787,4.44702939908988,895113.147056189,204820.32023053,0.895113147056189
LEO,2022-10-29,4.44702939908988,4.51764760049432,4.39715121741649,4.48038214862835,952491.474545656,211937.68700391,0.952491474545656
LEO,2022-10-30,4.48038214862835,4.52128431087048,4.46562713701127,4.50883806012955,969356.190131216,215706.525988865,0.969356190131216
LEO,2022-10-31,4.50883806012955,4.54508992852124,4.49323362370849,4.53203218981957,934983.596883406,206667.36067395,0.934983596883406
LEO,2022-11-01,4.53203218981957,4.65933633782263,4.51025815937601,4.55058834288363,1400827.52892334,307365.10548748,1.4008275289233398
LEO,2022-11-02,4.55058834288363,4.69285307583923,4.5299805379851,4.68339911280055,998483.253197407,215606.12023316,0.998483253197407
LEO,2022-11-03,4.68339911280055,4.73874625405074,4.61843712567923,4.69432993589566,974073.334986369,208226.740348332,0.974073334986369
LEO,2022-11-04,4.69432993589566,4.79624844288509,4.26634408815751,4.28649987547426,1471783.42552001,324387.83107896,1.47178342552001
LEO,2022-11-05,4.28649987547426,4.41838887150042,4.27226512523028,4.32588326806242,1058889.59820768,243347.0153693,1.05888959820768
LEO,2022-11-06,4.32588326806242,4.39334646672649,4.15608574784553,4.17131859781269,1251328.57928187,294759.157321688,1.25132857928187
LEO,2022-11-07,4.17131859781269,4.28763186888216,4.13761140832722,4.16198140975697,1968194.87242771,463759.32683338,1.96819487242771
LEO,2022-11-08,4.16198140975697,4.27025970552361,4.06580319648924,4.15385417733847,1924482.75075474,466405.27690524,1.9244827507547402
LEO,2022-11-09,4.15385417733847,4.21666804690614,3.52333754079687,4.02316048952368,3429437.35771029,890053.86601486,3.42943735771029
LEO,2022-11-10,4.02316048952368,4.23322133608993,3.80972932192681,4.01815602896763,2842166.03858182,704994.44012651,2.84216603858182
LEO,2022-11-11,4.01815602896763,4.10928977864152,3.76018193256685,3.78335191957435,1346824.81347355,342231.597316408,1.3468248134735499
LEO,2022-11-12,3.78335191957435,3.99489720187026,3.74653546422754,3.86911914619889,1103556.14802524,288847.130716173,1.10355614802524
LEO,2022-11-13,3.86911914619889,3.96752508578032,3.72012494148832,3.94398787168705,1978149.60130852,522132.622394847,1.97814960130852
LEO,2022-11-14,3.94398787168705,3.95994911216775,3.64536857327578,3.79136359728665,3068311.23854097,814054.14878404,3.0683112385409697
LEO,2022-11-15,3.79136359728665,3.85692015586629,3.73728814107687,3.79915906182721,2530795.78421236,670729.317901891,2.5307957842123603
LEO,2022-11-16,3.79915906182721,3.85824088283456,3.77729810883485,3.84650515403428,2513093.71521827,659743.58723237,2.5130937152182704
LEO,2022-11-17,3.84650515403428,4.03432130214533,3.83564738209867,4.03376431985594,1513541.0819901,382942.622960325,1.5135410819901
LEO,2022-11-18,4.03376431985594,4.25274772543485,4.02366770923924,4.22517259726693,1526147.66197675,366006.02955514,1.52614766197675
LEO,2022-11-19,4.22517259726693,4.27523974184565,4.13953450405278,4.22365250908799,1492374.95459091,353932.08620078,1.4923749545909102
LEO,2022-11-20,4.22365250908799,4.34347394277555,4.20918609355532,4.31702624078542,1386240.23497541,323158.07429223,1.38624023497541
LEO,2022-11-21,4.31702624078542,4.48772067537875,3.89337609316794,3.89676925689725,999338.915242073,237502.92107192,0.999338915242073
LEO,2022-11-22,3.89676925689725,3.97877577771656,3.75857007085417,3.79681247963794,1648406.286516,435266.439249596,1.648406286516
LEO,2022-11-23,3.79681247963794,4.44348686587978,3.79681247963794,4.23166485691517,1343308.26721502,322598.289120601,1.34330826721502
LEO,2022-11-24,4.23166485691517,4.23431920958311,4.14492318650191,4.22198045385663,1334891.38344192,317370.07041562,1.3348913834419198
LEO,2022-11-25,4.22198045385663,4.22360398557564,3.84937731782634,3.8723213512728,1588712.57140414,405480.339698029,1.58871257140414
LEO,2022-11-26,3.8723213512728,4.18042591063251,3.85459681953387,4.11184145896666,1389815.71839228,351741.32953046,1.38981571839228
LEO,2022-11-27,4.11184145896666,4.22203375422214,4.01681336026521,4.20632093190321,1469172.60976656,353330.95157309,1.4691726097665598
LEO,2022-11-28,4.20632093190321,4.41059077832252,3.77675503974606,3.80311262584612,2015746.84341329,508644.37223164,2.01574684341329
LEO,2022-11-29,3.80311262584612,4.16081039408207,3.76649504230264,3.77289698956596,1920173.25628591,494515.35551479,1.92017325628591
LEO,2022-11-30,3.77289698956596,3.9707677851276,3.76189574054254,3.92606702335727,1578376.04211472,412510.13562591,1.57837604211472
LEO,2022-12-01,3.92606702335727,4.00866702494594,3.81014392161389,3.86244847716311,2060081.64912799,528380.475868153,2.06008164912799
LEO,2022-12-02,3.86244847716311,4.06609478808887,3.61777885114052,3.95368868049142,1649806.86684585,431798.308607,1.6498068668458499
LEO,2022-12-03,3.95368868049142,4.27487577327725,3.70460953445423,3.78450099406171,1974536.52403263,512294.64964065,1.97453652403263
LEO,2022-12-04,3.78450099406171,3.93765270141088,3.6186906145717,3.80108400999787,1591115.57864501,418580.746589875,1.59111557864501
LEO,2022-12-05,3.80108400999787,3.9747712237182,3.78447808570645,3.78894046726098,2034535.34653328,529272.79435882,2.0345353465332803
LEO,2022-12-06,3.78894046726098,4.25302040320299,3.78859559224606,3.81211384980039,872314.704346519,226382.75749558,0.8723147043465189
LEO,2022-12-07,3.81211384980039,3.89073177697757,3.772910316139,3.79206866277484,679678.756266711,178311.98203639,0.679678756266711
LEO,2022-12-08,3.79206866277484,3.90154293559514,3.77791007257818,3.82039712316866,625381.956920021,164467.187240532,0.625381956920021
LEO,2022-12-09,3.82039712316866,3.84893737833334,3.74013736565574,3.74495782683864,1054944.28515668,279763.40446908,1.05494428515668
LEO,2022-12-10,3.74495782683864,3.78392786486943,3.73518349449155,3.74030025465107,579974.772940177,154485.551704238,0.579974772940177
LEO,2022-12-11,3.74030025465107,3.82187343811617,3.72042464161981,3.78409290669028,882310.951326142,235859.362794312,0.8823109513261419
LEO,2022-12-12,3.78409290669028,3.84864010392829,3.71253875397119,3.71967570698021,709192.771181766,187513.481482237,0.7091927711817659
LEO,2022-12-13,3.71967570698021,3.81339959514554,3.71199094232974,3.71577025213963,889950.055070328,238182.29084641,0.889950055070328
LEO,2022-12-14,3.71577025213963,3.84722338521878,3.70959302038789,3.7466964533574,492317.715453841,132001.521623185,0.492317715453841
LEO,2022-12-15,3.7466964533574,3.82245715892844,3.67581101678234,3.68011188390412,888265.147102363,239785.092781876,0.8882651471023629
LEO,2022-12-16,3.68011188390412,3.75634253505417,3.67713909564756,3.68901041332096,1004705.78986361,271244.60985718,1.00470578986361
LEO,2022-12-17,3.68901041332096,3.98211944885116,3.68305583480726,3.97242776793429,1990263.13353629,512795.83935295,1.99026313353629
LEO,2022-12-18,3.97242776793429,3.98602136678168,3.91870794126244,3.9529133603619,709304.969779119,179447.916505565,0.709304969779119
LEO,2022-12-19,3.9529133603619,4.25389603176572,3.66073285197359,3.77164642859964,5021739.29693687,1266849.69815265,5.02173929693687
LEO,2022-12-20,3.77164642859964,3.84652725850599,3.55610224295718,3.71503076392609,1768430.96343477,471286.476279782,1.76843096343477
LEO,2022-12-21,3.71503076392609,3.73273819522919,3.68313755126951,3.69891169565827,1013727.07797881,274133.262836917,1.01372707797881
LEO,2022-12-22,3.69891169565827,3.75380205979361,3.64721989926742,3.74027716938026,1287963.20098287,345305.58232596,1.28796320098287
LEO,2022-12-23,3.74027716938026,3.79540236129505,3.66494785852647,3.70512680684229,1597654.8125842,429171.531888249,1.5976548125841998
LEO,2022-12-24,3.70512680684229,3.7693822599812,3.65276668867983,3.66168091700867,1404832.77288457,379588.656343673,1.40483277288457
LEO,2022-12-25,3.66168091700867,3.72674253690723,3.59458483588569,3.62124222512746,1631157.16987586,446599.85688856,1.63115716987586
LEO,2022-12-26,3.62124222512746,3.64879430056169,3.5624982752157,3.56668922211272,1382480.83382088,383988.29605507,1.3824808338208798
LEO,2022-12-27,3.56668922211272,3.62755842149692,3.54078213162576,3.60067616120716,1471416.54500213,410742.72944378,1.4714165450021301
LEO,2022-12-28,3.60067616120716,3.63408775732644,3.52196917537576,3.54594865399758,1430746.51046181,400295.23399695,1.43074651046181
LEO,2022-12-29,3.54594865399758,3.60691377485716,3.49824670383982,3.51128849368642,1327614.49361651,374666.887702958,1.32761449361651
LEO,2022-12-30,3.51128849368642,3.59284181837869,3.4921149890032,3.49490661585903,1386226.35292448,393991.27276758,1.38622635292448
LEO,2022-12-31,3.49490661585903,3.62480548353692,3.48179621042959,3.60807870978838,917358.391175089,258470.90647663,0.9173583911750891
LEO,2023-01-01,3.60807870978838,3.67391146290025,3.49595974327034,3.51784344848835,1089092.38224217,305404.42793132,1.0890923822421699
LEO,2023-01-02,3.51784344848835,3.53698085045609,3.46720398780903,3.49487282820776,1043779.13624873,298428.4343359,1.04377913624873
LEO,2023-01-03,3.49487282820776,3.55423701290841,3.42151070326129,3.49438856585795,1192468.87008106,340990.345099173,1.1924688700810602
LEO,2023-01-04,3.49438856585795,3.54564600198709,3.47609910688285,3.5092400559393,1207753.40156707,344643.993671219,1.2077534015670701
LEO,2023-01-05,3.5092400559393,3.52426489120193,3.46069172191832,3.49384014525196,1008991.3213096,288659.36141324,1.0089913213096
LEO,2023-01-06,3.49384014525196,3.57571490726537,3.43479933699545,3.48890006917253,1103490.2251497,316272.48901285,1.1034902251496999
LEO,2023-01-07,3.48890006917253,3.5297351267673,3.43452396782271,3.46098199208181,975104.170475814,281363.355638974,0.975104170475814
LEO,2023-01-08,3.46098199208181,3.47971560919515,3.42658984037038,3.47535106050353,810452.566505698,234422.337891098,0.810452566505698
LEO,2023-01-09,3.47535106050353,3.52040425594568,3.43854432552925,3.45545455920265,1448458.70769986,417469.961965394,1.44845870769986
LEO,2023-01-10,3.45545455920265,3.47938903024224,3.41543825890698,3.46353316371149,862278.462298566,249848.533710535,0.862278462298566
LEO,2023-01-11,3.46353316371149,3.49701079334871,3.44374685749638,3.46940483936836,601658.304268569,173841.17814024,0.601658304268569
LEO,2023-01-12,3.46940483936836,3.50470697641308,3.4121288835174,3.43925464221076,701526.180563808,203639.939000447,0.701526180563808
LEO,2023-01-13,3.43925464221076,3.49832701047228,3.37581886940005,3.47859452330926,554388.550977137,161884.692158141,0.554388550977137
LEO,2023-01-14,3.47859452330926,3.52300918321363,3.40799995997274,3.4536621572156,1227522.6075088,353279.08395359,1.2275226075088
LEO,2023-01-15,3.4536621572156,3.47793741182279,3.40804336143827,3.4324299601368,494731.763258579,144505.106380535,0.49473176325857904
LEO,2023-01-16,3.4324299601368,3.63598932290389,3.41102810284213,3.50127350950641,783809.052570528,222664.08577256,0.783809052570528
LEO,2023-01-17,3.50127350950641,3.5337663367512,3.44849435781565,3.46703263972072,701039.329142451,201831.91655844,0.701039329142451
LEO,2023-01-18,3.46703263972072,3.50014778459834,3.42475217067786,3.46208980911939,647753.585983368,187740.887949055,0.647753585983368
LEO,2023-01-19,3.46208980911939,3.5353522926281,3.38588525660655,3.48040822869133,488264.131453152,142042.18447888,0.488264131453152
LEO,2023-01-20,3.48040822869133,3.53261951394452,3.41293793245324,3.45048111013719,1208596.42387956,347585.33236837,1.2085964238795601
LEO,2023-01-21,3.45048111013719,3.50719821660837,3.44028096753072,3.48181384591829,942430.531611799,271251.008464685,0.942430531611799
LEO,2023-01-22,3.48181384591829,3.50560213623216,3.41273884279843,3.46290559047178,1014188.76985826,292579.470604424,1.0141887698582601
LEO,2023-01-23,3.46290559047178,3.50054362986252,3.38864702704062,3.44707221345513,822864.534652621,238947.01726341,0.822864534652621
LEO,2023-01-24,3.44707221345513,3.4930905854805,3.40848007115155,3.46028614720892,925969.599751583,267999.2972069,0.925969599751583
LEO,2023-01-25,3.46028614720892,3.54672787955947,3.45297218569814,3.52783777412544,1180451.0185711,337432.186431486,1.1804510185711
LEO,2023-01-26,3.52783777412544,3.64537471009738,3.50872027267582,3.6078171119309,1109173.05503239,311046.057204392,1.10917305503239
LEO,2023-01-27,3.6078171119309,3.86273545367582,3.56838943882045,3.84631033975415,1387266.51484278,367056.385204525,1.38726651484278
LEO,2023-01-28,3.84631033975415,3.99035324627444,3.56023285220087,3.77191147395226,1338554.35223632,357071.600270453,1.3385543522363201
LEO,2023-01-29,3.77191147395226,3.96506335470376,3.6361313099403,3.68330899895927,1611929.69881992,431556.488681455,1.6119296988199199
LEO,2023-01-30,3.68330899895927,3.69457521841209,3.51185156033295,3.57800742275301,1558909.82757118,435512.892279249,1.55890982757118
LEO,2023-01-31,3.57800742275301,3.64695421588545,3.49966039658563,3.55362543696851,1199021.385401,338633.34638314,1.1990213854010001
LEO,2023-02-01,3.55362543696851,3.62788477161727,3.35565262054716,3.36695488073491,1725282.03546479,498633.135724271,1.72528203546479
LEO,2023-02-02,3.36695488073491,3.38804725645891,3.33970405052016,3.34077556182283,1040346.87042902,308982.234027401,1.04034687042902
LEO,2023-02-03,3.34077556182283,3.402252218164,3.30609522479111,3.38597573082747,891852.049379526,266218.544294152,0.891852049379526
LEO,2023-02-04,3.38597573082747,3.46213111813787,3.38538013554808,3.43052937770988,953224.392852261,278460.768365668,0.953224392852261
LEO,2023-02-05,3.43052937770988,3.57472549463547,3.41967760163697,3.56271890390357,1094019.19143371,312000.011998662,1.09401919143371
LEO,2023-02-06,3.56271890390357,3.6502758285217,3.35683960797971,3.38428179668759,1427995.4690592,410576.852962317,1.4279954690592
LEO,2023-02-07,3.38428179668759,3.40914207466528,3.34857106222854,3.38010288880171,1023369.38682639,303416.53571149,1.02336938682639
LEO,2023-02-08,3.38010288880171,3.41186306719781,3.35784770381193,3.37890193621253,1149113.87670862,339891.86674046,1.14911387670862
LEO,2023-02-09,3.37890193621253,3.40162014515994,3.33730469602056,3.35967841778003,871116.81920331,259287.65159283,0.87111681920331
LEO,2023-02-10,3.35967841778003,3.38392939705307,3.33486595498739,3.36160468142702,1056398.2675152,314414.18630858,1.0563982675152
LEO,2023-02-11,3.36160468142702,3.38688131940742,3.33225509112397,3.34464460681753,1085435.95369807,323185.27379201,1.08543595369807
LEO,2023-02-12,3.34464460681753,3.3768881247809,3.33203899350658,3.35695051976228,913356.236698312,272622.54102675,0.913356236698312
LEO,2023-02-13,3.35695051976228,3.4296970137009,3.34107092209497,3.40565532596032,1067516.69607361,315559.597160171,1.06751669607361
LEO,2023-02-14,3.40565532596032,3.41159410894465,3.33542549181495,3.35647328625917,935299.722797388,278722.99261338,0.9352997227973879
LEO,2023-02-15,3.35647328625917,3.43020461112851,3.33368963539336,3.41373381062027,906494.035370006,270280.108585141,0.906494035370006
LEO,2023-02-16,3.41373381062027,3.4295685529245,3.3206163473641,3.33217809330256,1194898.97856466,356278.014110764,1.19489897856466
LEO,2023-02-17,3.33217809330256,3.37155138995679,3.33205564797006,3.35102417235727,1093186.61163341,326686.5140803,1.09318661163341
LEO,2023-02-18,3.35102417235727,3.39192123777152,3.33420961672748,3.35425890173586,848154.84415138,252775.709744435,0.84815484415138
LEO,2023-02-19,3.35425890173586,3.43207532358979,3.34570664323671,3.34588748230622,1262697.5974823,374633.68692047,1.2626975974822998
LEO,2023-02-20,3.34588748230622,3.38520381929278,3.33484343088969,3.35847854102907,957444.310499347,285477.284371339,0.9574443104993471
LEO,2023-02-21,3.35847854102907,3.38743092410501,3.32397687715155,3.38050098901668,849576.281561138,253570.26413914,0.849576281561138
LEO,2023-02-22,3.38050098901668,3.49496420038922,3.32220432922571,3.37660052760431,1695180.26523717,501726.998025504,1.6951802652371701
LEO,2023-02-23,3.37660052760431,3.38168549122204,3.32640736307384,3.34443087616788,908192.307496584,271125.865902913,0.908192307496584
LEO,2023-02-24,3.34443087616788,3.38196306166401,3.33551493309044,3.37682108967184,802502.780733767,238397.1283213,0.802502780733767
LEO,2023-02-25,3.37682108967184,3.49025366586524,3.33966650970061,3.34285449391455,1220907.87211119,362547.12302727,1.2209078721111901
LEO,2023-02-26,3.34285449391455,3.43444959583602,3.31531304746487,3.33952098119759,1091798.00607296,325190.103849722,1.0917980060729602
LEO,2023-02-27,3.33952098119759,3.37396643441326,3.31939622430933,3.33244852723538,871705.812077414,261032.18849706,0.871705812077414
LEO,2023-02-28,3.33244852723538,3.36065747064597,3.31284984254536,3.34008176816979,908376.074725044,272339.550573309,0.908376074725044
LEO,2023-03-01,3.34008176816979,3.35993801892653,3.31837647802081,3.34439942246765,775795.059437325,232690.28760559,0.775795059437325
LEO,2023-03-02,3.34439942246765,3.34571637403077,3.31736976800514,3.33294745546828,733663.553367435,220210.065596591,0.733663553367435
LEO,2023-03-03,3.33294745546828,3.36332733887414,3.31794754483702,3.3566245697973,983150.410580963,294300.987188804,0.983150410580963
LEO,2023-03-04,3.3566245697973,3.39886775750884,3.34299680477772,3.39640161715681,796258.286575487,236129.151608109,0.796258286575487
LEO,2023-03-05,3.39640161715681,3.43721458582246,3.35637639877669,3.36557079732117,1251286.30357469,369722.276609671,1.25128630357469
LEO,2023-03-06,3.36557079732117,3.37904331797031,3.34697499031338,3.35983574619665,694499.731560239,206469.567540724,0.694499731560239
LEO,2023-03-07,3.35983574619665,3.39058853687865,3.33571914675295,3.39024988364515,867563.647119803,257941.56229747,0.867563647119803
LEO,2023-03-08,3.39024988364515,3.41022344474757,3.35413044289907,3.36978229539515,841906.55410358,249237.77071452,0.84190655410358
LEO,2023-03-09,3.36978229539515,3.39352286154522,3.36044156108642,3.36858216852433,508119.53567405,150768.073817275,0.50811953567405
LEO,2023-03-10,3.36858216852433,3.47486464400132,3.34682914605726,3.46615427780116,856233.225613548,252195.751643988,0.856233225613548
LEO,2023-03-11,3.46615427780116,3.51567542547098,3.41201399138434,3.51141070570495,783534.818744133,226835.11280327,0.783534818744133
LEO,2023-03-12,3.51141070570495,3.7504124326901,3.50159770193531,3.72125824158625,821460.319980419,225579.481107581,0.821460319980419
LEO,2023-03-13,3.72125824158625,3.92961501934455,3.35865904884777,3.36610489470678,2107323.14671709,596814.266635098,2.10732314671709
LEO,2023-03-14,3.36610489470678,3.38598346165983,3.31824826991099,3.33779118883185,906109.055897756,270764.272308769,0.906109055897756
LEO,2023-03-15,3.33779118883185,3.63258235543826,3.28543208578094,3.36317480980291,2323870.14381795,638191.585812775,2.32387014381795
LEO,2023-03-16,3.36317480980291,3.41146458341646,3.20239423046261,3.36012026368459,417546.018209379,124133.9089318,0.417546018209379
LEO,2023-03-17,3.36012026368459,3.48329026343874,3.35186866660942,3.47338441854353,591059.423804313,174461.42741387,0.591059423804313
LEO,2023-03-18,3.47338441854353,3.56082724381009,3.35423098903181,3.36344095585029,875205.949754328,255077.994957755,0.875205949754328
LEO,2023-03-19,3.36344095585029,3.39200529986192,3.34630923380517,3.36572141108824,797913.359143514,237247.464714269,0.7979133591435139
LEO,2023-03-20,3.36572141108824,3.38746714948688,3.35723557615039,3.36465157639978,646149.5370065,191883.599829675,0.6461495370064999
LEO,2023-03-21,3.36465157639978,3.49239781391359,3.36182605728438,3.46401149322189,830615.811599161,242671.936106991,0.830615811599161
LEO,2023-03-22,3.46401149322189,3.56702596233928,3.35452293345416,3.35602730549509,900320.912349561,262366.373825224,0.900320912349561
LEO,2023-03-23,3.35602730549509,3.38588434394754,3.31439230841681,3.38362348079106,570145.389703836,170825.566267446,0.570145389703836
LEO,2023-03-24,3.38362348079106,3.47011448307948,3.32880869129699,3.44561759032677,835662.890562507,246816.05561134,0.835662890562507
LEO,2023-03-25,3.44561759032677,3.50930169207636,3.3624478855974,3.36755551726446,758923.707481052,222109.126308385,0.758923707481052
LEO,2023-03-26,3.36755551726446,3.4588934934276,3.31717377228096,3.34327423098503,597968.218329756,178513.50583996,0.5979682183297561
LEO,2023-03-27,3.34327423098503,3.47882038132093,3.242429708557,3.38597281675136,880216.314554733,263934.77109429,0.880216314554733
LEO,2023-03-28,3.38597281675136,3.40907118127954,3.21377629550332,3.40457353237749,528449.731680976,157906.524051882,0.528449731680976
LEO,2023-03-29,3.40457353237749,3.46249002953382,3.37885122973938,3.40877862979975,576966.024241687,169439.348692829,0.5769660242416871
LEO,2023-03-30,3.40877862979975,3.44675579492564,3.39875752103828,3.44213976010715,399132.538998716,116809.613616929,0.399132538998716
LEO,2023-03-31,3.44213976010715,3.47978816706843,3.42977002573382,3.4719807218894,381670.91018767,110529.869105202,0.38167091018766997
LEO,2023-04-01,3.4719807218894,3.48700825712298,3.37836002217114,3.39760636493624,583368.3737067,170678.81694382,0.5833683737067
LEO,2023-04-02,3.39760636493624,3.40244923838264,3.38141474137398,3.38896671012553,345229.11707244,101801.786585593,0.34522911707244
LEO,2023-04-03,3.38896671012553,3.42306268507191,3.3844847387819,3.41876971432885,467936.273987758,137472.927589415,0.467936273987758
LEO,2023-04-04,3.41876971432885,3.43586862669402,3.37619786436142,3.38047686233013,617595.701683831,181085.186061345,0.617595701683831
LEO,2023-04-05,3.38047686233013,3.41335159024954,3.37186594733886,3.3769838347534,633416.765465502,187009.75355359,0.6334167654655021
LEO,2023-04-06,3.3769838347534,3.40058369128918,3.37089285533424,3.3971320635702,536549.777988387,158561.49711033,0.536549777988387
LEO,2023-04-07,3.3971320635702,3.4205083271905,3.27253029430203,3.31569789757785,659812.289668972,196186.16579478,0.659812289668972
LEO,2023-04-08,3.31569789757785,3.4023026472297,3.25202307773777,3.35861058498421,615653.052960848,183849.600324042,0.6156530529608479
LEO,2023-04-09,3.35861058498421,3.41939733787218,2.87876560628147,3.38678627203732,344925.264797204,104450.170213661,0.344925264797204
LEO,2023-04-10,3.38678627203732,3.43153420388044,3.20910667674378,3.38808016770044,363703.833500096,108886.43580372,0.363703833500096
LEO,2023-04-11,3.38808016770044,3.40825824659889,3.32516426637463,3.35554345934004,426191.134038275,126006.779131082,0.42619113403827497
LEO,2023-04-12,3.35554345934004,3.39652065891191,3.14292073087461,3.38886667599359,343568.311852776,103198.343888801,0.343568311852776
LEO,2023-04-13,3.38886667599359,3.45117792025975,3.2419108980905,3.37889825505249,445104.1692824,131900.011592469,0.4451041692824
LEO,2023-04-14,3.37889825505249,3.43065739253504,3.24821197893668,3.37878254482948,554495.914133073,165453.523388545,0.554495914133073
LEO,2023-04-15,3.37878254482948,3.40939353588999,3.27697129665272,3.3716806968257,1137442.02142946,336040.488899798,1.13744202142946
LEO,2023-04-16,3.3716806968257,3.42325557069114,3.32501776049093,3.35822095844645,709841.401409857,211616.25420895,0.709841401409857
LEO,2023-04-17,3.35822095844645,3.38599034612787,3.33618867999205,3.36059909514562,764978.096828799,226182.118724492,0.764978096828799
LEO,2023-04-18,3.36059909514562,3.40265028711101,3.31632824287899,3.36022272086017,636518.025463809,189502.51004894,0.636518025463809
LEO,2023-04-19,3.36022272086017,3.37519379415733,3.3065809422422,3.35157179396846,804401.15944691,239247.64354836,0.80440115944691
LEO,2023-04-20,3.35157179396846,3.44093201366847,3.32432976950931,3.34445140708741,482907.733051364,144407.057402618,0.48290773305136403
LEO,2023-04-21,3.34445140708741,3.38614787559295,3.32815904730966,3.35792258330792,577033.738851796,170853.967629997,0.577033738851796
LEO,2023-04-22,3.35792258330792,3.46205850843869,3.33494280929406,3.42480674875312,836719.126125147,243560.5583631,0.836719126125147
LEO,2023-04-23,3.42480674875312,3.47060763052405,3.30723035156462,3.35982030275414,616327.457276903,181287.81071073,0.616327457276903
LEO,2023-04-24,3.35982030275414,3.46483802042993,3.31412226814421,3.42295825796022,678053.000493891,198484.157716932,0.678053000493891
LEO,2023-04-25,3.42295825796022,3.46785903777585,3.35440312091933,3.41480487670453,622185.627046785,182566.94029069,0.6221856270467849
LEO,2023-04-26,3.41480487670453,3.49492216156746,3.36359617305961,3.44553942171863,918330.233138366,264292.814759703,0.918330233138366
LEO,2023-04-27,3.44553942171863,3.53531780215327,3.41345622652097,3.41804444051162,754904.204486365,219797.426285605,0.754904204486365
LEO,2023-04-28,3.41804444051162,3.445997818914,3.37382317420764,3.40182823502611,673728.122038138,197389.457046677,0.673728122038138
LEO,2023-04-29,3.40182823502611,3.45956936490817,3.3735624973982,3.40504156024934,522227.581814592,152630.898937999,0.5222275818145921
LEO,2023-04-30,3.40504156024934,3.43601956314797,3.34386674228578,3.41035315041316,462486.02662495,135009.50225186,0.46248602662495
LEO,2023-05-01,3.41035315041316,3.45571004166793,3.37568733185892,3.43482946858772,566856.328631914,164597.2131177,0.566856328631914
LEO,2023-05-02,3.43482946858772,3.45744645288812,3.34713908546688,3.37592472678227,406450.494799164,120100.505244527,0.406450494799164
LEO,2023-05-03,3.37592472678227,3.58138182383741,3.3510061157434,3.48054356329689,695224.937029653,197938.7578757,0.695224937029653
LEO,2023-05-04,3.48054356329689,3.54272050258285,3.41160024761739,3.46157679682905,1150470.57003408,329671.745590306,1.15047057003408
LEO,2023-05-05,3.46157679682905,3.51648068488082,3.41338071579208,3.44153747067396,788767.630927153,228194.47457832,0.7887676309271531
LEO,2023-05-06,3.44153747067396,3.50523181478647,3.40745906825479,3.44939727002014,673413.477795281,193936.82515197,0.6734134777952809
LEO,2023-05-07,3.44939727002014,3.46540214347592,3.41055240218092,3.42643060205076,560352.951263732,163247.92276834,0.5603529512637321
LEO,2023-05-08,3.42643060205076,3.47402012282599,3.39353973573671,3.43203483868119,619020.172032248,179983.43312171,0.619020172032248
LEO,2023-05-09,3.43203483868119,3.51266603513793,3.40978031331836,3.48034932913341,514875.626161146,148574.30887978,0.514875626161146
LEO,2023-05-10,3.48034932913341,3.5304779143024,3.46050491661719,3.51210252266516,554101.740854596,157621.19757165,0.5541017408545961
LEO,2023-05-11,3.51210252266516,3.86528804022667,3.47150058067859,3.63395066520332,594545.198418366,165846.68863411,0.5945451984183661
LEO,2023-05-12,3.63395066520332,3.66045426858233,3.59447941801131,3.6367047447904,633556.68789566,174555.475834294,0.6335566878956601
LEO,2023-05-13,3.6367047447904,3.71105943023562,3.62121172045888,3.67569803593338,559200.430186751,153195.40890323,0.5592004301867509
LEO,2023-05-14,3.67569803593338,3.75631120141636,3.65971022479968,3.70837666126246,482720.215919752,130398.43681546,0.482720215919752
LEO,2023-05-15,3.70837666126246,3.75641069042895,3.6217351124565,3.67535981695426,651332.71465228,178625.64557906,0.6513327146522799
LEO,2023-05-16,3.67535981695426,3.69260464357213,3.62521609638111,3.65281180420248,539165.572605668,147385.44015606,0.539165572605668
LEO,2023-05-17,3.65281180420248,3.75549248008199,3.64503185901907,3.75549248008199,532633.913649801,144640.70646097,0.5326339136498011
LEO,2023-05-18,3.75549248008199,3.75632334174689,3.67226765998053,3.68617873426872,528463.219378053,143264.19641161,0.528463219378053
LEO,2023-05-19,3.68617873426872,3.74068562837184,3.63003554968693,3.6784087758941,597300.060113433,163328.811454504,0.5973000601134331
LEO,2023-05-20,3.6784087758941,3.75605348471312,3.59026972010168,3.59332327967182,381541.636083129,102875.452847614,0.38154163608312897
LEO,2023-05-21,3.59332327967182,3.72305707939048,3.58476085502926,3.65088041581547,645788.067401792,176833.27460009,0.6457880674017921
LEO,2023-05-22,3.65088041581547,3.6811837744267,3.60166828693132,3.64227206243683,605765.48680977,166666.53482252,0.60576548680977
LEO,2023-05-23,3.64227206243683,3.65162371818747,3.6149720719904,3.63198590568678,625536.420213165,172433.26108489,0.625536420213165
LEO,2023-05-24,3.63198590568678,3.6723266858728,3.6213212430973,3.6527304219501,540115.474096474,148041.9540665,0.540115474096474
LEO,2023-05-25,3.6527304219501,3.67282098333381,3.63558630914346,3.6590432275619,535198.22442033,147376.19745812,0.53519822442033
LEO,2023-05-26,3.6590432275619,3.75543490509245,3.61093210250963,3.64278648000181,989110.308537482,272440.61575627,0.989110308537482
LEO,2023-05-27,3.64278648000181,3.71797666333061,3.5848293813175,3.68999172145317,555725.665871136,150815.20699117,0.555725665871136
LEO,2023-05-28,3.68999172145317,3.72064864729988,3.66764973905654,3.68986100718223,584618.069281952,159179.1088714,0.584618069281952
LEO,2023-05-29,3.68986100718223,3.77387851633617,3.67511409961386,3.69954312191327,548334.688957716,148398.266740765,0.548334688957716
LEO,2023-05-30,3.69954312191327,3.7487123637901,3.64377470525133,3.7146685343201,568232.989314167,154215.611234365,0.568232989314167
LEO,2023-05-31,3.7146685343201,3.76215725507843,3.66530140525252,3.68783728576559,505020.632372849,137072.92914977,0.505020632372849
LEO,2023-06-01,3.68783728576559,3.75124790158198,3.64178981944894,3.66082748558634,645663.133236259,175735.01917136,0.645663133236259
LEO,2023-06-02,3.66082748558634,3.72121882113319,3.62025262647295,3.69980702776807,660106.829740834,179551.55204221,0.660106829740834
LEO,2023-06-03,3.69980702776807,3.75847120351202,3.58477440337728,3.60028960544147,437791.26902853,120178.15158899,0.43779126902853
LEO,2023-06-04,3.60028960544147,3.624826763103,3.58971837686793,3.61709919323302,353012.968023115,97899.79397686,0.353012968023115
LEO,2023-06-05,3.61709919323302,3.62342192536126,3.52785179562489,3.53044504026891,506830.760926778,141493.637056473,0.506830760926778
LEO,2023-06-06,3.53044504026891,3.62891905665854,3.51187636631653,3.53281125791636,1133171.22632294,320767.626870168,1.13317122632294
LEO,2023-06-07,3.53281125791636,3.65887561531851,3.50850158901536,3.53842434100355,464742.446240802,131187.87911442,0.464742446240802
LEO,2023-06-08,3.53842434100355,3.56579743803736,3.52101942152808,3.55306863954697,491191.454684006,138629.9443038,0.491191454684006
LEO,2023-06-09,3.55306863954697,3.57245604318718,3.51526058355041,3.53188468684879,707593.443856406,199678.3827212,0.707593443856406
LEO,2023-06-10,3.53188468684879,3.57797036350786,3.50876573280616,3.50990985710875,777387.090029481,219736.651627419,0.777387090029481
LEO,2023-06-11,3.50990985710875,3.57142529076902,3.50767149512633,3.55908606989777,536093.809014756,151348.78117212,0.536093809014756
LEO,2023-06-12,3.55908606989777,3.5713622235375,3.51570981951247,3.52706544747936,740837.442448623,209402.305120018,0.740837442448623
LEO,2023-06-13,3.52706544747936,3.54768286171028,3.51066691895173,3.52967503595786,550622.158460727,155911.59172571,0.5506221584607269
LEO,2023-06-14,3.52967503595786,3.56889065888323,3.52600799403519,3.55281566880765,491738.466307788,138702.55926346,0.491738466307788
LEO,2023-06-15,3.55281566880765,3.56077921294138,3.51416980863007,3.53203846662924,823208.576984495,232850.801845854,0.823208576984495
LEO,2023-06-16,3.53203846662924,3.56444848802867,3.51712569690221,3.5364027775943,770764.360610003,217846.13263528,0.770764360610003
LEO,2023-06-17,3.5364027775943,3.56746461447435,3.52097534979072,3.54322958634051,641815.058362809,181233.64592747,0.641815058362809
LEO,2023-06-18,3.54322958634051,3.57312888460773,3.52607898967634,3.53211369203223,637992.13445066,179866.42885953,0.6379921344506599
LEO,2023-06-19,3.53211369203223,3.56712284077442,3.52679023738814,3.54961855611339,611240.697612065,172243.54529667,0.611240697612065
LEO,2023-06-20,3.54961855611339,3.57995073488088,3.53278483689128,3.54445683218316,654075.510037821,184055.38640561,0.654075510037821
LEO,2023-06-21,3.54445683218316,3.58240434093734,3.53682539766928,3.56497135993659,688767.645790388,193404.873430485,0.688767645790388
LEO,2023-06-22,3.56497135993659,3.7328171232224,3.55769824010193,3.7265200591671,969242.889466618,268291.602685287,0.969242889466618
LEO,2023-06-23,3.7265200591671,3.87917959511245,3.71118471041563,3.82612375172564,1128205.54210553,295736.201164806,1.12820554210553
LEO,2023-06-24,3.82612375172564,3.9012463184342,3.78733035072018,3.87175622182372,916988.02954914,238806.60616001,0.91698802954914
LEO,2023-06-25,3.87175622182372,3.88639524956997,3.7709192880741,3.80433838950044,799279.703171415,209733.989792363,0.7992797031714151
LEO,2023-06-26,3.80433838950044,3.88374020039978,3.77976405544091,3.82676102284807,1212858.67400856,315754.49856767,1.2128586740085598
LEO,2023-06-27,3.82676102284807,3.92446859338667,3.79750391309235,3.91005560096984,1126534.4608297,292080.858777539,1.1265344608297
LEO,2023-06-28,3.91005560096984,3.95167523086276,3.80249558251568,3.82365401596698,562582.458032648,145358.69958025,0.562582458032648
LEO,2023-06-29,3.82365401596698,4.08088871498213,3.80153276402219,4.08088871498213,1155217.10399909,291787.9325686,1.15521710399909
LEO,2023-06-30,4.08088871498213,4.12673865216248,3.93421787354688,3.93575072213456,1587657.72408849,392124.53501797,1.58765772408849
LEO,2023-07-01,3.93575072213456,4.1139965726992,3.93526684394462,4.08574526782674,1110735.6217463,275853.697312265,1.1107356217463
LEO,2023-07-02,4.08574526782674,4.1013630093457,3.85239190181281,3.85239190181281,1634349.48689013,406760.661710256,1.63434948689013
LEO,2023-07-03,3.85239190181281,3.96762955058736,3.62488299739749,3.85868817400801,1252560.88136788,332610.962568818,1.25256088136788
LEO,2023-07-04,3.85868817400801,3.98311574334877,3.85103667816675,3.92070992221287,636139.373805564,161954.432820921,0.6361393738055641
LEO,2023-07-05,3.92070992221287,3.96275421608014,3.76157707616748,3.89662633893915,1390444.20880844,361389.94144126,1.39044420880844
LEO,2023-07-06,3.89662633893915,3.99756823194535,3.66565203942223,3.72223266203329,1128617.06312492,294308.228358533,1.12861706312492
LEO,2023-07-07,3.72223266203329,3.88145801762168,3.71080542752566,3.8777025780041,712174.935403301,187713.459818895,0.712174935403301
LEO,2023-07-08,3.8777025780041,3.90639542453658,3.76967062993624,3.89287221751829,1271725.09397392,331101.761120495,1.27172509397392
LEO,2023-07-09,3.89287221751829,4.0000676172988,3.82284521906788,3.9767750214109,1074220.81188181,274871.187341127,1.07422081188181
LEO,2023-07-10,3.9767750214109,4.0817422469987,3.91141317958761,4.01448722839586,1090331.79532402,272143.06417848,1.0903317953240201
LEO,2023-07-11,4.01448722839586,4.07467670042954,3.93227223275041,4.03694944431221,1221147.7292995,304266.527139675,1.2211477292994999
LEO,2023-07-12,4.03694944431221,4.05909359244529,3.94485824778381,4.00788997952768,723882.470180461,181463.486061995,0.7238824701804609
LEO,2023-07-13,4.00788997952768,4.2032795998955,3.95660665920077,4.09013139103948,1070467.30108523,264922.871491565,1.07046730108523
LEO,2023-07-14,4.09013139103948,4.09158716979036,3.87935230948258,4.00728240523645,1656021.2983003,419298.756118929,1.6560212983003
LEO,2023-07-15,4.00728240523645,4.01027278715709,3.90952793461299,3.95570866483817,691947.091585821,174976.011601118,0.691947091585821
LEO,2023-07-16,3.95570866483817,4.0486767275238,3.91920037497401,4.01688928199352,1331889.76096867,332160.65084303,1.33188976096867
LEO,2023-07-17,4.01688928199352,4.0499070485812,3.92378073533615,3.97389332883358,1560141.08161548,391740.5602309,1.56014108161548
LEO,2023-07-18,3.97389332883358,4.05021266789272,3.93913998088241,4.00096684581277,1119279.5657917,281045.8544764,1.1192795657917
LEO,2023-07-19,4.00096684581277,4.01068480839445,3.93883615636328,3.9672054638577,774011.747810923,195434.705746895,0.7740117478109231
LEO,2023-07-20,3.9672054638577,4.01655618036178,3.93768955400376,3.99605852479126,1017440.16494741,254904.579581563,1.01744016494741
LEO,2023-07-21,3.99605852479126,4.06852303778187,3.94527935849245,4.03006089287763,964094.585183429,240188.88463488,0.9640945851834289
LEO,2023-07-22,4.03006089287763,4.1482683501882,3.98238610871807,4.04629160213184,2154143.36843113,531093.718038184,2.15414336843113
LEO,2023-07-23,4.04629160213184,4.05924433666588,3.95579892079585,4.03443061053102,617859.101958422,153797.950454767,0.617859101958422
LEO,2023-07-24,4.03443061053102,4.05688704371846,3.86429662569101,3.988038522575,1322431.40683426,335040.437198709,1.3224314068342602
LEO,2023-07-25,3.988038522575,3.99348701113596,3.91594265216765,3.93102082159133,1016126.5588607,257283.92923172,1.0161265588607
LEO,2023-07-26,3.93102082159133,4.02322134083312,3.90408618556457,4.0078525148966,1077489.21633577,271865.211989018,1.0774892163357699
LEO,2023-07-27,4.0078525148966,4.01927777958463,3.90472796941021,4.00887099466694,1010494.19381039,255554.63373231,1.01049419381039
LEO,2023-07-28,4.00887099466694,4.01508129955587,3.91027848645381,3.97991654521861,999737.019452732,252736.232457986,0.9997370194527321
LEO,2023-07-29,3.97991654521861,4.01005911629413,3.90941331748246,3.97832129084667,1206166.97637944,303457.1672251,1.20616697637944
LEO,2023-07-30,3.97832129084667,4.01602998159909,3.92845177534128,3.97327372545722,1293040.6906509,325365.374171126,1.2930406906509
LEO,2023-07-31,3.97327372545722,4.0168753597316,3.93256879219849,3.96889736976038,1189362.58276683,299609.486946299,1.18936258276683
LEO,2023-08-01,3.96889736976038,3.99248422932794,3.93874397172211,3.97848280681121,549858.302448265,138757.315166135,0.5498583024482651
LEO,2023-08-02,3.97848280681121,4.00501296585915,3.93754486832327,3.95897963229036,1302368.5268574,327637.831701925,1.3023685268574001
LEO,2023-08-03,3.95897963229036,4.1584614791156,3.93900413751516,4.02966326751135,2158127.34432999,537547.718149039,2.1581273443299898
LEO,2023-08-04,4.02966326751135,4.07954948917149,3.95320415673917,4.02252351201384,1035536.64397307,258575.54399153,1.03553664397307
LEO,2023-08-05,4.02252351201384,4.08212310780446,3.96481087044764,4.01174450135769,1390181.85145401,345653.317541029,1.39018185145401
LEO,2023-08-06,4.01174450135769,4.08855797760246,3.93256713306417,4.00015350459963,2158251.25601403,536069.984283105,2.15825125601403
LEO,2023-08-07,4.00015350459963,4.04100409879913,3.94385837654811,4.00073884502217,1239052.73914552,310751.17237921,1.23905273914552
LEO,2023-08-08,4.00073884502217,4.03354868408678,3.94464668849838,3.9958276343577,1817471.67495148,455889.240948335,1.81747167495148
LEO,2023-08-09,3.9958276343577,4.01530780001313,3.94459235045115,3.98363248147842,1605109.16828902,403083.04085826,1.60510916828902
LEO,2023-08-10,3.98363248147842,4.08060084897754,3.97538865254262,3.98406941764758,1862854.50790948,465754.44918186,1.86285450790948
LEO,2023-08-11,3.98406941764758,4.05082564020015,3.96382841327158,4.01217112370612,1353683.12146608,337994.300733887,1.35368312146608
LEO,2023-08-12,4.01217112370612,4.16173278353013,4.00557342180547,4.12186222613162,581306.518768614,142856.519396069,0.5813065187686141
LEO,2023-08-13,4.12186222613162,4.16120491288747,4.02041297986008,4.04399560362464,1302721.90005603,322120.826219078,1.30272190005603
LEO,2023-08-14,4.04399560362464,4.10531589621337,3.9827506150632,4.02057652092906,1779370.41625348,444218.167614075,1.7793704162534798
LEO,2023-08-15,4.02057652092906,4.16176775698296,3.98662871161352,4.14773840331459,702553.454799874,173013.49205209,0.702553454799874
LEO,2023-08-16,4.14773840331459,4.14773840331459,4.05974947206362,4.12213449964919,609633.318637216,149170.323754665,0.609633318637216
LEO,2023-08-17,4.12213449964919,4.17838806316012,3.88884569637105,3.91420300451586,896338.276016799,224033.554912405,0.896338276016799
LEO,2023-08-18,3.91420300451586,3.92460790531841,3.86563991367667,3.88536375694436,722561.527881083,185600.32732566,0.722561527881083
LEO,2023-08-19,3.88536375694436,3.90406226731289,3.8386492386581,3.84321987935713,491594.233039042,127207.26990166,0.491594233039042
LEO,2023-08-20,3.84321987935713,3.86875847223051,3.82280697661877,3.8490675360217,598730.724598181,155288.672409845,0.598730724598181
LEO,2023-08-21,3.8490675360217,3.86900297456274,3.70784936215672,3.76437321872977,722299.493963918,190327.29325493,0.7222994939639179
LEO,2023-08-22,3.76437321872977,3.80553629732442,3.71846314686436,3.74285569031224,487973.315108948,129965.651623344,0.487973315108948
LEO,2023-08-23,3.74285569031224,3.81272240079889,3.71606567235021,3.79809427412834,473136.229427546,124704.35409033,0.47313622942754596
LEO,2023-08-24,3.79809427412834,3.8032349146157,3.72470658190722,3.76615279711744,397927.473080787,105553.25580436,0.397927473080787
LEO,2023-08-25,3.76615279711744,3.78630239872603,3.7306668527935,3.77102992332405,366380.744920855,97420.7373795223,0.366380744920855
LEO,2023-08-26,3.77102992332405,3.78968629171774,3.741655776568,3.74406789619635,425750.544671025,112871.73924328,0.425750544671025
LEO,2023-08-27,3.74406789619635,3.77928027074917,3.70083165750134,3.72053091659766,523206.042307064,139271.19165866,0.523206042307064
LEO,2023-08-28,3.72053091659766,3.77763273824785,3.70949609233421,3.74295355002341,663588.587947108,176617.07735668,0.663588587947108
LEO,2023-08-29,3.74295355002341,3.85146498881768,3.73984861407939,3.8143068759265,515740.279240505,135812.86127249,0.515740279240505
LEO,2023-08-30,3.8143068759265,3.87224719995379,3.8028389565008,3.83743588679488,599690.03763895,156336.892550247,0.59969003763895
LEO,2023-08-31,3.83743588679488,3.84577370742192,3.79574492763663,3.83842075940187,514088.62766578,134035.89604479,0.51408862766578
LEO,2023-09-01,3.83842075940187,3.86593998625548,3.79730933051182,3.83458039720624,439414.069414283,114484.52941421,0.43941406941428296
LEO,2023-09-02,3.83458039720624,3.85338005537374,3.80035581735607,3.8168557521053,379726.488201854,99286.38988456,0.379726488201854
LEO,2023-09-03,3.8168557521053,3.90598020385914,3.64015749719354,3.65922318797145,615934.274025709,164951.641220825,0.615934274025709
LEO,2023-09-04,3.65922318797145,3.69590464215761,3.64027378788567,3.662744432219,751810.147449676,205417.656327884,0.751810147449676
LEO,2023-09-05,3.662744432219,3.67263597826862,3.63608671175214,3.66061622431844,654081.428899719,178996.028454678,0.654081428899719
LEO,2023-09-06,3.66061622431844,3.72357014294911,3.65763766558261,3.70376076419129,453792.891973334,123354.10650501,0.453792891973334
LEO,2023-09-07,3.70376076419129,3.71540741780692,3.64001221647113,3.67449170596333,330971.258345313,89643.2330858021,0.33097125834531305
LEO,2023-09-08,3.67449170596333,3.73118483145209,3.64630929888761,3.70092664437034,308987.878429468,83463.3175809026,0.308987878429468
LEO,2023-09-09,3.70092664437034,3.78666721219577,3.61307453347585,3.77059939897086,320848.410610186,85817.6651864302,0.320848410610186
LEO,2023-09-10,3.77059939897086,3.83106304198615,3.74778013482117,3.82259412505732,348313.559598282,91605.4918149,0.348313559598282
LEO,2023-09-11,3.82259412505732,3.83573005206156,3.652770546826,3.66564254797091,823055.488015513,221389.039152853,0.8230554880155131
LEO,2023-09-12,3.66564254797091,3.69652373624666,3.65138453810629,3.66179895692796,641755.985573773,175023.840969452,0.641755985573773
LEO,2023-09-13,3.66179895692796,3.67682635191487,3.63531854032386,3.66143205964382,400717.61700924,109575.270665582,0.40071761700924
LEO,2023-09-14,3.66143205964382,3.66214813809589,3.60460739134036,3.61601984147307,471886.103088811,129946.040627309,0.47188610308881096
LEO,2023-09-15,3.61601984147307,3.6721286557271,3.58968832809721,3.6383395255601,509643.910559309,139900.020837721,0.509643910559309
LEO,2023-09-16,3.6383395255601,3.64628490827318,3.58539092740033,3.60986871488183,485245.430695357,134247.192660633,0.48524543069535697
LEO,2023-09-17,3.60986871488183,3.65323450987359,3.58046227525992,3.611542182145,642237.685619748,177104.416217429,0.6422376856197479
LEO,2023-09-18,3.611542182145,3.65313359858941,3.60187465638244,3.63483726789342,620640.581511129,171098.872144406,0.620640581511129
LEO,2023-09-19,3.63483726789342,3.70179270375347,3.62704109130071,3.68206020951025,542402.690785911,148390.785222228,0.5424026907859111
LEO,2023-09-20,3.68206020951025,3.73309417692388,3.66943051197123,3.71704836825877,414158.061576487,111852.047021838,0.414158061576487
LEO,2023-09-21,3.71704836825877,3.75887179979603,3.64884966748365,3.73569302646726,410775.136528232,109774.697418388,0.410775136528232
LEO,2023-09-22,3.73569302646726,3.76083817872794,3.69429917521372,3.70317684870074,329977.229767351,88499.4998015847,0.329977229767351
LEO,2023-09-23,3.70317684870074,3.7484511001397,3.62379075711076,3.72238180590035,293677.40842229,78913.8609417309,0.29367740842229
LEO,2023-09-24,3.72238180590035,3.75433831881647,3.67752164820769,3.70339457754283,742302.265028686,198901.417820793,0.742302265028686
LEO,2023-09-25,3.70339457754283,3.74861572931306,3.68709477072596,3.71276764259939,412459.3512718,111223.741145459,0.4124593512718
LEO,2023-09-26,3.71276764259939,3.76061194773224,3.63808448173623,3.64559232077777,684493.256262872,185653.674643136,0.684493256262872
LEO,2023-09-27,3.64559232077777,3.68328317135537,3.63798780138301,3.65231649978424,556784.73068316,152351.469085989,0.55678473068316
LEO,2023-09-28,3.65231649978424,3.65896585506055,3.60919039822802,3.61575037395237,425465.277939499,117011.572567665,0.425465277939499
LEO,2023-09-29,3.61575037395237,3.66323859290273,3.60658231035454,3.64279756363188,518024.082113691,142444.841215376,0.518024082113691
LEO,2023-09-30,3.64279756363188,3.66671114746235,3.59450637728199,3.6532794600303,388208.486244895,106292.197873809,0.38820848624489496
LEO,2023-10-01,3.6532794600303,3.66634898517272,3.62266248927647,3.66157426335303,500059.731199508,136961.540325259,0.500059731199508
LEO,2023-10-02,3.66157426335303,3.67596106360924,3.63803327645092,3.65031643218373,684881.833593609,186990.009096404,0.684881833593609
LEO,2023-10-03,3.65031643218373,3.69382102180382,3.638841752658,3.68629460835083,575544.040921734,156870.449331455,0.575544040921734
LEO,2023-10-04,3.68629460835083,3.81139204839916,3.6750144378105,3.7475682086296,533231.094294608,142073.067115891,0.533231094294608
LEO,2023-10-05,3.7475682086296,3.7630694738033,3.71449203306345,3.71564791392996,446563.613235459,119356.399876853,0.446563613235459
LEO,2023-10-06,3.71564791392996,3.79961122075301,3.69239850808349,3.79427552282253,394967.008342503,104504.705412554,0.394967008342503
LEO,2023-10-07,3.79427552282253,3.81457432401525,3.72830670325894,3.78351270382235,271726.17775784,72093.8856002165,0.27172617775784
LEO,2023-10-08,3.78351270382235,3.83065138147231,3.71222473330612,3.719593694146,676098.16887015,179440.87660405,0.67609816887015
LEO,2023-10-09,3.719593694146,3.75814368076694,3.66367154349866,3.6839164238157,629746.889105191,169489.613994276,0.6297468891051909
LEO,2023-10-10,3.6839164238157,3.70169699137002,3.66208396392844,3.6998925493485,443579.672584692,120468.851241808,0.443579672584692
LEO,2023-10-11,3.6998925493485,3.7178045245066,3.68421060965125,3.70045920593393,392870.715171911,106020.30256027,0.392870715171911
LEO,2023-10-12,3.70045920593393,3.71610012528385,3.64504805079072,3.69184913561742,560545.403365088,152021.312523057,0.5605454033650881
LEO,2023-10-13,3.69184913561742,3.7224620257182,3.68510143002218,3.71137249680744,415073.026789216,112123.83437667,0.415073026789216
LEO,2023-10-14,3.71137249680744,3.75633247153673,3.70002926312382,3.71765890808903,364971.711984468,97815.0439401385,0.364971711984468
LEO,2023-10-15,3.71765890808903,3.80030833265743,3.70639380856586,3.79340411034998,369746.853169801,98482.6873196669,0.369746853169801
LEO,2023-10-16,3.79340411034998,3.81053236277727,3.67594551244929,3.69536768934537,896823.949580286,240146.610897125,0.896823949580286
LEO,2023-10-17,3.69536768934537,3.70210688528185,3.66623530089075,3.69480074266032,445818.052592103,121019.46447426,0.445818052592103
LEO,2023-10-18,3.69480074266032,3.74748239359282,3.67142441966529,3.72974127452673,465574.984587824,125660.982084482,0.465574984587824
LEO,2023-10-19,3.72974127452673,4.3647823283248,3.71065246265855,3.93780304302957,1741057.81208303,433281.184296753,1.7410578120830298
LEO,2023-10-20,3.93780304302957,3.97304419693964,3.79137674498436,3.85026705625005,754355.751904993,193734.88564379,0.7543557519049929
LEO,2023-10-21,3.85026705625005,3.90134383321801,3.84013148662878,3.88717422940547,482044.78878798,124285.409990303,0.48204478878797996
LEO,2023-10-22,3.88717422940547,3.89996252424102,3.85000545079664,3.88057025704268,424480.490023334,109610.858536246,0.424480490023334
LEO,2023-10-23,3.88057025704268,3.94618034740684,3.84020741400818,3.84409411349369,831237.99053731,214635.192502158,0.8312379905373101
LEO,2023-10-24,3.84409411349369,3.88480746456832,3.83521738134394,3.86469685446107,1048071.11526227,271741.435471929,1.04807111526227
LEO,2023-10-25,3.86469685446107,4.02542076244271,3.85666573834404,3.99982941706928,785160.087323974,200905.280726469,0.785160087323974
LEO,2023-10-26,3.99982941706928,4.01260872469098,3.9039936699776,3.95388034895915,945048.550076924,239628.089595559,0.945048550076924
LEO,2023-10-27,3.95388034895915,3.96421104579872,3.91024447126114,3.9349818533961,583092.462300261,148380.597833453,0.583092462300261
LEO,2023-10-28,3.9349818533961,3.95274917536443,3.90567737568247,3.9309388064135,506945.003536036,129070.432448053,0.506945003536036
LEO,2023-10-29,3.9309388064135,3.96550843158525,3.91057107112966,3.9378294157236,406452.762823866,103018.861361964,0.406452762823866
LEO,2023-10-30,3.9378294157236,3.95429819281469,3.89329182129218,3.91187035288907,527123.293444013,134138.021003916,0.527123293444013
LEO,2023-10-31,3.91187035288907,3.96213863867527,3.89944072499982,3.93789524806219,575921.464881795,145966.575095708,0.575921464881795
LEO,2023-11-01,3.93789524806219,3.96550077261895,3.87017074578564,3.87933107919877,833438.962940094,211728.736736176,0.8334389629400939
LEO,2023-11-02,3.87933107919877,3.94476685901467,3.87702722980123,3.94457147038698,1362045.95299944,349415.475652599,1.36204595299944
LEO,2023-11-03,3.94457147038698,3.96890339273865,3.92924197648509,3.94251503489277,840092.985902928,212767.41832015,0.840092985902928
LEO,2023-11-04,3.94251503489277,3.97431904388786,3.92228707212958,3.95096450550882,698138.305505116,176565.588725265,0.698138305505116
LEO,2023-11-05,3.95096450550882,3.95956577178945,3.92082217828073,3.95274417351495,629662.30977054,159821.462997461,0.6296623097705399
LEO,2023-11-06,3.95274417351495,3.96034131982663,3.91612940401571,3.93592773305492,755117.966949632,191490.541845742,0.7551179669496321
LEO,2023-11-07,3.93592773305492,3.98048608146247,3.92758133372409,3.96632294953582,868396.688798632,219527.576646981,0.868396688798632
LEO,2023-11-08,3.96632294953582,4.07472056845144,3.96304054724224,4.02627686163894,998839.459293786,247236.761986731,0.9988394592937859
LEO,2023-11-09,4.02627686163894,4.0710606578712,4.00878878831767,4.06043707512065,1221399.38272511,301457.490672181,1.22139938272511
LEO,2023-11-10,4.06043707512065,4.08428728833805,4.01191234417188,4.07818223207809,1382409.74289548,340605.745463229,1.38240974289548
LEO,2023-11-11,4.07818223207809,4.10312599223176,4.06470756908579,4.08034600167725,1024216.53861408,251129.096746012,1.02421653861408
LEO,2023-11-12,4.08034600167725,4.17630995688301,4.05629917945054,4.15859095642976,992224.377058615,241532.478435848,0.992224377058615
LEO,2023-11-13,4.15859095642976,4.16647724026817,4.0634217024083,4.09475113262356,1091336.57617033,265615.090694675,1.09133657617033
LEO,2023-11-14,4.09475113262356,4.11551236482889,4.03245835741778,4.08184776671122,1158746.51257626,283977.879932906,1.15874651257626
LEO,2023-11-15,4.08184776671122,4.11019912704722,4.00788135474924,4.08741610760455,1250372.08262187,307665.830309059,1.25037208262187
LEO,2023-11-16,4.08741610760455,4.15896592561131,4.05587369791678,4.13764220513504,283008.550124013,69513.0392352075,0.283008550124013
LEO,2023-11-17,4.13764220513504,4.20477571906949,4.10717026043182,4.15750649007307,255599.645516191,61783.9580239094,0.255599645516191
LEO,2023-11-18,4.15750649007307,4.25602579349554,4.13853318263776,4.17637980127753,333640.161179825,80389.7534796492,0.33364016117982503
LEO,2023-11-19,4.17637980127753,4.20093263438605,4.1082234689298,4.11516424864254,334166.384688967,80747.0377361153,0.33416638468896703
LEO,2023-11-20,4.11516424864254,4.1620997032909,3.9178691784781,4.02400702419025,741961.441245695,184232.707046636,0.741961441245695
LEO,2023-11-21,4.02400702419025,4.08702904612812,4.00004903578118,4.0208012127762,410685.177290418,101895.299149004,0.41068517729041804
LEO,2023-11-22,4.0208012127762,4.20272656373717,4.01247491704583,4.19854078511756,328951.787970787,80479.426030594,0.32895178797078695
LEO,2023-11-23,4.19854078511756,4.26356093087287,4.14314087498834,4.15886784990643,265927.373322936,63950.7744752857,0.26592737332293603
LEO,2023-11-24,4.15886784990643,4.20252421172863,4.07662301856475,4.1412222041188,416042.393081174,101273.327934989,0.416042393081174
LEO,2023-11-25,4.1412222041188,4.16594545768767,3.94365708154264,3.96856789888774,538799.660375011,134358.090495164,0.538799660375011
LEO,2023-11-26,3.96856789888774,4.003430596265,3.94786152461838,3.9694659844046,315596.480437073,79496.1049157968,0.315596480437073
LEO,2023-11-27,3.9694659844046,3.99001886336465,3.89530618253728,3.9596163297142,480688.213280611,121650.60727401,0.48068821328061095
LEO,2023-11-28,3.9596163297142,3.96820351730578,3.86380808864306,3.90520406659859,562410.409558614,144198.298780611,0.562410409558614
LEO,2023-11-29,3.90520406659859,3.98341886705249,3.8440345633234,3.94180608375845,754091.688109272,193508.470408249,0.7540916881092721
LEO,2023-11-30,3.94180608375845,3.97486840655631,3.92914410524197,3.94981271123182,305512.891023605,77429.4999669867,0.305512891023605
LEO,2023-12-01,3.94981271123182,3.96856609251712,3.9264143856357,3.94887561180982,334493.732567053,84727.6215473805,0.334493732567053
LEO,2023-12-02,3.94887561180982,3.99785324115825,3.88154440615644,3.88298751527034,381757.915846598,97037.3220734426,0.38175791584659796
LEO,2023-12-03,3.88298751527034,3.90192890505476,3.62399274941429,3.69131398911763,1521554.05375637,407253.44035742,1.5215540537563699
LEO,2023-12-04,3.69131398911763,3.77266230196639,3.68176143177621,3.75776754264756,537431.211072512,144171.700087542,0.537431211072512
LEO,2023-12-05,3.75776754264756,3.77704803497793,3.68776991656394,3.73582543556202,430557.667330223,115182.605552352,0.430557667330223
LEO,2023-12-06,3.73582543556202,3.82214727342744,3.73582543556202,3.81211872360612,438701.600347621,116386.423385373,0.438701600347621
LEO,2023-12-07,3.81211872360612,3.84192907051359,3.7542269141677,3.82740775720709,518596.38258831,136322.0787974,0.51859638258831
LEO,2023-12-08,3.82740775720709,3.84388452034911,3.73390359378971,3.78093338710155,831097.567520496,220044.560977298,0.831097567520496
LEO,2023-12-09,3.78093338710155,3.81040850099204,3.77376449938613,3.79219792853187,409855.718741044,108063.124382276,0.409855718741044
LEO,2023-12-10,3.79219792853187,3.81283815643567,3.78487803988346,3.79890740102112,286507.212380681,75428.10216442,0.286507212380681
LEO,2023-12-11,3.79890740102112,3.93594609885804,3.79045836525969,3.9239903235348,734435.466221977,190774.470889168,0.734435466221977
LEO,2023-12-12,3.9239903235348,3.94971827600251,3.66251958409194,3.72757785543647,1357691.2898412,359221.370609483,1.3576912898412
LEO,2023-12-13,3.72757785543647,3.75687536129698,3.63199050460038,3.68309986610283,1446560.86674961,393182.294325277,1.4465608667496102
LEO,2023-12-14,3.68309986610283,3.70158138228186,3.61413548732382,3.66611512351314,1208151.49898538,330234.881290825,1.2081514989853799
LEO,2023-12-15,3.66611512351314,3.70065643538676,3.65315058965827,3.69729285167983,389900.576428724,106051.100586648,0.389900576428724
LEO,2023-12-16,3.69729285167983,3.80977029662423,3.68706146001912,3.72988392401916,455866.400498878,122234.374384693,0.455866400498878
LEO,2023-12-17,3.72988392401916,3.74369887936422,3.68784975825277,3.72418650950119,395153.550949381,105984.232163324,0.39515355094938104
LEO,2023-12-18,3.72418650950119,3.7542382160425,3.67738872187167,3.72912197832551,523399.052497657,140116.562023961,0.5233990524976571
LEO,2023-12-19,3.72912197832551,3.80333944330518,3.68169643912583,3.78617836514762,533661.12399842,140915.569193227,0.5336611239984199
LEO,2023-12-20,3.78617836514762,3.90958359947695,3.76383545071663,3.88565025961076,586629.890243254,152655.684241422,0.5866298902432541
LEO,2023-12-21,3.88565025961076,3.90428073642534,3.78037954970229,3.8440256743564,612892.282603084,159547.260609881,0.612892282603084
LEO,2023-12-22,3.8440256743564,3.91673271437265,3.83046225999897,3.90137524435373,518972.926052165,133545.966475213,0.5189729260521649
LEO,2023-12-23,3.90137524435373,3.95097225109788,3.77330003093626,3.93758629847878,859178.760119579,221466.845666562,0.859178760119579
LEO,2023-12-24,3.93758629847878,3.96724904605936,3.83432000129263,3.93575654218382,895468.067434073,229213.552808479,0.8954680674340729
LEO,2023-12-25,3.93575654218382,3.959512013185,3.86238741886284,3.93013309061573,762490.309205663,194924.975918313,0.7624903092056631
LEO,2023-12-26,3.93013309061573,3.95464995885778,3.86154452495968,3.93423696957868,1015209.9921761,258893.427008251,1.0152099921761
LEO,2023-12-27,3.93423696957868,3.95505952130459,3.86328452860103,3.93439118332539,864919.260356179,221140.485408362,0.8649192603561789
LEO,2023-12-28,3.93439118332539,3.96245156335409,3.87620782058304,3.90951424788394,749489.605735078,191442.356463518,0.749489605735078
LEO,2023-12-29,3.90951424788394,3.95106559765611,3.87982542991724,3.94072153092724,917241.386815264,233660.844602614,0.917241386815264
LEO,2023-12-30,3.94072153092724,3.96478048360028,3.88825000054682,3.948719900244,762918.720096361,194371.039720221,0.762918720096361
LEO,2023-12-31,3.948719900244,3.96340761656656,3.88351951359143,3.92923849911419,733117.127191572,186625.776796794,0.733117127191572
LEO,2024-01-01,3.92923849911419,3.96249489705264,3.88589455211594,3.94732977528705,908045.026970329,231018.492324756,0.908045026970329
LEO,2024-01-02,3.94732977528705,3.96746753998766,3.89003670310751,3.90889794466881,453798.109365904,115847.276643301,0.453798109365904
LEO,2024-01-03,3.90889794466881,4.01771908076387,3.88543506041077,4.00054646030805,1113860.02804614,280868.72536042,1.11386002804614
LEO,2024-01-04,4.00054646030805,4.0378058058452,3.91580554838569,3.94405903796374,711419.149115208,178100.910547464,0.711419149115208
LEO,2024-01-05,3.94405903796374,3.99851034866966,3.91316320758832,3.97100483162957,450347.455211366,113559.721436038,0.450347455211366
LEO,2024-01-06,3.97100483162957,4.00102670771363,3.91438827060465,3.94998032428493,579936.413075037,145539.550874888,0.579936413075037
LEO,2024-01-07,3.94998032428493,3.99591440044739,3.89557445440858,3.92979772430542,525390.743186586,132663.499378042,0.525390743186586
LEO,2024-01-08,3.92979772430542,4.01734549282109,3.80980564730765,3.9936647162415,872259.172909077,222871.439345162,0.8722591729090771
LEO,2024-01-09,3.9936647162415,4.01669861200701,3.94872563692103,3.98085111449667,541839.006918913,136174.562671279,0.541839006918913
LEO,2024-01-10,3.98085111449667,4.08111379211443,3.94645738141686,4.07284219778776,709055.356647306,176668.649097845,0.709055356647306
LEO,2024-01-11,4.07284219778776,4.08038214245316,3.94849916253235,4.05078089660926,680755.864570993,169467.806729144,0.680755864570993
LEO,2024-01-12,4.05078089660926,4.05997185135833,4.00138357900943,4.04567154487416,583974.27135231,145133.425691758,0.58397427135231
LEO,2024-01-13,4.04567154487416,4.04583877025292,4.00389078545644,4.02113921071501,303951.466781594,75623.9616716744,0.30395146678159396
LEO,2024-01-14,4.02113921071501,4.04482681371132,4.00581474689228,4.03153690451879,459330.86986401,113900.261928611,0.45933086986401
LEO,2024-01-15,4.03153690451879,4.04294834291426,3.96915511468331,3.99775176601616,463853.966628698,116030.667648344,0.463853966628698
LEO,2024-01-16,3.99775176601616,4.01054100935691,3.93018321145923,3.93841375977087,315088.745589423,79284.733192582,0.315088745589423
LEO,2024-01-17,3.93841375977087,3.9723127307368,3.92442589047057,3.95257941599474,348721.380640484,88133.7274221897,0.34872138064048397
LEO,2024-01-18,3.95257941599474,3.97245664656849,3.9317004523777,3.94806471623068,367120.669161653,92784.1554780284,0.367120669161653
LEO,2024-01-19,3.94806471623068,3.97156984451534,3.91806532688839,3.95361352158392,379754.193645425,96105.3360893634,0.379754193645425
LEO,2024-01-20,3.95361352158392,3.97098078975341,3.93154071793995,3.95944031384614,383813.126104796,96942.7413762405,0.383813126104796
LEO,2024-01-21,3.95944031384614,4.04942942345451,3.90421827246059,3.95599963934089,304517.480122578,77046.1623410757,0.30451748012257795
LEO,2024-01-22,3.95599963934089,4.01611694668198,3.9181090523656,3.96278201463092,378171.456607434,95469.7408603056,0.378171456607434
LEO,2024-01-23,3.96278201463092,3.98992900283535,3.89632160411768,3.98620839475838,482327.854548594,122122.712462909,0.482327854548594
LEO,2024-01-24,3.98620839475838,4.02605059779192,3.95493992538426,4.01854830156964,482557.944292312,120900.34632841,0.482557944292312
LEO,2024-01-25,4.01854830156964,4.03025967552924,3.91813062467448,3.96628112594391,592926.914658663,148208.477336299,0.592926914658663
LEO,2024-01-26,3.96628112594391,3.98248598008876,3.90515395923218,3.92958804243539,502189.837059887,127162.134678581,0.502189837059887
LEO,2024-01-27,3.92958804243539,3.97902643465038,3.89889881249383,3.9412952559853,548734.512448188,138991.032303925,0.548734512448188
LEO,2024-01-28,3.9412952559853,4.0051477106304,3.91597551134085,3.94004099330808,673358.44512073,169848.006688452,0.67335844512073
LEO,2024-01-29,3.94004099330808,3.9997724820309,3.8987166806198,3.94365508746107,1204220.87236291,304398.697884351,1.20422087236291
LEO,2024-01-30,3.94365508746107,3.95657995403893,3.76266624093547,3.87875455688324,1680485.12815536,437841.399493675,1.68048512815536
LEO,2024-01-31,3.87875455688324,3.96779213968716,3.87178943977145,3.8950690533972,600731.771973761,154496.462379536,0.600731771973761
LEO,2024-02-01,3.8950690533972,3.92250675461492,3.86308288428976,3.90218040826909,599670.142543015,153735.461962781,0.599670142543015
LEO,2024-02-02,3.90218040826909,4.02356927838704,3.88954071999362,4.01238597545086,463639.826694224,117481.225441879,0.463639826694224
LEO,2024-02-03,4.01238597545086,4.03633186454202,3.99421720805708,4.01393996016808,3611344.85359777,901575.822351092,3.61134485359777
LEO,2024-02-04,4.01393996016808,4.03197983587595,3.97978534970024,4.00320490971963,807021.296501307,201139.146178485,0.807021296501307
LEO,2024-02-05,4.00320490971963,4.08516942723684,3.99676642037669,4.03666023695125,1323862.23752608,326916.460814093,1.32386223752608
LEO,2024-02-06,4.03666023695125,4.09122551885495,4.03459218636792,4.08433520309892,913220.191258071,225016.750602013,0.913220191258071
LEO,2024-02-07,4.08433520309892,4.0879294253353,4.00129068738463,4.06840504220115,1175823.82811314,290846.969672137,1.1758238281131401
LEO,2024-02-08,4.06840504220115,4.09187539563854,4.04983821276192,4.0764731336686,1244733.16233038,305783.350405606,1.24473316233038
LEO,2024-02-09,4.0764731336686,4.10299820191198,4.04084752900219,4.06452716920263,1544493.30067774,378877.56021627,1.54449330067774
LEO,2024-02-10,4.06452716920263,4.14325251480562,4.05322727295434,4.13049097400681,1370941.02193914,335698.676763196,1.37094102193914
LEO,2024-02-11,4.13049097400681,4.14673781229339,4.06555970464288,4.10157255575819,1508307.20186225,367295.977781644,1.50830720186225
LEO,2024-02-12,4.10157255575819,4.14400977115716,4.05281988848719,4.12465024011405,2330166.74376491,567147.301019502,2.33016674376491
LEO,2024-02-13,4.12465024011405,4.14835879602481,4.05506298927733,4.12441602701707,2063846.54239357,503109.653697533,2.06384654239357
LEO,2024-02-14,4.12441602701707,4.1475643792951,4.09417805421498,4.13075974494761,1445519.65798884,351072.319767673,1.44551965798884
LEO,2024-02-15,4.13075974494761,4.17181255694345,4.07442524965404,4.14510480496245,1673775.81191046,405315.632891909,1.67377581191046
LEO,2024-02-16,4.14510480496245,4.18517004219801,4.03929449534265,4.09365005413272,1725163.4826574,419859.168022488,1.7251634826574
LEO,2024-02-17,4.09365005413272,4.14800438561778,4.03588670523212,4.12534606271327,1267640.31608463,308917.798734881,1.2676403160846301
LEO,2024-02-18,4.12534606271327,4.14853089250745,4.07783081201949,4.10068514048932,1091173.5462506,264738.435022633,1.0911735462505998
LEO,2024-02-19,4.10068514048932,4.14058328044797,4.07214654240468,4.09315090962212,1327547.45229713,323319.917345055,1.32754745229713
LEO,2024-02-20,4.09315090962212,4.2884394864036,4.06974429111137,4.25205147898645,1851232.67503846,442992.656894389,1.85123267503846
LEO,2024-02-21,4.25205147898645,4.37783899836346,4.08232989276627,4.13338863563391,2232662.28708684,524549.522922908,2.23266228708684
LEO,2024-02-22,4.13338863563391,4.22458175374519,4.10642306671872,4.14756261907058,1755241.75133603,421366.869941314,1.7552417513360299
LEO,2024-02-23,4.14756261907058,4.20459134160038,4.08652795253898,4.12501761005836,1596209.78454972,386140.645583536,1.5962097845497198
LEO,2024-02-24,4.12501761005836,4.21606286316149,4.08858640097617,4.20945191143885,1272378.77296335,306363.859749741,1.27237877296335
LEO,2024-02-25,4.20945191143885,4.25653799582303,4.11208275023,4.24438450095889,1143336.62119151,271304.112909406,1.14333662119151
LEO,2024-02-26,4.24438450095889,4.30733081090581,4.09557588403993,4.29716060581733,1543501.08334913,367747.86750858,1.54350108334913
LEO,2024-02-27,4.29716060581733,4.38673128008894,4.27409096717679,4.34222499201446,2321417.22626453,534986.441406461,2.32141722626453
LEO,2024-02-28,4.34222499201446,4.59414840599601,4.18959550011109,4.24135363199494,4307651.16938322,983802.177730473,4.30765116938322
LEO,2024-02-29,4.24135363199494,4.78340482124521,4.22670276714017,4.74786163036649,4046136.78346918,910216.910722204,4.04613678346918
LEO,2024-03-01,4.74786163036649,4.86435897805917,4.67209595961043,4.768682794482,2802482.90437523,588748.674437709,2.80248290437523
LEO,2024-03-02,4.768682794482,4.82921903798695,4.69852624754549,4.78125773505472,2538157.46897532,531662.358621311,2.53815746897532
LEO,2024-03-03,4.78125773505472,4.83494927011134,4.71308459045619,4.78068615407438,2759050.57959603,578835.500019285,2.75905057959603
LEO,2024-03-04,4.78068615407438,4.89875150694083,4.7437036230275,4.83738385929353,2734301.5913287,567136.458796969,2.7343015913287
LEO,2024-03-05,4.83738385929353,5.35850620242978,4.81811234650645,5.33268680430823,4446039.71543246,872472.479035995,4.446039715432461
LEO,2024-03-06,5.33268680430823,6.00361479516945,5.18612154197248,5.43284853527599,5154796.92926657,922193.878035188,5.1547969292665705
LEO,2024-03-07,5.43284853527599,5.73162400188692,5.33803078379672,5.56294263862542,3551607.62261314,646262.604020693,3.55160762261314
LEO,2024-03-08,5.56294263862542,5.93317874168827,5.53981581445921,5.82847513363034,2992301.14989677,517799.836366074,2.99230114989677
LEO,2024-03-09,5.82847513363034,5.95090223461472,5.54413072504269,5.65410165732174,3019841.48358387,523755.077747448,3.01984148358387
LEO,2024-03-10,5.65410165732174,5.72826924131791,5.61451796522192,5.68737732721799,2118157.90837172,373145.420093401,2.11815790837172
LEO,2024-03-11,5.68737732721799,5.86834830298729,5.66324266271255,5.83996177609314,3678296.29396854,639313.87016254,3.67829629396854
LEO,2024-03-12,5.83996177609314,5.95642245729181,5.79123815393236,5.89015512654598,3847954.66457543,656406.4056972,3.84795466457543
LEO,2024-03-13,5.89015512654598,6.01873564962635,5.87061933573842,5.98248934706347,3529640.40971633,593509.805832447,3.52964040971633
LEO,2024-03-14,5.98248934706347,6.00482178413749,5.80324016591565,5.96382985105324,3518800.00012286,591117.094050109,3.51880000012286
LEO,2024-03-15,5.96382985105324,6.09599525337313,5.93506473187859,6.05851332945636,3916385.0582894,650358.135300304,3.9163850582894
LEO,2024-03-16,6.05851332945636,6.08518257841562,5.99531208815502,6.04532865295229,2896662.9014566,478759.359532154,2.8966629014566
LEO,2024-03-17,6.04532865295229,6.13987024429279,5.99723732570299,6.1334852901182,2915659.47336457,481137.634889753,2.91565947336457
LEO,2024-03-18,6.1334852901182,6.19868386479353,6.10834973812123,6.15220377044924,600482.758950615,97769.2898950286,0.600482758950615
LEO,2024-03-19,6.15220377044924,6.18331127312917,5.77746561112871,6.15862640945633,1012801.55780132,167343.460714024,1.01280155780132
LEO,2024-03-20,6.15862640945633,6.17697282311777,5.7492656864226,6.15124931368752,1460807.31421521,242613.450079279,1.46080731421521
LEO,2024-03-21,6.15124931368752,6.17282658254584,5.99819731288441,6.08086112614308,856772.361548434,140978.978882392,0.8567723615484341
LEO,2024-03-22,6.08086112614308,6.0950662084492,5.8806190514408,6.01784835788572,647838.560834354,107772.29548989,0.647838560834354
LEO,2024-03-23,6.01784835788572,6.06380670512451,6.00271997948977,6.0156301330097,544728.106283494,90406.3959927214,0.544728106283494
LEO,2024-03-24,6.0156301330097,6.05863164312293,5.91588359897168,6.03150951433236,596214.485363737,99371.3361714618,0.596214485363737
LEO,2024-03-25,6.03150951433236,6.07751710074069,5.99559651558872,6.05562555619971,617590.245409284,102366.605021602,0.617590245409284
LEO,2024-03-26,6.05562555619971,6.07448935519787,6.01286563230012,6.03206950904616,577901.530706838,95631.5591405195,0.577901530706838
LEO,2024-03-27,6.03206950904616,6.06100598865007,6.00634437219476,6.0315446522488,548939.379339361,91023.83659165,0.548939379339361
LEO,2024-03-28,6.0315446522488,6.06575846559236,5.99430789889462,6.04698053986687,636085.16698031,105520.699212052,0.63608516698031
LEO,2024-03-29,6.04698053986687,6.06378494127931,5.98355127069241,6.05090044918267,604411.884571545,100269.684729314,0.6044118845715449
LEO,2024-03-30,6.05090044918267,6.05382743106101,5.98627362911174,6.01659653150127,434392.451823902,72212.6925177305,0.434392451823902
LEO,2024-03-31,6.01659653150127,6.04405194408566,5.823458100921,6.01012263143896,1693695.7073388,284962.015745607,1.6936957073388
LEO,2024-04-01,6.01012263143896,6.08213594927212,5.9825712985462,6.04682589046763,955777.299248305,158168.352924849,0.955777299248305
LEO,2024-04-02,6.04682589046763,6.06793427822321,5.90341118021057,6.02179072864244,1504793.18343745,251316.515054032,1.5047931834374502
LEO,2024-04-03,6.02179072864244,6.06763642452812,5.82373956298887,5.83542339176453,1512322.96103528,253944.375956112,1.51232296103528
LEO,2024-04-04,5.83542339176453,5.99316714371465,5.58695065588302,5.58824605359027,1740178.04003559,297515.955362286,1.74017804003559
LEO,2024-04-05,5.58824605359027,5.90550143355405,5.56475706625574,5.78961352181842,1389562.90201809,242513.356603428,1.38956290201809
LEO,2024-04-06,5.78961352181842,5.80876117317485,5.75856879865617,5.78154639585589,824209.02564027,142810.021044638,0.82420902564027
LEO,2024-04-07,5.78154639585589,5.82534297982137,5.76336218231172,5.78734415658881,703190.237839903,121580.606654109,0.703190237839903
LEO,2024-04-08,5.78734415658881,5.8992266222683,5.78437766143729,5.85396542997032,1220880.95359162,209181.333343294,1.22088095359162
LEO,2024-04-09,5.85396542997032,5.91516853091847,5.78352965506113,5.81455385997469,1159165.00394895,198877.997895914,1.15916500394895
LEO,2024-04-10,5.81455385997469,5.97912460932884,5.80708309701052,5.91928007745967,1057367.44723544,179725.092659011,1.05736744723544
LEO,2024-04-11,5.91928007745967,5.96123050116741,5.77808329177209,5.78513031472088,1061358.0300548,181054.752713082,1.0613580300548
LEO,2024-04-12,5.78513031472088,5.82637318291522,5.71172983965558,5.75081052768673,1021693.80002747,176854.547679363,1.02169380002747
LEO,2024-04-13,5.75081052768673,5.84844045642303,5.73098191785797,5.79792825438822,828636.93819929,143409.185089933,0.82863693819929
LEO,2024-04-14,5.79792825438822,5.96251862555191,5.76996632669578,5.93998199328778,643546.781284568,109785.766908483,0.643546781284568
LEO,2024-04-15,5.93998199328778,6.0092831571494,5.81077252517948,5.89961259650201,2168862.34569045,366152.166894517,2.1688623456904503
LEO,2024-04-16,5.89961259650201,5.92156287898179,5.80108438465575,5.8634798258541,1591568.24539457,271334.092286144,1.59156824539457
LEO,2024-04-17,5.8634798258541,5.88016905887784,5.78194641580173,5.83132440445494,1445712.34542774,252583.602645714,1.4457123454277399
LEO,2024-04-18,5.83132440445494,5.94531131462441,5.81337178288308,5.85804297032414,1684939.2353677,287288.577341824,1.6849392353677
LEO,2024-04-19,5.85804297032414,5.87822011325477,5.75907134470647,5.80319466752408,1315348.35901756,225676.296125066,1.31534835901756
LEO,2024-04-20,5.80319466752408,5.84546129451374,5.73415466228037,5.75220267126496,1021829.6364734,177290.76043902,1.0218296364734
LEO,2024-04-21,5.75220267126496,5.79646021001888,5.72027206166425,5.7592858683996,857921.506115928,149152.042572503,0.857921506115928
LEO,2024-04-22,5.7592858683996,5.78780383709487,5.71932287860839,5.76215630754733,1171941.04853524,203924.479222064,1.1719410485352402
LEO,2024-04-23,5.76215630754733,5.77455877563431,5.72871812662938,5.74499490426399,954449.653367773,166106.955088641,0.9544496533677731
LEO,2024-04-24,5.74499490426399,5.7861376074097,5.70297100154439,5.77031795203864,1128869.26948325,196514.889903682,1.12886926948325
LEO,2024-04-25,5.77031795203864,5.90507411844574,5.72087860693231,5.82371199530815,1782892.63191916,307345.463468937,1.78289263191916
LEO,2024-04-26,5.82371199530815,5.93556403401208,5.73356899920242,5.74906104408255,881104.443240048,151550.925458667,0.881104443240048
LEO,2024-04-27,5.74906104408255,5.91505299958394,5.73887511523031,5.85465633591263,689654.726987273,118791.852485177,0.6896547269872729
LEO,2024-04-28,5.85465633591263,5.88651901753482,5.73219743150653,5.75806818335533,525958.088608761,90718.7812482192,0.5259580886087609
LEO,2024-04-29,5.75806818335533,5.88273574581789,5.70603376997935,5.86194099105617,1241161.10364723,214856.660886383,1.2411611036472299
LEO,2024-04-30,5.86194099105617,5.87557283750491,5.75320782352515,5.84416789218575,1134578.60832003,194827.583113606,1.13457860832003
LEO,2024-05-01,5.84416789218575,5.89474698240238,5.76593871896278,5.8594303593269,1196180.65692833,204633.198735141,1.19618065692833
LEO,2024-05-02,5.8594303593269,5.95651397273593,5.76401507403153,5.94546980764044,1121053.0163869,190965.966141478,1.1210530163869001
LEO,2024-05-03,5.94546980764044,5.98280146598231,5.75683090488296,5.84536484311233,2062439.08185972,352631.241645998,2.06243908185972
LEO,2024-05-04,5.84536484311233,5.90232447260949,5.76264108075532,5.7975989507042,866164.94954379,148980.87807,0.86616494954379
LEO,2024-05-05,5.7975989507042,6.21190769323663,5.47122288819724,5.82272030286738,973367.140440365,167746.331195163,0.973367140440365
LEO,2024-05-06,5.82272030286738,5.94704908510226,5.73777950639021,5.80420326017433,1592757.28475252,274966.128493956,1.59275728475252
LEO,2024-05-07,5.80420326017433,6.03415361536705,5.5061351624556,5.84677416465417,1964931.58010838,338858.93848405,1.96493158010838
LEO,2024-05-08,5.84677416465417,5.94027913507186,5.83868300779081,5.91503162634851,866781.361426074,147764.442237448,0.8667813614260741
LEO,2024-05-09,5.91503162634851,5.97506578370089,5.74623523529949,5.84739905689972,1495714.4154104,255767.285976171,1.4957144154103998
LEO,2024-05-10,5.84739905689972,5.96301035531525,5.84101411083767,5.90411565973059,659010.579705826,111500.870974866,0.659010579705826
LEO,2024-05-11,5.90411565973059,5.97104416485519,5.80437282825244,5.91756164930445,1581426.00944455,267953.944932618,1.5814260094445498
LEO,2024-05-12,5.91756164930445,5.96507343494313,5.84896991648388,5.88923859362971,453103.98648656,77046.440829448,0.45310398648656003
LEO,2024-05-13,5.88923859362971,5.97558448513494,5.80298771773815,5.90121851380158,1009345.0820162,170957.903241496,1.0093450820162
LEO,2024-05-14,5.90121851380158,5.95645205811928,5.85334336388808,5.93125667062864,1154254.63718841,195309.525500819,1.15425463718841
LEO,2024-05-15,5.93125667062864,5.98695570250085,5.90039631689847,5.93689934922435,800466.091914328,134926.509887239,0.800466091914328
LEO,2024-05-16,5.93689934922435,5.98666609102379,5.81483914823519,5.93359542918728,1378534.95106141,233339.562160522,1.37853495106141
LEO,2024-05-17,5.93359542918728,5.95430138082658,5.81399998812274,5.90413433442849,944168.573220085,160339.273302997,0.944168573220085
LEO,2024-05-18,5.90413433442849,5.91456289333867,5.8379140165166,5.90243709803624,610921.175304427,103828.265195973,0.610921175304427
LEO,2024-05-19,5.90243709803624,5.9152454987695,5.86989046314816,5.88975382783271,534893.716470891,90831.8133581819,0.534893716470891
LEO,2024-05-20,5.88975382783271,5.99077548088167,5.80085081822026,5.96932186254663,840959.120726427,142378.262698128,0.840959120726427
LEO,2024-05-21,5.96932186254663,6.01013849700012,5.92849115712991,5.97437549187487,878072.355168442,146839.424401332,0.878072355168442
LEO,2024-05-22,5.97437549187487,5.99483815142154,5.90413875782002,5.97221597467837,1605947.82188289,269362.512927768,1.60594782188289
LEO,2024-05-23,5.97221597467837,5.98934224070977,5.92588760966367,5.98086548234023,1295154.0238723,217150.374756215,1.2951540238723
LEO,2024-05-24,5.98086548234023,6.00861852869001,5.88954666761063,5.99703739034321,1449108.61365149,243254.342462414,1.4491086136514901
LEO,2024-05-25,5.99703739034321,6.01301079803103,5.93301991868462,5.97818757788453,966407.961948248,161663.604916121,0.966407961948248
LEO,2024-05-26,5.97818757788453,6.01315097741052,5.91748788552253,5.94741229439755,986886.239133554,165347.279299821,0.986886239133554
LEO,2024-05-27,5.94741229439755,5.99247492852282,5.75272335044802,5.94757158823505,2191403.11317955,371922.987294849,2.19140311317955
LEO,2024-05-28,5.94757158823505,5.99015342839615,5.82303609284056,5.97133022204385,1813215.31771693,305085.249411762,1.8132153177169301
LEO,2024-05-29,5.97133022204385,5.99096390576053,5.78841679722956,5.96571277602392,1260672.56140926,212995.424852644,1.26067256140926
LEO,2024-05-30,5.96571277602392,5.98748788547525,5.90119127538595,5.93755293794398,1124834.19504615,189193.142389742,1.1248341950461498
LEO,2024-05-31,5.93755293794398,5.98071207470848,5.76965714948632,5.93793612897452,1122870.6497273,190165.760589197,1.1228706497273
LEO,2024-06-01,5.93793612897452,5.98627183997472,5.89656516892007,5.92696492748869,573642.756691138,96554.8620847193,0.5736427566911381
LEO,2024-06-02,5.92696492748869,5.97087635831074,5.87928092833489,5.92783495453253,338131.602537891,57058.11178422,0.338131602537891
LEO,2024-06-03,5.92783495453253,5.99378723002376,5.90997819835466,5.98566284032491,605182.354722314,101613.201378738,0.6051823547223141
LEO,2024-06-04,5.98566284032491,6.03685390993413,5.91202841846802,5.95373944970956,592388.509373835,99156.9444820093,0.592388509373835
LEO,2024-06-05,5.95373944970956,6.04992198236268,5.89919828984202,5.99708171717908,856718.598463548,143675.605668831,0.856718598463548
LEO,2024-06-06,5.99708171717908,6.03361961583413,5.94843859391854,5.98010178602155,493871.202694876,82513.1940495221,0.493871202694876
LEO,2024-06-07,5.98010178602155,6.0324021791608,5.86169143548009,6.01976074370694,625438.056588593,104294.940982559,0.6254380565885931
LEO,2024-06-08,6.01976074370694,6.02216053094092,5.7592392338484,5.80140802046848,1049299.07938153,177756.472546742,1.04929907938153
LEO,2024-06-09,5.80140802046848,5.97890035865474,5.77224382837972,5.8815758859945,431537.912121137,74082.18218086,0.431537912121137
LEO,2024-06-10,5.8815758859945,6.001831575414,5.7779614766349,5.84724388920067,491844.338508365,84159.181301639,0.49184433850836495
LEO,2024-06-11,5.84724388920067,5.99572023265836,5.8113605780828,5.91922957816105,772576.224717433,131325.218113772,0.772576224717433
LEO,2024-06-12,5.91922957816105,5.99089767244367,5.83726261161281,5.90180737529529,719081.086654718,121708.70919183,0.719081086654718
LEO,2024-06-13,5.90180737529529,5.96637806113497,5.58114003608556,5.58587337208763,2119358.24063519,374312.544010826,2.11935824063519
LEO,2024-06-14,5.58587337208763,5.59875199275369,5.51605843394764,5.55176954145506,1629479.36618319,292981.495605071,1.62947936618319
LEO,2024-06-15,5.55176954145506,5.77178757870322,5.53652493249832,5.76340851057982,1394468.79607478,244947.437833502,1.39446879607478
LEO,2024-06-16,5.76340851057982,5.92722194159867,5.73905674571615,5.868981010973,880856.289841306,150560.483913741,0.880856289841306
LEO,2024-06-17,5.868981010973,5.95136965573969,5.58490968177427,5.74083734030532,1530404.89167739,266384.15517841,1.53040489167739
LEO,2024-06-18,5.74083734030532,5.76929942707376,5.59837441323636,5.73587075122577,2472108.13775352,433327.050799976,2.47210813775352
LEO,2024-06-19,5.73587075122577,5.7479217760964,5.67616795016137,5.71175037443623,653658.695969536,114544.127186535,0.653658695969536
LEO,2024-06-20,5.71175037443623,5.73126167776274,5.65377458402908,5.66969971389586,774572.473321761,136116.447962041,0.774572473321761
LEO,2024-06-21,5.66969971389586,5.78755829638687,5.55916819071922,5.72924463870728,4382031.38221198,771461.399109117,4.382031382211981
LEO,2024-06-22,5.72924463870728,5.75587009678644,5.52665100011171,5.74349531188432,2462972.86998083,433780.604629104,2.4629728699808298
LEO,2024-06-23,5.74349531188432,5.79609009640072,5.36083804103649,5.74996003274333,3813481.27561762,675350.556308321,3.81348127561762
LEO,2024-06-24,5.74996003274333,5.80020249506849,5.68738477402797,5.77121418040592,1489861.55843153,259921.366598925,1.48986155843153
LEO,2024-06-25,5.77121418040592,5.78982308509927,5.68948088369654,5.77457105131717,653520.217161426,113647.835199108,0.6535202171614259
LEO,2024-06-26,5.77457105131717,5.78321192513781,5.68317149715843,5.74008686939779,846207.222993551,147617.797295418,0.846207222993551
LEO,2024-06-27,5.74008686939779,5.79010781010148,5.65771968666167,5.76792754477573,4285985.88127661,748550.660465228,4.28598588127661
LEO,2024-06-28,5.76792754477573,5.78803698207409,5.69755051187512,5.74790552761952,891530.716505907,155757.562614382,0.891530716505907
LEO,2024-06-29,5.74790552761952,5.95415683706804,5.73858339716824,5.82164221767618,623995.8410115,106680.9261732,0.6239958410115
LEO,2024-06-30,5.82164221767618,5.90522569910819,5.74235708246551,5.82047455477399,380542.095140924,65349.639342027,0.38054209514092396
LEO,2024-07-01,5.82047455477399,5.85911355893889,5.78965508786098,5.80587931839518,444384.708390748,76349.4433726409,0.444384708390748
LEO,2024-07-02,5.80587931839518,5.81710605586925,5.71884807379366,5.78635287702015,620585.837292792,107591.904207281,0.620585837292792
LEO,2024-07-03,5.78635287702015,5.87958621752546,5.73319937669037,5.83384510998034,1196585.01010151,205890.66725787,1.19658501010151
LEO,2024-07-04,5.83384510998034,5.88276344036668,5.6974711272463,5.75529045154279,1414973.35214974,245293.196793577,1.41497335214974
LEO,2024-07-05,5.75529045154279,5.86599133364257,5.67508443084781,5.72362911924334,2274361.42275082,397436.276052339,2.27436142275082
LEO,2024-07-06,5.72362911924334,5.8166534506026,5.65997038117277,5.74191961923852,4490804.18301139,785591.488786424,4.49080418301139
LEO,2024-07-07,5.74191961923852,5.829974328056,5.66282738025512,5.7587198502034,4123304.98528212,722010.175087229,4.12330498528212
LEO,2024-07-08,5.7587198502034,5.83100587540874,5.6606811400227,5.75759313795338,510264.048500542,88894.0100670611,0.510264048500542
LEO,2024-07-09,5.75759313795338,5.87239713046822,5.71930745216938,5.85386707939521,1103023.35449438,188771.982309177,1.1030233544943802
LEO,2024-07-10,5.85386707939521,5.89381257364069,5.78633734407036,5.83679262708706,740175.654316208,126949.307166992,0.740175654316208
LEO,2024-07-11,5.83679262708706,5.84998276815754,5.65191222054365,5.82071818323363,3178541.21190758,556606.25558145,3.17854121190758
LEO,2024-07-12,5.82071818323363,5.877080042767,5.65307052890299,5.66615820384723,3794638.55867539,662617.243968289,3.7946385586753903
LEO,2024-07-13,5.66615820384723,5.82054955553426,5.66130629981679,5.80839943817321,1161948.11727032,202736.294075955,1.1619481172703199
LEO,2024-07-14,5.80839943817321,5.86706045105334,5.74144120499585,5.83807440335757,578035.93027856,99325.9753477794,0.57803593027856
LEO,2024-07-15,5.83807440335757,5.87755082714086,5.81338895463125,5.86655379193171,903901.999176304,154534.223742983,0.903901999176304
LEO,2024-07-16,5.86655379193171,5.97477820987213,5.81134014764333,5.86506970461207,989864.82630693,168859.912281819,0.9898648263069301
LEO,2024-07-17,5.86506970461207,5.97966294027721,5.65031686449328,5.71812308049091,1761325.86219937,305218.139636481,1.7613258621993702
LEO,2024-07-18,5.71812308049091,5.83100105733489,5.705119088553,5.80477087527849,786036.904225347,136430.840719513,0.786036904225347
LEO,2024-07-19,5.80477087527849,5.84890909543482,5.32601395178398,5.83778297404713,1321386.17856234,227659.092874278,1.3213861785623402
LEO,2024-07-20,5.83778297404713,5.89855279174798,5.66133324670367,5.70578215738397,3399459.97987368,587361.363179719,3.39945997987368
LEO,2024-07-21,5.70578215738397,5.75105035008116,5.63826772912885,5.67056961956805,9443353.26376604,1660077.79508618,9.443353263766038
LEO,2024-07-22,5.67056961956805,5.80309448217707,5.66369402206599,5.77644458476829,194259735.669051,33748196.5274243,194.259735669051
LEO,2024-07-23,5.77644458476829,5.86663749358645,5.71064762791755,5.74052651303846,871837.469243953,151530.119438448,0.871837469243953
LEO,2024-07-24,5.74052651303846,5.92042757625196,5.71642741609631,5.89651935444291,1279467.6791354,218514.628903129,1.2794676791354
LEO,2024-07-25,5.89651935444291,5.93627534218558,5.80850388134118,5.86503805917057,981136.387528041,167478.403576706,0.981136387528041
LEO,2024-07-26,5.86503805917057,5.8859280869782,5.77925397242422,5.83103694677437,1174639.55960358,202597.491510866,1.1746395596035801
LEO,2024-07-27,5.83103694677437,5.8588357684603,5.74842639785353,5.76445079945095,856111.742808103,146953.58159268,0.856111742808103
LEO,2024-07-28,5.76445079945095,5.89603942884062,5.75414573533782,5.86389560240013,970713.74181586,165719.748806551,0.97071374181586
LEO,2024-07-29,5.86389560240013,5.90695034577621,5.46737829166472,5.68835505743991,1743996.28335515,302181.26894847,1.74399628335515
LEO,2024-07-30,5.68835505743991,5.8416361042517,5.3918249215694,5.6650868934053,2928051.76848684,513659.46927718,2.9280517684868403
LEO,2024-07-31,5.6650868934053,5.77585590335817,5.53282016972025,5.67033883701274,3817519.95238655,668199.89977065,3.81751995238655
LEO,2024-08-01,5.67033883701274,6.1492359779665,5.3976168251872,5.8609589611349,2344549.63065114,410652.12328114,2.34454963065114
LEO,2024-08-02,5.8609589611349,6.14196019445122,5.59476663582835,5.67209032669086,3133257.04725601,544629.696816802,3.13325704725601
LEO,2024-08-03,5.67209032669086,5.82458545506512,5.53700245730263,5.6574947626255,3170309.24238786,557053.568591755,3.17030924238786
LEO,2024-08-04,5.6574947626255,5.76177800639461,5.62015568711697,5.64907077453315,5769232.33150336,1012718.99028791,5.76923233150336
LEO,2024-08-05,5.64907077453315,5.72034044878164,5.56331802328388,5.67377702452741,4096449.5738263,727906.310536897,4.0964495738263
LEO,2024-08-06,5.67377702452741,5.74225171497033,5.59717858933022,5.69824780159926,2016063.06281015,354286.801167501,2.01606306281015
LEO,2024-08-07,5.69824780159926,5.80972313074003,5.56633438580382,5.78436327014057,1208512.58329345,210651.311510167,1.20851258329345
LEO,2024-08-08,5.78436327014057,5.86226426690231,5.72368928590387,5.84562696418503,1139011.93956945,196693.934753416,1.13901193956945
LEO,2024-08-09,5.84562696418503,5.8717539992451,5.74280238134877,5.81842228226667,781312.287134628,134097.83535413,0.7813122871346281
LEO,2024-08-10,5.81842228226667,5.85355457421236,5.59499637375168,5.7929248737061,347487.129285568,59826.6801432783,0.347487129285568
LEO,2024-08-11,5.7929248737061,5.90942604641848,5.78639848881735,5.86318546192878,468639.910993616,80109.28619534,0.46863991099361596
LEO,2024-08-12,5.86318546192878,5.8945215260048,5.76137139326834,5.83094596326553,901854.514469862,154753.58310875,0.901854514469862
LEO,2024-08-13,5.83094596326553,5.85009419910474,5.76364162685892,5.80521337329391,609669.076842541,104994.565525037,0.609669076842541
LEO,2024-08-14,5.80521337329391,5.918641415347,5.75938454875037,5.84657852418532,795550.309849897,136481.274657142,0.795550309849897
LEO,2024-08-15,5.84657852418532,5.90597739695375,5.82722623228141,5.85960354798834,738207.883116596,125848.09354485,0.738207883116596
LEO,2024-08-16,5.85960354798834,5.88913152548238,5.72415340257356,5.78932760853743,598588.501494959,102497.227103033,0.598588501494959
LEO,2024-08-17,5.78932760853743,5.90474881748382,5.73420186345083,5.8688007253648,610423.700896229,104906.58640139,0.610423700896229
LEO,2024-08-18,5.8688007253648,5.89418240463887,5.62946857191827,5.78604407937553,1237095.00402774,216075.69085528,1.2370950040277402
LEO,2024-08-19,5.78604407937553,5.90337312470578,5.73774035046645,5.8169445439583,765400.643559638,131718.88750842,0.765400643559638
LEO,2024-08-20,5.8169445439583,5.89287023400639,5.7739108336602,5.83266937308845,700069.349911338,120136.35746967,0.700069349911338
LEO,2024-08-21,5.83266937308845,5.90199559469257,5.76968262664932,5.79748458545795,662647.057046368,113748.98140429,0.6626470570463681
LEO,2024-08-22,5.79748458545795,5.90174426739847,5.73679676059263,5.87487623372761,789737.869749755,135609.316716858,0.789737869749755
LEO,2024-08-23,5.87487623372761,5.8992949926253,5.81483815053,5.84305409264293,861264.923052927,147217.13518145,0.861264923052927
LEO,2024-08-24,5.84305409264293,5.90005066873208,5.73559283862844,5.88011116475481,962697.712479711,165149.342144437,0.962697712479711
LEO,2024-08-25,5.88011116475481,5.90395702405191,5.77208490937137,5.82333656314268,509138.365177421,87064.06040211,0.5091383651774211
LEO,2024-08-26,5.82333656314268,5.87536847000294,5.7706294470529,5.83317363097145,783988.069759211,134501.22209018,0.7839880697592111
LEO,2024-08-27,5.83317363097145,5.87859219773675,5.79638620660408,5.80990341123635,807404.222034786,138211.72176656,0.807404222034786
LEO,2024-08-28,5.80990341123635,5.85374075529776,5.77210610883747,5.81761335385517,822491.522509255,141410.026016319,0.822491522509255
LEO,2024-08-29,5.81761335385517,5.86537913078512,5.78757114743928,5.80993204571612,632651.320519747,108535.30518539,0.6326513205197469
LEO,2024-08-30,5.80993204571612,5.85733449414495,5.74773095600617,5.83427090779191,898933.930986406,154599.12603815,0.8989339309864061
LEO,2024-08-31,5.83427090779191,5.85143866879114,5.78074688393936,5.798834106232,322351.25665215,55387.3896188306,0.32235125665215003
LEO,2024-09-01,5.798834106232,5.88275610513626,5.73294876214852,5.84904467134971,587225.528824406,100875.137677112,0.5872255288244059
LEO,2024-09-02,5.84904467134971,5.91463691850137,5.82985171204728,5.90468304286538,531829.988790656,90712.9252738432,0.531829988790656
LEO,2024-09-03,5.90468304286538,5.9164628015731,5.79374362136711,5.84464776099845,569688.004072334,97400.41451103,0.569688004072334
LEO,2024-09-04,5.84464776099845,5.87092589402496,5.52058361226116,5.73181631728889,6961510.32161541,1240240.83533026,6.96151032161541
LEO,2024-09-05,5.73181631728889,5.86864602665594,5.47219411570532,5.51500186406038,2935796.85736008,530492.2588243,2.9357968573600797
LEO,2024-09-06,5.51500186406038,5.66421103390982,5.40833400017014,5.47612179479153,4083072.07735556,747275.96726579,4.08307207735556
LEO,2024-09-07,5.47612179479153,5.56979888481568,5.33608083717473,5.39753435075577,2981510.94959249,553457.81449014,2.98151094959249
LEO,2024-09-08,5.39753435075577,5.43184512519378,5.30915101757197,5.37517753850087,619184.032813232,115460.377636332,0.6191840328132321
LEO,2024-09-09,5.37517753850087,5.42685378213961,5.31659174578746,5.37968529816642,1576318.89861814,292899.60425702,1.57631889861814
LEO,2024-09-10,5.37968529816642,5.56881943524891,5.36974679919158,5.52406855161098,801607.651384025,146294.45662475,0.801607651384025
LEO,2024-09-11,5.52406855161098,5.61124992953963,5.44365064086508,5.58672583629394,1254647.12452298,226751.04842634,1.25464712452298
LEO,2024-09-12,5.58672583629394,5.67891239739017,5.519169581361,5.67233458443276,784096.158296441,139702.78097193,0.784096158296441
LEO,2024-09-13,5.67233458443276,5.75441415020279,5.51414069726663,5.74315716945775,766314.932171836,136059.04098974,0.766314932171836
LEO,2024-09-14,5.74315716945775,5.76040449537596,5.64387854637912,5.69339029293072,312712.007004143,54728.5796063104,0.312712007004143
LEO,2024-09-15,5.69339029293072,5.75834610248551,5.63335068666427,5.71630594970502,372667.156803734,65395.4563490764,0.372667156803734
LEO,2024-09-16,5.71630594970502,5.77839210689071,5.65212927743775,5.67557109553394,626099.805616,109652.71820903,0.626099805616
LEO,2024-09-17,5.67557109553394,5.83135690484532,5.63041360660631,5.73744263131114,1210280.71963241,212296.51270692,1.21028071963241
LEO,2024-09-18,5.73744263131114,5.76052229343175,5.60193797982416,5.70653385363604,1672762.02068182,295005.84312553,1.6727620206818201
LEO,2024-09-19,5.70653385363604,5.86980759220086,5.52288606183175,5.7112288908985,2045313.99925761,362163.21965406,2.04531399925761
LEO,2024-09-20,5.7112288908985,5.83520738900279,5.69892639548705,5.75197612595015,798796.580523651,138875.45299197,0.798796580523651
LEO,2024-09-21,5.75197612595015,5.83126627752171,5.51192415160122,5.53369690959887,3653634.80372946,651783.954524221,3.65363480372946
LEO,2024-09-22,5.53369690959887,5.78295709071513,5.53067714932866,5.73346580646528,1504980.14642005,264722.68864614,1.5049801464200498
LEO,2024-09-23,5.73346580646528,5.8693985741627,5.55514792899999,5.56428198981005,2439773.58060191,431294.6744552,2.4397735806019103
LEO,2024-09-24,5.56428198981005,5.76465027164225,5.54350725650834,5.5643674652725,6267047.60308971,1112039.9061833,6.2670476030897095
LEO,2024-09-25,5.5643674652725,5.80045422348732,5.55231785820806,5.79016587563502,1651376.62553932,289510.98521541,1.65137662553932
LEO,2024-09-26,5.79016587563502,5.90116417737051,5.7025946389857,5.86888709861768,738506.816048777,127452.09576944,0.738506816048777
LEO,2024-09-27,5.86888709861768,5.88795717799192,5.73798824219864,5.86220661387325,800252.218405825,136537.69682298,0.8002522184058249
LEO,2024-09-28,5.86220661387325,5.8953453707987,5.77184489590048,5.84350968622941,546473.685306524,93223.8162126938,0.5464736853065241
LEO,2024-09-29,5.84350968622941,5.906698977292,5.76256840466855,5.81619549992231,394416.354779123,67387.85193772,0.39441635477912296
LEO,2024-09-30,5.81619549992231,5.99968926707459,5.76941020890312,5.94178182094395,1896579.41716855,321620.50627437,1.89657941716855
LEO,2024-10-01,5.94178182094395,6.0343414274178,5.85973927500993,5.93368967022419,1412353.82181583,237047.63672131,1.41235382181583
LEO,2024-10-02,5.93368967022419,5.98985252091316,5.75517731122145,5.79687048652402,1728461.44314637,293387.12879558,1.7284614431463698
LEO,2024-10-03,5.79687048652402,5.88290085034009,5.75096729683546,5.87987559055943,887259.117154958,152423.43251982,0.887259117154958
LEO,2024-10-04,5.87987559055943,6.01406482645779,5.83033452345113,5.88871720267975,710880.397645413,120072.72699659,0.710880397645413
LEO,2024-10-05,5.88871720267975,6.00373926621672,5.8265683182018,5.98280717940818,526159.244082567,88965.74672562,0.5261592440825671
LEO,2024-10-06,5.98280717940818,6.05134612103819,5.93619777523935,5.97783171136156,365251.086865364,60912.78189026,0.365251086865364
LEO,2024-10-07,5.97783171136156,6.07646644856611,5.90227468922921,6.02263717251627,800930.451099019,133357.70387931,0.8009304510990191
LEO,2024-10-08,6.02263717251627,6.06703911604322,5.93038215822395,5.98012798419675,655909.801726306,109470.795825305,0.655909801726306
LEO,2024-10-09,5.98012798419675,10.4658026337281,5.86609978020289,6.04245427992429,6998595.59774171,1097973.08581768,6.99859559774171
LEO,2024-10-10,6.04245427992429,6.24608265881766,5.91933597070666,6.0431879224587,5190625.78373628,849083.72146245,5.19062578373628
LEO,2024-10-11,6.0431879224587,6.14196067515379,5.94482921066876,6.07916807800019,1112196.66106495,183755.51367335,1.11219666106495
LEO,2024-10-12,6.07916807800019,6.11463640343421,5.94794765488565,6.05251750269604,537507.649495212,88863.79141327,0.537507649495212
LEO,2024-10-13,6.05251750269604,6.11570039260544,5.94301584357285,6.07263487470714,446502.027996501,73659.77865634,0.446502027996501
LEO,2024-10-14,6.07263487470714,6.17452976144086,5.97967609444813,6.11829937163442,1011302.06075607,165926.05738806,1.0113020607560699
LEO,2024-10-15,6.11829937163442,6.18633104360681,5.96854447111665,6.05376151338603,1347403.18212146,221339.38732076,1.34740318212146
LEO,2024-10-16,6.05376151338603,6.13116701321211,5.97366927097688,6.05160372537456,994926.988209106,164275.78646788,0.9949269882091061
LEO,2024-10-17,6.05160372537456,6.11467093461154,5.97443993536753,6.03408635762031,657461.285928445,108881.13222489,0.6574612859284451
LEO,2024-10-18,6.03408635762031,6.17153749141883,5.92525708121829,6.04968205458724,1268860.84596292,209093.23570669,1.26886084596292
LEO,2024-10-19,6.04968205458724,6.10792432080299,6.00173147562354,6.04182777590445,377651.99794331,62466.73871943,0.37765199794331
LEO,2024-10-20,6.04182777590445,6.097257913989,5.93116456308917,6.05749509008302,688404.415530709,113930.744220631,0.688404415530709
LEO,2024-10-21,6.05749509008302,6.09289172670274,5.94132087277905,6.056729759715,965845.118165161,159582.54025675,0.9658451181651609
LEO,2024-10-22,6.056729759715,6.08523929840289,5.81699315580838,5.99434036288661,1342817.92529205,224871.66337118,1.34281792529205
LEO,2024-10-23,5.99434036288661,6.08048308313378,5.9355874698855,6.0521405604066,781483.471850515,129509.295468147,0.781483471850515
LEO,2024-10-24,6.0521405604066,6.09510152488745,5.97216103507308,6.04661042922906,921916.116244893,152345.58955393,0.921916116244893
LEO,2024-10-25,6.04661042922906,6.1051096199761,5.93473078931462,5.9902117936715,1263973.2355414,210219.10456192,1.2639732355414
LEO,2024-10-26,5.9902117936715,6.07835597379941,5.88245795240491,6.03598028596008,662145.88184831,110812.709523703,0.66214588184831
LEO,2024-10-27,6.03598028596008,6.09936177695369,5.96181088732894,6.01802863715266,414360.986049727,68385.4663251497,0.414360986049727
LEO,2024-10-28,6.01802863715266,6.0637494081674,5.93325216165466,6.05261703075035,807977.905779234,134600.64967396,0.807977905779234
LEO,2024-10-29,6.05261703075035,6.15151230573567,5.95341053541817,6.12136700178768,2744104.83852983,451328.63939574,2.7441048385298297
LEO,2024-10-30,6.12136700178768,6.15871172105698,6.04659678517061,6.11577324206189,938454.189939044,153632.54449206,0.938454189939044
LEO,2024-10-31,6.11577324206189,6.16388603657697,6.05298778965104,6.13523706263276,713927.291973015,116628.82751788,0.713927291973015
LEO,2024-11-01,6.13523706263276,6.15666478512448,6.01646268571136,6.06310622759601,1546659.40147281,254765.676332026,1.54665940147281
LEO,2024-11-02,6.06310622759601,6.10861314817165,6.00832028164768,6.03293563615895,406740.372773114,67169.20802889,0.40674037277311403
LEO,2024-11-03,6.03293563615895,6.08670905250685,5.92430125542326,6.07148244316717,2350473.70457465,390166.13972006,2.35047370457465
LEO,2024-11-04,6.07148244316717,6.08654857500881,5.94908631119901,6.05138264797435,2647693.15838704,440557.307757454,2.64769315838704
LEO,2024-11-05,6.05138264797435,6.08575419339525,5.92725106282716,6.03978551236352,888514.764659844,147170.40643914,0.888514764659844
LEO,2024-11-06,6.03978551236352,6.30698282267713,5.99561537533097,6.28771441724076,3855782.75151622,628456.07516831,3.85578275151622
LEO,2024-11-07,6.28771441724076,6.32711754480623,6.10007337173464,6.25538005496124,1665420.52046466,267995.55691465,1.66542052046466
LEO,2024-11-08,6.25538005496124,6.44683492120365,6.23767497588032,6.43049550743513,2273304.08543472,356825.39188029,2.2733040854347197
LEO,2024-11-09,6.43049550743513,6.57113715791101,6.36209834536967,6.55976865063548,3231170.74925764,501644.846198188,3.23117074925764
LEO,2024-11-10,6.55976865063548,7.23185388687371,6.51566534536016,6.8158157291842,4097077.01301637,597320.67919256,4.09707701301637
LEO,2024-11-11,6.8158157291842,7.68015445909551,6.79999825649573,7.66868366966939,3553062.08722671,487462.813700669,3.55306208722671
LEO,2024-11-12,7.66868366966939,7.74459521093038,7.01928325041158,7.38044630639071,4621592.07277573,628998.728050881,4.62159207277573
LEO,2024-11-13,7.38044630639071,7.69155879148483,7.1940484137945,7.62170363938109,3893640.75513263,521763.09658854,3.89364075513263
LEO,2024-11-14,7.62170363938109,7.76698798411252,7.38157316326565,7.41141905990467,2365648.30831855,312262.98942986,2.3656483083185504
LEO,2024-11-15,7.41141905990467,7.68766476400653,7.37514906562062,7.64769188569039,1750548.96393172,232711.98683525,1.75054896393172
LEO,2024-11-16,7.64769188569039,7.82263470470058,7.59203114221859,7.68793234516997,1910524.36262469,248097.13559139,1.91052436262469
LEO,2024-11-17,7.68793234516997,7.74902904890016,7.3705315142044,7.63464152468944,2749870.48367571,359909.9816323,2.7498704836757097
LEO,2024-11-18,7.63464152468944,7.8441547006663,7.47760800440978,7.8049148094948,2762829.56763067,360009.242122289,2.76282956763067
LEO,2024-11-19,7.8049148094948,8.03928941385701,7.67562343906059,7.98461719539851,1991857.42013997,253452.033084057,1.99185742013997
LEO,2024-11-20,7.98461719539851,8.56134328413335,7.8860657705205,8.3782335808254,4007587.94956269,479139.208552274,4.00758794956269
LEO,2024-11-21,8.3782335808254,9.01031467842054,8.30405349298045,8.64046587451107,3412172.4530065,393636.56892256,3.4121724530065
LEO,2024-11-22,8.64046587451107,8.87230538400442,8.12738799181227,8.51145737991175,3065322.97705549,357987.33812502,3.06532297705549
LEO,2024-11-23,8.51145737991175,8.76107648103452,8.44436274698,8.63065684951835,1498410.19877861,174593.94621096,1.49841019877861
LEO,2024-11-24,8.63065684951835,8.76425123633123,8.26718492915873,8.55065372806208,1697106.86164194,198368.383255506,1.69710686164194
LEO,2024-11-25,8.55065372806208,8.75278747204315,7.99302696091902,8.22735088632925,1798910.33532557,216880.751774473,1.79891033532557
LEO,2024-11-26,8.22735088632925,8.2643905648238,7.94236390189924,8.02131972470809,1351909.56088686,167599.078349673,1.3519095608868599
LEO,2024-11-27,8.02131972470809,8.65483824582448,7.91304529234828,8.55472662234556,1735251.68758726,210767.21087003,1.7352516875872601
LEO,2024-11-28,8.55472662234556,8.68862262124898,8.33081933443547,8.41167503645686,1073398.30396284,126959.238451549,1.07339830396284
LEO,2024-11-29,8.41167503645686,8.70015255843678,8.40349102198878,8.67006048575013,714733.925840427,82969.24428871,0.714733925840427
LEO,2024-11-30,8.67006048575013,8.84077867564877,8.51418154406172,8.76684865677583,1367862.05180147,156542.137304902,1.3678620518014701
LEO,2024-12-01,8.76684865677583,8.84264880285157,8.28070862289475,8.5908118250766,2055259.59889757,237926.792946313,2.05525959889757
LEO,2024-12-02,8.5908118250766,8.84441510886884,8.54035791726571,8.76198169154516,1494272.58576634,170618.486651316,1.49427258576634
LEO,2024-12-03,8.76198169154516,9.18147323292123,8.56509963782299,8.93693733692858,1223392.58723359,137957.26982587,1.22339258723359
LEO,2024-12-04,8.93693733692858,9.74215975074375,8.87500947093484,9.50079605180258,2781677.97837328,296628.977678731,2.78167797837328
LEO,2024-12-05,9.50079605180258,9.57366358232699,9.04515735137762,9.38201109314643,3951353.80310869,422747.900863489,3.95135380310869
LEO,2024-12-06,9.38201109314643,9.49809195517696,9.18706044637738,9.45857778406908,2974662.93419125,317213.893037698,2.9746629341912496
LEO,2024-12-07,9.45857778406908,9.57663521253875,9.23209178674981,9.48519163728385,2386657.89405841,253124.61810446,2.38665789405841
LEO,2024-12-08,9.48519163728385,9.54439152452835,8.97397009621189,9.16850553446295,2966458.20028103,318529.39309907,2.9664582002810302
LEO,2024-12-09,9.16850553446295,9.51220031553968,9.15081338028175,9.41342355633427,1945297.25915603,207934.807113214,1.9452972591560298
LEO,2024-12-10,9.41342355633427,9.58456309261687,9.15457609290329,9.43881325435526,2871113.37157543,304115.169370035,2.8711133715754302
LEO,2024-12-11,9.43881325435526,9.5678822115461,8.9144620095381,9.48266704333693,3491968.15600555,373412.267168898,3.49196815600555
LEO,2024-12-12,9.48266704333693,9.70518024169092,9.39883163573087,9.51096792782576,1030514.01564542,108188.52998961,1.03051401564542
LEO,2024-12-13,9.51096792782576,9.57434783038787,9.13323756437777,9.35141527222692,2243920.27983118,238625.20407648,2.2439202798311797
LEO,2024-12-14,9.35141527222692,9.56809437286909,9.28270291447024,9.36479361336608,975327.97574823,103803.506364303,0.97532797574823
LEO,2024-12-15,9.36479361336608,9.49981891612101,9.27157397761985,9.40020614721601,904767.293904001,96766.76050287,0.904767293904001
LEO,2024-12-16,9.40020614721601,9.61797385193175,9.33393390583293,9.54518087367932,1773284.93153962,185723.375608827,1.77328493153962
LEO,2024-12-17,9.54518087367932,9.65844196015142,9.44902136349785,9.4983821126372,1093417.69525847,114345.662419186,1.09341769525847
LEO,2024-12-18,9.4983821126372,9.82240690541149,9.05034700239044,9.20134050649089,1689793.46505934,180020.08058746,1.68979346505934
LEO,2024-12-19,9.20134050649089,9.30882677690822,8.97302064000557,9.08356826290492,1607385.30634737,175902.61362157,1.60738530634737
LEO,2024-12-20,9.08356826290492,9.40205325970951,8.95839802037179,9.34707340010383,1443068.36293747,157118.54959529,1.4430683629374699
LEO,2024-12-21,9.34707340010383,9.49910057210994,9.1912187311593,9.33031000702254,2380429.53047485,254326.17475075,2.38042953047485
LEO,2024-12-22,9.33031000702254,9.41372735404085,9.21322802543319,9.31167151700618,796442.603747374,85487.3712662603,0.7964426037473741
LEO,2024-12-23,9.31167151700618,9.4925964765605,9.2356141268398,9.33369939829026,1613374.81211049,172214.29590712,1.6133748121104898
LEO,2024-12-24,9.33369939829026,9.53544570229763,9.27296348679402,9.48740056888783,706918.601995203,75163.26643969,0.706918601995203
LEO,2024-12-25,9.48740056888783,9.5518140876442,9.41722350394035,9.47492684910767,705338.639733696,74352.9401939549,0.705338639733696
LEO,2024-12-26,9.47492684910767,9.54067622255481,9.04563899961893,9.12345153125375,1341062.83316797,145286.64650593,1.34106283316797
LEO,2024-12-27,9.12345153125375,9.24419724726498,9.03931143933659,9.18550937568665,552692.869145358,60321.9828849481,0.552692869145358
LEO,2024-12-28,9.18550937568665,9.33074606970347,9.14448015553195,9.27469196436585,800864.520728363,86430.1692653707,0.800864520728363
LEO,2024-12-29,9.27469196436585,9.32263818877218,8.88752680558127,9.03395493411394,852062.441763294,94177.7234000999,0.852062441763294
LEO,2024-12-30,9.03395493411394,9.14812612948878,8.93262320264597,9.0249142837243,921889.912023523,102189.081643562,0.921889912023523
LEO,2024-12-31,9.0249142837243,9.15166042523088,8.57678255041586,9.00622706274844,3371472.4613906,377905.07690401,3.3714724613906
LEO,2025-01-01,9.00622706274844,9.13065299728465,8.6267128245906,9.0427142753978,3377057.07693602,379766.39884536,3.37705707693602
LEO,2025-01-02,9.0427142753978,9.11516114398507,8.33246501296491,9.01600683166245,4254435.88092327,483436.949823008,4.25443588092327
LEO,2025-01-03,9.01600683166245,9.18884635327463,8.91519066769368,9.10241222164201,1017959.20904803,112591.546865445,1.01795920904803
LEO,2025-01-04,9.10241222164201,9.20364655394388,8.76746809543196,9.15689039009955,1947559.0302758,216896.8756114,1.9475590302758001
LEO,2025-01-05,9.15689039009955,9.16925349506816,8.99540150730575,9.09135126081218,521837.924923963,57337.85277726,0.521837924923963
LEO,2025-01-06,9.09135126081218,9.15932034854205,9.039202956322,9.05941587165867,676434.43576229,74335.6003869656,0.67643443576229
LEO,2025-01-07,9.05941587165867,9.0981081476888,8.96154806202503,8.98339846244605,808559.143463476,89329.6607771405,0.808559143463476
LEO,2025-01-08,8.98339846244605,9.1304998758623,8.4246232934467,9.01791306969035,4866505.03966562,551970.862998449,4.86650503966562
LEO,2025-01-09,9.01791306969035,9.14134581663705,8.97194202717673,8.99326089970134,586373.685869269,65006.8907978005,0.586373685869269
LEO,2025-01-10,8.99326089970134,9.34616602758529,8.96044068404372,9.28951082107686,629694.134934627,68996.5866502503,0.629694134934627
LEO,2025-01-11,9.28951082107686,9.36350470257758,9.24350563436072,9.29450269810833,484205.013139179,51947.0602149,0.48420501313917896
LEO,2025-01-12,9.29450269810833,9.33635052008183,9.12799409185392,9.18197852537414,522660.125189132,56438.475970424,0.522660125189132
LEO,2025-01-13,9.18197852537414,9.36296067723649,9.12053848248732,9.17014245819921,963796.421216014,104391.153958264,0.9637964212160139
LEO,2025-01-14,9.17014245819921,9.33594676067047,9.12385120047275,9.25459191418038,555215.055682231,59982.1831491392,0.555215055682231
LEO,2025-01-15,9.25459191418038,9.70264747020752,9.1125488805582,9.60704851436659,2987629.96388605,311595.411847377,2.98762996388605
LEO,2025-01-16,9.60704851436659,9.71003592102661,9.47834362124881,9.58769952745589,1276553.29642794,132936.167536194,1.27655329642794
LEO,2025-01-17,9.58769952745589,9.81240536616612,9.53203469265594,9.74761321984088,10430750.6783407,1078481.80082744,10.430750678340699
LEO,2025-01-18,9.74761321984088,9.79930460646717,9.37074340722601,9.46369266125864,1242701.28584046,129796.44751791,1.24270128584046
LEO,2025-01-19,9.46369266125864,9.7151089523081,9.43569827938905,9.60412325108439,2062731.46265162,215878.981572531,2.06273146265162
LEO,2025-01-20,9.60412325108439,9.81252600120016,9.51432727161217,9.61916556161624,1771877.45910467,183275.71809605,1.77187745910467
LEO,2025-01-21,9.61916556161624,9.79367724092935,9.47794457738875,9.58747260283972,899978.489356649,93322.74847072,0.899978489356649
LEO,2025-01-22,9.58747260283972,9.62702491646486,9.45254807004511,9.56430368112155,574046.626243946,59902.2203170645,0.574046626243946
LEO,2025-01-23,9.56430368112155,9.68502509737776,9.48758459645002,9.59253387250729,731681.552489849,75953.8439519778,0.731681552489849
LEO,2025-01-24,9.59253387250729,9.68308961159399,9.50319775046714,9.51823015217091,502467.574858241,52293.475468706,0.502467574858241
LEO,2025-01-25,9.51823015217091,9.65391357769232,9.44199838706473,9.56402962853741,345997.272777039,36126.3449706203,0.34599727277703896
LEO,2025-01-26,9.56402962853741,9.60373572034265,9.41939238233446,9.54254522592318,355656.353252431,37162.9255366742,0.355656353252431
LEO,2025-01-27,9.54254522592318,9.81309746701288,9.48787766806801,9.54652794476286,846433.639429099,87699.845027669,0.846433639429099
LEO,2025-01-28,9.54652794476286,9.68199269316634,9.48241247035393,9.53178968645521,528467.750452825,55064.6877526691,0.528467750452825
LEO,2025-01-29,9.53178968645521,9.66457516404358,9.47142954842132,9.61091527231792,464810.559711283,48404.0348449637,0.464810559711283
LEO,2025-01-30,9.61091527231792,9.66892036439715,9.5168580092506,9.57180150247659,428048.02018609,44553.57057977,0.42804802018609
LEO,2025-01-31,9.57180150247659,9.6785853009373,9.48380531299794,9.62710174202396,622190.727555188,64498.2500002222,0.622190727555188
LEO,2025-02-01,9.62710174202396,9.67269606366325,9.54550659321085,9.59372381307753,544837.032518218,56554.7311631593,0.544837032518218
LEO,2025-02-02,9.59372381307753,9.69947787487798,9.51697310328787,9.6220381813942,1090052.97754236,113037.137372287,1.0900529775423602
LEO,2025-02-03,9.6220381813942,9.93382083106864,9.53275778642542,9.76882073004089,1960242.90930494,202106.446748062,1.9602429093049398
LEO,2025-02-04,9.76882073004089,9.97014568467551,9.70745733230399,9.86856595122097,950502.305042455,96821.087960873,0.9505023050424549
LEO,2025-02-05,9.86856595122097,9.88597223074927,9.70263427517879,9.83861592419423,438356.595168616,44740.3500053838,0.43835659516861597
LEO,2025-02-06,9.83861592419423,9.87542742295663,9.73040264539126,9.78859480223699,429409.105169371,43773.5913530743,0.42940910516937103
LEO,2025-02-07,9.78859480223699,9.8236422076033,9.50808059642926,9.57851411213223,456890.86975892,47181.102905308,0.45689086975891996
LEO,2025-02-08,9.57851411213223,9.86875467197327,9.49432313823589,9.58110241536175,395338.666951429,40870.7752336171,0.395338666951429
LEO,2025-02-09,9.58110241536175,9.94678749393868,9.49274020500217,9.65522674228379,438447.707946407,45238.8633955406,0.43844770794640703
LEO,2025-02-10,9.65522674228379,9.71750747306719,9.47078409609856,9.50619339492529,328385.695038935,34197.4950426847,0.328385695038935
LEO,2025-02-11,9.50619339492529,9.69315628237999,9.47007231626426,9.61296937768721,569471.929430332,58799.7394610609,0.569471929430332
LEO,2025-02-12,9.61296937768721,9.88102141400589,9.52075912472256,9.80621287957911,699338.673491526,71592.7829012496,0.699338673491526
LEO,2025-02-13,9.80621287957911,9.85601182067063,9.51373437605092,9.56596343749337,475814.632251613,49112.0590115096,0.475814632251613
LEO,2025-02-14,9.56596343749337,9.7092770620227,9.50264515491061,9.58774327809568,591116.816857217,61051.1925288732,0.591116816857217
LEO,2025-02-15,9.58774327809568,9.82152108582999,9.49145634713867,9.76662134950062,356393.807618352,36979.5965501243,0.356393807618352
LEO,2025-02-16,9.76662134950062,9.85623804530022,9.42640656337757,9.49532789320021,203036.356648962,21068.0585219226,0.20303635664896202
LEO,2025-02-17,9.49532789320021,9.58773342430987,9.41047266851809,9.55059032774616,348978.41317884,36552.71345161,0.34897841317884
LEO,2025-02-18,9.55059032774616,9.65724957839349,9.44314495913758,9.55922046956003,483052.457254293,50127.2262506724,0.483052457254293
LEO,2025-02-19,9.55922046956003,9.81633431057688,9.46224610681007,9.60305671223258,1268730.15878583,131440.203384696,1.26873015878583
LEO,2025-02-20,9.60305671223258,9.74917098363026,9.57191787213839,9.73651566031073,1641763.61336785,169671.400402038,1.64176361336785
LEO,2025-02-21,9.73651566031073,9.79128272694559,9.62800959629215,9.70220022768876,3143780.33617092,323681.761762289,3.14378033617092
LEO,2025-02-22,9.70220022768876,9.77327969619213,9.64471021194213,9.64890258848905,1439781.96835409,148798.435548838,1.4397819683540898
LEO,2025-02-23,9.64890258848905,9.76305596593422,9.62768761093083,9.75159409450241,1180186.09317258,121578.111685581,1.18018609317258
LEO,2025-02-24,9.75159409450241,9.79470879202587,8.68455977062253,8.7374941095041,6049817.02002552,650603.015171772,6.04981702002552
LEO,2025-02-25,8.7374941095041,9.24612524115425,8.68283744158302,8.91784230923134,7423743.16866761,841648.486454118,7.42374316866761
LEO,2025-02-26,8.91784230923134,9.0894534233521,8.87849527648507,9.05276549043331,3780260.46860809,420465.662921971,3.7802604686080903
LEO,2025-02-27,9.05276549043331,9.26176354336887,9.01301264770573,9.18653513601154,2675426.84502461,293014.070501723,2.67542684502461
LEO,2025-02-28,9.18653513601154,9.32047424495127,9.04000139055978,9.28325972463798,5934978.72978371,644358.460009738,5.93497872978371
LEO,2025-03-01,9.28325972463798,9.79231184465241,9.11383061967786,9.75373402807008,1671732.19613125,177574.419371723,1.67173219613125
LEO,2025-03-02,9.75373402807008,9.81221776786785,9.69613654615487,9.80245888962074,5867019.80080068,598466.092637558,5.86701980080068
LEO,2025-03-03,9.80245888962074,10.0195682101057,9.80150111742611,9.9521034205645,6853746.62247124,689003.114647585,6.85374662247124
LEO,2025-03-04,9.9521034205645,9.99608322595163,9.87286743488402,9.9215338085677,7355381.03625196,739565.669786104,7.35538103625196
LEO,2025-03-05,9.9215338085677,9.92415910141987,9.85612018935289,9.90689715008923,2361564.08715593,238330.536571228,2.36156408715593
LEO,2025-03-06,9.90689715008923,9.92874500184315,9.8869398469265,9.9245099068312,2511325.73884456,253361.125771604,2.51132573884456
LEO,2025-03-07,9.9245099068312,9.93863274549092,9.83602533295841,9.93247019009167,4085059.54203787,411883.065315611,4.08505954203787
LEO,2025-03-08,9.93247019009167,9.93387973119692,9.72081759804322,9.75208489360701,1755732.6774037,178654.713618815,1.7557326774037
LEO,2025-03-09,9.75208489360701,9.94292242422728,9.69495458423427,9.7451394183023,3075675.54583687,314885.675267176,3.0756755458368703
LEO,2025-03-10,9.7451394183023,9.94172281794877,9.72916397481308,9.73875540674472,5711090.59221431,581442.060172198,5.71109059221431
LEO,2025-03-11,9.73875540674472,9.92634769335743,9.71894046656013,9.90909933182419,5738639.15502386,587432.232063784,5.73863915502386
LEO,2025-03-12,9.90909933182419,9.92597394497481,9.6708449062003,9.71680234165064,3743768.27477697,382623.278652095,3.74376827477697
LEO,2025-03-13,9.71680234165064,9.73630656061072,9.67281801636067,9.71850210164719,2612855.26110812,269044.32446832,2.61285526110812
LEO,2025-03-14,9.71850210164719,9.88059047241333,9.70710117322803,9.81880071377511,2763811.04701191,282929.782579248,2.76381104701191
LEO,2025-03-15,9.81880071377511,9.86701384569617,9.67238987717234,9.83337089814305,1416482.98416494,144801.726894487,1.41648298416494
LEO,2025-03-16,9.83337089814305,9.85443910900672,9.78899699786756,9.83895834406596,4954838.25037706,503588.532799757,4.95483825037706
LEO,2025-03-17,9.83895834406596,9.84010290802963,9.67369437982281,9.83334420899862,3502516.9620914,356426.953003803,3.5025169620914
LEO,2025-03-18,9.83334420899862,9.83479062209974,9.55123188960288,9.77788164544482,2326461.36637475,238343.952236483,2.32646136637475
LEO,2025-03-19,9.77788164544482,9.83616699427364,9.76277876050636,9.82383437577957,2831643.10424795,288609.774323508,2.83164310424795
LEO,2025-03-20,9.82383437577957,9.83705278897662,9.74256196156256,9.74604383674746,1956616.2694582,199585.973356906,1.9566162694582
LEO,2025-03-21,9.74604383674746,9.76171124032297,9.72336991843402,9.75422903684,1957446.06786757,200904.087793152,1.95744606786757
LEO,2025-03-22,9.75422903684,9.78356694939487,9.69524597952685,9.76467298219909,1454904.11189312,149283.027290614,1.45490411189312
LEO,2025-03-23,9.76467298219909,9.80820511653496,9.72895935505118,9.75288659200663,1508682.57562582,154722.398924577,1.50868257562582
LEO,2025-03-24,9.75288659200663,9.7630186254028,9.73756010229815,9.75920794691358,2696965.64210824,276321.130048972,2.69696564210824
LEO,2025-03-25,9.75920794691358,9.76332557243327,9.50825518061783,9.75710527754591,2692955.75563475,275929.204212422,2.69295575563475
LEO,2025-03-26,9.75710527754591,9.81688933166386,9.52389471138597,9.77281933097608,9140328.76085302,934263.777334138,9.14032876085302
LEO,2025-03-27,9.77281933097608,9.80041077337508,9.74273353730601,9.75394599525148,3623353.50081962,371157.967589367,3.6233535008196203
LEO,2025-03-28,9.75394599525148,9.81976138372468,9.56303987662882,9.70958131802563,3532149.40182373,362559.203011623,3.5321494018237303
LEO,2025-03-29,9.70958131802563,9.75012885473217,9.55585352314641,9.62471565073116,2382414.30802854,246692.762984596,2.3824143080285403
LEO,2025-03-30,9.62471565073116,9.69389438507734,9.05176134647836,9.10173684694078,2710493.39837903,284249.857430233,2.7104933983790302
LEO,2025-03-31,9.10173684694078,9.17604699920072,9.09040482404044,9.14907106756205,3027022.54606449,331863.713112836,3.02702254606449
LEO,2025-04-01,9.14907106756205,9.37232389841986,9.14202946448411,9.18501857949821,2418231.07600859,260421.213963565,2.41823107600859
LEO,2025-04-02,9.18501857949821,9.52626580088459,9.18478367924663,9.38533088059459,5154769.09667353,548770.779666522,5.15476909667353
LEO,2025-04-03,9.38533088059459,9.477699570841,9.33357690564399,9.44413857754679,2898152.77427082,308231.494971051,2.89815277427082
LEO,2025-04-04,9.44413857754679,9.67280867174245,9.1442750258326,9.16845939150193,3835814.76512166,407080.735823121,3.8358147651216603
LEO,2025-04-05,9.16845939150193,9.22427300362975,8.7878566985034,9.1284160399404,1415194.79969299,156132.931467682,1.4151947996929901
LEO,2025-04-06,9.1284160399404,9.17663453185225,8.85434175021953,8.87449563683576,3524723.24131992,392511.426606367,3.52472324131992
LEO,2025-04-07,8.87449563683576,9.00114352131964,8.85088576749035,8.94500599335219,8358402.09495539,937361.072568906,8.358402094955391
LEO,2025-04-08,8.94500599335219,9.01903643595861,8.85026088767162,8.99504962704475,3259137.1113305,362381.273749522,3.2591371113305
LEO,2025-04-09,8.99504962704475,9.38877245588282,8.99237065526759,9.37980473867812,5407263.95910912,588973.876926117,5.4072639591091205
LEO,2025-04-10,9.37980473867812,9.49356400948411,9.33142824125298,9.41412452105899,2938565.53249068,312466.544343541,2.93856553249068
LEO,2025-04-11,9.41412452105899,9.46957435057032,9.36729852986646,9.38168978613831,2401314.94283679,255634.85371686,2.4013149428367897
LEO,2025-04-12,9.38168978613831,9.42348197752143,9.28721641262369,9.33820687031123,2094623.85130125,224048.315930829,2.09462385130125
LEO,2025-04-13,9.33820687031123,9.46620839475243,9.29554980378985,9.35981283283129,2326564.3916613,248152.654875122,2.3265643916612997
LEO,2025-04-14,9.35981283283129,9.43305359536279,9.33413250997142,9.40911197131202,2955281.80757006,315337.069425998,2.95528180757006
LEO,2025-04-15,9.40911197131202,9.44300036183977,9.29829845027637,9.3105229041271,1849363.06007914,196588.128029446,1.84936306007914
LEO,2025-04-16,9.3105229041271,9.41661339145577,9.30544101196646,9.40854407209234,2075018.365056,220996.098958176,2.075018365056
LEO,2025-04-17,9.40854407209234,9.46947456939011,9.03825028134504,9.08764963936072,2484496.59545968,270097.291417658,2.4844965954596803
LEO,2025-04-18,9.08764963936072,9.28346231559067,8.97765281508604,9.21719542348028,1928139.62812897,210656.945633212,1.92813962812897
LEO,2025-04-19,9.21719542348028,9.4350522510212,9.21405338498361,9.29129477479662,1254337.69421475,134766.110217183,1.2543376942147502
LEO,2025-04-20,9.29129477479662,9.35959471856574,9.27313275258514,9.31991991779071,1713875.5406108,183799.84477702,1.7138755406108
LEO,2025-04-21,9.31991991779071,9.51419489578765,8.99900812631802,9.08829033858365,3568586.19383366,388408.070359187,3.56858619383366
LEO,2025-04-22,9.08829033858365,9.19565657231928,8.81516503156048,9.04018281687792,3971610.27725551,441082.050727056,3.97161027725551
LEO,2025-04-23,9.04018281687792,9.26426588256259,9.01364229711096,9.12028043346304,4012601.84189114,442357.215834781,4.01260184189114
LEO,2025-04-24,9.12028043346304,9.29954647762328,9.11283058514801,9.22793297084612,2693637.43062065,292153.723034186,2.6936374306206496
LEO,2025-04-25,9.22793297084612,9.34742657164115,8.80342183691092,8.93915383278316,4188314.06880712,459260.510953506,4.18831406880712
LEO,2025-04-26,8.93915383278316,9.14554295685981,8.88629216143522,9.01482239775546,4159006.65228884,459816.51989341,4.1590066522888405
LEO,2025-04-27,9.01482239775546,9.11566027204893,8.93459376103524,9.09184787032779,2425237.42278079,268827.432546215,2.42523742278079
LEO,2025-04-28,9.09184787032779,9.10025350108461,8.92361195786328,8.99081807065355,3354938.8204319,372312.860350344,3.3549388204319004
LEO,2025-04-29,8.99081807065355,9.02156669053278,8.86507679787554,8.99197793636801,2991476.89629745,332580.733714634,2.99147689629745
LEO,2025-04-30,8.99197793636801,9.08321633928537,8.97433767662738,9.06175830605036,1942598.14648713,214588.775418786,1.94259814648713
LEO,2025-05-01,9.06175830605036,9.1752798160276,8.91585965129723,9.00859954984869,2554641.29045105,283504.835028023,2.5546412904510496
LEO,2025-05-02,9.00859954984869,9.01289795043356,8.82920523594092,8.88517421792287,1648169.8775155,184535.488834159,1.6481698775155
LEO,2025-05-03,8.88517421792287,8.99565657607824,8.86903174335382,8.9798911005133,1238868.06932601,138281.691296488,1.2388680693260101
LEO,2025-05-04,8.9798911005133,9.18178519919421,8.97451339916522,9.09870142704108,1428554.82651686,157760.204133276,1.42855482651686
LEO,2025-05-05,9.09870142704108,9.12572221766255,8.61653261831186,8.69765140381643,2549469.89160486,288515.914256236,2.54946989160486
LEO,2025-05-06,8.69765140381643,8.76928862308322,8.67552619908238,8.75459475077921,1698751.3250134,194676.938396863,1.6987513250134
LEO,2025-05-07,8.75459475077921,8.82476148189093,8.69565906226192,8.81725476636947,1410260.74575991,161394.189891693,1.41026074575991
LEO,2025-05-08,8.81725476636947,8.91290858568225,8.73255288077786,8.83905830556115,4630091.94576881,525800.363615152,4.63009194576881
LEO,2025-05-09,8.83905830556115,8.88035179318358,8.67727901598769,8.74161651982816,8761286.93559731,998394.73702237,8.76128693559731
LEO,2025-05-10,8.74161651982816,8.82886776188144,8.21699045217021,8.24401712946165,7623877.82674971,886180.814465159,7.623877826749711
LEO,2025-05-11,8.24401712946165,8.37128768000837,8.18340056270486,8.33132865612506,6259751.90558344,755404.101532009,6.259751905583441
LEO,2025-05-12,8.33132865612506,8.6305676543431,8.31527769670241,8.5648958163756,10768213.6972847,1277031.24728794,10.7682136972847
LEO,2025-05-13,8.5648958163756,8.76452195871937,8.56099917606224,8.71173761143366,6559798.12599328,760998.763308879,6.55979812599328
LEO,2025-05-14,8.71173761143366,8.9358271962255,8.69623232972619,8.88859816824359,4168150.56553086,473640.873598608,4.16815056553086
LEO,2025-05-15,8.88859816824359,9.06451684995185,8.69164657315129,8.710282738178,4619429.05907458,518569.002198934,4.61942905907458
LEO,2025-05-16,8.710282738178,8.88273824843147,8.69109861613769,8.8660485489133,2028092.57587315,229333.777586709,2.02809257587315
LEO,2025-05-17,8.8660485489133,9.03225508994311,8.85256477745913,8.9451760909299,1953096.73466284,218220.479315571,1.9530967346628398
LEO,2025-05-18,8.9451760909299,8.96141500467165,8.58183584658502,8.72192208404664,3429583.49188875,393992.356348778,3.42958349188875
LEO,2025-05-19,8.72192208404664,8.75779711601574,8.53447900766769,8.58863849886313,2687718.03561559,311625.841350227,2.68771803561559
LEO,2025-05-20,8.58863849886313,8.78547904322576,8.58383733363573,8.74295928393569,1894707.46671325,217886.7389484,1.89470746671325
LEO,2025-05-21,8.74295928393569,8.85371595240875,8.72043816037009,8.84677853795077,4110725.32621988,467457.9269502,4.11072532621988
LEO,2025-05-22,8.84677853795077,8.93059223832509,8.83143043781842,8.88892540633918,4164802.70978567,469846.241378038,4.16480270978567
LEO,2025-05-23,8.88892540633918,8.90139464195498,8.74479003032809,8.78644281844297,5654321.84360156,641137.37756699,5.6543218436015605
LEO,2025-05-24,8.78644281844297,8.87284963603712,8.76592972599452,8.80091861704047,1616489.09258908,183480.573873224,1.61648909258908
LEO,2025-05-25,8.80091861704047,8.93534956842051,8.77944224497078,8.88661959206937,2129497.14254761,240278.651815251,2.1294971425476104
LEO,2025-05-26,8.88661959206937,9.49542889364876,8.56353553683513,8.75561331267531,2525207.55760508,281711.861047693,2.52520755760508
LEO,2025-05-27,8.75561331267531,9.1644221487236,8.70367425476072,9.07762986161931,3826194.77625751,433151.161861165,3.82619477625751
LEO,2025-05-28,9.07762986161931,9.15817616360923,9.03521156166623,9.0757450987698,1906562.55504168,210180.69135685,1.90656255504168
LEO,2025-05-29,9.0757450987698,9.11281794496001,8.97849076744894,9.10010143463149,2378689.22753415,262692.366924696,2.37868922753415
LEO,2025-05-30,9.10010143463149,9.27339053369174,8.71849078409652,8.72946245946902,4591754.22460424,507820.675058366,4.59175422460424
LEO,2025-05-31,8.72946245946902,8.75158475118545,8.56780726220376,8.60562475660621,2522728.32774703,290497.445338844,2.5227283277470303
LEO,2025-06-01,8.60562475660621,8.68038960701255,8.57871227423189,8.61358398516819,1462565.04965658,169598.360172909,1.46256504965658
LEO,2025-06-02,8.61358398516819,8.66887004657603,8.32310266371187,8.4977282415873,3521352.83334413,415997.058107456,3.52135283334413
LEO,2025-06-03,8.4977282415873,8.92247236972666,8.48095600763042,8.91077189247856,2272434.46404303,263138.814142121,2.27243446404303
LEO,2025-06-04,8.91077189247856,9.05297434360618,8.8182015917869,8.99411158246331,3022247.95979135,338041.039979743,3.02224795979135
LEO,2025-06-05,8.99411158246331,9.25056365852832,8.60094650751675,8.7748758316674,4483369.87547593,505690.321116211,4.48336987547593
LEO,2025-06-06,8.7748758316674,9.00732603977364,8.66727621971043,8.91715459601789,3258389.71494243,367691.367543738,3.2583897149424303
LEO,2025-06-07,8.91715459601789,9.24114538236688,8.89516146255974,9.19007850010729,2742722.8518018,303811.635507572,2.7427228518018
LEO,2025-06-08,9.19007850010729,9.32052510476813,8.85909378957336,9.25146551090593,5107075.61265051,559966.552352229,5.10707561265051
LEO,2025-06-09,9.25146551090593,9.38202662273121,8.9903812093572,9.08212292174364,7026097.90246299,766731.805503935,7.02609790246299
LEO,2025-06-10,9.08212292174364,9.14374560866727,8.73774104281477,8.85462427307569,7226839.75050516,812791.071179015,7.226839750505159
LEO,2025-06-11,8.85462427307569,9.10856938168977,8.78740151277844,9.10400560510538,7027196.20908135,783357.953165237,7.02719620908135
LEO,2025-06-12,9.10400560510538,9.11740301071145,8.62702707103201,8.88264978941409,10699799.1376348,1209832.71916617,10.6997991376348
LEO,2025-06-13,8.88264978941409,9.26694954539048,8.79176925131826,8.93801862624486,16043606.8646603,1790705.77630952,16.0436068646603
LEO,2025-06-14,8.93801862624486,9.18199180515632,8.89520029538819,9.09863933277774,37334867.52008,4129628.16068816,37.33486752008
LEO,2025-06-15,9.09863933277774,9.34638239186345,9.03987932892243,9.27361685648985,1781125.60791258,193687.212932917,1.7811256079125801
LEO,2025-06-16,9.27361685648985,9.29331064327625,9.15562231209494,9.21338590128815,1449509.32640171,157069.412706727,1.44950932640171
LEO,2025-06-17,9.21338590128815,9.25615606592048,9.08470107531535,9.20548251660653,2206895.35280983,239976.324096071,2.20689535280983
LEO,2025-06-18,9.20548251660653,9.21996233786567,9.08515116192628,9.12087014693648,1419618.78800249,155407.945078541,1.41961878800249
LEO,2025-06-19,9.12087014693648,9.17585305745631,8.86311569415233,8.90132845187305,1014082.40179688,112560.492861117,1.01408240179688
LEO,2025-06-20,8.90132845187305,9.04863544626272,8.77743877453622,8.86751037827506,2212140.45798795,248693.94110907,2.21214045798795
LEO,2025-06-21,8.86751037827506,8.97988292468631,8.81195795023201,8.95896038724874,1610488.56115787,180467.646366341,1.61048856115787
LEO,2025-06-22,8.95896038724874,9.00410660234989,8.90833308483592,8.98868558642199,3751909.222713,417806.868894127,3.751909222713
LEO,2025-06-23,8.98868558642199,9.12951880276794,8.95523095068109,9.09728996468987,2624168.3009688,290411.192323983,2.6241683009688
LEO,2025-06-24,9.09728996468987,9.14974623471006,8.95216313544213,8.99433052384526,2006640.87078813,221703.721672035,2.00664087078813
LEO,2025-06-25,8.99433052384526,9.04284629815959,8.97984791297171,8.98992457366336,945877.564329244,105125.227508279,0.945877564329244
LEO,2025-06-26,8.98992457366336,9.05209667616947,8.97016541431298,8.99510881760534,1327899.57653794,147513.311967754,1.32789957653794
LEO,2025-06-27,8.99510881760534,9.14214918228731,8.98232718562061,9.06262990913889,1470197.17042322,162979.571857133,1.47019717042322
LEO,2025-06-28,9.06262990913889,9.09054165932816,9.030416216038,9.06048447750332,741338.532688564,81801.8904405801,0.7413385326885641
LEO,2025-06-29,9.06048447750332,9.15361358214641,8.97294969444338,9.07454504205738,1030893.91881773,113587.22083262,1.03089391881773
LEO,2025-06-30,9.07454504205738,9.15775194818316,9.01087570184566,9.04318007921315,1334834.57465017,146466.35598398,1.33483457465017
LEO,2025-07-01,9.04318007921315,9.09059786673263,8.88660203824453,8.90999318914682,1041111.51459721,115853.40064733,1.04111151459721
LEO,2025-07-02,8.90999318914682,9.03016257722124,8.90183753853694,9.00228072696196,1423511.93530115,158941.609938146,1.42351193530115
LEO,2025-07-03,9.00228072696196,9.0320050410457,8.95991719167555,9.0056055036577,1710453.50808709,189966.115859581,1.71045350808709
LEO,2025-07-04,9.0056055036577,9.07387810648436,8.97475288238004,9.01167017111089,1124759.1643862,124522.337405254,1.1247591643862
LEO,2025-07-05,9.01167017111089,9.05745146017183,8.98602272926846,9.00350208806396,685028.518812697,76004.2455645906,0.685028518812697
LEO,2025-07-06,9.00350208806396,9.0280957036018,8.98434373766367,9.01694993866209,1020671.81458945,113335.088201764,1.02067181458945
LEO,2025-07-07,9.01694993866209,9.09277945556786,8.95154954758809,9.04192691206705,1499883.70436459,166060.026510598,1.49988370436459
LEO,2025-07-08,9.04192691206705,9.08206519612519,9.01481436590874,9.07268801329396,1020270.14850865,112711.254642583,1.02027014850865
LEO,2025-07-09,9.07268801329396,9.11976561682162,8.8972371326558,8.96464194892608,2267405.89586278,251252.375384468,2.26740589586278
LEO,2025-07-10,8.96464194892608,9.10155691902245,8.90067599332847,9.03537018266833,3699958.45554652,411445.519948518,3.69995845554652
LEO,2025-07-11,9.03537018266833,9.05559462546399,8.90479222187038,9.03204964492491,4382997.01917569,487403.83001527,4.38299701917569
LEO,2025-07-12,9.03204964492491,9.10154980069748,9.01598688908644,9.0722289220568,2220651.66458994,245074.46288724,2.22065166458994
LEO,2025-07-13,9.0722289220568,9.08363156355067,9.01025305953481,9.03033532676033,1859075.34400192,205729.297211872,1.8590753440019199
LEO,2025-07-14,9.03033532676033,9.0382117130826,8.88559594050397,8.99572334736293,2622388.13451446,291059.906462788,2.62238813451446
LEO,2025-07-15,8.99572334736293,9.12160959266772,8.81092396256115,8.84479736673652,2716137.98361083,302740.062639603,2.71613798361083
LEO,2025-07-16,8.84479736673652,8.90081402721824,8.72962069681302,8.8520423628558,3723575.17209036,422609.699223475,3.72357517209036
LEO,2025-07-17,8.8520423628558,8.96132787706851,8.78323781396125,8.94099269913561,3678775.32335488,415962.379458218,3.6787753233548797
LEO,2025-07-18,8.94099269913561,8.98886043340125,8.90736288370175,8.97226530930873,6130405.35468412,684177.12708338,6.13040535468412
LEO,2025-07-19,8.97226530930873,9.00116798779971,8.9432210077702,8.99018258918856,3062231.56403638,341195.547519278,3.06223156403638
LEO,2025-07-20,8.99018258918856,9.01606618510377,8.95152075460607,8.98893416918791,4061622.60949644,451783.860259808,4.06162260949644
LEO,2025-07-21,8.98893416918791,9.00260266269513,8.96941159027773,8.99073965252514,4205930.16426263,468006.189723746,4.20593016426263
LEO,2025-07-22,8.99073965252514,9.01329031736701,8.95225143283326,8.98322908197886,3645564.83807992,405822.130134038,3.64556483807992
LEO,2025-07-23,8.98322908197886,9.00734826626901,8.93730012479051,8.96642566000307,4034784.46822257,449554.266329809,4.03478446822257
LEO,2025-07-24,8.96642566000307,9.00935197991707,8.93919578259677,8.97673349398225,3098839.854346,344862.905177332,3.098839854346
LEO,2025-07-25,8.97673349398225,8.99782062555725,8.85328396888433,8.9742534238795,2395167.24570198,266922.655470863,2.39516724570198
LEO,2025-07-26,8.9742534238795,8.99253554534269,8.95226879852981,8.97622867036632,1367223.76350007,152355.035385125,1.36722376350007
LEO,2025-07-27,8.97622867036632,8.98258312551487,8.93641536891672,8.95151033391112,1278922.57793597,142578.612774487,1.2789225779359699
LEO,2025-07-28,8.95151033391112,8.98705770784882,8.94384189575173,8.96909418213213,2176204.1590321,242680.52152729,2.1762041590320997
LEO,2025-07-29,8.96909418213213,8.97317149859436,8.93454401727214,8.95096835658178,1820422.41843952,203038.015810598,1.8204224184395201
LEO,2025-07-30,8.95096835658178,8.98376305814996,8.90373284384213,8.9492046041932,2172321.04535936,242619.994889406,2.17232104535936
LEO,2025-07-31,8.9492046041932,8.98073851304097,8.9211978692042,8.93750465612859,1297181.49440221,145050.102022453,1.29718149440221
LEO,2025-08-01,8.93750465612859,8.96089690831919,8.80415594083052,8.94703958401139,2826908.81768154,316247.24446799,2.82690881768154
LEO,2025-08-02,8.94703958401139,8.97088865310645,8.94598123962434,8.95199759036032,1334215.90043761,148938.199219035,1.33421590043761
LEO,2025-08-03,8.95199759036032,8.96973026173787,8.94348119272158,8.955969156779,840677.426361977,93879.5506607713,0.840677426361977
LEO,2025-08-04,8.955969156779,8.97781987057628,8.947903849618,8.96973470544752,354916.526351162,39557.10745909,0.354916526351162
