symbol,date,open,high,low,close,usd_volume,crypto_volume,usd_volume_mil
MANTLE,2023-08-08,0.508261222921258,0.510799194866319,0.449319639596192,0.465834006791721,16731353.0573098,34249107.88,16.7313530573098
MANTLE,2023-08-09,0.466455854012301,0.474056212854968,0.464194434228629,0.465111629497668,14125146.6260255,30142101.39,14.125146626025499
MANTLE,2023-08-10,0.465043597418923,0.465482112045975,0.461183609302158,0.462652238215416,12389223.8719278,26713940.84,12.3892238719278
MANTLE,2023-08-11,0.462706516434796,0.463985733517781,0.461821815655216,0.463198109464138,4122607.14012299,8905347.86,4.12260714012299
MANTLE,2023-08-12,0.463103184667318,0.463922960624321,0.462415998901511,0.462899358528727,2739238.31299228,5915602.07,2.73923831299228
MANTLE,2023-08-13,0.462907529492581,0.463027336206532,0.460879397960498,0.461403534392171,3514858.70248149,7605441.33,3.51485870248149
MANTLE,2023-08-14,0.461158619658146,0.461457484902353,0.458251428165169,0.45930927956728,6107461.68146546,13289642.38,6.10746168146546
MANTLE,2023-08-15,0.459324622950055,0.459422649275122,0.454779944017917,0.455536012082531,8192055.37916376,17934074.25,8.19205537916376
MANTLE,2023-08-16,0.455496518699879,0.456759943211523,0.448681335620028,0.449702172712983,14076446.0360862,31081904.89,14.0764460360862
MANTLE,2023-08-17,0.449440656552934,0.449505674960203,0.428202379944544,0.430447806319676,18503877.9535957,42015834.79,18.5038779535957
MANTLE,2023-08-18,0.430322080260228,0.432013404676542,0.426528622465432,0.426819471553439,15334837.6925683,35741049.93,15.3348376925683
MANTLE,2023-08-19,0.426847590334315,0.428747596793187,0.425955168182509,0.426839725939736,8673411.06048946,20310040.83,8.67341106048946
MANTLE,2023-08-20,0.426828957538838,0.427120141665385,0.424920567331739,0.426247368702962,7477103.69790775,17543392.17,7.47710369790775
MANTLE,2023-08-21,0.426252455163391,0.426509065829411,0.423234590089823,0.424264400988909,9715955.76645943,22851275.05,9.71595576645943
MANTLE,2023-08-22,0.42420240116392,0.424397091396861,0.419412363369902,0.422099572840323,7918551.28687422,18777897.28,7.918551286874219
MANTLE,2023-08-23,0.422125065830937,0.425975080518671,0.420055426088153,0.422949092804351,11058057.8282276,26198973.31,11.0580578282276
MANTLE,2023-08-24,0.42301787195911,0.423348867674653,0.420119378926857,0.420778927476004,5589608.44857166,13259855.23,5.58960844857166
MANTLE,2023-08-25,0.42093496986991,0.433876501195606,0.416259863972705,0.427517240974058,11256648.4578932,26422375.63,11.256648457893201
MANTLE,2023-08-26,0.427627928237879,0.433492150478933,0.427511393325515,0.433438860809766,3647293.31718129,8460695.66,3.64729331718129
MANTLE,2023-08-27,0.433319867550958,0.438047687356453,0.433253502819571,0.438025561035183,3775144.65228067,8673045.9,3.77514465228067
MANTLE,2023-08-28,0.438079834120084,0.438079834120084,0.430037255272929,0.432876219466485,6930500.89166834,15995309.19,6.93050089166834
MANTLE,2023-08-29,0.432836364772504,0.443942449857249,0.429357530273576,0.44224492085541,20371649.9226529,46514404.92,20.3716499226529
MANTLE,2023-08-30,0.442130462315283,0.450931397744677,0.441087718867162,0.450931397744677,12057394.226725,27082570.65,12.057394226725
MANTLE,2023-08-31,0.450939615485681,0.458086417831453,0.444513390663805,0.44788197368857,14888820.6230979,33084702.05,14.8888206230979
MANTLE,2023-09-01,0.448258887237441,0.45308687085289,0.446426992908126,0.449645260064675,13750219.7073526,30545590.95,13.7502197073526
MANTLE,2023-09-02,0.449738336268136,0.452367640068218,0.449571715864446,0.450705729281876,8447704.93156907,18745495.64,8.447704931569069
MANTLE,2023-09-03,0.450810866294149,0.45250158071789,0.45062361254956,0.452044907909756,7597799.87223051,16827347.37,7.59779987223051
MANTLE,2023-09-04,0.452034975521054,0.45302844027618,0.441550314123647,0.442215738119915,12701456.984333,28364222.44,12.701456984333
MANTLE,2023-09-05,0.442185379003578,0.443348278139289,0.423495927188055,0.423523004212848,19976573.6367115,46133398.91,19.9765736367115
MANTLE,2023-09-06,0.423599574000484,0.424028704933796,0.41491387901709,0.415859512194007,10797260.0109545,25795462.15,10.7972600109545
MANTLE,2023-09-07,0.415853672747471,0.419089139124049,0.415530026494809,0.418569354262469,8506190.47418829,20384361.06,8.50619047418829
MANTLE,2023-09-08,0.418654698211308,0.418736725255235,0.413168385165353,0.414034475333936,10096013.7797609,24306652.03,10.0960137797609
MANTLE,2023-09-09,0.414036122798902,0.414241453915018,0.411677659257824,0.411937633523441,5244929.28685404,12700968.93,5.24492928685404
MANTLE,2023-09-10,0.41178917268404,0.412832927890609,0.408652792489522,0.410679223850415,15476879.3489198,37678061.91,15.4768793489198
MANTLE,2023-09-11,0.410652379523349,0.410667397760901,0.40070185668256,0.402307520021213,34843002.6108754,85870365.34,34.843002610875395
MANTLE,2023-09-12,0.402228098172752,0.410029894285173,0.401526410551351,0.407204228134471,36161371.7952213,88950182.04,36.1613717952213
MANTLE,2023-09-13,0.406934716576817,0.407842037377043,0.404272314505756,0.406436920714993,26337639.5769145,64855047.19,26.3376395769145
MANTLE,2023-09-14,0.406366036483307,0.410177333880498,0.406194830783798,0.408394421124059,27598648.8749508,67540121.15,27.5986488749508
MANTLE,2023-09-15,0.408372592716718,0.41053463832109,0.403838147727136,0.40672395877354,23466150.9908915,57627842.07,23.466150990891503
MANTLE,2023-09-16,0.406611647245939,0.407549421648386,0.404053493946372,0.404985689858418,20302830.6188777,50074091.43,20.302830618877703
MANTLE,2023-09-17,0.404986215336115,0.405087254427799,0.40163348906763,0.40300465768604,17167703.0019724,42558630.18,17.1677030019724
MANTLE,2023-09-18,0.403103402593136,0.407758944227428,0.401358683406053,0.404909979509493,31051006.7607066,76771902.42,31.0510067607066
MANTLE,2023-09-19,0.404912448143563,0.406427279769162,0.402546760541111,0.404598035350625,24878197.9931182,61526478.94,24.8781979931182
MANTLE,2023-09-20,0.404609099221982,0.40482889191925,0.400093241636619,0.400722192674277,27608140.4611948,68610638.87,27.608140461194797
MANTLE,2023-09-21,0.400624210210177,0.402207582052324,0.392322144002703,0.394035909505924,28604641.3532276,71843419.28,28.6046413532276
MANTLE,2023-09-22,0.394128945118851,0.396084613843732,0.393365698065335,0.393699124026098,17486460.0216362,44316139.0,17.486460021636198
MANTLE,2023-09-23,0.393697005942237,0.393800442902661,0.390461290425714,0.39130060782716,13663545.4388166,34866769.08,13.6635454388166
MANTLE,2023-09-24,0.391297073334547,0.39880315781999,0.390889081882956,0.396173239491954,13738535.4605205,34741769.42,13.7385354605205
MANTLE,2023-09-25,0.396156010761359,0.39739819624546,0.389920653945441,0.391733615844711,20209802.2683093,51461928.33,20.2098022683093
MANTLE,2023-09-26,0.391729172915457,0.392260674586722,0.38864443205572,0.389787759064899,19852690.8235289,50870274.64,19.8526908235289
MANTLE,2023-09-27,0.389679408273717,0.395363811195195,0.386139319978611,0.386591438933493,20956358.9845296,53740211.98,20.9563589845296
MANTLE,2023-09-28,0.386590727499427,0.397144023228432,0.38647447941657,0.396312027399002,34083393.5896863,87038174.34,34.083393589686295
MANTLE,2023-09-29,0.396832056437423,0.400574176714329,0.394745447154133,0.399047543385679,41677675.812478,104927749.03,41.677675812478
MANTLE,2023-09-30,0.399100365352605,0.401081950145879,0.397915833452136,0.39947245500602,18251560.1490937,45726787.84,18.2515601490937
MANTLE,2023-10-01,0.399265015960573,0.402140438863937,0.393962092688201,0.399933788672927,33724243.2141274,84656675.88,33.7242432141274
MANTLE,2023-10-02,0.399887210417126,0.423653650566349,0.398453995466884,0.412878922366388,51547882.4988449,124833163.93,51.5478824988449
MANTLE,2023-10-03,0.412791871030064,0.413985201513321,0.409107712848681,0.411314790019297,31956744.8633917,77656895.92,31.9567448633917
MANTLE,2023-10-04,0.411214981289471,0.411412552811752,0.405437389914004,0.407247922981197,37178182.5771128,91149153.63,37.1781825771128
MANTLE,2023-10-05,0.407148142716692,0.408883552873292,0.39750333062783,0.398212768958508,29756489.8136001,73635462.62,29.7564898136001
MANTLE,2023-10-06,0.397935935096913,0.400151561638413,0.393880801566565,0.39658026020079,25150029.2322516,63277650.27,25.1500292322516
MANTLE,2023-10-07,0.396503097354082,0.398693067490968,0.390807759478048,0.391009274846366,18587776.9298355,47165350.84,18.5877769298355
MANTLE,2023-10-08,0.390908903858875,0.392551067705009,0.379096316922536,0.379191084286954,27170076.3589663,70682575.67,27.1700763589663
MANTLE,2023-10-09,0.379197912602022,0.384639327601404,0.371459734896705,0.372619827740194,34409410.9960619,91450870.04,34.4094109960619
MANTLE,2023-10-10,0.372724599995652,0.374187588205559,0.362516050683516,0.363239819981965,22016246.735712,59706289.24,22.016246735712
MANTLE,2023-10-11,0.363116281038085,0.363556636058154,0.350954190789835,0.351655170408475,24194783.4605019,67955271.07,24.194783460501903
MANTLE,2023-10-12,0.351763131894736,0.352859439474448,0.339542735074415,0.339555543980855,27228526.1873843,78702269.63,27.2285261873843
MANTLE,2023-10-13,0.339647529507665,0.339647529507665,0.322027025537217,0.322560885311961,31260447.3215305,95057313.36,31.2604473215305
MANTLE,2023-10-14,0.322481734964546,0.338077451033662,0.322374866857659,0.323941526564219,26804762.7253346,81678189.51,26.804762725334598
MANTLE,2023-10-15,0.323954898340792,0.32802433532642,0.320733404331428,0.321355438877399,25596844.0907234,79212865.47,25.596844090723398
MANTLE,2023-10-16,0.321361880791569,0.342795080938726,0.320743529698671,0.332276308606302,36863526.6958084,112046957.8,36.8635266958084
MANTLE,2023-10-17,0.332466943219641,0.333719447800547,0.320120912917097,0.320356271308308,28529445.6121745,87528579.32,28.5294456121745
MANTLE,2023-10-18,0.319887132224957,0.324422334169644,0.30752714228208,0.320681883031748,24498739.7876817,77128259.18,24.4987397876817
MANTLE,2023-10-19,0.320682451618257,0.333157963751197,0.319767147866466,0.332360211887911,26302578.1010179,80647570.67,26.3025781010179
MANTLE,2023-10-20,0.332555499720449,0.376303040722068,0.330875919940303,0.373893335441402,36994743.1962994,104469772.26,36.994743196299396
MANTLE,2023-10-21,0.374283038129946,0.389157289263502,0.368807433255467,0.389157289263502,36292914.7921555,95445710.33,36.2929147921555
MANTLE,2023-10-22,0.389121057833239,0.389919786235517,0.374163745516562,0.377436391423534,31720406.5193396,83175706.59,31.720406519339598
MANTLE,2023-10-23,0.377621042625513,0.390290516325464,0.376052926979564,0.380376101435153,59010606.5152682,154645641.69,59.0106065152682
MANTLE,2023-10-24,0.380398719052787,0.389271313034273,0.376905691654513,0.379921316094296,80576315.3552398,209541384.55,80.5763153552398
MANTLE,2023-10-25,0.38015070275237,0.382459231181354,0.368498959174263,0.370022574526504,52232455.2105997,139215719.68,52.232455210599696
MANTLE,2023-10-26,0.370013024267724,0.381845727806098,0.368424950365556,0.378670286993883,83057144.492881,222007109.74,83.057144492881
MANTLE,2023-10-27,0.377976241917517,0.380831085778848,0.374655165294679,0.377297848722005,44475871.2304117,117723987.54,44.4758712304117
MANTLE,2023-10-28,0.377386547569111,0.380934586961789,0.376401157287668,0.378503770862676,24514642.8801579,64709619.82,24.5146428801579
MANTLE,2023-10-29,0.378594669764158,0.382010771069116,0.375412756760438,0.379861496282667,33268028.6083169,87748282.41,33.2680286083169
MANTLE,2023-10-30,0.379957481538088,0.382711484521293,0.376938288577929,0.379673329983829,39758367.9881195,104694980.15,39.758367988119495
MANTLE,2023-10-31,0.379573168838828,0.38207473967209,0.374244515967909,0.379845968167386,51469534.0120453,136142493.39,51.4695340120453
MANTLE,2023-11-01,0.379951057019389,0.385218898806779,0.375783480819602,0.384472159906516,68828975.3193347,181219645.49,68.8289753193347
MANTLE,2023-11-02,0.38469629438795,0.408185716802376,0.384579832659107,0.40588459201359,64568941.6445133,162118138.07,64.5689416445133
MANTLE,2023-11-03,0.405980058568252,0.412542428236238,0.399524629282053,0.411718641444275,69413628.0454682,170294254.36,69.4136280454682
MANTLE,2023-11-04,0.411726243256058,0.413183031479534,0.409129587283246,0.410712989625963,60458410.7527776,147225428.02,60.458410752777596
MANTLE,2023-11-05,0.410712835400455,0.416524888421845,0.409833403678684,0.415022136035204,58787154.0649525,142119905.82,58.7871540649525
MANTLE,2023-11-06,0.415010233485503,0.420028155279636,0.414242831899267,0.416635912877123,57165687.9185052,137144975.29,57.1656879185052
MANTLE,2023-11-07,0.416640384559131,0.419794070546964,0.41160264538254,0.415477676958093,56699355.9814508,136580422.47,56.6993559814508
MANTLE,2023-11-08,0.415478795409262,0.438821945729912,0.414616049990355,0.436653929806322,64443313.8930202,149473063.19,64.4433138930202
MANTLE,2023-11-09,0.436534361079809,0.45862722314482,0.436534361079809,0.457638974489675,132536694.820165,296066627.6,132.536694820165
MANTLE,2023-11-10,0.457355162588053,0.466643775536863,0.454987751966992,0.464177042761378,95082668.5000071,206714401.64,95.08266850000709
MANTLE,2023-11-11,0.464164270646164,0.4644829923877,0.428446721806234,0.432032280797118,78125244.8901132,174151634.7,78.12524489011321
MANTLE,2023-11-12,0.432240447049088,0.445878297362666,0.428460594263992,0.445319113728371,67219654.0100959,154014015.75,67.2196540100959
MANTLE,2023-11-13,0.445209290052228,0.466160136970031,0.444361061162136,0.455416829252994,97229111.6147637,212937385.03,97.22911161476371
MANTLE,2023-11-14,0.455215218815293,0.459731920806968,0.445665345442155,0.448093698129254,80966280.1856829,178959527.052168,80.96628018568289
MANTLE,2023-11-15,0.44799688513317,0.464020807815647,0.44437576464412,0.460150326898177,68218096.3978106,149903558.339319,68.2180963978106
MANTLE,2023-11-16,0.460150326898177,0.485372696053684,0.460150326898177,0.485014686777567,66748046.1834121,139329570.322858,66.7480461834121
MANTLE,2023-11-17,0.485014686777567,0.534130663625391,0.484628437733564,0.533095117411603,136501289.48078,268006698.147722,136.50128948078
MANTLE,2023-11-18,0.533095117411603,0.538567232243481,0.496286629715695,0.503584792735103,98209395.5324579,191233380.075231,98.2093955324579
MANTLE,2023-11-19,0.503584792735103,0.515280431009562,0.486331203314766,0.491557590448153,129133506.34589,259827629.624546,129.13350634589
MANTLE,2023-11-20,0.491557590448153,0.499607890903046,0.487132303519741,0.493043067798743,116206514.5846,235548465.919803,116.2065145846
MANTLE,2023-11-21,0.493043067798743,0.4957029945712,0.465748718726762,0.466095933710487,111594652.378076,234328846.863219,111.594652378076
MANTLE,2023-11-22,0.466095933710487,0.485533303291309,0.458316416313446,0.460159250933145,114757914.237724,244820129.418108,114.75791423772401
MANTLE,2023-11-23,0.460159250933145,0.514950880759091,0.458950212659955,0.507974300543826,110699146.893658,225517536.859497,110.699146893658
MANTLE,2023-11-24,0.507974300543826,0.523376248794871,0.500711141401762,0.508221932033268,89735886.686654,175636969.886699,89.735886686654
MANTLE,2023-11-25,0.508221932033268,0.516953913478592,0.508154103892432,0.514635839894711,58730189.6168967,114594363.954377,58.730189616896695
MANTLE,2023-11-26,0.514635839894711,0.52104290645859,0.504325288010354,0.512094662165188,61797755.2763533,120408562.387706,61.7977552763533
MANTLE,2023-11-27,0.512094662165188,0.51386487674758,0.497357520563424,0.504706645741157,65865425.2774539,130472114.184838,65.8654252774539
MANTLE,2023-11-28,0.504706645741157,0.537607266940697,0.498746100068298,0.53441051481064,73947221.7872243,142611097.08512,73.9472217872243
MANTLE,2023-11-29,0.53441051481064,0.534414682548074,0.512144825577555,0.527220850720511,81979004.240034,156754321.629487,81.979004240034
MANTLE,2023-11-30,0.527220850720511,0.543845120633871,0.522318305771908,0.539997584458225,84935180.133316,158597008.951521,84.935180133316
MANTLE,2023-12-01,0.539997584458225,0.549769529720151,0.536024172097158,0.546008625689623,91821216.8321898,168450873.624357,91.8212168321898
MANTLE,2023-12-02,0.546008625689623,0.553444101057523,0.542099268620791,0.549462445327728,93124399.4396796,170036837.231997,93.12439943967959
MANTLE,2023-12-03,0.549462445327728,0.550137779899814,0.539981836060688,0.546492780713986,90307754.4355053,165741674.282748,90.3077544355053
MANTLE,2023-12-04,0.546492780713986,0.600320417691514,0.545525525898323,0.597845461104009,158986991.766052,278613823.138461,158.986991766052
MANTLE,2023-12-05,0.597845461104009,0.599430950790377,0.545725463223418,0.586210195323258,149532117.631992,260426021.545556,149.532117631992
MANTLE,2023-12-06,0.586210195323258,0.641710809003986,0.581762438842856,0.634053661699345,150726209.942709,247224430.910243,150.726209942709
MANTLE,2023-12-07,0.634053661699345,0.651122577565769,0.617425709999183,0.643321018886988,173013038.922937,272407255.133489,173.013038922937
MANTLE,2023-12-08,0.643321018886988,0.657062892378598,0.632035849173483,0.634146981008928,87417457.1050354,135611981.531584,87.4174571050354
MANTLE,2023-12-09,0.634146981008928,0.641448084429027,0.61440318634462,0.615578344368593,93761782.4090814,149033902.822757,93.7617824090814
MANTLE,2023-12-10,0.615578344368593,0.618645378838124,0.60239502853325,0.60894399806502,36705329.5070865,60190320.8662008,36.7053295070865
MANTLE,2023-12-11,0.60894399806502,0.609718844111018,0.56920933776296,0.580870295240092,135286708.702216,230962033.83255,135.286708702216
MANTLE,2023-12-12,0.580870295240092,0.59378942192757,0.573231113799217,0.580455709163334,38811325.0125895,66055673.6115352,38.8113250125895
MANTLE,2023-12-13,0.580455709163334,0.58869761291157,0.567488744788052,0.58612710516717,13413213.0470853,23314623.2605965,13.4132130470853
MANTLE,2023-12-14,0.58612710516717,0.604018290372982,0.582715664115564,0.60072659650627,14344851.7646708,24175034.5951324,14.3448517646708
MANTLE,2023-12-15,0.60072659650627,0.600944203468537,0.578705791835749,0.57898323670635,23632895.8685424,40203599.0542501,23.6328958685424
MANTLE,2023-12-16,0.57898323670635,0.589619489052314,0.578134924747306,0.583217218820406,24372130.0209945,41688205.9471952,24.3721300209945
MANTLE,2023-12-17,0.583217218820406,0.583916528656687,0.56444517681813,0.564453446198311,24400334.5730684,42402978.8884933,24.4003345730684
MANTLE,2023-12-18,0.564453446198311,0.570047671791547,0.541987766173341,0.570047671791547,41030553.852956,73692956.1673134,41.030553852956
MANTLE,2023-12-19,0.570047671791547,0.577523041568002,0.55085881414478,0.560965684223398,30253977.5698699,53661438.1177422,30.2539775698699
MANTLE,2023-12-20,0.560965684223398,0.578283074131168,0.555052356485903,0.564943996453203,47160310.9886189,83113611.2790402,47.1603109886189
MANTLE,2023-12-21,0.564943996453203,0.580370963160835,0.562215669640333,0.576807082319827,40793988.1778237,71235607.1633549,40.7939881778237
MANTLE,2023-12-22,0.576807082319827,0.603677471144386,0.574560275612739,0.602014305529057,154820022.234852,260926108.17658,154.820022234852
MANTLE,2023-12-23,0.602014305529057,0.624342532764321,0.576459797963792,0.624232356248211,103906249.387506,174524914.368456,103.906249387506
MANTLE,2023-12-24,0.624232356248211,0.63478282580203,0.612376698751802,0.622597240839754,89345909.8579172,143535653.915619,89.3459098579172
MANTLE,2023-12-25,0.622597240839754,0.625861750696388,0.604587571310755,0.608527446960351,58415673.2045436,95151006.8631833,58.415673204543594
MANTLE,2023-12-26,0.608527446960351,0.610491828004262,0.579905731903486,0.587000398732846,64047333.9024161,107999325.280437,64.0473339024161
MANTLE,2023-12-27,0.587000398732846,0.625020933132119,0.577716061116164,0.624012171461959,118642657.549982,197923296.360635,118.64265754998199
MANTLE,2023-12-28,0.624012171461959,0.650217257896561,0.620717181144086,0.645700233600368,189353008.466366,298723600.346752,189.353008466366
MANTLE,2023-12-29,0.645700233600368,0.668596313345812,0.631901893374991,0.659503437134989,169856252.144585,260941055.764793,169.856252144585
MANTLE,2023-12-30,0.659503437134989,0.665531084471585,0.640868794640656,0.655421244117645,96391261.3712789,146901960.30507,96.3912613712789
MANTLE,2023-12-31,0.655421244117645,0.662180630120896,0.638466392164199,0.643118535678115,96440059.8110115,147633878.840826,96.4400598110115
MANTLE,2024-01-01,0.643118535678115,0.649952700148666,0.635447465015955,0.64344560479626,56881117.9643322,88612737.3188006,56.8811179643322
MANTLE,2024-01-02,0.64344560479626,0.674377113145007,0.642205265698305,0.668346625233032,144153212.963416,218598002.831166,144.15321296341602
MANTLE,2024-01-03,0.668346625233032,0.691466164043517,0.607774466162171,0.616091319780936,267976245.393382,414936179.946911,267.976245393382
MANTLE,2024-01-04,0.616091319780936,0.621029958914189,0.591102856080339,0.599197204155302,181413936.669736,299975906.208578,181.413936669736
MANTLE,2024-01-05,0.599197204155302,0.610201676962438,0.588686697313089,0.610067806526094,116510801.183261,194359285.059175,116.51080118326101
MANTLE,2024-01-06,0.610067806526094,0.610067806526094,0.588653261950916,0.597653280492074,81169876.6847769,135885489.942217,81.1698766847769
MANTLE,2024-01-07,0.597653280492074,0.604533724300532,0.584339734753171,0.589528378897733,59684893.3454001,99861047.8315099,59.684893345400106
MANTLE,2024-01-08,0.589528378897733,0.619923994162813,0.577990052698298,0.614727877080065,169674775.976417,283774896.307466,169.674775976417
MANTLE,2024-01-09,0.614727877080065,0.660032773975895,0.604684202786987,0.658507546202236,136995064.005375,216013232.625456,136.99506400537499
MANTLE,2024-01-10,0.658507546202236,0.782522700504247,0.653429406696489,0.774032857398266,357011525.984677,515544857.612169,357.011525984677
MANTLE,2024-01-11,0.774032857398266,0.850400346869815,0.771960793119466,0.799467333700275,425737023.528742,527348616.771898,425.73702352874204
MANTLE,2024-01-12,0.799467333700275,0.829060669914312,0.731310788297709,0.741704209909068,303391699.088434,385629188.252507,303.391699088434
MANTLE,2024-01-13,0.741704209909068,0.773408602435302,0.738437588215294,0.769035617283579,138879593.366797,184630653.637837,138.879593366797
MANTLE,2024-01-14,0.769035617283579,0.777266511462214,0.698747481634488,0.700347767537874,84749737.48971,116267862.39089,84.74973748971
MANTLE,2024-01-15,0.700347767537874,0.730607203335653,0.700347767537874,0.718753313353652,91577271.6450651,127080012.084184,91.5772716450651
MANTLE,2024-01-16,0.718753313353652,0.737322005532121,0.708170830910056,0.729128580028114,107899571.463947,149078099.391558,107.899571463947
MANTLE,2024-01-17,0.729128580028114,0.731554389845394,0.708783804490049,0.71151344286362,68243974.349579,94862682.601613,68.243974349579
MANTLE,2024-01-18,0.71151344286362,0.715825454569914,0.676589529800983,0.687901932733501,106004499.118969,153016227.79946,106.004499118969
MANTLE,2024-01-19,0.687901932733501,0.692784357680497,0.664347346726723,0.682021400664606,110963087.87507,163168249.742155,110.96308787507
MANTLE,2024-01-20,0.682021400664606,0.682021400664606,0.670308857821556,0.673423164153846,27599441.0935997,40856459.6797041,27.5994410935997
MANTLE,2024-01-21,0.673423164153846,0.681550009177618,0.6729396084078,0.677957338401834,24161381.0613129,35602228.8711266,24.1613810613129
MANTLE,2024-01-22,0.677957338401834,0.687157812577431,0.647693480295472,0.648525364666485,139639375.942618,208580005.106458,139.63937594261802
MANTLE,2024-01-23,0.648525364666485,0.652461107896875,0.594641936302656,0.619947003384144,181322643.391988,295438798.490489,181.322643391988
MANTLE,2024-01-24,0.619947003384144,0.633377905163176,0.605533250936928,0.632249870483309,94384541.9549269,153226345.453001,94.38454195492689
MANTLE,2024-01-25,0.632249870483309,0.642374646308267,0.601691854980446,0.616504797255583,96261830.0571921,155743996.022634,96.2618300571921
MANTLE,2024-01-26,0.616504797255583,0.658407736632694,0.615038861408738,0.65340130272038,103121539.238603,160459646.054583,103.12153923860299
MANTLE,2024-01-27,0.65340130272038,0.66429849258042,0.651600224378145,0.654997640605168,35993255.3461893,54805213.5548017,35.9932553461893
MANTLE,2024-01-28,0.654997640605168,0.66005128550792,0.635685594554191,0.638813265853692,53355781.5126423,82160438.8515845,53.3557815126423
MANTLE,2024-01-29,0.638813265853692,0.644960633167397,0.596978724490171,0.621549499336754,103721128.711937,168609641.765149,103.721128711937
MANTLE,2024-01-30,0.621549499336754,0.62549084358158,0.590410366557499,0.592607121657378,106124451.561364,175737751.376733,106.124451561364
MANTLE,2024-01-31,0.592607121657378,0.599547165923441,0.577641915876283,0.584851985010755,108764914.542361,184717594.683786,108.76491454236101
MANTLE,2024-02-01,0.584851985010755,0.59165425732996,0.563315431868086,0.58894811874483,75460578.0968014,130891258.129273,75.4605780968014
MANTLE,2024-02-02,0.58894811874483,0.599332474573429,0.584235085364958,0.589708427955055,46841087.8309094,79238973.8728794,46.8410878309094
MANTLE,2024-02-03,0.589708427955055,0.596405254027815,0.588363859400599,0.590553978312267,22426573.9596113,37874269.4415295,22.4265739596113
MANTLE,2024-02-04,0.590553978312267,0.599336694608607,0.586003963472075,0.59624565226896,26171256.9204674,44179006.9334738,26.1712569204674
MANTLE,2024-02-05,0.59624565226896,0.597288544591537,0.584734701401723,0.590678715303243,35486609.8688542,60223684.5687595,35.4866098688542
MANTLE,2024-02-06,0.590678715303243,0.603657145370942,0.583253059991495,0.597540258271591,85198182.3070038,143804550.930488,85.19818230700379
MANTLE,2024-02-07,0.597540258271591,0.617285571446494,0.591405151536118,0.610136651398799,77265412.9050212,127868576.694713,77.26541290502121
MANTLE,2024-02-08,0.610136651398799,0.620354981903907,0.604635963514009,0.610662405582717,75237621.1051059,122947283.231065,75.2376211051059
MANTLE,2024-02-09,0.610662405582717,0.654503005080511,0.610383581173498,0.648825477471123,124915057.015085,195213661.280147,124.915057015085
MANTLE,2024-02-10,0.648825477471123,0.656097139560538,0.638078960475736,0.651102257274137,35229856.1247669,54485481.615508,35.229856124766904
MANTLE,2024-02-11,0.651102257274137,0.668880187288054,0.650236282040085,0.654815764122844,40469899.1901326,61273721.3082047,40.4698991901326
MANTLE,2024-02-12,0.654815764122844,0.684613464757074,0.6392056660358,0.684276406674666,123698198.085838,185856718.771935,123.698198085838
MANTLE,2024-02-13,0.684276406674666,0.78802768185472,0.676263715919965,0.695095644044901,163968662.761263,232296675.988984,163.968662761263
MANTLE,2024-02-14,0.695095644044901,0.777725106976833,0.684224328731815,0.777480822126131,138976160.355381,193122865.451018,138.976160355381
MANTLE,2024-02-15,0.777480822126131,0.820889148996225,0.766336353412525,0.778173690881299,205038876.660154,260457264.377648,205.03887666015402
MANTLE,2024-02-16,0.778173690881299,0.786683343451093,0.737165896422789,0.771884314016897,157180098.892951,205323530.327758,157.180098892951
MANTLE,2024-02-17,0.771884314016897,0.774481216831292,0.734127777213832,0.750477788117997,59068382.3680859,78543225.4255715,59.0683823680859
MANTLE,2024-02-18,0.750477788117997,0.794477797124649,0.744861998024603,0.788370116577124,70947783.3653806,91516006.2542262,70.9477833653806
MANTLE,2024-02-19,0.788370116577124,0.808871594593415,0.750138490843018,0.776758974180332,149119546.181916,192080232.897508,149.119546181916
MANTLE,2024-02-20,0.776758974180332,0.784059559067388,0.742572548203381,0.764844182155332,176310607.866418,230950444.568942,176.310607866418
MANTLE,2024-02-21,0.764844182155332,0.768299247082119,0.696571617849898,0.725924066779686,172842413.558034,239609785.302573,172.842413558034
MANTLE,2024-02-22,0.725924066779686,0.784524788030628,0.709143472146533,0.780181719519387,178843195.811995,236610245.975186,178.843195811995
MANTLE,2024-02-23,0.780181719519387,0.797319906197321,0.772458051582351,0.786477108303296,136441404.77626,173846414.260388,136.44140477626
MANTLE,2024-02-24,0.786477108303296,0.789969133703668,0.763087861084697,0.783188272129404,69727699.4211869,89910911.9021057,69.7276994211869
MANTLE,2024-02-25,0.783188272129404,0.903595926049167,0.775012058911357,0.887375123689031,117061126.244367,141104249.915366,117.061126244367
MANTLE,2024-02-26,0.887375123689031,0.950739702615673,0.867910025936047,0.927048980201896,259262798.060742,283284879.265937,259.262798060742
MANTLE,2024-02-27,0.927048980201896,0.950418199165496,0.886581317374573,0.887924326991689,185017732.6572,203419851.390715,185.0177326572
MANTLE,2024-02-28,0.887924326991689,0.947921483554339,0.858452765635623,0.945185932494098,378164158.949207,421194726.816669,378.16415894920704
MANTLE,2024-02-29,0.945185932494098,1.01204608032132,0.880163367522021,0.895759768210722,437446089.825575,459380063.236574,437.446089825575
MANTLE,2024-03-01,0.895759768210722,0.945316356398085,0.893905638356977,0.929940510047759,180097920.997323,195527528.759103,180.097920997323
MANTLE,2024-03-02,0.929940510047759,0.938191152075584,0.886874293409623,0.902971249403788,149309538.159059,163674335.013137,149.309538159059
MANTLE,2024-03-03,0.902971249403788,0.90772532181271,0.87627171676805,0.885281596798167,222819688.886878,248816046.553605,222.81968888687803
MANTLE,2024-03-04,0.885281596798167,0.941622612799843,0.868029277583846,0.940409754676051,272606100.108656,305609719.846163,272.606100108656
MANTLE,2024-03-05,0.940409754676051,0.998291291143486,0.85414032865519,0.922350003307507,565009509.686042,599911807.8415,565.009509686042
MANTLE,2024-03-06,0.922350003307507,1.02283493855323,0.921206995013068,0.975747877603664,522573796.453059,533130223.077707,522.573796453059
MANTLE,2024-03-07,0.975747877603664,1.00389050770727,0.956222322377272,0.983492497421891,98043674.6533187,100085748.081376,98.0436746533187
MANTLE,2024-03-08,0.983492497421891,1.05940820409091,0.968453480273925,1.05301268609914,294455640.174951,290235027.451511,294.45564017495104
MANTLE,2024-03-09,1.05301268609914,1.07363668366854,1.00888499176418,1.05354072836579,207263487.039035,198043436.494929,207.263487039035
MANTLE,2024-03-10,1.05354072836579,1.069639054262,1.01824105367372,1.0395032702894,208749928.037257,198533062.140169,208.74992803725698
MANTLE,2024-03-11,1.0395032702894,1.09836882721981,1.00736505621145,1.07823243505805,353012578.4677,332255859.722546,353.0125784677
MANTLE,2024-03-12,1.07823243505805,1.09316699382976,1.00134867303945,1.03848225221988,309106951.420389,294755394.430658,309.106951420389
MANTLE,2024-03-13,1.03848225221988,1.08409981913873,1.02399467423824,1.04108694523716,425982883.575089,405293302.804823,425.982883575089
MANTLE,2024-03-14,1.04108694523716,1.08222789907713,0.937055162677673,0.986522699219024,448695016.846717,443991462.454919,448.695016846717
MANTLE,2024-03-15,0.986522699219024,1.00012717526927,0.861806188687914,0.891362936830167,461318466.845988,510466527.349891,461.318466845988
MANTLE,2024-03-16,0.891362936830167,0.899249145927921,0.809826471906775,0.819643446047149,236882322.409139,278305980.865687,236.882322409139
MANTLE,2024-03-17,0.819643446047149,0.884904567832615,0.800067124377049,0.874568303199606,326221089.174808,384997988.053137,326.221089174808
MANTLE,2024-03-18,0.874568303199606,0.87496013368629,0.814528689376634,0.834155322832942,344959202.345356,409671331.042032,344.959202345356
MANTLE,2024-03-19,0.834155322832942,0.840631504834653,0.768490270279051,0.791941935468429,481612678.759716,601433281.856578,481.61267875971595
MANTLE,2024-03-20,0.791941935468429,0.8496632366096,0.755373200510572,0.844720100404755,463255865.097824,576869876.027625,463.25586509782397
MANTLE,2024-03-21,0.844720100404755,0.865896793815946,0.816080718222847,0.831994616610632,331085312.376409,395257585.317856,331.085312376409
MANTLE,2024-03-22,0.831994616610632,0.847999013331871,0.776029405177269,0.789610074337212,241982777.751241,300241881.697336,241.982777751241
MANTLE,2024-03-23,0.789610074337212,0.834931067339773,0.782561352394466,0.80577892362954,145531130.140615,179362184.692132,145.53113014061498
MANTLE,2024-03-24,0.80577892362954,0.845359161260175,0.801389379913822,0.839992306624098,142893425.141251,174202608.501893,142.893425141251
MANTLE,2024-03-25,0.839992306624098,0.87227907493154,0.819509679856131,0.859618158666362,230059292.993853,270281356.355204,230.059292993853
MANTLE,2024-03-26,0.859618158666362,0.936319050715211,0.854111566250369,0.934521832057068,249738283.159617,275107578.55319,249.738283159617
MANTLE,2024-03-27,0.934521832057068,1.49282867336562,0.930116141684712,1.26150644664877,683583475.583998,545149231.405432,683.5834755839979
MANTLE,2024-03-28,1.26150644664877,1.26320361829044,1.16674171965289,1.21343018264046,214989096.780731,177880941.943521,214.989096780731
MANTLE,2024-03-29,1.21343018264046,1.213737195805,1.15233903898827,1.18197748387524,112729010.820892,96124110.8834022,112.729010820892
MANTLE,2024-03-30,1.18197748387524,1.35128974587014,1.17410396376856,1.25738785456472,180915287.261101,141131506.171728,180.915287261101
MANTLE,2024-03-31,1.25738785456472,1.35578716373426,1.25299662568936,1.31700519866777,114321823.089575,87066730.8223103,114.32182308957499
MANTLE,2024-04-01,1.31700519866777,1.32584379551431,1.20290073959242,1.26153793001785,196447438.332059,157583414.568186,196.447438332059
MANTLE,2024-04-02,1.26153793001785,1.27491459580302,1.16495186628629,1.26889151193323,300436413.320912,246772852.117563,300.436413320912
MANTLE,2024-04-03,1.26889151193323,1.30529732574078,1.20703912118832,1.23474071891309,106867748.892845,85250420.8188004,106.867748892845
MANTLE,2024-04-04,1.23474071891309,1.43538213389282,1.23266482324432,1.4098033219477,144072521.829425,107985917.943911,144.072521829425
MANTLE,2024-04-05,1.4098033219477,1.4472386615823,1.28941398658897,1.3640371046292,108321642.877754,79650153.7396732,108.321642877754
MANTLE,2024-04-06,1.3640371046292,1.36404434558584,1.30664257968721,1.34218722173163,33332387.4605784,25023104.150795,33.3323874605784
MANTLE,2024-04-07,1.34218722173163,1.4262341762007,1.34049782203375,1.41279709132922,44180402.1731537,31630468.2505272,44.1804021731537
MANTLE,2024-04-08,1.41279709132922,1.50962095241974,1.40663546556571,1.4426286048741,94950440.6159527,64904243.2748671,94.9504406159527
MANTLE,2024-04-09,1.4426286048741,1.46177389061132,1.33551702998563,1.36280171817682,80130821.0458446,57726243.1279137,80.1308210458446
MANTLE,2024-04-10,1.36280171817682,1.3629537558288,1.26437038108659,1.32958288567925,66785284.5839994,50737825.187945,66.7852845839994
MANTLE,2024-04-11,1.32958288567925,1.33028566127782,1.26878888473592,1.27487441544602,41516650.8856766,32091852.1780299,41.5166508856766
MANTLE,2024-04-12,1.27487441544602,1.32791224076055,1.06300793006835,1.15900055489367,84431649.5260745,68279430.6965466,84.4316495260745
MANTLE,2024-04-13,1.15900055489367,1.21570735030054,1.02884724727408,1.09227890678896,100261942.33803,87780039.2591604,100.26194233803
MANTLE,2024-04-14,1.09227890678896,1.16820550666841,1.03246629521146,1.15624194718889,121980765.24107,109919330.486854,121.98076524107
MANTLE,2024-04-15,1.15624194718889,1.197371314929,1.08549699221247,1.12170212149256,85077268.6414555,74116662.4310284,85.0772686414555
MANTLE,2024-04-16,1.12170212149256,1.17557634647065,1.07187508277741,1.12140173596404,80850543.6517323,72495390.9931956,80.8505436517323
MANTLE,2024-04-17,1.12140173596404,1.18042576620394,1.10218856875959,1.15522228621915,84977401.52823,74136911.3533609,84.97740152822999
MANTLE,2024-04-18,1.15522228621915,1.17828381530273,1.10156979385046,1.17105279483502,80696353.4933725,70650132.7928032,80.6963534933725
MANTLE,2024-04-19,1.17105279483502,1.17435100995838,1.07927325488832,1.14126561767409,89467341.7920838,78630718.0711473,89.4673417920838
MANTLE,2024-04-20,1.14126561767409,1.20597133673077,1.13208754108781,1.19387821931602,47992673.9728874,41389343.7369993,47.992673972887395
MANTLE,2024-04-21,1.19387821931602,1.24723574186416,1.1727408957473,1.19229987638727,41198247.8002386,34138668.7133359,41.198247800238605
MANTLE,2024-04-22,1.19229987638727,1.24279529587802,1.19116373012029,1.23342740624097,36887043.8658604,30092203.6526026,36.887043865860406
MANTLE,2024-04-23,1.23342740624097,1.26662402704661,1.16316292715691,1.16923087661363,59208817.9564265,49557980.0364868,59.2088179564265
MANTLE,2024-04-24,1.16923087661363,1.17677101786018,1.09686031789988,1.10409821431671,59490903.207804,52456223.5061636,59.490903207804
MANTLE,2024-04-25,1.10409821431671,1.14762542429673,1.08836185285687,1.1236300528277,66436423.4159805,59445732.3664232,66.4364234159805
MANTLE,2024-04-26,1.1236300528277,1.12872300306177,1.08104748429115,1.09488987581011,46681583.0514846,42207698.484226,46.6815830514846
MANTLE,2024-04-27,1.09488987581011,1.09992167881003,1.0573152807566,1.08930751641692,40778062.3411254,37811635.3296611,40.7780623411254
MANTLE,2024-04-28,1.08930751641692,1.11333054215131,1.07139835643599,1.07697689650757,35385310.6826592,32182279.9335399,35.3853106826592
MANTLE,2024-04-29,1.07697689650757,1.08785103036575,1.01540149133341,1.0413879721656,51586193.1876791,49546899.5497202,51.5861931876791
MANTLE,2024-04-30,1.0413879721656,1.04593183824004,0.929563474631515,0.956558195474549,53629225.9871623,54872239.6335155,53.6292259871623
MANTLE,2024-05-01,0.956558195474549,0.969100953592335,0.865314790162266,0.945995375357059,85839859.0162292,93356570.4143438,85.8398590162292
MANTLE,2024-05-02,0.945995375357059,1.02355108926748,0.920178946505275,1.00167816686712,97119211.2857139,99723729.4107456,97.1192112857139
MANTLE,2024-05-03,1.00167816686712,1.05687990777202,0.979193689682524,1.04614685839525,87678017.4615701,86377319.9041817,87.6780174615701
MANTLE,2024-05-04,1.04614685839525,1.06972363534113,1.03958452726661,1.0502129333582,53405944.4005366,50738579.6840571,53.4059444005366
MANTLE,2024-05-05,1.0502129333582,1.07712086931752,1.02397875037416,1.06905530134577,42780304.1799084,40785441.5340799,42.780304179908406
MANTLE,2024-05-06,1.06905530134577,1.10193535467462,1.04525703848276,1.04634084851226,59261741.3129329,55597500.428145,59.2617413129329
MANTLE,2024-05-07,1.04634084851226,1.09016567190267,1.03727787452855,1.04303315164308,87297176.0765038,82384065.3675525,87.2971760765038
MANTLE,2024-05-08,1.04303315164308,1.05475670008597,1.00036420774349,1.00845895094258,79203084.3407853,77141394.7870024,79.2030843407853
MANTLE,2024-05-09,1.00845895094258,1.04148586453419,1.00306288458559,1.03777368123325,65691295.1571452,64358442.9029291,65.6912951571452
MANTLE,2024-05-10,1.03777368123325,1.05163026860878,0.998091608173442,1.00600116441847,68207981.6755846,66471418.8848146,68.2079816755846
MANTLE,2024-05-11,1.00600116441847,1.02238788916708,1.00464664828533,1.00856471705648,50998948.5853301,50368616.5209763,50.9989485853301
MANTLE,2024-05-12,1.00856471705648,1.01767029032215,1.00173502998819,1.00872102875252,38038780.6150713,37635103.7755314,38.038780615071296
MANTLE,2024-05-13,1.00872102875252,1.01236600698637,0.960965539656164,0.990663566219641,60491320.1751599,61165609.6806195,60.4913201751599
MANTLE,2024-05-14,0.990663566219641,0.995473684121848,0.951037063103601,0.954151060220139,59745857.2995226,61624390.1366122,59.7458572995226
MANTLE,2024-05-15,0.954151060220139,1.00383447458976,0.940939428093804,0.999475461574922,76630388.1039185,78800851.4123937,76.63038810391849
MANTLE,2024-05-16,0.999475461574922,1.00985077453089,0.969807739924397,0.973813321278819,71294509.8044661,72258609.7457192,71.2945098044661
MANTLE,2024-05-17,0.973813321278819,1.0201056211474,0.967028890743605,1.00651376473585,73372796.5727641,73797639.7716388,73.3727965727641
MANTLE,2024-05-18,1.00651376473585,1.01026716006329,0.972020349265703,0.975494085418303,79229522.1624112,80117140.604658,79.2295221624112
MANTLE,2024-05-19,0.975494085418303,0.982275636929511,0.939417012447735,0.943061516785152,55728898.1500442,58005708.7251366,55.7288981500442
MANTLE,2024-05-20,0.943061516785152,1.03154252216327,0.930781799624166,1.02360557226337,67439353.6424993,69590834.1856276,67.4393536424993
MANTLE,2024-05-21,1.02360557226337,1.06895666884817,1.00446740694272,1.0515132447388,66108053.3261064,63691536.7920254,66.1080533261064
MANTLE,2024-05-22,1.0515132447388,1.08345686942938,1.03059279672148,1.04363556056306,106432601.850591,100929928.421253,106.432601850591
MANTLE,2024-05-23,1.04363556056306,1.06077179780504,0.975170369659406,1.00569770585036,94529738.4180578,92022981.969648,94.5297384180578
MANTLE,2024-05-24,1.00569770585036,1.02635813258058,0.980625021440972,1.01469940448086,80954932.9425834,80590297.6235001,80.9549329425834
MANTLE,2024-05-25,1.01469940448086,1.02362729280144,1.00395614133988,1.0147262245232,55918089.8618735,55069837.9794949,55.9180898618735
MANTLE,2024-05-26,1.0147262245232,1.04232911599529,1.00509519216436,1.02490682057199,38180040.8906658,37366434.0588417,38.1800408906658
MANTLE,2024-05-27,1.02490682057199,1.05462494525627,1.02392303753663,1.03282421892039,52203140.6887389,50167360.8070477,52.2031406887389
MANTLE,2024-05-28,1.03282421892039,1.04015389310876,1.00339079056073,1.018131882922,72536051.1927304,71070204.8734677,72.5360511927304
MANTLE,2024-05-29,1.018131882922,1.02729505225411,0.992005903724743,1.00399044087972,71603343.0305231,71013031.8558403,71.6033430305231
MANTLE,2024-05-30,1.00399044087972,1.0155610503226,0.98279549835737,0.999452848921398,83803275.5447638,83810673.2900735,83.8032755447638
MANTLE,2024-05-31,0.999452848921398,1.0092072105869,0.980576476687135,0.994365539037668,72566827.5708711,72865257.8202041,72.5668275708711
MANTLE,2024-06-01,0.994365539037668,1.00455104190032,0.988372001179117,0.999267793786118,49095898.1364927,49299190.6288554,49.0958981364927
MANTLE,2024-06-02,0.999267793786118,1.00278404165476,0.970779314267917,0.977827872948714,45208118.5146904,45814449.5767816,45.2081185146904
MANTLE,2024-06-03,0.977827872948714,0.986973341697588,0.961397273152736,0.965789734249975,52897170.2263833,54276863.6471672,52.897170226383295
MANTLE,2024-06-04,0.965789734249975,0.975899643302387,0.949472554196785,0.964490263101804,58342113.1457128,60647360.0668963,58.3421131457128
MANTLE,2024-06-05,0.964490263101804,1.0391112022023,0.963442700654743,1.03490101142508,96401821.7274868,96723205.716139,96.4018217274868
MANTLE,2024-06-06,1.03490101142508,1.05595022425559,1.02676761059936,1.0397530307423,136251738.508341,130974568.852024,136.25173850834102
MANTLE,2024-06-07,1.0397530307423,1.0405538792764,0.920502967164433,0.957053018171747,132941078.821224,133215555.104206,132.941078821224
MANTLE,2024-06-08,0.957053018171747,0.957459191186714,0.935532075428005,0.939894647932023,118992345.965479,125587658.860219,118.992345965479
MANTLE,2024-06-09,0.939894647932023,0.947463897870504,0.938326352625226,0.940594757211039,81585567.5948038,86608546.7971601,81.58556759480379
MANTLE,2024-06-10,0.940594757211039,0.940706572200766,0.920560689763916,0.921978445902265,85000492.050271,91486351.6005494,85.000492050271
MANTLE,2024-06-11,0.921978445902265,0.924243667606831,0.868119966388337,0.879487143150999,153763449.216008,172879536.889311,153.763449216008
MANTLE,2024-06-12,0.879487143150999,0.92126174164989,0.867304752033006,0.89720189035161,164108706.617044,183462450.838361,164.108706617044
MANTLE,2024-06-13,0.89720189035161,0.902428213097961,0.872286614622596,0.896408049650685,157014531.028672,176456973.827837,157.014531028672
MANTLE,2024-06-14,0.896408049650685,0.899830479519275,0.861739133065635,0.889419239437505,162986952.015777,183894938.030938,162.98695201577698
MANTLE,2024-06-15,0.889419239437505,0.899724711067488,0.875320305100119,0.897432069059655,158423811.950461,177735095.069503,158.423811950461
MANTLE,2024-06-16,0.897432069059655,0.906162909780389,0.882701907013507,0.90039058919721,148554654.953832,166325197.756215,148.554654953832
MANTLE,2024-06-17,0.90039058919721,0.903689703227089,0.839171822950092,0.848982361614913,221929637.19139,257158665.862676,221.92963719139001
MANTLE,2024-06-18,0.848982361614913,0.850222268031793,0.788687687190449,0.811053797156221,289839366.044494,356714712.200969,289.839366044494
MANTLE,2024-06-19,0.811053797156221,0.842698109291087,0.806151836212221,0.823430685514105,253447179.396404,307375573.050878,253.447179396404
MANTLE,2024-06-20,0.823430685514105,0.849393621768348,0.809286979847326,0.818706822071926,282534662.44093,340853934.892362,282.53466244093
MANTLE,2024-06-21,0.818706822071926,0.821732666909898,0.800543629089287,0.81182977191708,270470377.426264,333129151.476901,270.470377426264
MANTLE,2024-06-22,0.81182977191708,0.811931221709291,0.799858868706784,0.808855402052752,127308909.993765,157875966.176475,127.308909993765
MANTLE,2024-06-23,0.808855402052752,0.813276087590049,0.781604633314732,0.782601920127666,89836909.7910116,112191160.399946,89.8369097910116
MANTLE,2024-06-24,0.782601920127666,0.784330655432718,0.729927939648141,0.752804505264181,224340798.618324,298201110.826548,224.34079861832402
MANTLE,2024-06-25,0.752804505264181,0.802170523120844,0.748859996684084,0.783578166912264,221972767.897308,289613407.990731,221.972767897308
MANTLE,2024-06-26,0.783578166912264,0.790772467939301,0.762333556568748,0.774335548910697,157739206.892281,203066520.155132,157.739206892281
MANTLE,2024-06-27,0.774335548910697,0.798256225811272,0.767913898980049,0.79055970383836,175708797.964901,223842378.613132,175.708797964901
MANTLE,2024-06-28,0.79055970383836,0.81462511229478,0.774987115719083,0.776307301564196,199824620.198264,251009135.828603,199.824620198264
MANTLE,2024-06-29,0.776307301564196,0.784618086752835,0.774730866164452,0.778298654721514,80798753.3752134,103694735.756433,80.7987533752134
MANTLE,2024-06-30,0.778298654721514,0.793147141349293,0.766096105196394,0.789552261620502,96309239.3941841,123738789.006932,96.3092393941841
MANTLE,2024-07-01,0.789552261620502,0.810399890622683,0.785126999583382,0.787608100502342,144104812.599368,180502559.814733,144.10481259936802
MANTLE,2024-07-02,0.787608100502342,0.795218038406758,0.773051869961572,0.779607780002535,132645356.749289,169269392.913656,132.645356749289
MANTLE,2024-07-03,0.779607780002535,0.781353756663511,0.73827483810212,0.744364861015786,197162720.585684,261415748.086627,197.162720585684
MANTLE,2024-07-04,0.744364861015786,0.748458218938934,0.667400938299666,0.670209577859834,317319285.407613,452722890.027244,317.319285407613
MANTLE,2024-07-05,0.670209577859834,0.671032352274956,0.582905488393325,0.639562200022774,275899361.270742,440967268.158513,275.899361270742
MANTLE,2024-07-06,0.639562200022774,0.672226522175444,0.633676758064497,0.668295197183917,195927557.820865,301134573.675425,195.92755782086502
MANTLE,2024-07-07,0.668295197183917,0.669855104112245,0.626002523529783,0.626705481389226,178310715.599224,274615885.166315,178.310715599224
MANTLE,2024-07-08,0.626705481389226,0.675436042058275,0.601088428347169,0.657207664285007,267443317.495705,414053321.432791,267.443317495705
MANTLE,2024-07-09,0.657207664285007,0.677425976619894,0.648261998175545,0.656809936974479,274250145.931693,414405561.399991,274.250145931693
MANTLE,2024-07-10,0.656809936974479,0.694144430518561,0.646255683640081,0.683563611196521,178068763.881638,266246110.383339,178.06876388163798
MANTLE,2024-07-11,0.683563611196521,0.719626008955098,0.675596772163684,0.696785717536018,200189583.120669,285397959.50516,200.189583120669
MANTLE,2024-07-12,0.696785717536018,0.70637548375068,0.683007668313945,0.702303154083639,224443684.461154,322955920.646726,224.44368446115402
MANTLE,2024-07-13,0.702303154083639,0.731209376761668,0.695459159009225,0.725900008924144,175817086.1305,247417753.961169,175.8170861305
MANTLE,2024-07-14,0.725900008924144,0.736300137485673,0.70812388430799,0.73253096218761,128501272.435993,177650582.876336,128.501272435993
MANTLE,2024-07-15,0.73253096218761,0.790158513337405,0.729510272321752,0.786316682478123,228232272.519261,302331865.475617,228.23227251926102
MANTLE,2024-07-16,0.786316682478123,0.789256963956232,0.734820094721951,0.770114326148655,292444144.249158,381554794.914319,292.444144249158
MANTLE,2024-07-17,0.770114326148655,0.787463324878001,0.757751517926516,0.763857731029495,219718174.063096,283392753.239737,219.718174063096
MANTLE,2024-07-18,0.763857731029495,0.851252813194326,0.763106343397314,0.84951984088952,223364901.243653,277274158.739974,223.364901243653
MANTLE,2024-07-19,0.84951984088952,0.914907164388579,0.824981682665481,0.891264230451034,226245944.97293,259385685.819406,226.24594497293
MANTLE,2024-07-20,0.891264230451034,0.910333315795211,0.872457226887343,0.897901653159927,142978786.151041,160328358.045286,142.978786151041
MANTLE,2024-07-21,0.897901653159927,0.90042341540916,0.855066556974778,0.887612372819543,125639659.416958,143089905.597,125.63965941695801
MANTLE,2024-07-22,0.887612372819543,0.899267057880298,0.864553378323477,0.878898711087937,152687124.459692,173415595.430373,152.687124459692
MANTLE,2024-07-23,0.878898711087937,0.899758514511394,0.87159148737411,0.889996245621916,199986541.300563,225690791.22512,199.986541300563
MANTLE,2024-07-24,0.889996245621916,0.892340133359539,0.839237080617361,0.845056152452164,143950846.399638,164809920.102982,143.950846399638
MANTLE,2024-07-25,0.845056152452164,0.847559786741134,0.792538930331858,0.833575425641876,161976412.9468,197630987.634106,161.9764129468
MANTLE,2024-07-26,0.833575425641876,0.866597630769482,0.824714725041684,0.852795392008283,133397800.370251,156760337.951652,133.397800370251
MANTLE,2024-07-27,0.852795392008283,0.853043515822642,0.805943164837648,0.816426351331384,112196431.214828,134865639.68227,112.196431214828
MANTLE,2024-07-28,0.816426351331384,0.82300032359382,0.788445998401281,0.789771735447884,81958067.4197324,101722598.091643,81.9580674197324
MANTLE,2024-07-29,0.789771735447884,0.825419347344924,0.776297851243321,0.786739547499564,110677303.875424,138213779.829496,110.677303875424
MANTLE,2024-07-30,0.786739547499564,0.802754638008199,0.767596532444465,0.773928316150228,97938549.032858,124628658.044207,97.938549032858
MANTLE,2024-07-31,0.773928316150228,0.777107258601572,0.721589909570502,0.722330311083741,120389352.57689,159702249.179821,120.38935257689
MANTLE,2024-08-01,0.722330311083741,0.726418163662113,0.68352018000864,0.711158630023403,144365392.211364,204408840.22586,144.365392211364
MANTLE,2024-08-02,0.711158630023403,0.713399994581787,0.653934755040856,0.659337376444965,158812916.602122,233402545.321628,158.81291660212202
MANTLE,2024-08-03,0.659337376444965,0.677911093461482,0.634478431494865,0.643581271770503,126910357.707281,193614299.846094,126.910357707281
MANTLE,2024-08-04,0.643581271770503,0.6547057569811,0.572004892853065,0.586647308824169,145526897.319323,233629222.388166,145.526897319323
MANTLE,2024-08-05,0.586647308824169,0.619182543047864,0.484776782015766,0.592780544057365,185410402.073965,332309647.227891,185.410402073965
MANTLE,2024-08-06,0.592780544057365,0.626826822452307,0.588451615173353,0.599283699744716,176501649.294367,290003484.778375,176.50164929436698
MANTLE,2024-08-07,0.599283699744716,0.625802193452535,0.565822099258693,0.574247620494261,141115276.709051,235037117.80023,141.11527670905102
MANTLE,2024-08-08,0.574247620494261,0.656734995093469,0.567717833879988,0.648145249736783,156646770.992983,258147438.881288,156.64677099298302
MANTLE,2024-08-09,0.648145249736783,0.65442125754314,0.609121989928591,0.625565690340556,98327660.491878,155985767.092276,98.327660491878
MANTLE,2024-08-10,0.625565690340556,0.634774162562255,0.614320061524667,0.624018808885573,78222488.8113565,125524246.000144,78.2224888113565
MANTLE,2024-08-11,0.624018808885573,0.661309155665433,0.602646155495304,0.603617237683768,115013587.157774,182518471.846411,115.013587157774
MANTLE,2024-08-12,0.603617237683768,0.635239803185795,0.591014310378797,0.627954253859355,175245792.078936,284761310.949579,175.245792078936
MANTLE,2024-08-13,0.627954253859355,0.629176292653651,0.593515484138602,0.612497316291634,135450541.683316,221854619.808012,135.450541683316
MANTLE,2024-08-14,0.612497316291634,0.645791441426682,0.606708840492308,0.609859618566078,121098011.237877,195390300.478298,121.098011237877
MANTLE,2024-08-15,0.609859618566078,0.615088618869528,0.57105333531865,0.585284167643544,113520783.086723,190327205.944669,113.520783086723
MANTLE,2024-08-16,0.585284167643544,0.612654446088711,0.576418392670809,0.58932730659824,101060515.273418,170535872.906179,101.06051527341799
MANTLE,2024-08-17,0.58932730659824,0.604935552139136,0.585918770942917,0.602086506073587,60942608.3216019,102270029.648892,60.942608321601895
MANTLE,2024-08-18,0.602086506073587,0.610237028659536,0.589135356516744,0.589801084027786,59519106.3001511,98749080.4727053,59.5191063001511
MANTLE,2024-08-19,0.589801084027786,0.604549891871588,0.584433333777636,0.60288745053233,89057550.1362381,149982778.337121,89.05755013623809
MANTLE,2024-08-20,0.60288745053233,0.613972575703678,0.58220634717118,0.590316786505213,87089384.5466599,145081035.296911,87.0893845466599
MANTLE,2024-08-21,0.590316786505213,0.611375924618345,0.582640959200121,0.606124063228584,92216137.8229624,154353998.625254,92.21613782296241
MANTLE,2024-08-22,0.606124063228584,0.612000796795661,0.598348995785689,0.60998403817557,71810384.0456867,118380664.830407,71.8103840456867
MANTLE,2024-08-23,0.60998403817557,0.657674957362793,0.608464301676907,0.648901125796912,111485576.008429,177156725.468855,111.485576008429
MANTLE,2024-08-24,0.648901125796912,0.658309835753761,0.637565174705371,0.645053018697644,72025088.5405548,111129343.464903,72.0250885405548
MANTLE,2024-08-25,0.645053018697644,0.647780129474909,0.619230325806435,0.629188279923289,70642741.3181011,111936095.596368,70.64274131810109
MANTLE,2024-08-26,0.629188279923289,0.634123699811257,0.613660059172201,0.615645279248889,87126474.133343,139486233.469475,87.126474133343
MANTLE,2024-08-27,0.615645279248889,0.622161331551634,0.564205888735204,0.582278766963796,111046198.619394,184533094.676945,111.046198619394
MANTLE,2024-08-28,0.582278766963796,0.609503089882275,0.569769082478983,0.602948648219261,105633413.352632,178515038.803316,105.633413352632
MANTLE,2024-08-29,0.602948648219261,0.615602420494318,0.592321539440294,0.597138035157146,80586040.7480075,133441298.604303,80.5860407480075
MANTLE,2024-08-30,0.597138035157146,0.607538349264683,0.578360625774068,0.606740591762136,81476520.5097601,136918589.36824,81.47652050976009
MANTLE,2024-08-31,0.606740591762136,0.613113048602316,0.596842882600292,0.604926720046467,44237650.8702897,73040014.966037,44.2376508702897
MANTLE,2024-09-01,0.604926720046467,0.605489239118691,0.57596503326002,0.581011785582264,72865431.0543265,123112938.061191,72.8654310543265
MANTLE,2024-09-02,0.581011785582264,0.610877794658253,0.574924617889454,0.602569579727164,85555929.1658029,144499076.448761,85.5559291658029
MANTLE,2024-09-03,0.602569579727164,0.607239911584472,0.574767588166962,0.575929174403962,70767496.1424597,120124585.169972,70.7674961424597
MANTLE,2024-09-04,0.575929174403962,0.583544279375014,0.547308137369291,0.573218344040741,92070301.2109721,161652650.155644,92.0703012109721
MANTLE,2024-09-05,0.573218344040741,0.575615244060059,0.557245544943303,0.562059131881914,74755200.9778559,131969096.346377,74.7552009778559
MANTLE,2024-09-06,0.562059131881914,0.574090904694579,0.514439696602873,0.536077202785046,104250496.06357,190495964.525788,104.25049606357
MANTLE,2024-09-07,0.536077202785046,0.553416790586934,0.531418148816072,0.542043701558812,54023604.767107,99441694.2311854,54.023604767107
MANTLE,2024-09-08,0.542043701558812,0.557005173313928,0.537086990764674,0.549566835354933,56168765.5729523,102769859.901302,56.1687655729523
MANTLE,2024-09-09,0.549566835354933,0.571309612709535,0.542419876247404,0.562737371298002,83441415.1582524,150577753.046756,83.4414151582524
MANTLE,2024-09-10,0.562737371298002,0.570365460350113,0.553253797186236,0.567988073819556,70477585.7450994,125312320.994578,70.47758574509939
MANTLE,2024-09-11,0.567988073819556,0.569602452773012,0.544473099401849,0.558562888350082,85844516.8536015,154281037.52552,85.8445168536015
MANTLE,2024-09-12,0.558562888350082,0.568630237210704,0.55478212473951,0.566084076472618,71190903.883819,126636174.302545,71.190903883819
MANTLE,2024-09-13,0.566084076472618,0.578951909678806,0.562553028381902,0.57444793634555,67331582.6158678,118281341.849815,67.33158261586779
MANTLE,2024-09-14,0.57444793634555,0.58188513187107,0.572296252565882,0.576843142455586,47073306.1608007,81546006.6521045,47.073306160800705
MANTLE,2024-09-15,0.576843142455586,0.580392785843752,0.554361176024059,0.558065002464966,51118378.0411851,89497141.7608549,51.1183780411851
MANTLE,2024-09-16,0.558065002464966,0.565953911828353,0.545310367641107,0.555308006200158,79455268.8047656,143407028.270442,79.4552688047656
MANTLE,2024-09-17,0.555308006200158,0.572255686626616,0.546274519911254,0.561278623980648,71621991.0070549,127844346.17334,71.6219910070549
MANTLE,2024-09-18,0.561278623980648,0.580191790049692,0.555012812856286,0.579926197840133,90367940.3902896,159798852.093902,90.3679403902896
MANTLE,2024-09-19,0.579926197840133,0.605477524042136,0.579924202072401,0.60238671255519,90902872.0074862,153501986.317152,90.9028720074862
MANTLE,2024-09-20,0.60238671255519,0.616696138958515,0.592693144811248,0.608523172408348,96561101.0370245,159166375.168736,96.5611010370245
MANTLE,2024-09-21,0.608523172408348,0.620951554273207,0.595217770579372,0.618188865250395,60080675.78533,98785233.2643588,60.080675785329994
MANTLE,2024-09-22,0.618188865250395,0.649403737404158,0.618183862317667,0.630607008672143,90305369.6292284,142636387.860352,90.3053696292284
MANTLE,2024-09-23,0.630607008672143,0.641312172368025,0.617300483712349,0.632119684894016,97229040.3495765,153922562.488805,97.22904034957651
MANTLE,2024-09-24,0.632119684894016,0.634400188661158,0.618711380534486,0.632550298522746,86514240.7045874,137923697.710927,86.5142407045874
MANTLE,2024-09-25,0.632550298522746,0.638157669787932,0.623193870751983,0.626150445166556,75026514.4840093,119108725.770482,75.0265144840093
MANTLE,2024-09-26,0.626150445166556,0.660235142640913,0.616693932861077,0.646773671317434,90228737.9821854,140874898.429121,90.2287379821854
MANTLE,2024-09-27,0.646773671317434,0.670266614887294,0.645473821519414,0.655284044715793,95167441.8937139,144540768.37227,95.1674418937139
MANTLE,2024-09-28,0.655284044715793,0.662646165709802,0.634579552495969,0.640471468925514,62091684.5990686,95901145.5299892,62.0916845990686
MANTLE,2024-09-29,0.640471468925514,0.649299972712475,0.628476498600053,0.64304582687408,51311311.6744391,80222719.0113436,51.311311674439104
MANTLE,2024-09-30,0.64304582687408,0.645211185422461,0.619510315095202,0.624119796697217,71769472.8825532,113795874.63126,71.7694728825532
MANTLE,2024-10-01,0.624119796697217,0.637616331112986,0.570566412545376,0.581654689878948,102159626.027086,168484966.713951,102.159626027086
MANTLE,2024-10-02,0.581654689878948,0.602481297456353,0.569689523148959,0.57341270818431,95394735.8033687,162677053.754187,95.3947358033687
MANTLE,2024-10-03,0.57341270818431,0.581439248385802,0.558823441569021,0.56839822120149,91369732.1875536,160683585.91993,91.3697321875536
MANTLE,2024-10-04,0.56839822120149,0.596437128400096,0.566112439571931,0.588473622449289,65358265.7664724,112192329.210586,65.3582657664724
MANTLE,2024-10-05,0.588473622449289,0.598240505356455,0.58322531681276,0.594678664568814,43487470.3960478,73591297.1432252,43.4874703960478
MANTLE,2024-10-06,0.594678664568814,0.606776945448835,0.589900565941464,0.606366061616459,38537603.1799698,64491479.3148962,38.5376031799698
MANTLE,2024-10-07,0.606366061616459,0.617564826487898,0.59003850187163,0.590951491310658,76528625.2442172,126326734.988071,76.5286252442172
MANTLE,2024-10-08,0.590951491310658,0.605937827786929,0.588980035099971,0.605048639884491,67756193.8983334,113589063.407765,67.75619389833341
MANTLE,2024-10-09,0.605048639884491,0.610656028420447,0.578991458091347,0.582964553841294,67493844.4579705,112849726.763177,67.4938444579705
MANTLE,2024-10-10,0.582964553841294,0.593036808765799,0.574016600582551,0.58796197750499,71310464.9662229,121985989.625086,71.3104649662229
MANTLE,2024-10-11,0.58796197750499,0.604313764353827,0.58476281481371,0.597345354123778,60004310.5843697,100985852.928081,60.0043105843697
MANTLE,2024-10-12,0.597345354123778,0.610621992210518,0.596504591583333,0.608679124421892,41372242.1201626,68328525.5765897,41.372242120162596
MANTLE,2024-10-13,0.608679124421892,0.61071332119991,0.598395612149275,0.60757465348791,38017925.1600686,62851946.5326458,38.0179251600686
MANTLE,2024-10-14,0.60757465348791,0.64811525813097,0.599783003614113,0.644373750064609,78149499.3115322,124638268.412809,78.1494993115322
MANTLE,2024-10-15,0.644373750064609,0.646884955549869,0.601675188373788,0.624670734004639,93988108.9579959,150648379.201319,93.9881089579959
MANTLE,2024-10-16,0.624670734004639,0.639639203733474,0.619806845480173,0.62310702723437,71028868.5847122,113152373.375753,71.02886858471221
MANTLE,2024-10-17,0.62310702723437,0.629833046335809,0.60670743647668,0.615772699106748,68428999.8952194,110665259.398944,68.4289998952194
MANTLE,2024-10-18,0.615772699106748,0.622575260624024,0.608833395674548,0.616314877058334,65604810.1075949,106512390.636965,65.6048101075949
MANTLE,2024-10-19,0.616314877058334,0.621570724039696,0.611955455215084,0.616024801048823,47108875.4811687,76432619.2226874,47.1088754811687
MANTLE,2024-10-20,0.616024801048823,0.629775271158778,0.610063451871907,0.62599421986309,51190191.6141784,82638706.7717101,51.190191614178396
MANTLE,2024-10-21,0.62599421986309,0.633103919327977,0.600287311194797,0.605005816782852,70942002.568823,115196776.844765,70.942002568823
MANTLE,2024-10-22,0.605005816782852,0.6123308506621,0.595355587509432,0.608408962226488,62488668.7033318,103152963.557308,62.4886687033318
MANTLE,2024-10-23,0.608408962226488,0.609855221167243,0.576073252180392,0.592215874546954,69265740.561242,116759706.38141,69.265740561242
MANTLE,2024-10-24,0.592215874546954,0.603650837071815,0.589074129086365,0.598317997980004,63212532.8260851,105935649.250933,63.212532826085095
MANTLE,2024-10-25,0.598317997980004,0.607484406105714,0.563984569987872,0.577646286601827,80089183.5166756,135338582.900858,80.0891835166756
MANTLE,2024-10-26,0.577646286601827,0.586558307798494,0.571271713293139,0.582239094351228,53277527.5065871,91990544.0979787,53.277527506587106
MANTLE,2024-10-27,0.582239094351228,0.590053950126101,0.57928472251132,0.585294124207965,41358727.4187805,70767078.4914254,41.3587274187805
MANTLE,2024-10-28,0.585294124207965,0.588994483230593,0.569130258564177,0.585809324371724,65545248.6530712,113342457.613329,65.5452486530712
MANTLE,2024-10-29,0.585809324371724,0.612605091053731,0.584145169933189,0.602564489341731,78109142.1062551,130186356.279953,78.10914210625509
MANTLE,2024-10-30,0.602564489341731,0.61210753799764,0.591587390977838,0.606036409670915,73139545.8537202,121212914.516437,73.13954585372021
MANTLE,2024-10-31,0.606036409670915,0.610615611186047,0.591579335618966,0.597238211446744,68776013.2223659,114702062.933926,68.7760132223659
MANTLE,2024-11-01,0.597238211446744,0.599685438092479,0.5710649596967,0.576885178764963,78003645.3714704,133869178.815205,78.00364537147041
MANTLE,2024-11-02,0.576885178764963,0.581412291009081,0.568366792950111,0.573680282089343,45371149.9412997,78916106.3965181,45.3711499412997
MANTLE,2024-11-03,0.573680282089343,0.574156630555963,0.546460782465763,0.559867813390158,64268227.5264306,114984344.036949,64.26822752643059
MANTLE,2024-11-04,0.559867813390158,0.569954786674672,0.541114455535476,0.55089807343238,65667933.8374729,117673309.837984,65.6679338374729
MANTLE,2024-11-05,0.55089807343238,0.567799310475715,0.546576207501543,0.561516581683018,64647629.4540927,115673781.864899,64.6476294540927
MANTLE,2024-11-06,0.561516581683018,0.601806086964858,0.561237914586435,0.600857209773537,118303022.491997,202272291.276622,118.303022491997
MANTLE,2024-11-07,0.600857209773537,0.700609802604746,0.597077596645209,0.668851673052252,137972789.835297,214240211.159392,137.972789835297
MANTLE,2024-11-08,0.668851673052252,0.680186606477143,0.645402294659739,0.671880705323064,101762016.4391,154363440.540569,101.7620164391
MANTLE,2024-11-09,0.671880705323064,0.932900907420413,0.667474608330648,0.809461551201529,302853103.65164,379344459.915863,302.85310365164
MANTLE,2024-11-10,0.809461551201529,0.837037510947429,0.748483508797548,0.783899571462885,140640815.208322,175669360.506761,140.64081520832198
MANTLE,2024-11-11,0.783899571462885,0.808780832351364,0.753239705917114,0.807576753136754,148059389.671779,190122665.438673,148.059389671779
MANTLE,2024-11-12,0.807576753136754,0.809317155117734,0.713317994148134,0.734438638711152,162965929.161305,214740541.60059,162.965929161305
MANTLE,2024-11-13,0.734438638711152,0.742643128929076,0.673404661017876,0.707895710349264,143604740.505215,202945735.944867,143.60474050521498
MANTLE,2024-11-14,0.707895710349264,0.800328916375892,0.692721969046255,0.699345756287401,146392233.529836,198072959.428403,146.392233529836
MANTLE,2024-11-15,0.699345756287401,0.747705947755502,0.681408974380172,0.732925076069606,106975066.081121,152269141.152408,106.975066081121
MANTLE,2024-11-16,0.732925076069606,0.755818383917619,0.72289427677696,0.755104500998461,105807002.338908,143298125.710631,105.807002338908
MANTLE,2024-11-17,0.755104500998461,0.763841220685299,0.702779001685159,0.712048137062633,113279122.530196,156072835.827206,113.27912253019599
MANTLE,2024-11-18,0.712048137062633,0.745209191948762,0.709607064152438,0.745012577405725,118742485.053895,163377692.790063,118.742485053895
MANTLE,2024-11-19,0.745012577405725,0.756913996903028,0.723901193516262,0.736291820139724,106100926.402042,143602950.329882,106.100926402042
MANTLE,2024-11-20,0.736291820139724,0.742629485412032,0.704109066425221,0.72145048237575,109094003.182956,150238073.639785,109.094003182956
MANTLE,2024-11-21,0.72145048237575,0.813087738303971,0.707066249949986,0.794876767579213,159565675.410439,206845085.069938,159.565675410439
MANTLE,2024-11-22,0.794876767579213,0.865357029338925,0.78205390819519,0.862005168963974,142448927.6376,170232999.45713,142.4489276376
MANTLE,2024-11-23,0.862005168963974,0.887369717341453,0.830255259090083,0.86693901347011,126255753.576323,146953005.138339,126.255753576323
MANTLE,2024-11-24,0.86693901347011,0.894031298178641,0.791940349922496,0.854484764508038,110072381.143833,130682758.63717,110.072381143833
MANTLE,2024-11-25,0.854484764508038,0.890114361226033,0.819644895603923,0.833925133262195,135534570.036976,158882453.483938,135.53457003697602
MANTLE,2024-11-26,0.833925133262195,0.846622725785035,0.769382853565059,0.812192008775402,129001176.073662,159667062.156769,129.001176073662
MANTLE,2024-11-27,0.812192008775402,0.887109387721944,0.806552246548348,0.87835344555703,140977901.207993,165296833.661012,140.977901207993
MANTLE,2024-11-28,0.87835344555703,0.889736827719626,0.847413647793923,0.86888040094333,106416681.427553,122957321.489942,106.416681427553
MANTLE,2024-11-29,0.86888040094333,0.881885099147073,0.853516728498824,0.876099038866455,96472054.1067813,111339985.633287,96.4720541067813
MANTLE,2024-11-30,0.876099038866455,0.91782952585556,0.86620962451724,0.904617054833847,115383346.715237,128152532.450785,115.38334671523701
MANTLE,2024-12-01,0.904617054833847,0.967535488003566,0.891684668143068,0.928484611425141,125506020.227622,134861182.88327,125.506020227622
MANTLE,2024-12-02,0.928484611425141,0.939875615486193,0.863184002440152,0.910157138133311,170033375.802981,189302323.370408,170.033375802981
MANTLE,2024-12-03,0.910157138133311,0.92673659381519,0.833009598023722,0.908053619680513,139769125.080514,155486933.712026,139.76912508051402
MANTLE,2024-12-04,0.908053619680513,1.16628762512636,0.904554617156581,1.04855424697861,358311628.015442,340771588.963753,358.311628015442
MANTLE,2024-12-05,1.04855424697861,1.15241074262965,0.978898940655996,1.12205971021705,239010566.639801,222123033.832944,239.010566639801
MANTLE,2024-12-06,1.12205971021705,1.23772574206454,1.11152194454031,1.1458340547484,612280461.53382,524934833.152671,612.28046153382
MANTLE,2024-12-07,1.1458340547484,1.20258961996474,1.12884415896342,1.16112002452775,113834197.658682,98238587.1313756,113.834197658682
MANTLE,2024-12-08,1.16112002452775,1.34838110316949,1.15468880982896,1.26301306427372,182592824.720978,147008791.99378,182.592824720978
MANTLE,2024-12-09,1.26301306427372,1.26626624071697,1.02952686622795,1.14061013441628,231525896.166833,197579917.477721,231.525896166833
MANTLE,2024-12-10,1.14061013441628,1.23311010542962,1.03234758000233,1.18207404950288,308727924.975838,266522376.768582,308.727924975838
MANTLE,2024-12-11,1.18207404950288,1.36298866738522,1.13978666712356,1.36037533303444,187071221.100554,151363702.09029,187.071221100554
MANTLE,2024-12-12,1.36037533303444,1.38078117083029,1.25298196032832,1.27229531830435,171489483.55814,131033183.923861,171.48948355814002
MANTLE,2024-12-13,1.27229531830435,1.28171704000885,1.24150815087094,1.25963289034163,107171562.202526,84928705.2717692,107.171562202526
MANTLE,2024-12-14,1.25963289034163,1.29832990800828,1.19472600260415,1.23209697880721,117950437.537751,95433650.2184935,117.950437537751
MANTLE,2024-12-15,1.23209697880721,1.25071432586983,1.19683502774914,1.24485181232425,87944891.2476253,71716572.7358587,87.9448912476253
MANTLE,2024-12-16,1.24485181232425,1.25983437931365,1.17391127631354,1.21115200777232,134088406.590402,110474514.210458,134.088406590402
MANTLE,2024-12-17,1.21115200777232,1.26063085209497,1.17879796918773,1.19033884278347,131874910.542643,107590006.278174,131.874910542643
MANTLE,2024-12-18,1.19033884278347,1.19963424505942,1.08215961571766,1.09672446039722,181979771.193793,156844362.360748,181.979771193793
MANTLE,2024-12-19,1.09672446039722,1.26330170758191,1.06714301937435,1.16284558616124,283697213.43375,242146860.211465,283.69721343375
MANTLE,2024-12-20,1.16284558616124,1.27921864550575,1.00048706753166,1.27841082082154,285162368.317788,248653104.362906,285.162368317788
MANTLE,2024-12-21,1.27841082082154,1.32810217306761,1.14657866349295,1.15911582127339,203302322.434235,166162054.693817,203.302322434235
MANTLE,2024-12-22,1.15911582127339,1.19768152779929,1.12847480857185,1.16592989356463,152747175.268458,131066701.809758,152.74717526845802
MANTLE,2024-12-23,1.16592989356463,1.23079065602499,1.1464943639395,1.21059416584557,142200480.396316,120200165.214801,142.20048039631598
MANTLE,2024-12-24,1.21059416584557,1.24918383183449,1.181003468457,1.24418086774481,136253426.583159,112246991.76137,136.253426583159
MANTLE,2024-12-25,1.24418086774481,1.28470053403765,1.21854361527814,1.23806081255387,136832856.965649,109943337.515826,136.832856965649
MANTLE,2024-12-26,1.23806081255387,1.24390916593893,1.16678489921996,1.17370961043803,119519468.670415,100248713.489817,119.519468670415
MANTLE,2024-12-27,1.17370961043803,1.23839850966062,1.16834419330588,1.19128311486196,142472135.027632,118850745.460696,142.472135027632
MANTLE,2024-12-28,1.19128311486196,1.21938025113958,1.18345407374267,1.21014605338067,66563729.9907009,55395411.3393818,66.5637299907009
MANTLE,2024-12-29,1.21014605338067,1.22855041899929,1.18428313288996,1.19889005850128,44310815.7590794,36757621.8031827,44.3108157590794
MANTLE,2024-12-30,1.19889005850128,1.22267734200971,1.17279049622957,1.20810352093916,94580644.8358742,78789812.5901458,94.5806448358742
MANTLE,2024-12-31,1.20810352093916,1.27679882465483,1.1926950617204,1.25070048346475,126435279.523551,101894935.990959,126.435279523551
MANTLE,2025-01-01,1.25070048346475,1.30713251831645,1.24373165826025,1.25507291214524,104574097.418581,82397051.6088722,104.57409741858099
MANTLE,2025-01-02,1.25507291214524,1.37820255026559,1.25038967527766,1.3487164138946,128929958.534248,97084433.4164441,128.929958534248
MANTLE,2025-01-03,1.3487164138946,1.41055978960734,1.32038703634553,1.37807507438048,129051117.429507,94222125.9976053,129.051117429507
MANTLE,2025-01-04,1.37807507438048,1.39266648370155,1.34851220349463,1.38062444600656,88229969.0058546,64499115.4238744,88.22996900585461
MANTLE,2025-01-05,1.38062444600656,1.41205056231804,1.35707097163257,1.39463022099506,74164588.9142591,53661698.1309664,74.1645889142591
MANTLE,2025-01-06,1.39463022099506,1.41832380059168,1.33943712473399,1.35652423050943,121762901.942693,88918144.4807008,121.76290194269299
MANTLE,2025-01-07,1.35652423050943,1.35998894537962,1.25753800364914,1.27210052967745,143780295.573392,110794028.700339,143.780295573392
MANTLE,2025-01-08,1.27210052967745,1.29225373401261,1.17414865844988,1.21315334139033,186337256.722287,152098711.845697,186.337256722287
MANTLE,2025-01-09,1.21315334139033,1.22036852849631,1.12809976748249,1.14789826794492,151139831.57737,129737241.897549,151.13983157737
MANTLE,2025-01-10,1.14789826794492,1.22940927825332,1.1452109647464,1.18274953186651,150619427.135285,127376423.551,150.61942713528498
MANTLE,2025-01-11,1.18274953186651,1.18445031531453,1.15447096515273,1.16523000352953,90469098.3277632,77542232.3206798,90.4690983277632
MANTLE,2025-01-12,1.16523000352953,1.16733341943374,1.12848315372521,1.13967539147133,61046583.7244765,52969829.993708,61.0465837244765
MANTLE,2025-01-13,1.13967539147133,1.16137625989592,1.0145823723943,1.09759165443693,138577603.296306,128218169.486537,138.57760329630602
MANTLE,2025-01-14,1.09759165443693,1.12948162868247,1.0859026865533,1.10556666640494,110053330.083816,99440986.3597746,110.05333008381601
MANTLE,2025-01-15,1.10556666640494,1.15330726394554,1.07106805407298,1.14674722944143,111225375.981522,99907003.014521,111.22537598152199
MANTLE,2025-01-16,1.14674722944143,1.14939501363917,1.10036719139324,1.1171384348077,131004297.495363,116231325.260901,131.004297495363
MANTLE,2025-01-17,1.1171384348077,1.15782625236208,1.11064099150205,1.13199746044653,123811453.236565,108976796.926542,123.811453236565
MANTLE,2025-01-18,1.13199746044653,1.13764828568245,1.02898386530579,1.06183177694421,151824684.161282,142956060.06591,151.824684161282
MANTLE,2025-01-19,1.06183177694421,1.08764106102277,0.929380087666176,0.956320785566246,184423451.97162,180760206.978938,184.42345197161998
MANTLE,2025-01-20,0.956320785566246,1.03842032596702,0.922936233511182,1.03459841455201,178312353.595891,182106427.0531,178.312353595891
MANTLE,2025-01-21,1.03459841455201,1.13079434596099,1.00936856437772,1.08789331385998,152691388.272348,142071159.075159,152.69138827234798
MANTLE,2025-01-22,1.08789331385998,1.19310681929622,1.08578176030143,1.10535481376037,129735691.030974,113822987.026371,129.735691030974
MANTLE,2025-01-23,1.10535481376037,1.29044798070256,1.0653726876191,1.2381275728141,191080348.27368,161275135.23879,191.08034827368
MANTLE,2025-01-24,1.2381275728141,1.27256244085447,1.17047789276294,1.1766446919397,140873074.484667,116454230.243289,140.873074484667
MANTLE,2025-01-25,1.1766446919397,1.22824374348442,1.16301207431279,1.19978875924572,90294457.4274073,75440527.0570159,90.2944574274073
MANTLE,2025-01-26,1.19978875924572,1.21274955020456,1.15086807506373,1.15391740273421,47651189.2133039,40141296.9823534,47.6511892133039
MANTLE,2025-01-27,1.15391740273421,1.15540829080859,1.04953352103004,1.12427606857152,150185987.494137,135702285.849636,150.18598749413698
MANTLE,2025-01-28,1.12427606857152,1.15117854343837,1.06401324965942,1.07281366630471,116157352.209142,104463966.954341,116.157352209142
MANTLE,2025-01-29,1.07281366630471,1.10632395163692,1.04872008293709,1.07793557909887,103280608.493283,95514740.5575405,103.280608493283
MANTLE,2025-01-30,1.07793557909887,1.2007647902482,1.0721296860856,1.16388502306404,140187425.532356,122112536.900179,140.187425532356
MANTLE,2025-01-31,1.16388502306404,1.25144044200778,1.15985633828137,1.23672971969347,152069672.014058,125974600.298766,152.069672014058
MANTLE,2025-02-01,1.23672971969347,1.27344182048147,1.13797773486788,1.15360803324849,127342608.068724,105952214.126353,127.342608068724
MANTLE,2025-02-02,1.15360803324849,1.18624210283988,1.00855627336592,1.05480714772977,180478694.119689,163341512.656934,180.47869411968898
MANTLE,2025-02-03,1.05480714772977,1.33231113541913,0.825930066512923,1.22860663339727,190271091.434477,173356280.95364,190.271091434477
MANTLE,2025-02-04,1.22860663339727,1.23283657889233,1.08648615914313,1.14158346599054,188398528.285193,164362685.262769,188.398528285193
MANTLE,2025-02-05,1.14158346599054,1.16155201595237,1.10687968546334,1.14040616525966,139155065.660292,122676494.121051,139.155065660292
MANTLE,2025-02-06,1.14040616525966,1.1663166662928,1.08367737491758,1.09143970423651,133085876.265118,118397372.39885,133.085876265118
MANTLE,2025-02-07,1.09143970423651,1.12855238556226,1.02877444513839,1.05496939106691,131522246.472547,121562511.335095,131.52224647254698
MANTLE,2025-02-08,1.05496939106691,1.06770364665095,1.02999454313814,1.04821856036463,93796942.3457043,89310452.7431603,93.79694234570431
MANTLE,2025-02-09,1.04821856036463,1.07401252541932,0.984984566941134,1.02750672903125,95659496.4054037,92524832.8137525,95.6594964054037
MANTLE,2025-02-10,1.02750672903125,1.03669911866042,0.996623611225953,1.02358194366395,101936801.261593,99686894.7681349,101.936801261593
MANTLE,2025-02-11,1.02358194366395,1.07107688983058,1.00569139440962,1.01590164435115,113730139.360504,109513828.530316,113.730139360504
MANTLE,2025-02-12,1.01590164435115,1.05965523427175,0.999975325595686,1.05231970006231,131975455.235631,128730238.991698,131.97545523563102
MANTLE,2025-02-13,1.05231970006231,1.06384283739839,1.01149091607773,1.03473201009969,106993338.607522,103364029.117695,106.99333860752199
MANTLE,2025-02-14,1.03473201009969,1.05022829928693,1.02132431680164,1.03940763839188,106628786.947739,102965581.461469,106.628786947739
MANTLE,2025-02-15,1.03940763839188,1.05697963099941,1.02971022220224,1.03261760135072,71460003.9460255,68711713.2784351,71.46000394602551
MANTLE,2025-02-16,1.03261760135072,1.03898381726413,1.01987105911349,1.0221757454042,40953237.9468115,39795718.8214049,40.9532379468115
MANTLE,2025-02-17,1.0221757454042,1.07021232968075,1.01687077219377,1.0702121741332,78477520.1762591,75499856.0620623,78.4775201762591
MANTLE,2025-02-18,1.0702121741332,1.12757596169793,1.03621715896371,1.0472821790232,143936207.39531,132962102.858449,143.93620739531002
MANTLE,2025-02-19,1.0472821790232,1.05723875036541,1.02365101198243,1.02670825026062,93834245.5748829,90409174.0325744,93.8342455748829
MANTLE,2025-02-20,1.02670825026062,1.04414621124957,1.02368730826038,1.03060012186335,72307940.9344212,70074758.9605533,72.3079409344212
MANTLE,2025-02-21,1.03060012186335,1.06020468780304,0.829004994260023,0.895873364326163,161263317.389981,169376513.074989,161.263317389981
MANTLE,2025-02-22,0.895873364326163,0.949366106774809,0.875180445688804,0.903023052943105,74912216.6545236,81739555.5708909,74.91221665452359
MANTLE,2025-02-23,0.903023052943105,0.926124789955349,0.901368708505845,0.911704984153408,39428388.9685019,43174945.3683343,39.428388968501906
MANTLE,2025-02-24,0.911704984153408,0.914378428603104,0.804892060536441,0.809053145029414,49633260.423319,57654432.0912733,49.633260423318994
MANTLE,2025-02-25,0.809053145029414,0.841696433304546,0.752039238488012,0.80330212928623,79165357.8935265,99691702.990912,79.16535789352649
MANTLE,2025-02-26,0.80330212928623,0.808751747847801,0.734002082221939,0.753825761597274,61907404.6484367,80396600.9944617,61.9074046484367
MANTLE,2025-02-27,0.753825761597274,0.765810981900476,0.747462389775459,0.756931601805136,63546413.7761222,83974276.211721,63.5464137761222
MANTLE,2025-02-28,0.756931601805136,0.759080284555819,0.691654929553157,0.715429227108701,95131125.8791439,132597257.580216,95.1311258791439
MANTLE,2025-03-01,0.715429227108701,0.764022946956151,0.711298740235607,0.746407756038084,57159628.9303545,77137109.2243989,57.1596289303545
MANTLE,2025-03-02,0.746407756038084,0.792141323519262,0.729714911586025,0.789371387823626,58974977.6722336,77142217.9046359,58.9749776722336
MANTLE,2025-03-03,0.789371387823626,0.789822020300055,0.724912472230386,0.733935373176286,101514486.318071,135017518.337282,101.514486318071
MANTLE,2025-03-04,0.733935373176286,0.738043866987128,0.704158349169153,0.725611735962648,99340421.9107946,137977848.397279,99.3404219107946
MANTLE,2025-03-05,0.725611735962648,0.747859794241947,0.722505354639809,0.746264463650594,61145722.2856263,83050641.4830305,61.1457222856263
MANTLE,2025-03-06,0.746264463650594,0.750307828896709,0.72325246450032,0.725819801795284,49551977.8345815,67139543.6156105,49.5519778345815
MANTLE,2025-03-07,0.725819801795284,0.733145337656505,0.705486870346468,0.708127212137764,63051653.9858125,87596787.3371849,63.0516539858125
MANTLE,2025-03-08,0.708127212137764,0.713296060429984,0.698266667962298,0.709871962970745,24883997.5883694,35202863.6865226,24.8839975883694
MANTLE,2025-03-09,0.709871962970745,0.710668029319352,0.660861547724307,0.665966240181144,29181684.5767005,42722538.7141146,29.1816845767005
MANTLE,2025-03-10,0.665966240181144,0.719385427509853,0.66052548238868,0.686481806529688,78891229.4571541,114008533.754653,78.8912294571541
MANTLE,2025-03-11,0.686481806529688,0.721682102100198,0.668391682062479,0.714964548172368,91523351.1366647,131067003.740325,91.5233511366647
MANTLE,2025-03-12,0.714964548172368,0.761583964701767,0.707296570037853,0.753684080728882,90032881.591332,121718089.176916,90.032881591332
MANTLE,2025-03-13,0.753684080728882,0.75434542720828,0.720236035076469,0.727867089067214,70787326.0022226,95668259.9200769,70.7873260022226
MANTLE,2025-03-14,0.727867089067214,0.738178546343022,0.720454691047752,0.733581307268743,42562269.3379331,58393796.1620754,42.5622693379331
MANTLE,2025-03-15,0.733581307268743,0.813373466674761,0.730574890445171,0.801669863167311,49981345.4063456,66174874.521878,49.981345406345596
MANTLE,2025-03-16,0.801669863167311,0.82981504811657,0.782359289319318,0.815266138035273,76222526.2966822,94343266.9347611,76.22252629668219
MANTLE,2025-03-17,0.815266138035273,0.842022320341927,0.813960429574151,0.817218328771991,70335845.539248,84801109.1700692,70.335845539248
MANTLE,2025-03-18,0.817218328771991,0.828596703443331,0.800345279448593,0.812838074106087,58181507.0667302,71234596.8727241,58.1815070667302
MANTLE,2025-03-19,0.812838074106087,0.822213540519849,0.798205889209328,0.820805128685055,72060631.4995647,88850893.0726691,72.0606314995647
MANTLE,2025-03-20,0.820805128685055,0.82299469336805,0.784487025577988,0.791537380415568,91507526.1669721,114176614.134607,91.5075261669721
MANTLE,2025-03-21,0.791537380415568,0.796360125276277,0.773810687308164,0.781653795260004,99575006.724484,126881911.298742,99.575006724484
MANTLE,2025-03-22,0.781653795260004,0.790790043266052,0.777300880263338,0.788879878177098,66635937.5677719,84770278.9458287,66.63593756777189
MANTLE,2025-03-23,0.788879878177098,0.792279678829669,0.781984907560598,0.792188939076154,52743916.4260677,66983865.8669041,52.7439164260677
MANTLE,2025-03-24,0.792188939076154,0.851113398860617,0.791724367866792,0.842603631156795,141045637.936915,167811856.667744,141.045637936915
MANTLE,2025-03-25,0.842603631156795,0.847646491717177,0.835517645779354,0.845151000766167,127399081.106245,151355449.974914,127.39908110624499
MANTLE,2025-03-26,0.845151000766167,0.85329724247415,0.837108455669555,0.843102869569703,159028639.380512,188162856.7966,159.028639380512
MANTLE,2025-03-27,0.843102869569703,0.84918805391074,0.839089152278947,0.841264661164019,110886162.115798,131241721.664054,110.886162115798
MANTLE,2025-03-28,0.841264661164019,0.845405980528478,0.813147979509054,0.832954215840737,200055618.298707,241200748.398078,200.055618298707
MANTLE,2025-03-29,0.832954215840737,0.836041211980004,0.798885347198988,0.807639657623168,92973037.3418334,114068394.616777,92.9730373418334
MANTLE,2025-03-30,0.807639657623168,0.815406824081721,0.789185194246125,0.793292553820399,60764199.134499,75640752.7015709,60.764199134499
MANTLE,2025-03-31,0.793292553820399,0.80029716600885,0.768864103933455,0.792447877271324,88995295.4904534,113232591.272053,88.9952954904534
MANTLE,2025-04-01,0.792447877271324,0.809339376637921,0.778054015226,0.80089412824229,137557522.605877,173122948.216369,137.557522605877
MANTLE,2025-04-02,0.80089412824229,0.807632605205188,0.770263473135642,0.776119904579688,173440708.212986,219061847.071522,173.44070821298598
MANTLE,2025-04-03,0.776119904579688,0.784165594409785,0.733272809257241,0.749086546322451,209710188.702227,277627989.661981,209.710188702227
MANTLE,2025-04-04,0.749086546322451,0.754542860793999,0.726772670015122,0.739477695668329,224133306.486237,303198913.242203,224.133306486237
MANTLE,2025-04-05,0.739477695668329,0.744946792106803,0.73029416556837,0.740142028448767,159418033.152515,216415120.438477,159.418033152515
MANTLE,2025-04-06,0.740142028448767,0.742748752514223,0.698592666801369,0.705432636024374,151783893.49024,209493635.317466,151.78389349024002
MANTLE,2025-04-07,0.705432636024374,0.705432636024374,0.661452394427463,0.693583989551564,381760952.135116,557274138.97132,381.760952135116
MANTLE,2025-04-08,0.693583989551564,0.705737082049215,0.66616409689861,0.673180724282303,269929390.512907,392509500.261374,269.92939051290705
MANTLE,2025-04-09,0.673180724282303,0.714018885780481,0.648684338195499,0.713939485230288,348946064.728698,517864724.425636,348.946064728698
MANTLE,2025-04-10,0.713939485230288,0.713985579390453,0.674288982923061,0.680891982412853,285191863.952218,414840004.758431,285.191863952218
MANTLE,2025-04-11,0.680891982412853,0.711839360925838,0.675067298829735,0.700360993771453,280591969.187291,404479682.212854,280.591969187291
MANTLE,2025-04-12,0.700360993771453,0.720161112207741,0.697589323382196,0.706670788191102,259678144.011356,365877919.762177,259.678144011356
MANTLE,2025-04-13,0.706670788191102,0.712317513173251,0.687986824985121,0.695244385462639,231856070.169678,330033233.765828,231.856070169678
MANTLE,2025-04-14,0.695244385462639,0.702643593771206,0.687400442996995,0.693844947298995,256303375.479829,368746887.946394,256.303375479829
MANTLE,2025-04-15,0.693844947298995,0.709512676610397,0.689580697912202,0.700406619524187,209871135.809661,300270926.797154,209.871135809661
MANTLE,2025-04-16,0.700406619524187,0.706834767821135,0.689496245381131,0.698643326025839,198801142.460352,284643785.501561,198.801142460352
MANTLE,2025-04-17,0.698643326025839,0.705033883620855,0.674914258262335,0.679637375669839,176412487.26515,253375539.722038,176.41248726515002
MANTLE,2025-04-18,0.679637375669839,0.680292659351347,0.652460488421861,0.656887199797125,180498719.585646,271922174.939145,180.498719585646
MANTLE,2025-04-19,0.656887199797125,0.668147845166052,0.654332784023074,0.663328423307959,144081413.405179,217823341.02155,144.081413405179
MANTLE,2025-04-20,0.663328423307959,0.672707590410271,0.653731338476841,0.658160652558944,128641004.570206,194157802.581876,128.641004570206
MANTLE,2025-04-21,0.658160652558944,0.670875027080813,0.657875659559091,0.666076363414936,171029566.078905,257191820.174492,171.029566078905
MANTLE,2025-04-22,0.666076363414936,0.699803924735961,0.65648879950627,0.696207815418034,232002372.030873,341870789.215508,232.002372030873
MANTLE,2025-04-23,0.696207815418034,0.717724873326016,0.693275755899796,0.703217309223046,252789394.942306,358551465.971136,252.78939494230602
MANTLE,2025-04-24,0.703217309223046,0.753580675547259,0.681300975696587,0.730661388454718,319085467.172195,452745633.143297,319.085467172195
MANTLE,2025-04-25,0.730661388454718,0.76603784436085,0.729520210183677,0.741371718080825,383544442.615624,514900655.274989,383.544442615624
MANTLE,2025-04-26,0.741371718080825,0.753650398812029,0.735245699938777,0.742302586362165,196810326.867259,264405526.569019,196.810326867259
MANTLE,2025-04-27,0.742302586362165,0.745416395919659,0.723575178934185,0.724171850961395,135652172.428373,185438984.827695,135.652172428373
MANTLE,2025-04-28,0.724171850961395,0.744987788315758,0.721591200338828,0.735318420492991,162815518.324202,221972663.364812,162.815518324202
MANTLE,2025-04-29,0.735318420492991,0.742396901903502,0.727875578547718,0.73084693165048,159070391.715882,216364823.728586,159.070391715882
MANTLE,2025-04-30,0.73084693165048,0.759406307563304,0.720919365415639,0.741431709753437,261456535.221569,355333626.643024,261.456535221569
MANTLE,2025-05-01,0.741431709753437,0.74976421244395,0.733015281802943,0.736857276412548,203574572.13783,274588883.693182,203.57457213783
MANTLE,2025-05-02,0.736857276412548,0.743112337327304,0.731903850422129,0.736437254173283,148852423.612209,201841089.561765,148.85242361220898
MANTLE,2025-05-03,0.736437254173283,0.743715630993935,0.727934289933648,0.729796691188329,89340079.9209494,121473575.818668,89.34007992094939
MANTLE,2025-05-04,0.729796691188329,0.73644931573818,0.720635640436575,0.721404191274041,66040413.9934262,90430401.438865,66.0404139934262
MANTLE,2025-05-05,0.721404191274041,0.724758123508467,0.711479086464779,0.717718445038392,78159119.5344536,108982813.374583,78.1591195344536
MANTLE,2025-05-06,0.717718445038392,0.718921347648739,0.70292527417772,0.711490986139092,81697715.4321982,115047546.613211,81.6977154321982
MANTLE,2025-05-07,0.711490986139092,0.716034614843038,0.705053575797459,0.711784735964177,81117320.3134464,114222507.269586,81.1173203134464
MANTLE,2025-05-08,0.711784735964177,0.758073762564286,0.710881483234572,0.757956536986627,162056664.755905,219923070.263646,162.056664755905
MANTLE,2025-05-09,0.757956536986627,0.784158055917435,0.7461413747136,0.770339393149772,254712843.552929,332552984.459476,254.712843552929
MANTLE,2025-05-10,0.770339393149772,0.794604695163177,0.762503738465697,0.794601625754805,205515326.919868,265849885.605855,205.515326919868
MANTLE,2025-05-11,0.794601625754805,0.823777005730318,0.769872529798132,0.807179111221145,240414697.716501,303337880.355513,240.414697716501
MANTLE,2025-05-12,0.807179111221145,0.837019839843318,0.783237110259088,0.804075275506724,280696910.527833,347259284.315465,280.696910527833
MANTLE,2025-05-13,0.804075275506724,0.825320861259031,0.77638212892458,0.816040920264724,240141727.994016,300599538.349615,240.14172799401598
MANTLE,2025-05-14,0.816040920264724,0.819012072940502,0.778449480252587,0.782773734618412,226557817.601619,284261414.381887,226.557817601619
MANTLE,2025-05-15,0.782773734618412,0.78997693908055,0.741561075505051,0.758259199510031,222159323.503479,291649063.015891,222.15932350347902
MANTLE,2025-05-16,0.758259199510031,0.759400367573763,0.737347745423157,0.737555446233554,184628042.143545,246134603.569752,184.628042143545
MANTLE,2025-05-17,0.737555446233554,0.740604248409259,0.720803744732717,0.725353074717762,136056395.546332,186143641.613795,136.056395546332
MANTLE,2025-05-18,0.725353074717762,0.749617797373194,0.724360867376366,0.740443616664,146597007.584198,199405083.354798,146.597007584198
MANTLE,2025-05-19,0.740443616664,0.741213361240076,0.721287326064356,0.727379523057772,166016027.429543,227450679.643888,166.016027429543
MANTLE,2025-05-20,0.727379523057772,0.752419323962865,0.723327756240231,0.745787720182064,194354143.799208,263334186.884386,194.35414379920798
MANTLE,2025-05-21,0.745787720182064,0.75097885655014,0.733248839959697,0.737880990988259,194057170.671571,261807014.83357,194.057170671571
MANTLE,2025-05-22,0.737880990988259,0.767567795576135,0.73751332493739,0.765923071936662,230368677.900958,305067441.062838,230.368677900958
MANTLE,2025-05-23,0.765923071936662,0.774466795896701,0.72912710748023,0.729488610629384,248433115.825109,330420147.568888,248.433115825109
MANTLE,2025-05-24,0.729488610629384,0.740794196504344,0.727384020851198,0.733679190574974,175304390.321072,237980469.737232,175.30439032107202
MANTLE,2025-05-25,0.733679190574974,0.739511083667875,0.721086005470179,0.73194112263577,144511479.332287,197473385.872664,144.51147933228702
MANTLE,2025-05-26,0.73194112263577,0.740520534524218,0.730471917989597,0.735046968320581,108859288.979086,148049978.055932,108.859288979086
MANTLE,2025-05-27,0.735046968320581,0.740232920473704,0.727568517678435,0.730874987206972,126363990.416441,172420768.763249,126.363990416441
MANTLE,2025-05-28,0.730874987206972,0.730918429398355,0.718575467951056,0.727057997192131,117556172.67526,162284758.440997,117.55617267526
MANTLE,2025-05-29,0.727057997192131,0.729590017045347,0.695467487394845,0.700413850704453,134633980.743826,189278293.325334,134.63398074382602
MANTLE,2025-05-30,0.700413850704453,0.701315763147549,0.659095656188562,0.67063454148049,201124314.969904,296677975.482803,201.124314969904
MANTLE,2025-05-31,0.67063454148049,0.691328090310534,0.663137522444566,0.678466361039281,151149195.770588,224863778.051617,151.14919577058802
MANTLE,2025-06-01,0.678466361039281,0.686424909862571,0.671339919184339,0.685000252133597,98559487.509831,144973346.765528,98.559487509831
MANTLE,2025-06-02,0.685000252133597,0.689662535440124,0.675741059534403,0.684315918339795,110170783.939545,161562037.054805,110.170783939545
MANTLE,2025-06-03,0.684315918339795,0.6865037500532,0.677343712290603,0.678263631938918,99209663.8488894,145433703.057088,99.20966384888939
MANTLE,2025-06-04,0.678263631938918,0.684546057568326,0.66062240325045,0.662529904646835,110193453.192254,162926033.218505,110.19345319225401
MANTLE,2025-06-05,0.662529904646835,0.668654601603372,0.626101387670808,0.631194339877881,151690452.764802,232872163.083938,151.69045276480202
MANTLE,2025-06-06,0.631194339877881,0.64131828565512,0.626545675159193,0.636465973905761,109709510.334904,172316143.7782,109.709510334904
MANTLE,2025-06-07,0.636465973905761,0.660021149397812,0.635783636770126,0.652682458204233,78957014.4899853,121649334.173476,78.9570144899853
MANTLE,2025-06-08,0.652682458204233,0.653308771950767,0.641755751812363,0.645127335850294,50405406.2171256,77733727.8178323,50.4054062171256
MANTLE,2025-06-09,0.645127335850294,0.658466648517731,0.644670717642807,0.657159885511624,78903370.619595,121114119.443313,78.90337061959501
MANTLE,2025-06-10,0.657159885511624,0.683503713059343,0.655336647048467,0.678706762894929,131900041.625245,197046543.832082,131.900041625245
MANTLE,2025-06-11,0.678706762894929,0.684674855457818,0.661546987167269,0.666823444052214,157274313.51783,232432836.547025,157.27431351783002
MANTLE,2025-06-12,0.666823444052214,0.668089407118255,0.653097218573733,0.655810886370245,150249803.943895,226882716.426976,150.24980394389502
MANTLE,2025-06-13,0.655810886370245,0.655810886370245,0.631425093719184,0.642774438176822,182489657.923834,285341664.222632,182.489657923834
MANTLE,2025-06-14,0.642774438176822,0.647125126906324,0.632088766930657,0.636534869275367,100242912.814788,156637670.929009,100.242912814788
MANTLE,2025-06-15,0.636534869275367,0.637960280134337,0.612897632114791,0.621764670352276,77871970.1714602,124345717.728718,77.87197017146019
MANTLE,2025-06-16,0.621764670352276,0.63518044745877,0.615977923160801,0.618366174581553,108160030.428907,172971253.360907,108.160030428907
MANTLE,2025-06-17,0.618366174581553,0.62219474530945,0.590794165568071,0.593447706569256,136211428.102497,222546678.186441,136.21142810249702
MANTLE,2025-06-18,0.593447706569256,0.60788899606983,0.557562621285942,0.604219866567342,160580292.858523,273527587.553229,160.58029285852302
MANTLE,2025-06-19,0.604219866567342,0.636713464584018,0.601687374662324,0.631360893665785,136126314.234236,219432366.687905,136.126314234236
MANTLE,2025-06-20,0.631360893665785,0.637259868032399,0.618648305024179,0.629819788812941,107690869.765898,171402306.453938,107.690869765898
MANTLE,2025-06-21,0.629819788812941,0.643961623416661,0.601599279664277,0.614560234354487,133692957.043056,213671465.652539,133.692957043056
MANTLE,2025-06-22,0.614560234354487,0.619490389252441,0.568735760815435,0.58853985198226,176569955.414077,295597480.122362,176.56995541407701
MANTLE,2025-06-23,0.58853985198226,0.607461795838151,0.572160553122367,0.604583382159541,152164523.780798,258241643.246181,152.164523780798
MANTLE,2025-06-24,0.604583382159541,0.61702360061174,0.601323961797076,0.612705498949388,126390143.231522,207760689.355436,126.39014323152199
MANTLE,2025-06-25,0.612705498949388,0.615574739510109,0.60299988337921,0.606454402937407,106304136.356965,174120746.153946,106.304136356965
MANTLE,2025-06-26,0.606454402937407,0.615160448901501,0.598089588032447,0.602257625313678,105140983.042896,173049424.241695,105.140983042896
MANTLE,2025-06-27,0.602257625313678,0.603716035099657,0.588227057508654,0.597357425903641,99700871.1834931,167091384.431232,99.70087118349309
MANTLE,2025-06-28,0.597357425903641,0.610261612169122,0.591811432028703,0.607649945054339,96492862.2516856,160690856.26696,96.49286225168561
MANTLE,2025-06-29,0.607649945054339,0.618337022889805,0.580855162476807,0.602996198736048,113858803.732922,188502215.680401,113.858803732922
MANTLE,2025-06-30,0.602996198736048,0.604445475718072,0.57458209223408,0.589342391490687,111146277.664986,188852485.292508,111.146277664986
MANTLE,2025-07-01,0.589342391490687,0.593950703513423,0.553574347655136,0.563685444993186,143894072.442378,252719591.042257,143.89407244237802
MANTLE,2025-07-02,0.563685444993186,0.589679437241242,0.563473993133611,0.583379535318138,130289163.940867,224897012.533949,130.289163940867
MANTLE,2025-07-03,0.583379535318138,0.59612291765368,0.577226074805941,0.58726950436473,131158507.749986,224369540.355823,131.158507749986
MANTLE,2025-07-04,0.58726950436473,0.587649742068608,0.556188219193543,0.560552295924383,136973856.553505,241962745.728461,136.97385655350502
MANTLE,2025-07-05,0.560552295924383,0.571528778295292,0.556041414163467,0.563111906003732,100384238.651821,177724092.774756,100.38423865182101
MANTLE,2025-07-06,0.563111906003732,0.576336760193601,0.554298986973706,0.570690694288022,87663268.3538091,154540077.064935,87.6632683538091
MANTLE,2025-07-07,0.570690694288022,0.576443530998144,0.562836703036227,0.567377647507011,83615946.6018717,146734072.549163,83.6159466018717
MANTLE,2025-07-08,0.567377647507011,0.574323945842565,0.554368021577397,0.56905331917374,96618318.5083181,170647897.218957,96.6183185083181
MANTLE,2025-07-09,0.56905331917374,0.608311204398944,0.562559606390884,0.593916122807855,161704315.714905,276003738.699936,161.704315714905
MANTLE,2025-07-10,0.593916122807855,0.623839824171465,0.593374256061304,0.623786981860483,155972713.573531,257737727.133367,155.972713573531
MANTLE,2025-07-11,0.623786981860483,0.644908207244063,0.601883463005762,0.61412355486899,203141427.918709,320518384.457487,203.141427918709
MANTLE,2025-07-12,0.61412355486899,0.653524276312556,0.605938802839304,0.653430953204061,165509035.816274,260730419.009664,165.50903581627398
MANTLE,2025-07-13,0.653430953204061,0.702221926281807,0.647759399300219,0.701813359116443,167785598.572547,248143408.813646,167.785598572547
MANTLE,2025-07-14,0.701813359116443,0.727501030003229,0.694393867710425,0.724984514714677,186018351.760498,261780702.106219,186.01835176049798
MANTLE,2025-07-15,0.724984514714677,0.730351451175459,0.692217234583586,0.712121596489219,183355562.781181,258238675.758682,183.35556278118102
MANTLE,2025-07-16,0.712121596489219,0.743797378161036,0.703603174736463,0.731705072253686,193805843.580502,266428095.862522,193.805843580502
MANTLE,2025-07-17,0.731705072253686,0.794721805445851,0.726649288320178,0.788220820837515,223072247.453887,294419017.377037,223.07224745388697
MANTLE,2025-07-18,0.788220820837515,0.850314245194662,0.745995518430986,0.793653049599503,290285014.548941,364646460.637264,290.28501454894104
MANTLE,2025-07-19,0.793653049599503,0.808837406160302,0.760939337401785,0.802863615109164,205535929.708727,260936914.090086,205.535929708727
MANTLE,2025-07-20,0.802863615109164,0.814770171373262,0.795950466803489,0.80211446955968,159095244.549604,197812849.663355,159.095244549604
MANTLE,2025-07-21,0.80211446955968,0.823880543680921,0.79427248624917,0.801404204176686,208563640.827887,257737333.30874,208.56364082788699
MANTLE,2025-07-22,0.801404204176686,0.828635690628797,0.778073693050695,0.828019088130787,219097698.525819,273780544.293531,219.097698525819
MANTLE,2025-07-23,0.828019088130787,0.836293241346338,0.789308821130646,0.791116976349293,211466246.178986,259276593.60998,211.466246178986
MANTLE,2025-07-24,0.791116976349293,0.798580444513597,0.744999519106458,0.748669939145995,176870431.67605,231300175.058865,176.87043167605
MANTLE,2025-07-25,0.748669939145995,0.769668135171679,0.733931455276056,0.767537397871566,163755447.119192,218988124.806838,163.755447119192
MANTLE,2025-07-26,0.767537397871566,0.798904236580464,0.758340267920914,0.795972857906988,138082634.682681,177115784.152971,138.082634682681
MANTLE,2025-07-27,0.795972857906988,0.830599072760754,0.793155432818954,0.829647093372529,122182620.76963,149835502.968863,122.18262076963
MANTLE,2025-07-28,0.829647093372529,0.836165167118062,0.79267361663048,0.795781663305316,181874838.197864,223667105.735543,181.874838197864
MANTLE,2025-07-29,0.795781663305316,0.798742263321705,0.75495876980755,0.762984701359556,156990465.064254,202681592.381262,156.99046506425398
MANTLE,2025-07-30,0.762984701359556,0.777936714536311,0.738742164989439,0.748800878097806,140951768.060224,185884846.087191,140.951768060224
MANTLE,2025-07-31,0.748800878097806,0.777456616751766,0.739013997528364,0.74060741396074,123854662.654991,163657173.980164,123.854662654991
MANTLE,2025-08-01,0.74060741396074,0.743961563311253,0.691688987620582,0.697309411958112,163444477.109878,227216437.327615,163.444477109878
MANTLE,2025-08-02,0.697309411958112,0.704027888326011,0.677579369890756,0.686282353013178,123315831.083522,178428331.944185,123.31583108352201
MANTLE,2025-08-03,0.686282353013178,0.718000335970052,0.680241537152773,0.709245374327832,95500195.9950849,136529199.645666,95.5001959950849
MANTLE,2025-08-04,0.709245374327832,0.733999768219264,0.7084746579469,0.730409419133681,42805971.7234597,59272791.9019245,42.8059717234597
