symbol,date,open,high,low,close,usd_volume,crypto_volume,usd_volume_mil
TON,2021-08-20,0.564848203781879,0.806469755366012,0.403861179750299,0.806469755366012,28033.5366643228,42197.891650429,0.0280335366643228
TON,2021-08-21,0.806469755366012,0.806469755366012,0.562492070599383,0.562492070599383,17237.7809288927,23309.465727937,0.017237780928892697
TON,2021-08-22,0.562492070599383,0.562492070599383,0.520230878562801,0.520230878562801,788.498169753195,1479.249177447,0.000788498169753195
TON,2021-08-23,0.520230878562801,0.528939121075483,0.439337899795878,0.439337899795878,2218.35705476996,4797.446150711,0.00221835705476996
TON,2021-08-24,0.439337899795878,0.475390643294601,0.394665272293355,0.475390643294601,2494.30567260022,5796.344909781,0.00249430567260022
TON,2021-08-25,0.475390643294601,0.475390643294601,0.475390643294601,0.475390643294601,0.0,0.0,0.0
TON,2021-08-26,0.475390643294601,0.777821610079836,0.456080829508702,0.699613254966242,113476.487068026,157616.915954924,0.113476487068026
TON,2021-08-27,0.699613254966242,0.814213816724264,0.57094020913059,0.785676721674685,165249.69109982,224535.442082791,0.16524969109982
TON,2021-08-28,0.785676721674685,0.788421147996606,0.721635547559163,0.72589529683314,87135.9177378811,117081.725369737,0.0871359177378811
TON,2021-08-29,0.72589529683314,0.73708470185491,0.687042902517935,0.687042902517935,11806.1064745638,17128.644046389,0.0118061064745638
TON,2021-08-30,0.687042902517935,0.706039828966351,0.599313789532858,0.706039828966351,8654.7301513972,12595.064507538,0.0086547301513972
TON,2021-08-31,0.706039828966351,0.807193598150968,0.693145439226061,0.734650632029902,297057.123579381,387400.204824619,0.29705712357938097
TON,2021-09-01,0.734650632029902,0.903828967037922,0.734155408952,0.818942534680982,636757.401308463,818637.055188379,0.6367574013084629
TON,2021-09-02,0.818942534680982,0.875114380971088,0.818942534680982,0.862616909849961,54045.0090952599,62726.562256013,0.054045009095259895
TON,2021-09-03,0.862616909849961,0.876443977291736,0.854133924534259,0.861576748195902,17370.598403643,20022.091000233,0.017370598403643002
TON,2021-09-04,0.861576748195902,0.935367798202466,0.83608885359469,0.866639589911581,149309.467000925,171250.507093432,0.149309467000925
TON,2021-09-05,0.866639589911581,0.902727984385651,0.866639589911581,0.902727984385651,9528.96107073724,10733.206656336,0.00952896107073724
TON,2021-09-06,0.902727984385651,0.927834481814055,0.902727984385651,0.927834481814055,11984.6110037314,13100.911300532,0.0119846110037314
TON,2021-09-07,0.927834481814055,1.01010970550538,0.918128129546779,0.988110887629866,155232.584120237,160804.167145755,0.155232584120237
TON,2021-09-08,0.988110887629866,0.988110887629866,0.832086764988918,0.914814258649429,156407.60915433,174283.546890144,0.15640760915433002
TON,2021-09-09,0.914814258649429,0.914814258649429,0.903994165499848,0.903994165499848,6768.81878751198,7487.679728297,0.00676881878751198
TON,2021-09-10,0.903994165499848,1.12525104094117,0.903994165499848,0.924555243232637,228910.470090786,228981.136310355,0.228910470090786
TON,2021-09-11,0.924555243232637,0.931506140699543,0.877216135389469,0.877216135389469,39309.8279470353,43606.829014313,0.0393098279470353
TON,2021-09-12,0.877216135389469,0.877216135389469,0.854951691017785,0.854951691017785,37304.6845973465,43526.857777158,0.0373046845973465
TON,2021-09-13,0.854951691017785,0.880530550210288,0.820695271923327,0.820695271923327,80137.0540566914,95112.393421197,0.0801370540566914
TON,2021-09-14,0.820695271923327,0.863190306206852,0.820695271923327,0.855017744229393,56802.3564819737,66437.393015119,0.0568023564819737
TON,2021-09-15,0.855017744229393,0.855248511872331,0.761719004497295,0.826701263409915,109730.875655594,137187.608668417,0.109730875655594
TON,2021-09-16,0.826701263409915,0.834353610335643,0.805699402287734,0.805699402287734,25965.743571895,32091.58481219,0.025965743571895
TON,2021-09-17,0.805699402287734,0.805699402287734,0.693149309832469,0.70049066569396,92079.4213111509,128979.772493507,0.0920794213111509
TON,2021-09-18,0.70049066569396,0.724476980473325,0.673010660346016,0.673010660346016,47047.3337338449,68414.492052321,0.0470473337338449
TON,2021-09-19,0.673010660346016,0.694814621325976,0.673010660346016,0.68445766074085,16326.7915846055,23660.276612014,0.0163267915846055
TON,2021-09-20,0.68445766074085,0.68445766074085,0.560025956988795,0.560025956988795,58531.2588427054,102814.306258812,0.0585312588427054
TON,2021-09-21,0.560025956988795,0.58277072995496,0.555640481477423,0.566174445141292,75269.2199929731,133552.637989308,0.0752692199929731
TON,2021-09-22,0.566174445141292,0.575319313286258,0.549851452781574,0.556581095343087,64096.4806318873,114708.700953968,0.0640964806318873
TON,2021-09-23,0.556581095343087,0.762277497843845,0.556581095343087,0.762277497843845,175421.670333384,276601.127172922,0.17542167033338402
TON,2021-09-24,0.762277497843845,0.762277497843845,0.512265953387058,0.706888142547399,57385.7413281316,83407.436247706,0.057385741328131595
TON,2021-09-25,0.706888142547399,0.746189359047971,0.705309980464668,0.705309980464668,70392.9355962315,95424.090583354,0.0703929355962315
TON,2021-09-26,0.705309980464668,0.714491094868673,0.705309980464668,0.714491094868673,4504.32319995251,6304.239804109,0.00450432319995251
TON,2021-09-27,0.714491094868673,0.749506216991997,0.714491094868673,0.749506216991997,48581.4881127154,65581.172702546,0.0485814881127154
TON,2021-09-28,0.749506216991997,0.749506216991997,0.352025609449456,0.359159530791016,99705.026624398,276174.1,0.099705026624398
TON,2021-09-29,0.359159530791016,0.3680535993665,0.353633458723387,0.356889474887941,187071.078341732,521512.59,0.187071078341732
TON,2021-09-30,0.356889474887941,0.363039309401155,0.354924915641624,0.3590086671756,178284.064985182,499577.53,0.17828406498518198
TON,2021-10-01,0.3590086671756,0.363157831563099,0.352955250304986,0.356699952537968,174699.998640347,490243.87,0.17469999864034702
TON,2021-10-02,0.356699952537968,0.360505751009883,0.349325594269801,0.356050196141624,141970.782458563,398582.4,0.14197078245856298
TON,2021-10-03,0.356050196141624,0.366782549156609,0.35186086559412,0.356683335699212,118481.931309887,332435.36,0.118481931309887
TON,2021-10-04,0.356683335699212,0.362530585901868,0.35082139884451,0.35467572377913,174574.706380298,491500.23,0.174574706380298
TON,2021-10-05,0.35467572377913,0.359281601450217,0.350673965256165,0.358660491867607,237994.854410995,669800.39,0.237994854410995
TON,2021-10-06,0.358660491867607,0.359468182452181,0.34889304824548,0.352399960082103,113003.077710454,316689.74,0.11300307771045401
TON,2021-10-07,0.352399960082103,0.356778411817953,0.350718188781837,0.352695116136479,123170.531002044,348329.62,0.12317053100204399
TON,2021-10-08,0.352695116136479,0.376848992351219,0.340255234560005,0.355334743284982,32631.0516531208,91327.02,0.0326310516531208
TON,2021-10-09,0.355334743284982,0.360808596072675,0.349345328774288,0.358417145122899,47614.9959936426,133317.39,0.0476149959936426
TON,2021-10-10,0.358417145122899,0.360362086284961,0.351241751156075,0.355847887705433,116590.689616124,327140.99,0.116590689616124
TON,2021-10-11,0.355847887705433,0.358652803294023,0.351893828630813,0.357514547097893,134756.780208188,379335.74,0.134756780208188
TON,2021-10-12,0.357514547097893,0.360619915607585,0.350573515193014,0.356647611509117,75212.3073128098,211780.85,0.0752123073128098
TON,2021-10-13,0.356647611509117,0.357586678781335,0.348197190094427,0.349604757659034,135460.795443094,385362.74,0.13546079544309397
TON,2021-10-14,0.349604757659034,0.355839046576873,0.347937813135708,0.352047678246208,60504.5463945638,172016.1,0.0605045463945638
TON,2021-10-15,0.352047678246208,0.367758729276587,0.349406348038932,0.365004839153304,149092.212089795,414870.69,0.149092212089795
TON,2021-10-16,0.365004839153304,0.366372625447766,0.356764128405373,0.361721536966214,33950.1913962848,93597.38,0.033950191396284794
TON,2021-10-17,0.361721536966214,0.372962418533066,0.352494801172895,0.365703588447743,106269.299951633,291660.21,0.106269299951633
TON,2021-10-18,0.365703588447743,0.378795502825335,0.362472722273907,0.370383742779256,99272.0514522051,268248.51,0.09927205145220509
TON,2021-10-19,0.370383742779256,0.380422286769243,0.362490813589607,0.371904233601769,169256.353378665,455203.48,0.169256353378665
TON,2021-10-20,0.371904233601769,0.394265837816231,0.363704103768009,0.39071187140583,209591.304985044,550297.55,0.209591304985044
TON,2021-10-21,0.39071187140583,0.393377518540505,0.382495159056181,0.389817069774303,113023.459375818,290028.89,0.113023459375818
TON,2021-10-22,0.389817069774303,0.441929211689646,0.385769414622883,0.403355742612805,233933.680709789,591270.44,0.233933680709789
TON,2021-10-23,0.403355742612805,0.424935901803697,0.399624160812413,0.416107043809825,248244.289626165,598520.8,0.24824428962616502
TON,2021-10-24,0.416107043809825,0.818504904968539,0.41391823717115,0.818504904968539,67127.1594209163,116794.335108539,0.06712715942091631
TON,2021-10-25,0.818504904968539,0.844523220218247,0.818504904968539,0.824899549024615,39694.1166286606,47658.821451871,0.039694116628660604
TON,2021-10-26,0.824899549024615,0.865158714658398,0.799351479846446,0.805769649571858,194875.540026932,228971.593400687,0.194875540026932
TON,2021-10-27,0.805769649571858,0.819541666960825,0.790093142784376,0.790093142784376,80713.3307457835,100295.674674351,0.0807133307457835
TON,2021-10-28,0.790093142784376,0.827533534678882,0.764187398788823,0.764187398788823,100852.345664994,125891.192467261,0.100852345664994
TON,2021-10-29,0.764187398788823,0.829961257612542,0.750745720031982,0.750745720031982,113403.561927392,141888.014941746,0.113403561927392
TON,2021-10-30,0.750745720031982,0.80739206542305,0.750745720031982,0.792445589111545,33565.3085932933,42523.551827837,0.033565308593293305
TON,2021-10-31,0.792445589111545,0.816476860832342,0.727181313482959,0.743875467772019,100160.98248934,126806.8973524,0.10016098248934
TON,2021-11-01,0.743875467772019,0.764948420149322,0.727766596305727,0.727766596305727,32613.0250144238,43085.306956682,0.0326130250144238
TON,2021-11-02,0.727766596305727,0.794116864313945,0.724078255406019,0.751932416689301,77030.7502640017,102464.661082907,0.0770307502640017
TON,2021-11-03,0.751932416689301,0.836350287218601,0.751932416689301,0.789877233126549,110901.41412876,138474.073456614,0.11090141412876
TON,2021-11-04,0.789877233126549,0.867463845727329,0.789877233126549,0.838130550786237,204949.568445692,245104.696552021,0.204949568445692
TON,2021-11-05,0.838130550786237,1.04548118682312,0.838130550786237,1.04381868545686,114374.345035978,118289.341706884,0.114374345035978
TON,2021-11-06,1.04381868545686,1.07010704329345,0.332977413065453,0.355351671751928,220094.423167805,597477.588497009,0.220094423167805
TON,2021-11-07,0.355351671751928,0.390775872336934,0.350685318142419,0.377370402094086,216250.936591112,594708.17,0.216250936591112
TON,2021-11-08,0.377370402094086,0.393919329970138,0.360248477501104,0.37968033193702,209315.595182291,552664.78,0.209315595182291
TON,2021-11-09,0.37968033193702,0.392957332827426,0.354778109898823,0.371450766113059,237581.800354114,633104.18,0.237581800354114
TON,2021-11-10,0.371450766113059,0.383438764207436,0.322552524036905,0.341317172636294,325503.660041925,909215.53,0.325503660041925
TON,2021-11-11,0.341317172636294,0.342907424939386,0.31655492745868,0.333558201717983,311642.530465475,940006.88,0.31164253046547497
TON,2021-11-12,0.333558201717983,5.40238435429841,0.321168039503331,4.46016303317011,4500513.30653567,1563341.00568669,4.5005133065356695
TON,2021-11-13,4.46016303317011,4.57216955747727,3.87345426476212,3.91943301664185,2286038.53378528,554775.719432011,2.28603853378528
TON,2021-11-14,3.91943301664185,3.99991631557315,0.33805176788177,3.53351216134629,840523.391567433,236658.804278926,0.840523391567433
TON,2021-11-15,3.53351216134629,3.90991155161614,3.53351216134629,3.90899484238474,1315669.56685776,350645.517802914,1.31566956685776
TON,2021-11-16,3.90899484238474,4.35224179672505,0.435072800978786,4.24356962787898,2702588.12670045,684723.129529997,2.70258812670045
TON,2021-11-17,4.24356962787898,4.39629767980739,4.10085580228647,4.10428743484776,2847629.07829328,664764.061443593,2.8476290782932803
TON,2021-11-18,4.10428743484776,4.11956562073454,3.80673939170065,3.836507358543,1501470.32018455,384490.398179403,1.50147032018455
TON,2021-11-19,3.836507358543,4.03120669073154,3.81557002561192,3.8200082751745,1126847.30781809,290597.330944319,1.12684730781809
TON,2021-11-20,3.8200082751745,3.86617283843936,3.56943643897845,3.72213538027097,1119166.00672582,299596.419436332,1.11916600672582
TON,2021-11-21,3.72213538027097,3.80280060982064,3.63373590045083,3.74797253192844,771240.955118819,208553.783802472,0.7712409551188191
TON,2021-11-22,3.74797253192844,3.81037234279182,3.48717018940591,3.50085738998079,963945.179612854,264245.571339438,0.963945179612854
TON,2021-11-23,3.50085738998079,3.58510486072116,3.4875329661533,3.51349922987518,662786.717214053,187559.1477882,0.662786717214053
TON,2021-11-24,3.51349922987518,3.56766394046725,3.46269742597906,3.49249495683616,662457.324364681,188290.750162935,0.6624573243646811
TON,2021-11-25,3.49249495683616,3.51682532723048,3.26735415276183,3.36498031764137,1922634.37026253,564849.859620195,1.92263437026253
TON,2021-11-26,3.36498031764137,3.39749349926407,2.93768797995484,3.02347412119021,2214066.79171493,706597.110519972,2.21406679171493
TON,2021-11-27,3.02347412119021,3.32250462466768,3.01432271204083,3.08146040548178,750550.262709578,238869.415290755,0.750550262709578
TON,2021-11-28,3.08146040548178,3.08239416978449,2.85128577391342,3.02200327593778,733008.063047826,247849.023311983,0.7330080630478261
TON,2021-11-29,3.02200327593778,3.0910025427011,2.96818201472767,2.99200960559405,909159.038414557,299754.435806875,0.909159038414557
TON,2021-11-30,2.99200960559405,3.03144605940709,2.93778509393242,2.96235396618688,661329.977179754,221069.487925694,0.661329977179754
TON,2021-12-01,2.96235396618688,2.97655301520115,2.70662096213094,2.71068249099635,769869.910532268,267731.059627242,0.7698699105322679
TON,2021-12-02,2.71068249099635,2.77679765202765,2.16961587323431,2.2525180090869,2946283.34211377,1193131.97037548,2.94628334211377
TON,2021-12-03,2.2525180090869,2.27902896172096,2.00498637367152,2.10701208537346,851197.473797683,395622.604497283,0.8511974737976831
TON,2021-12-04,2.10701208537346,2.14898803612157,0.262008544574345,1.79627397812019,940315.954575789,497344.594854669,0.9403159545757891
TON,2021-12-05,1.79627397812019,2.00030946982523,1.74553809190659,1.83487171541745,426809.862798551,232927.165825585,0.426809862798551
TON,2021-12-06,1.83487171541745,2.12657079867528,1.82698365576894,2.12149329437356,942592.422772044,482007.97297273,0.9425924227720439
TON,2021-12-07,2.12149329437356,2.62695090079127,2.11514683951196,2.53495625201198,2073952.50306782,852936.508019995,2.07395250306782
TON,2021-12-08,2.53495625201198,2.77347407298381,2.46008426954368,2.7365042593354,1430444.77639186,552327.108843863,1.4304447763918602
TON,2021-12-09,2.7365042593354,2.75549350934222,2.49399402943431,2.57165430166767,816081.611108021,313504.773871384,0.816081611108021
TON,2021-12-10,2.57165430166767,2.67220763774081,2.31709308793282,2.41544750686971,1255822.37866943,502592.720903844,1.25582237866943
TON,2021-12-11,2.41544750686971,2.55645389280679,2.39123719642215,2.55545406829743,363861.511923301,149429.052044771,0.36386151192330096
TON,2021-12-12,2.55545406829743,2.6969051184515,2.50559998431362,2.64624141474576,569359.352609537,217156.995729119,0.569359352609537
TON,2021-12-13,2.64624141474576,2.64650471177997,2.18428916166995,2.28084921273675,625658.827815296,258692.687734213,0.625658827815296
TON,2021-12-14,2.28084921273675,2.50036459976185,2.22636208502591,2.49198506755272,126417.126662426,55017.990686112,0.126417126662426
TON,2021-12-15,2.49198506755272,2.83892322694392,2.37897310599837,2.74433100646583,185035.381695373,70974.593326931,0.185035381695373
TON,2021-12-16,2.74433100646583,2.92770002888765,2.43446657008003,2.45414965214416,301566.169276316,112126.996134142,0.301566169276316
TON,2021-12-17,2.45414965214416,2.57109854455911,2.26853815932165,2.49679339142349,191535.125248785,80869.522980799,0.19153512524878502
TON,2021-12-18,2.49679339142349,2.62916421763024,2.42960972142392,2.46830684465037,79226.0749103491,31705.335364012,0.0792260749103491
TON,2021-12-19,2.46830684465037,2.49730979877408,2.2929477541038,2.35303291168857,104335.301866836,44092.071056025,0.104335301866836
TON,2021-12-20,2.35303291168857,2.38060020613455,2.24953717463529,2.38060020613455,84069.7362726375,36226.441498197,0.0840697362726375
TON,2021-12-21,2.38060020613455,2.41500562027094,2.32508827107422,2.38543863988732,23800.0077069076,10100.735687326,0.0238000077069076
TON,2021-12-22,2.38543863988732,2.39572403969464,2.26329395528963,2.29838664440495,17530.5649439893,7682.383811543,0.0175305649439893
TON,2021-12-23,2.29838664440495,3.78598009790312,2.26713628449378,3.52115942077577,1568455.12902092,471514.205568869,1.56845512902092
TON,2021-12-24,3.52115942077577,4.51409230074067,3.52115942077577,4.19172431546956,1077435.64064505,271994.296067222,1.07743564064505
TON,2021-12-25,4.19172431546956,5.33910967529913,3.95765384568393,4.32589560055238,2954226.95684163,625641.874084597,2.9542269568416297
TON,2021-12-26,4.32589560055238,4.59833651130019,4.03070838901973,4.34825449374304,697904.217744674,161794.961990824,0.6979042177446739
TON,2021-12-27,4.34825449374304,4.4484049484802,3.83557716350733,3.83557716350733,471128.280092869,112025.081192086,0.471128280092869
TON,2021-12-28,3.83557716350733,4.04160307378155,3.74158357443042,3.86464409502799,152990.971371281,39374.423148299,0.15299097137128098
TON,2021-12-29,3.86464409502799,4.40475818363329,3.72012090530008,3.78951590126798,494512.513702322,120317.422360728,0.49451251370232197
TON,2021-12-30,3.78951590126798,3.9447837579697,3.53425887729199,3.77102994225972,119344.604939565,32452.66964534,0.119344604939565
TON,2021-12-31,3.77102994225972,3.92624554805375,3.38155967313722,3.57450494280481,112544.608481629,30830.264791808,0.11254460848162899
TON,2022-01-01,3.57450494280481,3.78354843982805,3.57450494280481,3.74616609093768,32076.2157442379,8694.16319604,0.0320762157442379
TON,2022-01-02,3.74616609093768,3.82526094126898,3.33992588102334,3.46509025419332,62272.5106584996,17088.857535115,0.062272510658499605
TON,2022-01-03,3.46509025419332,3.70449839016622,3.30821242264956,3.34848341089586,53082.9635773591,15317.646455199,0.0530829635773591
TON,2022-01-04,3.34848341089586,3.61279528913702,3.34780652921678,3.60943900596227,20561.0520728868,5844.550592065,0.0205610520728868
TON,2022-01-05,3.60943900596227,3.70031320958919,2.93513388668503,2.93513388668503,81460.2181181765,26140.248032967,0.08146021811817651
TON,2022-01-06,2.93513388668503,3.6680943161615,2.93513388668503,3.6680943161615,130565.397928773,37553.288543382,0.130565397928773
TON,2022-01-07,3.6680943161615,3.6680943161615,3.02168967322995,3.1890565553209,29641.940962628,8728.476456519,0.029641940962628
TON,2022-01-08,3.1890565553209,3.24148159503555,2.77852004892595,2.94296959469189,66178.2491254447,21307.327423394,0.06617824912544469
TON,2022-01-09,2.94296959469189,2.98814519117574,2.70781506742188,2.94128550844146,40730.4129134745,14181.189457446,0.040730412913474505
TON,2022-01-10,2.94128550844146,2.94128550844146,2.60580714735698,2.78355709924394,159.444540652362,59.91,0.000159444540652362
TON,2022-01-11,2.78355709924394,2.89408352626068,2.7021903698431,2.89408352626068,22703.9548815845,8158.784697463,0.0227039548815845
TON,2022-01-12,2.89408352626068,3.66074648874637,2.89012053203128,3.63736009827924,191196.308478307,55616.101772342,0.19119630847830701
TON,2022-01-13,3.63736009827924,4.03983900972401,3.39801058836508,3.71942607588617,495107.77249789,130758.003733321,0.49510777249789
TON,2022-01-14,3.71942607588617,3.79367973096285,3.37600664809803,3.78855736466321,206843.318600252,56843.930564142,0.206843318600252
TON,2022-01-15,3.78855736466321,3.78855736466321,3.54529625344537,3.6325988980769,37253.9974673164,10151.20836138,0.037253997467316405
TON,2022-01-16,3.6325988980769,3.6325988980769,3.49310115311838,3.56738366009839,46030.948452918,12929.31167966,0.046030948452918
TON,2022-01-17,3.56738366009839,3.5837440240924,3.15006269006964,3.27344609367598,71864.701355389,21500.631219135,0.071864701355389
TON,2022-01-18,3.27344609367598,3.38191829944215,3.01680038460343,3.22306533813379,125950.912561062,39126.330598686,0.125950912561062
TON,2022-01-19,3.22306533813379,3.32795802869684,3.07618554956622,3.23962904473082,109871.481722091,33627.504005777,0.109871481722091
TON,2022-01-20,3.23962904473082,3.49849830343497,3.08900996665786,3.08900996665786,70396.3169211103,21545.300551625,0.0703963169211103
TON,2022-01-21,3.08900996665786,3.76588465682839,2.87147556474408,2.87147556474408,324746.578441041,96503.561638991,0.324746578441041
TON,2022-01-22,2.87147556474408,2.97261567680118,2.56249255812462,2.68173154883642,153967.564883691,56308.256681797,0.153967564883691
TON,2022-01-23,2.68173154883642,2.82439022609066,2.55757901853603,2.70435939288295,52453.1696398265,19402.083278039,0.0524531696398265
TON,2022-01-24,2.70435939288295,2.82760384416433,2.26465484326084,2.4661816408588,174763.95339486,68225.138434784,0.17476395339486
TON,2022-01-25,2.4661816408588,2.4661816408588,2.20016177723091,2.20016177723091,159270.656114419,68094.29935865,0.15927065611441898
TON,2022-01-26,2.20016177723091,2.42083419361845,2.11045537418518,2.113814519267,80369.1998063959,35189.39189353,0.0803691998063959
TON,2022-01-27,2.113814519267,2.36490606071794,2.07986362124436,2.13333908263324,65044.2897864452,29252.11881397,0.0650442897864452
TON,2022-01-28,2.13333908263324,2.39073834464551,2.12386575833779,2.30053651695856,20253.1462127061,8782.878863146,0.0202531462127061
TON,2022-01-29,2.30053651695856,2.69343555870968,2.30053651695856,2.6672893059072,44763.7706976778,18304.979276427,0.0447637706976778
TON,2022-01-30,2.6672893059072,2.80576215927857,2.36703983909654,2.46232072359548,87763.1596911467,33638.678145799,0.0877631596911467
TON,2022-01-31,2.46232072359548,2.72137651110851,2.29585341077879,2.50830061382425,54898.4266682218,22096.028694708,0.0548984266682218
TON,2022-02-01,2.50830061382425,2.9092977733543,2.40522019148819,2.89275035624651,159565.833803923,57871.615086797,0.15956583380392297
TON,2022-02-02,2.89275035624651,2.89275035624651,2.62279101007418,2.76594035505764,109882.643646692,39408.976065145,0.109882643646692
TON,2022-02-03,2.76594035505764,2.78401972861339,2.5683114967256,2.64487982423188,64485.3708811076,24316.173069594,0.0644853708811076
TON,2022-02-04,2.64487982423188,2.90843573504701,2.62896652293989,2.72079787358983,31346.0832870415,11185.840908356,0.0313460832870415
TON,2022-02-05,2.72079787358983,2.89249468283446,2.61867184638759,2.6763439571763,22032.8538851436,8174.538881058,0.0220328538851436
TON,2022-02-06,2.6763439571763,2.78959695554448,2.66210778548904,2.78959695554448,6634.16574418106,2449.806845128,0.0066341657441810606
TON,2022-02-07,2.78959695554448,2.9134488343798,2.69963823733411,2.84374252136709,6970.92269265587,2476.705369669,0.00697092269265587
TON,2022-02-08,2.84374252136709,2.8827526133245,2.69839001470618,2.77956174444036,18750.213206217,6809.590828628,0.018750213206217
TON,2022-02-09,2.77956174444036,2.95869673490569,2.75242234670867,2.88294951257931,204327.084533905,72180.598306813,0.204327084533905
TON,2022-02-10,2.88294951257931,2.89363198642264,2.67344735257385,2.77684810743501,224125.35491922,80043.54014304,0.22412535491922
TON,2022-02-11,2.77684810743501,2.85827976508949,2.53146810810512,2.60149546807728,411042.749737221,150052.094121245,0.411042749737221
TON,2022-02-12,2.60149546807728,2.76904892597426,2.56773605200913,2.70625360894929,224441.466887836,83946.742667475,0.224441466887836
TON,2022-02-13,2.70625360894929,2.94315436968661,2.65295294782399,2.6907142403635,3655509.1353962,1313811.07386795,3.6555091353962004
TON,2022-02-14,2.6907142403635,2.73468959391652,2.64823665400873,2.66420223402318,1280726.32632317,477765.582243858,1.28072632632317
TON,2022-02-15,2.66420223402318,2.7230749199832,2.66100757348831,2.70790949315065,1437987.14003399,533507.948960111,1.4379871400339899
TON,2022-02-16,2.70790949315065,2.70790949315065,2.61946048295932,2.65736151934006,1811549.45635278,679772.080849885,1.81154945635278
TON,2022-02-17,2.65736151934006,2.67415849517159,2.40108738897625,2.43333197850066,1714544.08182577,680006.533902154,1.71454408182577
TON,2022-02-18,2.43333197850066,2.50118414721665,2.39199392401355,2.45960224299002,1009944.42328714,413069.901262311,1.00994442328714
TON,2022-02-19,2.45960224299002,2.52064970354692,2.42594924661653,2.45570015793108,573814.080230076,232744.076127934,0.573814080230076
TON,2022-02-20,2.45570015793108,2.45996612620476,2.3026739134834,2.3539973275039,869458.890431415,368945.367039909,0.8694588904314151
TON,2022-02-21,2.3539973275039,2.40830118357667,2.22164504140681,2.23196809585569,2423705.68174671,1049765.53486509,2.42370568174671
TON,2022-02-22,2.23196809585569,2.50159743356784,2.19794603501561,2.45891154980862,2043173.53749202,860402.85915134,2.04317353749202
TON,2022-02-23,2.45891154980862,2.4831650454947,2.34390052357654,2.34390052357654,1158736.41868405,481979.272169544,1.15873641868405
TON,2022-02-24,2.34390052357654,2.35351774691828,1.991221397174,2.17641109429762,3586130.41737976,1699236.68725039,3.5861304173797603
TON,2022-02-25,2.17641109429762,2.26854777313917,2.14366742330527,2.20743922630479,1381477.90691345,628881.012390527,1.38147790691345
TON,2022-02-26,2.20743922630479,2.2625510686136,2.17589842487417,2.26195539161207,717923.099382435,323818.158905991,0.7179230993824349
TON,2022-02-27,2.26195539161207,2.27743872818366,2.01443367233168,2.05346006037508,1648810.59012197,773301.620467658,1.64881059012197
TON,2022-02-28,2.05346006037508,2.10601604550951,1.93087480136575,2.10210269766289,2246221.37899467,1117840.65697346,2.24622137899467
TON,2022-03-01,2.10210269766289,2.14764008677586,2.01502461524794,2.07281769692622,1724015.19458367,830502.977110433,1.72401519458367
TON,2022-03-02,2.07281769692622,2.09019824101578,1.97061288213214,2.0305727958057,1252582.09205556,620276.208317127,1.2525820920555601
TON,2022-03-03,2.0305727958057,2.0377853607096,1.94397907065433,1.97594361624988,729219.097804142,368655.631925723,0.7292190978041421
TON,2022-03-04,1.97594361624988,1.97594361624988,1.80394152994027,1.81648204559283,822894.833539828,436979.806772539,0.822894833539828
TON,2022-03-05,1.81648204559283,1.83541545970996,1.75625115045953,1.77499387424618,582155.967609561,327070.021834419,0.582155967609561
TON,2022-03-06,1.77499387424618,1.7850204817111,1.60133856194187,1.6190022780036,1011840.95237634,607457.35887406,1.01184095237634
TON,2022-03-07,1.6190022780036,1.82781182334732,1.55181413057041,1.78598327042345,2605246.88987138,1520072.35389932,2.60524688987138
TON,2022-03-08,1.78598327042345,2.06067732302833,1.78306335995773,1.94808800731982,3482378.2779524,1777163.57135988,3.4823782779524
TON,2022-03-09,1.94808800731982,2.03922064462906,1.76148407554197,1.77388994412242,1402467.75044899,740698.053039047,1.40246775044899
TON,2022-03-10,1.77388994412242,1.85367604091512,1.69666086959901,1.82229337274234,990317.445513814,559673.288692644,0.990317445513814
TON,2022-03-11,1.82229337274234,1.91384306898843,1.74299834910021,1.81050281922245,1221315.91517532,671339.997925268,1.2213159151753201
TON,2022-03-12,1.81050281922245,1.87769707733606,1.77595635226869,1.86886875948951,817981.988274518,444401.131776472,0.8179819882745181
TON,2022-03-13,1.86886875948951,1.86886875948951,1.76454256970958,1.76454256970958,608206.499960326,334036.342171786,0.608206499960326
TON,2022-03-14,1.76454256970958,1.81693982302015,1.72482715523296,1.81674075467567,1105666.12422983,626977.73578638,1.10566612422983
TON,2022-03-15,1.81674075467567,1.91137081182004,1.75611771301373,1.90339007430261,1363495.49341757,746109.929175584,1.3634954934175698
TON,2022-03-16,1.90339007430261,1.96470658269141,1.84603039581119,1.92465429532575,1199791.39694662,631851.091478028,1.19979139694662
TON,2022-03-17,1.92465429532575,1.94265655420402,1.8238872229462,1.84029101684362,998158.314438328,531299.830671409,0.998158314438328
TON,2022-03-18,1.84029101684362,1.85851381944371,1.79830113128313,1.85407211437245,416501.596671614,227665.108043557,0.41650159667161396
TON,2022-03-19,1.85407211437245,1.90516388588919,1.8313713394942,1.86399434145231,951658.4458706,512711.511311537,0.9516584458705999
TON,2022-03-20,1.86399434145231,1.87520372257357,1.81089032812614,1.84703115594096,535160.460828192,290745.616068201,0.5351604608281919
TON,2022-03-21,1.84703115594096,1.85472013732613,1.80420397835888,1.8208043285539,643813.847879246,353439.79339391,0.643813847879246
TON,2022-03-22,1.8208043285539,1.84937054427435,1.81380147489257,1.81521454501104,937762.140661966,510942.197064617,0.9377621406619661
TON,2022-03-23,1.81521454501104,1.85078385125482,1.79834746683158,1.84807073659095,923357.859843338,508343.662821336,0.9233578598433381
TON,2022-03-24,1.84807073659095,1.85098610760944,1.81684052482911,1.84003456801277,936651.34758253,511148.259876446,0.93665134758253
TON,2022-03-25,1.84003456801277,1.91561134619908,1.83342222398378,1.84393108758318,1673609.07211755,897389.511371004,1.67360907211755
TON,2022-03-26,1.84393108758318,1.90918287789524,1.84149945998821,1.89531223165082,1193217.82080189,636231.044801692,1.19321782080189
TON,2022-03-27,1.89531223165082,1.92292931737016,1.84023846785275,1.89961266522683,1437097.98732592,767838.402939487,1.43709798732592
TON,2022-03-28,1.89961266522683,1.99658791627267,1.87647844722277,1.9470446943914,2636233.41759528,1366134.0671156,2.63623341759528
TON,2022-03-29,1.9470446943914,2.0408256057321,1.92692383437728,1.99659434881605,2621638.52791574,1329640.99054159,2.62163852791574
TON,2022-03-30,1.99659434881605,2.00658441982399,1.88973935614139,1.93315204577804,2253706.94992273,1163215.39429881,2.25370694992273
TON,2022-03-31,1.93315204577804,1.96450230559211,1.86374819911314,1.87169989640624,2334325.54752155,1218290.2496095,2.33432554752155
TON,2022-04-01,1.87169989640624,1.92446088750737,1.81304124737677,1.89049919272442,2566577.47513543,1371543.13228268,2.56657747513543
TON,2022-04-02,1.89049919272442,1.91743575571749,1.8531010130949,1.86805221106764,2381277.94665614,1264104.16156641,2.38127794665614
TON,2022-04-03,1.86805221106764,1.89319705086716,1.86176871204445,1.87198837758407,2183436.36301204,1162448.84329459,2.18343636301204
TON,2022-04-04,1.87198837758407,1.89272570601292,1.79618963589827,1.80672467910509,2865945.30049798,1562811.84931014,2.86594530049798
TON,2022-04-05,1.80672467910509,1.82784486327813,1.74571215776311,1.7522217372179,2567405.48287044,1441036.74407885,2.56740548287044
TON,2022-04-06,1.7522217372179,1.752686895905,1.65490713496509,1.68931805419196,3726422.65451424,2195142.29573619,3.72642265451424
TON,2022-04-07,1.68931805419196,1.83140787532963,1.67887494007801,1.8067035822416,3342305.23492147,1901175.73484352,3.34230523492147
TON,2022-04-08,1.8067035822416,1.87028742661724,1.79084067142563,1.81425783310906,3001875.90179966,1651775.18660851,3.0018759017996604
TON,2022-04-09,1.81425783310906,1.86215726610072,1.79568437358549,1.82526072659289,2020965.14108412,1113765.64845889,2.02096514108412
TON,2022-04-10,1.82526072659289,1.94619993019536,1.80681403498507,1.90313645577265,3172756.07951401,1693904.15700574,3.1727560795140097
TON,2022-04-11,1.90313645577265,1.97151974673049,1.83026924427127,1.93835329419358,6790159.2322651,3561544.67370027,6.7901592322651
TON,2022-04-12,1.93835329419358,2.04951039471546,1.93786397590554,1.98278857556523,7111214.15158035,3587555.82047367,7.1112141515803495
TON,2022-04-13,1.98278857556523,2.00149742726322,1.919939466496,1.96961916330406,3859228.52855677,1974567.8670592,3.8592285285567702
TON,2022-04-14,1.96961916330406,2.00101141542606,1.91656712926714,1.9640030890373,2633591.77922192,1351061.43305494,2.63359177922192
TON,2022-04-15,1.9640030890373,2.01359789097,1.92428679528559,2.00562149829251,3131658.3565136,1597018.04458692,3.1316583565136
TON,2022-04-16,2.00562149829251,2.06485654707385,1.96817555705486,2.00358247421429,3332860.72271958,1668518.31000164,3.33286072271958
TON,2022-04-17,2.00358247421429,2.02392270253434,1.94948062649943,1.97996932196591,3472109.90739587,1757693.8640941,3.47210990739587
TON,2022-04-18,1.97996932196591,2.01711738546747,1.93889087359833,1.97416224370581,3311982.48745484,1686688.55942574,3.31198248745484
TON,2022-04-19,1.97416224370581,2.07132434480548,1.95999197062145,1.98746881714403,4068583.52721258,2035547.62634693,4.0685835272125805
TON,2022-04-20,1.98746881714403,2.0406792021442,1.96210631445349,2.01913444517491,1661936.4107396,835551.979183153,1.6619364107396
TON,2022-04-21,2.01913444517491,2.34460831984887,2.00228850386398,2.1884664477625,4186024.68422991,1922416.72076111,4.18602468422991
TON,2022-04-22,2.1884664477625,2.23718573950875,2.1321370384547,2.1422531615377,1908738.32384335,874677.175139979,1.90873832384335
TON,2022-04-23,2.1422531615377,2.14249782347569,2.02274440110379,2.03827182196002,991861.086546083,478066.309241091,0.991861086546083
TON,2022-04-24,2.03827182196002,2.05102230244713,1.96764131009468,2.00115642266647,991098.626319958,495769.665370905,0.991098626319958
TON,2022-04-25,2.00115642266647,2.01004300847542,1.9067964957938,1.97322285472813,1102138.83379101,564401.199105036,1.10213883379101
TON,2022-04-26,1.97322285472813,2.10155328574748,1.94480574071071,2.10155328574748,2408340.07227755,1182292.86873378,2.40834007227755
TON,2022-04-27,2.10155328574748,2.30311412048978,2.08779739287163,2.27303275072222,5044441.40856382,2286139.53363561,5.04444140856382
TON,2022-04-28,2.27303275072222,2.33865688853085,2.195612593237,2.25278210806735,2024720.23098963,895666.482303169,2.02472023098963
TON,2022-04-29,2.25278210806735,2.28102172811114,1.99975628881746,1.99975628881746,6760978.78994791,3168783.14543705,6.76097878994791
TON,2022-04-30,1.99975628881746,2.00203193435788,1.84778648352658,1.87284695066166,3300571.14648334,1715659.53800527,3.30057114648334
TON,2022-05-01,1.87284695066166,1.910145945888,1.86280286388386,1.87061930730022,2082204.31624425,1107139.0904006,2.08220431624425
TON,2022-05-02,1.87061930730022,1.88216199580632,1.80535843429539,1.85300770159402,2131888.44495545,1155439.99082696,2.13188844495545
TON,2022-05-03,1.85300770159402,1.85941918060996,1.7966799944278,1.83057412273344,1514129.13183961,824785.845530911,1.51412913183961
TON,2022-05-04,1.83057412273344,1.97297207925998,1.81013188786184,1.95396732060297,2026523.16273573,1066884.54697633,2.02652316273573
TON,2022-05-05,1.95396732060297,1.97180320318061,1.84406885000278,1.85470330845861,2031165.58766949,1070424.84413917,2.03116558766949
TON,2022-05-06,1.85470330845861,1.86748309939473,1.78371376770566,1.81801952508949,1486288.68593262,817704.180542713,1.4862886859326199
TON,2022-05-07,1.81801952508949,1.85647779046599,1.7569192191637,1.76529678448626,969398.505782241,538770.274873093,0.969398505782241
TON,2022-05-08,1.76529678448626,1.94143108260467,1.60137250917313,1.94143108260467,4470039.81530899,2555057.30399247,4.47003981530899
TON,2022-05-09,1.94143108260467,1.98886965061105,1.72740010469509,1.72970801827347,6488022.83325626,3461316.59311559,6.4880228332562595
TON,2022-05-10,1.72970801827347,1.81287021315408,1.69019855857394,1.76169603759809,3646838.08149963,2076898.46507981,3.64683808149963
TON,2022-05-11,1.76169603759809,1.76794112026833,1.37715015904128,1.44403495481606,5170270.5208598,3377941.02399414,5.1702705208598
TON,2022-05-12,1.44403495481606,1.53417673832171,1.27614860399055,1.51591599154216,4183191.74357124,2979515.82291776,4.18319174357124
TON,2022-05-13,1.51591599154216,1.73288402691051,1.49103110200714,1.53484284275238,3318929.10914582,2030553.41994167,3.31892910914582
TON,2022-05-14,1.53484284275238,1.58691925271356,1.48780302417764,1.57863113125734,1719131.37239801,1132851.33315814,1.71913137239801
TON,2022-05-15,1.57863113125734,1.66028802934012,1.50489616902822,1.65754314280232,2070907.93533344,1322227.93290477,2.07090793533344
TON,2022-05-16,1.65754314280232,1.6848886766506,1.60769260819411,1.67173992165586,3726926.08823327,2256494.99272829,3.72692608823327
TON,2022-05-17,1.67173992165586,1.70195088113369,1.5528500924449,1.64266709821736,2877339.0341816,1774329.44620371,2.8773390341816
TON,2022-05-18,1.64266709821736,1.6567468031263,1.5516338847586,1.55197192658548,2214073.71823173,1380887.85832967,2.21407371823173
TON,2022-05-19,1.55197192658548,1.59776550143235,1.54120906735594,1.55875307789948,2213994.66867178,1406779.13140439,2.2139946686717797
TON,2022-05-20,1.55875307789948,1.5602511866574,1.43989010659244,1.4447339448716,2085897.73177132,1389845.9669058,2.08589773177132
TON,2022-05-21,1.4447339448716,1.45824923205869,1.4086532494025,1.42675223427966,1690465.4583823,1182020.01846448,1.6904654583823
TON,2022-05-22,1.42675223427966,1.53045048232834,1.42476819778371,1.46157213257084,2503276.82983681,1704034.75073054,2.50327682983681
TON,2022-05-23,1.46157213257084,1.46157213257084,1.35222550594899,1.36370426216561,2260397.44603841,1610341.74605728,2.26039744603841
TON,2022-05-24,1.36370426216561,1.36739763303007,1.33580510398388,1.35592168871922,2417838.6612438,1791585.93299731,2.4178386612438
TON,2022-05-25,1.35592168871922,1.40515828942141,1.31714861382023,1.3721517783347,2184774.53012463,1609506.24057208,2.18477453012463
TON,2022-05-26,1.3721517783347,1.37365100963302,1.25729140671912,1.28948351999635,2020511.36198412,1537124.12363671,2.02051136198412
TON,2022-05-27,1.28948351999635,1.31961487470204,1.21317322528599,1.21833050405814,1549261.41407124,1214178.58702464,1.54926141407124
TON,2022-05-28,1.21833050405814,1.27116838596909,1.12502489225764,1.25179849664552,2159601.06172061,1823589.76433223,2.1596010617206103
TON,2022-05-29,1.25179849664552,1.27278825261496,1.18475688782545,1.26847209292846,2429670.05333814,1986314.50873165,2.42967005333814
TON,2022-05-30,1.26847209292846,1.37735098484461,1.25184809667412,1.37735098484461,2471421.926573,1863860.22330069,2.471421926573
TON,2022-05-31,1.37735098484461,1.41854023175711,1.36088996190614,1.37431571675693,1993673.14638661,1430336.47403821,1.9936731463866102
TON,2022-06-01,1.37431571675693,1.37579973165312,1.23802906203091,1.26159755796253,1030461.02776284,796449.268002227,1.03046102776284
TON,2022-06-02,1.26159755796253,1.26201074499043,1.20676042250805,1.22825129068786,1008760.01665821,818893.380218758,1.00876001665821
TON,2022-06-03,1.22825129068786,1.25366052609474,1.18496337891683,1.25119316031197,1355078.62153039,1114600.95495101,1.35507862153039
TON,2022-06-04,1.25119316031197,1.29233513528592,1.24710266008287,1.27706188928421,965287.036370207,761300.829375387,0.965287036370207
TON,2022-06-05,1.27706188928421,1.3032805621279,1.26138668721563,1.2695495361034,1076336.14373454,840610.348451052,1.07633614373454
TON,2022-06-06,1.2695495361034,1.32960629585688,1.26432636121011,1.31486654284554,1347078.21353801,1034660.78710812,1.34707821353801
TON,2022-06-07,1.31486654284554,1.316680738743,1.25614984998219,1.29086321856173,800299.17313349,623005.003672082,0.80029917313349
TON,2022-06-08,1.29086321856173,1.29566698135421,1.25174150633649,1.25279122181484,515716.088124911,406441.484816461,0.515716088124911
TON,2022-06-09,1.25279122181484,1.30953205770236,1.24255871403268,1.27324372778605,994574.711073131,779857.18327189,0.994574711073131
TON,2022-06-10,1.27324372778605,1.29302257482233,1.23993736628979,1.24294282471456,751404.79594835,597445.794622765,0.75140479594835
TON,2022-06-11,1.24294282471456,1.25208935912003,1.14381349495769,1.1471773626455,925405.765693747,774391.966456933,0.925405765693747
TON,2022-06-12,1.1471773626455,1.15250186681647,1.07441077160888,1.0814889843911,1173165.52073341,1056051.23629393,1.17316552073341
TON,2022-06-13,1.0814889843911,1.08791904984801,0.938462280414501,0.955328258282348,2178377.87755312,2182926.22661251,2.1783778775531197
TON,2022-06-14,0.955328258282348,1.00183230030847,0.904308311427059,0.946628350321395,1256381.94257695,1311119.62175939,1.25638194257695
TON,2022-06-15,0.946628350321395,0.946628350321395,0.838516821429877,0.92120589834514,1876381.3464048,2127510.56856,1.8763813464048
TON,2022-06-16,0.92120589834514,0.94238287751117,0.829157102648677,0.837889151138175,1097141.6628062,1238772.54668044,1.0971416628062
TON,2022-06-17,0.837889151138175,0.868080721921733,0.828395820972729,0.857001833408127,772530.581987373,908821.873746247,0.7725305819873729
TON,2022-06-18,0.857001833408127,0.866158554240702,0.748061785505059,0.813291096593549,1046408.07037458,1317546.91241946,1.04640807037458
TON,2022-06-19,0.813291096593549,0.922640229234257,0.772133927246823,0.922265547057902,1111145.35797778,1338912.70761616,1.1111453579777801
TON,2022-06-20,0.922265547057902,1.10929495471985,0.904765251466831,1.08829844411707,2822547.90020083,2727439.31189425,2.82254790020083
TON,2022-06-21,1.08829844411707,1.13148242896861,1.05374358290537,1.09065229530511,1127773.09576675,1027385.71809514,1.12777309576675
TON,2022-06-22,1.09065229530511,1.09161087946899,1.0266253010423,1.05519255161374,1228514.83809019,1168511.16385517,1.22851483809019
TON,2022-06-23,1.05519255161374,1.09574201475466,1.05095702373114,1.09297952054554,823020.645699094,768966.461447231,0.8230206456990941
TON,2022-06-24,1.09297952054554,1.11032152573308,1.07611343596663,1.09120248122843,633114.367533668,578514.274811589,0.6331143675336679
TON,2022-06-25,1.09120248122843,1.10951672374746,1.05205351395983,1.07966170673825,558694.916290676,522512.049070434,0.558694916290676
TON,2022-06-26,1.07966170673825,1.09744219626585,1.04380530043576,1.04385127958379,427653.391701441,401030.166696288,0.427653391701441
TON,2022-06-27,1.04385127958379,1.31106234862745,1.04324593577648,1.26693485754008,2731227.99799404,2309972.0902574,2.73122799799404
TON,2022-06-28,1.26693485754008,1.41612082277854,1.2314761020725,1.2954451255199,4458377.31623178,3337756.18696485,4.45837731623178
TON,2022-06-29,1.2954451255199,1.33019664646738,1.20521976226458,1.20609573266582,2282760.76655837,1808694.46841739,2.2827607665583702
TON,2022-06-30,1.20609573266582,1.20847403619667,1.05335028012923,1.09350096979801,2671820.4326598,2408992.78713352,2.6718204326598003
TON,2022-07-01,1.09350096979801,1.14347413077351,1.06986997612853,1.12057969850275,1171439.31330474,1054587.67898436,1.17143931330474
TON,2022-07-02,1.12057969850275,1.1385801556368,1.10022564913951,1.10680327247266,1038941.11707735,931122.422881824,1.03894111707735
TON,2022-07-03,1.10680327247266,1.10790295848512,1.07053642861591,1.08577006437024,689226.040606125,631999.114395237,0.689226040606125
TON,2022-07-04,1.08577006437024,1.10899755514661,1.05538805191843,1.10608617640767,874314.275683582,813882.166843501,0.874314275683582
TON,2022-07-05,1.10608617640767,1.1064188223519,1.02529463384713,1.05119292584995,1043802.11019617,983088.473727903,1.04380211019617
TON,2022-07-06,1.05119292584995,1.06079642940832,1.02126408830027,1.04794703350459,955708.760894498,923786.055599113,0.955708760894498
TON,2022-07-07,1.04794703350459,1.11759814178227,1.03480292122832,1.06492090742939,1643978.23330194,1533188.05718386,1.64397823330194
TON,2022-07-08,1.06492090742939,1.08151830927889,1.04765049594094,1.06383108583095,939382.509575889,881897.934165649,0.939382509575889
TON,2022-07-09,1.06383108583095,1.07819228621213,1.05738237576205,1.06852868042147,608072.938164801,569241.066383952,0.608072938164801
TON,2022-07-10,1.06852868042147,1.07092966822997,1.04490399960101,1.05496831619478,535189.377519275,507011.959508983,0.535189377519275
TON,2022-07-11,1.05496831619478,1.05566425469296,0.988228672395215,0.992521992427506,935217.190934247,915944.382596478,0.9352171909342469
TON,2022-07-12,0.992521992427506,0.992521992427506,0.941180174811303,0.942831592528698,1243989.39617592,1283284.31431693,1.24398939617592
TON,2022-07-13,0.942831592528698,0.966276769405016,0.881561399402297,0.894489911288269,2080284.24093051,2271707.85511932,2.08028424093051
TON,2022-07-14,0.894489911288269,0.939888451724146,0.885420787898523,0.936247873718578,1134554.57365358,1257825.76642014,1.1345545736535798
TON,2022-07-15,0.936247873718578,0.948858314967525,0.926001643973235,0.929708928999897,927840.253400443,990896.109627994,0.927840253400443
TON,2022-07-16,0.929708928999897,0.952910761152909,0.909321630439937,0.947281781808603,739764.472516972,794153.00516474,0.739764472516972
TON,2022-07-17,0.947281781808603,0.983062363367504,0.942028772265242,0.95874184222155,932191.729427908,966971.72515356,0.932191729427908
TON,2022-07-18,0.95874184222155,1.0041092722495,0.9267570388589,0.962158563426897,1843334.86802718,1925507.82266468,1.84333486802718
TON,2022-07-19,0.962158563426897,0.978860524753387,0.937182541559501,0.958587785790979,1486483.55781279,1555359.20407758,1.48648355781279
TON,2022-07-20,0.958587785790979,0.974536557598422,0.928090917145143,0.933960414210458,1616717.09666198,1694849.43912749,1.61671709666198
TON,2022-07-21,0.933960414210458,0.9400081707938,0.904653319235256,0.909447556151592,933506.743386203,1014597.89912496,0.933506743386203
TON,2022-07-22,0.909447556151592,0.942332073656985,0.90578750134177,0.920046045542678,755742.008525139,818770.175772223,0.755742008525139
TON,2022-07-23,0.920046045542678,0.936602498932064,0.904997239257264,0.911901370136256,544447.700365994,594157.609855601,0.544447700365994
TON,2022-07-24,0.911901370136256,0.939172165262278,0.9064739928807,0.906868377450382,570035.437407268,623184.637527261,0.570035437407268
TON,2022-07-25,0.906868377450382,0.910763235571814,0.851138071720856,0.851744966335093,1048150.95309283,1188473.67739663,1.0481509530928301
TON,2022-07-26,0.851744966335093,0.861339026596666,0.814552148195271,0.823569441793466,1003058.19498613,1192709.81542015,1.00305819498613
TON,2022-07-27,0.823569441793466,0.889930729805209,0.814415243536371,0.88219075384179,1618548.22496622,1896749.47072463,1.6185482249662202
TON,2022-07-28,0.88219075384179,0.918438053448716,0.857983726213981,0.888055948849607,1696768.42822543,1918819.29038748,1.69676842822543
TON,2022-07-29,0.888055948849607,0.910643684928286,0.88110721959091,0.897868667755834,1501877.40738083,1675458.51540979,1.50187740738083
TON,2022-07-30,0.897868667755834,0.965358393895559,0.883437975637168,0.952255795567948,1671146.30037005,1795809.98194144,1.67114630037005
TON,2022-07-31,0.952255795567948,1.02078586162785,0.948124776565304,0.982070615405242,1448366.62754723,1465145.63677133,1.44836662754723
TON,2022-08-01,0.982070615405242,0.987726548591355,0.929571191996964,0.939434171953235,1123977.47976673,1176599.11201101,1.12397747976673
TON,2022-08-02,0.939434171953235,0.945352743992353,0.915747985260715,0.938612961324551,1519895.08204627,1631637.81656955,1.51989508204627
TON,2022-08-03,0.938612961324551,1.03605788372711,0.933635917391478,0.962668943349781,2394521.74088184,2412490.78493433,2.3945217408818404
TON,2022-08-04,0.962668943349781,0.971862999862296,0.885807424953426,0.963411097500623,2338915.50763281,2493885.88548811,2.33891550763281
TON,2022-08-05,0.963411097500623,1.04979422848749,0.962914736160008,1.0453533155237,2014747.27303957,1993128.36302457,2.01474727303957
TON,2022-08-06,1.0453533155237,1.16136125710167,1.0446205137355,1.09158203866088,4398730.633819,3937710.11264483,4.3987306338189995
TON,2022-08-07,1.09158203866088,1.15628321129798,1.0787512445931,1.11138806381617,1685776.14937675,1522832.88028878,1.68577614937675
TON,2022-08-08,1.11138806381617,1.22630754352501,1.10849427870356,1.21138045788224,2526901.98299661,2124429.66069746,2.52690198299661
TON,2022-08-09,1.21138045788224,1.28334645524136,1.18540478431662,1.23556890216493,2828579.91604796,2294750.6114138,2.82857991604796
TON,2022-08-10,1.23556890216493,1.26782260385782,1.2014217855681,1.21134367382592,1946238.82758487,1577932.61302737,1.9462388275848699
TON,2022-08-11,1.21134367382592,1.23959830036804,1.19525533202843,1.20447173158519,1378137.02581523,1129630.23596574,1.3781370258152301
TON,2022-08-12,1.20447173158519,1.26136358182855,1.20167713255812,1.25884564862863,783984.576654385,638309.052017276,0.7839845766543849
TON,2022-08-13,1.25884564862863,1.27484022344619,1.24901658269971,1.25688454206447,830917.884842809,659689.972040293,0.830917884842809
TON,2022-08-14,1.25688454206447,1.27546174634906,1.24303606828916,1.25141169355238,661411.133709466,525546.896415213,0.6614111337094659
TON,2022-08-15,1.25141169355238,1.29179810866883,1.23543468871966,1.24577515890593,1526385.24653494,1212012.46593332,1.5263852465349401
TON,2022-08-16,1.24577515890593,1.25256020962206,1.21174110820236,1.2365064916062,1371121.4491381,1115985.46954099,1.3711214491381
TON,2022-08-17,1.2365064916062,1.26928933474714,1.16575148946879,1.16752135753971,2753079.27881727,2261053.17245882,2.7530792788172698
TON,2022-08-18,1.16752135753971,1.26655953682396,1.15805558627628,1.26065639064344,3370446.91917054,2760342.03749394,3.37044691917054
TON,2022-08-19,1.26065639064344,1.26132465764736,1.11434533520572,1.16389262015715,5083744.46478861,4317611.82643822,5.0837444647886105
TON,2022-08-20,1.16389262015715,1.17861534044623,1.15014087142351,1.16123678284933,1116860.15244978,956110.562984874,1.1168601524497799
TON,2022-08-21,1.16123678284933,1.19657107911006,1.15198127920378,1.16078805344625,762591.730828468,656736.045486275,0.762591730828468
TON,2022-08-22,1.16078805344625,1.3572968358268,1.11499365946622,1.31204274387342,6080805.40881345,4828395.73697563,6.0808054088134496
TON,2022-08-23,1.31204274387342,1.49953113361616,1.28867065171379,1.46340984733308,6907630.84212961,4897800.09420885,6.90763084212961
TON,2022-08-24,1.46340984733308,1.4802235076088,1.39594151967364,1.45173967232359,4126672.71796192,2853988.7448152,4.12667271796192
TON,2022-08-25,1.45173967232359,1.51545794918495,1.429201067838,1.50414895368005,3122085.57689218,2111558.03004246,3.12208557689218
TON,2022-08-26,1.50414895368005,1.5060371829109,1.34121168129789,1.34378105717255,3340444.73773713,2362684.37705341,3.34044473773713
TON,2022-08-27,1.34378105717255,1.35362492329215,1.31793182980869,1.35157561946432,1315414.41330713,984679.961987314,1.3154144133071302
TON,2022-08-28,1.35157561946432,1.36749706168175,1.33217962557899,1.33258444227952,1158777.09678934,857300.255461825,1.15877709678934
TON,2022-08-29,1.33258444227952,1.42576120492364,1.33124549000969,1.39373195777434,1685357.02196401,1214398.81974492,1.6853570219640102
TON,2022-08-30,1.39373195777434,1.48558386605729,1.38571999900659,1.46336978949917,2692253.35201695,1881673.85440741,2.69225335201695
TON,2022-08-31,1.46336978949917,1.5275486300174,1.44140554591631,1.48896135864681,4203004.09588032,2836285.42837972,4.2030040958803205
TON,2022-09-01,1.48896135864681,1.55125186709941,1.44339302357369,1.4665088090221,1730026.96242807,1183947.70546922,1.73002696242807
TON,2022-09-02,1.4665088090221,1.48947426211222,1.44941979635201,1.47582843972288,1559003.07183696,1061806.05387156,1.55900307183696
TON,2022-09-03,1.47582843972288,1.48906010343913,1.45156351164403,1.46644830043505,1205313.64463623,817904.715682486,1.20531364463623
TON,2022-09-04,1.46644830043505,1.48535227616203,1.45076539246716,1.4668328927915,1656170.68934853,1128837.41434342,1.65617068934853
TON,2022-09-05,1.4668328927915,1.69360824463733,1.45249811227841,1.67746397194759,7074354.17351552,4406739.63630409,7.07435417351552
TON,2022-09-06,1.67746397194759,1.77341494919957,1.61985191130503,1.64455547206106,6122669.62098482,3607882.48373517,6.12266962098482
TON,2022-09-07,1.64455547206106,2.11092876260005,1.64348822985845,1.85130043893943,25368686.7989557,13328237.2282453,25.3686867989557
TON,2022-09-08,1.85130043893943,2.00448514046131,1.81082358240807,1.83979390777403,19291054.6862366,10297090.1279905,19.291054686236603
TON,2022-09-09,1.83979390777403,1.91408956604444,1.83886408109479,1.91024490038464,18149322.2537779,9717566.98072602,18.1493222537779
TON,2022-09-10,1.91024490038464,1.94907298503184,1.88021761930888,1.91335879535107,17827327.9484479,9314627.92185998,17.827327948447902
TON,2022-09-11,1.91335879535107,1.99009350843149,1.85185853015298,1.86045349657203,15747189.72351,8280855.89942373,15.747189723510001
TON,2022-09-12,1.86045349657203,1.87250172136187,1.80483570304528,1.84530609230036,16263764.102296,8838892.1147586,16.263764102296
TON,2022-09-13,1.84530609230036,1.92957865936299,1.77859419918664,1.78420451415075,16160657.5957437,8841168.18069895,16.1606575957437
TON,2022-09-14,1.78420451415075,1.81042753300677,1.71195809430137,1.72142422255293,16727935.9269142,9474319.97260801,16.7279359269142
TON,2022-09-15,1.72142422255293,1.75886467772108,1.65246415724542,1.65459823221024,17536132.3004448,10334733.275467,17.5361323004448
TON,2022-09-16,1.65459823221024,1.68793354552817,1.63559082480491,1.63842873760683,16439605.1913006,9908246.59305876,16.4396051913006
TON,2022-09-17,1.63842873760683,1.64800071267195,1.59520283746167,1.64373747667727,6441953.41166059,3939562.00775164,6.44195341166059
TON,2022-09-18,1.64373747667727,1.64588803118205,1.57401083401854,1.57678918021935,3533643.5512901,2183728.65509434,3.5336435512901
TON,2022-09-19,1.57678918021935,1.63297979780014,1.44193690490479,1.48079594512715,8295853.24116099,5394243.06435458,8.295853241160989
TON,2022-09-20,1.48079594512715,1.48498718850444,1.36594936464034,1.39184668315563,6469839.60419565,4568941.9226287,6.469839604195649
TON,2022-09-21,1.39184668315563,1.42001182747431,1.32315838318129,1.34691639421911,5915507.57315937,4318912.01028524,5.91550757315937
TON,2022-09-22,1.34691639421911,1.48322190139348,1.32721902965626,1.47034109773267,6082520.38312108,4314694.78530759,6.0825203831210795
TON,2022-09-23,1.47034109773267,1.48606579896765,1.22739715337752,1.35105083416331,8505905.64369967,6353173.78920688,8.50590564369967
TON,2022-09-24,1.35105083416331,1.35105083416331,1.28407262347382,1.28567500995545,4891488.98167034,3721670.35450479,4.8914889816703395
TON,2022-09-25,1.28567500995545,1.30855345656873,1.24932320934619,1.261870734325,3850987.6505928,3011680.19865275,3.8509876505928
TON,2022-09-26,1.261870734325,1.30467132174786,1.24425469121743,1.27574731504176,3742808.95809654,2967846.31445157,3.74280895809654
TON,2022-09-27,1.27574731504176,1.32330367325644,1.26498287383475,1.29889464724593,4215681.16013484,3243287.60239407,4.21568116013484
TON,2022-09-28,1.29889464724593,1.32450123985967,1.2702929320868,1.30954504906548,4668312.6976379,3597924.70862601,4.6683126976379
TON,2022-09-29,1.30954504906548,1.31215466479303,1.27606729891258,1.29950472407995,3512723.33762511,2715564.71294171,3.51272333762511
TON,2022-09-30,1.29950472407995,1.4049498479014,1.27608394121,1.3538132282368,4684115.70346117,3498361.15589819,4.6841157034611705
TON,2022-10-01,1.3538132282368,1.38687228068651,1.34548344030163,1.38662847221182,3712426.22569895,2732956.77032658,3.71242622569895
TON,2022-10-02,1.38662847221182,1.39662241755051,1.35488510913397,1.35674977410079,2797233.30949654,2039334.92371879,2.7972333094965403
TON,2022-10-03,1.35674977410079,1.3699680399004,1.32720830023013,1.34293797712529,3221218.70306887,2393426.92192308,3.22121870306887
TON,2022-10-04,1.34293797712529,1.41810837375631,1.33873373778506,1.40144402180045,2627923.76659453,1901395.78520058,2.62792376659453
TON,2022-10-05,1.40144402180045,1.42037605704498,1.39107530699676,1.40576102010799,2409026.11414895,1712640.86697864,2.40902611414895
TON,2022-10-06,1.40576102010799,1.41532336241882,1.38258745201649,1.38712565822425,2992927.20800127,2142963.37604386,2.99292720800127
TON,2022-10-07,1.38712565822425,1.39508108999096,1.35168280837261,1.36789290420486,3082242.77907441,2240119.06838426,3.08224277907441
TON,2022-10-08,1.36789290420486,1.36968571992737,1.32062728807248,1.34577396774995,3078995.3198268,2292039.50636077,3.0789953198268
TON,2022-10-09,1.34577396774995,1.35461563889615,1.30496488587051,1.31826632525553,3408209.48722731,2571446.47624229,3.40820948722731
TON,2022-10-10,1.31826632525553,1.31974804266813,1.26065352769744,1.26203893412922,3176601.64017097,2463088.76474934,3.17660164017097
TON,2022-10-11,1.26203893412922,1.26203893412922,1.23919668613071,1.24052361179031,3012094.62305675,2417566.25724003,3.01209462305675
TON,2022-10-12,1.24052361179031,1.25491815012659,1.22004257133839,1.22140474149437,3154386.50921118,2555640.48228279,3.1543865092111796
TON,2022-10-13,1.22140474149437,1.23089291199965,1.18746633146959,1.19986681705366,3620334.05744927,3000791.32417078,3.62033405744927
TON,2022-10-14,1.19986681705366,1.24890120864687,1.19958905808992,1.24546460272886,3088477.35517352,2510364.41352068,3.0884773551735196
TON,2022-10-15,1.24546460272886,1.25161567776283,1.22443958279134,1.23815140888002,2325933.27566051,1880165.36925644,2.32593327566051
TON,2022-10-16,1.23815140888002,1.28806400762923,1.21357453064934,1.22540957664119,2141038.11673628,1741537.05193754,2.1410381167362798
TON,2022-10-17,1.22540957664119,1.25331272392018,1.21911053751045,1.25105699705688,2079091.35806383,1680654.83023677,2.07909135806383
TON,2022-10-18,1.25105699705688,1.26242585383083,1.24305925080389,1.25539012028799,2200135.1939883,1755350.08815984,2.2001351939883
TON,2022-10-19,1.25539012028799,1.25825691685162,1.2232406076597,1.22379932735626,2315931.75846627,1867750.74918954,2.3159317584662698
TON,2022-10-20,1.22379932735626,1.39950044956054,1.22043836806505,1.35014575274246,5166112.29610286,3937149.22412667,5.16611229610286
TON,2022-10-21,1.35014575274246,1.41840733479474,1.33028355620345,1.3931667554422,7309118.33802612,5306086.96449989,7.309118338026121
TON,2022-10-22,1.3931667554422,1.42434098652011,1.36800592219546,1.3775421105493,3994037.18260457,2858651.11895322,3.9940371826045697
TON,2022-10-23,1.3775421105493,1.4012094404842,1.34594325092091,1.39849271061227,3478401.32144983,2533399.33648528,3.47840132144983
TON,2022-10-24,1.39849271061227,1.46182366334621,1.38987815850405,1.44892088442357,5543003.44594761,3902946.15603921,5.54300344594761
TON,2022-10-25,1.44892088442357,1.8647736991218,1.44047037196654,1.83540795171774,17245880.592374,10733265.8459357,17.245880592374
TON,2022-10-26,1.83540795171774,1.96452369852155,1.70692521008226,1.94995447631666,21890010.8041834,11822194.4099948,21.8900108041834
TON,2022-10-27,1.94995447631666,1.9901127945529,1.55931879097308,1.65319721236785,27712092.8857708,15786897.8080787,27.7120928857708
TON,2022-10-28,1.65319721236785,1.70566676679442,1.60865767475685,1.67993371715033,8292543.51354969,5010150.25440067,8.29254351354969
TON,2022-10-29,1.67993371715033,1.70025466623929,1.55851596238262,1.57171828615877,7085960.25653016,4354445.26546493,7.08596025653016
TON,2022-10-30,1.57171828615877,1.64880684341925,1.54834894676268,1.63921170948931,5913729.60739828,3671581.63515585,5.91372960739828
TON,2022-10-31,1.63921170948931,1.64853453284019,1.49914840568737,1.50467820390279,7455498.90914879,4768662.53368854,7.4554989091487895
TON,2022-11-01,1.50467820390279,1.64651210141955,1.44005060824121,1.63928870993827,14294416.7407455,9345176.2079087,14.2944167407455
TON,2022-11-02,1.63928870993827,1.67756954084351,1.5274463148649,1.55612099657162,11404788.7133823,7119176.13347156,11.4047887133823
TON,2022-11-03,1.55612099657162,1.65635737961613,1.55175229422617,1.605939585178,7556158.69869721,4679407.399796,7.55615869869721
TON,2022-11-04,1.605939585178,1.6971510759863,1.59663242762024,1.66951693815593,9229218.68325269,5647747.90590114,9.229218683252691
TON,2022-11-05,1.66951693815593,1.68912616509814,1.6193467361456,1.6884378628204,6154801.04061932,3716851.81337041,6.15480104061932
TON,2022-11-06,1.6884378628204,1.76320309305238,1.59342451362649,1.59838160594675,11749422.3369702,6963843.13994502,11.7494223369702
TON,2022-11-07,1.59838160594675,1.78933884987895,1.52900675218742,1.77731544428056,10276613.9505859,6230298.34791319,10.276613950585899
TON,2022-11-08,1.77731544428056,1.77867904412889,1.56054969626172,1.60587565812677,12006426.8918544,7351182.79735291,12.0064268918544
TON,2022-11-09,1.60587565812677,1.60587565812677,1.35801535189399,1.35801535189399,10006438.8388214,6507818.97238752,10.0064388388214
TON,2022-11-10,1.35801535189399,1.6384069007395,1.31538997627908,1.600488995543,7595544.42723908,5202857.93203772,7.59554442723908
TON,2022-11-11,1.600488995543,1.84933736544318,1.47577681561983,1.53531009421754,4944028.76497169,3183132.89895234,4.94402876497169
TON,2022-11-12,1.53531009421754,1.58120459401199,1.43109461327207,1.5495542125807,5514933.41432765,3671723.07140908,5.5149334143276505
TON,2022-11-13,1.5495542125807,1.72493127170594,1.54567303791056,1.64427681659625,5153645.94090367,3181225.68524703,5.153645940903671
TON,2022-11-14,1.64427681659625,1.70758340626826,1.56299859447166,1.66562572856983,4448101.35345039,2739177.17673471,4.448101353450389
TON,2022-11-15,1.66562572856983,1.70836484341631,1.6426187516309,1.68272812395119,4395173.39795914,2632594.50090098,4.39517339795914
TON,2022-11-16,1.68272812395119,1.77438016211478,1.67074198135253,1.72718138564808,4163535.7485606,2419310.71083974,4.1635357485606
TON,2022-11-17,1.72718138564808,1.81198957414249,1.70368748288969,1.78473600059584,4769509.68791084,2703253.6238962,4.76950968791084
TON,2022-11-18,1.78473600059584,1.82185103412517,1.69301504901395,1.79525703194454,3946117.5934898,2226823.6807207,3.9461175934898
TON,2022-11-19,1.79525703194454,1.81451923744873,1.70993198445167,1.72397693099643,2255756.99868114,1272068.29002269,2.2557569986811403
TON,2022-11-20,1.72397693099643,1.80120829370436,1.69713756092655,1.70085475098315,2671906.68010011,1532576.88817516,2.67190668010011
TON,2022-11-21,1.70085475098315,1.7543368279056,1.6938850692381,1.71174534137058,2365800.27663854,1375664.37079844,2.3658002766385398
TON,2022-11-22,1.71174534137058,1.75459214222583,1.70013133653703,1.73332352879304,2425002.6990842,1403555.0476127,2.4250026990842
TON,2022-11-23,1.73332352879304,1.75723957745164,1.71494183905114,1.75473368818049,2501145.15847006,1438366.18172648,2.5011451584700604
TON,2022-11-24,1.75473368818049,1.75521809026289,1.70262933233205,1.73624584848481,3150869.19695746,1822963.78106205,3.1508691969574603
TON,2022-11-25,1.73624584848481,1.73624814316162,1.68623387782468,1.71103361599209,2446519.24648413,1435360.97662059,2.4465192464841303
TON,2022-11-26,1.71103361599209,1.7295176264719,1.6862678188231,1.71405236140865,2281907.01649794,1334649.82981244,2.28190701649794
TON,2022-11-27,1.71405236140865,1.73014291538671,1.70664127013287,1.71558271737219,1930784.20145592,1120511.71344009,1.93078420145592
TON,2022-11-28,1.71558271737219,1.72776587671787,1.69535863337307,1.70554998929643,2325871.94764882,1358094.09479456,2.32587194764882
TON,2022-11-29,1.70554998929643,1.72054557181904,1.70229893658379,1.70930900609299,2465234.22278235,1442438.71993198,2.46523422278235
TON,2022-11-30,1.70930900609299,1.88916197788269,1.70842576825199,1.75281206084353,6556037.94764641,3681317.09723147,6.55603794764641
TON,2022-12-01,1.75281206084353,1.95257080946528,1.7312937842663,1.80704850267471,4720000.64911465,2649615.8753858,4.72000064911465
TON,2022-12-02,1.80704850267471,1.82642204444558,1.76170649152687,1.78682387505389,3444091.40351523,1928260.83027264,3.44409140351523
TON,2022-12-03,1.78682387505389,1.80603267186856,1.7809991964422,1.79539807299606,2289645.20494944,1277684.06032796,2.28964520494944
TON,2022-12-04,1.79539807299606,1.80933230114424,1.7906922725788,1.80621206584949,1598031.45704337,885923.282253743,1.59803145704337
TON,2022-12-05,1.80621206584949,1.8394090296391,1.80089908278501,1.83143153150296,2991337.23168933,1645355.77672286,2.99133723168933
TON,2022-12-06,1.83143153150296,1.83531177708443,1.77599530566639,1.80998665219592,3748840.15807532,2077796.05054817,3.74884015807532
TON,2022-12-07,1.80998665219592,1.87933696197963,1.79296273688323,1.8166387289555,14481022.4438421,7871631.86865455,14.4810224438421
TON,2022-12-08,1.8166387289555,1.85110393707697,1.80692658000313,1.81859946312664,20730918.2042619,11351431.8771201,20.7309182042619
TON,2022-12-09,1.81859946312664,1.86501849794783,1.79756737094738,1.85717033722414,22603179.4114752,12365639.2241784,22.6031794114752
TON,2022-12-10,1.85717033722414,1.87220873540953,1.81781663870533,1.83149709888659,24187967.2903109,13101528.4015105,24.1879672903109
TON,2022-12-11,1.83149709888659,2.15277400985498,1.83149709888659,2.0343804806802,29510974.5646276,15045934.3218685,29.5109745646276
TON,2022-12-12,2.0343804806802,2.13988319861945,1.95734476210243,2.08991577627516,36697740.3804054,17874361.7686369,36.697740380405406
TON,2022-12-13,2.08991577627516,2.42152539667235,2.07538252093288,2.3430850227898,65142583.3154744,28662247.6703299,65.1425833154744
TON,2022-12-14,2.3430850227898,2.89862874738352,2.34116985527215,2.45661331162912,86148552.9320467,34057431.6026767,86.1485529320467
TON,2022-12-15,2.45661331162912,2.53635266159729,2.2029614669361,2.23021837491645,61421319.7233255,25885936.2029006,61.421319723325496
TON,2022-12-16,2.23021837491645,2.55975530964517,2.22985507849033,2.36088383634452,62061487.3969726,26128517.2307925,62.061487396972595
TON,2022-12-17,2.36088383634452,2.5630986994883,2.30312994029325,2.51956853794462,51679528.7526973,21194353.2629667,51.679528752697294
TON,2022-12-18,2.51956853794462,2.79781385821374,2.51956853794462,2.6672748961214,33005069.4058085,12649881.4114167,33.0050694058085
TON,2022-12-19,2.6672748961214,2.78874529016155,2.27029161202623,2.27333173269924,53854902.959082,21260088.8064788,53.854902959082
TON,2022-12-20,2.27333173269924,2.48214462396986,2.24101346346175,2.39612871062858,56514080.0542227,23699777.0366869,56.5140800542227
TON,2022-12-21,2.39612871062858,2.60254056300759,2.38204394278815,2.5050307807556,40264436.8678905,16151603.8755265,40.2644368678905
TON,2022-12-22,2.5050307807556,2.5532480426716,2.30874217400421,2.37975324457958,42306223.3084988,17361102.455696,42.3062233084988
TON,2022-12-23,2.37975324457958,2.4437529683377,2.3626468069015,2.36929242618129,40566153.0474208,16934995.6210848,40.5661530474208
TON,2022-12-24,2.36929242618129,2.48316820788743,2.35866025197606,2.44459409051893,35594703.4046161,14879563.7655999,35.594703404616105
TON,2022-12-25,2.44459409051893,2.4659712281518,2.41514500166485,2.41772850962371,36628098.6989938,15062114.7440894,36.6280986989938
TON,2022-12-26,2.41772850962371,2.453728449187,2.28348652381844,2.30270655901272,39639092.4471036,16674672.908534,39.6390924471036
TON,2022-12-27,2.30270655901272,2.32720481753132,2.11140991134605,2.16002109946631,38860016.18086,17321384.6394646,38.86001618086
TON,2022-12-28,2.16002109946631,2.16002109946631,1.9430385423496,1.95276651179297,39451333.5862782,19185170.8533239,39.4513335862782
TON,2022-12-29,1.95276651179297,2.24660210071217,1.94066676808758,2.11190676411944,39832314.7587492,19454644.0372606,39.8323147587492
TON,2022-12-30,2.11190676411944,2.11816039527113,2.00412967000186,2.10016330413258,34348929.7995858,16624992.7447218,34.3489297995858
TON,2022-12-31,2.10016330413258,2.19199392963633,2.07079891095306,2.17955206738563,34536147.9736256,16168295.5238978,34.5361479736256
TON,2023-01-01,2.17955206738563,2.3464432977185,2.16146971554186,2.30465689966947,38482182.9645601,17045556.9052388,38.482182964560096
TON,2023-01-02,2.30465689966947,2.31253994778076,2.0798688786707,2.23853480587059,48973140.7397452,21992004.4817828,48.9731407397452
TON,2023-01-03,2.23853480587059,2.24213849724129,2.12135982999595,2.21356386084116,42494243.0900202,19430891.0748822,42.494243090020205
TON,2023-01-04,2.21356386084116,2.25859580402438,2.19735170734391,2.23780216329712,35542460.1045946,16007619.0195384,35.5424601045946
TON,2023-01-05,2.23780216329712,2.23780216329712,2.1646581291364,2.18484188481572,34235427.4374161,15627298.3290431,34.2354274374161
TON,2023-01-06,2.18484188481572,2.19137403216391,2.11800662733601,2.16411647847726,36507812.9401646,16924895.9557682,36.507812940164605
TON,2023-01-07,2.16411647847726,2.17816246223568,2.13759914759546,2.14871533322836,31933958.4243605,14828159.2121841,31.933958424360497
TON,2023-01-08,2.14871533322836,2.19859206474966,2.14337628279482,2.18447154534652,32973939.4761333,15217372.8843099,32.9739394761333
TON,2023-01-09,2.18447154534652,2.27390717463051,2.17753097644647,2.20918732794379,34913338.7216157,15620986.335302,34.9133387216157
TON,2023-01-10,2.20918732794379,2.21610108783402,2.10384422618558,2.12258441012571,30786031.0552307,14344921.0111005,30.786031055230698
TON,2023-01-11,2.12258441012571,2.20021880504388,2.09268255100673,2.1907281653259,27938377.7646088,13122886.3316301,27.938377764608802
TON,2023-01-12,2.1907281653259,2.20820601339901,2.14676322144154,2.17904977233431,32473217.4007877,14902285.6338451,32.4732174007877
TON,2023-01-13,2.17904977233431,2.2320118508237,2.15415872679206,2.21582105515021,27963149.5281629,12843546.6830026,27.9631495281629
TON,2023-01-14,2.21582105515021,2.38621238221826,2.20847713736103,2.27320688644424,28495294.8464443,12509479.8108438,28.495294846444303
TON,2023-01-15,2.27320688644424,2.31662984198687,2.22107100112502,2.31336576697306,25453785.1945682,11237654.8475508,25.453785194568198
TON,2023-01-16,2.31336576697306,2.36265325899187,2.27706433793407,2.30910300601457,25375583.1399848,10970934.7810114,25.3755831399848
TON,2023-01-17,2.30910300601457,2.38457681237015,2.28397639046568,2.34526917312093,25796820.2049689,11089212.2661214,25.7968202049689
TON,2023-01-18,2.34526917312093,2.39625386394239,2.22201780879816,2.22363689275959,27854320.4947145,11957957.2227685,27.8543204947145
TON,2023-01-19,2.22363689275959,2.29471162757781,2.20121089830407,2.24825315932789,26435203.458406,11804212.2237034,26.435203458406
TON,2023-01-20,2.24825315932789,2.30975866908381,2.19763051086855,2.30555571481515,26900037.7584749,12014787.3192525,26.9000377584749
TON,2023-01-21,2.30555571481515,2.3231352709609,2.25163139151385,2.26997704032985,25132020.3739983,10983295.3034222,25.132020373998298
TON,2023-01-22,2.26997704032985,2.29505217995067,2.24971095282814,2.27503955437378,25682383.6137367,11314003.4909311,25.6823836137367
TON,2023-01-23,2.27503955437378,2.31787266919902,2.26073753599257,2.29951369966248,25629676.0227803,11204472.7694695,25.6296760227803
TON,2023-01-24,2.29951369966248,2.72182719856383,2.09793438412694,2.28257629552,26326940.8406136,11447764.9482442,26.3269408406136
TON,2023-01-25,2.28257629552,2.37308932512897,2.22802428733485,2.33320922374569,25912086.338943,11384769.9701147,25.912086338943002
TON,2023-01-26,2.33320922374569,2.38964567478617,2.3199227812766,2.38964567478617,27342789.5002486,11615540.9859301,27.3427895002486
TON,2023-01-27,2.38964567478617,2.55464534234426,2.37455679620163,2.55464534234426,30085833.1282977,12257880.0335667,30.0858331282977
TON,2023-01-28,2.55464534234426,2.65884695337623,2.47853605573382,2.49671082847664,32430223.3027383,12734795.9510281,32.4302233027383
TON,2023-01-29,2.49671082847664,2.55745477952181,2.43397651534885,2.46943159644481,30514949.2623951,12302021.0397852,30.5149492623951
TON,2023-01-30,2.46943159644481,2.48552652223779,2.23109379767816,2.27730329683493,30164535.0279701,12799473.2545394,30.164535027970103
TON,2023-01-31,2.27730329683493,2.32981658216865,2.24766863637434,2.30753889097059,26577155.3168649,11565832.2781041,26.5771553168649
TON,2023-02-01,2.30753889097059,2.43834124125288,2.2638359258531,2.3938193925975,26558858.215918,11432845.5297494,26.558858215918
TON,2023-02-02,2.3938193925975,2.49134891444259,2.34230493519804,2.36872696571907,26572419.3914518,10939940.1164105,26.5724193914518
TON,2023-02-03,2.36872696571907,2.38904291303192,2.32412989797068,2.37406772430552,21944573.6768912,9312449.51348938,21.9445736768912
TON,2023-02-04,2.37406772430552,2.37627296577051,2.31370871236189,2.31916345308619,19823727.8364994,8481957.61181758,19.8237278364994
TON,2023-02-05,2.31916345308619,2.36816819975535,2.27128280201966,2.30584891231807,19385285.6467998,8360620.67043021,19.385285646799797
TON,2023-02-06,2.30584891231807,2.31881033226134,2.25060751936428,2.27218745935759,18255091.2560444,8001839.43127722,18.2550912560444
TON,2023-02-07,2.27218745935759,2.38394930824756,2.27068139428879,2.36243426856789,23798416.0706082,10177144.6362041,23.798416070608198
TON,2023-02-08,2.36243426856789,2.38080010326966,2.25840774623094,2.29309555299843,21425543.0637848,9237377.1763111,21.4255430637848
TON,2023-02-09,2.29309555299843,2.30819084403648,2.19181073724453,2.19684099633579,20214569.0811149,8944941.55074159,20.2145690811149
TON,2023-02-10,2.19684099633579,2.20030921230695,2.00224732237386,2.16864258520565,22498603.1165588,10579414.0455195,22.4986031165588
TON,2023-02-11,2.16864258520565,2.24199952445534,2.15943090926659,2.21788684554783,18327506.1416702,8328680.37703139,18.327506141670202
TON,2023-02-12,2.21788684554783,2.341377823667,2.2178124323918,2.30812429406084,16393961.0647873,7272286.41316011,16.3939610647873
TON,2023-02-13,2.30812429406084,2.37838821682519,2.2117400801764,2.31612065480014,19341848.2642088,8441398.62560501,19.3418482642088
TON,2023-02-14,2.31612065480014,2.34317294526864,2.26320370919132,2.29499013951752,18231207.0283051,7944377.75924783,18.2312070283051
TON,2023-02-15,2.29499013951752,2.34591517334445,2.25877758115974,2.33999458429063,18901706.5096326,8214068.16278258,18.9017065096326
TON,2023-02-16,2.33999458429063,2.39489649288771,2.29495823371762,2.29654358327879,19520774.5836371,8333201.17182551,19.5207745836371
TON,2023-02-17,2.29654358327879,2.33284823250337,2.29164403210902,2.30818853732852,16655320.1340839,7199710.28938971,16.6553201340839
TON,2023-02-18,2.30818853732852,2.36717739717311,2.30452838104413,2.35817043121427,15108206.3803784,6465323.97637001,15.108206380378402
TON,2023-02-19,2.35817043121427,2.36571523525248,2.32492733071594,2.34462818752451,15555768.3858394,6634495.40384702,15.5557683858394
TON,2023-02-20,2.34462818752451,2.42806237213722,2.31195466637614,2.37049716152704,17687387.4854684,7565330.90722739,17.6873874854684
TON,2023-02-21,2.37049716152704,2.41539718078756,2.33584354698639,2.35703147509217,17923852.356025,7584136.4741359,17.923852356024998
TON,2023-02-22,2.35703147509217,2.49571592964447,2.31691856017191,2.46461234459064,21654714.7752691,9034537.60611032,21.6547147752691
TON,2023-02-23,2.46461234459064,2.56713053300702,2.41303568453724,2.45183707445365,25131481.9287658,10162192.9491897,25.1314819287658
TON,2023-02-24,2.45183707445365,2.47370920521141,2.34226789878158,2.34805272390456,23574396.1375974,9775890.30475176,23.5743961375974
TON,2023-02-25,2.34805272390456,2.39241782479513,2.33520344487409,2.3917953266041,20004214.8594081,8476994.9146197,20.004214859408098
TON,2023-02-26,2.3917953266041,2.45879277328897,2.37406088467466,2.41763634081389,27302854.8339074,11319807.1548727,27.3028548339074
TON,2023-02-27,2.41763634081389,2.46184793165611,2.39970377624974,2.4515180167988,29387489.7096568,12117545.2906255,29.3874897096568
TON,2023-02-28,2.4515180167988,2.57504922087196,2.43533144090037,2.50788981003509,32632565.3112754,13068893.7137619,32.6325653112754
TON,2023-03-01,2.50788981003509,2.57853441413167,2.45153865124304,2.52648459986321,31059296.18107,12336394.290761,31.05929618107
TON,2023-03-02,2.52648459986321,2.53645947908845,2.39984099512375,2.41638194846766,25067863.5295089,10179008.5452849,25.0678635295089
TON,2023-03-03,2.41638194846766,2.4394146010174,2.34923964413882,2.39013527525953,27925840.0570367,11721478.4448629,27.9258400570367
TON,2023-03-04,2.39013527525953,2.44370321620402,2.34980168906959,2.36059794407503,24993046.3699277,10450227.2731792,24.9930463699277
TON,2023-03-05,2.36059794407503,2.39595279668353,2.3140808649387,2.39132008805501,26953091.9074443,11445924.1886072,26.9530919074443
TON,2023-03-06,2.39132008805501,2.42435354980313,2.36019698399423,2.382966211314,23091004.0292346,9671055.10388576,23.0910040292346
TON,2023-03-07,2.382966211314,2.40333538319759,2.26605074923194,2.30722301370065,25794553.5634178,11071397.1050664,25.7945535634178
TON,2023-03-08,2.30722301370065,2.38979276241734,2.2305595104183,2.3722156511342,26256566.6282448,11329406.8230348,26.256566628244798
TON,2023-03-09,2.3722156511342,2.4324533875116,2.26216856621417,2.320931308693,19922589.6908973,8459557.73256798,19.9225896908973
TON,2023-03-10,2.320931308693,2.33945649292239,2.21382318047233,2.23228113593567,15665557.3381977,6893587.90870509,15.6655573381977
TON,2023-03-11,2.23228113593567,2.33192269935793,2.21666460451722,2.25426992912891,12356131.7915754,5476080.92093346,12.3561317915754
TON,2023-03-12,2.25426992912891,2.37746254076565,2.22310511902856,2.37414853305935,10438218.7382757,4569907.43716485,10.4382187382757
TON,2023-03-13,2.37414853305935,2.44685733646701,2.34756004881799,2.41901103556524,13316091.4601249,5573462.13658778,13.3160914601249
TON,2023-03-14,2.41901103556524,2.46158986421035,2.40849197042689,2.43384889829298,15606234.5736193,6411936.28487765,15.6062345736193
TON,2023-03-15,2.43384889829298,2.46749838632336,2.38619727058042,2.46453238345264,13180815.2212129,5414567.69058141,13.1808152212129
TON,2023-03-16,2.46453238345264,2.48275279455944,2.4109054572337,2.43897618247702,12703746.4856158,5180603.06029843,12.703746485615799
TON,2023-03-17,2.43897618247702,2.49112392662602,2.4172877553478,2.46473104355177,13179776.6766639,5359826.45066061,13.1797766766639
TON,2023-03-18,2.46473104355177,2.48496064790401,2.40877105246448,2.41014940059444,11578918.3625825,4721970.06178986,11.578918362582499
TON,2023-03-19,2.41014940059444,2.43514781597681,2.35247720776349,2.39411884892865,12302893.6758951,5138485.88219573,12.3028936758951
TON,2023-03-20,2.39411884892865,2.40440631676864,2.35387586951717,2.38749455446864,12958948.412355,5449429.95759524,12.958948412355
TON,2023-03-21,2.38749455446864,2.41549607019426,2.37262383594438,2.41079114919909,12350424.6049641,5164743.17648404,12.3504246049641
TON,2023-03-22,2.41079114919909,2.45548083927161,2.37284937624547,2.38192615669913,12958219.1843126,5366594.69322371,12.9582191843126
TON,2023-03-23,2.38192615669913,2.38361229827419,1.88811646455523,2.1813573082772,30044507.6898755,13769274.0151863,30.0445076898755
TON,2023-03-24,2.1813573082772,2.86077085095629,1.92886922004794,2.09383477754713,12676783.6944653,6130662.65150352,12.6767836944653
TON,2023-03-25,2.09383477754713,2.13495818748618,2.05113575060619,2.09355341202709,12475489.2191832,5967437.81858666,12.4754892191832
TON,2023-03-26,2.09355341202709,2.14643760816412,2.05511263185025,2.11970647796964,25382321.560866,12102457.4830602,25.382321560866
TON,2023-03-27,2.11970647796964,2.16352599232049,2.07416382108042,2.08707655576193,23664244.4716251,11127717.0013685,23.6642444716251
TON,2023-03-28,2.08707655576193,2.12734560936349,2.03191863854416,2.11576195619963,20708228.1027431,10001766.7773139,20.7082281027431
TON,2023-03-29,2.11576195619963,2.1811695934101,2.06657610985425,2.12388501623831,16974097.5306101,8026898.75253736,16.9740975306101
TON,2023-03-30,2.12388501623831,2.14456992130325,2.06486850016773,2.08999177803176,13723940.9315063,6583390.52392353,13.7239409315063
TON,2023-03-31,2.08999177803176,2.28145850711417,2.07130543918336,2.25579479373238,22958172.8431641,10719356.7934938,22.9581728431641
TON,2023-04-01,2.25579479373238,2.27735149545531,2.22764318468641,2.2617414700037,22599804.6822106,10039676.0902383,22.5998046822106
TON,2023-04-02,2.2617414700037,2.2909077195199,2.21359729002566,2.26417899896804,18147488.1505637,8050653.57656553,18.1474881505637
TON,2023-04-03,2.26417899896804,2.2664728039455,2.18152342955469,2.24682020153754,23456803.6374926,10519826.4550906,23.4568036374926
TON,2023-04-04,2.24682020153754,2.30243946213695,2.2159383461694,2.26772677526537,23325255.6436591,10319288.8272914,23.3252556436591
TON,2023-04-05,2.26772677526537,2.32971175033151,2.25942486533561,2.32463242575147,22793826.9704527,9893504.59431832,22.7938269704527
TON,2023-04-06,2.32463242575147,2.32607252328784,2.256401038578,2.26053858190113,8592626.62875235,3759690.02348133,8.59262662875235
TON,2023-04-07,2.26053858190113,2.27674750548679,2.20254600857587,2.24247146205398,15417835.3890919,6895795.4092762,15.4178353890919
TON,2023-04-08,2.24247146205398,2.26923312178055,2.20488912262212,2.21772133492194,8697662.90992833,3912169.84489643,8.69766290992833
TON,2023-04-09,2.21772133492194,2.30109306694079,2.20993753564397,2.22683271515964,27337306.5880047,12251211.8165223,27.3373065880047
TON,2023-04-10,2.22683271515964,2.23098370722453,2.16619398279261,2.20888922438945,27629017.775518,12543758.4251349,27.629017775518
TON,2023-04-11,2.20888922438945,2.23780556766163,2.17547349458179,2.22587177542397,32049130.6104409,14465535.6586378,32.0491306104409
TON,2023-04-12,2.22587177542397,2.22587177542397,2.1322507086813,2.18874898734802,54713622.8569079,25058517.793476,54.7136228569079
TON,2023-04-13,2.18874898734802,2.27188576545581,2.17839200333862,2.26690521604397,22135595.7087831,10024463.1086474,22.1355957087831
TON,2023-04-14,2.26690521604397,2.35660910801498,2.24848614752859,2.33772575280814,20363991.122524,8896143.29967185,20.363991122524002
TON,2023-04-15,2.33772575280814,2.36931716403915,2.30034007821901,2.34808019326513,18129474.4583512,7743079.97926922,18.129474458351197
TON,2023-04-16,2.34808019326513,2.38177765457117,2.33461607387084,2.35816030704802,15555216.3543205,6601723.24638985,15.5552163543205
TON,2023-04-17,2.35816030704802,2.36420144283534,2.27127207316205,2.29910012718181,16477039.1223158,7121238.92046785,16.4770391223158
TON,2023-04-18,2.29910012718181,2.32999482627974,2.28008666857469,2.31518032822716,13339669.3069055,5794870.81616013,13.3396693069055
TON,2023-04-19,2.31518032822716,2.32594218711861,2.22627853993341,2.2721869215659,16060338.8216942,7054229.60060072,16.060338821694202
TON,2023-04-20,2.2721869215659,2.29856615020888,2.23643134926389,2.27028478676537,17517988.4228076,7732304.76290118,17.5179884228076
TON,2023-04-21,2.27028478676537,2.3244207207931,2.24261878452005,2.26179816754742,18955397.201128,8312137.61699334,18.955397201127997
TON,2023-04-22,2.26179816754742,2.31524256449732,2.24772150924251,2.31072001232277,15957834.6873052,6972344.71135959,15.957834687305201
TON,2023-04-23,2.31072001232277,2.3410385158193,2.2821014884609,2.32934589796845,15352164.8395514,6639908.46983828,15.352164839551401
TON,2023-04-24,2.32934589796845,2.33831696241522,2.2732756106508,2.29786601733425,17920994.9054171,7795537.3336904,17.9209949054171
TON,2023-04-25,2.29786601733425,2.3087441217689,2.24780186111727,2.28945513772874,16298343.8956839,7134051.21076123,16.2983438956839
TON,2023-04-26,2.28945513772874,2.30497593382541,2.20624361547608,2.2318847072037,19774680.6571775,8734755.54146292,19.774680657177502
TON,2023-04-27,2.2318847072037,2.25505817733898,2.18619957064031,2.21247343028996,13961158.6043491,6307816.31539003,13.9611586043491
TON,2023-04-28,2.21247343028996,2.22790660642588,2.14415721493236,2.14982646995938,13762818.1223479,6302757.17706844,13.7628181223479
TON,2023-04-29,2.14982646995938,2.20574047561603,2.13422497908942,2.16867153857994,12752983.6991739,5891814.2129272,12.7529836991739
TON,2023-04-30,2.16867153857994,2.18372514265128,2.12205549078685,2.13814150679584,11701053.8879387,5421692.99954171,11.7010538879387
TON,2023-05-01,2.13814150679584,2.18582866826226,2.08036945684103,2.09100175297631,14940209.6931106,6990813.04267628,14.9402096931106
TON,2023-05-02,2.09100175297631,2.1276815687153,2.072267485062,2.11135710847584,10818351.7645994,5155208.20737162,10.8183517645994
TON,2023-05-03,2.11135710847584,2.13625828887505,2.03795929478205,2.04158513948609,8719787.81771984,4175035.81436377,8.719787817719839
TON,2023-05-04,2.04158513948609,2.10320447826529,2.00718897853402,2.1012296427768,5312982.67978005,2576795.88880215,5.31298267978005
TON,2023-05-05,2.1012296427768,2.15701982304605,2.0673992161537,2.10087224227781,3955541.27085946,1881303.29492626,3.95554127085946
TON,2023-05-06,2.10087224227781,2.12420627411495,2.05347082289462,2.08905199610099,5847512.22449125,2809445.19800504,5.84751222449125
TON,2023-05-07,2.08905199610099,2.10669071846324,2.04555493277473,2.0476664714102,8757288.77317924,4210056.82366177,8.75728877317924
TON,2023-05-08,2.0476664714102,2.09103292074232,1.98599160307457,2.04781991039874,8627139.56918841,4258161.33285123,8.62713956918841
TON,2023-05-09,2.04781991039874,2.0766324894786,1.8877570893337,1.99142654840052,11544862.8651643,5878369.21268123,11.544862865164301
TON,2023-05-10,1.99142654840052,2.00079805751605,1.94124280918729,1.99019626822818,7505253.18661297,3794263.00402934,7.50525318661297
TON,2023-05-11,1.99019626822818,1.99680809545295,1.91520017717582,1.94539104962747,8086099.57426001,4119597.21836204,8.086099574260011
TON,2023-05-12,1.94539104962747,1.94777943959347,1.77056048751969,1.85837193066033,11830820.39397,6406070.90149972,11.830820393969999
TON,2023-05-13,1.85837193066033,1.89051437106973,1.82503193531984,1.87776407329893,8031200.24212006,4318446.7306343,8.031200242120061
TON,2023-05-14,1.87776407329893,2.01048781423843,1.85287522164099,2.00237521534972,8963317.78670714,4633744.03500187,8.96331778670714
TON,2023-05-15,2.00237521534972,2.0209612740049,1.9464280312139,2.00289638338887,10246974.9811521,5149183.44428201,10.2469749811521
TON,2023-05-16,2.00289638338887,2.00939519511049,1.9699863456011,2.00028760068603,7327353.47324556,3689058.74668368,7.3273534732455605
TON,2023-05-17,2.00028760068603,2.02692848013122,1.95760409611184,1.96189774952681,6245499.71911351,3142519.2877078,6.24549971911351
TON,2023-05-18,1.96189774952681,1.97496690010905,1.88678325644393,1.90784124313153,6932874.99793306,3572504.95034114,6.93287499793306
TON,2023-05-19,1.90784124313153,1.91207358310941,1.88370223028975,1.88384740055497,5462937.71064169,2878535.77502105,5.46293771064169
TON,2023-05-20,1.88384740055497,1.89335097005687,1.86390232228035,1.86507775343965,3980931.80825832,2112693.24589059,3.9809318082583203
TON,2023-05-21,1.86507775343965,1.87762570526571,1.83380446143345,1.83514142872485,4417327.05371289,2374383.22966919,4.4173270537128895
TON,2023-05-22,1.83514142872485,1.84910586887551,1.80219184700321,1.8485542699641,5430202.84771693,2973502.69596036,5.43020284771693
TON,2023-05-23,1.8485542699641,2.06608758901351,1.84501175915244,2.02612060702393,8364042.96965418,4325775.528915,8.36404296965418
TON,2023-05-24,2.02612060702393,2.03353246068446,1.94949160153878,1.97211139444416,7782720.31152476,3933395.84713965,7.78272031152476
TON,2023-05-25,1.97211139444416,1.97719023967905,1.91486757388341,1.91956553016467,6989956.20327694,3576263.90346671,6.98995620327694
TON,2023-05-26,1.91956553016467,1.92703691902295,1.88751547061744,1.91617210117132,9128849.76480848,4782409.29411927,9.12884976480848
TON,2023-05-27,1.91617210117132,1.9399994855548,1.89385395796623,1.9305653736748,7699007.12235705,4023150.74073436,7.69900712235705
TON,2023-05-28,1.9305653736748,1.95115923815081,1.91334631173823,1.92099411826225,6465405.61909476,3354066.36241788,6.46540561909476
TON,2023-05-29,1.92099411826225,1.93000255089673,1.84050900185876,1.84691381722344,7038655.25143379,3703098.0694323,7.03865525143379
TON,2023-05-30,1.84691381722344,1.88752101379681,1.83715758977397,1.86278845073976,7563643.11645341,4065427.40627875,7.56364311645341
TON,2023-05-31,1.86278845073976,1.87189275151306,1.83455126763635,1.83702763217839,6418536.00454672,3477037.71605572,6.41853600454672
TON,2023-06-01,1.83702763217839,1.86240300851897,1.77077873811554,1.77087855734836,7257216.21381046,4046100.53582444,7.25721621381046
TON,2023-06-02,1.77087855734836,1.79434951975359,1.70660254243861,1.74461796140465,9284330.06549734,5303007.1226367,9.284330065497342
TON,2023-06-03,1.74461796140465,1.78056487932494,1.72816783745133,1.73779249462211,6184917.07310411,3534639.09712074,6.18491707310411
TON,2023-06-04,1.73779249462211,1.75852107375343,1.73211786285935,1.75204892453125,4750383.83622181,2727044.7475006,4.75038383622181
TON,2023-06-05,1.75204892453125,1.75378551017103,1.64910075510443,1.65500564289731,6953187.37999281,4092544.20157252,6.95318737999281
TON,2023-06-06,1.65500564289731,2.4305493777084,1.65207753078017,1.67243690589984,7312482.27161752,4385145.41578843,7.31248227161752
TON,2023-06-07,1.67243690589984,1.70652987765287,1.63141194995806,1.6577095153086,5626404.19107114,3392861.04615656,5.626404191071139
TON,2023-06-08,1.6577095153086,1.69073047954478,1.63413558525682,1.6743007006154,3092705.64253931,1859287.60752291,3.09270564253931
TON,2023-06-09,1.6743007006154,1.72130756189705,1.66783965463448,1.70929761713969,5991719.27990782,3540261.33049351,5.991719279907819
TON,2023-06-10,1.70929761713969,1.70962781213391,1.11003843064489,1.48619990922839,13411572.2558477,9540291.51310441,13.4115722558477
TON,2023-06-11,1.48619990922839,1.51741852715238,1.43621970380765,1.50642505018766,2961906.32296546,2013375.27225578,2.96190632296546
TON,2023-06-12,1.50642505018766,1.53059346138036,1.46711587017058,1.52613903164526,3906318.34855961,2598520.95214738,3.9063183485596102
TON,2023-06-13,1.52613903164526,1.53173077727214,1.50565144899482,1.51178903775242,2237877.54836763,1473756.84084745,2.23787754836763
TON,2023-06-14,1.51178903775242,1.52639163778752,1.35232847616685,1.39884023036447,4582784.88288637,3177491.3579075,4.5827848828863695
TON,2023-06-15,1.39884023036447,1.42823712307229,1.35733963104385,1.39858056622099,2898604.94621296,2090667.05997657,2.8986049462129597
TON,2023-06-16,1.39858056622099,1.41338114972866,1.35932766468104,1.40354452087189,1948825.72707382,1401485.79018538,1.94882572707382
TON,2023-06-17,1.40354452087189,1.44231983216302,1.39699546854248,1.40400826354747,1730574.65470503,1223891.53080867,1.7305746547050298
TON,2023-06-18,1.40400826354747,1.43037479573982,1.39162101122521,1.42080669342775,1560198.81672851,1104027.36492098,1.56019881672851
TON,2023-06-19,1.42080669342775,1.42298823598293,1.38257740351811,1.38569176841782,2051886.83535324,1463504.1236591,2.05188683535324
TON,2023-06-20,1.38569176841782,1.39736938370153,1.3647974518126,1.38942536041842,2351811.19603979,1700038.04115802,2.35181119603979
TON,2023-06-21,1.38942536041842,1.41709821324665,1.36739063927256,1.36986773873657,3880357.15895304,2779988.90056056,3.88035715895304
TON,2023-06-22,1.36986773873657,1.4120211534613,1.34865078010033,1.3721950844161,3287097.27826102,2381452.95168659,3.2870972782610197
TON,2023-06-23,1.3721950844161,1.42919320711793,1.35430458276456,1.38721827874949,4982914.20807569,3566732.07224675,4.98291420807569
TON,2023-06-24,1.38721827874949,1.4164399856383,1.3641226489825,1.41302308567175,5152577.30093704,3682251.39998247,5.15257730093704
TON,2023-06-25,1.41302308567175,1.49767430161996,1.38813335753178,1.46702989456946,8511053.64185674,5843172.61627524,8.511053641856739
TON,2023-06-26,1.46702989456946,1.48346134377113,1.41462107573188,1.43368076062667,7040276.12885635,4888963.4883053,7.04027612885635
TON,2023-06-27,1.43368076062667,1.46423678082083,1.372164224716,1.38081691205878,7434375.60496507,5192193.40715637,7.43437560496507
TON,2023-06-28,1.38081691205878,1.40607939358897,1.35192096919721,1.3685411638489,5420852.88296635,3924795.04386299,5.42085288296635
TON,2023-06-29,1.3685411638489,1.38294155807087,1.32540406368273,1.34454623372686,4496565.44905258,3293501.68532509,4.4965654490525795
TON,2023-06-30,1.34454623372686,1.37218195533581,1.29403886303275,1.35876974076701,6874551.71867184,5112968.15094384,6.87455171867184
TON,2023-07-01,1.35876974076701,1.4126389998741,1.30997205998617,1.40468558414703,6368751.36035822,4613145.1916354,6.368751360358219
TON,2023-07-02,1.40468558414703,1.45391386587648,1.36639238021127,1.43193634068727,6437583.55757553,4530074.07455201,6.437583557575531
TON,2023-07-03,1.43193634068727,1.4479384756254,1.39709724510314,1.43948201150269,5720427.40011154,3980827.14084562,5.72042740011154
TON,2023-07-04,1.43948201150269,1.4406823347125,1.35245182995841,1.38786494511949,5786993.1886834,4124362.46327255,5.7869931886834
TON,2023-07-05,1.38786494511949,1.39226272961036,1.33344811697009,1.38160411781502,4041259.4611738,2927275.7664149,4.0412594611738
TON,2023-07-06,1.38160411781502,1.39692000204153,1.32912148217935,1.35899753063839,5554944.12085424,4031786.44236988,5.55494412085424
TON,2023-07-07,1.35899753063839,1.38514077277303,1.29400933397313,1.38514077277303,6274327.35890902,4642753.13774564,6.27432735890902
TON,2023-07-08,1.38514077277303,1.39573425000049,1.36985494731653,1.37345457512748,5079467.08035735,3667167.62612643,5.07946708035735
TON,2023-07-09,1.37345457512748,1.37594579501714,1.27981605754346,1.35992538477983,5146053.2853292,3771065.33967851,5.1460532853292005
TON,2023-07-10,1.35992538477983,1.38369787536693,1.28411611195347,1.36735861329051,4109153.04713462,3000223.48294885,4.10915304713462
TON,2023-07-11,1.36735861329051,1.37519687858017,1.33546941825895,1.33980816062811,4405590.65641905,3246632.59241089,4.40559065641905
TON,2023-07-12,1.33980816062811,1.34666731672256,1.31497156441243,1.32129507176958,3744963.50435564,2802276.97112783,3.74496350435564
TON,2023-07-13,1.32129507176958,1.37083904691342,1.31023706901755,1.36148679117402,5754042.8634558,4301252.17839094,5.7540428634558
TON,2023-07-14,1.36148679117402,1.37451264402004,1.32145867836973,1.36742544422897,6124790.71085133,4508780.7048823,6.124790710851331
TON,2023-07-15,1.36742544422897,1.36742544422897,1.33358535474193,1.36003674018508,4655816.75642463,3457044.56470096,4.65581675642463
TON,2023-07-16,1.36003674018508,1.37022753491609,1.3514582797549,1.35875578104239,4350304.4707971,3200964.06980978,4.3503044707971
TON,2023-07-17,1.35875578104239,1.36967603999507,1.33887465772842,1.3551071318003,4769225.38652122,3522576.31173317,4.76922538652122
TON,2023-07-18,1.3551071318003,1.4337424043937,1.33323095365239,1.3862075233097,7628731.49513355,5528631.5444443,7.62873149513355
TON,2023-07-19,1.3862075233097,1.39407652887193,1.34946507882253,1.36778926741528,21814244.3728378,15968853.6948937,21.814244372837802
TON,2023-07-20,1.36778926741528,1.40793638708102,1.29928832712754,1.39701049392314,30205613.8798697,21952104.4859067,30.2056138798697
TON,2023-07-21,1.39701049392314,1.47507391841965,1.37223985085715,1.42129558515119,31190866.3700129,21835782.9422418,31.190866370012902
TON,2023-07-22,1.42129558515119,1.5341461341083,1.40825448471985,1.49093658415638,30259467.3730206,20701045.4097661,30.259467373020602
TON,2023-07-23,1.49093658415638,1.52097742142551,1.45764830492824,1.45764830492824,29678262.0716954,19925501.5939009,29.6782620716954
TON,2023-07-24,1.45764830492824,1.46609482032787,1.3678494124983,1.40998759984948,29302945.3831409,20771146.6319664,29.302945383140898
TON,2023-07-25,1.40998759984948,1.44238159859524,1.38674518171771,1.42933329341082,26257328.9637348,18585887.9553871,26.257328963734803
TON,2023-07-26,1.42933329341082,1.43828114921428,1.35194799664833,1.35633286230898,31006669.2957169,22278659.0069907,31.0066692957169
TON,2023-07-27,1.35633286230898,1.37125306927721,1.2908021425463,1.32140766157621,31673274.4816976,23566630.0300349,31.6732744816976
TON,2023-07-28,1.32140766157621,1.36225243252147,1.254723838498,1.28441675997524,29128607.8961056,22234637.6629813,29.1286078961056
TON,2023-07-29,1.28441675997524,1.30393533218425,1.18529576506421,1.19954653872924,28106130.1926308,22309512.5463146,28.1061301926308
TON,2023-07-30,1.19954653872924,1.23859749357702,1.15995773852999,1.21176947432803,24863536.8851051,20625215.2392487,24.8635368851051
TON,2023-07-31,1.21176947432803,1.21877701534178,1.19038592926791,1.19778547543528,21099429.8586599,17498449.7068243,21.0994298586599
TON,2023-08-01,1.19778547543528,1.20848026685414,1.16976292301073,1.20741062664672,16736553.2921632,14059630.9103967,16.7365532921632
TON,2023-08-02,1.20741062664672,1.21775052090417,1.18852516349339,1.19378112730195,19538249.732888,16272284.6534615,19.538249732887998
TON,2023-08-03,1.19378112730195,1.21047488657137,1.17087637869936,1.17369304769442,22335270.5876479,18732438.7468607,22.3352705876479
TON,2023-08-04,1.17369304769442,1.21246507806646,1.17369304769442,1.20426131003324,20521872.3456116,17193940.6725891,20.521872345611598
TON,2023-08-05,1.20426131003324,1.21013710912882,1.1856275356968,1.19597361842668,20627326.7278766,17223914.898134,20.6273267278766
TON,2023-08-06,1.19597361842668,1.21699359643056,1.19303600912644,1.20951562810476,20568695.08687,17111390.8553309,20.56869508687
TON,2023-08-07,1.20951562810476,1.21559104123794,1.19558278903846,1.21009036804699,23037685.657839,19097138.7221603,23.037685657839
TON,2023-08-08,1.21009036804699,1.29790269660563,1.20103799905874,1.27693239736917,22038449.5393615,17750235.9419342,22.038449539361498
TON,2023-08-09,1.27693239736917,1.30369138044247,1.23698590709754,1.25938529133773,20962505.5856712,16466682.4920665,20.962505585671202
TON,2023-08-10,1.25938529133773,1.29115729054963,1.24977007032014,1.25860554382615,18558978.1671582,14666235.5378147,18.5589781671582
TON,2023-08-11,1.25860554382615,1.30811441139554,1.24653354809148,1.30001938636277,21126219.8461831,16679133.8339365,21.126219846183098
TON,2023-08-12,1.30001938636277,1.38524165327051,1.29552139444157,1.37775263199461,23190955.1999741,17524569.8406765,23.190955199974102
TON,2023-08-13,1.37775263199461,1.45983853902753,1.35931697179231,1.40289108656056,29163149.6942307,20688140.2379708,29.1631496942307
TON,2023-08-14,1.40289108656056,1.48428765998606,1.37156155736952,1.43709137159614,33990607.3141237,23883956.9032399,33.9906073141237
TON,2023-08-15,1.43709137159614,1.49889171985583,1.43709137159614,1.49336574600778,28453580.0212925,19401224.1456076,28.4535800212925
TON,2023-08-16,1.49336574600778,1.51405802739534,1.38786529970804,1.39508784042496,22843051.8170195,15700880.4233931,22.8430518170195
TON,2023-08-17,1.39508784042496,1.4733784268481,1.3204080333544,1.34632308379688,22598480.068909,16092157.4387499,22.598480068909
TON,2023-08-18,1.34632308379688,1.35107713713608,1.25109099092517,1.27551994027847,14190083.1791447,10844152.9639077,14.190083179144699
TON,2023-08-19,1.27551994027847,1.35399842658465,1.27390145901989,1.34629149566986,13125748.8156306,9924278.29727919,13.1257488156306
TON,2023-08-20,1.34629149566986,1.42674171817927,1.34168576850367,1.38083633566878,17663547.8524455,12833511.3694063,17.6635478524455
TON,2023-08-21,1.38083633566878,1.38543471857056,1.32727135314539,1.36645353474709,21442149.144503,15803237.5354211,21.442149144503002
TON,2023-08-22,1.36645353474709,1.39229982414467,1.33466556132436,1.37992386077677,23328477.1569059,17159995.2834334,23.3284771569059
TON,2023-08-23,1.37992386077677,1.43945128910724,1.37340025186342,1.42633602172042,23796825.9939875,16920718.8012954,23.7968259939875
TON,2023-08-24,1.42633602172042,1.45089839659418,1.3939135919827,1.40827166011953,24063628.5634226,16932089.8434651,24.0636285634226
TON,2023-08-25,1.40827166011953,1.44465611511341,1.39307892897556,1.42932023079989,22412508.8990619,15828829.4923581,22.4125088990619
TON,2023-08-26,1.42932023079989,1.48397805577536,1.42333933191647,1.46563705770421,18692170.6215128,12943286.5912201,18.6921706215128
TON,2023-08-27,1.46563705770421,1.52168193695009,1.4627307270691,1.51392812515539,20381830.0417594,13719041.074895,20.3818300417594
TON,2023-08-28,1.51392812515539,1.52772077192526,1.46040466178736,1.52117371030862,16196588.7731258,10860857.8821083,16.1965887731258
TON,2023-08-29,1.52117371030862,1.75347748061454,1.49371260708965,1.71688536248721,21308723.316501,13417518.9179667,21.308723316501
TON,2023-08-30,1.71688536248721,1.7688279246762,1.67524212689597,1.71954720076638,25424438.2719805,14720536.7092297,25.424438271980502
TON,2023-08-31,1.71954720076638,1.77241079534417,1.67474469291419,1.74983307367303,19482544.6065346,11412456.1799695,19.4825446065346
TON,2023-09-01,1.74983307367303,1.97206567353609,1.71408273680435,1.96179522587423,30749518.8917429,16753886.1239599,30.7495188917429
TON,2023-09-02,1.96179522587423,1.96179522587423,1.85016840334728,1.8571689313797,26337946.1636596,13853207.2293649,26.3379461636596
TON,2023-09-03,1.8571689313797,1.89493488741566,1.8392030489073,1.88796273674492,22824994.8661139,12240073.079644,22.8249948661139
TON,2023-09-04,1.88796273674492,1.93630978900395,1.85840286270421,1.88080893984438,16069223.7257828,8484135.07940649,16.069223725782802
TON,2023-09-05,1.88080893984438,1.88080893984438,1.73846797678093,1.78899552773717,18096683.5324421,10064980.695775,18.0966835324421
TON,2023-09-06,1.78899552773717,1.84299592207236,1.72082850616092,1.82297043819548,15795743.9300022,8886543.23186345,15.7957439300022
TON,2023-09-07,1.82297043819548,1.88312735284298,1.7945270404367,1.79981586844458,16547363.0827665,9096647.25788996,16.5473630827665
TON,2023-09-08,1.79981586844458,1.84273951343642,1.76765089157768,1.77769034623192,15960004.4181238,8905914.50402182,15.9600044181238
TON,2023-09-09,1.77769034623192,1.8168430391732,1.76671482695523,1.76680013973464,11053560.7071663,6182005.5637954,11.0535607071663
TON,2023-09-10,1.76680013973464,1.78604811634069,1.70815772831691,1.71803361811501,12135524.6707379,6939464.47258672,12.1355246707379
TON,2023-09-11,1.71803361811501,1.72590709974757,1.60796915212289,1.64806684349587,16628192.9270798,9935364.82708539,16.6281929270798
TON,2023-09-12,1.64806684349587,1.89150852584104,1.64652891845972,1.8153667412005,29308581.2623161,16671660.5646519,29.3085812623161
TON,2023-09-13,1.8153667412005,1.97563636913785,1.77286599940511,1.89247731078128,30844465.194176,16368272.1220392,30.844465194176
TON,2023-09-14,1.89247731078128,1.95231036684366,1.85836959180903,1.91799377181335,22712567.9818029,11945395.4336289,22.7125679818029
TON,2023-09-15,1.91799377181335,2.24806108331289,1.89440222630922,2.10846860450218,32933056.7140136,16252208.3614361,32.933056714013595
TON,2023-09-16,2.10846860450218,2.53265247635216,2.07435871917611,2.39937401007198,44963952.6514973,19835067.4142302,44.963952651497294
TON,2023-09-17,2.39937401007198,2.49034050166382,2.26192638038763,2.31432224338922,28939936.2931348,12184432.512695,28.9399362931348
TON,2023-09-18,2.31432224338922,2.52561736589544,2.27879105802104,2.39431729751502,37238967.3353379,15437550.1893094,37.2389673353379
TON,2023-09-19,2.39431729751502,2.59446713055566,2.39315597235702,2.57497039491897,38079077.3210022,15254662.2533826,38.0790773210022
TON,2023-09-20,2.57497039491897,2.57497039491897,2.39837660902738,2.40462221146861,35840544.9208151,14419683.5159635,35.840544920815105
TON,2023-09-21,2.40462221146861,2.41812607296163,2.30436006110277,2.35880423047864,34076869.4460248,14451978.3330754,34.0768694460248
TON,2023-09-22,2.35880423047864,2.36104704324336,2.27499845937566,2.28979665638621,25712805.5869768,11144090.2789549,25.7128055869768
TON,2023-09-23,2.28979665638621,2.35489993058998,2.27663429632807,2.30014331232753,16277997.6360171,7048197.31009298,16.2779976360171
TON,2023-09-24,2.30014331232753,2.30461061937394,2.1787165730941,2.18711561480924,14060957.078699,6275095.43826471,14.060957078699
TON,2023-09-25,2.18711561480924,2.22302237839515,2.13997735754647,2.14475844141004,18167252.2052471,8321982.71999246,18.1672522052471
TON,2023-09-26,2.14475844141004,2.19382214819585,2.10551402051912,2.11335326420538,16425992.508231,7639731.85967553,16.425992508230998
TON,2023-09-27,2.11335326420538,2.28143860854854,2.08463613844004,2.16247851305912,21841534.5745818,10117169.4253448,21.841534574581797
TON,2023-09-28,2.16247851305912,2.30569671728313,2.12720767607379,2.23686293094312,24838581.2985452,11251676.9879052,24.8385812985452
TON,2023-09-29,2.23686293094312,2.25037660079702,2.1534195788575,2.16001892036275,20938300.5810068,9463769.35047878,20.9383005810068
TON,2023-09-30,2.16001892036275,2.19798823749208,2.10225802126616,2.10947673310542,15797373.683301,7338964.15458392,15.797373683301
TON,2023-10-01,2.10947673310542,2.15327267345997,2.05745873006041,2.12851848665302,14666464.3795245,6970515.85870077,14.666464379524498
TON,2023-10-02,2.12851848665302,2.15657015243343,2.01107422042582,2.02145932566686,31153649.5905613,14920967.8888884,31.1536495905613
TON,2023-10-03,2.02145932566686,2.06570705841495,2.00397730731494,2.03599677519374,4254257.23078654,2092865.96916591,4.25425723078654
TON,2023-10-04,2.03599677519374,2.03822745933658,1.93627134345994,1.95406191563914,4663253.00669268,2355218.46169364,4.663253006692679
TON,2023-10-05,1.95406191563914,2.11531592982013,1.94619700043027,2.05598111219508,7553861.23107109,3664969.81217203,7.553861231071091
TON,2023-10-06,2.05598111219508,2.17293895256112,2.05320960972025,2.14273501653393,6050436.42694772,2840579.69026947,6.05043642694772
TON,2023-10-07,2.14273501653393,2.1578208764211,2.05492909040968,2.05976986611886,11186598.5485039,5368578.68825282,11.1865985485039
TON,2023-10-08,2.05976986611886,2.09396961667805,2.01803721881773,2.05096358696006,8472366.9886991,4121923.59025947,8.4723669886991
TON,2023-10-09,2.05096358696006,2.07854312149899,1.95381052692229,1.9779088685325,12910235.4659409,6432079.40877723,12.9102354659409
TON,2023-10-10,1.9779088685325,2.03479117311994,1.95746061418399,2.00343535878112,13691298.6495001,6871575.40043093,13.6912986495001
TON,2023-10-11,2.00343535878112,2.027576546796,1.96836977594214,1.9907348235066,9680081.37170468,4854051.206995,9.68008137170468
TON,2023-10-12,1.9907348235066,2.02212654106574,1.91381756476192,1.92888095740994,10104320.5938033,5150051.35837456,10.1043205938033
TON,2023-10-13,1.92888095740994,1.98184777623071,1.9259497441957,1.9380844345728,13920039.6767591,7148278.07752164,13.9200396767591
TON,2023-10-14,1.9380844345728,1.95992302877553,1.91248170511658,1.91683372421314,12130664.1139752,6266347.49186814,12.1306641139752
TON,2023-10-15,1.91683372421314,1.94748972528224,1.91447103975159,1.9260157375417,7475011.96792413,3874526.73840414,7.4750119679241305
TON,2023-10-16,1.9260157375417,2.01183662729546,1.92354199780132,1.95895678910798,5223018.37600038,2669745.03523265,5.22301837600038
TON,2023-10-17,1.95895678910798,2.10461163732446,1.94231278171227,2.10204071414735,22574219.2786353,11202112.4767661,22.5742192786353
TON,2023-10-18,2.10204071414735,2.16112232784834,2.02382102482256,2.04549847965565,25403568.436321,12257110.1727332,25.403568436321002
TON,2023-10-19,2.04549847965565,2.14035161613853,1.99354241731759,2.06814445660272,20477163.5670574,9987761.27308855,20.4771635670574
TON,2023-10-20,2.06814445660272,2.13903665510622,2.05755661842691,2.08030589317046,6325646.09195826,3012951.3987898,6.32564609195826
TON,2023-10-21,2.08030589317046,2.15960493555827,2.07334191847211,2.12272462424894,4420809.53403132,2085437.09012648,4.420809534031321
TON,2023-10-22,2.12272462424894,2.20476076817816,2.10852132226081,2.1874295747281,4998303.83209136,2312014.31946477,4.99830383209136
TON,2023-10-23,2.1874295747281,2.23144080472149,2.1258677161139,2.1749393048848,26654191.0457643,12293109.4848391,26.6541910457643
TON,2023-10-24,2.1749393048848,2.26059816057779,2.09916175721518,2.12610542430493,37807870.1853629,17325519.2206771,37.8078701853629
TON,2023-10-25,2.12610542430493,2.16517082097407,2.1163559051976,2.13826505843165,34085142.5002005,15956072.7236958,34.085142500200504
TON,2023-10-26,2.13826505843165,2.18408615839142,2.06249319398593,2.12604703484272,35009816.2441511,16375283.8826295,35.009816244151104
TON,2023-10-27,2.12604703484272,2.12604703484272,2.0254669210269,2.05992882559161,10139963.0307643,4833086.69253411,10.139963030764301
TON,2023-10-28,2.05992882559161,2.07260572937547,2.02716767796791,2.03880888848258,3658679.40678649,1785870.38214418,3.65867940678649
TON,2023-10-29,2.03880888848258,2.08895057828684,2.02343096859514,2.07341059675398,2633857.67645011,1276904.3447418,2.63385767645011
TON,2023-10-30,2.07341059675398,2.1297743200973,2.05721853567759,2.11997946237186,19167463.6194,9094794.34621236,19.1674636194
TON,2023-10-31,2.11997946237186,2.27061945962769,2.11702356988855,2.22358344864177,64114638.3054618,29278534.0239537,64.1146383054618
TON,2023-11-01,2.22358344864177,2.23471713451522,2.12687204561382,2.20764256925126,35906009.4892735,16421722.4785483,35.9060094892735
TON,2023-11-02,2.20764256925126,2.28457487902932,2.16392727622957,2.23702676686304,54575080.4341917,24500895.9524697,54.5750804341917
TON,2023-11-03,2.23702676686304,2.27144020485803,2.18386662187776,2.2634896257874,26533291.9183331,11939713.806309,26.5332919183331
TON,2023-11-04,2.2634896257874,2.310697704043,2.2202780459004,2.24298874621752,6137590.3364981,2733786.10019892,6.1375903364981
TON,2023-11-05,2.24298874621752,2.29761312779724,2.24021879534966,2.27655430406613,5751471.74669055,2529890.06343488,5.75147174669055
TON,2023-11-06,2.27655430406613,2.47171726681358,2.27296765195164,2.44207192059212,10633992.0133776,4519315.44646325,10.633992013377599
TON,2023-11-07,2.44207192059212,2.58592557926328,2.37367098882496,2.53988677611821,48808422.0723406,19947926.4466438,48.8084220723406
TON,2023-11-08,2.53988677611821,2.76903295866694,2.53481804077656,2.67510109978012,61660190.7756987,23180110.1439507,61.6601907756987
TON,2023-11-09,2.67510109978012,2.71934372935202,2.39876569362879,2.46489375453254,70366689.5424512,27618096.2895984,70.3666895424512
TON,2023-11-10,2.46489375453254,2.58916642123032,2.4025537274313,2.46489659741457,49749651.6767963,20094035.3366381,49.749651676796304
TON,2023-11-11,2.46489659741457,2.48675448299504,2.36333640900139,2.36501747093674,47471531.1200989,19627315.3256951,47.471531120098895
TON,2023-11-12,2.36501747093674,2.51154675627059,2.3359505463533,2.4860365128121,50023570.7909701,20536398.951526,50.023570790970105
TON,2023-11-13,2.4860365128121,2.51134992751029,2.35881050427078,2.35881050427078,27948644.0108833,11451883.6230846,27.948644010883303
TON,2023-11-14,2.35881050427078,2.39544310689494,2.24153578434692,2.28554898290123,42766031.0276762,18257517.3153955,42.7660310276762
TON,2023-11-15,2.28554898290123,2.40915240060628,2.2592286433609,2.40034285253016,56295731.6977703,24355505.3157536,56.2957316977703
TON,2023-11-16,2.40034285253016,2.47945449273844,2.26055550096368,2.28122532230761,57133735.7105928,24252275.0111778,57.1337357105928
TON,2023-11-17,2.28122532230761,2.34732522453515,2.22710048012588,2.32943551094437,48344153.3503929,21122522.5865203,48.3441533503929
TON,2023-11-18,2.32943551094437,2.38312715365261,2.2294691095153,2.37418062150424,38857196.3364963,16836583.9504875,38.8571963364963
TON,2023-11-19,2.37418062150424,2.39025906654596,2.34022845520902,2.37252398005476,21600037.9820525,9141215.44585496,21.600037982052502
TON,2023-11-20,2.37252398005476,2.3769812596124,2.31827614944942,2.3240840854825,28277598.3463528,12021776.9358557,28.2775983463528
TON,2023-11-21,2.3240840854825,2.37236860786573,2.30647682336676,2.31142825996753,30887084.5108011,13174975.7982394,30.8870845108011
TON,2023-11-22,2.31142825996753,2.44142693642057,2.30992534225072,2.40032287174219,32313946.4603469,13548343.0421946,32.3139464603469
TON,2023-11-23,2.40032287174219,2.45296233944803,2.38457205597294,2.4245664974304,33713640.0582013,13981406.4979186,33.7136400582013
TON,2023-11-24,2.4245664974304,2.46135061202805,2.39627456032235,2.40475163048518,31638457.8638444,13071538.4618522,31.638457863844398
TON,2023-11-25,2.40475163048518,2.41920264797877,2.32247236344954,2.39167047972033,31014068.6600728,12938903.5635948,31.014068660072798
TON,2023-11-26,2.39167047972033,2.40761648497281,2.29493112983198,2.4049146368861,23483442.8889675,9867346.72223446,23.4834428889675
TON,2023-11-27,2.4049146368861,2.44315570686682,2.33907556523787,2.4397505253888,37110206.994019,15436430.8867962,37.110206994019
TON,2023-11-28,2.4397505253888,2.46106452349959,2.41931630279418,2.45370001969973,36231753.8434994,14831878.823418,36.2317538434994
TON,2023-11-29,2.45370001969973,2.45370001969973,2.35073813704363,2.41594255651831,29986269.4546535,12398107.2892959,29.986269454653502
TON,2023-11-30,2.41594255651831,2.46664652306803,2.35714517003178,2.41194340857247,24413853.8465911,10064736.3380035,24.4138538465911
TON,2023-12-01,2.41194340857247,2.44948700688723,2.37024382997056,2.37100395083941,25199550.5346199,10388104.9046491,25.199550534619902
TON,2023-12-02,2.37100395083941,2.43475200516364,2.37100395083941,2.40361113511213,29166845.6197618,12051282.6253853,29.166845619761798
TON,2023-12-03,2.40361113511213,2.45265872069485,2.28331985761746,2.30748266211736,22263726.0355504,9570063.84241761,22.263726035550402
TON,2023-12-04,2.30748266211736,2.36916347711054,2.22544050884574,2.29800715783766,27615991.2655559,11958981.1013087,27.6159912655559
TON,2023-12-05,2.29800715783766,2.306851063331,2.25557000003296,2.27305028161733,28510932.5411525,12505439.626748,28.5109325411525
TON,2023-12-06,2.27305028161733,2.3154895757044,2.21497632697346,2.22455203947649,29390046.141053,13026730.9028355,29.390046141053
TON,2023-12-07,2.22455203947649,2.28431835601368,2.17746320724678,2.21940592627908,26120049.9779726,11803475.7825613,26.120049977972602
TON,2023-12-08,2.21940592627908,2.32322526649325,2.21058704533356,2.29712299468247,33164997.2634821,14660578.3554811,33.1649972634821
TON,2023-12-09,2.29712299468247,2.41306182519607,2.19511551138467,2.27471353860392,34221119.3259652,14976140.5336217,34.221119325965205
TON,2023-12-10,2.27471353860392,2.29786871689098,2.17559604937251,2.29398676095365,35694019.1340454,15729788.7212465,35.6940191340454
TON,2023-12-11,2.29398676095365,2.29468590088663,1.88157712025855,2.11029593671658,37653788.7897128,17458101.0009017,37.6537887897128
TON,2023-12-12,2.11029593671658,2.13067987659192,2.01114599555381,2.03942095969113,26114225.9187317,12628717.2507375,26.1142259187317
TON,2023-12-13,2.03942095969113,2.15152445005,1.97035174699378,2.14598889990935,25279328.0678895,12371953.3298007,25.2793280678895
TON,2023-12-14,2.14598889990935,2.24559897264955,2.09471990979645,2.16662007140319,30570852.931079,14065991.8491873,30.570852931079
TON,2023-12-15,2.16662007140319,2.22662948189654,2.13957532862081,2.14756584859937,37578155.9551236,17307017.3774115,37.578155955123606
TON,2023-12-16,2.14756584859937,2.27290395888342,2.13705851698421,2.21805958716628,43178027.1246196,19717582.6289538,43.178027124619604
TON,2023-12-17,2.21805958716628,2.22494098816285,2.14836253724377,2.19521486004671,41578752.5644418,18999087.0593234,41.5787525644418
TON,2023-12-18,2.19521486004671,2.20017023607093,2.07297757623505,2.09009377725257,41753801.7999059,19423687.8726208,41.7538017999059
TON,2023-12-19,2.09009377725257,2.24850920781092,2.09009377725257,2.1769544955805,34808496.440318,15941894.0401121,34.808496440318
TON,2023-12-20,2.1769544955805,2.25101441932637,2.17664216664426,2.24912671966731,44017708.2392576,19898601.8654221,44.017708239257594
TON,2023-12-21,2.24912671966731,2.31733571299463,2.19724050832803,2.24485658803468,42917535.2571621,18943764.064865,42.9175352571621
TON,2023-12-22,2.24485658803468,2.38182953094585,2.24150766888327,2.30537188534671,42738082.0273939,18691698.4673435,42.7380820273939
TON,2023-12-23,2.30537188534671,2.30700610190169,2.2716537031234,2.2889417782776,38663464.5734258,16883811.8972104,38.6634645734258
TON,2023-12-24,2.2889417782776,2.3078847137514,2.23911182682718,2.2480405339457,41742941.8158714,18430343.371333,41.742941815871404
TON,2023-12-25,2.2480405339457,2.27483522906142,2.19810141566256,2.25999908695285,39956597.2477522,17749895.3941693,39.9565972477522
TON,2023-12-26,2.25999908695285,2.2920144548724,2.21559807459528,2.23388428853578,45016578.0282883,20156966.0283009,45.0165780282883
TON,2023-12-27,2.23388428853578,2.2591450632655,2.14473725780932,2.16086457516878,37765202.6569234,17147972.8169973,37.7652026569234
TON,2023-12-28,2.16086457516878,2.21839972066204,2.14140270789911,2.21018870035155,39285432.5568756,17825223.6649231,39.2854325568756
TON,2023-12-29,2.21018870035155,2.31865021301206,2.19296907703698,2.26514474364792,46867495.0155253,20878454.3701149,46.86749501552529
TON,2023-12-30,2.26514474364792,2.43060446167754,2.26291477554074,2.37561144107375,49152674.8232045,21150570.2840206,49.1526748232045
TON,2023-12-31,2.37561144107375,2.37561144107375,2.25522533092448,2.26618587710901,30214612.1267929,13122293.8567384,30.2146121267929
TON,2024-01-01,2.26618587710901,2.34368879418678,2.25554030722798,2.3394537295647,29729489.1687759,12869263.6971261,29.729489168775903
TON,2024-01-02,2.3394537295647,2.37634283237978,2.24479848710234,2.2510853452228,48344090.9609666,21005626.7210222,48.344090960966604
TON,2024-01-03,2.2510853452228,2.27710213775512,1.91585935900894,2.2321856589836,53630170.38656,24418372.4908683,53.63017038656
TON,2024-01-04,2.2321856589836,2.32168770617635,2.14744742632594,2.20676687148557,48771028.7901272,22256631.9244296,48.771028790127204
TON,2024-01-05,2.20676687148557,2.22653634021495,2.07142482110526,2.08969647195323,59391654.0156981,27562707.5642453,59.391654015698094
TON,2024-01-06,2.08969647195323,2.223649649539,2.05310491413165,2.21062742087973,56800798.368935,26391359.8900652,56.800798368935
TON,2024-01-07,2.21062742087973,2.35177554526777,2.20000055495922,2.24831619029789,47608166.8829088,21060876.3600794,47.6081668829088
TON,2024-01-08,2.24831619029789,2.33118194099042,2.12549538961657,2.31171596577076,48258161.1327617,21390225.1839807,48.2581611327617
TON,2024-01-09,2.31171596577076,2.31655297273132,2.19911480075457,2.20472993861467,52731569.6725781,23348853.6609167,52.7315696725781
TON,2024-01-10,2.20472993861467,2.28891359881143,2.1875068120491,2.28837695397174,59672324.222338,26868602.2028283,59.672324222338
TON,2024-01-11,2.28837695397174,2.33991846309868,2.20390346850497,2.22845685382766,73478198.0048773,32263997.1200427,73.4781980048773
TON,2024-01-12,2.22845685382766,2.23822566018819,2.11003148862399,2.12399293809595,44950906.2259439,20626755.9003723,44.9509062259439
TON,2024-01-13,2.12399293809595,2.14202864769,2.09419592384344,2.11050860748219,37851835.3930008,17852794.0923264,37.8518353930008
TON,2024-01-14,2.11050860748219,2.41057338662129,2.07976766470826,2.28925732244087,55303118.2690847,24706160.2811861,55.3031182690847
TON,2024-01-15,2.28925732244087,2.44829465797637,2.28714522155056,2.44059676433398,54896084.9200159,23139247.1659972,54.8960849200159
TON,2024-01-16,2.44059676433398,2.45792334975502,2.38483982456416,2.42509055659098,50349574.7546805,20794798.5726366,50.349574754680496
TON,2024-01-17,2.42509055659098,2.42693809309211,2.31623237851306,2.33991022871402,46834244.0716847,19780962.8359893,46.8342440716847
TON,2024-01-18,2.33991022871402,2.35184904472232,2.20849035421085,2.24332948003796,48493029.1278507,21288815.2502066,48.4930291278507
TON,2024-01-19,2.24332948003796,2.27109822809775,2.1918392219442,2.22010888460867,51496013.2543152,23117984.8932215,51.496013254315194
TON,2024-01-20,2.22010888460867,2.2782083526851,2.19196741252873,2.27806921066321,41454407.7362888,18569358.9818641,41.4544077362888
TON,2024-01-21,2.27806921066321,2.29889480509683,2.23201785935362,2.24154339089725,34381065.9954945,15192974.9250081,34.3810659954945
TON,2024-01-22,2.24154339089725,2.2484576690337,2.11320978805799,2.11862626285632,39564362.6020313,17995430.7451637,39.564362602031295
TON,2024-01-23,2.11862626285632,2.18136260056923,2.09824892772815,2.17999089925599,25031091.0998966,11639903.3455583,25.0310910998966
TON,2024-01-24,2.17999089925599,2.25833524656848,2.10193913124072,2.19504487838378,21738174.7858441,9863529.07076412,21.738174785844098
TON,2024-01-25,2.19504487838378,2.21688517596918,2.03548904654703,2.04546827531832,16779156.4816748,7904023.95371684,16.7791564816748
TON,2024-01-26,2.04546827531832,2.19132834499416,2.04439040878058,2.08237290639108,17277978.2136342,8120269.1875669,17.2779782136342
TON,2024-01-27,2.08237290639108,2.10638930535857,2.0621400221397,2.0832666388203,9585397.29942948,4615317.17442158,9.58539729942948
TON,2024-01-28,2.0832666388203,2.13618477845834,2.0832666388203,2.11722616673287,10197245.5048853,4831831.80695387,10.197245504885299
TON,2024-01-29,2.11722616673287,2.16987644533416,2.1153398747499,2.16449922552763,15477846.8326551,7155333.64304665,15.4778468326551
TON,2024-01-30,2.16449922552763,2.22702119984471,2.16290919290109,2.17132288177632,28103848.7746917,12872847.0717117,28.103848774691702
TON,2024-01-31,2.17132288177632,2.18128748831601,2.09867997171654,2.1479252921501,29631952.6238949,13757168.4853169,29.6319526238949
TON,2024-02-01,2.1479252921501,2.16032372256909,2.11760583565817,2.15941993585708,28885877.5754065,13526491.404603,28.8858775754065
TON,2024-02-02,2.15941993585708,2.18899145531833,2.0446855437918,2.04598789906901,22822157.4492595,10730428.0688022,22.8221574492595
TON,2024-02-03,2.04598789906901,2.05991745953815,2.02989699064431,2.04312289926613,10611913.4141672,5188703.8597375,10.6119134141672
TON,2024-02-04,2.04312289926613,2.0736627227825,2.01253854640326,2.05545611633827,15861651.2540276,7756591.0999361,15.8616512540276
TON,2024-02-05,2.05545611633827,2.068821793149,2.03286873435357,2.04926813780042,16443487.6453026,8009305.53493964,16.4434876453026
TON,2024-02-06,2.04926813780042,2.06065069885713,2.03365227381704,2.04740470602598,15777697.8280732,7693926.02164299,15.7776978280732
TON,2024-02-07,2.04740470602598,2.0528330912438,2.02811266305287,2.05232726410731,19344081.2047458,9471974.04096955,19.344081204745798
TON,2024-02-08,2.05232726410731,2.14865661132421,2.02274504772614,2.13969801908418,25126551.1560601,12023618.6411112,25.1265511560601
TON,2024-02-09,2.13969801908418,2.16533852270886,2.13611558781295,2.15929239668194,41124643.7073623,19101456.3595665,41.1246437073623
TON,2024-02-10,2.15929239668194,2.17150726471973,2.13753128990443,2.15818926591941,27184798.4887327,12639865.4462109,27.1847984887327
TON,2024-02-11,2.15818926591941,2.23714788016204,2.15234962788641,2.15666960652006,32481763.4261781,14898532.6123451,32.4817634261781
TON,2024-02-12,2.15666960652006,2.24863909712586,2.15025526094808,2.2304776846771,61723610.4795007,28072071.5825374,61.72361047950071
TON,2024-02-13,2.2304776846771,2.25546687602267,2.19255866708458,2.19658918146913,48207769.788532,21680924.4592404,48.207769788532
TON,2024-02-14,2.19658918146913,2.22756071667681,2.1779681888705,2.21828123194076,40495720.9052209,18317084.3601304,40.49572090522091
TON,2024-02-15,2.21828123194076,2.2669002740405,2.20161705041139,2.23756813153288,50887066.9682162,22771288.7453083,50.8870669682162
TON,2024-02-16,2.23756813153288,2.25699176688773,2.19086347922699,2.19517763042585,42866770.8927087,19211919.0115732,42.86677089270869
TON,2024-02-17,2.19517763042585,2.24616568643787,2.15656285312923,2.23319677219893,34328006.4748924,15515039.0723792,34.3280064748924
TON,2024-02-18,2.23319677219893,2.2940211530502,2.22064734040329,2.27118074189026,24772068.6903465,10977828.8545209,24.7720686903465
TON,2024-02-19,2.27118074189026,2.29276001363659,2.23250104746662,2.26929928857443,27892926.3244567,12343708.0855115,27.8929263244567
TON,2024-02-20,2.26929928857443,2.29590495931057,2.12249733230051,2.19742083364348,43216380.3227474,19581659.8800321,43.216380322747405
TON,2024-02-21,2.19742083364348,2.19940591033637,2.10484659213024,2.11834700605765,50614864.5537846,23556592.9957912,50.6148645537846
TON,2024-02-22,2.11834700605765,2.122285113147,2.06452418713849,2.06578085611248,44880056.4457863,21473679.6779577,44.880056445786295
TON,2024-02-23,2.06578085611248,2.07849828148851,2.02224532821158,2.05128987669644,41101937.348953,20049772.5166358,41.101937348953
TON,2024-02-24,2.05128987669644,2.0963762820719,2.04550563227694,2.06856213128938,32925280.3928572,15889266.7031447,32.9252803928572
TON,2024-02-25,2.06856213128938,2.09329830175933,2.05708935993664,2.08714135301623,32694990.306802,15761642.3950211,32.694990306802
TON,2024-02-26,2.08714135301623,2.11787853180048,2.06521721943322,2.11214357102137,49592785.069072,23740377.5032296,49.592785069072
TON,2024-02-27,2.11214357102137,2.15658638572845,2.10695702241441,2.13600964673529,54546015.745794,25609904.899892,54.546015745794
TON,2024-02-28,2.13600964673529,2.92478458974412,2.11343108127356,2.51832900741156,268096345.506291,106298349.744785,268.096345506291
TON,2024-02-29,2.51832900741156,2.73427445263705,2.45565942073207,2.49304047814741,139293081.65394,53571002.776347,139.29308165394
TON,2024-03-01,2.49304047814741,2.86899198548029,2.46024842166759,2.71087347018863,166794482.485586,61839542.3172395,166.79448248558597
TON,2024-03-02,2.71087347018863,2.77114424782878,2.65267011653488,2.72012469970783,71796191.8177665,26412333.5905567,71.7961918177665
TON,2024-03-03,2.72012469970783,2.73467842278535,2.55013106109022,2.67431718863034,61779281.6781755,23272968.151475,61.7792816781755
TON,2024-03-04,2.67431718863034,2.81331837690664,2.65345101272685,2.77382322208408,96890910.904763,35407996.2907686,96.890910904763
TON,2024-03-05,2.77382322208408,2.80771192810137,2.33213312646205,2.59308997232938,125697378.411831,47384369.8124554,125.69737841183101
TON,2024-03-06,2.59308997232938,2.80483706252968,2.56241552726235,2.67813224793892,122104420.029913,45313650.4925077,122.10442002991299
TON,2024-03-07,2.67813224793892,2.79525604308482,2.6710555769989,2.78687156893207,74487238.7296573,27186054.1407394,74.4872387296573
TON,2024-03-08,2.78687156893207,2.87626281153298,2.75892024604696,2.87348780703525,112896156.200494,39916169.3000223,112.896156200494
TON,2024-03-09,2.87348780703525,2.95710612161703,2.83061856119078,2.8790174013042,79891539.9047959,27548197.6806693,79.8915399047959
TON,2024-03-10,2.8790174013042,2.92779166111621,2.78415375019874,2.8429592741323,71777222.382698,25139809.6125575,71.777222382698
TON,2024-03-11,2.8429592741323,3.32434396143757,2.76115918785135,3.29437351806784,200093874.3022,64977853.9724544,200.0938743022
TON,2024-03-12,3.29437351806784,4.19605563828325,3.2776554840776,4.04690250788828,312644579.362748,85425249.3818501,312.644579362748
TON,2024-03-13,4.04690250788828,4.57233017899831,4.01588950928892,4.3185893650689,441737980.737439,101452467.796391,441.737980737439
TON,2024-03-14,4.3185893650689,4.3596872254862,3.80169924963529,4.02647267201164,241065595.597008,58490572.8174733,241.06559559700798
TON,2024-03-15,4.02647267201164,4.12765968192633,3.53344112808452,3.87239467887007,177087502.318307,46040297.8173518,177.087502318307
TON,2024-03-16,3.87239467887007,3.90514174089013,3.52894401545956,3.55131583800122,105652705.588343,28541207.5615743,105.652705588343
TON,2024-03-17,3.55131583800122,4.03281063414424,3.37583610391159,3.8533875019935,124288548.910154,33338631.078433,124.288548910154
TON,2024-03-18,3.8533875019935,4.02822323509603,3.65342463012752,3.83216001365097,143797874.437413,37271511.0876823,143.79787443741301
TON,2024-03-19,3.83216001365097,3.99683258331443,3.58080991506479,3.80285406876037,182050218.099625,47867688.4199226,182.050218099625
TON,2024-03-20,3.80285406876037,4.31428320470925,3.71858479405262,4.22081900677946,205613453.918198,50412340.6280964,205.613453918198
TON,2024-03-21,4.22081900677946,4.33023146231039,4.07944928782664,4.10231369251188,104699369.057246,25132643.5565839,104.699369057246
TON,2024-03-22,4.10231369251188,4.4712506186458,4.08183186229355,4.43189007470819,162436797.133471,37566221.3743633,162.436797133471
TON,2024-03-23,4.43189007470819,5.29989775398629,4.39013183267172,4.8178822594003,332632465.375,67823078.1662897,332.632465375
TON,2024-03-24,4.8178822594003,5.13774790911803,4.80717595504543,5.00505338883722,202615408.649123,40710667.8495872,202.61540864912303
TON,2024-03-25,5.00505338883722,5.68125363823438,4.96859326808367,5.35354120637625,330987060.628349,61146551.0208126,330.987060628349
TON,2024-03-26,5.35354120637625,5.42944360205247,4.99604243778441,5.04507143123836,238864771.655614,46024925.0598946,238.864771655614
TON,2024-03-27,5.04507143123836,5.13749899371528,4.82006873101657,4.95263338655852,173667050.985364,35059618.2337081,173.667050985364
TON,2024-03-28,4.95263338655852,5.12613755260203,4.8076323509466,4.89954973233686,126640262.553658,25626333.4878867,126.64026255365799
TON,2024-03-29,4.89954973233686,5.15758409513923,4.77415510751641,5.02371009108033,131695074.360924,26408684.0086241,131.695074360924
TON,2024-03-30,5.02371009108033,5.38161612856802,4.99250073085467,5.27715819896461,130305646.449688,25014355.6432509,130.305646449688
TON,2024-03-31,5.27715819896461,5.42796642348441,5.09703032224988,5.42345627229651,124211199.523705,23697770.5269243,124.211199523705
TON,2024-04-01,5.42345627229651,5.52665758199508,5.09041856070222,5.34043935514372,187261368.825541,35134036.2516284,187.26136882554098
TON,2024-04-02,5.34043935514372,5.3810697543464,4.85147806278728,4.85436214792879,163285907.173712,32426643.0366839,163.285907173712
TON,2024-04-03,4.85436214792879,5.22050521550112,4.74320300762968,4.95502704744196,119675331.530081,23809831.4440022,119.67533153008101
TON,2024-04-04,4.95502704744196,5.14621722732837,4.89166102498398,5.09896155958984,108880997.425269,21519379.656333,108.88099742526899
TON,2024-04-05,5.09896155958984,5.5206125573433,5.06073260348349,5.35066897940015,196129626.905647,37030715.5281717,196.129626905647
TON,2024-04-06,5.35066897940015,5.5736298816176,5.31825503931343,5.51051753226066,123070199.428728,22576874.9223631,123.070199428728
TON,2024-04-07,5.51051753226066,5.51323597107046,5.33680910018126,5.36343556992669,79211716.9590666,14667477.4607561,79.2117169590666
TON,2024-04-08,5.36343556992669,6.5012213355555,5.33627971620921,6.33809077151956,386237359.900768,64594516.1761029,386.23735990076796
TON,2024-04-09,6.33809077151956,7.10561357333049,6.31196446378535,6.7163661523726,546825800.386822,81115556.4029437,546.825800386822
TON,2024-04-10,6.7163661523726,6.96070439848922,6.39896125311604,6.77479831644,356782801.210873,52939904.3120953,356.782801210873
TON,2024-04-11,6.77479831644,7.66858049632995,6.70525404000709,7.26307196762623,498797995.927834,68096808.8541091,498.797995927834
TON,2024-04-12,7.26307196762623,7.45643357926899,5.58725684554793,6.62945016113452,460228524.627121,68044348.0670583,460.228524627121
TON,2024-04-13,6.62945016113452,6.93765490121174,5.47089331689046,5.95742629843065,571125307.005712,90507428.7717113,571.125307005712
TON,2024-04-14,5.95742629843065,6.79385076951291,5.73624663345232,6.78088463765226,431671061.299625,67978585.45999,431.67106129962497
TON,2024-04-15,6.78088463765226,7.20732065598257,6.53537474054993,6.57374891150952,422292179.688622,61143961.7741728,422.292179688622
TON,2024-04-16,6.57374891150952,6.68915324832765,5.92673597771198,6.33657883779367,358616644.675729,57348852.528941,358.616644675729
TON,2024-04-17,6.33657883779367,6.67064692791767,6.03004262716509,6.09774272598367,303824210.773593,48582199.4529535,303.824210773593
TON,2024-04-18,6.09774272598367,6.60241580006874,5.82059985570642,6.5132766739967,328492711.101418,52912188.4955009,328.492711101418
TON,2024-04-19,6.5132766739967,7.22305132361974,5.9960871813522,6.08005237546788,781009573.800914,117869995.743662,781.009573800914
TON,2024-04-20,6.08005237546788,6.3593840976916,5.9411858516302,6.21803341624107,243827945.567166,39593474.3551846,243.827945567166
TON,2024-04-21,6.21803341624107,6.29861717944999,6.01040899908863,6.13385397825398,166468719.606765,26971637.3231345,166.468719606765
TON,2024-04-22,6.13385397825398,6.22385502908451,5.825119951196,5.93765933208959,201080030.146873,33172687.3157217,201.08003014687299
TON,2024-04-23,5.93765933208959,6.0597500051423,5.4441077691164,5.70579577178433,212781627.032159,37390322.9989136,212.781627032159
TON,2024-04-24,5.70579577178433,5.97444632582106,5.46920397811976,5.55552165638275,210837139.683194,36845665.302158,210.837139683194
TON,2024-04-25,5.55552165638275,5.62946072426369,5.14206336791102,5.39255818223485,187538653.779002,34904460.3085427,187.538653779002
TON,2024-04-26,5.39255818223485,5.4604583153729,5.2743094443658,5.32743659994231,121562418.722882,22618110.3789506,121.562418722882
TON,2024-04-27,5.32743659994231,5.42824597645804,5.16364915172506,5.39614750363896,115051354.283301,21743496.1638103,115.051354283301
TON,2024-04-28,5.39614750363896,5.60058213231385,5.37859422495615,5.41974690645255,96589536.2105273,17588377.7486971,96.5895362105273
TON,2024-04-29,5.41974690645255,5.48759125228315,5.18208984765377,5.30845109846245,102181156.097742,19341063.3849912,102.181156097742
TON,2024-04-30,5.30845109846245,5.41554447403309,4.9999729582436,5.15113225495525,200498099.550944,38633585.4115563,200.498099550944
TON,2024-05-01,5.15113225495525,5.16230211946008,4.60492839773875,4.87956655711414,195083991.263673,40543770.3953272,195.083991263673
TON,2024-05-02,4.87956655711414,5.26616523939897,4.68467335473031,5.13665218913589,160961156.445567,32477989.6858688,160.961156445567
TON,2024-05-03,5.13665218913589,5.79410336223498,5.1032385068107,5.69367202705615,228941611.121514,41725680.5008364,228.941611121514
TON,2024-05-04,5.69367202705615,5.82687743135538,5.66550258721829,5.75077683594624,123358984.787286,21485148.5676521,123.358984787286
TON,2024-05-05,5.75077683594624,6.0032237228124,5.58628506496146,5.96959051498002,125549904.905707,21643409.383963,125.549904905707
TON,2024-05-06,5.96959051498002,6.20609424785402,5.78591416262379,5.80070152068154,191206860.961079,32017200.3766593,191.206860961079
TON,2024-05-07,5.80070152068154,6.01643877396949,5.65543966511817,5.65543966511817,130158189.921638,22195415.1450978,130.15818992163798
TON,2024-05-08,5.65543966511817,5.94659084654471,5.61389573789826,5.76567969633973,155783730.675153,27114313.108865,155.78373067515298
TON,2024-05-09,5.76567969633973,6.47190163984196,5.76567969633973,6.41457008606645,319645636.591605,51950081.7061513,319.645636591605
TON,2024-05-10,6.41457008606645,7.17939513543744,6.31995156098152,6.78353002789548,505221995.847361,74275528.8825698,505.22199584736103
TON,2024-05-11,6.78353002789548,7.00592229608552,6.62725606095848,6.92996432361715,202324820.781958,29709823.0063618,202.324820781958
TON,2024-05-12,6.92996432361715,7.08212011378026,6.825456773199,6.96539123832526,182036578.365981,26096388.7105166,182.036578365981
TON,2024-05-13,6.96539123832526,7.45909205701895,6.7761683359659,7.01786789471188,503431166.96055,69928528.6657026,503.43116696055
TON,2024-05-14,7.01786789471188,7.21870341800723,6.58377557548675,6.85649342964855,302276335.498135,43763707.1186208,302.276335498135
TON,2024-05-15,6.85649342964855,7.13429025356128,6.83167778470831,6.99559129792244,222046903.672589,31852749.2587855,222.046903672589
TON,2024-05-16,6.99559129792244,7.06209094436718,6.3590496038421,6.78450303947569,484129793.39501,72455497.5860881,484.12979339501
TON,2024-05-17,6.78450303947569,6.78450303947569,6.56220602526266,6.6341561287755,227831134.362954,34123562.6581297,227.831134362954
TON,2024-05-18,6.6341561287755,6.6661021478238,6.38452774919727,6.41297667088371,159847721.284138,24671566.7726187,159.847721284138
TON,2024-05-19,6.41297667088371,6.56714716787596,6.23743270108648,6.26207195825534,124568094.450718,19369981.4364499,124.56809445071801
TON,2024-05-20,6.26207195825534,6.63201614047487,6.21445481264317,6.5616198797017,186028228.545402,28712636.5562211,186.028228545402
TON,2024-05-21,6.5616198797017,6.71719812142266,6.29498752094726,6.315401345428,222503779.571477,34185834.7886876,222.503779571477
TON,2024-05-22,6.315401345428,6.58398048717762,6.19257558474532,6.51109956432138,222329238.957045,34669796.8673695,222.329238957045
TON,2024-05-23,6.51109956432138,6.68346466962978,6.03946756300511,6.20226363836733,228488204.164847,35993501.8860876,228.488204164847
TON,2024-05-24,6.20226363836733,6.40597905731889,6.09314434408383,6.38851696994189,119383026.467866,19146359.560499,119.383026467866
TON,2024-05-25,6.38851696994189,6.49176157594557,6.30015997443731,6.38900554201357,104330084.435827,16327061.4264006,104.330084435827
TON,2024-05-26,6.38900554201357,6.44516587178313,6.28824824455685,6.32507584348121,84201551.3590397,13245207.4827613,84.2015513590397
TON,2024-05-27,6.32507584348121,6.51545669192589,6.32507584348121,6.41141794522139,126999714.445795,19770734.8842519,126.999714445795
TON,2024-05-28,6.41141794522139,6.50906350215622,6.24513896483196,6.4768917533158,139968480.547914,21837221.9813163,139.968480547914
TON,2024-05-29,6.4768917533158,6.60230979063516,6.4314093563456,6.51867537229424,134612333.083817,20679941.0863185,134.612333083817
TON,2024-05-30,6.51867537229424,6.57452302407163,6.35944992084285,6.47578453126647,135909775.823044,20907376.896219,135.90977582304401
TON,2024-05-31,6.47578453126647,6.49507406626342,6.32729786508316,6.36108399263981,116220704.159275,18107723.7219721,116.220704159275
TON,2024-06-01,6.36108399263981,6.4107598751934,6.27141908928736,6.32660021546659,94167384.8840894,14894281.5568963,94.1673848840894
TON,2024-06-02,6.32660021546659,6.9967365894051,6.28447506847522,6.83719891956404,257894230.011348,39167789.1933199,257.894230011348
TON,2024-06-03,6.83719891956404,7.03964236247716,6.57101607028021,6.82435753876195,237981924.063145,35102140.079478,237.98192406314502
TON,2024-06-04,6.82435753876195,7.32370030758804,6.74010273845959,7.32110620192851,245251957.511367,35103380.2311854,245.25195751136698
TON,2024-06-05,7.32110620192851,7.81986589982098,7.14117193464038,7.21037257426401,329225802.349985,44257521.1043699,329.22580234998503
TON,2024-06-06,7.21037257426401,7.55399401218986,7.12898136168786,7.53353332307123,209782365.410719,28610187.4513564,209.782365410719
TON,2024-06-07,7.53353332307123,7.74690838520773,6.82889679422913,7.20977387289076,302738290.07493,40850355.1762251,302.73829007493003
TON,2024-06-08,7.20977387289076,7.4687257033592,6.95929781321686,7.00252970540551,183362862.82458,25303908.195019,183.36286282458002
TON,2024-06-09,7.00252970540551,7.29264197044476,6.84825783945006,7.11481715948789,174673671.770384,24331551.5488212,174.673671770384
TON,2024-06-10,7.11481715948789,7.27166586213676,6.98586752788471,7.26671379140234,156137845.039257,21755563.7496349,156.137845039257
TON,2024-06-11,7.26671379140234,7.26891614247887,6.78403811725084,6.94799963711279,205557356.162003,29679612.5594267,205.557356162003
TON,2024-06-12,6.94799963711279,7.54235876229676,6.89736255193911,7.44079837010685,269593648.539398,37228163.0528603,269.59364853939803
TON,2024-06-13,7.44079837010685,7.77841513134512,7.31160640263361,7.77099778000051,318993017.430375,42186376.8845574,318.993017430375
TON,2024-06-14,7.77099778000051,8.21885887820048,7.7261269021637,8.16634175026402,421560922.601387,53060529.9827954,421.560922601387
TON,2024-06-15,8.16634175026402,8.2776851939476,7.88767614776842,7.92748556831852,227277779.705022,28222233.090553,227.277779705022
TON,2024-06-16,7.92748556831852,8.1156777950937,7.75164122916874,7.941401174917,191107818.518866,24065468.6425691,191.107818518866
TON,2024-06-17,7.941401174917,8.02775003253407,7.60773431603581,7.69897099991542,283557917.06831,36315977.3298978,283.55791706831
TON,2024-06-18,7.69897099991542,7.70398329024128,6.90951493782784,7.11617621035203,360641267.314495,49940363.3882019,360.64126731449505
TON,2024-06-19,7.11617621035203,7.25233869905827,6.79114072393345,6.95664310762948,243513930.225656,34846844.5254822,243.513930225656
TON,2024-06-20,6.95664310762948,7.28812106765249,6.91698324687972,7.1405190152218,213805259.878484,29880726.4857979,213.805259878484
TON,2024-06-21,7.1405190152218,7.34154474892844,7.02021794357341,7.12049428616835,230231160.839669,32149023.5892086,230.231160839669
TON,2024-06-22,7.12049428616835,7.35985965953972,7.06513969787486,7.33640944540704,127660059.723472,17698058.6849926,127.660059723472
TON,2024-06-23,7.33640944540704,7.75201521750562,7.3282187083963,7.49603570553154,207783663.715988,27312481.0178278,207.783663715988
TON,2024-06-24,7.49603570553154,7.605874955434,7.10715668333435,7.48832206195106,312850288.805023,42727247.4216168,312.850288805023
TON,2024-06-25,7.48832206195106,7.72798822412879,7.43970814388043,7.49256068982828,238275135.508224,31503324.4419167,238.275135508224
TON,2024-06-26,7.49256068982828,7.6728009991529,7.3970502096477,7.63184451433051,201700037.51626,26869870.0181925,201.70003751626
TON,2024-06-27,7.63184451433051,7.84700399764613,7.55691817492654,7.77389231601112,208247576.147955,27069516.7317837,208.247576147955
TON,2024-06-28,7.77389231601112,7.77389231601112,7.4262421023369,7.50788462533069,192520586.391701,25359519.1004742,192.52058639170102
TON,2024-06-29,7.50788462533069,7.6719211154502,7.4286142315224,7.59998312066181,126009506.105577,16663738.5500606,126.009506105577
TON,2024-06-30,7.59998312066181,7.74152290014923,7.56547778701009,7.65286680919124,152814444.852195,19988465.3374013,152.81444485219498
TON,2024-07-01,7.65286680919124,7.83252776456828,7.58188299280913,7.73247446670548,177945378.702127,23158717.5763431,177.94537870212702
TON,2024-07-02,7.73247446670548,8.11224679022239,7.71447645444491,8.10118626806899,240792316.795512,30205853.2763343,240.792316795512
TON,2024-07-03,8.10118626806899,8.13684760483925,7.7324389921992,7.87211399013934,239777740.008069,30375720.717328,239.777740008069
TON,2024-07-04,7.87211399013934,7.91931300967733,7.04298995954447,7.11740515727174,348209724.269169,47452036.6298195,348.209724269169
TON,2024-07-05,7.11740515727174,7.30799745999429,6.41292771588317,7.2265826106461,475261807.69056,68940696.053883,475.26180769056
TON,2024-07-06,7.2265826106461,7.7200434275654,7.20822663927222,7.59467174611154,258075957.73101,34321831.9296586,258.07595773100996
TON,2024-07-07,7.59467174611154,7.6290150668301,7.08937820213373,7.10533572785271,245158205.309702,33078813.3699489,245.158205309702
TON,2024-07-08,7.10533572785271,7.37597231213884,6.87016035025036,7.11940497657546,336096150.255913,47086639.8263544,336.096150255913
TON,2024-07-09,7.11940497657546,7.33697205734397,7.10071159470557,7.28896916387557,208696094.539361,28795918.3339902,208.696094539361
TON,2024-07-10,7.28896916387557,7.43864606400934,7.17298680047984,7.23927357070722,191651849.723404,26227481.5682834,191.65184972340398
TON,2024-07-11,7.23927357070722,7.33245608066629,7.1297179598472,7.32976245734366,205482466.606706,28504669.5489336,205.482466606706
TON,2024-07-12,7.32976245734366,7.39748703893516,7.20880360651853,7.34868350611552,197226756.427147,26992603.7817498,197.226756427147
TON,2024-07-13,7.34868350611552,7.394971308965,7.24076746126577,7.27740948850341,142346833.348973,19412709.810585,142.346833348973
TON,2024-07-14,7.27740948850341,7.4619520121858,7.24416897003034,7.42928779498307,168429299.627584,22941917.6752184,168.42929962758402
TON,2024-07-15,7.42928779498307,7.63838820575777,7.38735396864467,7.62915455168181,236282069.931067,31521212.8760691,236.28206993106699
TON,2024-07-16,7.62915455168181,7.65137522731533,7.24058844921594,7.28903874816941,254639471.151787,34371397.7114193,254.639471151787
TON,2024-07-17,7.28903874816941,7.35156539881734,7.14168468997085,7.14168468997085,209782210.256713,28881817.6033597,209.782210256713
TON,2024-07-18,7.14168468997085,7.28945071479246,7.08587725846607,7.24996822845802,182213448.177454,25272393.5351646,182.21344817745398
TON,2024-07-19,7.24996822845802,7.327822838601,7.20364348502892,7.30539663807802,187466610.518224,25757405.9927705,187.466610518224
TON,2024-07-20,7.30539663807802,7.37386563617432,7.15675766516162,7.27777213773644,128003209.238684,17482264.2687306,128.003209238684
TON,2024-07-21,7.27777213773644,7.33437940774216,7.02037907471285,7.17787643843913,168592810.706286,23514374.8350051,168.592810706286
TON,2024-07-22,7.17787643843913,7.21698074186894,6.91621268306625,6.97419980246391,194388689.008079,27610914.0899684,194.38868900807898
TON,2024-07-23,6.97419980246391,7.01480370769527,6.79445611277389,6.8648727021066,205477040.422636,29811284.64809,205.477040422636
TON,2024-07-24,6.8648727021066,7.00254425395715,6.84050078367127,6.86409471843987,168719851.680167,24334925.4469122,168.71985168016698
TON,2024-07-25,6.86409471843987,6.87428222924958,6.4839530130905,6.6146676398165,251037251.68991,38022785.0859291,251.03725168991
TON,2024-07-26,6.6146676398165,6.81833160718702,6.60789259658589,6.71910040543656,157141018.132136,23353014.44803,157.141018132136
TON,2024-07-27,6.71910040543656,6.7781639449889,6.57270558400802,6.63973077945712,143265902.044021,21428804.6877477,143.265902044021
TON,2024-07-28,6.63973077945712,6.69257179511832,6.54588628289871,6.62690949057306,123330275.446454,18723918.9882622,123.33027544645401
TON,2024-07-29,6.62690949057306,6.80067722624132,6.62402003293748,6.63158129305583,186267744.55948,27768071.7737089,186.26774455948
TON,2024-07-30,6.63158129305583,6.76137024115609,6.60339717887544,6.73269751642693,137335625.428657,20614208.6286194,137.33562542865698
TON,2024-07-31,6.73269751642693,6.87797311397227,6.70864574581485,6.7666170367372,164723735.374118,24235753.9354598,164.723735374118
TON,2024-08-01,6.7666170367372,6.86879266488104,6.63255061179409,6.73666148961542,227391514.37568,33738483.3358469,227.39151437568
TON,2024-08-02,6.73666148961542,6.75679294778331,6.16848234091574,6.18247194186058,231367252.394133,35729736.8799962,231.367252394133
TON,2024-08-03,6.18247194186058,6.20262826158415,5.84007695038613,5.98307753225721,216009623.270952,35815747.655623,216.00962327095198
TON,2024-08-04,5.98307753225721,6.1867623343746,5.8113332408657,6.00833981542629,261152696.59872,43419514.4726375,261.15269659872
TON,2024-08-05,6.00833981542629,6.03705785896682,4.84693918755092,5.2740416177961,690732536.626919,130952242.026327,690.732536626919
TON,2024-08-06,5.2740416177961,5.82233947032685,5.27344119235997,5.74916883137942,287385237.098779,51603916.1139364,287.38523709877904
TON,2024-08-07,5.74916883137942,5.81773488554579,5.35245915597426,5.4433059496626,235291491.880769,41973965.8313398,235.291491880769
TON,2024-08-08,5.4433059496626,6.41673373531819,5.39499711599946,6.22172984265997,663541667.98121,108057261.390633,663.54166798121
TON,2024-08-09,6.22172984265997,6.79687857408709,6.09371717776876,6.64250268654476,529628872.089686,81787012.3031271,529.628872089686
TON,2024-08-10,6.64250268654476,6.84351903216284,6.60875822955356,6.68658003575296,233896378.780903,34870884.5588863,233.896378780903
TON,2024-08-11,6.68658003575296,6.7349747080418,6.16618532530806,6.20771481271259,231063049.366146,35927680.8094084,231.063049366146
TON,2024-08-12,6.20771481271259,6.62279994001954,6.06859841035345,6.28446772239551,383028647.873148,60268469.8019148,383.02864787314803
TON,2024-08-13,6.28446772239551,6.53031004464583,6.213526744482,6.46089172638481,253610684.983934,39867711.3851145,253.610684983934
TON,2024-08-14,6.46089172638481,7.23435082504824,6.40131230835853,6.89471053598296,505929105.305354,73014222.8900176,505.92910530535397
TON,2024-08-15,6.89471053598296,6.91095531780574,6.45563954617452,6.59825128093156,359566710.004521,54117994.5267083,359.566710004521
TON,2024-08-16,6.59825128093156,6.87241509667436,6.39720325081158,6.5476270229339,377091358.95258,57284833.1497342,377.09135895258
TON,2024-08-17,6.5476270229339,6.60183293327256,6.40222913895941,6.44577169786715,147585970.185578,22743940.245223,147.585970185578
TON,2024-08-18,6.44577169786715,7.09888399888753,6.41498128958668,6.89049236442513,262342666.518068,39031567.5633922,262.342666518068
TON,2024-08-19,6.89049236442513,7.06789120855018,6.7240911974723,6.83508864455147,308988161.265485,45083215.2621949,308.98816126548496
TON,2024-08-20,6.83508864455147,6.9317536334649,6.61966895412065,6.66397641716123,226166157.349037,33415346.9314679,226.16615734903698
TON,2024-08-21,6.66397641716123,6.77100150891297,6.48867767465523,6.50136094422661,233771459.603327,35172090.6458068,233.771459603327
TON,2024-08-22,6.50136094422661,6.60136399900977,6.45161504126437,6.5043408595318,205249961.698404,31438076.2867543,205.249961698404
TON,2024-08-23,6.5043408595318,6.8138274287583,6.50059771341292,6.71094949980817,217682876.36033,32800870.0966864,217.68287636033
TON,2024-08-24,6.71094949980817,6.86678190504337,5.49479947391584,5.93568847958373,842356287.27425,139941770.685058,842.35628727425
TON,2024-08-25,5.93568847958373,5.98020548428124,5.27866317480454,5.77586928877404,1182718876.31436,207087812.711993,1182.71887631436
TON,2024-08-26,5.77586928877404,5.83589358183911,5.06326272089008,5.13397031838682,695874401.36848,126363329.291915,695.87440136848
TON,2024-08-27,5.13397031838682,5.65037053022323,5.13397031838682,5.44827871090037,525280704.349601,96967838.9665975,525.280704349601
TON,2024-08-28,5.44827871090037,5.93624806438014,5.1456840773804,5.53501771234726,906441304.204988,164098788.144049,906.441304204988
TON,2024-08-29,5.53501771234726,5.65673352206685,5.37137221987886,5.46155018204084,290964249.723903,52492861.4360918,290.964249723903
TON,2024-08-30,5.46155018204084,5.51160543653933,5.2817160948654,5.38916831757561,217283628.984793,40294730.1866273,217.283628984793
TON,2024-08-31,5.38916831757561,5.45106794197508,5.28579689720604,5.43549156156631,156975544.364841,29225744.7722646,156.97554436484103
TON,2024-09-01,5.43549156156631,5.46216383849197,5.16358886849083,5.18706107192919,171449012.568594,32232520.4746753,171.44901256859401
TON,2024-09-02,5.18706107192919,5.24948217833057,5.10293138119752,5.23014552197942,184214228.346178,35569318.9365677,184.214228346178
TON,2024-09-03,5.23014552197942,5.29538672494348,4.87004618743358,4.89119669726124,226517154.99468,44721806.7398818,226.51715499468
TON,2024-09-04,4.89119669726124,4.93374395241691,4.57880521806182,4.63632620898104,301942200.397268,64377794.5170897,301.942200397268
TON,2024-09-05,4.63632620898104,4.88951659978665,4.53507049201145,4.81341049130065,290056443.755718,61737989.2721732,290.05644375571796
TON,2024-09-06,4.81341049130065,4.90841992017931,4.45617115157188,4.65875909214478,316985416.445859,66861261.2762948,316.985416445859
TON,2024-09-07,4.65875909214478,4.68950151516876,4.59759758422436,4.66877705830039,149146249.671982,32155391.2968726,149.146249671982
TON,2024-09-08,4.66877705830039,4.95217038937728,4.64892183284956,4.89676048457746,161979758.547606,33908139.0681388,161.979758547606
TON,2024-09-09,4.89676048457746,5.26927372653017,4.87758596096355,5.22297691478149,261851657.724313,51566332.2462337,261.851657724313
TON,2024-09-10,5.22297691478149,5.55782206655542,5.17301726233267,5.5345685094221,219490593.142355,41183072.0404091,219.49059314235498
TON,2024-09-11,5.5345685094221,5.54982264715144,5.17591243262304,5.38074339906538,248963635.793472,46963523.5506922,248.96363579347198
TON,2024-09-12,5.38074339906538,5.67232223695033,5.3487197783622,5.57934927889507,261216847.182083,47587917.1911876,261.21684718208303
TON,2024-09-13,5.57934927889507,5.87719699841243,5.48179206680882,5.78333217402812,277101341.683077,48672947.8326975,277.10134168307695
TON,2024-09-14,5.78333217402812,5.84744165015113,5.65467788332565,5.67869059355366,174889153.859843,30521859.9952827,174.889153859843
TON,2024-09-15,5.67869059355366,5.773895980804,5.5258468717874,5.55624359522731,189317017.303169,33529872.3309273,189.31701730316902
TON,2024-09-16,5.55624359522731,5.61021250275185,5.37993585878444,5.48619579774035,198467692.513506,36225765.6898012,198.467692513506
TON,2024-09-17,5.48619579774035,5.59322885513103,5.42125264751974,5.53575383141867,212159013.620334,38524623.1936916,212.159013620334
TON,2024-09-18,5.53575383141867,5.6448374028258,5.4360784876275,5.64218516103051,203923159.163037,36891946.2643983,203.923159163037
TON,2024-09-19,5.64218516103051,5.81329406452081,5.61447330636376,5.68435492534299,240192019.869324,41930087.8157676,240.19201986932399
TON,2024-09-20,5.68435492534299,5.80428974846188,5.55212356913949,5.58708776686514,238641765.479026,42088903.9850214,238.641765479026
TON,2024-09-21,5.58708776686514,5.70600563414809,5.45259828253408,5.67599264208981,144352961.556943,25876054.8085356,144.352961556943
TON,2024-09-22,5.67599264208981,5.70231276791461,5.51047058646984,5.62367379132665,162370252.459056,28983538.812434,162.370252459056
TON,2024-09-23,5.62367379132665,5.72384687820012,5.55078631178865,5.6423777706245,198943388.515165,35246013.3680502,198.943388515165
TON,2024-09-24,5.6423777706245,5.65189266805981,5.46883246716357,5.61658680604595,177314404.345379,31782787.8498695,177.314404345379
TON,2024-09-25,5.61658680604595,5.81999743973611,5.57131207374277,5.73499214323738,254630584.416575,44724617.7055064,254.630584416575
TON,2024-09-26,5.73499214323738,5.93567401001067,5.62993389146411,5.79535687315797,293108629.777022,50556381.9351838,293.10862977702203
TON,2024-09-27,5.79535687315797,6.13171906844544,5.71821522396965,5.98487552525205,310127853.163157,52075006.9611259,310.127853163157
TON,2024-09-28,5.98487552525205,6.06894784874003,5.82349598433673,5.88791810414781,190172963.775942,32127461.5123997,190.172963775942
TON,2024-09-29,5.88791810414781,5.91069636050017,5.7455457294664,5.85016637686328,199428062.727477,34241186.6716832,199.42806272747703
TON,2024-09-30,5.85016637686328,5.86815540002546,5.68476808201013,5.72381436754215,221471106.428706,38165466.7773329,221.47110642870598
TON,2024-10-01,5.72381436754215,5.8303798951704,5.20718073210336,5.38648295532141,370493860.510845,67048233.1489591,370.493860510845
TON,2024-10-02,5.38648295532141,5.52141242756919,5.25445850604762,5.29394543079924,254997301.746502,47168985.778597,254.99730174650202
TON,2024-10-03,5.29394543079924,5.33552879417843,5.14099236006021,5.33210847055614,246966764.671833,46994833.9703718,246.966764671833
TON,2024-10-04,5.33210847055614,5.42166577597034,5.30301485904082,5.40069493645468,147078899.115167,27415067.845788,147.078899115167
TON,2024-10-05,5.40069493645468,5.42736409548675,5.18681832693183,5.23521971834392,128038880.798103,24016362.9840507,128.038880798103
TON,2024-10-06,5.23521971834392,5.3337361408931,5.17991711509409,5.31368096415456,144476276.732636,27527277.4441314,144.476276732636
TON,2024-10-07,5.31368096415456,5.3854833770125,5.19326433295661,5.19679477047524,188221164.860861,35613106.7362538,188.221164860861
TON,2024-10-08,5.19679477047524,5.25348886632486,5.13712328816372,5.19860592090489,171977143.890973,33068105.5218868,171.977143890973
TON,2024-10-09,5.19860592090489,5.24016905191473,5.00602248462467,5.06538077928579,169423206.73706,32871975.0680236,169.42320673706
TON,2024-10-10,5.06538077928579,5.13485300683839,4.99405099619778,5.13404215899488,147487315.708767,29148388.0889619,147.487315708767
TON,2024-10-11,5.13404215899488,5.26355835107517,5.11724966504686,5.20947918783219,124581448.484289,23943450.2953869,124.58144848428901
TON,2024-10-12,5.20947918783219,5.30926912156918,5.19868929251632,5.24626704546151,115917245.287686,22029876.0643103,115.917245287686
TON,2024-10-13,5.24626704546151,5.30630837586557,5.1163951057517,5.19166760305055,129229164.096577,24758962.5313899,129.229164096577
TON,2024-10-14,5.19166760305055,5.36186999011104,5.16236336925718,5.32117675163647,184946160.483289,34984367.1876891,184.946160483289
TON,2024-10-15,5.32117675163647,5.3395405683515,5.12972646159727,5.22458771126726,220885119.152695,42194873.7795899,220.885119152695
TON,2024-10-16,5.22458771126726,5.29833798859559,5.17071728103718,5.22620842222234,158745594.111267,30289507.4800215,158.745594111267
TON,2024-10-17,5.22620842222234,5.26200214530821,5.10582130689461,5.17914243075661,159969862.730756,30905852.0824191,159.969862730756
TON,2024-10-18,5.17914243075661,5.25427618011723,5.17208171775872,5.24730622298902,141653197.972558,27150233.1632292,141.653197972558
TON,2024-10-19,5.24730622298902,5.28357115082676,5.22075124142556,5.26463503459154,90881228.8420459,17293000.2589435,90.8812288420459
TON,2024-10-20,5.26463503459154,5.37656727157999,5.24432574488973,5.35478690088381,115681987.674356,21851766.0351302,115.681987674356
TON,2024-10-21,5.35478690088381,5.40222034946829,5.16542482059431,5.19241875635527,175074354.667815,33201580.9693733,175.074354667815
TON,2024-10-22,5.19241875635527,5.28297868098842,5.14895992112267,5.22005743554951,161376883.865489,30867528.387334,161.376883865489
TON,2024-10-23,5.22005743554951,5.22471439306271,5.01930216875208,5.13388872121137,154213148.513723,30029299.3460717,154.21314851372298
TON,2024-10-24,5.13388872121137,5.1774962623046,5.09084667036434,5.1256219870657,132940300.476176,25820967.7762752,132.940300476176
TON,2024-10-25,5.1256219870657,5.13578429436837,4.6352069500902,4.78382962464547,251475646.340887,50781870.5938814,251.475646340887
TON,2024-10-26,4.78382962464547,4.99590549000601,4.75001802021577,4.9198075369597,157741624.560998,32219509.8889646,157.741624560998
TON,2024-10-27,4.9198075369597,4.98982957681603,4.90069450932731,4.98982957681603,98092549.3891108,19878630.7980564,98.0925493891108
TON,2024-10-28,4.98982957681603,5.04898349017686,4.92327960883234,5.01338543575502,151529937.457885,30398737.9871331,151.52993745788498
TON,2024-10-29,5.01338543575502,5.14223687199875,4.98833551643685,5.01687771811379,190245948.669392,37695044.8641376,190.245948669392
TON,2024-10-30,5.01687771811379,5.06709031163144,4.95900354695264,4.9899012562179,189447558.367862,37786026.3797402,189.44755836786197
TON,2024-10-31,4.9899012562179,5.00504933504632,4.75751075912103,4.84063692760819,149968764.245871,30731270.02681,149.968764245871
TON,2024-11-01,4.84063692760819,4.9481910188953,4.78834766583015,4.89267002665424,159869475.35013,32737450.1701034,159.86947535013
TON,2024-11-02,4.89267002665424,4.96533481732869,4.8463049379762,4.87205817218472,110185669.141279,22469438.5212452,110.18566914127899
TON,2024-11-03,4.87205817218472,4.88398987687394,4.66567514268967,4.81847848650979,183264547.57839,38328562.3521004,183.26454757839
TON,2024-11-04,4.81847848650979,4.90940104194235,4.67242542089654,4.69721013929125,163135434.289837,33929257.8132341,163.135434289837
TON,2024-11-05,4.69721013929125,4.73325281101314,4.54521099129387,4.66842419704434,195577511.849545,42137606.2180187,195.577511849545
TON,2024-11-06,4.66842419704434,4.84161932730339,4.65409570963005,4.79611517667263,316135698.836668,66597950.9120896,316.13569883666804
TON,2024-11-07,4.79611517667263,5.01382897118605,4.76653948713207,4.91149122436102,274709595.651005,56178095.3906189,274.70959565100503
TON,2024-11-08,4.91149122436102,4.9825468428114,4.83328170155931,4.92812821655752,194176311.338485,39562728.9418356,194.176311338485
TON,2024-11-09,4.92812821655752,5.29759386348606,4.91757338088568,5.24448522353815,306476430.89606,59405170.1867764,306.47643089606
TON,2024-11-10,5.24448522353815,5.57321295096853,5.03410739643149,5.27558581423373,432794047.036951,80484444.1058189,432.794047036951
TON,2024-11-11,5.27558581423373,5.51958104134933,5.1950891145909,5.5022372990776,368187150.094354,68702929.5875376,368.18715009435397
TON,2024-11-12,5.5022372990776,5.7101863874771,5.13871365290223,5.47277857031916,506252725.76696,93727698.4729776,506.25272576696
TON,2024-11-13,5.47277857031916,5.56606362150944,5.15273605368857,5.27150585517499,375564139.666116,70590850.5524733,375.564139666116
TON,2024-11-14,5.27150585517499,5.47935212195844,5.19014607679438,5.23614503476066,344738349.412477,64421318.5317574,344.738349412477
TON,2024-11-15,5.23614503476066,5.4177486804017,5.16997880151826,5.3836113263414,258725565.068742,48660535.7539817,258.725565068742
TON,2024-11-16,5.3836113263414,5.83098787319217,5.36262262858218,5.64941236012341,313930276.776156,56242746.774853,313.930276776156
TON,2024-11-17,5.64941236012341,5.72435690210741,5.30980028733126,5.38443228176284,249044026.507118,45282824.3989956,249.044026507118
TON,2024-11-18,5.38443228176284,5.61754180100332,5.36396623924218,5.57959937958773,212719851.061862,38661806.7497436,212.719851061862
TON,2024-11-19,5.57959937958773,5.67889471014289,5.38023746953561,5.45361474218194,207580661.305863,37371218.215673,207.580661305863
TON,2024-11-20,5.45361474218194,5.46833201499606,5.22397585670159,5.29864460315013,222014974.037537,41460776.6988283,222.014974037537
TON,2024-11-21,5.29864460315013,5.58710881047464,5.24889737827603,5.51096855107589,300747969.179179,55141722.1474846,300.747969179179
TON,2024-11-22,5.51096855107589,5.59461037821267,5.39014617723435,5.45614974918288,266441903.995675,48505797.3486239,266.441903995675
TON,2024-11-23,5.45614974918288,6.60346693750574,5.4498076972933,6.31532265972685,716296744.949882,117564047.450063,716.296744949882
TON,2024-11-24,6.31532265972685,6.58944963642655,5.80797731413384,6.15350354837622,453425412.570117,73267081.6567519,453.425412570117
TON,2024-11-25,6.15350354837622,6.29802158193623,5.94693275426638,6.08526945052149,383457163.968424,62550060.2626779,383.457163968424
TON,2024-11-26,6.08526945052149,6.3010411382817,5.68676542624374,6.13290371503311,390507407.71161,65076889.7622966,390.50740771161
TON,2024-11-27,6.13290371503311,6.46788024917079,6.11076267546908,6.37811308749185,342883682.512297,54431139.01752,342.88368251229696
TON,2024-11-28,6.37811308749185,6.59735698045799,6.2407423192845,6.43595506177588,321638815.238413,50124551.7743732,321.638815238413
TON,2024-11-29,6.43595506177588,6.54165332725352,6.32434404688177,6.45118275002604,206390439.870151,32093422.7501263,206.390439870151
TON,2024-11-30,6.45118275002604,6.98577440219184,6.42860905193397,6.82634243766658,295662953.424423,43936652.7087863,295.662953424423
TON,2024-12-01,6.82634243766658,6.97490700658053,6.66580773327402,6.83915819972272,242330528.297651,35557643.7933836,242.330528297651
TON,2024-12-02,6.83915819972272,6.89255389073776,6.36664943329167,6.57012788787243,368879590.947967,56081876.8610573,368.879590947967
TON,2024-12-03,6.57012788787243,6.81528499375375,6.34419915912662,6.76732081904917,380004960.30987,57350233.8884673,380.00496030987
TON,2024-12-04,6.76732081904917,7.18637861982281,6.76732081904917,6.90565446026948,467713680.654087,66712766.2286488,467.713680654087
TON,2024-12-05,6.90565446026948,7.03145751690559,6.6122856951832,6.80074964188463,432348021.189663,62993626.4965891,432.348021189663
TON,2024-12-06,6.80074964188463,6.94576987208134,6.63033042873588,6.80772110558393,369743462.768984,54363325.6869038,369.74346276898405
TON,2024-12-07,6.80772110558393,6.93089321752469,6.76325762200652,6.80633481132882,206362228.111232,30094840.0097953,206.362228111232
TON,2024-12-08,6.80633481132882,6.85122197071743,6.6519328722541,6.78285179933868,195404614.413988,28940897.4060618,195.40461441398799
TON,2024-12-09,6.78285179933868,6.81577067534784,5.32552154797755,5.7858442236041,468683489.796216,75659932.8975993,468.683489796216
TON,2024-12-10,5.7858442236041,5.96998788448651,5.50689191118274,5.94270217731753,407502033.664542,70702068.6090074,407.502033664542
TON,2024-12-11,5.94270217731753,6.35827238941846,5.77132387580945,6.34564458788876,252683958.224821,41309687.8124542,252.683958224821
TON,2024-12-12,6.34564458788876,6.51860605774634,6.26257436573961,6.33788274633924,243207416.368778,37985857.1209767,243.20741636877798
TON,2024-12-13,6.33788274633924,6.45300614161594,6.2206871628183,6.33287830499627,197401505.009694,31149678.8318961,197.401505009694
TON,2024-12-14,6.33287830499627,6.39648958794846,6.07359779217566,6.24659729556722,171113734.281651,27480615.6581689,171.11373428165098
TON,2024-12-15,6.24659729556722,6.42717987374957,6.10443693975901,6.38728404014001,160129525.751229,25450327.4736689,160.12952575122898
TON,2024-12-16,6.38728404014001,6.45714375352351,5.98031310859493,6.06071912658325,312093543.350091,50680697.2000179,312.09354335009095
TON,2024-12-17,6.06071912658325,6.14289222917515,5.77104701021793,5.81844309509245,247396110.091758,41304156.2555285,247.396110091758
TON,2024-12-18,5.81844309509245,5.86396554998709,5.34439161271008,5.43774932820152,342767905.822912,60848199.7058378,342.767905822912
TON,2024-12-19,5.43774932820152,5.49115465896986,5.09598537642678,5.19865704124084,398696622.114265,75085027.6474892,398.69662211426504
TON,2024-12-20,5.19865704124084,5.47088597228699,4.78596706709523,5.45082505879891,409744365.403876,79921608.9265549,409.74436540387603
TON,2024-12-21,5.45082505879891,5.66508495306743,5.21118287455083,5.30521017489521,208231707.030201,38404623.0712993,208.231707030201
TON,2024-12-22,5.30521017489521,5.49738380904219,5.19634424249765,5.37900644161731,164607800.714064,30702920.9233124,164.607800714064
TON,2024-12-23,5.37900644161731,5.63067522721372,5.29300141697394,5.59122938188892,181935810.047444,33329875.2907848,181.935810047444
TON,2024-12-24,5.59122938188892,5.8335047810339,5.50636130834421,5.79335948142507,155382542.984321,27348961.0811543,155.382542984321
TON,2024-12-25,5.79335948142507,6.09605943704394,5.79323535630852,5.94513494215926,184142328.499436,31013143.6991854,184.142328499436
TON,2024-12-26,5.94513494215926,5.9999424381205,5.65700199038598,5.72747743000097,161083276.17877,27849860.5142847,161.08327617877
TON,2024-12-27,5.72747743000097,5.86487515389204,5.65206418853311,5.72633811191479,167061634.543702,28959921.7752657,167.061634543702
TON,2024-12-28,5.72633811191479,5.87150566371555,5.62066301411385,5.80276772371171,119871095.575652,20841935.9458731,119.871095575652
TON,2024-12-29,5.80276772371171,5.83804626958176,5.57678734769612,5.62809713712511,109719355.925799,19152176.885476,109.719355925799
TON,2024-12-30,5.62809713712511,5.70412720574804,5.46629795509962,5.571641506113,140464545.006765,25179917.6464793,140.464545006765
TON,2024-12-31,5.571641506113,5.63797648859896,5.46298451048921,5.49816824466707,120623363.651909,21779018.2231597,120.62336365190899
TON,2025-01-01,5.49816824466707,5.54527742531465,5.39158797072221,5.50683358052903,101467425.155336,18545378.6679404,101.46742515533599
TON,2025-01-02,5.50683358052903,5.69904590336873,5.49630614062171,5.64217012594159,121628222.367345,21617937.400445,121.628222367345
TON,2025-01-03,5.64217012594159,5.82106937122286,5.59273742393788,5.7966965325068,127714930.685549,22331107.464948,127.714930685549
TON,2025-01-04,5.7966965325068,5.81765850775052,5.68781662071119,5.72531170985042,104755207.4996,18178744.7991502,104.75520749959999
TON,2025-01-05,5.72531170985042,5.74463402292186,5.63320647472479,5.72208713305098,86079542.8396318,15143335.1487471,86.0795428396318
TON,2025-01-06,5.72208713305098,5.80161658845634,5.65289939745584,5.71061730663445,128596571.108437,22483452.8175551,128.596571108437
TON,2025-01-07,5.71061730663445,5.76453668762756,5.30472471140889,5.31711279171284,176184476.69056,31760185.6997227,176.18447669056002
TON,2025-01-08,5.31711279171284,5.36071452549103,5.1160933017097,5.30875670036835,193247913.471551,36778176.0641738,193.247913471551
TON,2025-01-09,5.30875670036835,5.34671774020232,5.11804649571443,5.20612873719904,155694243.185665,29800448.9961273,155.69424318566502
TON,2025-01-10,5.20612873719904,5.38927546113637,5.15062535571007,5.38179422679763,134816569.793177,25656172.7734523,134.816569793177
TON,2025-01-11,5.38179422679763,5.47412322494093,5.33116696015437,5.39945386154152,90922091.544021,16835649.6562004,90.922091544021
TON,2025-01-12,5.39945386154152,5.43271324335698,5.27887808001086,5.30524790383737,90485519.2912298,16881382.047461,90.48551929122979
TON,2025-01-13,5.30524790383737,5.36620682317962,5.02033550020024,5.29288526403257,205888609.57598,39806516.3285301,205.88860957598
TON,2025-01-14,5.29288526403257,5.43182079863348,5.21502241720906,5.36055195618613,137727926.967705,25848270.2495861,137.727926967705
TON,2025-01-15,5.36055195618613,5.51763775562615,5.30393547994794,5.51120909754467,146448457.581328,27088055.5962082,146.448457581328
TON,2025-01-16,5.51120909754467,5.57579395263517,5.41539742709228,5.47085313964439,151720426.620661,27542742.1191071,151.720426620661
TON,2025-01-17,5.47085313964439,5.62910862412609,5.46978949895666,5.58372679371183,141301420.687288,25420425.9905357,141.301420687288
TON,2025-01-18,5.58372679371183,5.65113427226606,5.17045030023705,5.28523502966975,177066942.23248,33153728.3828308,177.06694223248
TON,2025-01-19,5.28523502966975,5.3542584269311,4.801259311256,4.85832597395549,288983281.698068,57166991.0751469,288.983281698068
TON,2025-01-20,4.85832597395549,5.23643591988241,4.73334534383428,5.02215343672527,356533890.17364,71314568.6624818,356.53389017364003
TON,2025-01-21,5.02215343672527,5.23573341256093,4.91850334373311,5.20551197714332,223494670.226718,43923547.5124203,223.494670226718
TON,2025-01-22,5.20551197714332,5.36076046717707,5.16299403178649,5.2931691791929,153157217.868116,29103904.9846128,153.157217868116
TON,2025-01-23,5.2931691791929,5.317278977972,5.04402844858333,5.12649941613944,181654155.672996,35294950.3055292,181.654155672996
TON,2025-01-24,5.12649941613944,5.18181475619607,5.02286185731304,5.06909352875066,126670964.356066,24749468.4591677,126.67096435606601
TON,2025-01-25,5.06909352875066,5.10900586945174,5.01621869108468,5.07957941790329,76786636.7684404,15162917.4510664,76.7866367684404
TON,2025-01-26,5.07957941790329,5.11262859622424,4.92746296283027,4.92904485519638,70092591.9396529,13902551.939221,70.0925919396529
TON,2025-01-27,4.92904485519638,5.0178418938587,4.69565233473035,5.00942305655438,205546942.990711,42204442.1479477,205.54694299071102
TON,2025-01-28,5.00942305655438,5.0326850295104,4.77023735090921,4.79680280812655,91480110.3787583,18608477.1407348,91.4801103787583
TON,2025-01-29,4.79680280812655,4.897253803586,4.7616631413777,4.82305630302673,99311775.4846025,20513730.3810485,99.31177548460249
TON,2025-01-30,4.82305630302673,4.93699149492766,4.78547219617284,4.8223387872678,127705783.008131,26381681.8076143,127.705783008131
TON,2025-01-31,4.8223387872678,4.94614599391677,4.78437886655528,4.82579112339218,119907365.015298,24630538.319574,119.907365015298
TON,2025-02-01,4.82579112339218,4.91158985096661,4.55998220011436,4.60439912687057,112334573.004555,23533699.2020002,112.334573004555
TON,2025-02-02,4.60439912687057,4.68186879381537,3.92529488073259,4.06913817764471,292416177.018373,66904359.1848596,292.416177018373
TON,2025-02-03,4.06913817764471,4.13934345503914,3.10114608531109,4.08080163916351,481678822.784295,126593221.887224,481.67882278429505
TON,2025-02-04,4.08080163916351,4.11769532348386,3.65677790477239,3.78844756445227,216284082.942094,56212079.3013863,216.284082942094
TON,2025-02-05,3.78844756445227,3.90124214328936,3.75668328822183,3.78332386408158,104236027.116421,27271741.9764053,104.236027116421
TON,2025-02-06,3.78332386408158,3.91502125933583,3.69848066814262,3.74234299250762,114415338.209382,30038516.0741375,114.415338209382
TON,2025-02-07,3.74234299250762,3.86386556332437,3.63085006618378,3.7174785665534,123486031.075568,32778747.2605733,123.48603107556801
TON,2025-02-08,3.7174785665534,3.80880190982808,3.66742541347576,3.73973829203456,76433988.2468258,20491669.0112123,76.4339882468258
TON,2025-02-09,3.73973829203456,3.93964263453515,3.70806020039218,3.81390079127696,106748906.612884,28062282.4618645,106.748906612884
TON,2025-02-10,3.81390079127696,3.85424222145135,3.7441751677782,3.81913745563793,83060647.9685432,21794186.2684386,83.06064796854321
TON,2025-02-11,3.81913745563793,3.90256596950651,3.69506661382391,3.74701109762696,96385690.7094867,25338748.2662573,96.3856907094867
TON,2025-02-12,3.74701109762696,3.83160712464172,3.61869567891808,3.83160712464172,115365824.205112,31084234.5204921,115.36582420511199
TON,2025-02-13,3.83160712464172,3.87933296677772,3.65446626370736,3.71384877631577,121850633.259367,32674943.5655949,121.850633259367
TON,2025-02-14,3.71384877631577,3.89166197886309,3.7023050635937,3.84684344768931,97148012.8801909,25487832.2138946,97.14801288019089
TON,2025-02-15,3.84684344768931,3.87533303261769,3.73373851543933,3.79567346196019,68013122.7215748,17895153.0388261,68.0131227215748
TON,2025-02-16,3.79567346196019,3.84404278515973,3.74598100571334,3.78057185640162,78436896.8600959,20684190.630942,78.4368968600959
TON,2025-02-17,3.78057185640162,3.85500551612702,3.72922171501949,3.76378719383978,93190922.8923646,24538608.0494009,93.19092289236461
TON,2025-02-18,3.76378719383978,3.76459809304063,3.56456987934215,3.67287048676027,97171735.4397293,26576938.9381618,97.1717354397293
TON,2025-02-19,3.67287048676027,3.69168588180082,3.50858143278007,3.55109867311697,127698757.108758,35586406.3659955,127.698757108758
TON,2025-02-20,3.55109867311697,3.64082242837943,3.53332338037947,3.60496663762751,100231504.954751,27899767.0799631,100.231504954751
TON,2025-02-21,3.60496663762751,3.71388711561266,3.51831301313984,3.5614721469277,134267064.124476,37115907.8170636,134.26706412447598
TON,2025-02-22,3.5614721469277,3.75100336713332,3.54236071569037,3.7414309661285,76038082.4974019,20829302.1885978,76.03808249740189
TON,2025-02-23,3.7414309661285,3.81325107979698,3.73457818388121,3.76644624879601,60168583.7238151,15966158.3143498,60.1685837238151
TON,2025-02-24,3.76644624879601,3.79491153946705,3.38983524922388,3.4150344990763,128051112.426705,35531669.5665498,128.051112426705
TON,2025-02-25,3.4150344990763,3.59216560937299,3.34026392230859,3.54785404207774,180620673.753094,52582551.0235776,180.620673753094
TON,2025-02-26,3.54785404207774,3.62168204915357,3.39665467310136,3.49823508680707,140785916.848649,39961569.5756588,140.785916848649
TON,2025-02-27,3.49823508680707,3.51286958742112,3.33220692540361,3.42021106372715,97459785.1736066,28348555.0637389,97.4597851736066
TON,2025-02-28,3.42021106372715,3.44797710549737,3.12156154935285,3.32892400671449,180763357.161598,55485300.9222567,180.763357161598
TON,2025-03-01,3.32892400671449,3.35071239688883,3.21889351643564,3.3249602517256,80527692.3610314,24455322.6088667,80.5276923610314
TON,2025-03-02,3.3249602517256,3.56288957140094,3.28823655625335,3.50973744903327,124461861.657287,36358686.7546029,124.461861657287
TON,2025-03-03,3.50973744903327,3.51419382775833,3.04064061779807,3.06398107363342,156417819.571864,47981299.5254609,156.41781957186402
TON,2025-03-04,3.06398107363342,3.16236737645561,2.83262526110841,3.12169236147812,179373111.451893,59366094.7493492,179.373111451893
TON,2025-03-05,3.12169236147812,3.16060516845863,2.90900350611456,3.03442146495337,143945552.793627,47531392.9534499,143.945552793627
TON,2025-03-06,3.03442146495337,3.11078923415538,3.00549995172395,3.03874337955669,117553593.858794,38504677.767418,117.553593858794
TON,2025-03-07,3.03874337955669,3.09981282994176,2.88839508706821,2.98993059588719,143186919.49916,47411591.7150131,143.18691949915998
TON,2025-03-08,2.98993059588719,3.00452222574433,2.94442721967568,2.95751640952162,60190397.3618983,20246780.1253645,60.190397361898306
TON,2025-03-09,2.95751640952162,2.9687429017924,2.61106373368516,2.64999693043045,119192916.261061,43091403.6309234,119.192916261061
TON,2025-03-10,2.64999693043045,2.80545169335687,2.46714934434313,2.52118913146766,170203312.245997,64280768.6183356,170.203312245997
TON,2025-03-11,2.52118913146766,2.73685003950798,2.36817368218333,2.64035365686133,171307215.795769,66143278.3612527,171.307215795769
TON,2025-03-12,2.64035365686133,2.78423050060435,2.59202858393994,2.74790005658272,112511855.394128,41858922.7405991,112.51185539412799
TON,2025-03-13,2.74790005658272,2.79080885833241,2.6829571334721,2.76617237947782,87313142.6499936,31833144.8093135,87.3131426499936
TON,2025-03-14,2.76617237947782,2.94994833224728,2.76249856149542,2.92404203531526,99721040.5940282,35090881.2278252,99.72104059402821
TON,2025-03-15,2.92404203531526,3.62851663418258,2.9077481170183,3.58724550304931,483221254.630351,144788792.35358,483.221254630351
TON,2025-03-16,3.58724550304931,3.59117075104195,3.33423871502675,3.44170798928965,240954275.280535,70012880.8744261,240.954275280535
TON,2025-03-17,3.44170798928965,3.65443661920118,3.39070546356991,3.45364730621477,189868983.407013,54479172.3214402,189.868983407013
TON,2025-03-18,3.45364730621477,3.6687238765908,3.4087266629036,3.56587305461915,208890151.549096,58753447.1505348,208.89015154909598
TON,2025-03-19,3.56587305461915,3.7786185352662,3.53056225629295,3.65723618415709,215487153.446708,59015222.913477,215.487153446708
TON,2025-03-20,3.65723618415709,3.85936536470848,3.58407451352763,3.70170207768446,207145825.738233,55763640.1888606,207.145825738233
TON,2025-03-21,3.70170207768446,3.79242553208549,3.51217770697771,3.5857256059895,145542808.50902,40082233.3119286,145.54280850902
TON,2025-03-22,3.5857256059895,3.69570241930617,3.57771945118956,3.66909738382226,70094724.4942721,19323552.445426,70.0947244942721
TON,2025-03-23,3.66909738382226,3.72384721116911,3.6311784221116,3.68303019632281,74035224.2087279,20144531.9211969,74.0352242087279
TON,2025-03-24,3.68303019632281,3.76033675847711,3.63465190857933,3.66416146899322,109501957.240354,29644447.9865126,109.501957240354
TON,2025-03-25,3.66416146899322,3.69412641656743,3.56212161941257,3.59754950139854,89355609.4970114,24621471.8157027,89.3556094970114
TON,2025-03-26,3.59754950139854,3.70698039489815,3.53262113980408,3.68089590766955,98303751.0693114,27162253.5686501,98.30375106931139
TON,2025-03-27,3.68089590766955,4.08287680046183,3.68089590766955,4.04658795843302,245795417.926276,63412599.7236665,245.795417926276
TON,2025-03-28,4.04658795843302,4.06958658916515,3.79369436536125,3.79782626058528,314469975.443594,79298572.0819131,314.46997544359397
TON,2025-03-29,3.79782626058528,3.84940139353871,3.65455364030248,3.70030034434564,116690995.991305,31338729.3376892,116.69099599130499
TON,2025-03-30,3.70030034434564,3.98616412298411,3.64375674772196,3.89644304536601,201208434.720254,52381478.8384888,201.208434720254
TON,2025-03-31,3.89644304536601,4.15712506239693,3.83849131193298,4.10955678223684,265164567.248058,66420477.1655108,265.164567248058
TON,2025-04-01,4.10955678223684,4.20327410059608,3.99442691991601,4.05910588671575,204809667.129813,50064439.6274906,204.809667129813
TON,2025-04-02,4.05910588671575,4.09153183966808,3.8084958051473,3.83605936445964,172052417.216084,43100263.9706252,172.052417216084
TON,2025-04-03,3.83605936445964,3.88293019147045,3.54596811980122,3.59112658251828,165707917.992327,45162167.59977,165.707917992327
TON,2025-04-04,3.59112658251828,3.59649787312418,3.33743958996322,3.41338576387686,164522333.636966,47853239.9348813,164.52233363696598
TON,2025-04-05,3.41338576387686,3.41637111787532,3.21539336125728,3.25749219445843,84586190.1789317,25697258.3613779,84.5861901789317
TON,2025-04-06,3.25749219445843,3.3329597769719,2.85692354876699,2.91636493683805,142985378.642137,45728636.8047233,142.985378642137
TON,2025-04-07,2.91636493683805,3.1576079257063,2.84429381396642,3.10079034653007,315349612.469081,105293123.374425,315.34961246908097
TON,2025-04-08,3.10079034653007,3.17869592311573,2.91038597251498,2.98387104788165,95204920.8111354,31015864.8010053,95.2049208111354
TON,2025-04-09,2.98387104788165,3.24093866281042,2.897641180571,3.15651577521481,186342201.970345,60511568.3117476,186.342201970345
TON,2025-04-10,3.15651577521481,3.15898789356469,2.86076474690581,2.91374708220627,134450284.7942,44956721.8247515,134.4502847942
TON,2025-04-11,2.91374708220627,2.99122512222602,2.89299788171404,2.92483572648692,116755828.189111,39746869.8941701,116.755828189111
TON,2025-04-12,2.92483572648692,3.07947099898563,2.7831506754759,2.98303879824939,147416757.533882,50280521.9563625,147.416757533882
TON,2025-04-13,2.98303879824939,2.99939179885373,2.80411307097015,2.81553591202687,129725678.697239,44844938.2223452,129.725678697239
TON,2025-04-14,2.81553591202687,2.89267701117893,2.78479967026651,2.88877598309262,124879568.302636,43976320.4968378,124.879568302636
TON,2025-04-15,2.88877598309262,3.0113909634615,2.82200676063463,2.85692253479711,144308476.187513,49003539.1086118,144.30847618751298
TON,2025-04-16,2.85692253479711,2.92607787849825,2.80971200667244,2.89116750516088,109364538.841955,38053824.2615311,109.36453884195501
TON,2025-04-17,2.89116750516088,2.99429860381347,2.88566769146287,2.9420343703561,91867294.8924193,31144703.1906796,91.8672948924193
TON,2025-04-18,2.9420343703561,3.02015208541883,2.92448970172504,2.99685836693392,65238537.5190994,21834162.4984666,65.2385375190994
TON,2025-04-19,2.99685836693392,3.01388178647046,2.94046113892158,2.9688814722825,48974890.2546166,16445949.2907691,48.974890254616604
TON,2025-04-20,2.9688814722825,3.01405069276205,2.95655896082615,2.99716367332783,48397972.718939,16214521.7924885,48.397972718939
TON,2025-04-21,2.99716367332783,3.05064685648514,2.87952439303498,2.89578186644996,104093696.831683,34930601.4948932,104.09369683168299
TON,2025-04-22,2.89578186644996,3.09096176863276,2.87002770975727,3.08506108058737,110798661.140156,37341401.6274252,110.798661140156
TON,2025-04-23,3.08506108058737,3.21690462377213,3.04974924797665,3.18155623695438,157444428.859348,50266008.2600163,157.444428859348
TON,2025-04-24,3.18155623695438,3.19928462974372,3.06905900790317,3.19224598713798,101663615.352328,32337316.4280856,101.66361535232801
TON,2025-04-25,3.19224598713798,3.27763903526285,3.15689741463008,3.20241764104312,117321068.984736,36417854.0252153,117.321068984736
TON,2025-04-26,3.20241764104312,3.3499814112629,3.19820431220345,3.34394727097023,97254798.8790872,29743276.273009,97.25479887908719
TON,2025-04-27,3.34394727097023,3.39060389508918,3.21595269953081,3.27290140463525,108522334.953414,32902483.9994127,108.52233495341399
TON,2025-04-28,3.27290140463525,3.34996354856845,3.19650380557661,3.2790233859349,102263725.14281,31222627.1599048,102.26372514281
TON,2025-04-29,3.2790233859349,3.29938593177593,3.15504375759621,3.18868276558232,76083700.3837116,23431340.0001524,76.0837003837116
TON,2025-04-30,3.18868276558232,3.25733955994302,3.12580582022847,3.16226368845778,92597385.1138193,28984761.7012444,92.5973851138193
TON,2025-05-01,3.16226368845778,3.24206667263524,3.12807798711288,3.21100911552064,104001659.415633,32611981.9545158,104.00165941563299
TON,2025-05-02,3.21100911552064,3.25933215522541,3.11940003121893,3.17082226599284,77934845.0531511,24467279.2651242,77.93484505315111
TON,2025-05-03,3.17082226599284,3.20752280861673,3.08039968633716,3.08715411911023,71466174.2255489,22683613.1246753,71.4661742255489
TON,2025-05-04,3.08715411911023,3.12049929809791,3.01744559246076,3.02176253781255,60641481.4317485,19721512.2813431,60.6414814317485
TON,2025-05-05,3.02176253781255,3.05018767310164,2.94709420790189,2.96702147587774,82100549.9953265,27381059.306114,82.1005499953265
TON,2025-05-06,2.96702147587774,3.03798022055752,2.94147098366308,3.01355211860876,82245069.9584992,27437358.4036155,82.24506995849919
TON,2025-05-07,3.01355211860876,3.04281652867252,2.98006005634036,3.01448313671249,65251375.4692467,21685504.3472063,65.2513754692467
TON,2025-05-08,3.01448313671249,3.25574975706066,3.00227231044253,3.21278764713634,170927141.573825,54287843.3957136,170.927141573825
TON,2025-05-09,3.21278764713634,3.3749872151459,3.17502271380534,3.2830938954991,197970986.237431,60700493.2670069,197.970986237431
TON,2025-05-10,3.2830938954991,3.52000377732719,3.26961363897974,3.51385198113315,167496640.803849,49701659.1545609,167.496640803849
TON,2025-05-11,3.51385198113315,3.58541923066799,3.32645126593375,3.4108495734789,158518575.498985,46284695.9256702,158.518575498985
TON,2025-05-12,3.4108495734789,3.58295307322309,3.26357687957914,3.35342233577447,214290607.814258,62269022.379144,214.290607814258
TON,2025-05-13,3.35342233577447,3.43252328978929,3.20039228883017,3.39611826683454,158476889.417373,47807990.7089172,158.476889417373
TON,2025-05-14,3.39611826683454,3.46257932463986,3.22493346539609,3.24615166083551,139186147.025938,41723900.76429,139.186147025938
TON,2025-05-15,3.24615166083551,3.28432694651724,3.02437525359722,3.06992341596716,167743294.894474,53768985.1002752,167.743294894474
TON,2025-05-16,3.06992341596716,3.1792387037921,3.06436149218044,3.10162427367396,110099006.424177,35232758.9364468,110.099006424177
TON,2025-05-17,3.10162427367396,3.11138983661209,3.00819915833371,3.07866188127387,100438146.092572,32836417.6394173,100.438146092572
TON,2025-05-18,3.07866188127387,3.20474757744894,3.03298126139888,3.13913403790088,109257635.902821,35075849.2042349,109.25763590282101
TON,2025-05-19,3.13913403790088,3.14171638805796,2.88652191491644,3.03044858850163,136929132.212764,45681944.8924115,136.929132212764
TON,2025-05-20,3.03044858850163,3.09347925845898,3.00985491768156,3.0834806107639,96859089.5701927,31755881.5475951,96.8590895701927
TON,2025-05-21,3.0834806107639,3.14010231399225,3.0226230747927,3.09209009608921,147883873.528715,48111935.7648366,147.88387352871501
TON,2025-05-22,3.09209009608921,3.19754894062732,3.08604022188303,3.17352098691268,153485395.201977,48731101.9503271,153.485395201977
TON,2025-05-23,3.17352098691268,3.21805866772578,2.96253737759131,2.97793356203509,192499092.715597,62229323.0530634,192.49909271559702
TON,2025-05-24,2.97793356203509,3.03848305975178,2.96414556253964,3.02886889831505,85519078.4264268,28380472.5126332,85.5190784264268
TON,2025-05-25,3.02886889831505,3.04065602650936,2.91523196873632,2.99492136354752,100944384.595891,33934411.8482005,100.944384595891
TON,2025-05-26,2.99492136354752,3.01570819353367,2.93825504125343,2.97079158538043,116564581.208211,39100790.9979402,116.56458120821101
TON,2025-05-27,2.97079158538043,3.02947705374218,2.92733274704452,3.00914807456577,132236563.39132,44139409.6118081,132.23656339132
TON,2025-05-28,3.00914807456577,3.69050788781016,2.97639063213848,3.32608168900329,840638485.901463,249539119.93282,840.638485901463
TON,2025-05-29,3.32608168900329,3.47338149231728,3.24402658072918,3.38943621236286,457467092.538577,136122911.125946,457.467092538577
TON,2025-05-30,3.38943621236286,3.40545921047518,3.07979678816759,3.09056906999149,297184024.724484,90566726.3276001,297.184024724484
TON,2025-05-31,3.09056906999149,3.16583112467025,2.99871534063002,3.1498570539914,162635130.901944,52910521.5597719,162.63513090194402
TON,2025-06-01,3.1498570539914,3.21877798416992,3.09641591539506,3.19023506888442,100509467.848828,31964573.4456081,100.50946784882801
TON,2025-06-02,3.19023506888442,3.25123551833404,3.10206572433567,3.21755117285795,140897051.962233,44312764.2689768,140.897051962233
TON,2025-06-03,3.21755117285795,3.24005420455726,3.16666775941566,3.18470203447428,157416506.012222,49119516.9978083,157.416506012222
TON,2025-06-04,3.18470203447428,3.22609573760754,3.14105785554793,3.16886948490814,130599689.05912,41045276.1888149,130.59968905912
TON,2025-06-05,3.16886948490814,3.25795799164695,2.99991611401185,3.03575870286971,256480450.03303,81051214.0397601,256.48045003303
TON,2025-06-06,3.03575870286971,3.20694952157728,3.02470867634017,3.15354220296249,180912585.450324,57880202.2075543,180.912585450324
TON,2025-06-07,3.15354220296249,3.20600390843204,3.14422968085203,3.18243505588644,117105621.112862,36782648.7348455,117.10562111286201
TON,2025-06-08,3.18243505588644,3.20091632898827,3.12216641098698,3.17236684677384,136214077.615333,42981766.526137,136.214077615333
TON,2025-06-09,3.17236684677384,3.32749830100304,3.15277910321391,3.30737333747463,229731303.265521,70981595.9499305,229.73130326552098
TON,2025-06-10,3.30737333747463,3.39348842824338,3.27470247260789,3.34787732778289,235619653.366336,70990518.210236,235.619653366336
TON,2025-06-11,3.34787732778289,3.34810602016936,3.20558660023126,3.23789697940252,228520570.253608,69923645.2916199,228.52057025360799
TON,2025-06-12,3.23789697940252,3.2441535101597,3.07279042585218,3.09058390861324,160110780.058948,50356387.7028875,160.11078005894802
TON,2025-06-13,3.09058390861324,3.09058390861324,2.93391489594007,3.02556061511904,217781991.732333,73298057.8499338,217.781991732333
TON,2025-06-14,3.02556061511904,3.03637235735805,2.91307869616662,2.9573331535164,94765931.5271074,31906862.7642135,94.7659315271074
TON,2025-06-15,2.9573331535164,2.98616655998337,2.94561153537558,2.97779399368884,70203282.529428,23653170.5574208,70.20328252942801
TON,2025-06-16,2.97779399368884,3.04761488815489,2.95905464075887,2.96747574730389,137881641.701325,45841371.7509768,137.881641701325
TON,2025-06-17,2.96747574730389,3.02359188215745,2.91922157050243,2.95997136495941,137996238.298868,46418440.8349906,137.996238298868
TON,2025-06-18,2.95997136495941,2.99185771090163,2.85058956154531,2.94874842990238,126592029.874541,43400640.3231129,126.592029874541
TON,2025-06-19,2.94874842990238,2.97676773265692,2.91300301014329,2.96906898745812,74204086.5546978,25232374.0592731,74.2040865546978
TON,2025-06-20,2.96906898745812,3.00853640490411,2.89230899930367,2.9379430911354,126147004.108715,42551327.9193263,126.147004108715
TON,2025-06-21,2.9379430911354,2.97013111090957,2.7852330300965,2.85761868722128,106216255.814441,36677743.0641324,106.216255814441
TON,2025-06-22,2.85761868722128,2.89519673646536,2.61406156955279,2.73611798032523,167175727.391178,60871270.2437593,167.17572739117801
TON,2025-06-23,2.73611798032523,2.92833575600094,2.71671015942192,2.91094287717988,138298432.392883,49177772.9983735,138.298432392883
TON,2025-06-24,2.91094287717988,2.93429148701324,2.87444109125923,2.90611016505801,107825543.969862,37123748.7628806,107.825543969862
TON,2025-06-25,2.90611016505801,2.9180376308466,2.81554075374526,2.8358635195224,86291523.6613872,30055875.732974,86.2915236613872
TON,2025-06-26,2.8358635195224,2.88761209474168,2.79334712503361,2.81524294408342,76009652.5180245,26842680.2809205,76.00965251802451
TON,2025-06-27,2.81524294408342,2.86657620284953,2.80667542832309,2.85185568602734,70459879.1284814,24806564.3010369,70.4598791284814
TON,2025-06-28,2.85185568602734,2.86147365343754,2.82225336475235,2.85370094780004,44006974.5629621,15475036.1751448,44.0069745629621
TON,2025-06-29,2.85370094780004,2.91909354891907,2.83921221447607,2.91351765207992,66387946.4005675,23111482.1570722,66.3879464005675
TON,2025-06-30,2.91351765207992,2.96648957481301,2.8709960410801,2.91351224827964,91887456.0011104,31511609.9613098,91.88745600111041
TON,2025-07-01,2.91351224827964,2.91543980366653,2.75279128337395,2.78929137499405,125780215.364471,44571222.7431932,125.780215364471
TON,2025-07-02,2.78929137499405,2.90671165990017,2.76500091186145,2.86653245099011,103217814.659985,36288046.7769475,103.21781465998501
TON,2025-07-03,2.86653245099011,2.92170848231768,2.84755580093719,2.85131906100779,120438340.336036,41760155.3931845,120.43834033603599
TON,2025-07-04,2.85131906100779,2.853960167692,2.73518759502644,2.74282096860386,119061434.614287,42605120.3344773,119.06143461428701
TON,2025-07-05,2.74282096860386,2.76578590703246,2.72081346172673,2.74704280976617,55202267.0398665,20114900.8380257,55.2022670398665
TON,2025-07-06,2.74704280976617,3.06312571362461,2.72369184809552,2.8376296040799,565820895.481633,193519388.215791,565.820895481633
TON,2025-07-07,2.8376296040799,2.85402628227523,2.73113774570748,2.73668226838997,202557303.277867,72461970.4816116,202.557303277867
TON,2025-07-08,2.73668226838997,2.80854445132966,2.72722311839426,2.80328290717903,121948129.003231,44112910.8959636,121.948129003231
TON,2025-07-09,2.80328290717903,2.85565745736689,2.78968243322214,2.83716966890172,118121664.381181,41844059.9844712,118.121664381181
TON,2025-07-10,2.83716966890172,2.94651571691309,2.82981850811835,2.94236183875399,168934916.748057,58493007.1497693,168.93491674805702
TON,2025-07-11,2.94236183875399,3.01397631009222,2.91385961628845,2.96099485734531,333405373.373023,112280471.624351,333.405373373023
TON,2025-07-12,2.96099485734531,3.01984108841307,2.90314252737724,2.99975997758065,187756578.058396,63054781.2289994,187.756578058396
TON,2025-07-13,2.99975997758065,3.04302216054983,2.95251360568086,2.96966592165826,147807054.420409,49272363.5504498,147.807054420409
TON,2025-07-14,2.96966592165826,3.05475811380159,2.95480824030709,3.02490646922881,239501417.09341,79263961.2849854,239.50141709341
TON,2025-07-15,3.02490646922881,3.09809869631529,2.95833291387186,3.09360743599108,177905105.47869,59202786.3889991,177.90510547869
TON,2025-07-16,3.09360743599108,3.18705869358308,3.05692999208397,3.15680855201537,207806232.821983,66422983.9373059,207.806232821983
TON,2025-07-17,3.15680855201537,3.26752566823987,3.10401019799041,3.19738859268187,245887536.439867,77178870.5362918,245.88753643986698
TON,2025-07-18,3.19738859268187,3.34905758601664,3.15581560598078,3.19009948437753,291634613.551001,89346112.5470469,291.634613551001
TON,2025-07-19,3.19009948437753,3.22565756264994,3.13845066825553,3.19709802556056,112680312.654738,35383242.7065989,112.68031265473799
TON,2025-07-20,3.19709802556056,3.31908357442433,3.17769950052903,3.27608093125252,169605212.418143,52032272.4306699,169.605212418143
TON,2025-07-21,3.27608093125252,3.36825392783424,3.22659334602728,3.32331035088325,202077796.593392,60831561.6165937,202.077796593392
TON,2025-07-22,3.32331035088325,3.58054141737177,3.20513845194725,3.34150450567812,557774569.911072,164219202.062945,557.774569911072
TON,2025-07-23,3.34150450567812,3.34672200114075,3.1112676293261,3.19897903867456,286297343.811115,88712460.0272881,286.297343811115
TON,2025-07-24,3.19897903867456,3.31570617064404,3.03156568026633,3.1209099094298,233590561.596159,73614850.4857665,233.590561596159
TON,2025-07-25,3.1209099094298,3.19579857697527,3.04951049230605,3.19070902077774,125779653.710745,40358269.5592774,125.77965371074501
TON,2025-07-26,3.19070902077774,3.37351648730912,3.18553852503613,3.29834257222663,156429114.283865,47314065.8468753,156.429114283865
TON,2025-07-27,3.29834257222663,3.38219464931739,3.28105381055775,3.37517380064597,122662114.829754,36765153.3908952,122.66211482975399
TON,2025-07-28,3.37517380064597,3.44540320499736,3.18624788486749,3.20717613403294,174005355.248987,52322595.4353923,174.005355248987
TON,2025-07-29,3.20717613403294,3.408160179197,3.18502610503811,3.37592224202547,218238324.733149,66246468.685731,218.238324733149
TON,2025-07-30,3.37592224202547,3.48996837763931,3.27390075526927,3.40504066636015,320813423.605953,94992355.9924051,320.813423605953
TON,2025-07-31,3.40504066636015,3.67788833409467,3.40421975606653,3.52774517940837,408507183.787092,115564262.913452,408.50718378709195
TON,2025-08-01,3.52774517940837,3.64967266715963,3.35485529156721,3.5627415151948,452496243.949931,128502778.160504,452.496243949931
TON,2025-08-02,3.5627415151948,3.71453164705608,3.49895994866263,3.54160539203949,293551391.900955,81558965.5994469,293.551391900955
TON,2025-08-03,3.54160539203949,3.74459374640548,3.46133176333652,3.56254800068827,220958870.789616,60938245.2543608,220.958870789616
TON,2025-08-04,3.56254800068827,3.61920589494752,3.52248014230254,3.57254663805125,78438135.9741004,22013941.9421947,78.43813597410039
