symbol,date,open,high,low,close,usd_volume,crypto_volume,usd_volume_mil
UNI,2020-09-17,2.13872875191005,4.39178832431035,0.831798993610121,3.48360295406241,201390801.54807,61244326.0545998,201.39080154807002
UNI,2020-09-18,3.48360295406241,8.48818093610334,3.26534933449862,6.93215907310925,809908329.011814,136545687.665483,809.908329011814
UNI,2020-09-19,6.93215907310925,7.46684965052227,5.29983834308432,5.71797257785969,417380453.29256,64584269.049551,417.38045329256
UNI,2020-09-20,5.71797257785969,6.06963880370464,4.68673788367701,5.22077349828038,247251467.087733,46766483.0299115,247.251467087733
UNI,2020-09-21,5.22077349828038,5.61408070145894,4.10834979197225,4.24994003398454,215753860.811145,45964025.2436133,215.75386081114502
UNI,2020-09-22,4.24994003398454,4.54774956847313,3.72845817734486,3.90781282058346,146652273.156127,36023182.3206943,146.652273156127
UNI,2020-09-23,3.90781282058346,5.32651745351119,3.90781282058346,4.34012220110753,253789888.247068,55546507.9931216,253.78988824706798
UNI,2020-09-24,4.34012220110753,5.26962348897311,4.28988031439045,5.15495114855115,198419805.021765,40485673.6722972,198.419805021765
UNI,2020-09-25,5.15495114855115,5.53450244963843,4.79594198042057,4.91530628727171,162402570.649367,31613188.4754225,162.402570649367
UNI,2020-09-26,4.91530628727171,4.97197982186313,4.70059296205451,4.868942397135,103251148.508751,21286579.8836416,103.251148508751
UNI,2020-09-27,4.868942397135,5.19537031936629,4.68830748032997,4.84544399591736,94427232.4051588,19235995.8112314,94.4272324051588
UNI,2020-09-28,4.84544399591736,4.94678817104802,4.20901548453052,4.24511423688903,100382298.947084,22039411.5850869,100.382298947084
UNI,2020-09-29,4.24511423688903,4.40154307413162,4.13901391007454,4.38199881823496,72233682.5283367,16993991.0727815,72.2336825283367
UNI,2020-09-30,4.38199881823496,4.38199881823496,3.96117088921172,4.15432393349342,57375640.2333702,13942513.3262695,57.3756402333702
UNI,2020-10-01,4.15432393349342,4.49869962700486,3.9495358113136,4.24282907173768,110173370.549137,26167144.1909219,110.17337054913699
UNI,2020-10-02,4.24282907173768,4.24282907173768,3.62672937888182,3.89099970619997,84584507.8531346,21726582.37453,84.5845078531346
UNI,2020-10-03,3.89099970619997,4.10037713955747,3.8363970916116,3.90715854009756,47641456.9071783,12092159.0601435,47.641456907178295
UNI,2020-10-04,3.90715854009756,3.93785417038793,3.63025793917899,3.72371917948108,60243666.0092411,16031715.2545553,60.243666009241096
UNI,2020-10-05,3.72371917948108,3.78824031832812,3.21621868650501,3.31516589364228,86521608.6541584,25200350.8333435,86.5216086541584
UNI,2020-10-06,3.31516589364228,3.32502658023662,2.63824719743267,2.71278369312536,115399341.774754,38517895.7040079,115.399341774754
UNI,2020-10-07,2.71278369312536,2.9981878708706,2.48819128100571,2.96476842277952,116423055.838713,42878175.5424642,116.42305583871301
UNI,2020-10-08,2.96476842277952,3.4542150891923,2.66502876935372,3.35942687979208,109021588.898585,35340224.9582607,109.02158889858501
UNI,2020-10-09,3.35942687979208,3.58202042629323,3.18441718157921,3.38602266831371,92833285.2995128,27435894.7713447,92.83328529951281
UNI,2020-10-10,3.38602266831371,3.64622296084399,3.28247645097184,3.29566929474949,65876574.5227732,19200566.1224412,65.8765745227732
UNI,2020-10-11,3.29566929474949,3.44556150064098,3.19350233731767,3.35899186649792,48245129.9007219,14486003.0746041,48.2451299007219
UNI,2020-10-12,3.35899186649792,3.59855023215723,3.29002648254722,3.45596740421461,57469431.3698458,16694110.7840485,57.4694313698458
UNI,2020-10-13,3.45596740421461,3.49312015028209,3.29651842794359,3.35651632540985,33274535.7362281,9780623.81777604,33.2745357362281
UNI,2020-10-14,3.35651632540985,3.42509612184374,2.98634401114512,3.11366390693852,62551116.6219769,19432902.6080558,62.551116621976895
UNI,2020-10-15,3.11366390693852,3.16324358759762,2.93056074582519,3.08458589031207,51460384.2901953,16800094.4751013,51.4603842901953
UNI,2020-10-16,3.08458589031207,3.34731586090985,2.90671772590414,3.0481603821286,73612486.8844193,23300080.2611723,73.61248688441931
UNI,2020-10-17,3.0481603821286,3.11564186445576,2.99039565711643,3.05962110294084,28802383.1703178,9439475.20132439,28.8023831703178
UNI,2020-10-18,3.05962110294084,3.28817438670366,3.05140547983848,3.26935206944852,31412451.2992596,9894365.09740489,31.4124512992596
UNI,2020-10-19,3.26935206944852,3.28315500799081,3.10600248569257,3.17157135550995,27472920.6372412,8587288.49034845,27.4729206372412
UNI,2020-10-20,3.17157135550995,3.18500831644914,2.78732466621513,2.8562299078298,42235267.9901712,14296662.8859294,42.2352679901712
UNI,2020-10-21,2.8562299078298,3.06509191141871,2.83573194838925,2.93347832122834,42350059.9181984,14242857.6412122,42.3500599181984
UNI,2020-10-22,2.93347832122834,3.14055784040591,2.90550925989515,3.04271024155321,30103209.1724823,9896806.29789929,30.103209172482302
UNI,2020-10-23,3.04271024155321,3.11610781096809,2.96735241325376,3.01400448604651,24405168.5922379,8042721.52155828,24.4051685922379
UNI,2020-10-24,3.01400448604651,3.06817830524573,2.93498283449148,2.94226618980112,22305501.3550038,7431590.56747982,22.305501355003802
UNI,2020-10-25,2.94226618980112,2.96382649655554,2.72982493120588,2.77612890992372,25013802.9627206,8713234.78552978,25.0138029627206
UNI,2020-10-26,2.77612890992372,2.86638002476248,2.54440045032467,2.71416746846502,32588688.5979519,12024921.7779933,32.5886885979519
UNI,2020-10-27,2.71416746846502,2.90000263376134,2.70828896524456,2.81615628136884,32789196.6247393,11607475.9745291,32.7891966247393
UNI,2020-10-28,2.81615628136884,2.84691820567393,2.60098831942319,2.66457679489379,25859860.8641239,9560630.74663351,25.8598608641239
UNI,2020-10-29,2.66457679489379,2.72834661687222,2.49270995430599,2.53387215976783,20812781.6679763,8001336.56344288,20.812781667976303
UNI,2020-10-30,2.53387215976783,2.55698974141276,2.26091981394878,2.40941385104802,43762333.8211702,18551130.3529538,43.7623338211702
UNI,2020-10-31,2.40941385104802,2.40941385104802,2.25072345025579,2.26407121660532,19314839.3472769,8237429.53261045,19.3148393472769
UNI,2020-11-01,2.26407121660532,2.43797589579294,2.22437274029354,2.37509391288804,23241903.3492187,10007425.8041135,23.2419033492187
UNI,2020-11-02,2.37509391288804,2.45001862744598,2.24012902813791,2.25313165115523,20797358.2867346,8938695.53446954,20.7973582867346
UNI,2020-11-03,2.25313165115523,2.2778333071443,2.06541331833955,2.15627749414172,26412878.7642962,12338716.9544343,26.4128787642962
UNI,2020-11-04,2.15627749414172,2.17723485038748,1.89814795788119,1.97391774354528,29249707.9093277,14462453.9964946,29.2497079093277
UNI,2020-11-05,1.97391774354528,2.41260424345593,1.787499329668,2.19418446559524,80554537.7588826,38041127.8962347,80.5545377588826
UNI,2020-11-06,2.19418446559524,2.67554060214654,2.17783234754713,2.58668518863017,94702483.4478776,38166467.2104841,94.7024834478776
UNI,2020-11-07,2.58668518863017,3.01117367653803,2.4603580690572,2.48885572407775,128982409.103601,47061462.9890187,128.982409103601
UNI,2020-11-08,2.48885572407775,2.91082424824049,2.44837205100054,2.8665551260165,47331666.0288351,17532039.9716914,47.3316660288351
UNI,2020-11-09,2.8665551260165,2.87666763168222,2.5832824804996,2.67547338663855,43666987.4386264,16168373.0124818,43.6669874386264
UNI,2020-11-10,2.67547338663855,3.16337337886004,2.63323197674851,3.07452269559939,65649024.026187,22481908.6982031,65.649024026187
UNI,2020-11-11,3.07452269559939,3.20834628157932,2.90621345410357,2.93028387485056,56319161.820325,18317051.3722378,56.319161820325
UNI,2020-11-12,2.93028387485056,3.12881847179338,2.84985380982173,2.96315153705487,44178089.5689117,14790211.8928577,44.1780895689117
UNI,2020-11-13,2.96315153705487,3.94726213960847,2.94338355128203,3.84091601489801,119350525.264473,34463724.8825179,119.350525264473
UNI,2020-11-14,3.84091601489801,3.94388083314015,3.51741968329147,3.80699631576818,114855096.560451,30763093.7358845,114.855096560451
UNI,2020-11-15,3.80699631576818,4.24678427347714,3.62399999167473,3.84938639179083,127642604.717859,32091356.8197624,127.642604717859
UNI,2020-11-16,3.84938639179083,3.92712229479902,3.45337174591219,3.57272034898704,110843834.0411,30052257.0602941,110.8438340411
UNI,2020-11-17,3.57272034898704,3.85035194597048,3.50450512770163,3.8166293737145,92914782.4076537,25289348.5710886,92.9147824076537
UNI,2020-11-18,3.8166293737145,3.84890806588304,3.29121010580329,3.46069635117243,79377164.3019864,22582727.1201456,79.3771643019864
UNI,2020-11-19,3.46069635117243,3.88376304547347,3.25553242433279,3.7448418225783,88568794.2172191,24586219.4441888,88.5687942172191
UNI,2020-11-20,3.7448418225783,4.08239157996167,3.68714237701881,3.84849674732164,95271735.6381661,24441024.7662995,95.2717356381661
UNI,2020-11-21,3.84849674732164,3.93787419850462,3.60343820347878,3.8413566010328,73274318.2201775,19406719.2564049,73.2743182201775
UNI,2020-11-22,3.8413566010328,3.94780543213642,3.46730997767716,3.6931231180521,61136143.1850965,16430584.57228,61.1361431850965
UNI,2020-11-23,3.6931231180521,4.21598238164467,3.65247240201432,4.19443717992617,85460752.8357282,21702399.4006872,85.4607528357282
UNI,2020-11-24,4.19443717992617,4.49336785126337,3.97148093867411,4.0929071797924,110811087.458771,26425893.3406022,110.811087458771
UNI,2020-11-25,4.0929071797924,4.2226981746012,3.56811513058416,3.68732412361337,65028269.624573,16494144.6938682,65.028269624573
UNI,2020-11-26,3.68732412361337,3.76972577322087,3.11721725071183,3.42710383007244,90538951.776174,27176572.2131037,90.53895177617399
UNI,2020-11-27,3.42710383007244,3.52291904202711,3.17106507701219,3.31375393147688,43102406.8733541,12835596.9894231,43.1024068733541
UNI,2020-11-28,3.31375393147688,3.52601445774913,3.2671918130995,3.46432925945726,28528059.917056,8357014.69530741,28.528059917056
UNI,2020-11-29,3.46432925945726,3.56745458883077,3.36769439592388,3.55335710773779,22854705.4342121,6599559.88067501,22.8547054342121
UNI,2020-11-30,3.55335710773779,3.80339518161408,3.54147939465467,3.77368928580818,40972944.7963679,11123730.9997758,40.9729447963679
UNI,2020-12-01,3.77368928580818,3.96220974228684,3.44119556577108,3.55197391727706,55116783.1473926,14902954.768493,55.1167831473926
UNI,2020-12-02,3.55197391727706,4.16809075286644,3.51067105027735,3.94494615591828,66039021.1697836,17049450.0853873,66.0390211697836
UNI,2020-12-03,3.94494615591828,4.02076357447007,3.80823023891575,3.88801211123221,37909212.5303635,9691865.15124216,37.9092125303635
UNI,2020-12-04,3.88801211123221,3.91608295389122,3.50182591299891,3.5184102775555,25909692.3911662,6963031.86534181,25.9096923911662
UNI,2020-12-05,3.5184102775555,3.69262715879279,3.45766207880031,3.68654082392497,20550590.6767824,5723514.56994057,20.5505906767824
UNI,2020-12-06,3.68654082392497,3.78359631914626,3.51728840095103,3.64616294155604,20314330.0625166,5597083.58937026,20.3143300625166
UNI,2020-12-07,3.64616294155604,3.86717364576429,3.56717533681636,3.76091384545105,32194086.8838764,8642630.07692808,32.194086883876395
UNI,2020-12-08,3.76091384545105,3.76091384545105,3.28278283396438,3.29533186210212,36468500.0927076,10394357.1814933,36.46850009270759
UNI,2020-12-09,3.29533186210212,3.39330822331338,3.12786711954614,3.35491219722889,31966020.194144,9740097.16645015,31.966020194144
UNI,2020-12-10,3.35491219722889,3.37013122626647,3.19558248002727,3.23464239575753,15182940.9416433,4660165.52752725,15.182940941643299
UNI,2020-12-11,3.23464239575753,3.23848516720946,2.91421578615048,2.96702798759861,28952732.652029,9660502.66914188,28.952732652029
UNI,2020-12-12,2.96702798759861,3.17902372142889,2.95943191747819,3.12389214692423,19479244.387475,6287732.68799009,19.479244387475
UNI,2020-12-13,3.12389214692423,3.35897751980634,3.07826639098809,3.33800078842197,17338761.8826906,5322097.56285638,17.3387618826906
UNI,2020-12-14,3.33800078842197,3.542657859441,3.24577248262371,3.47992128669401,30469310.164896,9085054.33302427,30.469310164896
UNI,2020-12-15,3.47992128669401,3.51261972796528,3.31460685989308,3.33047651281828,34337428.149945,10070794.5773429,34.337428149945
UNI,2020-12-16,3.33047651281828,3.53898124989735,3.17896848319433,3.53703721846187,37770869.1675613,11051870.5023037,37.7708691675613
UNI,2020-12-17,3.53703721846187,3.99358151396396,3.44086292901914,3.68837140170282,92343055.2290753,24655885.7431814,92.3430552290753
UNI,2020-12-18,3.68837140170282,3.84598506763576,3.55221260240997,3.76412004547655,50910588.3766223,13718347.2737267,50.9105883766223
UNI,2020-12-19,3.76412004547655,4.24048774156176,3.71075323694592,3.96174459456474,118261092.934509,29062269.032851,118.261092934509
UNI,2020-12-20,3.96174459456474,4.01399805785838,3.71052596172574,3.76166140481217,55840406.5259699,14346196.9016459,55.8404065259699
UNI,2020-12-21,3.76166140481217,3.9148901805241,3.43259940413303,3.51411696604228,55565064.1121675,15304873.5279357,55.5650641121675
UNI,2020-12-22,3.51411696604228,3.77202479767117,3.28900138638082,3.73275933908145,62130293.349733,17524090.0428225,62.130293349733
UNI,2020-12-23,3.73275933908145,3.77052979557131,3.04104936104672,3.3167295347267,60155134.2376276,17252397.0130573,60.1551342376276
UNI,2020-12-24,3.3167295347267,3.52294664845688,3.16748123947931,3.52211579351164,42149474.7593117,12727756.7572632,42.1494747593117
UNI,2020-12-25,3.52211579351164,3.63867577336636,3.38034012595994,3.50377204984253,33526078.9641769,9607429.58077185,33.526078964176904
UNI,2020-12-26,3.50377204984253,3.59582000084447,3.36360031749079,3.410540203126,33872485.5918521,9730800.70353582,33.8724855918521
UNI,2020-12-27,3.410540203126,3.78455667152551,3.37187740374824,3.59434044794283,59661629.5651561,16732963.4911543,59.661629565156105
UNI,2020-12-28,3.59434044794283,3.92664501345839,3.5798535375664,3.72891229831404,54046029.0767254,14277932.7722163,54.046029076725404
UNI,2020-12-29,3.72891229831404,3.83421893911449,3.50168874446444,3.66681228078887,46060056.7905167,12717186.2589055,46.0600567905167
UNI,2020-12-30,3.66681228078887,4.36291992574944,3.64390535646999,4.1523439858299,106159312.465625,26422516.513314,106.159312465625
UNI,2020-12-31,4.1523439858299,5.28882480789896,3.95430985669171,5.16444771985589,224963309.68083,48502982.7796358,224.96330968083
UNI,2021-01-01,5.16444771985589,5.25989664150704,4.64290653328128,4.75019522936867,146626763.491514,29631717.8135215,146.626763491514
UNI,2021-01-02,4.75019522936867,5.17509291448426,4.5033027080637,4.85200673935212,163218418.026462,34131118.7820524,163.218418026462
UNI,2021-01-03,4.85200673935212,5.62190971275756,4.68749253883144,5.4932043677164,171150290.179974,33391333.2695243,171.15029017997398
UNI,2021-01-04,5.4932043677164,6.17934744737539,4.94428656823494,5.4270809410141,200165918.332997,36340630.2325676,200.165918332997
UNI,2021-01-05,5.4270809410141,6.5615445814371,5.2315284465219,6.26939534253661,172530541.664912,29015167.7381634,172.530541664912
UNI,2021-01-06,6.26939534253661,6.59837938729693,6.05100028652157,6.42426375757302,124404931.07014,19844536.1166108,124.40493107014001
UNI,2021-01-07,6.42426375757302,6.79722442881045,6.03571418233561,6.26438151699897,113051894.668545,17809222.6279997,113.05189466854499
UNI,2021-01-08,6.26438151699897,6.35770347515097,5.51737146720163,5.87601516965375,109290544.536476,18325560.4937172,109.290544536476
UNI,2021-01-09,5.87601516965375,6.35623009386763,5.68115762324319,6.25158682354147,86048492.1510856,14170189.4763063,86.0484921510856
UNI,2021-01-10,6.25158682354147,6.58515993426884,5.55431728863414,5.95555784467403,263230944.035833,42775657.3373784,263.230944035833
UNI,2021-01-11,5.95555784467403,5.95555784467403,4.46197101467994,5.2482451449621,152130308.138795,29537709.1797631,152.130308138795
UNI,2021-01-12,5.2482451449621,5.80670948151739,4.97946879129441,5.58958754641635,94134852.6276323,17326382.462686,94.1348526276323
UNI,2021-01-13,5.58958754641635,6.36902005340496,5.27513664591905,6.3461635990167,229904765.063355,37677799.5601977,229.904765063355
UNI,2021-01-14,6.3461635990167,7.04774020288289,6.2006641452573,6.91621343909603,146621079.779032,22252626.2996473,146.621079779032
UNI,2021-01-15,6.91621343909603,7.46387388467681,6.43732644458601,7.37295212180113,233207385.35574,33073374.4485077,233.20738535574
UNI,2021-01-16,7.37295212180113,9.30289163711489,7.20899673928313,8.40835276547139,303846710.084551,37048721.1777224,303.846710084551
UNI,2021-01-17,8.40835276547139,9.15843113734061,8.10394764747537,8.66660109491992,248369298.082994,28874032.3443446,248.36929808299402
UNI,2021-01-18,8.66660109491992,9.82680590464776,8.35226619420683,9.18450773102937,218037731.588772,23943381.915436,218.037731588772
UNI,2021-01-19,9.18450773102937,9.6517574902828,8.49317659444433,8.61951935922749,176818251.030116,19403766.2075183,176.818251030116
UNI,2021-01-20,8.61951935922749,9.03925743835456,7.65979466232745,8.98129452819073,166513270.897953,19977857.3308527,166.513270897953
UNI,2021-01-21,8.98129452819073,9.02791064003473,7.37260794928195,7.59876398614777,188864532.861435,23312665.5058615,188.864532861435
UNI,2021-01-22,7.59876398614777,9.00248992893272,7.07374619382403,8.71708093647798,174752550.925195,21360435.157641,174.752550925195
UNI,2021-01-23,8.71708093647798,9.51277339183272,8.52424875217496,9.33153807178209,126213487.320524,13853282.5754976,126.21348732052401
UNI,2021-01-24,9.33153807178209,12.2307709328292,9.18692124353893,12.0299518062505,323417394.235787,30031247.2873082,323.41739423578696
UNI,2021-01-25,12.0299518062505,12.8833768392366,10.892298079532,11.3181328556676,381336979.48408,32151156.6513887,381.33697948408
UNI,2021-01-26,11.3181328556676,14.2081288178357,11.2229267905462,13.9051981523816,514917047.119332,40121241.3267578,514.917047119332
UNI,2021-01-27,13.9051981523816,15.5115327113676,13.1002746880108,14.7951263326801,558292436.682894,39353444.4131931,558.2924366828939
UNI,2021-01-28,14.7951263326801,15.4020499884772,13.6009225850466,14.1365758356177,430111692.612591,29694995.9676782,430.111692612591
UNI,2021-01-29,14.1365758356177,15.7393026983338,14.1146852063701,15.7217311762356,461871093.321202,31055130.5692934,461.87109332120195
UNI,2021-01-30,15.7217311762356,19.5735939732719,15.1115312405533,19.5735939732719,593414935.75654,34740547.972522,593.41493575654
UNI,2021-01-31,19.5735939732719,20.421639779067,17.467422273839,17.7019451367594,657000404.697595,34769951.6444533,657.000404697595
UNI,2021-02-01,17.7019451367594,20.6968072509056,16.7103266976293,20.4608058078754,563934966.631988,30114796.0937673,563.934966631988
UNI,2021-02-02,20.4608058078754,20.5136232114311,18.1078219012749,19.0296539952393,436251146.179894,22899801.5448364,436.25114617989396
UNI,2021-02-03,19.0296539952393,20.4600158989644,18.7479144897696,19.6910230465643,334688704.219286,17048742.38294,334.688704219286
UNI,2021-02-04,19.6910230465643,21.4896363006155,19.3278357563539,20.1074235150487,464095344.550142,22505401.8363018,464.095344550142
UNI,2021-02-05,20.1074235150487,22.2783294779841,19.738328828868,21.1457836334515,400042884.216279,19237629.101905,400.042884216279
UNI,2021-02-06,21.1457836334515,21.5755631208034,19.2269352914288,19.2269352914288,325810615.155767,16330270.7151506,325.81061515576704
UNI,2021-02-07,19.2269352914288,19.6179286694968,17.1356910952692,18.6743329412929,283902549.09564,15468894.6819239,283.90254909564
UNI,2021-02-08,18.6743329412929,20.1006072318465,18.1514883728771,19.2974280208025,306305780.026805,15976984.3918501,306.305780026805
UNI,2021-02-09,19.2974280208025,19.8992710090365,18.9003227877992,19.4985549047163,235330278.746263,12194668.224634,235.330278746263
UNI,2021-02-10,19.4985549047163,22.3706007047852,19.4985549047163,20.7004714401299,456838681.521796,21847524.4020439,456.838681521796
UNI,2021-02-11,20.7004714401299,21.9411330191347,20.2175174583339,21.4556260583706,253134571.831552,12147352.4136726,253.134571831552
UNI,2021-02-12,21.4556260583706,23.7079990596017,21.2490138842526,22.6771952285541,385928989.578994,17106154.0735706,385.928989578994
UNI,2021-02-13,22.6771952285541,23.4938662050839,21.3144639627899,21.7696328747304,261051959.925616,11731976.5598438,261.051959925616
UNI,2021-02-14,21.7696328747304,22.5674464309426,20.7576819124802,20.8784593885366,186971859.188231,8614363.55728108,186.97185918823098
UNI,2021-02-15,20.8784593885366,21.4641471877621,17.4293977298617,20.0848082314202,347318941.347384,17649039.3554791,347.318941347384
UNI,2021-02-16,20.0848082314202,21.270816018115,19.4314220718154,20.4803458528839,228070924.36064,11078819.0745186,228.07092436064
UNI,2021-02-17,20.4803458528839,21.7797653611297,19.2581471582238,21.5076062250708,223389274.530479,10921657.5376634,223.389274530479
UNI,2021-02-18,21.5076062250708,22.2369931358007,20.6751557893863,21.1673743217998,222549861.367696,10409214.6837125,222.549861367696
UNI,2021-02-19,21.1673743217998,21.5090274595374,19.4209543583088,20.0747244117164,308987793.574414,15149063.6263291,308.987793574414
UNI,2021-02-20,20.0747244117164,32.7840273496175,19.5777369180298,28.8698838116021,2279065604.61804,83663061.1657652,2279.06560461804
UNI,2021-02-21,28.8698838116021,32.0126162140723,27.979264495621,28.8077636344974,1238235223.67326,41186057.9413306,1238.23522367326
UNI,2021-02-22,28.8077636344974,29.042606392608,22.3260762436702,27.7167787199285,1040360567.78268,39110066.3280013,1040.36056778268
UNI,2021-02-23,27.7167787199285,27.7310627063638,18.4578592401209,24.8483235624043,1235968203.02771,54382517.7002242,1235.96820302771
UNI,2021-02-24,24.8483235624043,27.298125313682,23.2118272071594,25.2935188948034,667794409.857108,25866369.8065774,667.794409857108
UNI,2021-02-25,25.2935188948034,26.932783205981,23.1944205891066,23.3670007850296,511049122.442424,20338035.9833203,511.049122442424
UNI,2021-02-26,23.3670007850296,25.1268748026079,21.0888975605291,23.103520483112,524584864.775952,22804513.7560812,524.5848647759519
UNI,2021-02-27,23.103520483112,24.7458847235901,22.4375608885688,23.5264879314188,383380302.394445,16042267.4294237,383.380302394445
UNI,2021-02-28,23.5264879314188,24.0728283834679,20.5976352428164,22.2523306872292,455919102.594332,20781329.4712171,455.919102594332
UNI,2021-03-01,22.2523306872292,25.6661699603647,22.1622096973306,25.6661699603647,392035601.411793,16461013.7120699,392.035601411793
UNI,2021-03-02,25.6661699603647,27.386394487295,24.5924715858361,25.5864491544415,632267261.536605,24238146.4629621,632.267261536605
UNI,2021-03-03,25.5864491544415,27.5665537411315,25.3165271011144,25.4041659161599,400260040.902169,15169500.2051167,400.260040902169
UNI,2021-03-04,25.4041659161599,29.6920520815914,24.7997276390869,28.2253170437918,962826597.792757,34491436.1674638,962.8265977927571
UNI,2021-03-05,28.2253170437918,28.7491176366125,25.9157379323619,28.3124689319804,632139890.785088,23144232.1664721,632.1398907850879
UNI,2021-03-06,28.3124689319804,29.0056043003331,27.2227355722587,28.4946408906629,332256239.11279,11767046.8561685,332.25623911279
UNI,2021-03-07,28.4946408906629,34.7849232330014,28.4946408906629,34.2698925521835,884644859.529672,28129628.9398454,884.644859529672
UNI,2021-03-08,34.2698925521835,34.904218154482,32.2321223767013,33.1938636581096,707290284.403155,21184201.0311084,707.2902844031549
UNI,2021-03-09,33.1938636581096,34.7119303792485,32.406788871697,32.901240757742,511344280.905192,15366108.1445917,511.344280905192
UNI,2021-03-10,32.901240757742,33.501423100847,30.4251293807277,30.926255396009,415806714.712446,13075259.4794872,415.80671471244597
UNI,2021-03-11,30.926255396009,31.7855519384217,29.5791294269424,31.0393480531248,344607724.174123,11215706.6963953,344.607724174123
UNI,2021-03-12,31.0393480531248,31.881977025357,29.4015256343436,30.9169420653168,297400685.147648,9708925.69389435,297.400685147648
UNI,2021-03-13,30.9169420653168,33.2712994169984,30.241359569264,32.4931637134307,369124402.109843,11430399.8777974,369.124402109843
UNI,2021-03-14,32.4931637134307,33.6980397073802,30.7011044145318,30.7011044145318,270220562.344276,8369918.59428954,270.220562344276
UNI,2021-03-15,30.7011044145318,31.4966025324952,29.6334252848036,29.798084334513,291273553.393924,9599083.81028942,291.273553393924
UNI,2021-03-16,29.798084334513,30.0365495029327,28.0652023825357,30.0365495029327,242760140.132245,8357244.45176744,242.760140132245
UNI,2021-03-17,30.0365495029327,31.5936183563301,29.4976524096579,31.3421041708991,360911220.751837,11779362.2059881,360.911220751837
UNI,2021-03-18,31.3421041708991,31.5590281108398,29.782546007225,30.0288834267276,199988062.25716,6517265.76083827,199.98806225716
UNI,2021-03-19,30.0288834267276,34.1725637525093,29.50129503267,33.2592140974434,385622125.508177,11904667.5681476,385.62212550817696
UNI,2021-03-20,33.2592140974434,35.1294492815205,31.9143230874715,32.0283939336671,463217757.325602,13798738.1727144,463.217757325602
UNI,2021-03-21,32.0283939336671,33.2932150778234,31.5096278789877,32.8693255686411,209431103.448412,6487114.60588694,209.431103448412
UNI,2021-03-22,32.8693255686411,35.804111384262,31.8421605841358,32.8598280514797,573411454.9932,16908975.0356684,573.4114549932
UNI,2021-03-23,32.8598280514797,36.4729919707821,30.4523250438038,31.029747191729,982746392.142844,29426164.6891189,982.746392142844
UNI,2021-03-24,31.029747191729,31.8562512840782,25.7400309203943,27.4138587602464,700892053.080966,23546539.9864325,700.892053080966
UNI,2021-03-25,27.4138587602464,28.0407923443167,25.6784939607201,26.557911835245,480449312.089175,17868581.0175542,480.449312089175
UNI,2021-03-26,26.557911835245,29.0208732635368,26.5434054745157,28.986987551019,306807417.016571,11001016.1428454,306.807417016571
UNI,2021-03-27,28.986987551019,29.4319479127424,27.8949281940059,28.196246626726,243012490.484833,8496216.26349083,243.012490484833
UNI,2021-03-28,28.196246626726,28.8693603313108,27.4356928203748,27.8663985596603,199632140.709916,7085308.5800386,199.632140709916
UNI,2021-03-29,27.8663985596603,29.4551839070502,27.5753803294744,29.022674467556,264404686.589607,9212841.1588829,264.404686589607
UNI,2021-03-30,29.022674467556,29.2786216478896,28.3518293532703,28.5896864800072,248477262.189527,8652126.59516865,248.477262189527
UNI,2021-03-31,28.5896864800072,29.0503831371056,26.8705088410185,28.0900953248524,262947160.05981,9372140.58627378,262.94716005981
UNI,2021-04-01,28.0900953248524,30.3016096846458,28.0900953248524,28.7205410597884,333611603.037087,11397736.8070385,333.61160303708704
UNI,2021-04-02,28.7205410597884,30.2451126631398,28.7045903777614,30.2239570679626,242938344.189376,8266360.8997876,242.938344189376
UNI,2021-04-03,30.2239570679626,32.4099803282685,29.3765957173876,29.3765957173876,435860386.878687,13992679.17971,435.86038687868705
UNI,2021-04-04,29.3765957173876,31.4179628246723,29.0427403497237,30.9137534354311,190671621.02676,6279884.1918498,190.67162102676002
UNI,2021-04-05,30.9137534354311,31.1941875042119,29.7299699852598,30.8007883638614,213023082.546053,6967030.22010111,213.023082546053
UNI,2021-04-06,30.8007883638614,32.3377155185481,30.2899784468998,31.2420325315293,267466080.556641,8562993.33549161,267.46608055664103
UNI,2021-04-07,31.2420325315293,31.3845953798129,27.8697085780142,28.5467784254155,289294882.439128,9871662.71344231,289.294882439128
UNI,2021-04-08,28.5467784254155,30.2733185955281,28.3904625131722,30.2230835003924,182705810.147723,6177330.54551625,182.70581014772299
UNI,2021-04-09,30.2230835003924,30.5490025653455,29.3569065648949,29.5242212524059,149166890.633227,4967295.96803681,149.16689063322698
UNI,2021-04-10,29.5242212524059,30.7942959008235,29.2082945507948,29.7781451774136,193160940.3484,6437940.92850703,193.1609403484
UNI,2021-04-11,29.7781451774136,30.6402010751329,29.2679771250518,29.9206197781825,211752011.297702,7081034.30256236,211.752011297702
UNI,2021-04-12,29.9206197781825,38.006490683035,29.5739365699,36.7080113818769,1169055504.13797,33709419.4908258,1169.05550413797
UNI,2021-04-13,36.7080113818769,37.0717002038669,34.3095769646992,35.4247595148928,629253801.925193,17784833.190916,629.253801925193
UNI,2021-04-14,35.4247595148928,36.7945007583216,33.3640091110236,36.0824007971368,497148691.148336,14065606.3606385,497.148691148336
UNI,2021-04-15,36.0824007971368,39.4717259337127,35.6298952942276,37.8240279392047,580300480.341953,15289232.794513,580.3004803419531
UNI,2021-04-16,37.8240279392047,38.1995406891252,34.3563922026151,36.2236172695397,416360674.880087,11443441.2305573,416.360674880087
UNI,2021-04-17,36.2236172695397,37.521840099934,34.7301680181676,34.806392729573,285944040.166814,7905722.73828543,285.94404016681403
UNI,2021-04-18,34.806392729573,35.0839925214546,28.1286297891753,31.7408922026288,519692280.102139,16789553.3654811,519.692280102139
UNI,2021-04-19,31.7408922026288,32.6817240392885,29.5616054244981,31.4153954556459,372945211.462094,11871648.8355741,372.945211462094
UNI,2021-04-20,31.4153954556459,32.2284245850097,28.4364232410933,31.9985792195973,397640346.583182,13161349.7274817,397.64034658318195
UNI,2021-04-21,31.9985792195973,36.3693205715926,30.6345916254006,33.5085101282087,695844697.599266,20781124.2438093,695.844697599266
UNI,2021-04-22,33.5085101282087,38.3978036439649,32.7784166691425,34.0756799545549,1115784124.57695,30805607.5274685,1115.78412457695
UNI,2021-04-23,34.0756799545549,34.8457229186185,30.0053104808431,33.0032395898092,611499400.642243,19019504.545537,611.499400642243
UNI,2021-04-24,33.0032395898092,33.0262314312999,30.0548650376453,30.2375569885965,290973922.280192,9273627.98543358,290.973922280192
UNI,2021-04-25,30.2375569885965,34.8231077156392,30.0998588542274,34.2553223485415,461112578.871913,14004604.9313753,461.112578871913
UNI,2021-04-26,34.2553223485415,38.4694065953044,34.2553223485415,38.1361288754773,553031950.389059,15332456.3166706,553.0319503890589
UNI,2021-04-27,38.1361288754773,40.5712743006845,37.4396652780231,39.6603442679664,570097807.424019,14486912.1151686,570.0978074240189
UNI,2021-04-28,39.6603442679664,42.9505101982372,37.9368927184199,42.9088564518707,775205293.477915,18862908.5505457,775.205293477915
UNI,2021-04-29,42.9088564518707,43.9358441828636,39.744545123951,41.1184120148942,524106387.130309,12481426.4040835,524.106387130309
UNI,2021-04-30,41.1184120148942,41.3703565275927,39.2382341996977,40.6679301681937,486176936.896505,12049319.3940629,486.176936896505
UNI,2021-05-01,40.6679301681937,41.2729833173425,39.3296292381363,40.3038875685744,379045164.035429,9436720.96968471,379.045164035429
UNI,2021-05-02,40.3038875685744,43.2991086033469,39.4263222707804,42.5728236140854,514010828.716799,12386721.5305549,514.010828716799
UNI,2021-05-03,42.5728236140854,45.0473634919401,41.3289239645788,42.3264804272025,630795975.212728,14529548.7876756,630.795975212728
UNI,2021-05-04,42.3264804272025,44.4801457887609,39.9402039213891,43.1204866715567,721521971.359829,17081409.5989303,721.521971359829
UNI,2021-05-05,43.1204866715567,44.8597675631121,41.6724129984449,42.5106377954596,803264643.557711,18583729.1350565,803.264643557711
UNI,2021-05-06,42.5106377954596,42.5830265090475,40.0157155735253,40.3712513879097,597176587.151284,14357782.3793811,597.176587151284
UNI,2021-05-07,40.3712513879097,41.294989463732,38.5026119082598,39.8828977670815,377921229.408373,9421579.02228977,377.921229408373
UNI,2021-05-08,39.8828977670815,41.272917652441,39.3311063757575,40.5808077018654,385998618.184372,9571222.81075547,385.998618184372
UNI,2021-05-09,40.5808077018654,40.7699656730511,38.2255076597858,39.5397209577609,271778137.303064,6882538.83178946,271.778137303064
UNI,2021-05-10,39.5397209577609,41.2361384595492,33.8929354872924,36.4194546902551,461096814.613045,11959827.4293077,461.09681461304496
UNI,2021-05-11,36.4194546902551,38.6280538604628,35.506310525697,38.6280538604628,276293811.720421,7454549.06405597,276.293811720421
UNI,2021-05-12,38.6280538604628,44.0478981838436,36.1990377375231,36.1990377375231,1010872614.48069,24337746.1727784,1010.87261448069
UNI,2021-05-13,36.1990377375231,40.2660711280991,34.5868684167053,37.3354787895913,603050800.504613,15939333.8202748,603.050800504613
UNI,2021-05-14,37.3354787895913,40.6776537548951,37.1769983404791,40.4545128632762,325359366.88725,8274522.22703613,325.35936688725
UNI,2021-05-15,40.4545128632762,42.3775899753492,36.5810347922376,36.5810347922376,604956964.675067,15265856.8481269,604.956964675067
UNI,2021-05-16,36.5810347922376,39.3943116271357,34.5453932196077,36.6477468214421,472473304.46305,12659594.2712762,472.47330446305
UNI,2021-05-17,36.6477468214421,36.6477468214421,32.0680107299274,33.3339180842579,436344317.343863,12774404.50519,436.344317343863
UNI,2021-05-18,33.3339180842579,36.6007631219929,33.0795584172224,35.078970568119,430657478.308098,12246990.5209433,430.657478308098
UNI,2021-05-19,35.078970568119,35.4847749759904,17.0031341650102,23.3552934490755,852411595.960256,32719654.6093284,852.411595960256
UNI,2021-05-20,23.3552934490755,28.4659781845787,20.3488142945386,26.3871074363636,506799854.005346,20277717.053836,506.799854005346
UNI,2021-05-21,26.3871074363636,27.9342458967754,18.9817940276736,21.9318482273131,461581112.873572,19993392.6628256,461.581112873572
UNI,2021-05-22,21.9318482273131,22.3633304677354,18.5949294204144,20.3868753020012,318859002.946082,15443393.4462412,318.859002946082
UNI,2021-05-23,20.3868753020012,21.2933243320124,13.0995011471248,16.7936975115577,562195644.677707,34321070.3142934,562.1956446777069
UNI,2021-05-24,16.7936975115577,25.1350242760924,16.6675839876087,24.6763019515515,624424273.142827,29479224.014228,624.424273142827
UNI,2021-05-25,24.6763019515515,26.6205428703038,21.6599792352174,25.1815810199519,670765638.484851,27752358.2297534,670.765638484851
UNI,2021-05-26,25.1815810199519,29.4265946077386,24.6781825670163,29.4265946077386,568103574.264773,21234045.8175866,568.103574264773
UNI,2021-05-27,29.4265946077386,29.9358042227809,26.2429814493837,28.4747719332505,540551919.61773,19084065.6458778,540.55191961773
UNI,2021-05-28,28.4747719332505,29.3740761800154,25.0353708530895,25.8978315984397,620880778.374401,23012290.4248014,620.880778374401
UNI,2021-05-29,25.8978315984397,27.4888584492058,21.8862609386289,23.1709962206294,466932047.169601,19104776.8616366,466.93204716960105
UNI,2021-05-30,23.1709962206294,26.5197493847466,21.8047319757587,25.7289804905303,413103910.062104,16810129.0526506,413.103910062104
UNI,2021-05-31,25.7289804905303,28.3652937088558,23.536092588607,28.3259125395907,566530061.395869,21847024.121084,566.530061395869
UNI,2021-06-01,28.3259125395907,28.7242763529171,26.0177965592025,27.4023203700046,449518359.774169,16506509.7319964,449.518359774169
UNI,2021-06-02,27.4023203700046,28.7812671886046,26.4020434261302,27.6257520506987,308186007.004022,11143549.5824916,308.186007004022
UNI,2021-06-03,27.6257520506987,29.3571266151325,26.9742931979831,28.6428646776921,292553912.219906,10352384.5668121,292.55391221990595
UNI,2021-06-04,28.6428646776921,28.6428646776921,25.1774322247543,26.5715173281438,338117199.762107,12675545.8939123,338.117199762107
UNI,2021-06-05,26.5715173281438,27.8290907617462,25.4161162596546,25.8961755751379,247898661.192945,9389317.31909469,247.898661192945
UNI,2021-06-06,25.8961755751379,26.6125924748863,25.6917878502615,26.1789312579297,187074837.838817,7133885.61026571,187.074837838817
UNI,2021-06-07,26.1789312579297,27.5261818305727,24.0798372273139,24.2950596764224,269156011.355877,10318360.7825965,269.15601135587696
UNI,2021-06-08,24.2950596764224,24.6702991706747,20.8949552204573,23.5107663363816,307168142.888054,13424576.1924946,307.16814288805404
UNI,2021-06-09,23.5107663363816,25.3347929866808,22.3112355929163,25.2505184776352,393948258.134072,16497384.5274913,393.948258134072
UNI,2021-06-10,25.2505184776352,25.4207260351862,23.4500384947535,23.8551897849563,221259723.426754,9044168.89188736,221.259723426754
UNI,2021-06-11,23.8551897849563,24.0166121410766,21.7108922210305,22.0814347269888,246945783.607054,10786062.1123331,246.94578360705398
UNI,2021-06-12,22.0814347269888,22.0814347269888,20.4459087833579,21.476932154101,202835071.505986,9471424.98900934,202.835071505986
UNI,2021-06-13,21.476932154101,23.7279804508011,20.748432374464,23.4088237925151,215451331.390606,9774622.17023936,215.451331390606
UNI,2021-06-14,23.4088237925151,24.3351729144667,22.6879266961264,24.303778182165,200187567.341317,8520904.60694423,200.187567341317
UNI,2021-06-15,24.303778182165,24.818870480236,23.389561537885,23.7062794668299,170599892.992697,7070324.55511699,170.599892992697
UNI,2021-06-16,23.7062794668299,23.7062794668299,21.9041980609029,22.1470457961719,189501791.069878,8364380.22381012,189.501791069878
UNI,2021-06-17,22.1470457961719,23.1145367596073,21.7266812272113,22.2962255295431,119949287.654805,5364068.48862838,119.949287654805
UNI,2021-06-18,22.2962255295431,22.399848378582,19.8912919263469,20.5997415127058,177242308.029762,8436263.23356897,177.242308029762
UNI,2021-06-19,20.5997415127058,21.0613217791273,20.0879902096253,20.1367485701356,152038013.379695,7313816.55579585,152.038013379695
UNI,2021-06-20,20.1367485701356,21.2355814146251,18.8488468250159,20.95070333424,205019565.554971,10273741.784593,205.019565554971
UNI,2021-06-21,20.95070333424,21.1350550377859,15.898800432368,15.97039794317,298215698.645366,16714336.372758,298.215698645366
UNI,2021-06-22,15.97039794317,17.206007865978,14.0700732784192,16.4583634584286,362840993.960338,22977247.3162063,362.840993960338
UNI,2021-06-23,16.4583634584286,18.5444143576165,15.9110183392899,17.8917170591698,264967719.794207,14968160.3191436,264.967719794207
UNI,2021-06-24,17.8917170591698,18.6662478632232,16.7734457091337,18.1883902160878,207839967.870125,11719655.8783076,207.839967870125
UNI,2021-06-25,18.1883902160878,18.4641042657811,15.8060806603849,16.0115544238751,199864408.269245,11960959.8224513,199.864408269245
UNI,2021-06-26,16.0115544238751,16.5521483677281,15.2895678801855,16.2427119476139,144051960.743478,9035024.24409134,144.051960743478
UNI,2021-06-27,16.2427119476139,17.1823386726147,15.8515990250565,17.1823386726147,123067135.888797,7464150.38194251,123.067135888797
UNI,2021-06-28,17.1823386726147,18.272272543515,16.9060042247245,17.8630554804653,163362976.636072,9338400.87862292,163.362976636072
UNI,2021-06-29,17.8630554804653,19.2587305312994,17.8442574916319,18.7061744132822,178210476.281326,9485757.29269359,178.210476281326
UNI,2021-06-30,18.7061744132822,19.3607108836694,17.309566266483,19.3365135391293,174538282.196422,9548557.20315943,174.53828219642202
UNI,2021-07-01,19.3365135391293,19.3365135391293,17.6027221401364,17.9396348497834,169270227.389503,9225072.7226271,169.270227389503
UNI,2021-07-02,17.9396348497834,18.3853660894649,17.0793158506522,18.3853660894649,144468141.050232,8161893.49980849,144.468141050232
UNI,2021-07-03,18.3853660894649,19.672617341694,17.9947856572338,19.6504325454731,168913850.812989,8947656.14817263,168.91385081298898
UNI,2021-07-04,19.6504325454731,21.5814816379375,19.1190718243807,20.8765653117758,287542901.656534,13866601.2586128,287.542901656534
UNI,2021-07-05,20.8765653117758,20.9806553720653,19.2773517696765,20.2390788249857,297071627.335502,14746164.4333202,297.071627335502
UNI,2021-07-06,20.2390788249857,23.2224506484179,20.2043592552393,22.4345422031607,434015081.79686,19698328.6071246,434.01508179686
UNI,2021-07-07,22.4345422031607,23.4580749041072,21.7678562710654,22.3564354447439,243169929.678464,10706169.0235691,243.169929678464
UNI,2021-07-08,22.3564354447439,22.363295303693,20.156269117046,20.5556578679172,258081833.969197,12306776.8608811,258.081833969197
UNI,2021-07-09,20.5556578679172,21.6704587588719,19.9662597716119,21.1365620644511,230790779.769621,11005279.1118562,230.79077976962103
UNI,2021-07-10,21.1365620644511,21.6726799305572,19.9715376314611,20.2630663839802,99025397.1685566,4822137.40518696,99.0253971685566
UNI,2021-07-11,20.2630663839802,21.0769610808181,20.1268145916789,20.8457042139113,124074436.291146,6028025.46791931,124.074436291146
UNI,2021-07-12,20.8457042139113,21.492579876115,19.4071220399506,19.7357325802971,181078570.457531,8763084.78777592,181.07857045753101
UNI,2021-07-13,19.7357325802971,19.8325830053852,18.3128933142106,18.5430687562581,173183231.602095,9053312.96570293,173.18323160209502
UNI,2021-07-14,18.5430687562581,18.6363423913676,16.8854241074554,17.892451053316,236993991.302547,13475152.2750972,236.99399130254702
UNI,2021-07-15,17.892451053316,18.3877747520015,16.9254873188344,17.1456448703852,202021165.815232,11454335.5722288,202.021165815232
UNI,2021-07-16,17.1456448703852,17.7382971345976,16.0280391081915,16.5332011278331,190063398.780222,11272002.4480208,190.063398780222
UNI,2021-07-17,16.5332011278331,16.9124913633526,16.0615180267027,16.3398640218904,166497258.653102,10134251.4045489,166.49725865310202
UNI,2021-07-18,16.3398640218904,17.2775090663939,16.2269062819997,16.4328608989752,154856963.940407,9291718.67220704,154.856963940407
UNI,2021-07-19,16.4328608989752,17.0258708051983,15.5179258784049,15.7392177808001,162248603.122265,10153400.7519041,162.24860312226502
UNI,2021-07-20,15.7392177808001,16.0549452118612,14.5129270577903,14.6523688323366,193886779.230882,12973465.5180157,193.88677923088198
UNI,2021-07-21,14.6523688323366,16.874266196996,14.1283209589839,16.7520289140077,196018227.294188,12456847.2761326,196.018227294188
UNI,2021-07-22,16.7520289140077,17.7364110945507,16.1479704744513,17.6101710095492,180280138.984524,10684428.2134668,180.280138984524
UNI,2021-07-23,17.6101710095492,18.7353690719409,16.9833146776976,18.6583347125598,201792035.962732,11421056.5578223,201.792035962732
UNI,2021-07-24,18.6583347125598,18.9557057948191,18.0844989625932,18.2598384876073,140886792.944524,7616483.16176331,140.886792944524
UNI,2021-07-25,18.2598384876073,18.4311213678054,17.3226501033405,18.3160440013898,142624623.292722,7946101.82322627,142.624623292722
UNI,2021-07-26,18.3160440013898,20.2693052720221,18.2222341475793,18.5426244638671,274514019.728139,14121155.3302318,274.514019728139
UNI,2021-07-27,18.5426244638671,19.2358170300359,17.7347065666581,18.9054537717523,208839340.280681,11328302.9500174,208.839340280681
UNI,2021-07-28,18.9054537717523,19.4648609606753,18.5818768949189,19.0760482790576,235145090.35302,12348558.9392684,235.14509035302
UNI,2021-07-29,19.0760482790576,19.7891797826123,18.7372451274044,19.5780472894637,198800312.450771,10324171.6945061,198.800312450771
UNI,2021-07-30,19.5780472894637,21.0105464524634,19.4361767522552,20.9598596631698,275625355.414444,13617820.7018337,275.625355414444
UNI,2021-07-31,20.9598596631698,21.9792863537401,20.7209045482974,21.7765064205582,235427184.702192,11066241.8686531,235.42718470219202
UNI,2021-08-01,21.7765064205582,23.2416290296572,21.6303844433338,22.0339329536358,280428694.1052,12515109.998046,280.4286941052
UNI,2021-08-02,22.0339329536358,23.1178640461259,21.4532579074433,22.429542777272,250423267.767588,11228431.5227833,250.423267767588
UNI,2021-08-03,22.429542777272,22.7857782292836,20.8305370035399,21.4346861199808,262879510.484917,12236033.2403801,262.87951048491703
UNI,2021-08-04,21.4346861199808,23.7055809970195,20.9561848817245,23.5598818441604,277516974.558954,12454248.3063665,277.516974558954
UNI,2021-08-05,23.5598818441604,25.5667169321495,22.3194628712361,25.4674732959602,360222643.785221,15060130.9132293,360.22264378522095
UNI,2021-08-06,25.4674732959602,26.8873999111302,24.4914849016366,26.1799094322142,260376362.15997,10187769.7563319,260.37636215997
UNI,2021-08-07,26.1799094322142,28.9831243438134,25.8592134833005,28.3090266014101,360356339.875735,13069554.0943619,360.356339875735
UNI,2021-08-08,28.3090266014101,28.6560709024436,26.0655273303532,26.7448344197094,251351648.323397,9143026.70547329,251.351648323397
UNI,2021-08-09,26.7448344197094,28.7352736937334,25.4696068034322,28.3617581303414,283584121.825386,10358560.2949792,283.584121825386
UNI,2021-08-10,28.3617581303414,30.1666446076242,28.2451157532443,28.7660472889628,382112025.341616,13116108.26283,382.11202534161595
UNI,2021-08-11,28.7660472889628,30.3714569899732,28.7537223381855,28.99526700956,292947294.685581,9844022.34706759,292.947294685581
UNI,2021-08-12,28.99526700956,29.8561188431483,26.9243163833881,28.0687869039621,231168715.001868,8157090.41207813,231.168715001868
UNI,2021-08-13,28.0687869039621,30.5639871889843,27.8885210594168,30.5086183494464,188652793.181216,6381219.78135224,188.652793181216
UNI,2021-08-14,30.5086183494464,30.6012828482257,28.7737735673493,30.1248112374865,234323824.053739,7876536.98289895,234.323824053739
UNI,2021-08-15,30.1248112374865,30.411022283684,28.3353616489679,30.2485940710743,190904624.708507,6518734.72800301,190.90462470850701
UNI,2021-08-16,30.2485940710743,31.231172522464,29.054116788462,29.1334176702421,285521639.705577,9426970.8225842,285.521639705577
UNI,2021-08-17,29.1334176702421,30.766931642162,25.9221695943819,26.3757472759225,405530889.490237,14287578.3451862,405.530889490237
UNI,2021-08-18,26.3757472759225,27.3362434056783,25.4995719371247,26.3075783707761,374204577.267193,14157249.9030218,374.20457726719303
UNI,2021-08-19,26.3075783707761,27.964127787526,25.3728072769444,27.964127787526,268602887.829761,10179593.1279594,268.602887829761
UNI,2021-08-20,27.964127787526,29.147859290549,27.5602951300296,28.8586885009016,234137788.72521,8268986.04005779,234.13778872521002
UNI,2021-08-21,28.8586885009016,29.7082507617773,28.2523308050882,28.2705985095088,218804294.273904,7539725.16213786,218.804294273904
UNI,2021-08-22,28.2705985095088,29.1733069097396,27.2578949844272,28.4278555752281,189833370.425995,6710083.352859,189.83337042599499
UNI,2021-08-23,28.4278555752281,29.6215636974061,28.4193710490243,28.808975890998,192557978.983669,6624108.29641176,192.55797898366902
UNI,2021-08-24,28.808975890998,29.2071923879759,26.5918718521417,26.6619826677738,210287911.077885,7518553.24266382,210.287911077885
UNI,2021-08-25,26.6619826677738,27.4210225150477,25.7616800013895,27.0624281586984,163715982.010083,6138777.11189695,163.715982010083
UNI,2021-08-26,27.0624281586984,27.6122885387076,25.1523437805924,25.5314034860739,185352023.237142,7112222.49291616,185.352023237142
UNI,2021-08-27,25.5314034860739,27.4617356937684,25.0727654251661,27.3783814345227,179854565.134024,6833233.45668876,179.854565134024
UNI,2021-08-28,27.3783814345227,27.5812232096978,26.6758879508624,26.8263879524686,105871559.314428,3912574.63783382,105.871559314428
UNI,2021-08-29,26.8263879524686,27.6546579420739,26.2126385902727,26.8174353569012,140859223.031438,5260240.71147254,140.859223031438
UNI,2021-08-30,26.8174353569012,28.1853490256918,25.6400640477445,26.8384811438139,222299526.237994,8247251.86253974,222.29952623799397
UNI,2021-08-31,26.8384811438139,29.6992228259388,26.255758618024,29.4133931696873,450092131.242364,15839160.7765631,450.09213124236396
UNI,2021-09-01,29.4133931696873,31.3504368898474,28.7771321346234,31.3504368898474,545459137.557252,18112557.8067309,545.459137557252
UNI,2021-09-02,31.3504368898474,31.3504368898474,29.6362079311568,29.9557170333727,257463286.163484,8486252.92765736,257.463286163484
UNI,2021-09-03,29.9557170333727,31.1847804303868,28.3812410104112,28.6605907932985,610107188.18492,20675218.5913565,610.10718818492
UNI,2021-09-04,28.6605907932985,29.4268537149938,28.2918257599283,28.5854009212942,271279464.178813,9399112.11837327,271.279464178813
UNI,2021-09-05,28.5854009212942,29.4621973253842,28.3759495572188,29.3309896731888,226543626.609115,7807083.74736956,226.543626609115
UNI,2021-09-06,29.3309896731888,30.2254377677474,28.5489474729751,28.8579403153921,405720778.943625,13733346.3217671,405.72077894362496
UNI,2021-09-07,28.8579403153921,29.2868359599638,21.6435268465154,24.3095552850796,707846299.769506,27594866.1638602,707.846299769506
UNI,2021-09-08,24.3095552850796,24.9904749207654,21.4492309546074,23.2198298985284,400796980.366129,17211318.4295614,400.796980366129
UNI,2021-09-09,23.2198298985284,24.7073536059562,22.8595364726917,23.3782062896931,367446401.41817,15430723.2618262,367.44640141816996
UNI,2021-09-10,23.3782062896931,24.3113312727823,21.6312311228416,22.4462328526715,285134983.623582,12466862.8251468,285.134983623582
UNI,2021-09-11,22.4462328526715,23.8964073716095,22.4280834824994,22.8212855546201,183423544.641662,7922125.72538785,183.423544641662
UNI,2021-09-12,22.8212855546201,24.3098280039881,22.2944119573073,23.7836252632383,228642622.589203,9732878.49971328,228.642622589203
UNI,2021-09-13,23.7836252632383,24.0795686643565,21.6810423954736,22.7350085423291,235090174.659674,10422246.3493512,235.09017465967398
UNI,2021-09-14,22.7350085423291,25.8702801954565,22.5957544579181,25.6695427754637,287260219.023154,11828162.8837055,287.26021902315404
UNI,2021-09-15,25.6695427754637,27.4762705284949,24.7459744050271,27.4762705284949,331626503.497621,12812113.9189122,331.626503497621
UNI,2021-09-16,27.4762705284949,27.5964130604681,25.5801603989212,26.3338033230578,374281464.080194,13978339.0100133,374.281464080194
UNI,2021-09-17,26.3338033230578,26.3968353109854,24.144891254878,24.4170993583198,303221658.343419,12023743.2057694,303.221658343419
UNI,2021-09-18,24.4170993583198,25.2565867135904,24.092028234326,24.7134100428877,167230751.301313,6755252.75732789,167.230751301313
UNI,2021-09-19,24.7134100428877,24.7930982736333,23.7655125079165,24.1324780108101,149008512.016851,6141284.62162007,149.008512016851
UNI,2021-09-20,24.1324780108101,24.1382575884727,20.6824109800798,20.9324739636654,340406893.503252,15405104.9934345,340.40689350325204
UNI,2021-09-21,20.9324739636654,21.6839835765412,18.6140375898517,19.1235579857114,285780066.377835,14084102.892877,285.780066377835
UNI,2021-09-22,19.1235579857114,21.7482154314547,18.9538252668092,21.7320462869531,238586575.511587,11657811.5906283,238.586575511587
UNI,2021-09-23,21.7320462869531,21.946232024023,20.99615153138,21.616330558171,154768376.774537,7190293.77896903,154.768376774537
UNI,2021-09-24,21.616330558171,21.6845279436192,18.5119775795291,19.7720031786367,221788325.986786,11127120.8601797,221.78832598678602
UNI,2021-09-25,19.7720031786367,20.2542643656996,19.0992223285112,19.5914540925687,151393724.622995,7712982.18670317,151.393724622995
UNI,2021-09-26,19.5914540925687,24.7080549764807,17.9122606815603,24.1202343995192,690819677.613312,31511678.6669474,690.819677613312
UNI,2021-09-27,24.1202343995192,25.9854716258447,22.3679729695754,22.4654291806652,614846822.418069,25293595.6701172,614.846822418069
UNI,2021-09-28,22.4654291806652,25.0643890339787,22.2912286710943,23.0989539005388,725675639.980145,30501654.7742882,725.675639980145
UNI,2021-09-29,23.0989539005388,24.3998572635867,22.5264176550051,23.0737227842948,457929860.502998,19395592.042735,457.929860502998
UNI,2021-09-30,23.0737227842948,24.0135105713332,22.7290930157394,23.6502266666335,278188679.537415,11932623.8665146,278.18867953741506
UNI,2021-10-01,23.6502266666335,25.8117641354198,23.5819834586567,25.7064558986121,378213703.113589,15158683.4259503,378.21370311358896
UNI,2021-10-02,25.7064558986121,27.2639255018843,25.476053319677,26.2690430426731,364305947.891602,13844842.2969982,364.305947891602
UNI,2021-10-03,26.2690430426731,26.6864241943735,25.8647158863542,26.1326688026453,225028572.154004,8557914.81297391,225.028572154004
UNI,2021-10-04,26.1326688026453,26.1326688026453,24.4911374639437,25.4763804494406,259703265.369417,10243761.4221412,259.703265369417
UNI,2021-10-05,25.4763804494406,25.9146134690943,24.6954736823767,25.7051030774588,253949872.89584,10016863.2261382,253.94987289584
UNI,2021-10-06,25.7051030774588,26.0131529917637,23.9182669265605,25.3395441940808,270897597.893288,10779160.5129997,270.89759789328804
UNI,2021-10-07,25.3395441940808,26.3019259491136,24.6039924587597,25.5762799149394,235795130.533323,9233846.04118715,235.795130533323
UNI,2021-10-08,25.5762799149394,26.1370758936286,24.7569457243471,24.8514298182717,210916629.393192,8290604.15231427,210.91662939319198
UNI,2021-10-09,24.8514298182717,25.7177555930946,24.6671125724818,25.2330507841647,162135164.442994,6402583.33783444,162.135164442994
UNI,2021-10-10,25.2330507841647,26.0480521507074,24.2687331793831,24.3187966510385,202321429.207743,8005576.17721195,202.321429207743
UNI,2021-10-11,24.3187966510385,25.1197270381913,23.7576332906205,24.3108800919961,182119323.514139,7414877.4651346,182.11932351413898
UNI,2021-10-12,24.3108800919961,24.3108800919961,22.4783908114836,23.5535918468777,181146553.654506,7788087.01121391,181.146553654506
UNI,2021-10-13,23.5535918468777,25.6989039777116,23.3569822262005,24.733982928181,396221347.924483,16195234.2617013,396.221347924483
UNI,2021-10-14,24.733982928181,26.4623857104759,24.6246947137301,26.4623857104759,275612890.251408,10798411.8809777,275.612890251408
UNI,2021-10-15,26.4623857104759,26.8230473148511,25.4757014856273,25.8864731622348,273997583.370648,10509877.511615,273.99758337064804
UNI,2021-10-16,25.8864731622348,27.8841024915216,25.7806782151083,27.0292731422087,287012522.131472,10604804.2558466,287.012522131472
UNI,2021-10-17,27.0292731422087,27.1178562870884,25.2167307059463,25.9254749272948,232036433.267339,8785025.8748284,232.036433267339
UNI,2021-10-18,25.9254749272948,26.2355902319369,24.9489627860541,25.4916805130266,278043358.811727,10925074.625888,278.043358811727
UNI,2021-10-19,25.4916805130266,26.3264957594205,25.2742468361562,26.0505731028735,133794398.006757,5186334.45499502,133.794398006757
UNI,2021-10-20,26.0505731028735,27.1168460643937,25.5793739443735,27.1168460643937,160499833.174651,6089085.12701205,160.499833174651
UNI,2021-10-21,27.1168460643937,27.7264781181135,25.9114713226774,26.105695175564,209350998.388167,7769063.59302079,209.350998388167
UNI,2021-10-22,26.105695175564,26.8240573510801,25.3643643326907,25.6253899470457,224303856.114763,8525710.7048749,224.303856114763
UNI,2021-10-23,25.6253899470457,26.887145140177,25.3041852968132,26.8561363447042,125950188.807219,4828262.42529861,125.95018880721899
UNI,2021-10-24,26.8561363447042,27.2011663321504,25.4081253543687,25.8094846931145,127894264.01616,4865529.65180323,127.89426401616
UNI,2021-10-25,25.8094846931145,26.7367264543148,25.7318913898307,26.7367264543148,120192289.44396,4554642.62953802,120.19228944396
UNI,2021-10-26,26.7367264543148,28.2446487688696,26.2438704838348,26.5579741054174,314018454.732233,11473185.9467011,314.018454732233
UNI,2021-10-27,26.5579741054174,28.2804389373012,24.1836248638047,24.1836248638047,322527792.349188,12505713.8026562,322.527792349188
UNI,2021-10-28,24.1836248638047,25.3650440006799,24.0366925804342,24.9061192328878,198633214.929483,8015655.49938228,198.633214929483
UNI,2021-10-29,24.9061192328878,25.7502635740692,24.7275943736115,25.487677959711,137544926.018973,5412731.57765622,137.544926018973
UNI,2021-10-30,25.487677959711,25.5511361568765,24.4748256515624,24.911790829277,93302762.1729907,3736822.76463246,93.3027621729907
UNI,2021-10-31,24.911790829277,25.2679035172758,24.0801923186466,25.0170891173253,85685843.5039835,3466877.07650947,85.68584350398349
UNI,2021-11-01,25.0170891173253,26.4064535387959,24.2175416014889,25.6245962437146,189668677.691997,7438235.8586794,189.668677691997
UNI,2021-11-02,25.6245962437146,26.2986055904092,25.1743420088722,26.1661293926019,139357352.796895,5422060.08879425,139.357352796895
UNI,2021-11-03,26.1661293926019,27.0420977116503,25.4171753136679,26.8757431836286,265960255.016658,10068817.7835602,265.960255016658
UNI,2021-11-04,26.8757431836286,27.417670477811,25.2994614265434,25.78931361262,218740523.252258,8273897.80445797,218.74052325225801
UNI,2021-11-05,25.78931361262,26.0609721725949,25.3220894806454,25.6166097842708,167787561.702894,6541288.40428616,167.787561702894
UNI,2021-11-06,25.6166097842708,25.8137202666166,24.5350665280139,25.1986151199883,129844176.831702,5153661.6031914,129.844176831702
UNI,2021-11-07,25.1986151199883,25.52466372592,25.0243445544063,25.3443344431911,83037697.6047896,3282519.2778716,83.0376976047896
UNI,2021-11-08,25.3443344431911,26.3409085967484,25.2665923836951,26.2622249641221,193531718.871551,7500794.0885427,193.531718871551
UNI,2021-11-09,26.2622249641221,27.7333612014975,26.0907235932121,26.3638291771763,282255101.873676,10527733.8191978,282.255101873676
UNI,2021-11-10,26.3638291771763,28.4289424777399,24.4133717499172,25.3407432805942,386481654.161893,14548811.1230681,386.481654161893
UNI,2021-11-11,25.3407432805942,26.1086493008103,24.962861659902,25.4250735739909,154772655.152216,6058013.24289209,154.77265515221598
UNI,2021-11-12,25.4250735739909,25.7008128741811,23.9805972796322,24.6048645586241,157814657.227896,6377174.63669031,157.814657227896
UNI,2021-11-13,24.6048645586241,24.8215504329085,24.2027928936296,24.6802055166153,87460772.3035849,3565002.27302214,87.4607723035849
UNI,2021-11-14,24.6802055166153,25.032905919974,24.0617179844184,24.5846772972422,83279076.7435748,3391988.12846516,83.2790767435748
UNI,2021-11-15,24.5846772972422,24.9747166955079,23.8606025611171,23.9983822208571,149707071.714523,6103917.25711809,149.70707171452298
UNI,2021-11-16,23.9983822208571,23.9983822208571,20.689676289367,21.7353996234265,263467686.358497,11911204.1563472,263.467686358497
UNI,2021-11-17,21.7353996234265,22.099498345839,21.1375030709011,21.9072355392322,152728894.511162,7061054.3810759,152.72889451116203
UNI,2021-11-18,21.9072355392322,22.2365580132281,19.8296219693477,20.1843714677315,170457115.047864,8138499.34903525,170.457115047864
UNI,2021-11-19,20.1843714677315,21.3626646258877,19.8356772123014,21.2386695294493,126820645.838021,6117359.06894896,126.820645838021
UNI,2021-11-20,21.2386695294493,22.0458279679723,20.9879243332064,22.0458279679723,105666766.634825,4931366.47899944,105.66676663482501
UNI,2021-11-21,22.0458279679723,22.192851122437,21.4448395665294,21.7188296206031,86040445.6108067,3947293.58461947,86.0404456108067
UNI,2021-11-22,21.7188296206031,22.1882135698637,20.8226961148301,20.9988399227234,167518730.365228,7811347.29513907,167.518730365228
UNI,2021-11-23,20.9988399227234,22.3636375643579,20.8253757711653,22.2227198299254,154872724.148174,7175493.94697783,154.872724148174
UNI,2021-11-24,22.2227198299254,22.3243229180181,20.605106597004,20.8577399502955,139919461.184047,6545380.36939003,139.919461184047
UNI,2021-11-25,20.8577399502955,21.6306471328014,20.6455626813807,21.415730910825,123329708.254777,5818250.55591211,123.329708254777
UNI,2021-11-26,21.415730910825,21.4697897292801,18.8308882126589,19.2516814751542,143654669.407834,7286142.65767673,143.654669407834
UNI,2021-11-27,19.2516814751542,20.1675985441502,19.2516814751542,19.5678643650681,77647016.7083658,3927775.88086519,77.6470167083658
UNI,2021-11-28,19.5678643650681,20.2652664656837,18.649536883285,20.1810946094664,127590772.586341,6621318.87214061,127.59077258634099
UNI,2021-11-29,20.1810946094664,20.4876047897462,19.7202044312913,20.3001901172319,103282992.689832,5133101.88398589,103.282992689832
UNI,2021-11-30,20.3001901172319,21.4407483193574,19.6520909726576,21.2831556656872,169329654.768112,8185636.83307732,169.329654768112
UNI,2021-12-01,21.2831556656872,22.3761635807875,20.8212775467843,20.9931603918746,188156047.250182,8645368.7174012,188.156047250182
UNI,2021-12-02,20.9931603918746,23.0363609244336,20.6101842332128,22.4524897519305,329503152.261881,14846023.2515971,329.503152261881
UNI,2021-12-03,22.4524897519305,23.0575556506651,19.5620266992749,19.9794903333035,219878485.687288,10262091.9914619,219.878485687288
UNI,2021-12-04,19.9794903333035,20.0471404617971,13.805568476178,17.2472253291242,339710367.006377,20351610.3025758,339.710367006377
UNI,2021-12-05,17.2472253291242,17.4673033074339,16.0315449994003,16.5488012173549,148363812.305991,8864649.16660069,148.363812305991
UNI,2021-12-06,16.5488012173549,17.4650713203998,15.2990485238197,17.3594401048221,168318847.870695,10370266.0465591,168.31884787069498
UNI,2021-12-07,17.3594401048221,17.7014435927126,16.9793483662712,17.1866736337135,151009419.805433,8734106.30141968,151.009419805433
UNI,2021-12-08,17.1866736337135,18.7242486008752,17.0246953862097,18.7242486008752,196066357.832901,10980212.823089,196.066357832901
UNI,2021-12-09,18.7242486008752,18.829522538878,16.1516681094476,16.2168348257022,135346876.635315,7864754.62304532,135.346876635315
UNI,2021-12-10,16.2168348257022,16.5924033358097,15.1687044796404,15.1687044796404,140541908.158867,8866249.60370341,140.541908158867
UNI,2021-12-11,15.1687044796404,17.000788332782,14.995443722425,15.8937951363323,126738669.120271,7969625.36650317,126.738669120271
UNI,2021-12-12,15.8937951363323,16.3915499541443,15.3252879300159,16.0337701364946,62342996.1197219,3942344.26122044,62.342996119721896
UNI,2021-12-13,16.0337701364946,16.1120161917852,13.8264278033987,14.1760652485087,122691699.60067,8305333.00235252,122.69169960066999
UNI,2021-12-14,14.1760652485087,15.0996912911287,13.9516068605955,14.9957656609743,84284043.658928,5822741.89499574,84.28404365892801
UNI,2021-12-15,14.9957656609743,15.5021184881957,14.1937360926774,15.2042232696638,106670745.254454,7131495.03638329,106.670745254454
UNI,2021-12-16,15.2042232696638,15.3519245361212,14.3846818792023,14.4238774149197,84808599.205332,5678230.52733415,84.808599205332
UNI,2021-12-17,14.4238774149197,15.0681897724929,13.7157760223249,15.0086729850201,102632473.61787,7134987.54797613,102.63247361787
UNI,2021-12-18,15.0086729850201,16.1040101515981,14.713374961751,15.5967709097428,167212740.415663,10825438.7956584,167.212740415663
UNI,2021-12-19,15.5967709097428,15.950655416552,14.8641266378845,14.9777136518745,95406084.3848126,6225919.49984001,95.40608438481259
UNI,2021-12-20,14.9777136518745,15.1626015815839,14.0045217004409,14.5024919468221,109079733.803547,7544718.93517334,109.079733803547
UNI,2021-12-21,14.5024919468221,15.106643039826,14.3323027665599,15.0715203496547,71777453.1022689,4851188.50021105,71.77745310226891
UNI,2021-12-22,15.0715203496547,16.3509794860572,14.9770530008555,16.2210339422129,138956607.787722,8919559.76636507,138.956607787722
UNI,2021-12-23,16.2210339422129,18.2490479567469,15.9462957170015,18.1527053350411,275465735.936762,16104013.7708181,275.465735936762
UNI,2021-12-24,18.1527053350411,18.2667714847969,17.2960153596279,17.486199261229,206978628.111874,11595178.4115592,206.978628111874
UNI,2021-12-25,17.486199261229,17.8347866754024,17.1203518799662,17.4822844865216,125747456.831548,7189358.70291732,125.747456831548
UNI,2021-12-26,17.4822844865216,18.7919760693698,16.7447863686646,18.6676668705161,210686995.558678,11965885.425957,210.686995558678
UNI,2021-12-27,18.6676668705161,20.0618665050229,18.5711852745567,19.1143544527944,309033256.448413,15985048.1293818,309.033256448413
UNI,2021-12-28,19.1143544527944,19.8861548499141,17.8901274248428,18.4268531327857,451036248.966764,24287768.2967578,451.036248966764
UNI,2021-12-29,18.4268531327857,19.4459256828232,16.9672962556103,17.1232327709613,449300106.666384,24352875.1745785,449.30010666638395
UNI,2021-12-30,17.1232327709613,17.874189387343,16.7684894425023,17.8084969492442,222044882.840046,12832951.1414468,222.044882840046
UNI,2021-12-31,17.8084969492442,18.6341476686774,16.7977394993722,17.019130969179,284154158.359325,15849035.878421,284.154158359325
UNI,2022-01-01,17.019130969179,17.4957859949124,16.9321279037892,17.4700472636907,148079598.350712,8607310.25694189,148.079598350712
UNI,2022-01-02,17.4700472636907,18.4862639783093,17.0699618531811,18.4490565216852,157829207.717232,8931801.01072473,157.82920771723198
UNI,2022-01-03,18.4490565216852,19.1568974924101,17.8855066696412,18.4533693370651,298089886.37337,16092015.0109828,298.08988637337
UNI,2022-01-04,18.4533693370651,19.1171450249617,17.7221636003782,18.2132242542382,313118669.376934,16957626.424324,313.118669376934
UNI,2022-01-05,18.2132242542382,19.8032334709794,16.4100306106999,17.1126042687749,460882420.134154,24698571.337075,460.882420134154
UNI,2022-01-06,17.1126042687749,17.2612789288444,16.1330838192624,17.0885379574496,320491868.526039,19169835.0208416,320.491868526039
UNI,2022-01-07,17.0885379574496,17.1304716964636,15.3319546703332,15.7458208446972,270058408.081055,16918499.8796851,270.058408081055
UNI,2022-01-08,15.7458208446972,16.4336865872826,14.8208070493839,15.1912328750531,284783123.882995,17979753.9473474,284.783123882995
UNI,2022-01-09,15.1912328750531,16.2682005027262,15.1041087655316,15.7898347131226,144299491.166781,9177451.95474769,144.299491166781
UNI,2022-01-10,15.7898347131226,16.4380306393569,14.7297704312459,15.1241672683816,272353374.28843,17469982.3179671,272.35337428842996
UNI,2022-01-11,15.1241672683816,16.3152677833339,15.0067351337921,15.9898487444069,220380750.765369,14009440.5344125,220.380750765369
UNI,2022-01-12,15.9898487444069,16.633661440104,15.9898487444069,16.3008335365997,169780355.747516,10400675.9678976,169.780355747516
UNI,2022-01-13,16.3008335365997,16.6019046629381,15.438802450045,15.4569363542797,181493090.124206,11293851.194496,181.49309012420602
UNI,2022-01-14,15.4569363542797,15.9689481844934,15.2030832716528,15.8822110054785,140841618.945667,9018583.49706235,140.841618945667
UNI,2022-01-15,15.8822110054785,16.6813389930803,15.7513064616693,16.4849002719294,143400751.252066,8774950.98239426,143.400751252066
UNI,2022-01-16,16.4849002719294,18.1348123309651,16.3207298120113,17.8269277862411,244167680.489683,14065925.3242889,244.167680489683
UNI,2022-01-17,17.8269277862411,17.95287842302,16.2986847116029,16.6788702726004,223747897.19631,13127457.7764118,223.74789719631002
UNI,2022-01-18,16.6788702726004,17.6852967103989,15.6614553470659,16.0134874160428,288312218.883859,17216483.9989095,288.312218883859
UNI,2022-01-19,16.0134874160428,16.2098321282001,15.14216465735,15.14216465735,163641426.264684,10486537.9613169,163.641426264684
UNI,2022-01-20,15.14216465735,16.1894019398676,14.4450417316604,14.5134326276075,172567208.929333,11193064.0628557,172.567208929333
UNI,2022-01-21,14.5134326276075,14.7024828242993,12.3759950486902,12.6778535202195,254866848.381552,18668482.7449042,254.86684838155202
UNI,2022-01-22,12.6778535202195,12.9406029133325,10.4686379415034,11.1438317654294,346131649.857565,29900091.6435606,346.131649857565
UNI,2022-01-23,11.1438317654294,11.9774415622438,10.8707354688912,11.4294388736816,231556145.75153,20344561.7294972,231.55614575152998
UNI,2022-01-24,11.4294388736816,11.4294388736816,9.60404184642523,10.6923465194147,280403089.736348,27091683.8623795,280.40308973634797
UNI,2022-01-25,10.6923465194147,10.9237995840769,10.3592113599279,10.5840763900692,162029858.048579,15205097.6570856,162.029858048579
UNI,2022-01-26,10.5840763900692,11.7425480621737,10.399820117493,10.5749227190466,162119555.879222,14744730.7812986,162.11955587922202
UNI,2022-01-27,10.5749227190466,10.9088294309204,9.92410734895253,10.3052404125071,177669529.267228,17139180.0547095,177.669529267228
UNI,2022-01-28,10.3052404125071,10.7230882845591,9.89670444499653,10.6698414662705,113275390.829727,10998427.7175882,113.27539082972699
UNI,2022-01-29,10.6698414662705,11.310000165946,10.5828527549869,11.1576759242494,117698105.762361,10730700.2967585,117.69810576236101
UNI,2022-01-30,11.1576759242494,11.4827120522346,10.6574956124161,10.8014692676416,110487172.818839,9976800.58724814,110.487172818839
UNI,2022-01-31,10.8014692676416,11.869049053693,10.3276153106704,11.7928090872645,153706985.967853,13791775.8800849,153.706985967853
UNI,2022-02-01,11.7928090872645,11.8732502964208,11.0846221650564,11.123763461659,182824795.307899,16036615.8813125,182.824795307899
UNI,2022-02-02,11.123763461659,11.3719303465683,10.4410723403508,10.5287018869011,143829096.8343,13137067.7789233,143.8290968343
UNI,2022-02-03,10.5287018869011,10.5981349045131,9.99274038546745,10.3903571652086,130674925.974192,12646932.681092,130.674925974192
UNI,2022-02-04,10.3903571652086,11.1901998182867,10.3403181615049,11.1799385640867,163711071.169122,15166753.4280272,163.71107116912202
UNI,2022-02-05,11.1799385640867,11.9273735137948,11.1397091487482,11.2673288777135,197204464.209456,17098187.3385023,197.204464209456
UNI,2022-02-06,11.2673288777135,11.7089062874986,11.0818716628306,11.696591945772,129467478.019553,11401176.1156693,129.467478019553
UNI,2022-02-07,11.696591945772,12.5900299734139,11.4065307719523,12.3625217656667,287755354.212617,23838230.1354859,287.75535421261696
UNI,2022-02-08,12.3625217656667,12.9011937202179,11.5368223192145,11.9500309332657,256731833.051052,21106880.1866795,256.731833051052
UNI,2022-02-09,11.9500309332657,12.6433460371917,11.6371127888066,12.3401183864331,175744396.282283,14399847.1079302,175.74439628228302
UNI,2022-02-10,12.3401183864331,12.3482351310363,11.4043093948984,11.4356038598534,178417363.911749,15002668.6929187,178.417363911749
UNI,2022-02-11,11.4356038598534,11.6632132043729,10.4174802810755,10.6576573658956,146366311.818342,13032134.7647647,146.366311818342
UNI,2022-02-12,10.6576573658956,10.9682168820372,10.427379314998,10.6424413282838,103367338.379066,9644269.66931253,103.367338379066
UNI,2022-02-13,10.6424413282838,10.8717726137824,10.2740208458925,10.3427283968918,83641097.0702146,7903331.92479839,83.6410970702146
UNI,2022-02-14,10.3427283968918,10.7119085722251,10.1392014793192,10.6209749324526,89134701.3261759,8552160.40945763,89.1347013261759
UNI,2022-02-15,10.6209749324526,11.5238336157569,10.6209749324526,11.4671569826061,127553603.645404,11550925.349119,127.553603645404
UNI,2022-02-16,11.4671569826061,11.5314289776601,10.8090217586184,11.2318493053635,142664039.370391,12749385.4177957,142.664039370391
UNI,2022-02-17,11.2318493053635,11.3942622841729,10.261438831083,10.4134200203135,132992625.968991,12304454.7401742,132.992625968991
UNI,2022-02-18,10.4134200203135,10.849883788756,10.0595459828512,10.1612962177885,267721370.207876,25838111.8138681,267.721370207876
UNI,2022-02-19,10.1612962177885,10.4495126305597,9.78951346928475,10.0327597504226,303878378.666529,30001362.925276,303.878378666529
UNI,2022-02-20,10.0327597504226,10.0378576954695,9.22851203753154,9.34099279965787,163661255.222773,17162737.3197034,163.66125522277298
UNI,2022-02-21,9.34099279965787,9.80551399800717,8.53225558213515,8.53225558213515,175596410.666571,18979026.3445648,175.596410666571
UNI,2022-02-22,8.53225558213515,8.96031133927724,8.1769219136924,8.86207922429513,164166205.662818,19035394.1210509,164.16620566281802
UNI,2022-02-23,8.86207922429513,9.43618951858004,8.73187094832214,8.73708438282548,136909449.914882,15100197.3161178,136.909449914882
UNI,2022-02-24,8.73708438282548,8.99587056880347,7.54573025589188,8.82052404852838,242750834.213359,29789915.7673391,242.75083421335898
UNI,2022-02-25,8.82052404852838,9.42057940804977,8.475136434061,9.24999139713133,137486022.413557,15346913.5453399,137.48602241355698
UNI,2022-02-26,9.24999139713133,9.51428984246239,8.96716054844316,9.04818609158573,111217446.356108,12092673.6030517,111.217446356108
UNI,2022-02-27,9.04818609158573,10.1736711931337,8.67920035600585,9.85427814150473,289826119.229577,30242564.128202,289.826119229577
UNI,2022-02-28,9.85427814150473,10.5394445963714,9.40337262563847,10.5383220248089,288650833.551889,29147341.3082001,288.650833551889
UNI,2022-03-01,10.5383220248089,10.7920944465556,10.0650790050597,10.3509345208898,223002158.928719,21376318.2405668,223.002158928719
UNI,2022-03-02,10.3509345208898,10.6592355490581,9.97133791483051,10.0487435333081,152877612.268371,14937921.0442196,152.877612268371
UNI,2022-03-03,10.0487435333081,10.1626808536625,9.43720450852386,9.55384866478059,125289883.871297,12773325.4197494,125.28988387129701
UNI,2022-03-04,9.55384866478059,9.56608943167262,8.67780453206351,8.81550858785016,133444639.338808,14595179.1383329,133.444639338808
UNI,2022-03-05,8.81550858785016,9.38301526134089,8.71515246677164,9.02448772651369,79009999.7543849,8839032.52734316,79.0099997543849
UNI,2022-03-06,9.02448772651369,9.06110572945764,8.46008211357608,8.47133289533514,81755878.3384763,9397287.63607572,81.7558783384763
UNI,2022-03-07,8.47133289533514,8.78576345147601,8.13391567291452,8.31832405143665,110482835.94088,13170015.158805,110.48283594088
UNI,2022-03-08,8.31832405143665,8.99283675138711,8.26518066702538,8.82360883498774,127112658.534001,14756150.1233597,127.112658534001
UNI,2022-03-09,8.82360883498774,9.53307020343591,8.766145828545,9.20764445338027,165562970.104409,17949923.2737426,165.562970104409
UNI,2022-03-10,9.20764445338027,9.2901062101105,8.5348197988546,8.67852732053237,127296310.254413,14514077.1567198,127.29631025441299
UNI,2022-03-11,8.67852732053237,9.07625513397891,8.38144785624107,8.51585463596841,130831446.500585,15036935.8876555,130.831446500585
UNI,2022-03-12,8.51585463596841,8.88830012019533,8.45360240166169,8.45360240166169,81038390.5661313,9347357.67960564,81.0383905661313
UNI,2022-03-13,8.45360240166169,8.86024443871992,8.14324884092886,8.21052166308555,68239326.2355053,8023127.16258693,68.2393262355053
UNI,2022-03-14,8.21052166308555,8.68539381903449,8.12046004712727,8.48774318565507,79641038.6828595,9472038.3983901,79.6410386828595
UNI,2022-03-15,8.48774318565507,8.78104255020466,8.15776909648284,8.71125044775491,82841017.0727455,9788093.46443438,82.8410170727455
UNI,2022-03-16,8.71125044775491,9.20689979118854,8.57730399092464,9.09234233483431,127113673.049709,14383616.7702191,127.113673049709
UNI,2022-03-17,9.09234233483431,9.39449224421491,9.03723637579218,9.23854369830309,112625009.239683,12238022.1937909,112.625009239683
UNI,2022-03-18,9.23854369830309,9.77541394190325,9.02717162207655,9.63510821765031,116101672.856506,12394774.0770319,116.101672856506
UNI,2022-03-19,9.63510821765031,9.94522049201654,9.58601197244626,9.73419903282399,164553163.974883,16896057.0353481,164.55316397488298
UNI,2022-03-20,9.73419903282399,9.78192744185192,9.15393748904552,9.329114770176,112428789.60096,11886196.7564438,112.42878960096
UNI,2022-03-21,9.329114770176,9.7599199876094,9.1919478067121,9.35351616166257,113782368.817754,12105405.3985841,113.782368817754
UNI,2022-03-22,9.35351616166257,10.1548365717859,9.27969021216431,9.75610507810222,162404926.406688,16438943.8420084,162.404926406688
UNI,2022-03-23,9.75610507810222,10.2348039486163,9.66219067899248,10.0064631488537,151651251.353446,15334097.3163404,151.651251353446
UNI,2022-03-24,10.0064631488537,10.7889333658994,9.98075195876737,10.7806403605739,213104400.723486,20587512.0690327,213.104400723486
UNI,2022-03-25,10.7806403605739,11.134904079947,10.4635922287267,10.5879392994011,221734967.723592,20495606.208302,221.734967723592
UNI,2022-03-26,10.5879392994011,10.8468202815534,10.3847388458076,10.6277510676638,113395216.540166,10731887.3585523,113.395216540166
UNI,2022-03-27,10.6277510676638,11.4122958785886,10.4758632783697,11.4035284992758,170740974.167502,15669733.1627651,170.74097416750197
UNI,2022-03-28,11.4035284992758,11.5527785585255,10.8432398170339,10.8931309744463,241406997.086205,21244646.0674687,241.406997086205
UNI,2022-03-29,10.8931309744463,11.7026254164897,10.8931309744463,11.2476291977743,236229450.496232,20934932.6226673,236.229450496232
UNI,2022-03-30,11.2476291977743,11.8438679028934,10.8642083042694,11.697304656083,269444527.828543,23428922.8934689,269.444527828543
UNI,2022-03-31,11.697304656083,12.4703173039875,11.0802735201523,11.2930208264257,338888059.666012,28716739.0209092,338.888059666012
UNI,2022-04-01,11.2930208264257,12.0790342169382,10.9136448490215,11.5792438607185,270111706.082868,23528220.092065,270.11170608286795
UNI,2022-04-02,11.5792438607185,11.992966400992,11.4749650487298,11.6354817210231,270709785.132123,23038686.18753,270.709785132123
UNI,2022-04-03,11.6354817210231,12.0270950045956,11.4774383068942,11.8699999768211,204514848.283806,17317053.5294499,204.514848283806
UNI,2022-04-04,11.8699999768211,12.131979205163,11.0673220856573,11.552446991903,238338747.471422,20449635.4304581,238.33874747142198
UNI,2022-04-05,11.552446991903,12.0197313748881,11.0716988979652,11.1088041909729,155151020.188478,13474267.7038864,155.151020188478
UNI,2022-04-06,11.1088041909729,11.1110746807376,9.93019404234909,9.9573178056721,218798609.427577,20761962.8301711,218.798609427577
UNI,2022-04-07,9.9573178056721,10.5378509588154,9.85058453323072,10.4637963997131,135987716.144691,13456742.3307073,135.98771614469098
UNI,2022-04-08,10.4637963997131,10.7970297137018,9.63554556496952,9.74460651828567,139556125.211207,13790770.4529878,139.556125211207
UNI,2022-04-09,9.74460651828567,10.2629700743952,9.73147464119623,10.0494704547671,100726796.139421,10167023.2593145,100.726796139421
UNI,2022-04-10,10.0494704547671,10.3950199623581,9.86220370557769,9.87099904354492,91112694.3894904,9046056.96905257,91.1126943894904
UNI,2022-04-11,9.87099904354492,9.91367590007903,8.91982295975104,8.98052823225625,141662720.388661,15103295.2448656,141.662720388661
UNI,2022-04-12,8.98052823225625,9.68756071350596,8.94688618801747,9.3164576408558,102328640.278357,11055272.6666207,102.328640278357
UNI,2022-04-13,9.3164576408558,9.83691810252943,9.27877209877305,9.65285722795935,108675315.476439,11435036.3283566,108.675315476439
UNI,2022-04-14,9.65285722795935,9.8204560773386,9.33115026358088,9.47010537366612,97886669.2898211,10245775.6551874,97.8866692898211
UNI,2022-04-15,9.47010537366612,9.96225283538644,9.46678887046044,9.77098102866321,109116364.506855,11251148.506904,109.11636450685499
UNI,2022-04-16,9.77098102866321,10.0166466010682,9.50026359315716,9.66567075398822,73547187.468779,7595781.19832523,73.547187468779
UNI,2022-04-17,9.66567075398822,9.9153576744673,9.20044788701007,9.2478321479174,65810708.0899238,6888889.54738905,65.81070808992379
UNI,2022-04-18,9.2478321479174,9.44034331015613,8.88216246952502,9.38718597024204,96733221.0443326,10589098.002412,96.7332210443326
UNI,2022-04-19,9.38718597024204,9.74926277210397,9.21742299306337,9.54661242202098,77313281.2588807,8213130.62262453,77.3132812588807
UNI,2022-04-20,9.54661242202098,9.72718460260068,9.11957413359792,9.31643605609732,107778206.633854,11464961.379426,107.778206633854
UNI,2022-04-21,9.31643605609732,9.70535574617648,8.6853789636292,8.85230835610382,146462325.984177,15808424.8299591,146.462325984177
UNI,2022-04-22,8.85230835610382,9.39495453119837,8.75002835446236,8.9015258093011,114875341.745168,12828722.1863617,114.875341745168
UNI,2022-04-23,8.9015258093011,9.48229381701998,8.8534749888733,8.91422244711759,86848312.3829878,9602295.94399884,86.8483123829878
UNI,2022-04-24,8.91422244711759,9.13636261733212,8.69330669969492,8.71162109080788,76612953.8116061,8612208.26299262,76.61295381160609
UNI,2022-04-25,8.71162109080788,8.81831723917374,8.19185601190839,8.74817951858751,131111140.005137,15482741.4014224,131.111140005137
UNI,2022-04-26,8.74817951858751,8.94928840031209,7.93190262686875,8.00179938276568,104423647.176768,12407592.7046872,104.423647176768
UNI,2022-04-27,8.00179938276568,8.39896459117387,7.98769123262737,8.22235499630079,83868438.7111828,10195289.8662427,83.8684387111828
UNI,2022-04-28,8.22235499630079,8.40381147954879,8.04014450200828,8.17550124617092,89267886.1487402,10877819.2341095,89.2678861487402
UNI,2022-04-29,8.17550124617092,8.35963735383407,7.53351475811146,7.61929435034457,101436118.901379,12872951.6244335,101.436118901379
UNI,2022-04-30,7.61929435034457,7.79434427915395,6.44904279971838,6.76246078550622,142249925.011099,19485328.1520937,142.249925011099
UNI,2022-05-01,6.76246078550622,7.21940629458599,6.59642211437168,7.11168594535177,125075185.623189,18091033.4609747,125.075185623189
UNI,2022-05-02,7.11168594535177,7.18456653639675,6.65425586584755,6.93257592600466,106975408.670665,15499726.2440513,106.97540867066499
UNI,2022-05-03,6.93257592600466,7.17577943155197,6.70027426906577,6.85583115545339,86040711.2565427,12377210.9902995,86.04071125654269
UNI,2022-05-04,6.85583115545339,7.96487791423934,6.83585050938192,7.93964076473385,138336107.682945,18837060.7962502,138.33610768294503
UNI,2022-05-05,7.93964076473385,8.08898805697672,6.99899703169107,7.35818131746722,164270264.425625,21863348.1121248,164.270264425625
UNI,2022-05-06,7.35818131746722,7.67912865804378,6.90465209429816,7.58770049950593,166852035.473962,22805916.5687111,166.85203547396202
UNI,2022-05-07,7.58770049950593,7.73124197002665,7.01336469109724,7.17451550073557,176103571.538708,23727725.0778469,176.103571538708
UNI,2022-05-08,7.17451550073557,7.32323160291931,6.88654308644324,7.10558485140758,147667728.872875,20750491.6521595,147.66772887287502
UNI,2022-05-09,7.10558485140758,7.20950385945913,5.96207083878504,5.96990564172491,261194103.238271,39496340.8752584,261.194103238271
UNI,2022-05-10,5.96990564172491,6.6447271957146,5.79312884969144,6.08768504597692,242158303.305193,38586381.5615214,242.15830330519302
UNI,2022-05-11,6.08768504597692,6.21804931878404,4.67962739586659,4.89415451946027,356645225.221202,65401898.0122108,356.645225221202
UNI,2022-05-12,4.89415451946027,5.16017567387402,3.617066913157,4.65570415323361,224380150.473105,49904921.496899,224.380150473105
UNI,2022-05-13,4.65570415323361,5.4463799656742,4.60048555693053,5.1677596336309,136626923.296302,26452850.3108423,136.62692329630198
UNI,2022-05-14,5.1677596336309,5.39082367143959,4.77288647230022,5.2409595831938,129797163.817166,25504544.708968,129.797163817166
UNI,2022-05-15,5.2409595831938,5.73406471830352,5.07880791053159,5.51831548421065,173048462.937886,32673185.8932593,173.048462937886
UNI,2022-05-16,5.51831548421065,5.51831548421065,4.96977753374963,5.04967379795173,96462352.3198428,18923048.3954539,96.46235231984281
UNI,2022-05-17,5.04967379795173,5.49610253960374,5.04514397997105,5.46288254209491,90500871.6613081,17201510.5994199,90.5008716613081
UNI,2022-05-18,5.46288254209491,5.53485094503022,4.8690061017179,4.87957111472785,80018242.9227396,15517927.7288659,80.01824292273959
UNI,2022-05-19,4.87957111472785,5.21147865011802,4.74169936828109,5.18556843403734,80376123.0334171,16160581.6070066,80.3761230334171
UNI,2022-05-20,5.18556843403734,5.4990134706591,4.92710272769673,5.0897230821459,86487573.9637706,16514892.6860629,86.4875739637706
UNI,2022-05-21,5.0897230821459,5.35758748975438,4.99427067214443,5.22878038601494,58997611.3364364,11368038.6638026,58.9976113364364
UNI,2022-05-22,5.22878038601494,5.53204840937213,5.12495052962087,5.48369275586453,62612420.6853522,11768361.7088692,62.6124206853522
UNI,2022-05-23,5.48369275586453,5.95352562597534,5.36977128808825,5.62108190283024,120531912.86599,21125111.8574629,120.53191286599
UNI,2022-05-24,5.62108190283024,5.79230360995469,5.2993294403798,5.59116531015936,104592567.904148,18811721.5869726,104.592567904148
UNI,2022-05-25,5.59116531015936,5.76954619165711,5.38557914603304,5.61507703808262,82782247.9089754,14834782.0622118,82.78224790897539
UNI,2022-05-26,5.61507703808262,5.76033208447789,4.79260632797942,4.94263081877519,114484721.670734,22069427.5840452,114.484721670734
UNI,2022-05-27,4.94263081877519,5.06509014208507,4.59883335762455,4.68638861589055,111296777.462804,23098880.4518517,111.296777462804
UNI,2022-05-28,4.68638861589055,5.01149284543789,4.61090520809856,4.97802160440587,52680121.3118469,10925210.2251391,52.6801213118469
UNI,2022-05-29,4.97802160440587,5.15369571705136,4.77777574448429,4.94545025120148,46113977.666603,9433662.28004766,46.113977666603
UNI,2022-05-30,4.94545025120148,5.680345359046,4.88857596902023,5.65029440662486,88340850.0227106,16452620.9522373,88.34085002271061
UNI,2022-05-31,5.65029440662486,5.86147666845911,5.55177808540544,5.69740103624767,85032834.599196,14929055.5910551,85.03283459919601
UNI,2022-06-01,5.69740103624767,5.80164796367208,5.12153536463634,5.13870761037397,78122159.9282645,14177033.3960405,78.1221599282645
UNI,2022-06-02,5.13870761037397,5.32767762472213,5.05606021763097,5.30096614664823,52471160.1183261,10100967.0626151,52.4711601183261
UNI,2022-06-03,5.30096614664823,5.33071520840291,4.96790738542272,5.06935235258336,40452335.2240835,7901040.13395987,40.4523352240835
UNI,2022-06-04,5.06935235258336,5.18785396118087,4.94059867881513,5.12335178247626,31901657.1173723,6309943.28829686,31.9016571173723
UNI,2022-06-05,5.12335178247626,5.21312454501158,4.92159111280043,5.09462489008116,33124183.1456438,6538650.89642019,33.1241831456438
UNI,2022-06-06,5.09462489008116,5.46830060726398,5.09259555750685,5.3700214111921,56321067.0463972,10623373.2830565,56.321067046397204
UNI,2022-06-07,5.3700214111921,5.40660680172519,4.94643712440555,5.21711836251036,84827962.7744283,16492607.0060475,84.82796277442829
UNI,2022-06-08,5.21711836251036,5.31246254200178,5.04301897956702,5.08114614871035,58864301.4396715,11419729.4385322,58.8643014396715
UNI,2022-06-09,5.08114614871035,5.34524941514996,5.02834512573275,5.19631192161469,42428586.9887126,8171255.282276,42.4285869887126
UNI,2022-06-10,5.19631192161469,5.27386748929026,4.78231110035705,4.8091666171784,60638999.7809401,12146653.1219278,60.638999780940104
UNI,2022-06-11,4.8091666171784,4.95740752402954,4.33925345034247,4.37855647216891,69166051.5751587,14939582.8331415,69.1660515751587
UNI,2022-06-12,4.37855647216891,4.4543452064628,4.06223201539175,4.06223201539175,70376547.6719141,16596467.9618747,70.3765476719141
UNI,2022-06-13,4.06223201539175,4.11684672963507,3.47107757121378,3.6570955440985,121962463.397628,32959745.8107916,121.962463397628
UNI,2022-06-14,3.6570955440985,3.90801814545589,3.350801597216,3.86453581160938,74188040.6178934,20183861.7271733,74.18804061789339
UNI,2022-06-15,3.86453581160938,4.4212666353617,3.39296231710467,4.41540639096435,107805072.639136,28307493.9227294,107.805072639136
UNI,2022-06-16,4.41540639096435,4.44500527373794,3.75585012590533,3.82893390966261,93988348.1233382,23111812.7398408,93.9883481233382
UNI,2022-06-17,3.82893390966261,3.99022898447936,3.79942792931503,3.93119451203488,52798148.5099368,13505663.4284973,52.7981485099368
UNI,2022-06-18,3.93119451203488,4.07666160560134,3.35521804307134,3.64204457554328,79432470.1742776,21615272.0693567,79.4324701742776
UNI,2022-06-19,3.64204457554328,4.23892681580046,3.50447159296328,4.18477762013971,75311385.0892425,19613468.4143949,75.3113850892425
UNI,2022-06-20,4.18477762013971,4.3775761172867,3.98072302090236,4.29302599968273,82253890.1044324,19723336.6820934,82.2538901044324
UNI,2022-06-21,4.29302599968273,5.15730876339695,4.22877927226648,4.76033044968178,122481106.828042,25966008.4543395,122.481106828042
UNI,2022-06-22,4.76033044968178,5.33737790293699,4.57463415290579,4.97556307026541,168659248.839478,34201901.5114587,168.65924883947798
UNI,2022-06-23,4.97556307026541,5.63686861199011,4.97139585846453,5.61542320395764,119251356.578749,22253183.7074675,119.251356578749
UNI,2022-06-24,5.61542320395764,5.77845652853695,5.35509993420007,5.46812319676597,105539923.990063,18983539.3768255,105.539923990063
UNI,2022-06-25,5.46812319676597,5.74024689760487,5.26410084413013,5.62060798237375,71054128.1557032,13002834.235685,71.0541281557032
UNI,2022-06-26,5.62060798237375,6.02409113491044,5.48072503634816,5.59680597433081,90002038.2353663,15780818.9488576,90.0020382353663
UNI,2022-06-27,5.59680597433081,6.06620291579138,5.28658197527939,5.32438863093922,82244086.2580396,14756653.0895066,82.24408625803959
UNI,2022-06-28,5.32438863093922,5.47034615520221,4.85880438694607,4.91348411006493,76905674.0789815,14798282.3400878,76.9056740789815
UNI,2022-06-29,4.91348411006493,5.24397397287575,4.78803122053684,5.10462495180029,94418894.2919884,18869676.0430447,94.41889429198841
UNI,2022-06-30,5.10462495180029,5.12896031587684,4.61269954290411,5.00296623218131,102442496.598406,21166653.1606368,102.442496598406
UNI,2022-07-01,5.00296623218131,5.11035638579382,4.75426682888148,4.84944138205433,75844981.5516247,15415365.2548279,75.8449815516247
UNI,2022-07-02,4.84944138205433,5.07175178123427,4.7206112881511,4.90876526386075,65116731.8671937,13354805.7670613,65.11673186719369
UNI,2022-07-03,4.90876526386075,4.94199916287501,4.73252172012618,4.91583717266624,46953613.3281302,9672960.82426672,46.9536133281302
UNI,2022-07-04,4.91583717266624,5.33580961479773,4.72929322942437,5.33580961479773,60891105.2040492,12259658.6596722,60.8911052040492
UNI,2022-07-05,5.33580961479773,5.42976584033152,5.0160470909177,5.30336398118469,79069235.2620599,15047973.3784234,79.06923526205989
UNI,2022-07-06,5.30336398118469,5.48403356108089,5.19130399652023,5.34527470846254,77458102.9827835,14515968.0650049,77.4581029827835
UNI,2022-07-07,5.34527470846254,5.8117381235033,5.28584047840771,5.7303855998839,73260846.4090382,13191618.0734948,73.2608464090382
UNI,2022-07-08,5.7303855998839,5.94810996503188,5.52706798957521,5.78340595517989,92017230.4738061,16031371.7725301,92.0172304738061
UNI,2022-07-09,5.78340595517989,6.60526309693175,5.78340595517989,6.46055363408627,130476934.845313,20885792.4823309,130.476934845313
UNI,2022-07-10,6.46055363408627,6.46460655812889,5.99188932259379,6.22997154957471,109160166.727592,17526988.2780299,109.160166727592
UNI,2022-07-11,6.22997154957471,6.26089782578901,5.27765216225194,5.56461015006075,159477265.163798,27190800.8234306,159.477265163798
UNI,2022-07-12,5.56461015006075,5.86913772636755,5.4518523764152,5.52533868853157,155136314.80777,27544226.2548809,155.13631480777002
UNI,2022-07-13,5.52533868853157,6.19582399135724,5.27783436329445,6.10945871329169,150939661.723446,26717178.299565,150.93966172344602
UNI,2022-07-14,6.10945871329169,7.07228452301998,6.03195443883907,7.01874119860228,303522988.017449,47338857.8253122,303.522988017449
UNI,2022-07-15,7.01874119860228,7.21283484317314,6.74198198574302,6.78006106225821,165379994.650294,23696678.2552893,165.379994650294
UNI,2022-07-16,6.78006106225821,7.62975717144044,6.6876719031462,7.38061567941293,150882966.304369,21223657.413869,150.882966304369
UNI,2022-07-17,7.38061567941293,7.45439760837343,6.90813849629879,6.94235865092179,104300990.646404,14655058.5752146,104.300990646404
UNI,2022-07-18,6.94235865092179,7.43934941083694,6.94006751464378,7.34304398144844,159629612.674311,22076590.5737573,159.629612674311
UNI,2022-07-19,7.34304398144844,7.7344703141029,7.22606316214024,7.35140591652541,192933488.625527,25841895.1681001,192.933488625527
UNI,2022-07-20,7.35140591652541,7.60064512149318,6.80883063634422,6.85900696627137,157356191.710445,21527513.3113812,157.356191710445
UNI,2022-07-21,6.85900696627137,7.29262942931134,6.68197111981737,7.22089310195184,113599984.976357,16287827.3367681,113.59998497635699
UNI,2022-07-22,7.22089310195184,7.53359819414232,6.83167785921827,6.89989382203529,107639819.458531,15093301.4757882,107.63981945853101
UNI,2022-07-23,6.89989382203529,7.21832292286292,6.66307173295293,6.97103334625929,90221261.1592402,13102136.1791229,90.2212611592402
UNI,2022-07-24,6.97103334625929,7.31654582812035,6.89491066031568,7.23058029653261,93436324.1545556,13245032.9491932,93.4363241545556
UNI,2022-07-25,7.23058029653261,7.51064574134563,6.82770800637366,7.06598129964344,227725680.747833,31842534.8540387,227.72568074783302
UNI,2022-07-26,7.06598129964344,7.06598129964344,6.22626003550869,6.65481387901728,158132779.796265,24009273.1207357,158.132779796265
UNI,2022-07-27,6.65481387901728,8.17762840550927,6.51010220406483,8.0421845896153,206140174.5697,28177037.3768084,206.1401745697
UNI,2022-07-28,8.0421845896153,9.77762392867147,7.97716318087191,9.29337155221111,371111854.10229,42453379.523844,371.11185410228995
UNI,2022-07-29,9.29337155221111,9.49286180322092,8.63003376858455,9.06499921735787,258144113.460473,28660078.060525,258.144113460473
UNI,2022-07-30,9.06499921735787,9.15876557053091,8.52771585619557,8.77201840658958,179519953.773644,20284281.2469646,179.519953773644
UNI,2022-07-31,8.77201840658958,9.12693704439631,8.34577217356557,8.34688323828816,172827110.37663,19541287.8515327,172.82711037663
UNI,2022-08-01,8.34688323828816,8.57421620185614,8.06862088741407,8.37509561125719,129024921.101801,15510462.4782819,129.024921101801
UNI,2022-08-02,8.37509561125719,8.66740980384528,7.82450633852758,8.26298390093723,189787068.906099,23301878.371461,189.787068906099
UNI,2022-08-03,8.26298390093723,9.37120226510002,8.04799513638376,8.93611271349412,219950454.00789,24747114.1575211,219.95045400789
UNI,2022-08-04,8.93611271349412,9.11321497172429,8.58205023624351,8.81912791246681,158462812.189682,17980391.0811491,158.462812189682
UNI,2022-08-05,8.81912791246681,9.27886544175222,8.79561937558804,8.97612922295308,132586256.141207,14700300.8714798,132.586256141207
UNI,2022-08-06,8.97612922295308,9.13677118785401,8.74871446566309,8.7700209716651,79727865.1137134,8900850.54686762,79.72786511371339
UNI,2022-08-07,8.7700209716651,8.98674188875717,8.68088745916575,8.78790288543765,58629215.4160243,6622306.76187914,58.629215416024294
UNI,2022-08-08,8.78790288543765,9.27827483612371,8.75189620656682,8.79244182567644,119354534.715752,13313497.0251545,119.35453471575201
UNI,2022-08-09,8.79244182567644,8.88778223112341,8.12175439758664,8.44011918802268,118824879.602209,13981184.7772274,118.824879602209
UNI,2022-08-10,8.44011918802268,9.40584897429491,8.21690457650537,9.21614921988321,156982321.100221,17593734.6303081,156.98232110022101
UNI,2022-08-11,9.21614921988321,9.57531544221026,8.87039575742151,8.95833139776006,167598485.439402,18122840.4280431,167.59848543940203
UNI,2022-08-12,8.95833139776006,9.24600096429261,8.7702446123894,9.20538272589085,105331207.163467,11665325.465094,105.331207163467
UNI,2022-08-13,9.20538272589085,9.33039487932595,8.91848809724732,8.98592155498886,102022120.852538,11193504.4083111,102.02212085253801
UNI,2022-08-14,8.98592155498886,9.63580448477152,8.77616952586561,8.88207940155741,145868363.844333,15817084.3507334,145.868363844333
UNI,2022-08-15,8.88207940155741,9.14697245148066,8.31163925127625,8.46957471225151,148058500.946249,17025559.7320583,148.058500946249
UNI,2022-08-16,8.46957471225151,8.56514902914405,8.19799306801744,8.34109462127116,126021939.48056,15074945.1380815,126.02193948056001
UNI,2022-08-17,8.34109462127116,8.6820559090293,7.8726472409246,7.95425843398352,123147333.401697,14983961.4853677,123.147333401697
UNI,2022-08-18,7.95425843398352,8.20815873257702,7.50409366111089,7.5738285999788,113510661.539383,14334608.3006075,113.510661539383
UNI,2022-08-19,7.5738285999788,7.66735802827234,6.82755162698186,6.90413799868914,176835433.35729,24804821.3074329,176.83543335729
UNI,2022-08-20,6.90413799868914,7.19750430216525,6.75454165408929,7.00177748494712,102361610.945915,14562040.9503202,102.361610945915
UNI,2022-08-21,7.00177748494712,7.39391666091712,6.98201030697784,7.20717512787337,88510913.1520755,12381798.7073217,88.5109131520755
UNI,2022-08-22,7.20717512787337,7.32748687867186,6.63585167966988,6.98380247862082,126610576.634226,18274860.3247458,126.61057663422599
UNI,2022-08-23,6.98380247862082,7.2051170843421,6.76173405703851,7.11137312633592,107341346.623813,15215228.3739769,107.34134662381301
UNI,2022-08-24,7.11137312633592,7.29760047848834,6.87401346246269,7.0438196531961,93887454.3432307,13294994.3809489,93.8874543432307
UNI,2022-08-25,7.0438196531961,7.23833779798497,6.93035731145379,7.02721652633048,97915341.5770657,13823225.2681272,97.9153415770657
UNI,2022-08-26,7.02721652633048,7.02721652633048,6.0855184219013,6.14997538751462,157245781.399556,23633815.4843343,157.24578139955602
UNI,2022-08-27,6.14997538751462,6.19711107185123,5.95794983081476,6.05623687874408,95527554.7928464,15716182.8964408,95.5275547928464
UNI,2022-08-28,6.05623687874408,6.09871808050599,5.71612550132496,5.73289992096718,89436902.3818996,14957854.8931656,89.4369023818996
UNI,2022-08-29,5.73289992096718,6.3891726454036,5.70060513678902,6.33896420043291,92210190.1050107,15229400.5337561,92.21019010501071
UNI,2022-08-30,6.33896420043291,6.45259219977079,5.95031233154702,6.17276063193419,98423158.8554663,15789352.5815764,98.42315885546631
UNI,2022-08-31,6.17276063193419,6.41503273399097,6.10499263275444,6.14053148137911,123502276.433599,19665645.3844462,123.502276433599
UNI,2022-09-01,6.14053148137911,6.386221568987,5.96243146841613,6.31825871774395,84109586.6783392,13706336.9921438,84.1095866783392
UNI,2022-09-02,6.31825871774395,6.67812554326729,6.21492554969133,6.40723395711007,88525604.7157397,13784030.659892,88.5256047157397
UNI,2022-09-03,6.40723395711007,6.40723395711007,6.22636682110081,6.30773438928619,43439345.7620728,6874897.88891226,43.439345762072804
UNI,2022-09-04,6.30773438928619,6.5123135679246,6.23130313119323,6.48011765218583,57258938.1921103,8941481.7248542,57.2589381921103
UNI,2022-09-05,6.48011765218583,6.65934400211317,6.20963417340552,6.57980509845066,84677137.0780986,13198310.6433228,84.6771370780986
UNI,2022-09-06,6.57980509845066,6.74315877241057,5.81244230820083,5.82981237660159,121601114.863255,19301140.5696711,121.60111486325499
UNI,2022-09-07,5.82981237660159,6.22351743780125,5.72022702418189,6.11390349083041,79669185.5062331,13433644.8383347,79.66918550623309
UNI,2022-09-08,6.11390349083041,6.24817738690204,5.95944076515513,6.17383063535363,77726433.3881255,12719010.6228635,77.7264333881255
UNI,2022-09-09,6.17383063535363,6.70300954782328,6.17383063535363,6.57829129923488,126732906.133034,19512920.0708715,126.732906133034
UNI,2022-09-10,6.57829129923488,6.71919669381085,6.4535584471131,6.67714223852383,102660713.969425,15639143.54821,102.66071396942499
UNI,2022-09-11,6.67714223852383,6.72538462250791,6.37921868733946,6.49482669352521,87363552.3283713,13313866.6297212,87.3635523283713
UNI,2022-09-12,6.49482669352521,6.94666473910515,6.38539551630295,6.6589658296598,133991086.555422,19958257.8412034,133.991086555422
UNI,2022-09-13,6.6589658296598,6.9073523210399,6.00338585305651,6.03514576878423,117146615.747387,18310323.5984612,117.146615747387
UNI,2022-09-14,6.03514576878423,6.24110947354284,5.97391443103432,6.18262447441821,76025272.5681562,12412481.4539037,76.0252725681562
UNI,2022-09-15,6.18262447441821,6.21941608116734,5.796909860157,5.88456907200958,94712511.4669235,15739664.4442299,94.7125114669235
UNI,2022-09-16,5.88456907200958,5.93325791711652,5.68045268846606,5.8250038754707,59118233.3902879,10157526.2394849,59.1182333902879
UNI,2022-09-17,5.8250038754707,6.03171927435084,5.81427244855962,6.01591710908994,51248459.6164384,8645967.06991298,51.248459616438396
UNI,2022-09-18,6.01591710908994,6.04608855605577,5.44611619384495,5.47114682881757,71046120.9615087,12337979.8178515,71.0461209615087
UNI,2022-09-19,5.47114682881757,5.51821006726486,5.22614400987055,5.47845274739849,86086195.6146671,16044441.8469573,86.0861956146671
UNI,2022-09-20,5.47845274739849,5.54917680832347,5.28256620921322,5.29836912696253,62198827.9077369,11464861.6982265,62.1988279077369
UNI,2022-09-21,5.29836912696253,5.7441125360975,5.15874934895594,5.34509016365123,97115956.0983177,17922395.5645211,97.1159560983177
UNI,2022-09-22,5.34509016365123,5.85225571547224,5.32959646870198,5.73335684565589,102726801.306997,18094480.8531138,102.726801306997
UNI,2022-09-23,5.73335684565589,5.97654570919951,5.71214618847635,5.91169546895258,111343658.199043,19071990.2133808,111.343658199043
UNI,2022-09-24,5.91169546895258,6.04186627251654,5.77662989407524,5.79926863904431,77938225.5191946,13162045.3404127,77.9382255191946
UNI,2022-09-25,5.79926863904431,5.95011455501053,5.62358894891722,5.65794271960936,68477700.7925537,11771562.1489634,68.47770079255369
UNI,2022-09-26,5.65794271960936,5.98078190138346,5.56063301916948,5.92055088855832,110942180.698826,19313750.9929021,110.942180698826
UNI,2022-09-27,5.92055088855832,6.69436724459272,5.91224941280599,6.37214280081626,222308187.716258,34782874.650549,222.30818771625798
UNI,2022-09-28,6.37214280081626,6.61527673292099,6.021219021324,6.55824507689595,170229805.096592,26956597.2124018,170.229805096592
UNI,2022-09-29,6.55824507689595,6.56493846954079,6.14560454942921,6.3752587043054,123102380.7039,19357553.1047984,123.1023807039
UNI,2022-09-30,6.3752587043054,6.67284917803312,6.27568840047743,6.46502883920444,160024893.84949,24856684.9900344,160.02489384948998
UNI,2022-10-01,6.46502883920444,6.65235041580792,6.38690700645795,6.40274250514427,98665771.7822704,15147307.6175991,98.6657717822704
UNI,2022-10-02,6.40274250514427,6.51612743481204,6.18671046955518,6.25773959669554,136728182.046898,21591094.0634021,136.728182046898
UNI,2022-10-03,6.25773959669554,6.7819677762853,6.19664673849405,6.62997448356832,158743121.025393,24641283.1021047,158.743121025393
UNI,2022-10-04,6.62997448356832,6.84202721883841,6.57708951529433,6.65214059632923,163889245.498754,24404861.6649035,163.889245498754
UNI,2022-10-05,6.65214059632923,6.82001659884031,6.48033977071684,6.80544258685242,105540410.529548,15857007.2425093,105.540410529548
UNI,2022-10-06,6.80544258685242,6.99238290110146,6.75784677808738,6.86743009291823,146401729.144007,21255940.5231862,146.401729144007
UNI,2022-10-07,6.86743009291823,7.06393268952928,6.68806748340961,6.79134439083171,133179174.195327,19310435.9133551,133.179174195327
UNI,2022-10-08,6.79134439083171,6.83790603937,6.45028935498428,6.50921380264196,75838700.9502546,11406678.3599388,75.8387009502546
UNI,2022-10-09,6.50921380264196,6.64248001345823,6.49078040036771,6.62986969678644,61840727.9682491,9404768.82250227,61.8407279682491
UNI,2022-10-10,6.62986969678644,6.71140667593473,6.24834881938978,6.39028344585314,84332586.8162331,13109955.8220754,84.3325868162331
UNI,2022-10-11,6.39028344585314,6.5035243677207,5.95521410739062,5.99507131826923,112630693.741273,18109342.3448483,112.630693741273
UNI,2022-10-12,5.99507131826923,6.16559813205781,5.97333507531218,6.05981884286163,74201991.9937442,12194623.8609805,74.2019919937442
UNI,2022-10-13,6.05981884286163,6.25893441985357,5.40934807405542,6.14214677937429,188165539.280308,32295578.6800451,188.165539280308
UNI,2022-10-14,6.14214677937429,6.51659006719342,6.10214652289162,6.28689106283727,151295680.561876,24005300.0894507,151.295680561876
UNI,2022-10-15,6.28689106283727,6.33107752311581,6.00573103100823,6.04336762442684,69729487.553301,11378368.5569784,69.72948755330101
UNI,2022-10-16,6.04336762442684,6.25141720053694,5.97469861259201,6.10366410306458,58154616.2825283,9563618.75933911,58.1546162825283
UNI,2022-10-17,6.10366410306458,6.44069499077336,6.03611180071212,6.39751580606823,91129910.6285364,14557333.1189508,91.12991062853641
UNI,2022-10-18,6.39751580606823,6.6475704143174,6.22045705129839,6.52275181816455,133739719.645202,20862937.9410199,133.739719645202
UNI,2022-10-19,6.52275181816455,6.75545767263826,6.38800086525706,6.57815722737491,158109804.746418,24063331.9403387,158.109804746418
UNI,2022-10-20,6.57815722737491,6.58127646424911,6.02628176658898,6.09230694032194,142117871.886672,22398202.7418157,142.117871886672
UNI,2022-10-21,6.09230694032194,6.16695700738825,5.84560443531824,6.03426907658584,149038681.773694,24814254.3713743,149.038681773694
UNI,2022-10-22,6.03426907658584,6.15337435229796,5.98476766981738,6.08964526634095,77850462.4451139,12834667.1521688,77.85046244511389
UNI,2022-10-23,6.08964526634095,6.29132699551118,5.98765934616863,6.28799077202418,90542524.0385198,14809101.0892933,90.5425240385198
UNI,2022-10-24,6.28799077202418,6.35863460589367,6.07442103656827,6.14483334333902,94185733.2205894,15232128.7270527,94.1857332205894
UNI,2022-10-25,6.14483334333902,6.76928768323807,6.08577267865632,6.57006256091884,147712865.305422,23080942.818554,147.712865305422
UNI,2022-10-26,6.57006256091884,6.88624320962097,6.53193186816202,6.70315671028252,156988375.884228,23401250.3529616,156.988375884228
UNI,2022-10-27,6.70315671028252,7.19404335341498,6.6841722161352,6.80347901732389,283885857.263837,40766893.5896148,283.88585726383695
UNI,2022-10-28,6.80347901732389,6.97279219708942,6.52665371726845,6.8579338341955,235311898.154505,34655563.0689167,235.311898154505
UNI,2022-10-29,6.8579338341955,7.21000484314893,6.71504128156065,7.09409365018359,212584221.710388,30465827.9619426,212.584221710388
UNI,2022-10-30,7.09409365018359,7.35591908539351,6.80091835930393,6.88977367477607,178032042.534493,25140209.7489395,178.032042534493
UNI,2022-10-31,6.88977367477607,7.11876785470441,6.7040332526537,6.96085137811217,150571835.509755,21801518.0063051,150.57183550975498
UNI,2022-11-01,6.96085137811217,7.44286048922509,6.91194827136926,7.11780134449208,175633564.561191,24369315.8698978,175.63356456119098
UNI,2022-11-02,7.11780134449208,7.35560521096951,6.83888322794615,7.09769179347384,195291890.44115,27644353.809173,195.29189044115
UNI,2022-11-03,7.09769179347384,7.39480349884429,6.90232282789481,6.9243350106947,166834735.191853,23215358.4337278,166.83473519185299
UNI,2022-11-04,6.9243350106947,7.73898664867658,6.83380835813875,7.55212973175838,227499542.033643,30909691.2025908,227.499542033643
UNI,2022-11-05,7.55212973175838,7.7709274601959,7.53822749748208,7.68562346017596,158145581.874852,20636155.6765497,158.145581874852
UNI,2022-11-06,7.68562346017596,7.75184359178125,7.06057898862014,7.06985611895549,132486578.837201,17746010.4321791,132.486578837201
UNI,2022-11-07,7.06985611895549,7.64725432471928,6.89476734275113,7.00761787372741,220531901.567379,30624041.1730112,220.531901567379
UNI,2022-11-08,7.00761787372741,7.08732113745765,5.50833089039213,6.06569693037745,313439572.793511,48711757.8476005,313.439572793511
UNI,2022-11-09,6.06569693037745,6.20385207076731,4.74641683728001,4.89368074630542,259452681.612747,46878401.8401082,259.452681612747
UNI,2022-11-10,4.89368074630542,6.00420948862427,4.82470563445702,5.77862945875924,231702212.730464,42118302.6962407,231.702212730464
UNI,2022-11-11,5.77862945875924,6.23255535760136,5.46068060342467,6.08420530013966,200536766.341532,34194054.8954929,200.536766341532
UNI,2022-11-12,6.08420530013966,6.16948294262825,5.31737539576127,5.55261936101344,155216007.016956,27838378.2591372,155.216007016956
UNI,2022-11-13,5.55261936101344,6.14833093412254,5.49501798636889,5.79701251092153,162586711.370712,27670489.2421133,162.586711370712
UNI,2022-11-14,5.79701251092153,6.09441587837373,5.39614798464313,6.07659783495952,142038794.912506,24426632.2298606,142.038794912506
UNI,2022-11-15,6.07659783495952,6.47856884338015,5.96917132266549,6.27388299842354,125326720.112107,20145868.0446981,125.326720112107
UNI,2022-11-16,6.27388299842354,6.39568627933192,5.83688299255494,5.95199852477604,105496153.873891,17356820.8639051,105.49615387389099
UNI,2022-11-17,5.95199852477604,6.03417915817524,5.67023032220268,5.71663346172842,75777589.5100362,13012125.9739861,75.7775895100362
UNI,2022-11-18,5.71663346172842,6.03388448242883,5.71500446449105,5.83488764769672,112737757.576509,19144530.7050666,112.737757576509
UNI,2022-11-19,5.83488764769672,5.84247479148299,5.65677761657139,5.74659392388035,131895711.410185,22922446.3628297,131.895711410185
UNI,2022-11-20,5.74659392388035,5.80075904589282,5.38039887866001,5.42419678848015,117796553.396913,21040045.6768986,117.79655339691301
UNI,2022-11-21,5.42419678848015,5.44728022613823,5.08439939569404,5.18783772233693,149481158.956037,28324011.1877418,149.481158956037
UNI,2022-11-22,5.18783772233693,5.36801884196455,4.95412574791769,5.29137972295463,148323158.669017,28623563.4995135,148.32315866901698
UNI,2022-11-23,5.29137972295463,5.5230235372732,5.26600812060552,5.47581784772447,138761770.317869,25487579.0519653,138.761770317869
UNI,2022-11-24,5.47581784772447,5.56390862735475,5.3507290613894,5.44098841639597,125282135.35742,22951655.8911155,125.28213535742
UNI,2022-11-25,5.44098841639597,5.50053186929893,5.28029468661638,5.39738131969949,142302084.559614,26464610.2085554,142.302084559614
UNI,2022-11-26,5.39738131969949,5.60157552551592,5.34935994102489,5.40370999023143,142085260.999618,25893330.40445,142.085260999618
UNI,2022-11-27,5.40370999023143,5.59727678735988,5.37767924400696,5.39080478781401,127892624.739727,23238638.6492249,127.89262473972701
UNI,2022-11-28,5.39080478781401,5.43961471830186,5.15268732632273,5.29387052561652,164192058.618781,31251477.7425145,164.192058618781
UNI,2022-11-29,5.29387052561652,5.52393730558471,5.24396554169917,5.44410369112968,138498339.518831,25552372.6714309,138.49833951883102
UNI,2022-11-30,5.44410369112968,5.8924341007936,5.44410369112968,5.85646786412825,200618047.60452,34888773.7623135,200.61804760452
UNI,2022-12-01,5.85646786412825,5.97844634050178,5.71172726353303,5.90295394640065,189687514.348437,32558453.4865288,189.68751434843702
UNI,2022-12-02,5.90295394640065,6.52477752925785,5.86994199249927,6.35242465258072,213906218.311484,34960944.2207071,213.906218311484
UNI,2022-12-03,6.35242465258072,6.43871906012769,6.06434039845505,6.09028281246303,181042339.52443,28950837.7813639,181.04233952443002
UNI,2022-12-04,6.09028281246303,6.30141455309652,6.09028281246303,6.25808659115625,144624482.853871,23373503.1572198,144.624482853871
UNI,2022-12-05,6.25808659115625,6.40699378665585,6.11237269888556,6.16843798555645,163717295.449875,26139890.957668,163.717295449875
UNI,2022-12-06,6.16843798555645,6.22507576334357,6.04861032376934,6.17008715054079,153021949.706176,24952402.921045,153.021949706176
UNI,2022-12-07,6.17008715054079,6.29145713168913,5.88341529286537,5.99041389864985,141657143.399963,23464129.1028101,141.657143399963
UNI,2022-12-08,5.99041389864985,6.23982193261957,5.92327906793996,6.1789813495856,158723436.333682,26222532.5400529,158.723436333682
UNI,2022-12-09,6.1789813495856,6.29314733062589,6.06755583620981,6.15328409748731,146573144.403539,23860801.3305856,146.573144403539
UNI,2022-12-10,6.15328409748731,6.22442701407942,6.05143040075799,6.09261432653461,108072099.07166,17620374.8700286,108.07209907165999
UNI,2022-12-11,6.09261432653461,6.1156301198387,5.89934641940981,5.91041735223335,116338496.780592,19266310.5283899,116.338496780592
UNI,2022-12-12,5.91041735223335,5.96431520316454,5.75199497262405,5.91853575193182,120651026.042493,20676071.6483616,120.651026042493
UNI,2022-12-13,5.91853575193182,6.26048699395294,5.84970340156604,6.09556732790363,141830435.183289,23584555.5415332,141.83043518328898
UNI,2022-12-14,6.09556732790363,6.17444550858974,5.90165546273229,5.90199485746797,164669827.778724,27156223.1104834,164.66982777872403
UNI,2022-12-15,5.90199485746797,6.00310285882577,5.76207696484903,5.79145936059013,160658824.165613,27282387.2440393,160.658824165613
UNI,2022-12-16,5.79145936059013,5.86968072976943,5.22764116289071,5.2978647398941,170466825.1712,30516120.4865251,170.4668251712
UNI,2022-12-17,5.2978647398941,5.44951969000079,5.24012156581022,5.38472280724616,141912090.498997,26484117.2227147,141.912090498997
UNI,2022-12-18,5.38472280724616,5.40206417625202,5.29793875681853,5.32358465226008,103142245.773133,19313219.7958111,103.142245773133
UNI,2022-12-19,5.32358465226008,5.42764945627106,5.00042262448823,5.0920623358681,128281768.396942,24453609.798889,128.281768396942
UNI,2022-12-20,5.0920623358681,5.3858099268658,5.05992871484561,5.35724282997654,144210768.19837,27230283.1417259,144.21076819837
UNI,2022-12-21,5.35724282997654,5.35884258052956,5.20615201697734,5.31628848328506,130446643.003958,24742263.4359549,130.446643003958
UNI,2022-12-22,5.31628848328506,5.38032817436596,5.12357552497679,5.35949445722882,191769943.052691,36481234.469205,191.76994305269102
UNI,2022-12-23,5.35949445722882,5.40299706760546,5.22545367458736,5.25389642637847,219455390.467556,41440372.8912005,219.455390467556
UNI,2022-12-24,5.25389642637847,5.27072544579054,5.17013396418729,5.19259233383683,160821637.526159,30828730.9783457,160.82163752615898
UNI,2022-12-25,5.19259233383683,5.23413831261352,5.04422249227766,5.15141646076241,199518669.964813,38822200.8201136,199.518669964813
UNI,2022-12-26,5.15141646076241,5.20742925008765,5.12423527372189,5.19203989066466,192065801.996782,37133576.1158237,192.065801996782
UNI,2022-12-27,5.19203989066466,5.30954306839819,5.08415902579099,5.17971132413668,184274667.361416,35474585.5447066,184.27466736141602
UNI,2022-12-28,5.17971132413668,5.20122964452307,4.93701817282371,4.96327196211551,144001124.665527,28432506.7876644,144.001124665527
UNI,2022-12-29,4.96327196211551,5.18655135037972,4.9441352090382,5.04028106129659,126725165.276767,25076010.5529874,126.725165276767
UNI,2022-12-30,5.04028106129659,5.10779401511103,4.95357078932057,5.08795764376737,127697167.809091,25302083.8233088,127.697167809091
UNI,2022-12-31,5.08795764376737,5.21055930667247,5.04795493072646,5.15318737741669,117185687.548789,22897436.7920461,117.18568754878899
UNI,2023-01-01,5.15318737741669,5.27409016413341,5.09203543302295,5.24020927058524,97657352.771997,18882190.0356861,97.65735277199701
UNI,2023-01-02,5.24020927058524,5.46438681545689,5.1720634814462,5.36010967855967,157006341.766088,29546626.3170394,157.006341766088
UNI,2023-01-03,5.36010967855967,5.40463899942309,5.26847808761515,5.36845387242794,129326031.803812,24197008.176068,129.326031803812
UNI,2023-01-04,5.36845387242794,5.5953042312643,5.36588096325364,5.52566255801449,162242550.605222,29405470.1143204,162.242550605222
UNI,2023-01-05,5.52566255801449,5.54443971902199,5.32592894233114,5.36690301652657,124899336.876005,22985157.2394473,124.899336876005
UNI,2023-01-06,5.36690301652657,5.53734804090411,5.28800498084686,5.51460349734662,135249332.686639,25081067.8312326,135.249332686639
UNI,2023-01-07,5.51460349734662,5.55791961190667,5.38850087133374,5.41017985390201,124744295.984854,22852085.5472885,124.74429598485399
UNI,2023-01-08,5.41017985390201,5.58304888955009,5.33964605395719,5.56856862550953,128776911.298769,23591746.6058477,128.776911298769
UNI,2023-01-09,5.56856862550953,5.957156112518,5.56856862550953,5.78608955438345,170047392.25958,29350363.1811649,170.04739225958
UNI,2023-01-10,5.78608955438345,5.8776947510278,5.66797505151044,5.78249454353566,134618223.82559,23352211.9129254,134.61822382559
UNI,2023-01-11,5.78249454353566,5.95040179644042,5.60934188170791,5.91024217338936,122580555.775797,21428216.7521312,122.580555775797
UNI,2023-01-12,5.91024217338936,6.18274349955985,5.86769373177472,6.17903482408622,246824357.586211,40920276.4222757,246.824357586211
UNI,2023-01-13,6.17903482408622,6.35733532823936,6.02186205986891,6.29959023914469,246863048.316767,40281563.8184366,246.86304831676702
UNI,2023-01-14,6.29959023914469,6.95738742856574,6.29345848037414,6.61939919999187,350492315.122125,52855208.894556,350.49231512212504
UNI,2023-01-15,6.61939919999187,6.6829261772374,6.39938952315099,6.5869191949509,278070789.660659,42540141.6690652,278.070789660659
UNI,2023-01-16,6.5869191949509,6.73859491430412,6.30232901840137,6.53077705258054,268576185.246814,41039208.5783406,268.576185246814
UNI,2023-01-17,6.53077705258054,6.64532246646769,6.32085407750073,6.3438463856815,266623509.788321,41028030.2090092,266.623509788321
UNI,2023-01-18,6.3438463856815,6.80653653962488,6.02935284072012,6.04589620040056,320949210.198212,50489966.9528657,320.94921019821203
UNI,2023-01-19,6.04589620040056,6.18227920508331,5.99178813405152,6.15281578328009,231878342.100715,38005203.8986068,231.878342100715
UNI,2023-01-20,6.15281578328009,6.70266833677896,6.07448989459969,6.6767651944602,232220560.794392,37171509.1858805,232.220560794392
UNI,2023-01-21,6.6767651944602,6.82765357044867,6.55618814234107,6.65619911562962,261592503.396379,39066996.1964002,261.592503396379
UNI,2023-01-22,6.65619911562962,7.10569678047912,6.62585828349292,6.88499578573031,278797735.951071,40660878.9231651,278.79773595107105
UNI,2023-01-23,6.88499578573031,6.96967509612684,6.67629461933864,6.70750967351111,272962218.265581,39999520.6260932,272.962218265581
UNI,2023-01-24,6.70750967351111,6.84647246418717,6.25218741376121,6.28884294830358,219956832.884715,33085847.0701401,219.956832884715
UNI,2023-01-25,6.28884294830358,6.69669751225556,6.12413770989673,6.58673673013626,210644370.366465,33082001.5507072,210.644370366465
UNI,2023-01-26,6.58673673013626,6.80965267546497,6.4809681028725,6.7498831924603,221793983.535208,33578961.8497916,221.79398353520799
UNI,2023-01-27,6.7498831924603,6.87838515556761,6.57013316289916,6.85750744910439,195250022.532062,29036007.6721251,195.250022532062
UNI,2023-01-28,6.85750744910439,6.9104743639587,6.55082899848671,6.6280659194141,182588702.952359,27129618.0683762,182.588702952359
UNI,2023-01-29,6.6280659194141,6.98304393026859,6.55295481044069,6.91763040467252,203663282.214364,29707303.3430759,203.663282214364
UNI,2023-01-30,6.91763040467252,7.00553328436458,6.37355780125888,6.5086135707705,226811391.39052,34110969.1945927,226.81139139052001
UNI,2023-01-31,6.5086135707705,6.65093423278606,6.44001559640578,6.5542943799906,180069996.137408,27523231.4812956,180.069996137408
UNI,2023-02-01,6.5542943799906,6.92009499982197,6.34686079704124,6.79897323944909,215620448.891256,32716093.854312,215.62044889125602
UNI,2023-02-02,6.79897323944909,7.5162432600031,6.79517516378669,7.09794093132667,324151275.985532,45568312.8986843,324.151275985532
UNI,2023-02-03,7.09794093132667,7.26346451259137,6.91457800961396,7.05810091593872,280885982.841092,39664735.7340157,280.885982841092
UNI,2023-02-04,7.05810091593872,7.34173672549899,7.01727947296796,7.20173917473819,218294672.517915,30334149.0855292,218.29467251791502
UNI,2023-02-05,7.20173917473819,7.318838455192,6.7650494983643,6.89074114094646,250766644.730597,35543211.4547978,250.766644730597
UNI,2023-02-06,6.89074114094646,6.95414135589044,6.60043220073389,6.63571025201411,220634655.616386,32380230.8510533,220.634655616386
UNI,2023-02-07,6.63571025201411,7.00557193153106,6.63571025201411,6.97549642350832,202962298.201676,29782516.062527,202.96229820167602
UNI,2023-02-08,6.97549642350832,7.04589592014469,6.59052570526319,6.8068211787501,226754396.530012,33035787.8440483,226.754396530012
UNI,2023-02-09,6.8068211787501,6.8687237377245,6.19627873311652,6.32466979090485,295766286.297945,44872531.0085767,295.76628629794504
UNI,2023-02-10,6.32466979090485,6.46796091436516,6.24885182607834,6.36325518081151,202100584.342648,31764041.7948738,202.100584342648
UNI,2023-02-11,6.36325518081151,6.49593358141322,6.34006278544775,6.47981835240495,156483461.549802,24382533.1092723,156.483461549802
UNI,2023-02-12,6.47981835240495,6.54944526693994,6.2956171721133,6.34228875325091,168849392.674786,26064176.1610797,168.849392674786
UNI,2023-02-13,6.34228875325091,6.3861424799542,6.10676744918038,6.24918346822473,196033277.042282,31382298.0865571,196.03327704228198
UNI,2023-02-14,6.24918346822473,6.58975490792699,6.22443921707492,6.58975490792699,202501217.941066,31799730.682209,202.501217941066
UNI,2023-02-15,6.58975490792699,6.9424461850536,6.49523466655786,6.92858775914874,216626075.42583,32624042.603782,216.62607542583
UNI,2023-02-16,6.92858775914874,7.00528873813475,6.47414218351401,6.47989589437056,213819977.314183,31360424.5092909,213.819977314183
UNI,2023-02-17,6.47989589437056,6.82174626783411,6.44917884788061,6.73527863119129,232492817.228704,34925813.2459378,232.492817228704
UNI,2023-02-18,6.73527863119129,7.13843663937654,6.73049355281754,6.97806562488169,251924792.250075,36245414.501971,251.924792250075
UNI,2023-02-19,6.97806562488169,7.57605754038783,6.95741042567875,7.21056901009702,293197082.478028,40538282.2166132,293.197082478028
UNI,2023-02-20,7.21056901009702,7.49179516739052,7.06849002106471,7.35990472440166,234134365.356926,32222041.2280893,234.134365356926
UNI,2023-02-21,7.35990472440166,7.42259015338126,6.91036331274713,7.03392049745386,242413822.815938,33877405.2689029,242.413822815938
UNI,2023-02-22,7.03392049745386,7.0388647578063,6.71630994079492,6.93171406165014,221901292.183498,32275838.6515978,221.901292183498
UNI,2023-02-23,6.93171406165014,7.04562323181888,6.82928776650132,6.94101693689433,199058659.812335,28626276.0380935,199.058659812335
UNI,2023-02-24,6.94101693689433,7.02392681851502,6.47512598041475,6.57099651952213,206584443.948521,30424771.4966559,206.584443948521
UNI,2023-02-25,6.57099651952213,6.61810083388448,6.28776346588213,6.46386089079441,209376907.762307,32189563.6623705,209.37690776230698
UNI,2023-02-26,6.46386089079441,6.65263991819551,6.42240886141496,6.61043776192567,158918704.017728,24309450.0280181,158.918704017728
UNI,2023-02-27,6.61043776192567,6.65656642642168,6.37673993499929,6.44042318121707,191574833.503076,29363503.7754391,191.57483350307598
UNI,2023-02-28,6.44042318121707,6.6134394167768,6.40259279377933,6.49574992997881,207507929.12435,31897936.3439865,207.50792912435
UNI,2023-03-01,6.49574992997881,6.86574098495539,6.49409559922178,6.84852067954766,201943008.248207,29911926.3077732,201.943008248207
UNI,2023-03-02,6.84852067954766,6.88742051675445,6.5613188141202,6.63686000604147,192277386.315146,28724667.964044,192.277386315146
UNI,2023-03-03,6.63686000604147,6.65967136563305,6.12007468805877,6.2711888812157,208116135.950801,33258787.8238402,208.116135950801
UNI,2023-03-04,6.2711888812157,6.29275299860013,6.02286262413534,6.15806451001222,177029144.387694,28624664.9743836,177.029144387694
UNI,2023-03-05,6.15806451001222,6.38580039389275,6.12410960871821,6.34908211377606,184658277.504536,29423504.7462431,184.65827750453602
UNI,2023-03-06,6.34908211377606,6.43799534451627,6.25142772258938,6.33658363115272,210051892.226968,33076731.6090632,210.051892226968
UNI,2023-03-07,6.33658363115272,6.46204738427266,6.25848418307991,6.42490769846351,209229784.418266,32905132.4853037,209.229784418266
UNI,2023-03-08,6.42490769846351,6.48759132174979,6.09259380540283,6.09939205280632,145312397.610729,22791479.9205927,145.31239761072902
UNI,2023-03-09,6.09939205280632,6.19213249316123,5.64197696068713,5.7243835959966,142214048.15113,23706304.5111601,142.21404815113
UNI,2023-03-10,5.7243835959966,5.7602040907168,5.39554910072642,5.6352285941189,171225817.1682,30609207.1353176,171.2258171682
UNI,2023-03-11,5.6352285941189,5.80998150689656,5.27452877909028,5.45319736265388,162631584.550393,29608857.6134015,162.63158455039297
UNI,2023-03-12,5.45319736265388,5.91964212933848,5.40221914330842,5.91663231514493,110621824.508449,19972773.4923975,110.62182450844901
UNI,2023-03-13,5.91663231514493,6.23248396204481,5.81823311095963,6.117773008936,118129152.591268,19498049.7407516,118.12915259126801
UNI,2023-03-14,6.117773008936,6.5897190261945,6.01809153705151,6.3397257792219,112533761.08374,17859554.7996415,112.53376108373999
UNI,2023-03-15,6.3397257792219,6.45332821267655,5.75688058464442,5.92915560004395,79062291.8251071,12946696.6472284,79.0622918251071
UNI,2023-03-16,5.92915560004395,5.99794497696199,5.81158299739395,5.91689900263967,48751753.7877517,8238008.85225129,48.751753787751696
UNI,2023-03-17,5.91689900263967,6.43445005027502,5.8475939435252,6.41939534253231,65601248.5778133,10664748.689702,65.6012485778133
UNI,2023-03-18,6.41939534253231,6.6301825666134,6.33127995662158,6.51991567755272,72564734.2897625,11135218.8081132,72.5647342897625
UNI,2023-03-19,6.51991567755272,6.70601987670242,6.42946150040395,6.50309482195847,66847823.3459168,10165624.077082,66.8478233459168
UNI,2023-03-20,6.50309482195847,6.58279251228473,6.17127773352725,6.1923313224337,67505117.4147925,10568696.0296908,67.5051174147925
UNI,2023-03-21,6.1923313224337,6.51579243328146,6.06677947619212,6.43923447541806,63117926.3658062,9985480.02055358,63.1179263658062
UNI,2023-03-22,6.43923447541806,6.45386788221228,5.95476488240388,6.08585059864731,67699911.9590448,10827729.6734541,67.6999119590448
UNI,2023-03-23,6.08585059864731,6.43725872861187,6.02931518936427,6.2469590233256,54448281.9956398,8745209.20680667,54.4482819956398
UNI,2023-03-24,6.2469590233256,6.28944727051852,5.81824414169362,5.8886260361854,66742129.9733301,11104960.8961265,66.74212997333011
UNI,2023-03-25,5.8886260361854,5.91291136534261,5.68316755328617,5.71697382532877,37963544.8097813,6540718.4426483,37.9635448097813
UNI,2023-03-26,5.71697382532877,5.87050810599042,5.65004726309245,5.79271605169147,31807335.7748429,5511397.65586899,31.807335774842898
UNI,2023-03-27,5.79271605169147,5.82083322279968,5.53171573093276,5.64781547526886,40528735.4298655,7126361.99805084,40.5287354298655
UNI,2023-03-28,5.64781547526886,5.88255118212146,5.58143764964624,5.8110726765039,32658331.7212538,5701472.98352904,32.6583317212538
UNI,2023-03-29,5.8110726765039,6.02814622864879,5.8110726765039,5.94422393837586,50086446.8509009,8400957.30118768,50.086446850900906
UNI,2023-03-30,5.94422393837586,6.06362173536964,5.84116002620729,5.89687354231968,57833876.240803,9767067.15332351,57.833876240803
UNI,2023-03-31,5.89687354231968,6.12022851031548,5.87448874690061,6.06044589502867,54003389.8056825,9008430.64145735,54.0033898056825
UNI,2023-04-01,6.06044589502867,6.19324270649756,6.03202750812783,6.10121451555859,38521076.2868901,6305281.74329759,38.5210762868901
UNI,2023-04-02,6.10121451555859,6.11830215167672,5.89715086487397,5.94747246298857,37106737.1088819,6187392.11798993,37.1067371088819
UNI,2023-04-03,5.94747246298857,6.07978570393688,5.82200525907733,5.93254235927839,53074734.0501163,8906893.47835841,53.0747340501163
UNI,2023-04-04,5.93254235927839,6.20490712723382,5.8601800842137,6.15566214980605,48433094.7048401,8004885.82613154,48.4330947048401
UNI,2023-04-05,6.15566214980605,6.34042112293028,6.13187969517027,6.23062491305974,48559189.8980707,7759716.5746217,48.5591898980707
UNI,2023-04-06,6.23062491305974,6.23530150462025,6.04367615016725,6.07443110078207,41497014.4938453,6773184.79594773,41.4970144938453
UNI,2023-04-07,6.07443110078207,6.0984607339515,5.94823514689158,6.00153659049845,45322083.1837614,7542842.53959006,45.3220831837614
UNI,2023-04-08,6.00153659049845,6.0501045202994,5.89019115718739,5.91304579924755,49924963.2252922,8359172.05772767,49.924963225292196
UNI,2023-04-09,5.91304579924755,5.95786163196371,5.82393735598569,5.91417145864637,49668121.4256328,8438523.2597418,49.6681214256328
UNI,2023-04-10,5.91417145864637,6.04009366090907,5.83339013075857,6.01115378635495,51695001.922077,8728823.96015147,51.695001922077
UNI,2023-04-11,6.01115378635495,6.08930138101334,5.92082383952265,5.93581803186473,50331394.7963479,8370601.20024689,50.3313947963479
UNI,2023-04-12,5.93581803186473,6.00252055840938,5.75099162677974,5.94595586925936,59776118.3249301,10166691.7793815,59.7761183249301
UNI,2023-04-13,5.94595586925936,6.24499044285891,5.90447467642279,6.20574554772112,58599532.8618158,9606143.81570668,58.5995328618158
UNI,2023-04-14,6.20574554772112,6.46750230237028,6.13083182032653,6.31241823941423,87878363.8299551,13908072.2998265,87.8783638299551
UNI,2023-04-15,6.31241823941423,6.36450547960903,6.22581740292254,6.27088688091499,54672987.2744544,8700460.19763002,54.6729872744544
UNI,2023-04-16,6.27088688091499,6.46494070373094,6.14738950078324,6.31556358221416,72328542.9461035,11506824.5256038,72.3285429461035
UNI,2023-04-17,6.31556358221416,6.31943559854761,6.08088085098067,6.12888142180607,68738342.9886397,11152369.7072949,68.7383429886397
UNI,2023-04-18,6.12888142180607,6.36455412970765,6.04924329989813,6.32604701271251,92741776.4700853,14801181.48803,92.7417764700853
UNI,2023-04-19,6.32604701271251,6.47676133641375,5.77565367847569,5.83437702695484,135777379.701374,22446015.1194103,135.777379701374
UNI,2023-04-20,5.83437702695484,5.95825168977761,5.67008402842116,5.7809617631919,86391882.4385909,14824410.1199362,86.3918824385909
UNI,2023-04-21,5.7809617631919,5.82966923738282,5.41190856604355,5.46256448914526,99193699.6235738,17529484.068612,99.19369962357379
UNI,2023-04-22,5.46256448914526,5.55042230601434,5.44216980279546,5.49341733749112,71962113.6209333,13099746.6169083,71.9621136209333
UNI,2023-04-23,5.49341733749112,5.53571202745169,5.3323923045539,5.42117233383164,74767810.2560106,13719483.2278068,74.7678102560106
UNI,2023-04-24,5.42117233383164,5.51201910629792,5.31086906998684,5.36279502175496,75248395.2966994,13919352.2982055,75.2483952966994
UNI,2023-04-25,5.36279502175496,5.47085511983354,5.22490326637435,5.44694782595776,74211128.5999482,13934420.1771982,74.2111285999482
UNI,2023-04-26,5.44694782595776,5.67765938352349,5.16695014180865,5.35305351122144,94296881.0135452,17282547.9494652,94.2968810135452
UNI,2023-04-27,5.35305351122144,5.58927858499925,5.34259955918239,5.55448138099887,86412328.5692486,15813223.9674735,86.4123285692486
UNI,2023-04-28,5.55448138099887,5.57003344423418,5.45153529081414,5.51357873946678,62321660.7739388,11306734.3638019,62.321660773938795
UNI,2023-04-29,5.51357873946678,5.63968553155018,5.49408466494135,5.63581709452317,58025822.164467,10394442.0304579,58.025822164467
UNI,2023-04-30,5.63581709452317,5.66481848066898,5.44540239526293,5.4501106842722,64584410.4061109,11582776.1404932,64.58441040611089
UNI,2023-05-01,5.4501106842722,5.49243553701782,5.271294116129,5.33029014387905,65791470.9665268,12266207.7088311,65.7914709665268
UNI,2023-05-02,5.33029014387905,5.3571671677074,5.249397833049,5.3281770968335,61387940.8709338,11566979.2536887,61.387940870933804
UNI,2023-05-03,5.3281770968335,5.39535622580988,5.18000546676031,5.38474032625963,68920946.4744263,13087375.5873953,68.9209464744263
UNI,2023-05-04,5.38474032625963,5.39669048135285,5.20928915112494,5.26555020439797,65106716.9171413,12275466.8179743,65.1067169171413
UNI,2023-05-05,5.26555020439797,5.62207448302924,5.2381426998889,5.54307048738683,132486115.335696,24453503.3829748,132.48611533569598
UNI,2023-05-06,5.54307048738683,5.61123251841179,5.26754247219644,5.28897321902939,127676084.624837,23558750.1044577,127.676084624837
UNI,2023-05-07,5.28897321902939,5.35491217270544,5.23615206888578,5.26851394048237,99683253.9288353,18784232.5470597,99.6832539288353
UNI,2023-05-08,5.26851394048237,5.2972167123422,4.84501184239198,4.96783977497086,141484271.110789,27928507.518578,141.484271110789
UNI,2023-05-09,4.96783977497086,5.02526234447917,4.92340024312318,4.95031158391423,98464537.5702244,19790183.4937758,98.46453757022441
UNI,2023-05-10,4.95031158391423,5.13979894049579,4.85625625084931,5.13357616079279,118054563.823834,23512719.2326461,118.054563823834
UNI,2023-05-11,5.13357616079279,5.19604191244922,4.96304351316234,5.06784976987911,69899073.8935304,13678923.6463514,69.8990738935304
UNI,2023-05-12,5.06784976987911,5.20599236505624,4.91158431851133,5.19554605107968,42766894.7972576,8446142.34938125,42.7668947972576
UNI,2023-05-13,5.19554605107968,5.20916114134057,5.07902480203028,5.10284612055817,23434799.0573149,4563757.86711031,23.434799057314898
UNI,2023-05-14,5.10284612055817,5.18862733683312,5.07574669858949,5.1401241854778,33266113.0273517,6481008.84757458,33.2661130273517
UNI,2023-05-15,5.1401241854778,5.21973574348701,5.07788845150531,5.12172545899246,28601183.0164304,5540480.82295816,28.6011830164304
UNI,2023-05-16,5.12172545899246,5.15500689024947,5.04263575573537,5.14321434502791,25790738.5976869,5048818.39358378,25.7907385976869
UNI,2023-05-17,5.14321434502791,5.33972975904618,5.11305739735001,5.33510626314734,38732168.738594,7444781.1969712,38.732168738594005
UNI,2023-05-18,5.33510626314734,5.42648829571203,5.21606932216633,5.30711120478039,43694189.5423416,8187963.58218349,43.6941895423416
UNI,2023-05-19,5.30711120478039,5.37084516474419,5.26298369609465,5.31648073204398,26751579.6370131,5034713.06179156,26.7515796370131
UNI,2023-05-20,5.31648073204398,5.31966024316587,5.23839262266683,5.2907503796224,19888305.3992399,3768218.69918509,19.8883053992399
UNI,2023-05-21,5.2907503796224,5.30335599203981,5.09361558693166,5.11076376542715,24735693.9780519,4769544.78119779,24.735693978051902
UNI,2023-05-22,5.11076376542715,5.13952386567871,5.05873165652219,5.07387023024681,31667914.4955011,6210675.96000186,31.6679144955011
UNI,2023-05-23,5.07387023024681,5.19645129118983,5.03247540047763,5.07282528287986,31957861.2219557,6242913.10246734,31.957861221955703
UNI,2023-05-24,5.07282528287986,5.07302631625689,4.88171129556568,4.97651199511235,38560534.0520617,7776372.48659098,38.5605340520617
UNI,2023-05-25,4.97651199511235,4.98027405332352,4.87632961694155,4.9527957854983,27156741.1840853,5494630.48775492,27.1567411840853
UNI,2023-05-26,4.9527957854983,5.01580487836721,4.93829396437693,4.97658970530377,25107902.3507818,5040078.84531506,25.1079023507818
UNI,2023-05-27,4.97658970530377,5.04664184791495,4.96496660432423,5.0400205029913,22115657.0210219,4416594.69520419,22.1156570210219
UNI,2023-05-28,5.0400205029913,5.16869661193428,5.02893464345099,5.14397739742376,26872443.5720345,5284151.42161224,26.872443572034502
UNI,2023-05-29,5.14397739742376,5.16975089709372,5.09143142951927,5.09959632773412,29246902.4963235,5699139.90710904,29.2469024963235
UNI,2023-05-30,5.09959632773412,5.20136127618303,5.09196922601598,5.13535457731807,27900961.1178198,5414234.76115905,27.9009611178198
UNI,2023-05-31,5.13535457731807,5.15537451901676,4.99174820304343,5.02408698720887,29450412.701198,5822191.84424198,29.450412701198
UNI,2023-06-01,5.02408698720887,5.06832016540612,4.9612769984668,4.98124771042111,24218381.7153403,4829325.29595386,24.2183817153403
UNI,2023-06-02,4.98124771042111,5.09304371846613,4.95428244072291,5.06918024273479,26318388.1360532,5211206.89180206,26.3183881360532
UNI,2023-06-03,5.06918024273479,5.10217403511729,5.04363378585785,5.0847581814048,18955268.1598506,3737396.10525486,18.9552681598506
UNI,2023-06-04,5.0847581814048,5.12994180530122,4.99149178207516,5.01513171297908,31112437.3861205,6143260.63179882,31.112437386120497
UNI,2023-06-05,5.01513171297908,5.0213130945681,4.57948959243959,4.72673007074184,56260058.5846784,11715932.6709456,56.2600585846784
UNI,2023-06-06,4.72673007074184,4.8401038383497,4.68032719643322,4.77262818795593,36290108.8442706,7624178.71520729,36.2901088442706
UNI,2023-06-07,4.77262818795593,4.81736295919876,4.50461232931908,4.59277415600057,37702168.1819744,8085047.88233115,37.7021681819744
UNI,2023-06-08,4.59277415600057,4.6686090752421,4.52614746227179,4.63178898618408,20610315.2420817,4472817.43815034,20.6103152420817
UNI,2023-06-09,4.63178898618408,4.66538222809011,4.54258827250029,4.58485036162959,20759262.6902919,4505442.03037418,20.7592626902919
UNI,2023-06-10,4.58485036162959,4.59099176128654,3.68391385291821,4.07078930472488,124740112.80119,31436095.7325158,124.74011280119001
UNI,2023-06-11,4.07078930472488,4.11163296734384,4.02740659605809,4.06068433860036,26346642.3956402,6476939.09749737,26.3466423956402
UNI,2023-06-12,4.06068433860036,4.31442074554831,3.96740325042991,4.31182997448659,39075730.6113241,9459975.97787873,39.075730611324104
UNI,2023-06-13,4.31182997448659,4.50629501420357,4.22206454453496,4.28909619689164,58112268.8773982,13363844.0147682,58.1122688773982
UNI,2023-06-14,4.28909619689164,4.63970159735427,4.25575081634972,4.40480811571091,81740862.232165,18305327.8104652,81.740862232165
UNI,2023-06-15,4.40480811571091,4.59299640566635,4.22849760006487,4.42528581568249,79802100.2591808,18076448.968574,79.8021002591808
UNI,2023-06-16,4.42528581568249,4.62494387487844,4.37464762476148,4.55053381518147,31418849.7725732,7032613.23604459,31.4188497725732
UNI,2023-06-17,4.55053381518147,4.6742452723123,4.51198668705786,4.52862210005947,26582891.6173785,5800638.35360245,26.5828916173785
UNI,2023-06-18,4.52862210005947,4.61056040134869,4.46108174693865,4.48250921087597,22112683.7949755,4884535.309262,22.1126837949755
UNI,2023-06-19,4.48250921087597,4.50471815503527,4.37123767315332,4.48121785468595,24623457.7563034,5537194.442704,24.6234577563034
UNI,2023-06-20,4.48121785468595,4.60317051072862,4.34309583186351,4.57491130374509,30264064.1807978,6765634.9313713,30.2640641807978
UNI,2023-06-21,4.57491130374509,4.80975371259045,4.52942973872814,4.7762781389662,47046894.8835979,10092351.2213774,47.0468948835979
UNI,2023-06-22,4.7762781389662,4.88648895160116,4.70837248165594,4.73151465250552,40163608.82892,8373509.44014882,40.16360882892
UNI,2023-06-23,4.73151465250552,4.90764524346161,4.66590006835748,4.86190232448464,29963207.5581894,6219787.89801741,29.9632075581894
UNI,2023-06-24,4.86190232448464,4.87296107474545,4.62950511127161,4.73414004013437,27360870.7120772,5721067.93316699,27.3608707120772
UNI,2023-06-25,4.73414004013437,5.49649640969348,4.66147659758832,5.42954377746896,156959801.122033,29730784.989967,156.959801122033
UNI,2023-06-26,5.42954377746896,5.54197608272148,5.20894727883702,5.27010273472076,91361219.6851026,17003938.3691837,91.3612196851026
UNI,2023-06-27,5.27010273472076,5.35878162077524,5.19586435966608,5.26827416761546,35603679.8491038,6726563.37790243,35.6036798491038
UNI,2023-06-28,5.26827416761546,5.28095189278199,4.76934023393342,4.83178387377966,50608098.1395413,10090585.5457411,50.6080981395413
UNI,2023-06-29,4.83178387377966,5.03078573437852,4.80938656934802,4.91814283151188,36388540.0741413,7373402.97592403,36.388540074141304
UNI,2023-06-30,4.91814283151188,5.33818450406496,4.86263881941694,5.26560469438129,92309870.7530217,18040580.1178363,92.3098707530217
UNI,2023-07-01,5.26560469438129,5.60187703646995,5.09911074653906,5.57353906117583,67953957.8574373,12540588.7374859,67.9539578574373
UNI,2023-07-02,5.57353906117583,5.67842599907473,5.3937392561929,5.56387337582532,63363385.2106155,11427626.1867858,63.3633852106155
UNI,2023-07-03,5.56387337582532,5.77240965536437,5.41881566435908,5.52629861171496,54694610.9675446,9704079.38627874,54.6946109675446
UNI,2023-07-04,5.52629861171496,5.5932856034236,5.30837401327681,5.5089893871469,51934189.7441728,9446973.42743662,51.9341897441728
UNI,2023-07-05,5.5089893871469,5.7175152928295,5.27230957311912,5.41340833067226,58466153.7027823,10652691.383945,58.4661537027823
UNI,2023-07-06,5.41340833067226,5.63570075583477,5.23834241351515,5.269453067224,55999973.3050823,10340538.9488799,55.9999733050823
UNI,2023-07-07,5.269453067224,5.56720291877067,5.15962262387292,5.48147655904324,65543823.7794736,12006005.9962838,65.5438237794736
UNI,2023-07-08,5.48147655904324,5.4840781176288,5.17745030833516,5.25246961736423,37705633.1952924,7074628.72955523,37.7056331952924
UNI,2023-07-09,5.25246961736423,5.33173640710397,4.96688580418874,5.20644579185972,27074371.1969681,5147735.10521148,27.0743711969681
UNI,2023-07-10,5.20644579185972,5.35694458585526,4.88832187858448,5.23581534606437,45378906.6427178,8754983.66657656,45.3789066427178
UNI,2023-07-11,5.23581534606437,5.30398446754542,5.18926931247938,5.26464853607106,30039050.0800581,5727371.20725085,30.0390500800581
UNI,2023-07-12,5.26464853607106,5.3693971140286,5.19274420868734,5.27673384767704,35611567.9269316,6712336.88425004,35.6115679269316
UNI,2023-07-13,5.27673384767704,5.87682784680144,5.22350646510403,5.87682784680144,77549969.8914376,13975970.1153412,77.5499698914376
UNI,2023-07-14,5.87682784680144,6.13673875493215,5.74883399395212,5.87584905687886,114986285.50824,19359710.4980168,114.98628550824
UNI,2023-07-15,5.87584905687886,5.93097285555232,5.76474758082604,5.81189364382335,51647995.8385149,8833082.66237619,51.6479958385149
UNI,2023-07-16,5.81189364382335,5.86159509186343,5.68381501330284,5.72573488348403,43800377.7860952,7590657.44221058,43.800377786095204
UNI,2023-07-17,5.72573488348403,6.13353229793515,5.68787341206182,5.91280900814207,128833619.652413,21837972.2680225,128.833619652413
UNI,2023-07-18,5.91280900814207,6.26318928656371,5.86714674096951,5.90881974766223,133201251.312641,21991537.5507159,133.201251312641
UNI,2023-07-19,5.90881974766223,6.04307036444935,5.81588615826155,5.87449784249991,60127362.4753253,10163661.2578202,60.1273624753253
UNI,2023-07-20,5.87449784249991,6.15796457185424,5.65722187332324,6.00757088218994,84292753.156436,14110827.6606029,84.29275315643599
UNI,2023-07-21,6.00757088218994,6.37204830421385,5.88891343997315,6.19782879485806,97324202.056813,15723082.7319288,97.32420205681301
UNI,2023-07-22,6.19782879485806,6.25397732722097,5.96555764405504,5.9882260788134,56630598.5333761,9205110.23204831,56.630598533376094
UNI,2023-07-23,5.9882260788134,6.22274922170046,5.9831031894092,6.14124228573804,50564609.4858929,8281487.20231182,50.5646094858929
UNI,2023-07-24,6.14124228573804,6.1884503790813,5.72392706107478,5.78198148562649,76608463.3602071,13007769.3865627,76.6084633602071
UNI,2023-07-25,5.78198148562649,5.82093324826625,5.69858204197284,5.79290454507206,36189554.2257431,6287050.12014977,36.1895542257431
UNI,2023-07-26,5.79290454507206,5.8994686128142,5.73552182646618,5.84426922500218,47751758.6755254,8215851.82410503,47.751758675525394
UNI,2023-07-27,5.84426922500218,5.97592856830506,5.80297324148157,5.87423599438007,47285081.3966303,8020936.07871148,47.285081396630304
UNI,2023-07-28,5.87423599438007,6.03646466727085,5.86850215092171,6.0081910476444,42866707.0310382,7198395.61012483,42.8667070310382
UNI,2023-07-29,6.0081910476444,6.35306007545332,6.00729374721777,6.32474566128571,56582175.4927531,9181697.18278049,56.5821754927531
UNI,2023-07-30,6.32474566128571,6.43838256618943,6.28153260278195,6.43662722749813,79421704.9233243,12468814.3087697,79.4217049233243
UNI,2023-07-31,6.43662722749813,6.61579943145636,6.38960162612391,6.52087105194498,100685265.031745,15459630.5199918,100.685265031745
UNI,2023-08-01,6.52087105194498,6.67740351394502,6.3417155154967,6.67685418224554,103338427.26152,15926261.4024348,103.33842726152
UNI,2023-08-02,6.67685418224554,6.68737129293496,6.12593992094195,6.15646523757126,85315262.9994078,13390969.4840891,85.31526299940779
UNI,2023-08-03,6.15646523757126,6.24505406709116,6.05739107137105,6.09462128964145,63465878.1425871,10306440.0200038,63.4658781425871
UNI,2023-08-04,6.09462128964145,6.21156380475206,6.00898207776936,6.06209414317897,51414118.6096206,8412967.95928023,51.4141186096206
UNI,2023-08-05,6.06209414317897,6.0891529584579,5.94509349897697,6.08798723874547,39167333.8696914,6521423.28622934,39.167333869691404
UNI,2023-08-06,6.08798723874547,6.15428426136196,5.93145427763689,5.94779949570203,39965027.1390417,6617235.37582887,39.9650271390417
UNI,2023-08-07,5.94779949570203,6.00177333852874,5.75299563865382,5.86636271309058,60096986.671339,10226082.0803286,60.096986671338996
UNI,2023-08-08,5.86636271309058,6.13967907540761,5.8137981840405,6.07886965747473,64363633.0609965,10795825.6382824,64.3636330609965
UNI,2023-08-09,6.07886965747473,6.28808568557343,6.0381494936798,6.24940915566363,63674226.5451631,10389654.5163255,63.6742265451631
UNI,2023-08-10,6.24940915566363,6.32307338699722,6.14726875167905,6.18520435062257,62960876.4935944,10089927.7643884,62.9608764935944
UNI,2023-08-11,6.18520435062257,6.20865312260357,6.09526885786435,6.18697303068353,44284270.4725868,7200225.40828914,44.284270472586805
UNI,2023-08-12,6.18697303068353,6.24365358983812,6.11509008768933,6.21937861880046,35660730.5202432,5778551.12267512,35.6607305202432
UNI,2023-08-13,6.21937861880046,6.22713454787526,6.05420005925277,6.08333170752612,32876526.8756894,5354977.73512163,32.8765268756894
UNI,2023-08-14,6.08333170752612,6.35367878572462,6.07105312887375,6.25334257262823,45295775.2048211,7284409.9060139,45.295775204821105
UNI,2023-08-15,6.25334257262823,6.28528970108877,5.9387427741722,5.95040462268605,59076023.7110007,9642140.65791717,59.0760237110007
UNI,2023-08-16,5.95040462268605,5.95040462268605,5.32426667621523,5.45276823786613,95377160.8778403,16949733.4857237,95.3771608778403
UNI,2023-08-17,5.45276823786613,5.49787684483747,4.64379750307043,4.99332533223765,111437113.210522,21616709.8289964,111.437113210522
UNI,2023-08-18,4.99332533223765,5.05049100404455,4.87116603423347,4.9046531092602,74550972.855088,15024455.0656527,74.55097285508799
UNI,2023-08-19,4.9046531092602,4.9980899873871,4.86077190764718,4.90715226890456,55181201.1319943,11225434.5132688,55.1812011319943
UNI,2023-08-20,4.90715226890456,4.96621957985514,4.85255904518867,4.90243453841907,53244158.8693665,10871206.5668442,53.244158869366494
UNI,2023-08-21,4.90243453841907,4.92043543872773,4.7464818323445,4.78139355835914,56434017.5060391,11692508.0538185,56.4340175060391
UNI,2023-08-22,4.78139355835914,4.78994515148146,4.52682130785344,4.66896967394835,77916627.112612,16651633.3478357,77.91662711261199
UNI,2023-08-23,4.66896967394835,4.85603561049396,4.65207480518766,4.76434576144785,79757248.85886,16845292.8090328,79.75724885886
UNI,2023-08-24,4.76434576144785,4.82219489951099,4.60446837428965,4.65631633278769,64392718.4397512,13640663.0039691,64.3927184397512
UNI,2023-08-25,4.65631633278769,4.66745239802939,4.52255708463251,4.54985292454844,60495625.1738532,13192930.4750171,60.495625173853206
UNI,2023-08-26,4.54985292454844,4.65765129064711,4.53199299066403,4.60311325827673,40985107.8858297,8951116.20396356,40.9851078858297
UNI,2023-08-27,4.60311325827673,4.71750226674807,4.60159395866978,4.68269415790945,43699862.5297209,9392450.48512019,43.6998625297209
UNI,2023-08-28,4.68269415790945,4.7277804271111,4.57661372437397,4.67060298898864,46147487.7087522,9930351.9281886,46.1474877087522
UNI,2023-08-29,4.67060298898864,4.86036018752658,4.56734789220269,4.79967527837624,63841850.2327015,13487369.0132273,63.8418502327015
UNI,2023-08-30,4.79967527837624,4.80485618592472,4.63668348958033,4.63990704105718,55196679.3208677,11750579.6948306,55.1966793208677
UNI,2023-08-31,4.63990704105718,4.67675725761508,4.33483893161423,4.37243261189866,67514732.9199575,14969221.321616,67.51473291995751
UNI,2023-09-01,4.37243261189866,4.42806638985563,4.23751070036652,4.28935300137733,52079624.2233532,11991901.9469519,52.0796242233532
UNI,2023-09-02,4.28935300137733,4.40716554025253,4.25320109616596,4.40133234582185,43638507.2768755,10049386.8926315,43.6385072768755
UNI,2023-09-03,4.40133234582185,4.47024552157795,4.3663194840691,4.41275812622364,42870288.9282349,9707571.03672548,42.8702889282349
UNI,2023-09-04,4.41275812622364,4.49883964542239,4.37470176794827,4.44110576751844,40347673.793785,9108377.95547181,40.347673793785
UNI,2023-09-05,4.44110576751844,4.45382955326139,4.27875909511666,4.38055760632908,41117650.5099018,9468031.56383035,41.1176505099018
UNI,2023-09-06,4.38055760632908,4.49467340847912,4.35027448793016,4.46282222223405,37737097.0529908,8555722.65815156,37.737097052990805
UNI,2023-09-07,4.46282222223405,4.51900885548161,4.40911510081021,4.47514598080246,33814323.7680113,7584382.09795544,33.8143237680113
UNI,2023-09-08,4.47514598080246,4.48298333331726,4.31777558413949,4.36580269427467,32433281.8837667,7376620.5227547,32.433281883766696
UNI,2023-09-09,4.36580269427467,4.38611912012729,4.30547227999467,4.3218439594764,19615661.8341322,4518508.445258,19.615661834132197
UNI,2023-09-10,4.3218439594764,4.34221579797329,4.16656528927924,4.22015529912247,40874121.2475255,9675159.35287227,40.8741212475255
UNI,2023-09-11,4.22015529912247,4.25183238345782,4.03766832594478,4.10934450366411,55329044.7882518,13387225.1220487,55.3290447882518
UNI,2023-09-12,4.10934450366411,4.29713087111468,4.09222848006634,4.19482911311681,59609769.4187376,14179699.8375151,59.6097694187376
UNI,2023-09-13,4.19482911311681,4.30670678954427,4.1824539703145,4.25361559890125,43656622.6022292,10268827.5877924,43.6566226022292
UNI,2023-09-14,4.25361559890125,4.34288938607642,4.24566717788074,4.27116174107604,49394801.4920588,11511007.6418094,49.3948014920588
UNI,2023-09-15,4.27116174107604,4.37369085346703,4.2350613062397,4.35255049168439,43834882.9707592,10212491.093918,43.834882970759196
UNI,2023-09-16,4.35255049168439,4.41529580702516,4.30246840495286,4.33717111297347,44533720.0934728,10229997.1367363,44.5337200934728
UNI,2023-09-17,4.33717111297347,4.39157090002974,4.24276776985394,4.28320508692605,40656794.5400762,9422040.60097201,40.656794540076206
UNI,2023-09-18,4.28320508692605,4.46080503999236,4.24874126970481,4.36555686245766,51576213.2799395,11775266.6979059,51.5762132799395
UNI,2023-09-19,4.36555686245766,4.48234685273873,4.34213858637575,4.40577138573548,49823724.5790699,11286469.6882799,49.823724579069896
UNI,2023-09-20,4.40577138573548,4.42643589246672,4.32524717869029,4.36420416661808,47339102.080236,10799587.2187754,47.339102080236
UNI,2023-09-21,4.36420416661808,4.39678696984608,4.21937661578437,4.24238305250445,45965366.4678224,10720513.7265802,45.965366467822406
UNI,2023-09-22,4.24238305250445,4.27631348846443,4.20838168287906,4.26106044042963,33480987.0362969,7885047.78911365,33.4809870362969
UNI,2023-09-23,4.26106044042963,4.29774186637922,4.23834159840081,4.28266750688143,25629580.2643244,6007932.20795687,25.6295802643244
UNI,2023-09-24,4.28266750688143,4.31135250185515,4.22057021758341,4.23511876704818,23885701.8763109,5595772.53823012,23.8857018763109
UNI,2023-09-25,4.23511876704818,4.29971821106462,4.2146376106988,4.26979506850444,29558302.8047425,6951350.79226698,29.5583028047425
UNI,2023-09-26,4.26979506850444,4.31721461036162,4.20825581754148,4.267237817618,28398823.6106317,6659708.64797016,28.398823610631702
UNI,2023-09-27,4.267237817618,4.41825711273414,4.20639495284957,4.24690871769697,52304322.8817696,12169308.2178924,52.3043228817696
UNI,2023-09-28,4.24690871769697,4.47466267127261,4.24104423159331,4.41698351315691,53038965.4544721,12181288.786221,53.038965454472105
UNI,2023-09-29,4.41698351315691,4.49820545547781,4.32698960973583,4.40230472974251,59311679.3077727,13399165.3449138,59.31167930777271
UNI,2023-09-30,4.40230472974251,4.48587804885507,4.38981820605494,4.46275700663582,33958623.5727433,7648341.11833747,33.9586235727433
UNI,2023-10-01,4.46275700663582,4.67097200693457,4.44704705390878,4.65496788040452,46265818.1908443,10157996.6954625,46.2658181908443
UNI,2023-10-02,4.65496788040452,4.68323028726872,4.43238168907204,4.45912864174731,68298897.8638513,14932959.3250504,68.2988978638513
UNI,2023-10-03,4.45912864174731,4.52229687473644,4.34452251837395,4.36425145433702,54007158.2179313,12158962.4524247,54.0071582179313
UNI,2023-10-04,4.36425145433702,4.36425145433702,4.25602669505726,4.30760958732743,43288853.1023067,10040177.4120116,43.2888531023067
UNI,2023-10-05,4.30760958732743,4.33923944557076,4.21513801074779,4.30314579378796,35853022.0968818,8347947.63945839,35.8530220968818
UNI,2023-10-06,4.30314579378796,4.42811563281314,4.29092898820642,4.39665041367387,35553449.9447792,8151054.75069845,35.5534499447792
UNI,2023-10-07,4.39665041367387,4.4308912080646,4.34655035446612,4.37637311537666,23452393.7451712,5353440.9326225,23.4523937451712
UNI,2023-10-08,4.37637311537666,4.38829651295662,4.28642454689437,4.34061918514179,17758616.3317777,4091096.53531909,17.7586163317777
UNI,2023-10-09,4.34061918514179,4.36913171556502,4.0748128025334,4.14254688947923,40334728.6860942,9623555.25533328,40.3347286860942
UNI,2023-10-10,4.14254688947923,4.17246693946736,4.06530768098999,4.11863463465096,28074107.0299026,6806829.70131416,28.0741070299026
UNI,2023-10-11,4.11863463465096,4.16083118531138,4.05413634239743,4.13106020614086,27729159.2584994,6759482.39411892,27.729159258499397
UNI,2023-10-12,4.13106020614086,4.14547126257532,3.97305229763634,4.00382290501289,32472587.1776679,8004391.22188061,32.472587177667904
UNI,2023-10-13,4.00382290501289,4.08999517765348,3.97889524698947,4.03242585971357,26760339.0241133,6662679.31259204,26.7603390241133
UNI,2023-10-14,4.03242585971357,4.10621511036464,4.0238333584367,4.08684941025322,19355737.2307708,4758652.13505893,19.3557372307708
UNI,2023-10-15,4.08684941025322,4.14793573315811,4.06847895126812,4.10269261972461,15613541.4883834,3793826.99971893,15.6135414883834
UNI,2023-10-16,4.10269261972461,4.26071155588027,4.10269261972461,4.12217868195337,33608566.904489,8073133.55063741,33.608566904489
UNI,2023-10-17,4.12217868195337,4.13000185129124,3.83968808438681,3.88976879048345,48590145.5489684,12214673.7359134,48.590145548968394
UNI,2023-10-18,3.88976879048345,3.97061764871689,3.85054010882377,3.93414377488111,29617064.4092613,7574047.90797611,29.6170644092613
UNI,2023-10-19,3.93414377488111,3.95211411583384,3.87509519000047,3.93151668152072,22939327.5009828,5869152.72028497,22.9393275009828
UNI,2023-10-20,3.93151668152072,4.11219445257123,3.92455751473592,4.00073219650483,34447554.708069,8573224.94231829,34.447554708069
UNI,2023-10-21,4.00073219650483,4.19356069400512,3.9638906073622,4.14314219356822,28220562.9020688,6922544.79933994,28.220562902068803
UNI,2023-10-22,4.14314219356822,4.24838958003242,4.09869353123742,4.21247838771387,37913924.3714631,9126526.10151034,37.9139243714631
UNI,2023-10-23,4.21247838771387,4.41765813741353,4.19785658842039,4.37560170616413,109458316.015215,25449152.2455249,109.45831601521499
UNI,2023-10-24,4.37560170616413,4.49265021907025,4.13222099984202,4.21870422403101,155639546.707341,36058287.2228858,155.639546707341
UNI,2023-10-25,4.21870422403101,4.3368773701704,4.13683011068898,4.16795571831581,103113051.30342,24408403.1945609,103.11305130342001
UNI,2023-10-26,4.16795571831581,4.37649637398477,4.00963614327557,4.11343934896578,124611152.163123,29778843.7447784,124.611152163123
UNI,2023-10-27,4.11343934896578,4.14284341879358,3.96472920122071,4.03417642685856,85950311.4900286,21142599.5230317,85.95031149002861
UNI,2023-10-28,4.03417642685856,4.13587725435347,4.02253669773924,4.08756751118439,34362733.932525,8397877.42581912,34.362733932525
UNI,2023-10-29,4.08756751118439,4.21513366239223,4.04134172447923,4.15797067203198,57540088.9761764,13861953.4720348,57.540088976176406
UNI,2023-10-30,4.15797067203198,4.23542697035827,4.09430748601422,4.18102499711024,86392947.3240174,20727830.5943524,86.3929473240174
UNI,2023-10-31,4.18102499711024,4.24824749124831,4.02687975581924,4.15881999409863,103415987.348521,24963970.7225099,103.415987348521
UNI,2023-11-01,4.15881999409863,4.85503136582404,4.0248153125867,4.79601752301879,265689455.175907,59681703.6167518,265.68945517590697
UNI,2023-11-02,4.79601752301879,4.90572534257198,4.49668921631825,4.694499596499,290817400.045498,62240866.3828135,290.817400045498
UNI,2023-11-03,4.694499596499,4.77528904513854,4.48214198239759,4.65649920585648,154568642.854851,33408920.4505914,154.56864285485102
UNI,2023-11-04,4.65649920585648,4.78500538809511,4.61635752062413,4.71431499070608,60866998.586649,12927206.6510914,60.866998586649004
UNI,2023-11-05,4.71431499070608,4.90952696182548,4.64483567585657,4.78604157601247,89448507.3257573,18707870.3557146,89.44850732575729
UNI,2023-11-06,4.78604157601247,5.15647978421048,4.67875947900939,5.11310579139826,109404382.851239,21977224.5517215,109.40438285123899
UNI,2023-11-07,5.11310579139826,5.11310579139826,4.7846029169691,4.93085435079567,83716336.754543,16906817.7184522,83.71633675454301
UNI,2023-11-08,4.93085435079567,5.27078644474557,4.89919852240337,5.18150276815521,111040309.064306,21633639.4377428,111.040309064306
UNI,2023-11-09,5.18150276815521,5.36669713533012,4.81135948350927,5.13332014180094,212774048.991678,41688960.4450859,212.774048991678
UNI,2023-11-10,5.13332014180094,5.37126792617803,5.06783402175177,5.28677700731713,132200109.244259,25318638.3567012,132.200109244259
UNI,2023-11-11,5.28677700731713,5.54573800182377,5.16985299496985,5.39783956050657,132779961.976152,24692595.2854079,132.779961976152
UNI,2023-11-12,5.39783956050657,5.51904417874449,5.21545534680599,5.42372020374612,97357862.1423821,18076596.7424336,97.3578621423821
UNI,2023-11-13,5.42372020374612,5.62261623265625,5.21583277740984,5.22515849460419,121876719.124014,22503893.9905326,121.876719124014
UNI,2023-11-14,5.22515849460419,5.30750553398744,4.87184677805178,5.06067513623588,105390216.673466,20536345.64071,105.390216673466
UNI,2023-11-15,5.06067513623588,5.38778855447088,5.05953962999051,5.38304271546992,100016361.689763,19047729.5841809,100.01636168976299
UNI,2023-11-16,5.38304271546992,5.54506621155439,5.11936723245782,5.19726308342904,58081032.9744,10909014.6885583,58.081032974399996
UNI,2023-11-17,5.19726308342904,5.39597956444718,4.85789700027126,5.10955349308836,107498066.627509,20951791.333537,107.498066627509
UNI,2023-11-18,5.10955349308836,5.16632337031022,4.82045704967633,5.06665520743249,74670712.5917366,14900975.3183241,74.6707125917366
UNI,2023-11-19,5.06665520743249,5.24819396826494,4.95115066776173,5.23774334942837,49584403.9182049,9752757.99490871,49.584403918204906
UNI,2023-11-20,5.23774334942837,5.35264178635301,5.11761287728919,5.19030900906174,60593780.3807828,11586675.3845988,60.593780380782796
UNI,2023-11-21,5.19030900906174,5.27119717870077,4.84244217796499,4.85568888604332,102634419.742921,20391008.4826955,102.634419742921
UNI,2023-11-22,4.85568888604332,6.29270236137919,4.84262695680159,6.1094585227641,277574408.081305,49254384.4640715,277.574408081305
UNI,2023-11-23,6.1094585227641,6.42505033400484,6.0665687282906,6.33146354657979,232388371.352841,37159360.0330337,232.38837135284098
UNI,2023-11-24,6.33146354657979,6.60085294462,6.09028170114382,6.16807816001617,192049575.011195,30655663.8394342,192.049575011195
UNI,2023-11-25,6.16807816001617,6.31524207323307,6.07552019160426,6.16978784910154,73671014.8458566,11898997.5392679,73.6710148458566
UNI,2023-11-26,6.16978784910154,6.20792993048341,5.85763454319781,6.17864225291924,77555530.3169968,12776370.7917892,77.5555303169968
UNI,2023-11-27,6.17864225291924,6.36297400350526,5.93020853456086,6.29161077013705,141221491.524305,23029875.5462205,141.22149152430498
UNI,2023-11-28,6.29161077013705,6.56185998897853,6.08002190934083,6.16597353604083,145273635.326269,23151710.0981956,145.273635326269
UNI,2023-11-29,6.16597353604083,6.38096433414384,5.9864961095978,6.00551548166996,87176158.7444241,14078810.9949618,87.1761587444241
UNI,2023-11-30,6.00551548166996,6.02937087356461,5.8549548716854,5.95868757432602,162342787.309485,27375321.4634872,162.34278730948498
UNI,2023-12-01,5.95868757432602,6.09743364154702,5.89995793638758,6.01307233304226,141323343.205837,23421113.9965727,141.323343205837
UNI,2023-12-02,6.01307233304226,6.18623701593496,6.00623958756383,6.1681528897803,100530674.418004,16472182.7271139,100.53067441800401
UNI,2023-12-03,6.1681528897803,6.24155367315181,5.9437566631694,6.05287039776867,133184754.369544,21846530.3630922,133.184754369544
UNI,2023-12-04,6.05287039776867,6.27920198090381,5.92966050154251,6.10008438932046,289455180.104991,47388435.0208413,289.45518010499103
UNI,2023-12-05,6.10008438932046,6.32033569460647,5.97795674718298,6.23815444662733,118409206.559858,19269586.2974983,118.40920655985799
UNI,2023-12-06,6.23815444662733,6.27826643767919,5.97756915780118,6.00511957320529,119271542.267842,19544927.5076126,119.271542267842
UNI,2023-12-07,6.00511957320529,6.33959273726111,5.99652019693816,6.29092689455619,88988035.637081,14442583.0682425,88.988035637081
UNI,2023-12-08,6.29092689455619,6.54449192124366,6.26804730062708,6.51130096254776,100542510.503533,15733859.2022099,100.54251050353301
UNI,2023-12-09,6.51130096254776,7.05581890119263,6.51024412733371,6.83890412853802,177612908.320113,26389223.0787423,177.612908320113
UNI,2023-12-10,6.83890412853802,6.87767547475896,6.44532059446045,6.60163447151101,98293310.1398508,14803190.3523674,98.29331013985079
UNI,2023-12-11,6.60163447151101,6.61077991465489,5.90079005595529,6.09748175895453,135752535.217869,21993196.2928084,135.75253521786902
UNI,2023-12-12,6.09748175895453,6.33195138745837,6.08275871585308,6.22876382727447,76701309.3775233,12346478.6329039,76.7013093775233
UNI,2023-12-13,6.22876382727447,6.3250755883276,5.9587348943187,6.29239968624075,81357592.3860004,13264514.1640323,81.35759238600039
UNI,2023-12-14,6.29239968624075,6.46692204550769,6.16394584198956,6.35880686109912,80102953.2436461,12697609.9649639,80.1029532436461
UNI,2023-12-15,6.35880686109912,6.3597591540973,5.99065823415772,6.03204157797018,66426824.6456185,10778073.3207191,66.4268246456185
UNI,2023-12-16,6.03204157797018,6.2312881324151,5.94083029657766,6.15736389739473,55124519.9181609,8976117.3340876,55.1245199181609
UNI,2023-12-17,6.15736389739473,6.27164258383591,6.04791484952304,6.06050403426409,65906160.5868538,10680156.7589838,65.9061605868538
UNI,2023-12-18,6.06050403426409,6.11056875547196,5.61667748596117,5.94470662038469,94925457.6053912,16287928.8889906,94.9254576053912
UNI,2023-12-19,5.94470662038469,6.03433573855687,5.75274741109894,5.83282292610922,60064381.1117808,10130043.2819161,60.0643811117808
UNI,2023-12-20,5.83282292610922,6.10337147569608,5.79751995499623,5.92799221325897,60734838.371842,10191422.0675034,60.734838371841995
UNI,2023-12-21,5.92799221325897,6.20171084694242,5.86620198336592,6.18141983290434,79045432.0096374,13173661.3381629,79.0454320096374
UNI,2023-12-22,6.18141983290434,6.48467892814125,6.14129260416176,6.39732115622463,103276101.420209,16357767.6100786,103.276101420209
UNI,2023-12-23,6.39732115622463,6.42871605131802,6.11023109636064,6.34318439211297,110634666.247611,17788485.4098738,110.634666247611
UNI,2023-12-24,6.34318439211297,7.16768464138611,6.32519696956788,6.84526002724295,203723660.812056,30008739.952926,203.723660812056
UNI,2023-12-25,6.84526002724295,7.14273974728712,6.67066179559684,6.96956849504341,117417611.116315,17108222.4915141,117.417611116315
UNI,2023-12-26,6.96956849504341,7.78686947869702,6.64216479466451,7.35070825653512,239524288.921925,32936351.9022402,239.524288921925
UNI,2023-12-27,7.35070825653512,7.43497629752827,6.98958096977861,7.24111496609714,140200148.457994,19384883.4630073,140.200148457994
UNI,2023-12-28,7.24111496609714,8.25263605857061,7.23388868162504,7.81569106228942,278582561.422053,35892394.4554296,278.582561422053
UNI,2023-12-29,7.81569106228942,7.8816718699664,7.3811924605051,7.56789291736782,162077401.734545,21185817.5712474,162.077401734545
UNI,2023-12-30,7.56789291736782,7.8103858177438,7.32447953663199,7.35916928456914,82594044.9525886,10936960.4666202,82.5940449525886
UNI,2023-12-31,7.35916928456914,7.69103321274892,7.18329229605076,7.22490318493384,70832476.0269971,9498136.31630649,70.8324760269971
UNI,2024-01-01,7.22490318493384,7.64328871193396,7.1481199243948,7.60103805219805,58441745.6155288,7902380.5280444,58.4417456155288
UNI,2024-01-02,7.60103805219805,7.72845208962769,7.15735102533681,7.18182072205155,91274493.5164833,12233917.6155908,91.2744935164833
UNI,2024-01-03,7.18182072205155,7.37834580351519,6.01129718027034,6.445029071124,166457847.492053,24749976.2748207,166.457847492053
UNI,2024-01-04,6.445029071124,6.72285732531222,6.39524860108729,6.55415138409539,89719499.8067902,13636058.3897271,89.7194998067902
UNI,2024-01-05,6.55415138409539,6.64435267405357,6.21734485003227,6.44666859984752,107350564.481075,16664309.4144282,107.350564481075
UNI,2024-01-06,6.44666859984752,6.45814987526268,6.03613604507198,6.31513414880594,82732453.1623811,13129571.2400238,82.73245316238109
UNI,2024-01-07,6.31513414880594,6.4520730086445,5.95112902801928,6.03109838827123,57750824.1122333,9224599.50172839,57.7508241122333
UNI,2024-01-08,6.03109838827123,6.24884724404851,5.68303268995835,6.24778266484795,87314817.2432719,14540367.5795515,87.3148172432719
UNI,2024-01-09,6.24778266484795,6.28234574235815,5.71386054399399,6.02654471881733,93375561.0904342,15626584.7651333,93.37556109043419
UNI,2024-01-10,6.02654471881733,6.74282826081583,5.96555806312634,6.57468735789638,122541655.596973,19590460.1140676,122.541655596973
UNI,2024-01-11,6.57468735789638,6.97135035882036,6.53731901468395,6.82478615645193,147504009.08775,21889984.4266337,147.50400908774998
UNI,2024-01-12,6.82478615645193,6.96599220233852,6.36540915104016,6.57927837293817,139500125.644186,20753679.9767714,139.500125644186
UNI,2024-01-13,6.57927837293817,6.70090260863854,6.40531175455451,6.64336934758303,80165562.8945051,12168012.9849666,80.1655628945051
UNI,2024-01-14,6.64336934758303,6.67194701001729,6.31929572197994,6.3253177120875,73312683.8107486,11212250.7601683,73.31268381074861
UNI,2024-01-15,6.3253177120875,6.72507654815201,6.3247825976621,6.66683811645338,98985793.381343,15030253.9977893,98.985793381343
UNI,2024-01-16,6.66683811645338,6.92847344643924,6.65371949184228,6.82427232311809,86751759.6937206,12722236.8363534,86.7517596937206
UNI,2024-01-17,6.82427232311809,6.89287400372677,6.65908164464105,6.76536333974647,73073110.6389491,10780097.0372112,73.0731106389491
UNI,2024-01-18,6.76536333974647,6.83787055407068,6.23949152549431,6.31795249020782,75021699.4847576,11468153.5309963,75.0216994847576
UNI,2024-01-19,6.31795249020782,6.37277318560751,6.04189818296665,6.35400444188828,70945113.8514475,11312938.071008,70.94511385144749
UNI,2024-01-20,6.35400444188828,6.60475109476221,6.29340499110497,6.49194320612706,65910377.4283436,10189516.1263179,65.91037742834361
UNI,2024-01-21,6.49194320612706,6.51493337431323,6.36803265284113,6.37195831383607,31911615.6675825,4942815.27335623,31.911615667582502
UNI,2024-01-22,6.37195831383607,6.40114568956469,5.9726086713603,6.03891786501045,59289536.4559896,9623502.87879144,59.2895364559896
UNI,2024-01-23,6.03891786501045,6.12580979101611,5.54009344424693,5.84115830838621,79268159.0789427,13695295.6124086,79.2681590789427
UNI,2024-01-24,5.84115830838621,5.91008271659903,5.72557159826813,5.86701965372297,60591972.3676117,10431166.6458871,60.591972367611696
UNI,2024-01-25,5.86701965372297,5.86886685890203,5.63280819191403,5.74939660073119,49565429.1656483,8586588.52281787,49.5654291656483
UNI,2024-01-26,5.74939660073119,5.9651214994872,5.70114441206594,5.95421938577972,58998463.9658909,10085495.2464243,58.9984639658909
UNI,2024-01-27,5.95421938577972,6.00514356127407,5.85392244853031,5.99004227251762,38654937.4250955,6507138.68522231,38.6549374250955
UNI,2024-01-28,5.99004227251762,6.07980142343359,5.88981849422208,5.94281301162202,45700689.0899301,7634263.18677556,45.7006890899301
UNI,2024-01-29,5.94281301162202,6.14927932298426,5.88227464238216,6.14866314856001,53340075.3884784,8868490.62111606,53.3400753884784
UNI,2024-01-30,6.14866314856001,6.33825109269062,6.12116391044318,6.26236076950879,61778478.8425604,9935564.37688102,61.7784788425604
UNI,2024-01-31,6.26236076950879,6.32997831544976,5.93978568115325,6.00080052032418,72582399.9680804,11846675.3294519,72.5823999680804
UNI,2024-02-01,6.00080052032418,6.08683048752452,5.88424486134245,6.04848699754817,58064282.2452328,9686865.84030312,58.064282245232796
UNI,2024-02-02,6.04848699754817,6.25598287003649,6.03733206432643,6.1386799812416,49451737.8180068,8042629.05839806,49.4517378180068
UNI,2024-02-03,6.1386799812416,6.28307520197025,6.07039195040377,6.11269365083228,39048200.8261213,6335301.89745171,39.0482008261213
UNI,2024-02-04,6.11269365083228,6.13026935542395,5.96673988813497,5.98058573033493,32378349.7643349,5353306.13680169,32.3783497643349
UNI,2024-02-05,5.98058573033493,6.09169921093174,5.91914749325189,6.00168598907117,38122107.275735,6347269.54849036,38.122107275735
UNI,2024-02-06,6.00168598907117,6.43032594628194,5.99804486183086,6.27790922726977,56583793.5908167,9109774.57841614,56.5837935908167
UNI,2024-02-07,6.27790922726977,6.46982896436054,6.22097954038026,6.39405752732626,49641554.2407812,7841911.85648306,49.641554240781204
UNI,2024-02-08,6.39405752732626,6.43138385735684,6.31645138571829,6.32011469623056,49222891.307798,7726747.04189484,49.222891307798
UNI,2024-02-09,6.32011469623056,6.7036544721717,6.31366641339893,6.66081384673606,75896341.7343084,11627221.4194037,75.89634173430841
UNI,2024-02-10,6.66081384673606,6.7526648065129,6.54578993235734,6.63266141333548,46151093.0545897,6935836.24356069,46.1510930545897
UNI,2024-02-11,6.63266141333548,6.83058973639629,6.56327249921891,6.68545196528025,60212546.8630118,9013505.39995028,60.2125468630118
UNI,2024-02-12,6.68545196528025,6.86113245734859,6.48548917946144,6.84063727036925,63639467.7481795,9528646.16050515,63.639467748179506
UNI,2024-02-13,6.84063727036925,6.87577474046488,6.59785239184864,6.68946803040221,68362734.7321681,10147111.5095735,68.3627347321681
UNI,2024-02-14,6.68946803040221,6.90338521720782,6.64373463936475,6.89322961878458,65049039.581605,9562708.62439027,65.049039581605
UNI,2024-02-15,6.89322961878458,7.51861866169095,6.89320115042464,7.49995068497553,119759651.286234,16600624.6128424,119.759651286234
UNI,2024-02-16,7.49995068497553,7.67325447096659,7.31655788764335,7.44380800371381,104788554.996,13962006.6130946,104.788554996
UNI,2024-02-17,7.44380800371381,7.79692476760273,7.37457390342408,7.76790411608449,103021433.522873,13589237.8434983,103.021433522873
UNI,2024-02-18,7.76790411608449,7.97361270959635,7.54781492544157,7.65434965642803,81782110.5765983,10602791.5105239,81.7821105765983
UNI,2024-02-19,7.65434965642803,7.7816968439851,7.52666509805812,7.69800713991,81523107.1492234,10644624.3854792,81.5231071492234
UNI,2024-02-20,7.69800713991,7.7290066165948,7.26037932587059,7.55894782290854,104244056.503416,13881974.7593776,104.244056503416
UNI,2024-02-21,7.55894782290854,7.55917415894311,7.08155964001486,7.39376715791829,85303915.0914878,11704436.5407934,85.3039150914878
UNI,2024-02-22,7.39376715791829,7.51332976466425,7.27461051958906,7.35235716086781,72336453.2050939,9766782.02854132,72.3364532050939
UNI,2024-02-23,7.35235716086781,12.5567400265445,7.04748960984342,11.4108678285891,1280869707.61948,120805107.9822,1280.8697076194799
UNI,2024-02-24,11.4108678285891,12.8450113135012,10.9533490982963,11.259964965182,1043887195.87196,87819471.8986546,1043.88719587196
UNI,2024-02-25,11.259964965182,11.6066170651197,10.1369031446818,11.1458266237695,416612408.92543,38831612.8156855,416.61240892543
UNI,2024-02-26,11.1458266237695,11.549888198428,10.395844267522,10.6194272089605,354190614.709373,32757271.5913042,354.190614709373
UNI,2024-02-27,10.6194272089605,11.2025129923349,10.4431355684223,10.8404486498692,275511385.26334,25492980.1087059,275.51138526334
UNI,2024-02-28,10.8404486498692,11.2632392023147,10.1080337936752,10.9451046524525,331749840.849696,30736938.624485,331.749840849696
UNI,2024-02-29,10.9451046524525,11.9172828250398,10.7472655236896,11.1157342492143,429140838.001079,38251733.0667266,429.14083800107903
UNI,2024-03-01,11.1157342492143,12.0230882052695,10.8289487888572,11.5786168628633,289528635.430939,25409081.2553679,289.528635430939
UNI,2024-03-02,11.5786168628633,13.4380870878592,11.3360368800753,12.6286050991371,443245458.272246,35901692.7275573,443.245458272246
UNI,2024-03-03,12.6286050991371,13.2416141431978,11.9208765886418,12.6262997121253,306531506.530126,24381255.7339999,306.53150653012597
UNI,2024-03-04,12.6262997121253,13.0125454934454,12.0894923546791,12.3685247184411,270417344.393015,21579406.6822784,270.417344393015
UNI,2024-03-05,12.3685247184411,14.0234273945863,11.6198206051756,13.2208094804099,542016298.706522,41799685.449033,542.016298706522
UNI,2024-03-06,13.2208094804099,17.0089605116684,12.5761877702476,15.4133461061582,808739407.607026,53310843.4193502,808.739407607026
UNI,2024-03-07,15.4133461061582,15.548361471848,14.6287898387334,14.9051275461177,294324025.415235,19650906.9246121,294.324025415235
UNI,2024-03-08,14.9051275461177,15.4470777862751,14.2514560540614,14.6170970181148,267193645.882058,17905067.9117859,267.193645882058
UNI,2024-03-09,14.6170970181148,15.0208284142352,13.9575052837406,14.19356909407,259863616.007432,18031073.5874847,259.86361600743203
UNI,2024-03-10,14.19356909407,14.4185449962478,13.5773866701308,14.2157608802732,215901953.73001,15328413.6914385,215.90195373001
UNI,2024-03-11,14.2157608802732,14.6382995419579,13.6280449300883,14.4320132683003,223151403.173405,15725988.9538868,223.151403173405
UNI,2024-03-12,14.4320132683003,14.5508437314294,13.2691163894461,14.0674078884058,231332391.150008,16544690.3276554,231.332391150008
UNI,2024-03-13,14.0674078884058,14.718719487329,13.7866619291422,14.23430436434,181974769.120076,12801858.2410784,181.974769120076
UNI,2024-03-14,14.23430436434,14.4634139418836,13.1939736525029,13.9396369227064,221622572.986451,15872058.3193182,221.622572986451
UNI,2024-03-15,13.9396369227064,14.1108142312093,12.2162800596155,13.0546001700918,279888342.263812,21642061.7857621,279.888342263812
UNI,2024-03-16,13.0546001700918,13.1527831183861,11.7655378749911,12.0166295110139,173881936.521142,13859987.2564174,173.881936521142
UNI,2024-03-17,12.0166295110139,12.6435064951823,11.3648221935414,12.412016950615,152751531.924669,12572816.1553386,152.751531924669
UNI,2024-03-18,12.412016950615,12.6056735367609,11.5724375303895,11.8652339392875,138413318.93145,11465980.4192353,138.41331893145002
UNI,2024-03-19,11.8652339392875,12.0233808847598,10.3938651692721,10.6137669011254,236036282.333142,21433274.138623,236.03628233314203
UNI,2024-03-20,10.6137669011254,11.9436876384956,10.3101335361855,11.9127304466396,186416374.321193,16771321.7145465,186.41637432119302
UNI,2024-03-21,11.9127304466396,12.2266851754049,11.5540741540189,12.1867817081585,142975782.054577,11955933.8026252,142.975782054577
UNI,2024-03-22,12.1867817081585,12.2373317329567,11.3442378605896,11.7549511045497,137719331.668365,11680103.1561812,137.71933166836502
UNI,2024-03-23,11.7549511045497,12.0108995253178,11.5817039010341,11.6294728388154,88417382.3072596,7479166.93036805,88.4173823072596
UNI,2024-03-24,11.6294728388154,12.0875973709099,11.582536461332,12.037191916017,71694491.6755784,6063724.86439793,71.6944916755784
UNI,2024-03-25,12.037191916017,12.7347214665132,11.9272708199682,12.4326792598747,117970003.574534,9550112.7894318,117.970003574534
UNI,2024-03-26,12.4326792598747,12.8865888187613,12.3872870369774,12.6949733152301,121085899.291466,9568726.5413758,121.08589929146599
UNI,2024-03-27,12.6949733152301,12.8241103253112,12.1127705511369,12.2359186679946,130765762.86933,10481668.4562612,130.76576286933
UNI,2024-03-28,12.2359186679946,12.8786601765121,12.1148293470232,12.7511864066043,126819276.340071,10132624.0484671,126.819276340071
UNI,2024-03-29,12.7511864066043,13.1015232900602,12.4560821541448,12.6509422812093,138897819.445206,10894712.138065,138.89781944520598
UNI,2024-03-30,12.6509422812093,12.9120962839895,12.5148830543234,12.6117195504031,82589900.9551038,6499362.63060272,82.5899009551038
UNI,2024-03-31,12.6117195504031,13.325652199456,12.5849516907018,12.9535357992946,112083973.217158,8602614.88383481,112.083973217158
UNI,2024-04-01,12.9535357992946,12.9535475301614,12.0521908690572,12.4245172757611,153267945.574285,12296315.0729752,153.267945574285
UNI,2024-04-02,12.4245172757611,12.4260755217303,11.1803149159392,11.3088287354442,164833467.568933,14263438.978815,164.833467568933
UNI,2024-04-03,11.3088287354442,11.4478261488188,10.664889838421,10.8784173211577,167375860.446481,15149271.9161072,167.375860446481
UNI,2024-04-04,10.8784173211577,11.2723757441031,10.7118163646763,10.9835445490262,105132182.084621,9536151.09046638,105.132182084621
UNI,2024-04-05,10.9835445490262,11.0633155959793,10.4511705679403,10.9297318137955,97136392.3689047,9024378.78212768,97.1363923689047
UNI,2024-04-06,10.9297318137955,11.3444784522142,10.8989864719979,11.2439213924212,58807101.4995295,5298021.62814791,58.8071014995295
UNI,2024-04-07,11.2439213924212,11.4845712061461,11.1998766128639,11.3986878915169,99525953.985355,8774538.08580532,99.525953985355
UNI,2024-04-08,11.3986878915169,11.7997404510565,11.2790523282218,11.6280620289869,94710192.0120005,8168224.37555857,94.7101920120005
UNI,2024-04-09,11.6280620289869,11.7100664412045,11.0391189871984,11.211095308076,102819446.492712,9059056.30699212,102.819446492712
UNI,2024-04-10,11.211095308076,11.3041022059268,9.81205984686423,10.0437295736251,329644438.477357,31670291.4983149,329.64443847735697
UNI,2024-04-11,10.0437295736251,10.0474287480426,8.70814273496645,9.15024170193115,483419507.002563,52152282.0953938,483.419507002563
UNI,2024-04-12,9.15024170193115,9.21311118567094,7.25948144664141,7.93009590965085,329294274.976434,39061806.2434351,329.294274976434
UNI,2024-04-13,7.93009590965085,8.00421285996813,5.94417938346237,6.92366304594437,344904529.108357,49034380.7048445,344.904529108357
UNI,2024-04-14,6.92366304594437,7.58765825346617,6.65944881090064,7.53251460714376,274703454.968375,38750354.9240241,274.703454968375
UNI,2024-04-15,7.53251460714376,7.93555034709614,7.03362566464286,7.25081004972505,191651637.064205,25480425.0665166,191.651637064205
UNI,2024-04-16,7.25081004972505,7.33003279229387,6.77548347479912,7.18950927779063,161590186.002313,22735766.3995103,161.59018600231298
UNI,2024-04-17,7.18950927779063,7.24344910618936,6.63884269384711,6.89065476099625,96981506.5013943,13927062.159203,96.9815065013943
UNI,2024-04-18,6.89065476099625,7.34566001737927,6.73658080030659,7.29915660228714,102052558.201915,14474552.4869555,102.05255820191499
UNI,2024-04-19,7.29915660228714,7.68999662892201,6.72828414626191,7.49597494120943,143820320.750068,19474981.4392634,143.82032075006802
UNI,2024-04-20,7.49597494120943,7.91966961289445,7.40342308850274,7.87527230434071,90029552.1241128,11776045.5390329,90.0295521241128
UNI,2024-04-21,7.87527230434071,7.95319303454864,7.56518083795066,7.73290920317164,65885605.6584523,8476067.00925369,65.8856056584523
UNI,2024-04-22,7.73290920317164,8.30143759090172,7.71280387044533,8.20917354361398,104433132.099797,13025911.7782568,104.43313209979699
UNI,2024-04-23,8.20917354361398,8.35452981772616,7.92564248613862,7.94967818020371,94620063.8580116,11703008.4553478,94.6200638580116
UNI,2024-04-24,7.94967818020371,8.21298421983544,7.59124736684852,7.71144723605575,102079123.889469,12895021.6657817,102.079123889469
UNI,2024-04-25,7.71144723605575,8.11156120195317,7.56657695347393,7.93266830051195,105048356.874425,13437900.2611489,105.048356874425
UNI,2024-04-26,7.93266830051195,7.94285857232629,7.54350667867449,7.70155244869272,86912869.7369518,11245340.4670219,86.9128697369518
UNI,2024-04-27,7.70155244869272,8.05827669839683,7.46710115818949,7.97403529312459,73392686.1502115,9500493.90727266,73.3926861502115
UNI,2024-04-28,7.97403529312459,8.22190418363368,7.79894549610452,7.82702129083516,83229829.0963839,10374799.127799,83.2298290963839
UNI,2024-04-29,7.82702129083516,7.88918205821906,7.50504881736565,7.68854094305478,76511093.1675113,9992717.11655233,76.5110931675113
UNI,2024-04-30,7.68854094305478,7.80080594051978,6.80045757624469,7.03300314170856,118956458.145554,16458404.6471071,118.95645814555401
UNI,2024-05-01,7.03300314170856,7.14190058763668,6.54465832290927,7.04153718718942,134177351.121796,19508113.6715946,134.177351121796
UNI,2024-05-02,7.04153718718942,7.21298318395977,6.85249411363623,7.11048317502274,76497962.9691697,10843812.1645379,76.4979629691697
UNI,2024-05-03,7.11048317502274,7.62021357520185,6.95301437133298,7.59145020512508,99033139.8570666,13575610.4215198,99.0331398570666
UNI,2024-05-04,7.59145020512508,7.71060246248885,7.48301361806739,7.53432079823744,65767343.7809484,8694038.87517706,65.7673437809484
UNI,2024-05-05,7.53432079823744,7.65307503582644,7.35998783838962,7.5939906535299,70493931.5474159,9435992.01628106,70.4939315474159
UNI,2024-05-06,7.5939906535299,7.94912250616029,7.45064124579074,7.47619676220242,95558000.8159313,12498640.5791053,95.55800081593131
UNI,2024-05-07,7.47619676220242,7.67758876887396,7.38112888912211,7.39885212967071,71756672.9115265,9534202.50663828,71.75667291152651
UNI,2024-05-08,7.39885212967071,7.52866975555143,7.2163347381269,7.3296896976814,74970495.5855553,10182829.0924208,74.9704955855553
UNI,2024-05-09,7.3296896976814,7.54525700293606,7.17206324531023,7.50186122393967,56113510.0047825,7635118.16001885,56.1135100047825
UNI,2024-05-10,7.50186122393967,7.56422975349466,7.02846714395081,7.11092500431912,65725453.6028643,8978012.64475712,65.7254536028643
UNI,2024-05-11,7.11092500431912,7.20326506964498,7.02519864936039,7.03679043925524,40641441.1376148,5720940.23432976,40.6414411376148
UNI,2024-05-12,7.03679043925524,7.21640334392557,7.00456872646607,7.06391269955852,41753525.5245526,5885384.57007372,41.7535255245526
UNI,2024-05-13,7.06391269955852,7.20901272894865,6.84826067804061,7.00468860386995,82784239.3420907,11756899.7514311,82.7842393420907
UNI,2024-05-14,7.00468860386995,7.02059559398168,6.76315945867744,6.78517013471571,64081490.5936683,9294001.59644871,64.08149059366829
UNI,2024-05-15,6.78517013471571,7.44330603580931,6.74058146574457,7.36754863604484,71249107.3800982,10016088.7536836,71.2491073800982
UNI,2024-05-16,7.36754863604484,7.42857543323443,7.05959475411338,7.29472875600838,68163715.3581063,9350942.68789776,68.1637153581063
UNI,2024-05-17,7.29472875600838,7.6030518399733,7.24136152932805,7.49433857101439,68670158.8773982,9233054.57519024,68.6701588773982
UNI,2024-05-18,7.49433857101439,8.21985771190932,7.45138501140619,7.86067248769089,142356415.512005,18134148.7597776,142.35641551200501
UNI,2024-05-19,7.86067248769089,7.96800499070638,7.59209953705893,7.64344688678927,65131074.8092974,8367495.38801841,65.1310748092974
UNI,2024-05-20,7.64344688678927,9.49955746810418,7.62521752818319,9.32741216546757,221110993.635606,26277046.3882401,221.11099363560598
UNI,2024-05-21,9.32741216546757,9.66508654158432,9.08575073562609,9.65496723355358,232288984.216667,24770869.059679,232.288984216667
UNI,2024-05-22,9.65496723355358,9.68358024013675,9.02940633749705,9.29865354846903,159550042.138751,17070998.8288736,159.550042138751
UNI,2024-05-23,9.29865354846903,9.85069260649154,8.77018736159287,9.08304839214855,241665347.721324,25864899.9845495,241.665347721324
UNI,2024-05-24,9.08304839214855,10.5219793005507,8.95486846188367,10.2074628736269,307697670.32877,32064824.9649899,307.69767032876996
UNI,2024-05-25,10.2074628736269,11.4501417119084,10.1631915754413,11.3281667891112,396882060.978394,36544779.0363934,396.88206097839395
UNI,2024-05-26,11.3281667891112,11.7824051870339,11.0758939692713,11.1658324132732,316182391.991081,27778103.4616254,316.182391991081
UNI,2024-05-27,11.1658324132732,11.3546527639068,10.9251853238172,11.0525488909803,172017696.457226,15470061.0951964,172.017696457226
UNI,2024-05-28,11.0525488909803,11.4932529455474,10.6134136798487,11.1005259665978,212059074.484314,19409372.8049216,212.05907448431398
UNI,2024-05-29,11.1005259665978,11.2956944840444,10.4337109398386,10.4344100119004,162247278.213633,15005335.8412586,162.247278213633
UNI,2024-05-30,10.4344100119004,11.1970639115254,10.3686305146849,10.7588945746761,133696449.142267,12427253.1901157,133.696449142267
UNI,2024-05-31,10.7588945746761,11.1052382767634,9.93419571952835,9.95051031444542,183654067.638758,17392738.0096273,183.654067638758
UNI,2024-06-01,9.95051031444542,10.0426163754771,9.86008365258452,9.8818960942838,84941474.9128053,8533956.87836496,84.9414749128053
UNI,2024-06-02,9.8818960942838,9.94553288094212,9.37886933439254,9.42216484850286,84121389.6861187,8694807.76776524,84.1213896861187
UNI,2024-06-03,9.42216484850286,9.82834711417679,9.30047288963936,9.49482969650533,112628380.71255,11695817.089285,112.62838071255
UNI,2024-06-04,9.49482969650533,11.9088302755884,9.40838839973044,11.4693070126515,556747886.749834,51204349.0801113,556.7478867498339
UNI,2024-06-05,11.4693070126515,11.5358688112885,10.8891473884283,11.1635623017942,245057832.421723,21885863.0703838,245.05783242172302
UNI,2024-06-06,11.1635623017942,11.2554084489073,10.4331570698419,10.6166072386515,144224579.054899,13390787.0329163,144.224579054899
UNI,2024-06-07,10.6166072386515,10.741738684666,9.32868345068698,9.81860021954747,174355560.361226,17245280.8517737,174.355560361226
UNI,2024-06-08,9.81860021954747,10.1897029425038,9.79583896513213,10.0527333368629,114340500.954932,11473940.4849558,114.34050095493201
UNI,2024-06-09,10.0527333368629,10.0812151030997,9.76648367265839,9.82247371743589,56038788.2834347,5658559.66874679,56.0387882834347
UNI,2024-06-10,9.82247371743589,10.6681705673022,9.62205386556144,10.348977395895,176314165.501875,17284954.5972543,176.314165501875
UNI,2024-06-11,10.348977395895,10.3837495035227,8.78063418546944,8.97470978371338,273733148.770849,29188844.9363221,273.73314877084897
UNI,2024-06-12,8.97470978371338,10.3251021842191,8.78776826901658,10.0722152671349,311484230.132783,31865086.0052745,311.484230132783
UNI,2024-06-13,10.0722152671349,10.2152584194138,9.65755008876441,10.1578828949513,172120761.807626,17298961.8288106,172.120761807626
UNI,2024-06-14,10.1578828949513,10.9629520119882,10.0751229106336,10.4312460315031,302749608.624259,28681951.3553624,302.749608624259
UNI,2024-06-15,10.4312460315031,11.8339513292246,10.3606130840673,11.5189503783585,313423453.801739,28140450.4628129,313.42345380173896
UNI,2024-06-16,11.5189503783585,11.9917630249394,11.2689049601308,11.9737503902087,160409687.322028,13903518.9519127,160.40968732202802
UNI,2024-06-17,11.9737503902087,11.9745481147052,10.5759570514689,10.6056675276819,224073533.766824,20287295.541431,224.073533766824
UNI,2024-06-18,10.6056675276819,10.6280281037359,9.24858950302025,9.76211597565162,232009174.891342,23742353.3484593,232.009174891342
UNI,2024-06-19,9.76211597565162,10.4581771172724,9.62957996775785,9.9541116296421,226186066.797258,22239370.6207433,226.18606679725798
UNI,2024-06-20,9.9541116296421,10.2825040028291,9.64476697381597,10.0208604968661,169872641.171108,16968472.6725146,169.872641171108
UNI,2024-06-21,10.0208604968661,10.3032049495877,9.71068126418168,9.80442905982825,136122241.50162,13656386.0152106,136.12224150161998
UNI,2024-06-22,9.80442905982825,10.0703377836944,9.61798572832711,9.83767864357598,73984924.1129475,7494931.60467635,73.9849241129475
UNI,2024-06-23,9.83767864357598,10.0863047837872,9.76573865903748,9.76736144310525,65348376.5982229,6562832.63025197,65.3483765982229
UNI,2024-06-24,9.76736144310525,9.80744572234395,8.76743657055848,9.31836514362783,209246690.558844,22921074.6922585,209.246690558844
UNI,2024-06-25,9.31836514362783,9.56405894703864,9.20295449362927,9.50048524931306,104186155.749616,11089578.9164979,104.18615574961599
UNI,2024-06-26,9.50048524931306,9.64685831623625,9.18274811099607,9.38572810587583,90114315.9061056,9581143.93700437,90.11431590610559
UNI,2024-06-27,9.38572810587583,9.63126771129333,9.17662866104252,9.49303762148467,97861426.6131877,10421386.9807613,97.8614266131877
UNI,2024-06-28,9.49303762148467,9.61864632360286,8.92439098493885,8.98418574682306,132595686.192063,14283951.2230445,132.595686192063
UNI,2024-06-29,8.98418574682306,9.10784940428615,8.83423585598839,8.84255703319062,63933904.8998109,7140636.42129444,63.933904899810905
UNI,2024-06-30,8.84255703319062,9.3328009636689,8.7627383589772,9.27790348018285,62584344.4278665,6933500.00117908,62.584344427866505
UNI,2024-07-01,9.27790348018285,9.50645034587644,9.12558771569398,9.13902088150938,104919321.218639,11271928.2197456,104.919321218639
UNI,2024-07-02,9.13902088150938,9.21293539137601,8.81660947028016,8.98666649069683,107022484.781584,11895678.3642141,107.022484781584
UNI,2024-07-03,8.98666649069683,9.04735694913663,8.40595248558754,8.51585558819898,127504706.564553,14678914.9250657,127.50470656455299
UNI,2024-07-04,8.51585558819898,8.57251006233422,7.61692150195476,7.62680191601756,160665734.227486,19951086.819552,160.665734227486
UNI,2024-07-05,7.62680191601756,7.82149815496225,6.83779574841225,7.77710708520265,255515417.946784,34934674.6128412,255.515417946784
UNI,2024-07-06,7.77710708520265,8.25965409591671,7.67298278395729,8.19135306173608,98128564.8273149,12361390.7788972,98.1285648273149
UNI,2024-07-07,8.19135306173608,8.19974707878201,7.60610855243819,7.64989564523398,96067553.0701496,12125314.486594,96.0675530701496
UNI,2024-07-08,7.64989564523398,8.28804001587874,7.33290145746096,8.0389799868609,157899355.379588,20062712.220583,157.899355379588
UNI,2024-07-09,8.0389799868609,8.26944859563888,7.98174390939374,8.17782747010324,98570397.4455028,12142431.4094754,98.5703974455028
UNI,2024-07-10,8.17782747010324,8.33712812883229,7.99829053036441,8.03077292384491,108439316.261973,13363678.6939288,108.43931626197299
UNI,2024-07-11,8.03077292384491,8.17508960169939,7.77598896057187,7.8320584700852,96757609.08424,12139681.605172,96.75760908424
UNI,2024-07-12,7.8320584700852,8.24870787389856,7.69925668552174,8.11769405527637,89602813.700196,11267146.3142459,89.602813700196
UNI,2024-07-13,8.11769405527637,8.29358546728162,8.08814668097256,8.15950297708628,74036713.0143245,9057996.79091167,74.0367130143245
UNI,2024-07-14,8.15950297708628,8.49975784583805,8.10228754709308,8.42598861362336,96569648.6267916,11667509.5383268,96.56964862679159
UNI,2024-07-15,8.42598861362336,8.61091687723913,8.28860535584561,8.59787684327585,141124082.309132,16683172.3762866,141.124082309132
UNI,2024-07-16,8.59787684327585,8.65452519816139,7.8860083335683,8.17756559063881,204952631.383862,24950852.8872444,204.95263138386198
UNI,2024-07-17,8.17756559063881,8.41653943368514,7.8839332571242,7.92338357318252,146266583.597614,17932196.8151594,146.266583597614
UNI,2024-07-18,7.92338357318252,8.04809872711154,7.58213635391185,7.83581270052666,118607481.402685,15029538.6938645,118.607481402685
UNI,2024-07-19,7.83581270052666,8.03097344621406,7.68048688097828,8.00035255049049,108963185.057249,13831346.1405189,108.96318505724899
UNI,2024-07-20,8.00035255049049,8.04961815021618,7.83070964064401,8.01856210614828,89471555.7658834,11238919.4045085,89.4715557658834
UNI,2024-07-21,8.01856210614828,8.18446028361406,7.67392889350956,8.12791375531968,104675883.228957,13123349.9450438,104.67588322895699
UNI,2024-07-22,8.12791375531968,8.17052731676963,7.75755026182126,7.8168174024889,108791432.847893,13683231.1033852,108.791432847893
UNI,2024-07-23,7.8168174024889,8.00679971714398,7.57433472081046,7.71312292293453,129237346.211285,16569079.3401941,129.237346211285
UNI,2024-07-24,7.71312292293453,7.76863607420802,7.35965031444864,7.42535479272745,93624749.8562194,12340467.1976996,93.6247498562194
UNI,2024-07-25,7.42535479272745,7.45533770917266,7.04433571555801,7.29085796882101,119065900.787257,16537278.1707514,119.06590078725701
UNI,2024-07-26,7.29085796882101,7.70957752641621,7.2767002118557,7.67983130820787,78115565.4910492,10334009.0317659,78.1155654910492
UNI,2024-07-27,7.67983130820787,7.89691053145685,7.55670153218424,7.67627068817313,89683582.3776082,11614562.3250159,89.68358237760819
UNI,2024-07-28,7.67627068817313,7.67627068817313,7.467712281901,7.54055268092618,51501190.5329003,6802481.21545964,51.5011905329003
UNI,2024-07-29,7.54055268092618,7.90289005069288,7.53331519957861,7.68425825205786,85783040.9876569,11061965.0128217,85.7830409876569
UNI,2024-07-30,7.68425825205786,7.75321778479219,7.30473375573001,7.39274117033003,69018078.9916595,9146027.48593534,69.01807899165951
UNI,2024-07-31,7.39274117033003,7.48343800478245,7.14480543673619,7.17357331723974,69077998.9938647,9427232.01199906,69.0779989938647
UNI,2024-08-01,7.17357331723974,7.26301194526395,6.87175500997015,7.18352957528488,110557927.309881,15612744.139263,110.557927309881
UNI,2024-08-02,7.18352957528488,7.23904265122977,6.52791436915799,6.60979926813556,113666224.384459,16535465.6991106,113.666224384459
UNI,2024-08-03,6.60979926813556,6.77986570624393,6.4140094891534,6.6298365778468,108011825.138803,16376396.1999705,108.011825138803
UNI,2024-08-04,6.6298365778468,6.67935969891427,6.00953184495754,6.14777588190127,124102092.608711,19467420.8576829,124.102092608711
UNI,2024-08-05,6.14777588190127,6.1830745496756,4.72031306726289,5.36741359578621,348659772.781787,66569520.3619458,348.65977278178696
UNI,2024-08-06,5.36741359578621,5.89544792187376,5.36670962977138,5.79325108024964,135134864.098722,23623625.2359137,135.134864098722
UNI,2024-08-07,5.79325108024964,6.01295850817326,5.53169037205051,5.65759368521118,94440859.178716,16301579.7941622,94.44085917871601
UNI,2024-08-08,5.65759368521118,6.31864397068676,5.58866472386168,6.28840000706062,101279071.533049,16938862.6758831,101.279071533049
UNI,2024-08-09,6.28840000706062,6.28868534033701,5.97269283561814,6.14735962393105,72711172.4266253,11838260.2217584,72.7111724266253
UNI,2024-08-10,6.14735962393105,6.25139479375159,6.09662192954745,6.19669601299398,40923279.1424504,6619084.69180715,40.9232791424504
UNI,2024-08-11,6.19669601299398,6.40256652952489,5.88379295674459,5.91263903886483,51698661.2975368,8409899.16412013,51.698661297536795
UNI,2024-08-12,5.91263903886483,6.31133011585888,5.86366248453208,6.24382959535145,81991712.0366517,13432273.2577146,81.9917120366517
UNI,2024-08-13,6.24382959535145,6.39557045189644,6.09034911587438,6.34691503259362,68553097.8671395,10996349.1450445,68.5530978671395
UNI,2024-08-14,6.34691503259362,6.5085079575586,6.23676203885142,6.43958255837664,76071349.5350402,11909713.0269584,76.0713495350402
UNI,2024-08-15,6.43958255837664,6.45132502345837,6.08620023168354,6.20705464395657,73690907.8394992,11760086.8416562,73.6909078394992
UNI,2024-08-16,6.20705464395657,6.62154860584397,6.20401950323141,6.50138323182814,85605444.0319278,13379531.332921,85.60544403192779
UNI,2024-08-17,6.50138323182814,6.549238385683,6.34018925691923,6.41949870737282,44331064.8086607,6880063.6820647,44.3310648086607
UNI,2024-08-18,6.41949870737282,6.44188759936466,6.1707830532136,6.17401360496132,52212721.5557813,8248843.43852034,52.2127215557813
UNI,2024-08-19,6.17401360496132,6.25979476857597,6.03532965064642,6.1975957031521,53594660.5413982,8703686.60448597,53.5946605413982
UNI,2024-08-20,6.1975957031521,6.46787424900379,6.12213835600511,6.26128048439782,62386648.7187805,9912511.00296548,62.3866487187805
UNI,2024-08-21,6.26128048439782,7.20876385319366,6.24209960567525,7.10043647550689,129240869.257326,19152216.7960152,129.240869257326
UNI,2024-08-22,7.10043647550689,7.11626376191802,6.88137612626326,6.91905249365977,85606492.9165804,12298802.0377666,85.6064929165804
UNI,2024-08-23,6.91905249365977,7.09000236908264,6.81028841369991,7.00233595590279,113330630.2526,16303955.313637,113.3306302526
UNI,2024-08-24,7.00233595590279,7.12245017845762,6.83603445823131,6.91831889768478,102242489.290622,14608161.3015518,102.24248929062199
UNI,2024-08-25,6.91831889768478,6.93477328702881,6.61018342283455,6.63159140791253,87980408.7409458,13053629.6619169,87.9804087409458
UNI,2024-08-26,6.63159140791253,6.67259473206575,6.25390385829348,6.29438395237568,81415630.8577152,12553631.2620002,81.4156308577152
UNI,2024-08-27,6.29438395237568,6.34822951067745,5.62531330546462,5.72141827224282,94436388.3693495,15666374.9195235,94.4363883693495
UNI,2024-08-28,5.72141827224282,5.91976860059089,5.60073837548735,5.77452305669489,95133483.6088025,16572232.7792398,95.13348360880249
UNI,2024-08-29,5.77452305669489,6.0087007401404,5.73453478595279,5.84077593764401,64666609.6385332,11027033.5827549,64.6666096385332
UNI,2024-08-30,5.84077593764401,5.90410144313584,5.60262332828248,5.8978037936141,61819110.7669552,10663371.6753931,61.8191107669552
UNI,2024-08-31,5.8978037936141,6.10477542412397,5.85489791106493,5.94720249481894,56262978.8133154,9439686.25266325,56.2629788133154
UNI,2024-09-01,5.94720249481894,5.96846946298502,5.56617849113123,5.62126852462715,53477778.8385829,9329664.34953773,53.4777788385829
UNI,2024-09-02,5.62126852462715,6.21032942184608,5.60040728415086,6.10824826638541,112137247.662321,18790646.9425046,112.137247662321
UNI,2024-09-03,6.10824826638541,6.30146791496784,6.03215922420972,6.03919666163995,83061979.2390501,13494926.031942,83.0619792390501
UNI,2024-09-04,6.03919666163995,6.63973083111499,5.8253974118513,6.43308122916442,212738993.251025,33794695.7702889,212.738993251025
UNI,2024-09-05,6.43308122916442,6.50371706960875,6.1751836969699,6.31056067948502,66133397.2916759,10496491.8136306,66.1333972916759
UNI,2024-09-06,6.31056067948502,6.33435155528412,5.89583729352923,6.17953061380632,96882395.221516,15728211.8756941,96.88239522151599
UNI,2024-09-07,6.17953061380632,6.5154812437335,6.1163450205388,6.43383109881105,71156067.9521669,11186289.6699176,71.1560679521669
UNI,2024-09-08,6.43383109881105,6.5102062261606,6.25010699090005,6.347196606807,47986080.822278,7531375.85198408,47.986080822278
UNI,2024-09-09,6.347196606807,6.75010155898627,6.34101599358514,6.73244367709718,87351936.6482372,13239534.3986375,87.3519366482372
UNI,2024-09-10,6.73244367709718,6.81535989195593,6.50467066792727,6.7009804251427,79633855.0558246,12004552.7360646,79.6338550558246
UNI,2024-09-11,6.7009804251427,6.97708419418439,6.54727862574387,6.7543745888645,116407562.900237,17213112.5657703,116.407562900237
UNI,2024-09-12,6.7543745888645,6.94031594145278,6.61932320130422,6.79386776487759,87062144.4161355,12854885.1336841,87.06214441613551
UNI,2024-09-13,6.79386776487759,7.08135345136715,6.68819802177539,6.94233833337444,93940675.5407089,13639435.1439725,93.9406755407089
UNI,2024-09-14,6.94233833337444,6.94273046761625,6.60570365562098,6.66957072684365,56204010.5095819,8337578.82863326,56.2040105095819
UNI,2024-09-15,6.66957072684365,6.84567358625683,6.4987170872273,6.54116747123577,51376327.5532025,7653252.87167915,51.3763275532025
UNI,2024-09-16,6.54116747123577,6.57640863702557,6.31130878321831,6.41370079907301,62174448.1904988,9671574.7884967,62.1744481904988
UNI,2024-09-17,6.41370079907301,7.13628103429497,6.34398040987792,6.78988792566218,123158737.396391,18223657.0565777,123.158737396391
UNI,2024-09-18,6.78988792566218,6.79022255080715,6.40400861804049,6.76605608215632,93410977.9581438,14174741.8706961,93.4109779581438
UNI,2024-09-19,6.76605608215632,6.90412630835122,6.73274217168392,6.80110518394912,123071475.353934,18028579.0347041,123.071475353934
UNI,2024-09-20,6.80110518394912,6.97011043369128,6.68705478774525,6.8262361168041,93509952.9841325,13740181.8737728,93.5099529841325
UNI,2024-09-21,6.8262361168041,6.91949821194647,6.69230878337083,6.90799366453384,54421736.8961829,7973500.83353456,54.4217368961829
UNI,2024-09-22,6.90799366453384,6.92370156611572,6.4978276888775,6.63997529419523,64595461.0449843,9666578.72129998,64.5954610449843
UNI,2024-09-23,6.63997529419523,6.92545643773935,6.54789013859186,6.83216231001398,89222558.7683385,13122915.1624872,89.2225587683385
UNI,2024-09-24,6.83216231001398,7.02755950233536,6.75803221772034,6.93004052872797,95857525.6331811,13899245.0759398,95.8575256331811
UNI,2024-09-25,6.93004052872797,7.03058999942208,6.75089480066519,6.77670384887257,100991873.98286,14622268.4202843,100.99187398286
UNI,2024-09-26,6.77670384887257,7.38857766759554,6.68047516073516,7.35620623478352,134563546.008724,18915816.447383,134.56354600872402
UNI,2024-09-27,7.35620623478352,7.70926855500934,7.29218714082953,7.61793589952082,125399575.162466,16759805.5201909,125.39957516246601
UNI,2024-09-28,7.61793589952082,7.85987024240215,7.3927898425769,7.60791935164679,106751961.903693,13984386.9295887,106.751961903693
UNI,2024-09-29,7.60791935164679,7.62731753178384,7.36839166279714,7.45829754367764,80220913.8991081,10726997.8654166,80.2209138991081
UNI,2024-09-30,7.45829754367764,7.73342570324977,7.28415411591562,7.39254807821795,152814459.141349,20328990.0119213,152.81445914134898
UNI,2024-10-01,7.39254807821795,7.85265880156917,6.78965874075454,6.86969801807092,202379951.541322,27830483.0051672,202.379951541322
UNI,2024-10-02,6.86969801807092,7.29254784081298,6.61842154351879,6.6702195066832,159904280.972955,22991847.2834232,159.90428097295498
UNI,2024-10-03,6.6702195066832,6.79537294870742,6.3933051416799,6.5667730965302,122055305.678997,18579487.4938133,122.055305678997
UNI,2024-10-04,6.5667730965302,6.81417734120855,6.53374328761694,6.71844830904509,88239197.942524,13166582.9122918,88.239197942524
UNI,2024-10-05,6.71844830904509,6.89424250659079,6.64360981069881,6.82814469640164,57081756.2419245,8417655.41590444,57.0817562419245
UNI,2024-10-06,6.82814469640164,7.08685213634582,6.77789352983773,7.07957636018815,55728868.0310786,8082256.15403422,55.7288680310786
UNI,2024-10-07,7.07957636018815,7.46366977180629,7.06563954090997,7.2282995440947,120344145.537967,16446061.3812417,120.344145537967
UNI,2024-10-08,7.2282995440947,7.30027305173114,7.0014698853653,7.17225421349155,88478888.9587288,12382344.1138177,88.4788889587288
UNI,2024-10-09,7.17225421349155,7.37816742199732,7.06653212620237,7.28737069926831,101944481.106879,14148792.8335161,101.944481106879
UNI,2024-10-10,7.28737069926831,8.4462589909965,7.21435578959382,8.12665919458146,528461616.625935,66231193.5291259,528.461616625935
UNI,2024-10-11,8.12665919458146,8.21642191978788,7.83294270555981,7.88589819727841,207058677.310529,25825926.9501498,207.058677310529
UNI,2024-10-12,7.88589819727841,8.30041313753591,7.75563550065431,8.12842456681884,163825457.845363,20473681.7077605,163.825457845363
UNI,2024-10-13,8.12842456681884,8.14655479489774,7.56933355940786,7.68222232973395,178495791.625746,22965185.5212909,178.49579162574602
UNI,2024-10-14,7.68222232973395,8.29842000446867,7.60667824203574,8.13146182963355,171284571.017997,21448950.427117,171.284571017997
UNI,2024-10-15,8.13146182963355,8.28857401777507,7.6854062342878,7.84573515280895,184598573.120541,23271372.3188916,184.598573120541
UNI,2024-10-16,7.84573515280895,8.0066026223091,7.56467481272663,7.57329481984657,114324666.645869,14723213.670013,114.324666645869
UNI,2024-10-17,7.57329481984657,7.6613493049824,7.19999394851435,7.34471852162022,89107446.4618399,11995458.9277498,89.1074464618399
UNI,2024-10-18,7.34471852162022,7.50706426938773,7.33221492872938,7.46713142622698,82487937.3983528,11092044.6455309,82.4879373983528
UNI,2024-10-19,7.46713142622698,7.59416680611371,7.31225394582848,7.31970602569832,61149791.7227954,8218664.3513654,61.1497917227954
UNI,2024-10-20,7.31970602569832,7.76741851893795,7.28440469281942,7.75907906438189,114643339.507503,15174413.3379826,114.643339507503
UNI,2024-10-21,7.75907906438189,7.95897564037765,7.41370944337071,7.78838696946875,113910543.123084,14874629.4112435,113.910543123084
UNI,2024-10-22,7.78838696946875,8.53026179164123,7.70511428889703,7.99411589226451,305418607.349437,37625642.5271763,305.418607349437
UNI,2024-10-23,7.99411589226451,8.01853355861119,7.48533434730133,7.84626911618152,137496910.41124,17826652.1372561,137.49691041124
UNI,2024-10-24,7.84626911618152,8.19650529117587,7.82535750227779,8.03600651538121,107779895.52156,13394953.1476651,107.77989552156
UNI,2024-10-25,8.03600651538121,8.18240546754835,7.26477219433679,7.42407144870302,177162917.85663,22626743.9440008,177.16291785663
UNI,2024-10-26,7.42407144870302,7.75778512345632,7.28664286147391,7.43436551455715,123515366.888518,16459205.0670434,123.515366888518
UNI,2024-10-27,7.43436551455715,7.79168228555488,7.36294331383274,7.52622111349481,82306159.0509086,10940775.9918886,82.30615905090859
UNI,2024-10-28,7.52622111349481,7.78596968639047,7.30125385575839,7.78215633856576,108459305.050067,14400750.5789299,108.45930505006699
UNI,2024-10-29,7.78215633856576,8.00173915022918,7.75978660635178,7.93242196281114,124761375.288488,15802934.1832574,124.761375288488
UNI,2024-10-30,7.93242196281114,8.31921496149302,7.83351585509299,8.11422658808647,144593273.27009,17888974.1276708,144.59327327009
UNI,2024-10-31,8.11422658808647,8.18507804571374,7.49165977610508,7.60587410022818,111567674.864388,14347217.6617234,111.56767486438801
UNI,2024-11-01,7.60587410022818,8.03188941115429,7.51330264741212,7.55005499509583,165547906.413315,21264173.9494096,165.547906413315
UNI,2024-11-02,7.55005499509583,7.76228024238831,7.31620920941384,7.38958500484097,75414949.3402969,10107442.2478076,75.4149493402969
UNI,2024-11-03,7.38958500484097,7.42472587277958,6.84020229349218,7.04605506053067,110367797.909657,15542151.3984904,110.367797909657
UNI,2024-11-04,7.04605506053067,7.12924371873521,6.62214466732812,6.7823006801509,78751503.3376535,11436798.1435406,78.7515033376535
UNI,2024-11-05,6.7823006801509,7.26591381567165,6.76738998214371,7.19813822372709,93230472.9651303,13279329.7816546,93.2304729651303
UNI,2024-11-06,7.19813822372709,9.6423302121136,7.19813654503722,9.28883257807905,903519895.484939,101913907.753621,903.519895484939
UNI,2024-11-07,9.28883257807905,9.52155236642706,8.81249219188106,8.90284778313822,336559895.388202,36877831.5926034,336.559895388202
UNI,2024-11-08,8.90284778313822,9.03504764558778,8.53331587268912,8.85603616575897,206923739.557685,23515813.9667619,206.923739557685
UNI,2024-11-09,8.85603616575897,9.33153159632092,8.67829135871784,9.24585068432936,201127292.098669,22342071.8572674,201.127292098669
UNI,2024-11-10,9.24585068432936,9.62353970444348,8.71200056131944,9.21560120999686,460662789.535431,49551200.9293679,460.66278953543105
UNI,2024-11-11,9.21560120999686,9.40304173617537,8.78084954179566,9.34172756344626,356174818.844919,39131896.6154049,356.174818844919
UNI,2024-11-12,9.34172756344626,10.7323863579707,8.66086306797215,8.96220598615729,840951433.831609,88108087.3437824,840.951433831609
UNI,2024-11-13,8.96220598615729,9.16752765711819,8.26703143547106,8.64222063527732,375178052.659483,43119824.9866018,375.178052659483
UNI,2024-11-14,8.64222063527732,8.83953533298801,8.06906787779272,8.17840643808002,287489583.387952,33897317.2057443,287.48958338795205
UNI,2024-11-15,8.17840643808002,8.59889407900651,7.87418130619873,8.56961539011273,186377626.17509,22737094.9964598,186.37762617508997
UNI,2024-11-16,8.56961539011273,9.24497117538385,8.51926205889307,9.07993474449715,229031253.749254,25667330.0507354,229.03125374925398
UNI,2024-11-17,9.07993474449715,9.34037093115367,8.6007918412451,8.75267839173488,168359100.45078,18873836.4600171,168.35910045078
UNI,2024-11-18,8.75267839173488,9.38577058036591,8.73575781869937,9.25089466541228,209154512.992772,22937893.7464548,209.15451299277203
UNI,2024-11-19,9.25089466541228,9.63254667432884,9.12843949707973,9.41518028726662,210164878.211191,22494686.1858327,210.164878211191
UNI,2024-11-20,9.41518028726662,9.41528657107569,8.59276501924438,8.82530750503503,161339383.663568,17928990.4326968,161.339383663568
UNI,2024-11-21,8.82530750503503,9.62125784185854,8.54275486065569,9.25838777115938,330044604.805146,36141881.5145542,330.044604805146
UNI,2024-11-22,9.25838777115938,9.90450808641613,9.1507464418443,9.8870912297731,280279474.885309,29746507.5361716,280.27947488530896
UNI,2024-11-23,9.8870912297731,11.3181771979624,9.76782997453703,10.7380497061617,540029635.273942,51037479.7381566,540.029635273942
UNI,2024-11-24,10.7380497061617,11.3771245946398,10.1410104249934,10.8995828237485,374942322.624959,34897810.9706102,374.942322624959
UNI,2024-11-25,10.8995828237485,12.3869879761114,10.5407778157372,11.1210165747338,608150226.288967,52553858.5190764,608.150226288967
UNI,2024-11-26,11.1210165747338,11.7684661487408,10.4966302884666,10.8750361870233,417500686.24953,37781290.7016251,417.50068624953
UNI,2024-11-27,10.8750361870233,13.7913864331347,10.7290056147231,13.5379978724186,732871943.361795,58644541.7439868,732.8719433617949
UNI,2024-11-28,13.5379978724186,13.5386042810652,12.3988872927331,12.7663980866017,439186792.528021,34360565.8200298,439.186792528021
UNI,2024-11-29,12.7663980866017,12.9636440208724,12.3240827399672,12.5772337585688,242449054.335522,19140822.9527447,242.449054335522
UNI,2024-11-30,12.5772337585688,13.3678793211043,12.5215153525107,12.7927801291849,368737868.796904,28533734.2449069,368.737868796904
UNI,2024-12-01,12.7927801291849,13.3317626914854,12.618805451545,13.0544391016529,305618811.192217,23491498.2792518,305.618811192217
UNI,2024-12-02,13.0544391016529,14.5245469752342,12.4681348241041,13.9941950556085,872835974.676248,64352398.1340563,872.8359746762479
UNI,2024-12-03,13.9941950556085,15.293752427491,13.2127518359832,15.1249490732843,725957275.949795,51071634.8100829,725.957275949795
UNI,2024-12-04,15.1249490732843,16.5098003211151,14.6623249690071,15.6845313029245,733895191.797083,47062918.8900163,733.895191797083
UNI,2024-12-05,15.6845313029245,15.91964875992,14.6811446195913,15.0452466105094,608696246.051866,39662205.9287628,608.6962460518661
UNI,2024-12-06,15.0452466105094,18.4183293156722,15.0379943408215,17.5565415979067,956671883.669597,57151464.1825938,956.671883669597
UNI,2024-12-07,17.5565415979067,18.5892878848234,17.2276987880154,18.0627269692736,641916257.261113,36062694.0967269,641.9162572611131
UNI,2024-12-08,18.0627269692736,19.4550519078467,17.5415970459333,18.5912534759071,712097219.524943,38473891.1949846,712.097219524943
UNI,2024-12-09,18.5912534759071,18.83432569058,14.3711709755807,16.0571940306478,797671889.89868,47520936.4212457,797.67188989868
UNI,2024-12-10,16.0571940306478,16.6772700871053,14.0691707741339,15.253719462154,905569956.714723,58609560.5262821,905.5699567147229
UNI,2024-12-11,15.253719462154,17.2192714894286,14.74004501727,17.1552248015028,573955040.458232,35624404.4175139,573.955040458232
UNI,2024-12-12,17.1552248015028,18.9796527790465,16.9092741918685,17.7064011706018,751367092.303191,41313900.034211,751.3670923031909
UNI,2024-12-13,17.7064011706018,18.1569668830215,16.9210156764606,17.4867402409602,369812033.233576,21181397.6274549,369.812033233576
UNI,2024-12-14,17.4867402409602,17.7525172114787,16.4896696081321,16.7544821315861,378930913.974894,22336482.7385098,378.930913974894
UNI,2024-12-15,16.7544821315861,17.1998099586208,16.2232959186668,17.0571948696066,293420470.140563,17569641.6399156,293.420470140563
UNI,2024-12-16,17.0571948696066,17.4506126337697,16.2487153996462,16.2570933264794,409488808.255038,24495053.9316741,409.488808255038
UNI,2024-12-17,16.2570933264794,16.5706161621128,15.6304043702343,16.26703069457,387051149.419014,24025710.733713,387.051149419014
UNI,2024-12-18,16.26703069457,16.7139829668974,14.7518969030252,14.8119501370898,596757798.198662,37558715.7721193,596.757798198662
UNI,2024-12-19,14.8119501370898,15.3993562263414,12.6812288847388,12.7491211958264,731262314.568582,52288035.1106331,731.262314568582
UNI,2024-12-20,12.7491211958264,13.8353574362656,11.2209515236757,13.692005154937,894955943.648762,71831354.5035566,894.955943648762
UNI,2024-12-21,13.692005154937,14.7756140771208,13.0682374206653,13.3765903214331,442174601.685614,32035087.2475494,442.174601685614
UNI,2024-12-22,13.3765903214331,14.2593459052615,13.2475927140753,13.8883907813237,415143445.503039,30068143.8219486,415.143445503039
UNI,2024-12-23,13.8883907813237,14.6127387168029,13.2553647460482,14.285119142236,427473411.425352,30793951.2459864,427.47341142535197
UNI,2024-12-24,14.285119142236,14.7488840760006,13.7545381988895,14.5907757344016,285195976.105622,20018135.5756818,285.195976105622
UNI,2024-12-25,14.5907757344016,14.5910781259649,13.683448362655,13.9046461010916,206409705.978912,14649720.7484865,206.409705978912
UNI,2024-12-26,13.9046461010916,14.075215057157,12.8328696330487,13.259247288506,225403423.267358,17048260.5722395,225.403423267358
UNI,2024-12-27,13.259247288506,14.2458472782749,13.1710216501198,13.3418256010019,317798104.161077,23193170.4858099,317.79810416107705
UNI,2024-12-28,13.3418256010019,13.757706866096,13.0316043826315,13.5558583137572,146708321.867341,11019012.8869719,146.708321867341
UNI,2024-12-29,13.5558583137572,13.5728289072983,12.8433136628102,12.9938038890571,107315844.972723,8092399.20524887,107.31584497272301
UNI,2024-12-30,12.9938038890571,13.6164384009791,12.7467285577101,13.3099514625322,245494149.608526,18529785.0925955,245.494149608526
UNI,2024-12-31,13.3099514625322,13.8797627772853,13.1172753784572,13.2267883581836,250356569.490186,18629625.2094219,250.35656949018602
UNI,2025-01-01,13.2267883581836,13.6786705181717,13.0405534504131,13.6087196732076,155958651.002004,11695541.3748105,155.958651002004
UNI,2025-01-02,13.6087196732076,14.5451123431309,13.6078405512048,14.367986692516,244865000.681526,17264215.3942327,244.865000681526
UNI,2025-01-03,14.367986692516,15.2437140143531,14.0538987506701,15.2024386374435,222746031.599603,15279572.4475419,222.746031599603
UNI,2025-01-04,15.2024386374435,15.4138125110645,14.7739828003597,15.2813281882269,228770340.141051,15153558.0123569,228.770340141051
UNI,2025-01-05,15.2813281882269,15.3539644784437,14.8286645689931,15.1599490621872,131884929.117195,8738138.97551481,131.884929117195
UNI,2025-01-06,15.1599490621872,15.6395873010228,14.8321000908813,15.0834807708504,368720743.296743,24264099.5213346,368.72074329674297
UNI,2025-01-07,15.0834807708504,15.1294854433477,13.5105628858994,13.5700862977135,213430360.728654,14884211.3642638,213.430360728654
UNI,2025-01-08,13.5700862977135,13.8417766615877,12.5573787806277,13.121044264905,268321731.241488,20322816.9072629,268.321731241488
UNI,2025-01-09,13.121044264905,13.3568567138244,12.4013082615397,12.8838992350226,203535330.86998,15878397.8237274,203.53533086998002
UNI,2025-01-10,12.8838992350226,14.0976464613848,12.8836085382319,13.9562452972269,273615472.847724,20408944.0491754,273.615472847724
UNI,2025-01-11,13.9562452972269,14.056981246803,13.4676160720218,13.6428345243569,109137204.615432,7959882.45258194,109.137204615432
UNI,2025-01-12,13.6428345243569,13.8727823593045,13.5243316514252,13.6297476209906,102551658.963362,7478757.71478214,102.55165896336199
UNI,2025-01-13,13.6297476209906,13.9312078351696,12.136737760824,12.8973304945454,249085133.177936,19544996.9979414,249.085133177936
UNI,2025-01-14,12.8973304945454,13.4224035261737,12.8334036492192,13.3153471472521,131244481.530928,9971388.40799843,131.244481530928
UNI,2025-01-15,13.3153471472521,14.674313273363,13.0130985895039,14.5489159472836,267723977.396559,19276474.3936437,267.723977396559
UNI,2025-01-16,14.5489159472836,14.6147688804874,13.9584576139886,14.0996908390837,225381229.114203,15757833.3094964,225.381229114203
UNI,2025-01-17,14.0996908390837,15.1688688131812,14.0938468831336,14.9933133553615,257654468.458218,17389152.4860713,257.654468458218
UNI,2025-01-18,14.9933133553615,15.2470724706296,13.929595562673,14.1570268899015,301601033.892363,21061777.2362204,301.60103389236303
UNI,2025-01-19,14.1570268899015,14.5696281081088,13.07196082434,13.3037855581003,437678387.864336,31632995.5512273,437.678387864336
UNI,2025-01-20,13.3037855581003,14.53162013138,12.9219729878984,13.5192375858079,491741172.225751,35702658.9181222,491.741172225751
UNI,2025-01-21,13.5192375858079,13.8542386090564,13.0055841416695,13.5191283680911,282209581.850059,21011745.6206336,282.20958185005895
UNI,2025-01-22,13.5191283680911,13.619478970457,12.835690008548,12.8908084932422,189801129.07783,14256484.8330702,189.80112907782998
UNI,2025-01-23,12.8908084932422,13.0496822601072,12.4030299328101,12.8178965367815,219264446.640479,17258159.9006698,219.264446640479
UNI,2025-01-24,12.8178965367815,13.1373681663558,12.4404180203212,12.4801120175548,176826177.595811,13760896.6435416,176.826177595811
UNI,2025-01-25,12.4801120175548,12.480572373782,12.0473977865076,12.0934503607019,124495449.949078,10178643.3358546,124.495449949078
UNI,2025-01-26,12.0934503607019,12.4064102545641,11.441451925051,11.4499227719416,174975188.69999,14552065.0466246,174.97518869999
UNI,2025-01-27,11.4499227719416,11.5217365368589,10.3209234745335,10.9957336686317,274634339.691694,25387658.6307266,274.63433969169404
UNI,2025-01-28,10.9957336686317,11.3597359543312,10.8121030141935,11.1385247235433,174977390.338372,15719998.0437659,174.977390338372
UNI,2025-01-29,11.1385247235433,12.0694463773234,11.1131825121184,11.7295317044284,313264896.264998,26732908.1490275,313.264896264998
UNI,2025-01-30,11.7295317044284,12.2900714077097,11.6426476486741,11.9803469807304,219440103.80175,18209991.7324942,219.44010380175
UNI,2025-01-31,11.9803469807304,12.8130101077338,11.6672469539603,11.7783526370077,258422403.16116,21252202.8383717,258.42240316116
UNI,2025-02-01,11.7783526370077,11.9278297621801,10.7765235862715,10.859857194932,148742067.451669,13027293.4396459,148.74206745166902
UNI,2025-02-02,10.859857194932,11.1059148440237,8.75486565447187,9.17912304122104,322887463.146779,32687194.3909382,322.887463146779
UNI,2025-02-03,9.17912304122104,10.2140814604603,7.0219621505632,9.97173032524927,679919578.996812,76518813.1640976,679.919578996812
UNI,2025-02-04,9.97173032524927,9.97562447535155,8.79024016694254,9.07376033129959,269535554.306221,29069886.0508598,269.535554306221
UNI,2025-02-05,9.07376033129959,9.5247134714182,9.01388249922138,9.27045746262157,157495787.794768,16956589.1777079,157.495787794768
UNI,2025-02-06,9.27045746262157,9.46198874269875,8.90279966339736,8.98435179376375,158918763.314184,17288441.3111946,158.91876331418402
UNI,2025-02-07,8.98435179376375,9.49987563032755,8.75132394410525,9.01580539765731,202832323.446338,22228920.2651675,202.832323446338
UNI,2025-02-08,9.01580539765731,9.18793006937009,8.73353134953214,9.14008921003157,118420225.437353,13223001.9253538,118.420225437353
UNI,2025-02-09,9.14008921003157,9.31607049968968,8.72346441464085,9.13671705355553,142997263.923015,15657880.0822296,142.997263923015
UNI,2025-02-10,9.13671705355553,9.59108727480051,8.83316180459788,9.46686354388338,170001692.32186,18339635.619983,170.00169232186
UNI,2025-02-11,9.46686354388338,10.0431770812619,9.24962683937197,9.38159443948855,199995414.230041,20642495.8312697,199.995414230041
UNI,2025-02-12,9.38159443948855,10.1259468908869,9.12191971334981,9.9570337019861,188360410.424163,19821240.4246775,188.360410424163
UNI,2025-02-13,9.9570337019861,10.0794079435089,9.48757792739037,9.89080787953477,133928954.3712,13746681.4221663,133.9289543712
UNI,2025-02-14,9.89080787953477,10.3538080920539,9.82003103641124,10.0607659018469,145015376.387912,14450930.848284,145.015376387912
UNI,2025-02-15,10.0607659018469,10.1490698036758,9.73353045709037,9.81933062381673,93906161.0407703,9446891.36034511,93.90616104077031
UNI,2025-02-16,9.81933062381673,9.94463259546072,9.57545558477943,9.59437615056391,89562862.707286,9168486.32495381,89.562862707286
UNI,2025-02-17,9.59437615056391,10.2386172120515,9.49098389876194,9.93841878652966,151905811.821029,15412204.1705466,151.905811821029
UNI,2025-02-18,9.93841878652966,9.94822841936247,9.15615411813219,9.63280123891119,157643179.818598,16529707.4855152,157.643179818598
UNI,2025-02-19,9.63280123891119,9.72768613876131,9.38716128542893,9.44210806640954,127187392.773312,13307286.5462964,127.187392773312
UNI,2025-02-20,9.44210806640954,9.55659928365232,8.98677116035186,9.34785388991236,205841888.85755,22166251.5479503,205.84188885755
UNI,2025-02-21,9.34785388991236,9.64120763081044,8.5960631625648,8.73333259561635,228572366.868798,24982935.5746189,228.57236686879799
UNI,2025-02-22,8.73333259561635,9.12089634771799,8.68641930849945,9.04049030188794,135526195.10772,15289775.9770312,135.52619510771999
UNI,2025-02-23,9.04049030188794,9.21857618316686,8.92513649192579,9.02119957517198,80202482.5391759,8848226.8951611,80.2024825391759
UNI,2025-02-24,9.02119957517198,9.12386862232008,7.86597901490844,7.98078952433529,181362256.286347,21533428.9707456,181.362256286347
UNI,2025-02-25,7.98078952433529,8.54414372374774,7.47637619204405,8.3154365217716,355649678.28175,44283711.6251722,355.64967828175
UNI,2025-02-26,8.3154365217716,8.50153025361258,7.65454088641141,7.901450952758,221323477.34681,27356317.4503605,221.32347734681002
UNI,2025-02-27,7.901450952758,8.28628284241487,7.72662657449502,7.86826615226953,144406100.361248,17979128.6007077,144.40610036124798
UNI,2025-02-28,7.86826615226953,7.88851462365749,7.05876518068527,7.50455150546981,232709851.12405,31602287.6677225,232.70985112405
UNI,2025-03-01,7.50455150546981,7.66212349143586,7.21949292000196,7.50247866581176,95894287.6068504,12854189.8413488,95.8942876068504
UNI,2025-03-02,7.50247866581176,8.32678003134215,7.3402064727534,8.27843986347453,177447963.727552,22498276.3162136,177.447963727552
UNI,2025-03-03,8.27843986347453,8.2950372284343,7.08057433716796,7.13404017098532,178092398.418841,23134100.8695353,178.09239841884101
UNI,2025-03-04,7.13404017098532,7.17496440842638,6.50707533727007,7.07643470448637,241087105.465031,35243166.1226404,241.087105465031
UNI,2025-03-05,7.07643470448637,7.56211537200683,7.0241319728523,7.52678434360254,159168451.207628,21696788.7812386,159.168451207628
UNI,2025-03-06,7.52678434360254,7.69383596001013,7.06292631353554,7.11026480032476,156774760.757577,21203953.5110429,156.774760757577
UNI,2025-03-07,7.11026480032476,7.34902828014658,6.85428193558708,7.07138454030161,148977779.151616,20809746.2414648,148.977779151616
UNI,2025-03-08,7.07138454030161,7.22540812190139,6.90027280396608,7.16949105012171,76116987.0577748,10781666.3522847,76.1169870577748
UNI,2025-03-09,7.16949105012171,7.22167471340053,6.33782116528051,6.40360330379897,99760858.3882896,14816285.4890382,99.7608583882896
UNI,2025-03-10,6.40360330379897,6.93612787998668,5.80546981795129,5.90800422238979,157423483.807789,24852342.186996,157.423483807789
UNI,2025-03-11,5.90800422238979,6.23426644444233,5.55665830866876,6.09551060327083,183781512.875705,31175680.511967,183.781512875705
UNI,2025-03-12,6.09551060327083,6.18363506310356,5.75547218138894,5.91185357015787,140659371.394044,23658437.9424527,140.659371394044
UNI,2025-03-13,5.91185357015787,6.05465975768611,5.70188578271821,5.89201934968362,104617660.408861,17789729.6184194,104.617660408861
UNI,2025-03-14,5.89201934968362,6.13899601404356,5.83988960561868,6.03042760601669,99926207.3645853,16753533.7272103,99.9262073645853
UNI,2025-03-15,6.03042760601669,6.32094637967371,6.00085746794555,6.27455352094219,67270929.9976349,10940229.219119,67.27092999763491
UNI,2025-03-16,6.27455352094219,6.29218871846482,5.9820673759955,6.14060069787744,90327876.0501052,14728555.8573753,90.3278760501052
UNI,2025-03-17,6.14060069787744,6.38757627939628,6.09313267139155,6.29806295719328,83446859.8023731,13394544.726735,83.4468598023731
UNI,2025-03-18,6.29806295719328,6.37585783804248,6.10352805042787,6.37349618234425,73827045.3381381,11856639.3439405,73.8270453381381
UNI,2025-03-19,6.37349618234425,7.17564421873286,6.32905529417006,6.98875414348369,246721575.413538,36376573.7141613,246.721575413538
UNI,2025-03-20,6.98875414348369,7.04944521285583,6.65039559194537,6.90676905475393,103626399.799825,15196943.9376595,103.626399799825
UNI,2025-03-21,6.90676905475393,6.92393215324907,6.71867070211053,6.78088922743751,60606522.2471835,8876294.47527762,60.6065222471835
UNI,2025-03-22,6.78088922743751,6.92490855432772,6.72806736064356,6.73868453160151,50596853.8034796,7413260.00645293,50.5968538034796
UNI,2025-03-23,6.73868453160151,6.82926279213159,6.62816007478162,6.6924414102832,57865120.4095104,8586399.91234743,57.865120409510396
UNI,2025-03-24,6.6924414102832,7.16122843737173,6.5976036151459,7.08687124508319,85083199.34883,12201063.0052737,85.08319934883
UNI,2025-03-25,7.08687124508319,7.13081774518529,6.92958955943391,6.96844464813333,62511806.4998089,8916506.15755295,62.5118064998089
UNI,2025-03-26,6.96844464813333,7.12465857812645,6.65844086464946,6.72589638419508,93564665.259664,13526168.6921474,93.564665259664
UNI,2025-03-27,6.72589638419508,6.90541027433727,6.67028706207518,6.72599454012887,82616275.686607,12158305.7542514,82.616275686607
UNI,2025-03-28,6.72599454012887,6.83473895466494,6.06212341657371,6.17534304991252,115416649.238818,18207114.0162,115.41664923881801
UNI,2025-03-29,6.17534304991252,6.25386870678943,5.87972602447735,5.96142726115414,79095217.932706,13026055.0661307,79.09521793270599
UNI,2025-03-30,5.96142726115414,6.06426669895792,5.81209973468482,5.87173712546374,50460621.8005719,8450820.77454581,50.4606218005719
UNI,2025-03-31,5.87173712546374,6.05043260491509,5.74748776842225,5.97590234282554,84001651.7388569,14194910.594853,84.00165173885689
UNI,2025-04-01,5.97590234282554,6.34599653569439,5.96573888043776,6.26752585273127,60834576.8352201,9851716.11879678,60.8345768352201
UNI,2025-04-02,6.26752585273127,6.38121380123235,5.79244274724694,5.83750176858639,119432297.469662,19474505.7660333,119.43229746966199
UNI,2025-04-03,5.83750176858639,6.06508849549503,5.66462571794148,5.87012395234693,84455891.4454951,14454531.9815433,84.4558914454951
UNI,2025-04-04,5.87012395234693,6.03105952571992,5.67014312210076,5.90719997263297,100548296.458077,17167231.750765,100.548296458077
UNI,2025-04-05,5.90719997263297,5.93791484790112,5.76766919500177,5.86812763858747,37003901.8637758,6315337.45114792,37.003901863775795
UNI,2025-04-06,5.86812763858747,5.89409873412733,4.98006829214012,5.098886031598,105266743.59073,19445876.349462,105.26674359073
UNI,2025-04-07,5.098886031598,5.30440137625425,4.63020816913153,5.11998929210634,185095540.890351,37087007.7148785,185.095540890351
UNI,2025-04-08,5.11998929210634,5.29979839819694,4.70713128428372,4.77345648707167,96894610.0176522,19262330.3957817,96.8946100176522
UNI,2025-04-09,4.77345648707167,5.49107674155884,4.57004517459598,5.41186946858133,155135615.101043,31158019.8372102,155.135615101043
UNI,2025-04-10,5.41186946858133,5.41417536955483,4.8588615396497,5.02269711642307,93769591.6834343,18346165.4667375,93.7695916834343
UNI,2025-04-11,5.02269711642307,5.31933399554714,4.99683428287716,5.23409832820537,85498529.3889253,16494742.1380016,85.4985293889253
UNI,2025-04-12,5.23409832820537,5.58045067806102,5.15090259386464,5.5033680295975,73584865.1945326,13643206.2223538,73.5848651945326
UNI,2025-04-13,5.5033680295975,5.53965765387716,5.26653777984347,5.32937347948421,79885116.9139667,14773215.9855407,79.8851169139667
UNI,2025-04-14,5.32937347948421,5.64376082598518,5.3230722897885,5.34814530745546,82188736.4976139,15031145.0512295,82.1887364976139
UNI,2025-04-15,5.34814530745546,5.45046850740427,5.17728174949487,5.18694563259063,68840441.4880405,12917491.4855121,68.84044148804051
UNI,2025-04-16,5.18694563259063,5.2615027193467,5.03730224894063,5.15294117723726,70558215.7787793,13656285.7468131,70.5582157787793
UNI,2025-04-17,5.15294117723726,5.30035844212056,5.10368459970685,5.18032373238172,56829954.9960752,10908327.638843,56.829954996075195
UNI,2025-04-18,5.18032373238172,5.24032462905883,5.13866686791328,5.17555670343089,38115920.942016,7344042.89728556,38.115920942016
UNI,2025-04-19,5.17555670343089,5.35423724511243,5.17524933872719,5.31503790826816,40326965.2674202,7657213.83883568,40.3269652674202
UNI,2025-04-20,5.31503790826816,5.3512810359086,5.1506997924667,5.25019417317103,42670662.0606521,8117489.75265305,42.6706620606521
UNI,2025-04-21,5.25019417317103,5.50349013024648,5.22596265241072,5.27623040802324,69490456.2799515,12904319.5705554,69.4904562799515
UNI,2025-04-22,5.27623040802324,5.82648207929133,5.19630956755267,5.81157891972877,128184130.228789,23404873.2251233,128.184130228789
UNI,2025-04-23,5.81157891972877,6.0985272323164,5.79422658452104,6.03459462904349,139014692.252854,23285211.5382919,139.014692252854
UNI,2025-04-24,6.03459462904349,6.05335199319962,5.64849984836735,5.8140933066284,121527310.6495,20848530.7671886,121.5273106495
UNI,2025-04-25,5.8140933066284,5.98082287650748,5.6975547919667,5.83349797053502,156879703.282758,26775451.1631527,156.879703282758
UNI,2025-04-26,5.83349797053502,6.03025569332812,5.75129347657741,5.81534701688458,126521458.774516,21502509.5837398,126.521458774516
UNI,2025-04-27,5.81534701688458,5.9950433378849,5.50151415282969,5.50719549432826,127311220.7407,22329822.8869109,127.31122074070001
UNI,2025-04-28,5.50719549432826,5.64582814993395,5.34848244687001,5.43884313168081,162731271.911108,29697616.9707118,162.731271911108
UNI,2025-04-29,5.43884313168081,5.54556830756351,5.21366861770388,5.27755946611619,124104274.780614,22975411.1466752,124.104274780614
UNI,2025-04-30,5.27755946611619,5.39609811090027,5.08274166095857,5.27493589930073,96266912.4637736,18290912.0130302,96.2669124637736
UNI,2025-05-01,5.27493589930073,5.43187517557444,5.24291260650676,5.31949799713105,106685638.007974,19948811.8935985,106.68563800797399
UNI,2025-05-02,5.31949799713105,5.38104749288953,5.20522786286208,5.25364118387195,92444344.4703369,17490435.4565756,92.4443444703369
UNI,2025-05-03,5.25364118387195,5.26872086839333,5.04349138614462,5.09467104124633,82112582.5000717,15920998.5929779,82.11258250007171
UNI,2025-05-04,5.09467104124633,5.1364912811542,4.98933353420431,5.00347056624685,58772925.3031586,11589045.5259043,58.7729253031586
UNI,2025-05-05,5.00347056624685,5.12581747154675,4.90484737035343,4.98542159621833,71698970.4769478,14285762.3952945,71.69897047694779
UNI,2025-05-06,4.98542159621833,4.99386020546419,4.75491726389907,4.971206144596,80386619.298415,16421336.692245,80.386619298415
UNI,2025-05-07,4.971206144596,5.0511433021222,4.75611042772531,4.87920032224803,85096372.6761751,17433123.8479875,85.09637267617511
UNI,2025-05-08,4.87920032224803,6.15154280177608,4.84482586045706,6.14988830109003,268681079.926924,48781214.1561365,268.681079926924
UNI,2025-05-09,6.14988830109003,6.68937766841435,6.00001453350601,6.3543901725844,342854877.518672,54346452.9923755,342.85487751867197
UNI,2025-05-10,6.3543901725844,7.55415219407411,6.35438557290577,7.54407524839459,352884247.285908,51797861.5268455,352.884247285908
UNI,2025-05-11,7.54407524839459,7.54407524839459,6.72094083935308,6.92881878592028,273936774.095513,38668107.8113227,273.936774095513
UNI,2025-05-12,6.92881878592028,7.32943556834292,6.6278093996714,6.88742097584707,272309595.964712,38919621.1351287,272.309595964712
UNI,2025-05-13,6.88742097584707,7.35074243874045,6.53164610864394,7.09189499964571,240435219.787056,34953243.1589604,240.43521978705598
UNI,2025-05-14,7.09189499964571,7.15089570406752,6.54300051772651,6.6070104815062,221565069.423202,32706808.835367,221.565069423202
UNI,2025-05-15,6.6070104815062,6.78037594148278,6.11834428410929,6.22889697806817,250675580.808928,39149964.3771594,250.675580808928
UNI,2025-05-16,6.22889697806817,6.46419429737606,6.03670705653762,6.07790922389349,169983424.744032,27059946.1093553,169.983424744032
UNI,2025-05-17,6.07790922389349,6.08698800224639,5.64968669561299,5.73934898396098,167139646.613774,28581694.1143109,167.139646613774
UNI,2025-05-18,5.73934898396098,6.32667750423961,5.69097553849838,6.13178912318017,199461130.388052,33357618.6116293,199.461130388052
UNI,2025-05-19,6.13178912318017,6.17065350911302,5.66566585835015,5.93069984087832,211706868.26942,36241585.5967756,211.70686826942
UNI,2025-05-20,5.93069984087832,6.11698005673489,5.70140264529082,6.02388657788016,239323700.115882,40382716.4383424,239.32370011588202
UNI,2025-05-21,6.02388657788016,6.50435057742212,5.95324144329564,6.21657532412531,423875566.038458,67786746.5823441,423.875566038458
UNI,2025-05-22,6.21657532412531,6.58744614611441,6.21145923792739,6.43149643797234,306316323.731607,47832911.2018444,306.31632373160704
UNI,2025-05-23,6.43149643797234,6.78341582249026,5.94385535094426,5.98475990434564,398097642.641998,62571472.1635998,398.097642641998
UNI,2025-05-24,5.98475990434564,6.31193085060662,5.95747982660244,6.11167803541251,139903289.240197,22716415.2451465,139.903289240197
UNI,2025-05-25,6.11167803541251,6.17422063226974,5.89670681234322,6.16049843916146,142917272.424096,23700651.0484596,142.91727242409598
UNI,2025-05-26,6.16049843916146,6.65441053549023,6.1179112748473,6.50663698803884,312914682.949354,48399144.271103,312.914682949354
UNI,2025-05-27,6.50663698803884,6.77893290176163,6.27148738629181,6.32984444677733,344386746.177565,52587544.9063162,344.386746177565
UNI,2025-05-28,6.32984444677733,6.98383985441357,6.24655448231981,6.85009875166136,521634041.975553,77877127.8661912,521.634041975553
UNI,2025-05-29,6.85009875166136,7.64129570031058,6.54673141849554,6.56722990643383,702788351.88713,98625376.2092846,702.78835188713
UNI,2025-05-30,6.56722990643383,6.70816880832509,6.1445942212057,6.21567353476627,494878686.300034,76289778.7499356,494.87868630003396
UNI,2025-05-31,6.21567353476627,6.23241280894013,5.90923638898954,6.05574963835024,219134274.408523,36161530.7260632,219.134274408523
UNI,2025-06-01,6.05574963835024,6.38465738475904,5.88905156023035,6.3128710535383,249902442.957634,40587775.1296801,249.902442957634
UNI,2025-06-02,6.3128710535383,6.47704079912036,6.04527890367824,6.44968807841829,198096527.469928,31803280.5284559,198.096527469928
UNI,2025-06-03,6.44968807841829,7.00659292906795,6.28993609697797,6.63709243910938,364951760.982743,54867472.5560003,364.951760982743
UNI,2025-06-04,6.63709243910938,6.84719619502339,6.27239789327264,6.31461047355578,312506811.490205,47791314.9185222,312.506811490205
UNI,2025-06-05,6.31461047355578,6.47317485379025,5.81517024510436,5.90883700032771,254902480.725028,41214112.7236174,254.902480725028
UNI,2025-06-06,5.90883700032771,6.15559160569513,5.8429175329156,5.99621422413035,166993526.641988,27760392.5755026,166.993526641988
UNI,2025-06-07,5.99621422413035,6.41703255341284,5.97473248035211,6.34931994161634,184207097.978422,29587510.1325547,184.20709797842198
UNI,2025-06-08,6.34931994161634,6.4530529865654,6.21074678761633,6.32984274263551,142952939.948396,22555985.4644061,142.952939948396
UNI,2025-06-09,6.32984274263551,6.8805936678054,6.21218598257863,6.84748141883278,217318558.230119,33240828.2200567,217.31855823011898
UNI,2025-06-10,6.84748141883278,8.66356249315858,6.83646400443964,8.66229576646079,985340578.229328,126602298.223554,985.340578229328
UNI,2025-06-11,8.66229576646079,8.66374410902968,7.96834683841471,8.15951882018894,510424005.931791,61619685.9620889,510.424005931791
UNI,2025-06-12,8.15951882018894,8.22939051566053,7.49759723541295,7.50072014934576,327744599.571212,41365807.9198058,327.744599571212
UNI,2025-06-13,7.50072014934576,7.77917030972212,6.81618921163795,7.76795769862855,600758482.941845,82495068.012754,600.758482941845
UNI,2025-06-14,7.76795769862855,7.76849045186016,7.11882819791923,7.3051392173166,195710664.057109,26533469.7657018,195.710664057109
UNI,2025-06-15,7.3051392173166,7.47917985674516,6.97029751282301,7.17985585054972,165579574.632309,22925305.7250706,165.57957463230898
UNI,2025-06-16,7.17985585054972,7.98016403111235,7.04206249661317,7.44359883478193,464312080.988022,60757865.1904974,464.31208098802205
UNI,2025-06-17,7.44359883478193,7.8782639511201,7.27509386032294,7.43989966674124,420470812.674746,55792482.6745677,420.47081267474596
UNI,2025-06-18,7.43989966674124,7.79209094697428,7.14191525834419,7.59165065676084,442286828.184575,59448672.6344676,442.28682818457503
UNI,2025-06-19,7.59165065676084,7.9505520369737,7.47386710112844,7.68796196502692,342999501.672096,44678281.9879062,342.999501672096
UNI,2025-06-20,7.68796196502692,7.98755565332762,7.00275958922265,7.0749812179808,575106887.761866,77088569.5713366,575.106887761866
UNI,2025-06-21,7.0749812179808,7.13131255728868,6.26860055168926,6.46688188082536,418682359.923661,61380800.1192776,418.682359923661
UNI,2025-06-22,6.46688188082536,6.61088366950777,5.93848802196927,6.2712575701069,393729064.810106,62385039.8658105,393.72906481010597
UNI,2025-06-23,6.2712575701069,6.92209862335539,6.03820763255391,6.80726227035771,435713275.99058,67835549.015383,435.71327599058003
UNI,2025-06-24,6.80726227035771,7.16671297948244,6.74352792887248,7.06614222224063,298941841.81726,43069875.8551139,298.94184181726
UNI,2025-06-25,7.06614222224063,7.36133572259586,6.87724713675142,6.98172860147913,328302310.36933,46185482.8664113,328.30231036933
UNI,2025-06-26,6.98172860147913,7.31927411339064,6.75500241030153,6.81309260674763,350290587.691765,49951291.2326514,350.290587691765
UNI,2025-06-27,6.81309260674763,6.99456454126259,6.74613031836289,6.9137250019318,184774716.616733,26802071.2398801,184.774716616733
UNI,2025-06-28,6.9137250019318,7.17422458502532,6.83765768858092,7.12923540911247,143557699.641269,20459966.0511689,143.557699641269
UNI,2025-06-29,7.12923540911247,7.49772428758903,6.95651767304589,7.39594917101368,250445238.673179,34795276.0752595,250.445238673179
UNI,2025-06-30,7.39594917101368,7.45487851183934,7.05336649335876,7.13247282791425,230945508.206468,31910962.9514204,230.945508206468
UNI,2025-07-01,7.13247282791425,7.18229654318692,6.59877541164751,6.5990100994053,234812939.644665,33969805.3881616,234.812939644665
UNI,2025-07-02,6.5990100994053,7.57160977391637,6.50666214425571,7.3497114200455,518096072.883598,73467440.4500833,518.096072883598
UNI,2025-07-03,7.3497114200455,7.85674758486439,7.28700793518253,7.4726602156953,393928405.687158,51793362.8448368,393.928405687158
UNI,2025-07-04,7.4726602156953,7.63184488154351,6.78610197195175,6.93382684429164,355398511.584021,49840080.0509741,355.398511584021
UNI,2025-07-05,6.93382684429164,7.40928505118804,6.83414822749324,7.31730652822222,216692074.238051,30677152.015083,216.692074238051
UNI,2025-07-06,7.31730652822222,7.57203676192534,7.22172229082525,7.42050338016454,230778186.323094,31380163.2307788,230.77818632309402
UNI,2025-07-07,7.42050338016454,7.51583499127227,7.23272661012284,7.38902884289113,160044854.253638,21742183.4366655,160.044854253638
UNI,2025-07-08,7.38902884289113,7.80891520297284,7.32023993982726,7.65678382835622,263998446.638422,34857800.0607101,263.998446638422
UNI,2025-07-09,7.65678382835622,8.4838116169838,7.53936341501038,8.29632957249017,473418508.193848,58691310.7578913,473.418508193848
UNI,2025-07-10,8.29632957249017,8.59931745360865,8.01946934399022,8.4593331938297,454543039.319698,54908054.5896014,454.543039319698
UNI,2025-07-11,8.4593331938297,9.04368577405915,8.30042740899974,8.68299765105857,612320052.387063,69987956.22338,612.320052387063
UNI,2025-07-12,8.68299765105857,8.85677965506696,8.17353911579088,8.3858347722938,283383374.96155,33436051.780599,283.38337496155
UNI,2025-07-13,8.3858347722938,8.74110891734902,8.34715881565412,8.50657454769126,206570753.495692,24205144.3398698,206.570753495692
UNI,2025-07-14,8.50657454769126,9.62188165484374,8.48593901228268,9.12861752204181,737551196.29765,79960056.0029771,737.55119629765
UNI,2025-07-15,9.12861752204181,9.4032802892669,8.69295144445952,9.33952870457394,515961018.894679,57141329.8215866,515.961018894679
UNI,2025-07-16,9.33952870457394,9.52887090417507,8.7925954025422,8.90198095781956,633442191.247058,69342157.5701636,633.4421912470581
UNI,2025-07-17,8.90198095781956,9.15808545737444,8.64169816845498,8.9281585982106,541339765.375672,60833662.0403996,541.339765375672
UNI,2025-07-18,8.9281585982106,10.8624834875612,8.85351648079311,10.1198777946941,1328751403.26295,129665200.146427,1328.75140326295
UNI,2025-07-19,10.1198777946941,10.3758075390916,9.79107126306903,10.1753811110915,311973926.222134,30863139.5284507,311.97392622213397
UNI,2025-07-20,10.1753811110915,10.8846831614118,10.1166461815538,10.6539563653113,405816897.482971,38402058.4560734,405.816897482971
UNI,2025-07-21,10.6539563653113,11.5764956176,10.3140478137599,10.8289557842482,630663419.305372,58150851.0386132,630.663419305372
UNI,2025-07-22,10.8289557842482,11.0533258778647,10.1239832927299,10.7707655218213,538070311.795232,51039225.0279971,538.0703117952321
UNI,2025-07-23,10.7707655218213,10.8401139666616,9.72304768278146,10.1728623405649,483910350.784986,47380313.4852715,483.910350784986
UNI,2025-07-24,10.1728623405649,10.5199909853453,9.66013227899785,10.1201019687757,494819931.700359,48648754.6186722,494.819931700359
UNI,2025-07-25,10.1201019687757,10.6207230630537,9.73125160277628,10.420832654207,406893357.546827,40044010.0067235,406.893357546827
UNI,2025-07-26,10.420832654207,10.7460021303528,10.3297368196902,10.5535085823635,205870630.001728,19638756.6449992,205.870630001728
UNI,2025-07-27,10.5535085823635,11.0444570303754,10.4558668140782,10.9796126280533,235273067.896328,21966457.4668099,235.273067896328
UNI,2025-07-28,10.9796126280533,11.1830154121284,10.3552128376028,10.4536842956174,316458003.220439,29383503.8637022,316.458003220439
UNI,2025-07-29,10.4536842956174,10.6537480597586,10.0092737914389,10.3026001217105,328561543.467065,31801517.8628808,328.56154346706495
UNI,2025-07-30,10.3026001217105,10.4945415310092,9.6027415524589,10.0005332514363,358809879.073748,35740866.9243676,358.809879073748
UNI,2025-07-31,10.0005332514363,10.2290614520321,9.31872394683067,9.34270660480945,333507037.953944,34002424.5071069,333.507037953944
UNI,2025-08-01,9.34270660480945,9.42676403864967,8.88017293629528,9.03854525956498,403159472.760898,44037376.5264075,403.159472760898
UNI,2025-08-02,9.03854525956498,9.17895689277356,8.69784693244527,8.76174135051973,215222003.403226,24067288.7198086,215.22200340322598
UNI,2025-08-03,8.76174135051973,9.23515676966149,8.68907670477154,9.15582212536876,130062751.651127,14387062.408345,130.062751651127
UNI,2025-08-04,9.15582212536876,9.41784594216028,9.14656642890204,9.35524745152033,69736084.6006013,7490909.26806935,69.7360846006013
