symbol,date,open,high,low,close,usd_volume,crypto_volume,usd_volume_mil
USDC,2020-02-13,0.998759396706484,1.00110858097296,0.997790509754265,0.999582005733143,17785949.5690991,17792130.4928558,17.7859495690991
USDC,2020-02-14,0.999582005733143,1.00107661644173,0.997892130841478,0.998069303421998,16361135.2525653,16372135.2009917,16.3611352525653
USDC,2020-02-15,0.998069303421998,1.00130883400978,0.99772063169917,0.999939384826435,15391659.2217908,15396916.5214193,15.3916592217908
USDC,2020-02-16,0.999939384826435,1.00271422986319,0.998894025278901,1.00024186183529,14666573.9551765,14660678.4919536,14.666573955176501
USDC,2020-02-17,1.00024186183529,1.00256646177048,0.999418796607798,1.00049624550593,15263017.5308794,15248505.6258167,15.2630175308794
USDC,2020-02-18,1.00049624550593,1.00126633671292,0.998457300386066,0.999769599965453,15645820.2826175,15647227.6835713,15.6458202826175
USDC,2020-02-19,0.999769599965453,1.00235184373337,0.998477168966528,0.99979274079892,14944446.4005373,14941547.8615967,14.9444464005373
USDC,2020-02-20,0.99979274079892,1.00243264441802,0.999566955895451,1.00033775684001,13832155.4246414,13820534.9538439,13.832155424641401
USDC,2020-02-21,1.00033775684001,1.00178762340377,0.999443601022023,0.999498163551231,12312056.2977784,12308259.2518353,12.3120562977784
USDC,2020-02-22,0.999498163551231,1.00155461864443,0.999438502121152,1.00050327673288,6749100.35661697,6745808.85074941,6.74910035661697
USDC,2020-02-23,1.00050327673288,1.00145192591308,0.998448700168605,0.999142326719025,10122041.611114,10126354.7267737,10.122041611114001
USDC,2020-02-24,0.999142326719025,1.00228981444146,0.998623974582241,1.00122176512755,11658777.5378175,11651207.3780867,11.658777537817501
USDC,2020-02-25,1.00122176512755,1.00320889450604,1.00018618860344,1.00192653902689,12841583.8019818,12822676.5482801,12.8415838019818
USDC,2020-02-26,1.00192653902689,1.00502261035747,1.00166876217812,1.00280230512039,18053139.1040587,18000182.4747525,18.0531391040587
USDC,2020-02-27,1.00280230512039,1.00348402996859,1.00044728944672,1.0018266668238,13182027.2081398,13151350.2230002,13.1820272081398
USDC,2020-02-28,1.0018266668238,1.00304797833894,1.00054288831484,1.00164387141313,9877726.61416566,9860081.05688494,9.87772661416566
USDC,2020-02-29,1.00164387141313,1.00402153613338,1.00017256011772,1.00196653375637,8126628.11890052,8115498.55253201,8.12662811890052
USDC,2020-03-01,1.00196653375637,1.0049045172298,1.00187219283107,1.00397097904156,9984034.86070964,9948716.49208535,9.98403486070964
USDC,2020-03-02,1.00397097904156,1.00490253778145,1.0002095302168,1.0014138930434,10510652.1081259,10483616.6906246,10.510652108125901
USDC,2020-03-03,1.0014138930434,1.00368454724849,1.00013990417254,1.00206154772204,12708499.1011042,12690240.9979075,12.7084991011042
USDC,2020-03-04,1.00206154772204,1.00344470878433,0.999672310871624,1.00241304376303,10928847.4951425,10905980.4306544,10.9288474951425
USDC,2020-03-05,1.00241304376303,1.00260117925801,0.999367426301371,1.00049057385768,13806340.5974265,13790907.6195573,13.8063405974265
USDC,2020-03-06,1.00049057385768,1.00132967282766,0.998596622803307,0.999764104660135,11319855.1273773,11316862.2441672,11.3198551273773
USDC,2020-03-07,0.999764104660135,1.00330838656399,0.998595023478609,1.00290202542168,8789145.11480997,8780303.1436319,8.789145114809969
USDC,2020-03-08,1.00290202542168,1.00433031606005,1.00048347328668,1.00404052269061,16636813.0118563,16598427.1227742,16.6368130118563
USDC,2020-03-09,1.00404052269061,1.00526156859771,1.00196442906465,1.00328970725627,18622023.6230564,18554210.4127257,18.6220236230564
USDC,2020-03-10,1.00328970725627,1.00378133091865,1.0017691227184,1.00314901887092,11817597.489034,11783437.9711466,11.817597489034
USDC,2020-03-11,1.00314901887092,1.00390581891566,1.0007820613871,1.00144112494258,10828552.9901489,10805891.0093654,10.8285529901489
USDC,2020-03-12,1.00144112494258,1.03039224217749,0.99982111491483,1.00825483264488,49248645.1925074,49052836.1500439,49.248645192507404
USDC,2020-03-13,1.00825483264488,1.05192403996947,0.994333308786926,0.999171439307847,64233624.0895756,63660033.4259821,64.2336240895756
USDC,2020-03-14,0.999171439307847,1.00688259567609,0.997048780824523,1.00670714181016,18129335.0578354,18098542.6441489,18.1293350578354
USDC,2020-03-15,1.00670714181016,1.02457709860459,1.00225784044931,1.00372953879025,19623411.6033552,19516912.028661,19.623411603355198
USDC,2020-03-16,1.00372953879025,1.00589563111074,1.00100422824281,1.00253245297559,33543886.81299,33434875.6675173,33.543886812989996
USDC,2020-03-17,1.00253245297559,1.01053235632125,0.999275700957761,1.00167846373508,21900779.3991377,21856029.1641319,21.9007793991377
USDC,2020-03-18,1.00167846373508,1.00251614462422,0.999244033659293,1.000653026842,13697376.0363387,13685401.7245882,13.6973760363387
USDC,2020-03-19,1.000653026842,1.00123827798015,0.998254229522991,1.00026357742516,25851928.4197115,25854252.98214,25.851928419711502
USDC,2020-03-20,1.00026357742516,1.00191057230992,0.998704022509045,1.0008303265963,25136459.1390623,25128906.1073038,25.1364591390623
USDC,2020-03-21,1.0008303265963,1.00156890282612,0.999522589051643,1.00098578890086,14600193.1744811,14591277.9498096,14.600193174481099
USDC,2020-03-22,1.00098578890086,1.00226242920338,0.999271739532795,1.00136379555674,12652091.7857122,12641843.3580781,12.6520917857122
USDC,2020-03-23,1.00136379555674,1.00204483464989,0.999134051039241,1.00116188258606,14631955.6720198,14619379.5574376,14.6319556720198
USDC,2020-03-24,1.00116188258606,1.00232120785292,0.999500594212338,1.00110902501746,15544329.4102087,15532111.5532131,15.5443294102087
USDC,2020-03-25,1.00110902501746,1.0023087148107,0.999632160103409,0.999844718016494,10745180.8123465,10735241.7061233,10.745180812346499
USDC,2020-03-26,0.999844718016494,1.00183663346528,0.999839587775665,1.00072401913604,10611981.3864518,10600313.2669123,10.611981386451799
USDC,2020-03-27,1.00072401913604,1.00263458134854,0.999866218024534,1.00204911592541,11917272.0431265,11904218.9226053,11.917272043126498
USDC,2020-03-28,1.00204911592541,1.00204911592541,0.999756744850932,1.00088899279104,10484738.9045687,10471786.5736957,10.484738904568701
USDC,2020-03-29,1.00088899279104,1.00308914892327,0.999787427158694,1.00243863409259,8679270.33920652,8663676.22591258,8.67927033920652
USDC,2020-03-30,1.00243863409259,1.00280077383194,1.00021947708087,1.00125816929481,16654196.7232962,16631360.2553868,16.654196723296202
USDC,2020-03-31,1.00125816929481,1.00164955021344,0.999588114987151,0.999876090449194,8589571.5068609,8585195.3857781,8.589571506860901
USDC,2020-04-01,0.999876090449194,1.00176592711724,0.999374597820367,0.999914473233941,10294440.0489783,10289032.5989351,10.2944400489783
USDC,2020-04-02,0.999914473233941,1.00196194220829,0.999008484757774,1.00037909728986,17334402.2810853,17321290.8362305,17.3344022810853
USDC,2020-04-03,1.00037909728986,1.00180787459904,0.999361097635367,1.00005943280766,16112286.1186249,16104111.0027768,16.1122861186249
USDC,2020-04-04,1.00005943280766,1.0010922324554,0.999162299611844,0.999729536328,14846661.2379196,14843291.2347595,14.846661237919601
USDC,2020-04-05,0.999729536328,1.00171205491929,0.999385150668194,0.999847285723153,10063258.2261613,10057615.5849301,10.063258226161299
USDC,2020-04-06,0.999847285723153,1.00128231961936,0.9992395936042,1.00044034620442,19589231.9079992,19586174.3159567,19.5892319079992
USDC,2020-04-07,1.00044034620442,1.0013892797247,0.999455094735333,1.0008485392365,18566369.566672,18559450.251006,18.566369566672
USDC,2020-04-08,1.0008485392365,1.00126787595634,0.999442310700302,0.999719942190432,13565898.7925893,13563102.9155871,13.5658987925893
USDC,2020-04-09,0.999719942190432,1.00108191056567,0.999281701806706,0.999905006710365,15752351.052774,15750965.2920425,15.752351052774001
USDC,2020-04-10,0.999905006710365,1.00237112940398,0.999621717157503,1.00051428257609,20219408.4618266,20207545.478396,20.2194084618266
USDC,2020-04-11,1.00051428257609,1.00097662435117,0.999359521589155,1.00052465960256,10357198.6976823,10353704.4137546,10.3571986976823
USDC,2020-04-12,1.00052465960256,1.00092596575984,0.998864288555514,1.00081096646058,12485548.5957275,12485004.7878152,12.485548595727499
USDC,2020-04-13,1.00081096646058,1.00124645741683,0.99913877727409,0.999660650826662,14459953.7021921,14456106.8026204,14.4599537021921
USDC,2020-04-14,0.999660650826662,1.00141176346168,0.998879099845261,1.00011965589226,8688574.35316235,8688479.98118704,8.68857435316235
USDC,2020-04-15,1.00011965589226,1.00112551249189,0.9992489958823,1.00080252331612,10628620.4048881,10624684.1964413,10.628620404888101
USDC,2020-04-16,1.00080252331612,1.00117758390732,0.999154911607673,1.0003964913478,17575256.9639256,17567906.804325,17.5752569639256
USDC,2020-04-17,1.0003964913478,1.001177992338,0.999334890612354,1.00106994912541,10625967.4833135,10624489.5535134,10.6259674833135
USDC,2020-04-18,1.00106994912541,1.00117546761914,0.999142688219976,1.0004373802811,11547068.2330973,11544233.6943197,11.5470682330973
USDC,2020-04-19,1.0004373802811,1.00138337532457,1.00014022100637,1.00061387509158,9220548.74257508,9213581.67391882,9.22054874257508
USDC,2020-04-20,1.00061387509158,1.0020814286671,0.999410179764247,1.00059140429523,20129492.6816414,20113093.9797657,20.1294926816414
USDC,2020-04-21,1.00059140429523,1.00121194083304,0.999060860795465,1.00033492844474,16734208.9236104,16730286.4864198,16.7342089236104
USDC,2020-04-22,1.00033492844474,1.00107790530636,1.0000106591072,1.00100461270821,16631550.3706728,16623107.9818132,16.631550370672798
USDC,2020-04-23,1.00100461270821,1.00168786248209,0.999440144537237,1.00001060733829,18684773.0143351,18674834.5070204,18.6847730143351
USDC,2020-04-24,1.00001060733829,1.00127891936019,0.999446029810878,1.00011779070619,16933159.4101174,16928311.6746471,16.933159410117398
USDC,2020-04-25,1.00011779070619,1.00142148083299,0.999422431094441,1.00015274317057,10927439.8985022,10925789.4285766,10.9274398985022
USDC,2020-04-26,1.00015274317057,1.00068682764147,0.999325391462688,0.999651113403773,10077285.0038008,10077683.3537872,10.0772850038008
USDC,2020-04-27,0.999651113403773,1.00016132209351,0.99893717603644,0.999083767827635,11036391.3883535,11040687.1286964,11.0363913883535
USDC,2020-04-28,0.999083767827635,1.0003560284899,0.999078425736585,0.999176672932986,11816537.8640761,11818703.3938642,11.8165378640761
USDC,2020-04-29,0.999176672932986,1.00079453557219,0.998490358570676,1.00013503331953,26148039.0131386,26156216.5134482,26.1480390131386
USDC,2020-04-30,1.00013503331953,1.00094391700141,0.997881341827939,1.00039828780049,25176313.0277259,25186688.383449,25.1763130277259
USDC,2020-05-01,1.00039828780049,1.00081394348312,0.998954985983189,0.999313757906097,12622917.7353322,12624385.8983333,12.6229177353322
USDC,2020-05-02,0.999313757906097,1.00068264597957,0.998911318452113,0.999805650675034,12304057.4448176,12304238.6642121,12.3040574448176
USDC,2020-05-03,0.999805650675034,1.00097945506002,0.999048089340342,1.00001145839043,14314540.3300505,14311988.046237,14.3145403300505
USDC,2020-05-04,1.00001145839043,1.00067349964438,0.998483805273196,0.999401645052063,13349935.7203626,13352340.4764052,13.3499357203626
USDC,2020-05-05,0.999401645052063,1.00062815250942,0.998528610994225,1.00018543201558,11641167.5940831,11643193.8054664,11.6411675940831
USDC,2020-05-06,1.00018543201558,1.0005790937172,0.998897813246079,0.999984245518729,15638873.1164534,15644706.0784545,15.6388731164534
USDC,2020-05-07,0.999984245518729,1.00063955781424,0.998988290693981,0.999295416420037,16061050.461455,16065552.9858133,16.061050461455
USDC,2020-05-08,0.999295416420037,1.00051818887267,0.998938527514225,1.00036950470128,19474904.8507849,19482694.4314103,19.474904850784903
USDC,2020-05-09,1.00036950470128,1.00092683807023,0.999187522269259,1.00002031622788,16585197.4120736,16586403.3905414,16.585197412073597
USDC,2020-05-10,1.00002031622788,1.00209637822423,0.999042594243165,0.999506300446719,25008113.1874685,24998355.742488,25.0081131874685
USDC,2020-05-11,0.999506300446719,1.00064814627629,0.998778999231287,0.999128274487284,16729001.493822,16734427.7786607,16.729001493822
USDC,2020-05-12,0.999128274487284,1.0007336254245,0.999120864739748,1.00032640393559,10696097.1385527,10698096.2412778,10.6960971385527
USDC,2020-05-13,1.00032640393559,1.00065492958648,0.999057611639334,0.9996257276682,13123384.0751844,13124885.5307757,13.123384075184399
USDC,2020-05-14,0.9996257276682,1.00105595937485,0.999232604906734,0.999625036916032,16914237.5219184,16914079.6697365,16.914237521918402
USDC,2020-05-15,0.999625036916032,1.00094126239626,0.999521901392601,1.0002431582125,12250494.4588905,12247346.3546927,12.250494458890499
USDC,2020-05-16,1.0002431582125,1.00069805138085,0.999711415488744,0.999946955883181,8886096.38506211,8884460.86166429,8.88609638506211
USDC,2020-05-17,0.999946955883181,1.00075020843209,0.999433796668722,1.00028763071791,8676027.05186009,8676443.34764774,8.67602705186009
USDC,2020-05-18,1.00028763071791,1.00121378084681,0.999445274047497,1.00007069660754,14190124.1066682,14185989.0018223,14.1901241066682
USDC,2020-05-19,1.00007069660754,1.0015963363163,0.999515935472088,0.999715880837953,12957904.203594,12955574.4692923,12.957904203594
USDC,2020-05-20,0.999715880837953,1.00113099893357,0.999168343091337,1.00011810494448,11575071.6913852,11570087.0542225,11.575071691385201
USDC,2020-05-21,1.00011810494448,1.00151273119689,0.999944130889116,1.00035149322632,16604183.5933853,16591172.4553379,16.6041835933853
USDC,2020-05-22,1.00035149322632,1.00090791200587,0.999223166332938,1.00003167605989,12138306.9435557,12136751.4806802,12.1383069435557
USDC,2020-05-23,1.00003167605989,1.00049098278595,0.998988012551063,0.999919475841361,9258907.15694332,9260688.73624662,9.25890715694332
USDC,2020-05-24,0.999919475841361,1.00107540432806,0.999316489878329,1.00042781676435,8992141.89803463,8990867.10268215,8.99214189803463
USDC,2020-05-25,1.00042781676435,1.00057976537573,0.999663399932357,1.00020917469327,9240958.80294096,9239936.52882148,9.240958802940959
USDC,2020-05-26,1.00020917469327,1.00084490789982,0.999778615842021,1.00033368790122,8585408.27885312,8582846.63411567,8.58540827885312
USDC,2020-05-27,1.00033368790122,1.00085439199851,0.999415661323184,1.00012077142467,12129258.6520308,12128836.3706442,12.1292586520308
USDC,2020-05-28,1.00012077142467,1.00060110835836,0.999143515566305,0.999807195500288,13327683.2370965,13330809.3125962,13.3276832370965
USDC,2020-05-29,0.999807195500288,1.00065201237813,0.999631062316028,1.00002180189813,9127016.48090075,9125823.09237465,9.12701648090075
USDC,2020-05-30,1.00002180189813,1.00053817967083,0.99907565344039,0.999723700465487,18145812.289986,18152207.3251209,18.145812289986
USDC,2020-05-31,0.999723700465487,1.00074539876131,0.999537482922449,1.00026150532913,10815217.4915085,10814347.2712709,10.8152174915085
USDC,2020-06-01,1.00026150532913,1.00135018033071,0.995228891600163,1.00114066996486,18156360.7783527,18164948.2776856,18.1563607783527
USDC,2020-06-02,1.00114066996486,1.00210870680245,0.999358862066329,0.999962172609848,26709673.1287686,26691105.9714578,26.7096731287686
USDC,2020-06-03,0.999962172609848,1.00049482236818,0.999573927219905,1.00008886177807,10217363.3797101,10215521.1073154,10.2173633797101
USDC,2020-06-04,1.00008886177807,1.00058009807679,0.999519751118533,0.999997254452652,11842077.3862627,11843300.3836657,11.8420773862627
USDC,2020-06-05,0.999997254452652,1.00049093258186,0.999659205519908,1.00033262037958,9644537.87607052,9644075.38908877,9.64453787607052
USDC,2020-06-06,1.00033262037958,1.00076383496145,0.999772540582736,0.999902835847208,7323343.18828028,7322110.83633296,7.32334318828028
USDC,2020-06-07,0.999902835847208,1.00067098853529,0.999257773043555,0.999463451330915,12122382.9664474,12122297.7643121,12.1223829664474
USDC,2020-06-08,0.999463451330915,1.00062140720446,0.99909268241621,0.999477256569956,9675580.43907874,9677651.51441833,9.675580439078741
USDC,2020-06-09,0.999477256569956,1.00044692213656,0.999009268685756,0.999516276994028,11362252.671119,11365601.414515,11.362252671119
USDC,2020-06-10,0.999516276994028,1.00054931947531,0.998638051826665,0.999289603583817,12256460.7301778,12261971.0254241,12.2564607301778
USDC,2020-06-11,0.999289603583817,1.00122086200499,0.999148710594944,1.0004208458985,18237668.9052885,18232933.897556,18.237668905288498
USDC,2020-06-12,1.0004208458985,1.00093447283,0.99981456443353,1.0000728061174,8633484.97509855,8630673.97352339,8.63348497509855
USDC,2020-06-13,1.0000728061174,1.0032615802662,0.999670487329821,0.999874050702454,8818479.56299694,8807302.17249424,8.818479562996941
USDC,2020-06-14,0.999874050702454,1.00069247743498,0.999648015979625,1.00033401156359,5662225.69735971,5661090.48213191,5.66222569735971
USDC,2020-06-15,1.00033401156359,1.00127513556394,0.99937976738786,0.999732648491595,15610960.19914,15605849.8094302,15.610960199139999
USDC,2020-06-16,0.999732648491595,1.00110200617692,0.999414544663892,1.00038460876527,14704236.1264067,14699879.2701055,14.7042361264067
USDC,2020-06-17,1.00038460876527,1.00140960404214,0.999984390633275,1.00079802702739,13919821.9289094,13911444.4224181,13.9198219289094
USDC,2020-06-18,1.00079802702739,1.00141372629306,0.99905929453183,1.00055041655894,11333996.0245757,11323689.5283982,11.333996024575699
USDC,2020-06-19,1.00055041655894,1.00135315654374,0.999390419785617,1.0011600936284,15780850.5900025,15770962.4031548,15.7808505900025
USDC,2020-06-20,1.0011600936284,1.00153452881538,1.00004623276448,1.00050093096213,12546413.7865495,12537994.2929263,12.546413786549499
USDC,2020-06-21,1.00050093096213,1.00250527191833,0.998962894538479,1.0014859463027,12265972.4594709,12252520.9854591,12.2659724594709
USDC,2020-06-22,1.0014859463027,1.00186689573314,0.999517856090261,1.00071116974906,18665806.5627064,18655775.9223222,18.6658065627064
USDC,2020-06-23,1.00071116974906,1.00181640186814,0.99971352502623,1.00158880107296,12781335.4653509,12775237.3571427,12.7813354653509
USDC,2020-06-24,1.00158880107296,1.00223513102437,1.00021079779836,1.00094001768299,17939967.643634,17918950.2520885,17.939967643634
USDC,2020-06-25,1.00094001768299,1.00196547427418,0.999134708721338,1.00088922598194,15746174.6580737,15725169.1545482,15.746174658073699
USDC,2020-06-26,1.00088922598194,1.00269993699407,0.999581073017039,1.00038999497798,13406945.5658054,13390836.9045907,13.4069455658054
USDC,2020-06-27,1.00038999497798,1.00138076734448,0.999900344542089,1.00057082127652,14243470.9620465,14235053.8412478,14.2434709620465
USDC,2020-06-28,1.00057082127652,1.00342336500443,0.998254896738229,1.00061799682247,7621455.17714354,7616778.99791567,7.62145517714354
USDC,2020-06-29,1.00061799682247,1.00163257471705,0.999715634257637,1.00003864882312,11617431.7661865,11614271.6770355,11.6174317661865
USDC,2020-06-30,1.00003864882312,1.00112674815086,0.999607420357321,0.999826527469632,10197079.5473393,10193760.9379141,10.1970795473393
USDC,2020-07-01,0.999826527469632,1.00109666462418,0.999130585711765,0.999218331258684,19077489.1228827,19077818.0372068,19.077489122882703
USDC,2020-07-02,0.999218331258684,1.0011938705789,0.999218331258684,0.999894412694169,17624849.3806244,17620310.6027506,17.624849380624397
USDC,2020-07-03,0.999894412694169,1.00096013795765,0.99948822192418,1.00007089580311,21544144.9139664,21542575.28343,21.5441449139664
USDC,2020-07-04,1.00007089580311,1.00165663610065,0.998570479458574,1.00076097647664,15465666.7466239,15457932.6337782,15.4656667466239
USDC,2020-07-05,1.00076097647664,1.00178330964158,0.998647233415389,1.00064617942257,15655011.9060885,15643117.4636992,15.6550119060885
USDC,2020-07-06,1.00064617942257,1.00143331950083,0.999906625945022,1.0006470715428,24644107.7150956,24625442.13117,24.644107715095597
USDC,2020-07-07,1.0006470715428,1.00277571799489,0.999881324187663,1.00099619737675,22726443.1436273,22702496.5230296,22.7264431436273
USDC,2020-07-08,1.00099619737675,1.00686776055859,1.00036376499502,1.00083210487032,54527119.0517152,54429770.5878425,54.527119051715204
USDC,2020-07-09,1.00083210487032,1.00167599649791,0.999445356571702,1.00098863014277,24385825.0996556,24368771.7501487,24.385825099655598
USDC,2020-07-10,1.00098863014277,1.00154760320787,0.999082457294184,1.0010304645888,24222211.857336,24204399.0660673,24.222211857336
USDC,2020-07-11,1.0010304645888,1.0015295642016,0.999229309294587,1.00116600886863,17551468.8990133,17532567.8765045,17.5514688990133
USDC,2020-07-12,1.00116600886863,1.0015125363838,1.0003171558838,1.00107552006006,22921472.7357072,22898953.0254717,22.9214727357072
USDC,2020-07-13,1.00107552006006,1.00251075851553,0.999633813062076,1.00102715390085,29113404.6428986,29031582.9879411,29.1134046428986
USDC,2020-07-14,1.00102715390085,1.00160598903258,0.999778724737524,1.00002104078056,29364383.7166543,29350691.3882091,29.364383716654302
USDC,2020-07-15,1.00002104078056,1.00155768540384,0.99990259148872,1.0010994589946,25576520.3065717,25559595.7656575,25.576520306571698
USDC,2020-07-16,1.0010994589946,1.00158448179286,1.00031026836131,1.00072866848529,28123203.431651,28093421.6085849,28.123203431651
USDC,2020-07-17,1.00072866848529,1.00210616673203,0.999853982834569,1.00012467203443,21558653.0097461,21544726.7248937,21.558653009746102
USDC,2020-07-18,1.00012467203443,1.00157263623973,0.999521782399861,1.00064814170768,21153150.684047,21137433.900887,21.153150684047
USDC,2020-07-19,1.00064814170768,1.00220135217575,0.999260824154765,1.00209101007732,19287869.3805613,19271913.8596554,19.2878693805613
USDC,2020-07-20,1.00209101007732,1.00209101007732,1.00021612925615,1.00109582032645,19539934.6307191,19518806.3972655,19.5399346307191
USDC,2020-07-21,1.00109582032645,1.00287468101314,0.999631959321125,1.0014504844311,27453842.4889898,27419426.4385754,27.4538424889898
USDC,2020-07-22,1.0014504844311,1.00297548294152,0.999823196553181,1.00029350817898,27502591.3308057,27465512.64967,27.5025913308057
USDC,2020-07-23,1.00029350817898,1.00153353889153,0.999466238126854,1.00056406220723,32735826.977176,32721666.9794927,32.735826977175996
USDC,2020-07-24,1.00056406220723,1.00145125028143,0.999356607601762,1.00086224911863,25940295.8615633,25931928.3981216,25.9402958615633
USDC,2020-07-25,1.00086224911863,1.00214565228533,0.99917536019346,0.999641719371919,25008052.4157098,24989259.5910373,25.008052415709802
USDC,2020-07-26,0.999641719371919,1.00237966796653,0.996443681608027,1.00019195393773,43792732.4483958,43753268.7083401,43.7927324483958
USDC,2020-07-27,1.00019195393773,1.00152339338979,0.997672069476502,1.00037786010519,80706213.0068236,80673349.3561314,80.7062130068236
USDC,2020-07-28,1.00037786010519,1.00163492760321,0.999249103336532,0.999860573228579,50828029.0248874,50799415.2219223,50.8280290248874
USDC,2020-07-29,0.999860573228579,1.00218760308744,0.999390875482787,1.00066963995699,42535730.6247069,42515048.4466727,42.5357306247069
USDC,2020-07-30,1.00066963995699,1.00182227541525,0.999266478355512,1.00073532795558,41845675.7670286,41827461.7892672,41.8456757670286
USDC,2020-07-31,1.00073532795558,1.00136707727755,0.999179645441754,0.999418497762345,51379010.6243478,51372005.7244816,51.3790106243478
USDC,2020-08-01,0.999418497762345,1.00065035090398,0.997359567350068,0.998904350481552,65366136.7571693,65428847.5516201,65.3661367571693
USDC,2020-08-02,0.998904350481552,1.00108267355025,0.996552035975132,0.999638035544311,65227809.3235101,65289817.268429,65.2278093235101
USDC,2020-08-03,0.999638035544311,1.00171201245018,0.997943972537309,0.999072680506713,49561551.7162805,49585881.3555928,49.5615517162805
USDC,2020-08-04,0.999072680506713,1.00006215860556,0.998820725853517,0.999440839827583,42198984.553828,42223823.2677771,42.198984553828
USDC,2020-08-05,0.999440839827583,1.00047800368624,0.998450906357663,0.999724061232798,39978913.6629121,39996810.755863,39.9789136629121
USDC,2020-08-06,0.999724061232798,1.00039558281476,0.99864551884655,0.999279707905645,31703769.735261,31723454.5746622,31.703769735261
USDC,2020-08-07,0.999279707905645,0.999890300972923,0.998152325953004,0.998479432799433,39836410.6623154,39866075.0747356,39.8364106623154
USDC,2020-08-08,0.998479432799433,1.00029729365757,0.998060439857351,0.999375447720199,39753812.7237153,39789166.2141871,39.7538127237153
USDC,2020-08-09,0.999375447720199,1.00047196717338,0.997372210470294,0.999615248641998,34582291.8673843,34603077.2367384,34.5822918673843
USDC,2020-08-10,0.999615248641998,1.00741599161402,0.998888449429681,0.99965285789207,58392739.8139014,58232872.4373521,58.3927398139014
USDC,2020-08-11,0.99965285789207,1.00151948175168,0.998923695578472,0.999891246833564,69060991.4164724,69050126.6810944,69.0609914164724
USDC,2020-08-12,0.999891246833564,1.00103945963268,0.997511757626529,1.00085495550388,60399764.5609177,60403350.7486797,60.399764560917696
USDC,2020-08-13,1.00085495550388,1.00295284061199,0.998881240540471,1.00067061717651,70251523.8667616,70252312.4036008,70.2515238667616
USDC,2020-08-14,1.00067061717651,1.00140872563985,0.999014488915584,0.999825645708815,61164584.2548102,61153125.6334988,61.1645842548102
USDC,2020-08-15,0.999825645708815,1.00130542943011,0.998071298338388,1.00038659911734,49569598.1888655,49551855.4716865,49.5695981888655
USDC,2020-08-16,1.00038659911734,1.00179037251643,0.999560973369885,1.00066030080733,43833637.6023103,43800934.4754233,43.8336376023103
USDC,2020-08-17,1.00066030080733,1.00212037078462,0.999231257316426,1.00086512299725,68076864.5446068,68009658.7301439,68.0768645446068
USDC,2020-08-18,1.00086512299725,1.0013544270144,0.998970727954832,1.00031659220172,63443782.575476,63407711.7190041,63.443782575476
USDC,2020-08-19,1.00031659220172,1.00148324735878,0.999225335576163,0.999549373185895,54792734.0706577,54764338.7937168,54.7927340706577
USDC,2020-08-20,0.999549373185895,1.00216020592205,0.999410137304891,1.00031230457656,50482319.2597784,50457288.4070222,50.4823192597784
USDC,2020-08-21,1.00031230457656,1.00172174346832,0.99964091899324,1.00034094431193,68370773.6270064,68318245.6096381,68.3707736270064
USDC,2020-08-22,1.00034094431193,1.001246084068,0.999353479785419,1.00043325429766,47011294.6234713,46997273.1478242,47.0112946234713
USDC,2020-08-23,1.00043325429766,1.00177387501648,0.999572594020557,1.00050214286184,30812243.8342486,30791725.0258784,30.812243834248598
USDC,2020-08-24,1.00050214286184,1.00140236012844,0.999812536003852,1.0008200698626,34920531.2774462,34891120.9715494,34.9205312774462
USDC,2020-08-25,1.0008200698626,1.00142769074361,0.999547683117572,1.00050128196684,47675459.7867331,47647563.8045844,47.6754597867331
USDC,2020-08-26,1.00050128196684,1.00142304315684,0.999580802041497,1.00049337465731,51375645.713597,51347460.5035548,51.375645713597
USDC,2020-08-27,1.00049337465731,1.00136679193902,1.00022172975274,1.00086095543082,46501688.2339172,46467542.5202956,46.5016882339172
USDC,2020-08-28,1.00086095543082,1.00107676929215,1.00006130379698,1.00070143737715,40919371.0821593,40893223.760205,40.9193710821593
USDC,2020-08-29,1.00070143737715,1.00173066827112,1.00008230216739,1.0004517979735,29025388.1202192,29001757.6865804,29.0253881202192
USDC,2020-08-30,1.0004517979735,1.00243812687749,1.00001098943952,1.00088524094501,32258760.6189942,32219530.2290959,32.2587606189942
USDC,2020-08-31,1.00088524094501,1.00253354917123,0.999991799656506,1.00060277586709,35616219.8405637,35582886.9911926,35.6162198405637
USDC,2020-09-01,1.00060277586709,1.00293183754506,0.99837163084733,0.999948565398378,67080737.0620294,67054223.6814421,67.0807370620294
USDC,2020-09-02,0.999948565398378,1.00947806638129,0.972968032417485,1.00031684409749,77084529.5485809,77047284.7330626,77.0845295485809
USDC,2020-09-03,1.00031684409749,1.00475987649623,0.985964373376874,1.00166853279602,89571525.6891818,89552771.9044106,89.57152568918181
USDC,2020-09-04,1.00166853279602,1.01157408954231,0.989636573056334,1.00120626649428,93882684.8757676,93812518.2810879,93.88268487576761
USDC,2020-09-05,1.00120626649428,1.03973828782248,0.993116807759421,0.999958977302213,72506108.3818446,72424923.3614167,72.5061083818446
USDC,2020-09-06,0.999958977302213,1.0028305099489,0.998812820669209,0.999950164387438,59787774.1485161,59740392.4325217,59.78777414851611
USDC,2020-09-07,0.999950164387438,1.00283991842568,0.998847121535834,1.00119057874159,57530056.56729,57483143.0697754,57.53005656729
USDC,2020-09-08,1.00119057874159,1.00223055790672,0.996665151537482,1.00029141803798,54317035.1118759,54276315.3241675,54.317035111875896
USDC,2020-09-09,1.00029141803798,1.00282445865403,0.998787738130699,1.00096702372561,65657215.5206197,65601376.1240082,65.6572155206197
USDC,2020-09-10,1.00096702372561,1.00277098494335,0.999287653425557,1.00076199346265,69508140.7953153,69462205.9570962,69.5081407953153
USDC,2020-09-11,1.00076199346265,1.00209871433719,0.998233381511944,1.00057855656725,65166327.318271,65112111.8425848,65.166327318271
USDC,2020-09-12,1.00057855656725,1.00240275207942,0.999683860534231,0.999921531135764,51620547.0552771,51569491.4347101,51.6205470552771
USDC,2020-09-13,0.999921531135764,1.00228200526812,0.99877460479217,1.00001090396193,60502876.4349008,60455517.0014548,60.5028764349008
USDC,2020-09-14,1.00001090396193,1.00237471522439,0.999683929424183,1.00108696300446,79173905.5928974,79088113.5453921,79.1739055928974
USDC,2020-09-15,1.00108696300446,1.00186141185667,0.998908730889649,1.00035227957164,58328111.1587169,58301716.0657671,58.3281111587169
USDC,2020-09-16,1.00035227957164,1.00173132007871,0.999277830932073,1.00000763377764,73120147.4455481,73073977.5031619,73.1201474455481
USDC,2020-09-17,1.00000763377764,1.0038074458643,0.999585227712222,1.00087143397244,74715879.9106605,74653259.0187405,74.7158799106605
USDC,2020-09-18,1.00087143397244,1.0018189831852,0.998949629691502,1.00084563268656,73016627.9767567,72970268.7297762,73.01662797675671
USDC,2020-09-19,1.00084563268656,1.00220140857413,0.998931158311404,1.00046081034787,50774277.6928106,50725931.3457,50.7742776928106
USDC,2020-09-20,1.00046081034787,1.0022393710871,0.99299928680186,1.0000109394526,52626277.7174607,52580107.0901011,52.6262777174607
USDC,2020-09-21,1.0000109394526,1.00290587902079,0.997059881086599,1.00018316776391,69847528.1802307,69809889.8614658,69.84752818023071
USDC,2020-09-22,1.00018316776391,1.0021421475149,0.999007032944143,1.00108757978341,44274227.5369817,44247800.2663356,44.274227536981705
USDC,2020-09-23,1.00108757978341,1.00583757514682,0.997827824673005,1.00017070756208,77152994.2829815,77036055.2766336,77.1529942829815
USDC,2020-09-24,1.00017070756208,1.0048492288311,0.998045219287652,1.00071341140281,53354481.2389776,53309676.2383066,53.354481238977606
USDC,2020-09-25,1.00071341140281,1.00173621361059,0.999452103607371,1.00053566088133,51610832.6772405,51569636.6105842,51.610832677240495
USDC,2020-09-26,1.00053566088133,1.00200233187276,0.998605343641407,1.00083268796016,32989015.1835244,32963437.7748531,32.9890151835244
USDC,2020-09-27,1.00083268796016,1.00306892581807,0.999563772891491,1.00082167210757,28750497.7566265,28721622.2972776,28.7504977566265
USDC,2020-09-28,1.00082167210757,1.00256520799675,0.998006499987404,1.00029865339412,35799544.0854957,35777533.6898289,35.799544085495704
USDC,2020-09-29,1.00029865339412,1.00155894078574,0.999485457120781,0.999982674218897,49526232.9593268,49508918.7419959,49.526232959326805
USDC,2020-09-30,0.999982674218897,1.00181165154477,0.995953673589926,0.999794831538374,49613827.1498697,49594170.5434237,49.6138271498697
USDC,2020-10-01,0.999794831538374,1.00187468319084,0.996917708728812,1.00052884507385,73373750.8123936,73328600.987521,73.37375081239361
USDC,2020-10-02,1.00052884507385,1.00213709178207,0.99741453990844,1.00076487917402,61755382.107526,61703753.2795037,61.755382107525996
USDC,2020-10-03,1.00076487917402,1.00310612130517,0.999650450718509,1.00065148832084,30910124.2622585,30884831.8725734,30.9101242622585
USDC,2020-10-04,1.00065148832084,1.00219854422482,0.999585720502646,1.00088002885342,32635711.6318037,32606353.4397592,32.6357116318037
USDC,2020-10-05,1.00088002885342,1.00127124643984,0.998906289677628,1.00088947909958,34967422.8906271,34939021.1355124,34.9674228906271
USDC,2020-10-06,1.00088947909958,1.00188140221992,0.999842976184072,1.00108288894801,62960577.3143439,62889324.2665569,62.9605773143439
USDC,2020-10-07,1.00108288894801,1.0013705577079,0.999761638558994,1.0011615585226,41971761.803192,41944217.0551776,41.971761803191995
USDC,2020-10-08,1.0011615585226,1.0018615721777,0.999843470366043,1.00075998857747,53060436.4823801,53013801.029234,53.0604364823801
USDC,2020-10-09,1.00075998857747,1.00194933128149,1.00031198724611,1.00051673397699,49645236.5316572,49606658.3874017,49.6452365316572
USDC,2020-10-10,1.00051673397699,1.00229971098695,0.998095517682626,1.0004056891358,46857560.6577997,46830835.688585,46.857560657799695
USDC,2020-10-11,1.0004056891358,1.00182259842013,1.00033657945123,1.00073497141383,34161021.9713797,34135105.831253,34.1610219713797
USDC,2020-10-12,1.00073497141383,1.00115329609711,1.00023915461419,1.00030352469495,49761366.6550156,49728405.9905129,49.7613666550156
USDC,2020-10-13,1.00030352469495,1.00176920276549,1.00017115323457,1.00049095369223,52514178.1741689,52485062.8850769,52.5141781741689
USDC,2020-10-14,1.00049095369223,1.00078155945447,1.00018573874484,1.0003122656316,33493260.1239397,33477528.9060028,33.4932601239397
USDC,2020-10-15,1.0003122656316,1.00079391981717,1.00008027455316,1.000351561502,48135666.1853355,48115800.7343181,48.1356661853355
USDC,2020-10-16,1.000351561502,1.00097204385089,1.000134749468,1.00041417944546,63585273.9934939,63543395.0057911,63.5852739934939
USDC,2020-10-17,1.00041417944546,1.00086074857153,1.00025355157086,1.00073880202411,20497612.3001722,20486721.9757013,20.4976123001722
USDC,2020-10-18,1.00073880202411,1.00098025620427,1.00013167438314,1.00044403748021,13528414.4596458,13520604.4822979,13.5284144596458
USDC,2020-10-19,1.00044403748021,1.00147467782819,0.999776079788826,1.00047129851984,47877963.8133068,47842088.9497679,47.8779638133068
USDC,2020-10-20,1.00047129851984,1.00100525758586,0.999599654799957,1.00011404574858,47856499.4396999,47832128.5764346,47.8564994396999
USDC,2020-10-21,1.00011404574858,1.00115513053004,0.999086651084477,1.00016335198571,72928827.332554,72927684.7850033,72.928827332554
USDC,2020-10-22,1.00016335198571,1.00064356977986,0.999362600862652,0.999859244847145,49040220.5630211,49043535.6030345,49.0402205630211
USDC,2020-10-23,0.999859244847145,1.00097632956365,0.999268099008071,1.00005215724404,42997007.4754987,42988807.1095824,42.9970074754987
USDC,2020-10-24,1.00005215724404,1.0006464443412,0.99958077811,0.999920005742482,25995360.8016422,25993216.9440542,25.995360801642203
USDC,2020-10-25,0.999920005742482,1.00041093100002,0.99943031911036,0.99996720786647,17945115.747876,17947310.7002145,17.945115747876
USDC,2020-10-26,0.99996720786647,1.00106852488791,0.997957976159942,0.999661543339682,42891071.3590022,42891264.7661817,42.891071359002204
USDC,2020-10-27,0.999661543339682,1.00099724311606,0.998944821872379,0.999631016229522,39882508.548972,39877587.9153574,39.882508548972005
USDC,2020-10-28,0.999631016229522,1.00098723608609,0.999188271371119,0.999703266046201,33553311.8359592,33561391.2794554,33.5533118359592
USDC,2020-10-29,0.999703266046201,1.00046812130313,0.998966111078971,0.999528043081382,38759207.4915756,38777664.7825534,38.7592074915756
USDC,2020-10-30,0.999528043081382,1.00064383090751,0.999072170837539,1.00050596210494,33502157.0713288,33509042.2808673,33.5021570713288
USDC,2020-10-31,1.00050596210494,1.00071335520788,0.998781454539649,0.999105352552884,17429770.7311959,17438548.9736866,17.4297707311959
USDC,2020-11-01,0.999105352552884,0.999596550956969,0.998870293404024,0.999362259571011,19028580.9201247,19043479.3337604,19.0285809201247
USDC,2020-11-02,0.999362259571011,1.00043988368307,0.998757503789969,0.999986777696737,38520751.6822435,38543767.9329353,38.52075168224351
USDC,2020-11-03,0.999986777696737,1.00089098813506,0.99900921129755,1.00014240350611,27726768.5337175,27742165.3162777,27.726768533717497
USDC,2020-11-04,1.00014240350611,1.0005051180702,0.999088460963629,0.999866907748472,29965254.4956672,29968775.5439724,29.9652544956672
USDC,2020-11-05,0.999866907748472,1.00046986275158,0.998510776110191,0.998510776110191,40665842.781404,40679725.2041873,40.665842781404
USDC,2020-11-06,0.998510776110191,0.99969902992906,0.997826888676944,0.998670134319771,38074701.6506692,38125445.9088683,38.074701650669205
USDC,2020-11-07,0.998670134319771,1.00164867652543,0.998395108040257,1.00076124125987,35363787.9231895,35373936.4533605,35.3637879231895
USDC,2020-11-08,1.00076124125987,1.00121196246375,0.998908436391316,1.00035703358084,21465316.1763006,21463793.8150676,21.4653161763006
USDC,2020-11-09,1.00035703358084,1.00092679431866,0.998767754040979,0.999224018247149,45011665.8443334,45007380.5121835,45.0116658443334
USDC,2020-11-10,0.999224018247149,1.00041266305986,0.998691508725579,1.0000082851128,36016806.5072004,36024750.23139,36.0168065072004
USDC,2020-11-11,1.0000082851128,1.00096242063027,0.999334227281077,1.00000586106195,35318539.1290605,35321092.4235357,35.3185391290605
USDC,2020-11-12,1.00000586106195,1.00075319419187,0.998616357492105,0.99896819582962,37061554.6103286,37071050.7571998,37.0615546103286
USDC,2020-11-13,0.99896819582962,1.00031292363041,0.998545453685532,0.998781129747089,33553323.2956482,33572381.7142668,33.5533232956482
USDC,2020-11-14,0.998781129747089,0.999438484635119,0.998222698372232,0.999116082903464,20135771.6871643,20156113.6084336,20.1357716871643
USDC,2020-11-15,0.999116082903464,1.0006579129193,0.998865059148566,1.00019479685018,21284718.7643987,21294870.4772705,21.2847187643987
USDC,2020-11-16,1.00019479685018,1.00084555362843,0.999052526470311,0.999504015283614,30342842.7488456,30348798.0410976,30.342842748845598
USDC,2020-11-17,0.999504015283614,1.00037909434119,0.998532959032556,1.00016506860162,42907018.2788559,42935523.0802854,42.9070182788559
USDC,2020-11-18,1.00016506860162,1.0342632467425,0.998670220124531,0.999018768193744,46579573.9646002,46598875.1316418,46.5795739646002
USDC,2020-11-19,0.999018768193744,1.00055011107036,0.998702764156264,1.00004967774006,28110515.4540328,28130132.3749838,28.1105154540328
USDC,2020-11-20,1.00004967774006,1.00063791561958,0.998826786910941,0.999289379431576,41256809.3177918,41274421.6042713,41.2568093177918
USDC,2020-11-21,0.999289379431576,0.99943447763121,0.997412003307478,0.997412003307478,38093659.2880596,38145793.3472915,38.0936592880596
USDC,2020-11-22,0.997412003307478,1.00051888787906,0.997095177292361,0.997823914963802,37605212.0949693,37666048.7136669,37.6052120949693
USDC,2020-11-23,0.997823914963802,1.00021940992953,0.997454455737794,0.99884012855701,53530343.3504539,53596454.8727888,53.5303433504539
USDC,2020-11-24,0.99884012855701,1.00054266517274,0.998161689841172,0.998762538182227,75930491.5436232,76010370.4189304,75.93049154362319
USDC,2020-11-25,0.998762538182227,1.00089011172629,0.998364000242696,0.999672496079434,54949209.100782,54960071.0876362,54.949209100782
USDC,2020-11-26,0.999672496079434,1.00986244848434,0.999199794639737,1.00104483506417,98608638.7653922,98516900.9121913,98.6086387653922
USDC,2020-11-27,1.00104483506417,1.00246094812778,1.00034550030759,1.00048207270125,49733099.2364792,49661481.0973882,49.7330992364792
USDC,2020-11-28,1.00048207270125,1.00177395330827,0.999680714079231,1.00023282117963,37303435.8202296,37288651.4599854,37.303435820229595
USDC,2020-11-29,1.00023282117963,1.00078979920112,0.999856038719511,1.00002705169218,26982241.40913,26972603.9260374,26.98224140913
USDC,2020-11-30,1.00002705169218,1.00357822468703,0.998893419122494,0.999544577216917,62188785.6703214,62177060.9286942,62.188785670321394
USDC,2020-12-01,0.999544577216917,1.00177055229888,0.999323425486886,1.00040702258362,61654566.2852315,61635993.7055957,61.6545662852315
USDC,2020-12-02,1.00040702258362,1.00159466623013,0.999493911858744,1.00046839516688,46313733.1928524,46279261.3067234,46.3137331928524
USDC,2020-12-03,1.00046839516688,1.00100871695679,0.999090850276107,1.00020591421071,47428531.1264565,47411343.0557512,47.4285311264565
USDC,2020-12-04,1.00020591421071,1.00078143712434,0.999149954423382,0.999795657020587,49827878.1256168,49829325.4655785,49.8278781256168
USDC,2020-12-05,0.999795657020587,1.00085449997141,0.998629346363499,1.00038830398325,32645959.0677762,32649560.8726358,32.6459590677762
USDC,2020-12-06,1.00038830398325,1.00099199642227,0.999193313553403,1.00029867165597,30128804.0981444,30121873.9281685,30.1288040981444
USDC,2020-12-07,1.00029867165597,1.00130142254426,0.999322257796019,1.00063518269764,32807414.5779028,32789016.2668697,32.807414577902804
USDC,2020-12-08,1.00063518269764,1.00089026986878,0.999299506011427,1.00017179017038,55356902.7576193,55354748.0787892,55.3569027576193
USDC,2020-12-09,1.00017179017038,1.00299332612638,0.999480784506797,0.999493785403501,59437049.2020852,59403086.5472797,59.4370492020852
USDC,2020-12-10,0.999493785403501,1.0012760899908,0.999490772923901,1.00016807043474,38972510.692523,38964043.5719213,38.972510692523
USDC,2020-12-11,1.00016807043474,1.00136511047342,0.999410761857725,1.00012796848877,43526734.6533369,43515029.2741593,43.526734653336895
USDC,2020-12-12,1.00012796848877,1.00126244812007,0.999387987628197,1.00058707844199,29341304.7831878,29324555.9860896,29.341304783187798
USDC,2020-12-13,1.00058707844199,1.00128246633586,0.999313904131191,1.00054704926894,41136739.6205084,41134666.2498306,41.1367396205084
USDC,2020-12-14,1.00054704926894,1.00095511070334,0.999515233841504,1.00026024044182,35934782.989526,35933635.7200237,35.934782989526006
USDC,2020-12-15,1.00026024044182,1.00133513459513,0.999409145067825,1.00064708045264,58966018.0366157,58961638.983735,58.9660180366157
USDC,2020-12-16,1.00064708045264,1.00149976104357,0.995591663674071,0.999096343263236,76895980.4355494,76895361.9621739,76.89598043554939
USDC,2020-12-17,0.999096343263236,0.999908102977101,0.997258047009976,0.999624400010895,108925911.064122,109062860.538213,108.925911064122
USDC,2020-12-18,0.999624400010895,1.00090864227597,0.998751908661616,0.999971810324902,76097640.8841552,76115525.2438365,76.0976408841552
USDC,2020-12-19,0.999971810324902,1.00064179079637,0.998591685392817,0.999368453980709,63791100.1676373,63793647.0692439,63.7911001676373
USDC,2020-12-20,0.999368453980709,0.999960666422273,0.998652649658666,0.99935986781357,46062569.1914418,46094356.2146685,46.062569191441796
USDC,2020-12-21,0.99935986781357,1.00204940020373,0.996610587318599,0.999929066836158,69018020.6395431,69068432.7382249,69.0180206395431
USDC,2020-12-22,0.999929066836158,1.00206262504598,0.998322780322769,0.999738626049892,90918119.6824039,90918895.7618564,90.91811968240391
USDC,2020-12-23,0.999738626049892,1.00097012918056,0.998851367744279,0.999472448350709,97365319.9758524,97355633.1832925,97.3653199758524
USDC,2020-12-24,0.999472448350709,1.00083540215281,0.99906752849564,1.00026038913165,62129766.8369076,62124619.9232626,62.129766836907606
USDC,2020-12-25,1.00026038913165,1.00529216763727,0.997985933501849,1.00058252256677,55907293.14922,55899493.2831549,55.907293149219996
USDC,2020-12-26,1.00058252256677,1.00070070436235,0.998522928879931,0.999047427814008,69074791.5911173,69088546.2523203,69.07479159111729
USDC,2020-12-27,0.999047427814008,1.00064981196814,0.996826321916677,0.999889868190472,90308986.4806972,90401157.5370514,90.3089864806972
USDC,2020-12-28,0.999889868190472,1.0007198269009,0.998508828258796,1.00027985394722,90490071.4234855,90504891.4054238,90.4900714234855
USDC,2020-12-29,1.00027985394722,1.00095479320544,0.999096034502332,0.999168436122144,102619694.121793,102611138.63917,102.619694121793
USDC,2020-12-30,0.999168436122144,1.00106349413877,0.999168436122144,0.999958363155683,103973259.235899,103955383.886607,103.97325923589901
USDC,2020-12-31,0.999958363155683,1.00064390059944,0.998525865306656,0.999617775545643,137707519.696191,137764939.520902,137.707519696191
USDC,2021-01-01,0.999617775545643,1.00042870090008,0.998438278754842,0.999278894247912,83787415.4413245,83827225.4168788,83.7874154413245
USDC,2021-01-02,0.999278894247912,1.00112698151548,0.997747625698821,0.999029698962463,183222625.909282,183327598.983449,183.222625909282
USDC,2021-01-03,0.999029698962463,1.00233945507324,0.992432371452029,0.999194913914767,229416484.056413,229622260.279933,229.416484056413
USDC,2021-01-04,0.999194913914767,1.00119383681306,0.995891796656628,0.999332889085303,263055388.095971,263357345.967216,263.055388095971
USDC,2021-01-05,0.999332889085303,1.00138076309603,0.998416193259486,0.998782010643524,157997966.052922,158054946.07276,157.997966052922
USDC,2021-01-06,0.998782010643524,1.001480400914,0.995616908839073,0.998649866571094,181990757.85223,182163061.006783,181.99075785223002
USDC,2021-01-07,0.998649866571094,1.00129195119318,0.99815002427604,0.998366968358123,232902073.632734,233040240.555026,232.902073632734
USDC,2021-01-08,0.998366968358123,1.0006112999023,0.998203370719153,0.999160027911103,205675133.631118,205808867.020302,205.675133631118
USDC,2021-01-09,0.999160027911103,1.0006117919825,0.998494957566659,0.999511314867085,128207422.317786,128275076.974176,128.20742231778598
USDC,2021-01-10,0.999511314867085,1.00100449607667,0.998463176352698,0.999808134484611,196059030.993796,196145919.253349,196.059030993796
USDC,2021-01-11,0.999808134484611,1.00495864286699,0.999394322076223,1.00056473059127,355272776.270432,354873920.154708,355.272776270432
USDC,2021-01-12,1.00056473059127,1.00178610229745,0.99930056938166,1.00156588571371,176104355.381306,175981848.44179,176.104355381306
USDC,2021-01-13,1.00156588571371,1.00194751777555,0.999599898441615,0.999746697996791,161953119.273162,161827592.979907,161.953119273162
USDC,2021-01-14,0.999746697996791,1.00135218812807,0.999135058585703,1.00049563708965,191288175.521124,191242826.914727,191.288175521124
USDC,2021-01-15,1.00049563708965,1.00174284869313,0.999055053031861,0.999881851827114,199976009.077413,199903092.535834,199.97600907741298
USDC,2021-01-16,0.999881851827114,1.0020575944838,0.99928649382003,1.00020322243739,186562877.879944,186644438.616545,186.56287787994398
USDC,2021-01-17,1.00020322243739,1.00173450432226,0.998834023542869,1.00055355345401,135309794.907023,135271038.948628,135.30979490702302
USDC,2021-01-18,1.00055355345401,1.00149646552605,0.99945199437781,1.00058015991786,133203985.818697,133119807.032476,133.203985818697
USDC,2021-01-19,1.00058015991786,1.00214534174889,0.9994987783989,0.999683328647036,239400719.52499,239256735.405302,239.40071952499
USDC,2021-01-20,0.999683328647036,1.00117821133961,0.998693465377491,1.00043115847436,161598892.642347,161653556.642201,161.598892642347
USDC,2021-01-21,1.00043115847436,1.00116547289756,0.99890630413853,1.00048779562592,235789297.17341,235750285.610483,235.78929717341
USDC,2021-01-22,1.00048779562592,1.00193073196836,0.998996824938224,1.00021310413928,269790817.502772,269709736.677359,269.790817502772
USDC,2021-01-23,1.00021310413928,1.00156402229708,0.999104820556044,1.00015116138997,90373452.9068192,90335724.7850314,90.3734529068192
USDC,2021-01-24,1.00015116138997,1.00283286576853,0.999238914161876,1.00089877000588,114369476.671194,114267008.958428,114.36947667119401
USDC,2021-01-25,1.00089877000588,1.00161601280249,0.999325579157009,0.999885987155797,140327602.466391,140285760.983212,140.327602466391
USDC,2021-01-26,0.999885987155797,1.0018719909254,0.999505576056756,1.00000743398582,154577709.76392,154489731.298869,154.57770976392
USDC,2021-01-27,1.00000743398582,1.0011516645265,0.998941951925954,1.00026202231395,135177783.157651,135130995.030063,135.17778315765102
USDC,2021-01-28,1.00026202231395,1.00077252394445,0.998319567356449,0.999632579537892,148629252.177741,148683595.88984,148.629252177741
USDC,2021-01-29,0.999632579537892,1.001142744789,0.996945252111625,0.999477323661552,301682585.509296,301960311.216135,301.682585509296
USDC,2021-01-30,0.999477323661552,1.00086467122626,0.999240302898084,0.999852683505054,109622444.413431,109613767.517306,109.622444413431
USDC,2021-01-31,0.999852683505054,1.00094099577395,0.998904656550858,1.0002875452642,89255733.4905455,89246066.6164065,89.2557334905455
USDC,2021-02-01,1.0002875452642,1.00109830077132,0.998990451870859,1.00091315089958,133215644.906138,133199262.097104,133.215644906138
USDC,2021-02-02,1.00091315089958,1.00178956535498,0.999681641772739,1.00112776548792,169091956.992326,168927909.737017,169.091956992326
USDC,2021-02-03,1.00112776548792,1.00181623705824,0.999223548722812,0.999882623854558,241594758.072599,241510978.419338,241.594758072599
USDC,2021-02-04,0.999882623854558,1.00055377660194,0.998933290825718,0.999983451525089,207557946.310977,207604142.782875,207.557946310977
USDC,2021-02-05,0.999983451525089,1.00074656917181,0.998764562691877,0.999373307168585,190661213.8837,190699606.672951,190.66121388370001
USDC,2021-02-06,0.999373307168585,1.00172170679952,0.99895439385961,0.999426104214857,169328844.057378,169266959.220794,169.328844057378
USDC,2021-02-07,0.999426104214857,1.00086628686574,0.998591588348378,0.999286873812609,170657419.86341,170699010.947579,170.65741986340998
USDC,2021-02-08,0.999286873812609,1.00131839238201,0.998717559079074,1.00002257130851,208807751.926464,208806398.031164,208.807751926464
USDC,2021-02-09,1.00002257130851,1.00160957156416,0.999004585327833,0.999885724815785,243570871.054575,243473573.517695,243.570871054575
USDC,2021-02-10,0.999885724815785,1.00104253791268,0.998886792661094,1.00049663048292,251290296.474242,251298156.480251,251.290296474242
USDC,2021-02-11,1.00049663048292,1.00120362521053,0.998163617837996,0.999296465483931,179814039.910102,179807770.395471,179.814039910102
USDC,2021-02-12,0.999296465483931,1.00097002137236,0.998782153984467,0.999763609805268,224228071.844491,224289274.349254,224.228071844491
USDC,2021-02-13,0.999763609805268,1.0005346337676,0.998705791248477,0.999708270843386,222735212.011158,222786096.298902,222.73521201115798
USDC,2021-02-14,0.999708270843386,1.00297952759343,0.99892597718956,1.0000354979219,253817890.792306,253749105.079291,253.817890792306
USDC,2021-02-15,1.0000354979219,1.00104157759403,0.998771363037945,0.999951900678496,260750964.827517,260820084.710608,260.750964827517
USDC,2021-02-16,0.999951900678496,1.00094425403163,0.999409509614853,1.00000845519791,231683091.764755,231706515.861418,231.683091764755
USDC,2021-02-17,1.00000845519791,1.00132067194056,0.999505040185187,0.999667980715779,249351437.366888,249252498.595016,249.35143736688798
USDC,2021-02-18,0.999667980715779,1.00110419581216,0.999373448108405,1.00005891286301,244947631.663235,244872728.820827,244.947631663235
USDC,2021-02-19,1.00005891286301,1.00180172267691,0.999252591870603,0.999707788218244,291045419.728459,290957929.876277,291.045419728459
USDC,2021-02-20,0.999707788218244,1.00131114098101,0.998820178170384,0.99901216081844,294371561.643792,294481955.80916,294.37156164379195
USDC,2021-02-21,0.99901216081844,1.00136289686072,0.998920539755077,0.999264457716853,177225047.252595,177252507.594073,177.225047252595
USDC,2021-02-22,0.999264457716853,1.00283499242392,0.99831831830357,0.99987608213245,430048209.120953,430114164.840759,430.048209120953
USDC,2021-02-23,0.99987608213245,1.00253196148207,0.997506534613706,1.00041374005742,478333690.385836,478413460.098263,478.333690385836
USDC,2021-02-24,1.00041374005742,1.00136346450319,0.999114471915743,1.00061490085188,323972782.507297,323952294.362425,323.972782507297
USDC,2021-02-25,1.00061490085188,1.00113481187987,0.99913677961676,1.00113481187987,218494248.900632,218451096.457513,218.494248900632
USDC,2021-02-26,1.00113481187987,1.0013658303193,0.998428899506723,0.999597087212679,238386197.534548,238517762.274101,238.38619753454802
USDC,2021-02-27,0.999597087212679,1.0009027907678,0.99923312776096,1.00021009889372,137344752.644691,137312949.38088,137.344752644691
USDC,2021-02-28,1.00021009889372,1.00206158710603,0.999719465388286,1.00044006907512,191214095.897656,190988240.29717,191.214095897656
USDC,2021-03-01,1.00044006907512,1.00174748996246,0.998843555356314,0.998958029242276,228322789.931349,228277117.258784,228.322789931349
USDC,2021-03-02,0.998958029242276,1.00096161781657,0.998775094322704,1.00025730188049,166447848.00164,166431755.346335,166.44784800163998
USDC,2021-03-03,1.00025730188049,1.00098078953872,0.999032797731668,0.999494731582755,155777584.26106,155743216.781345,155.77758426106
USDC,2021-03-04,0.999494731582755,1.00095301193252,0.99940958140754,1.00028414787054,246246088.501743,246172628.38512,246.246088501743
USDC,2021-03-05,1.00028414787054,1.00169292444384,0.999655986398639,1.00049413358085,126174386.124238,126066048.950754,126.174386124238
USDC,2021-03-06,1.00049413358085,1.00270062069557,0.998732648199764,0.999573438498319,130700377.660921,130643169.037961,130.70037766092102
USDC,2021-03-07,0.999573438498319,1.00126758970009,0.999321753967426,0.999821925635652,113687134.918273,113692124.96754,113.687134918273
USDC,2021-03-08,0.999821925635652,1.00100486296692,0.99928985331307,0.999702368833626,139543522.858854,139515169.647838,139.543522858854
USDC,2021-03-09,0.999702368833626,1.00127109619593,0.999368074797828,1.000777481292,176221483.178119,176128564.424692,176.221483178119
USDC,2021-03-10,1.000777481292,1.0012293457932,0.999332148838777,1.00081704079293,197304675.961721,197205370.106959,197.30467596172102
USDC,2021-03-11,1.00081704079293,1.00148438929907,0.999626610019493,1.00072590136162,210618646.818999,210540992.972948,210.618646818999
USDC,2021-03-12,1.00072590136162,1.00171758126909,0.99975136871328,1.00010176113274,189989508.554495,189895774.585918,189.98950855449502
USDC,2021-03-13,1.00010176113274,1.00177879630185,0.999740423093227,1.00023924584555,170801399.879262,170729091.127935,170.801399879262
USDC,2021-03-14,1.00023924584555,1.00048995687923,0.999329263714609,0.999811977480912,128718290.084462,128719308.674015,128.718290084462
USDC,2021-03-15,0.999811977480912,1.00139799832538,0.999291361565991,1.00016098753386,213188589.398113,213104652.975769,213.188589398113
USDC,2021-03-16,1.00016098753386,1.00150735717148,0.999510951066748,0.999776820997347,204043513.374072,204014240.245022,204.04351337407198
USDC,2021-03-17,0.999776820997347,1.00070558846154,0.998647654435495,0.999467069591337,176802498.92631,176855155.550884,176.80249892631
USDC,2021-03-18,0.999467069591337,1.00103957027552,0.999304801961637,0.999693200491574,143665542.761764,143660932.143865,143.665542761764
USDC,2021-03-19,0.999693200491574,1.00064912769806,0.999464703997517,0.999968856252535,143642137.603476,143638078.510411,143.642137603476
USDC,2021-03-20,0.999968856252535,1.00096402227905,0.999376110610092,0.999656934483946,114371161.672047,114379065.50589,114.37116167204701
USDC,2021-03-21,0.999656934483946,0.999996480789788,0.999039849514667,0.999996480789788,116711073.013856,116764965.213876,116.711073013856
USDC,2021-03-22,0.999996480789788,1.00118024153314,0.999212781359785,0.999739104185829,172538052.10984,172512045.667629,172.53805210984
USDC,2021-03-23,0.999739104185829,1.00048525598428,0.999056383417172,1.0000489065157,140307346.958401,140342296.122713,140.30734695840098
USDC,2021-03-24,1.0000489065157,1.00067463864389,0.9996563879761,1.00016427478381,234899255.675049,234864448.111868,234.899255675049
USDC,2021-03-25,1.00016427478381,1.00055466070767,0.999010549784531,0.999749162672557,199236280.525144,199270148.857835,199.23628052514402
USDC,2021-03-26,0.999749162672557,1.00120567153136,0.999198389760494,0.999410738639988,194012707.008693,194035800.917361,194.012707008693
USDC,2021-03-27,0.999410738639988,1.00092730468657,0.999273037471986,0.999767279889881,103813098.361512,103836559.40773,103.813098361512
USDC,2021-03-28,0.999767279889881,1.00096302229168,0.999581488443343,0.999998847931198,95597629.3188727,95588587.9728089,95.5976293188727
USDC,2021-03-29,0.999998847931198,1.00142557713742,0.999711951731721,1.00024984942974,205741106.899526,205684360.349483,205.741106899526
USDC,2021-03-30,1.00024984942974,1.00149861644529,0.999250579551167,1.00091225834318,175120903.886542,175029423.965018,175.12090388654198
USDC,2021-03-31,1.00091225834318,1.00127272613333,0.999324735360919,0.999744950586002,163683054.017604,163649467.205896,163.683054017604
USDC,2021-04-01,0.999744950586002,1.00062024961974,0.999134633019217,0.999974788897293,191122030.842876,191122954.190518,191.122030842876
USDC,2021-04-02,0.999974788897293,1.00052638318146,0.999385329362351,0.999787523217892,196158420.434402,196170087.688763,196.158420434402
USDC,2021-04-03,0.999787523217892,1.00095003822598,0.999149190740547,0.999450877740559,137264349.503851,137260736.560732,137.264349503851
USDC,2021-04-04,0.999450877740559,1.00103470740887,0.999332264158803,0.999913248973762,122779534.654271,122803442.229306,122.779534654271
USDC,2021-04-05,0.999913248973762,1.00108039847491,0.999333451437544,0.999867789677056,167829175.723005,167844412.306493,167.829175723005
USDC,2021-04-06,0.999867789677056,1.00043757195253,0.999012225912301,0.999918067691687,191746998.088228,191761144.139045,191.746998088228
USDC,2021-04-07,0.999918067691687,1.0007397637711,0.99934061613405,1.00008883462067,204703972.73292,204705159.94819,204.70397273292
USDC,2021-04-08,1.00008883462067,1.00095668799498,0.999345923457931,1.00033215027264,175159392.99484,175148685.438588,175.15939299484
USDC,2021-04-09,1.00033215027264,1.0011142659547,0.999315627820651,1.00027403899486,128326416.546458,128287988.672431,128.326416546458
USDC,2021-04-10,1.00027403899486,1.00117051018189,0.999585073065626,1.00032897020169,151046676.288726,150975302.082498,151.046676288726
USDC,2021-04-11,1.00032897020169,1.0014386251254,0.999882934155862,1.00066869076926,119303933.840787,119216259.103079,119.303933840787
USDC,2021-04-12,1.00066869076926,1.00142633308221,0.999922598540188,1.00030129549958,179215879.7142,179131079.509223,179.21587971419999
USDC,2021-04-13,1.00030129549958,1.00077394008625,0.999045555128745,0.999615564603547,239598054.420325,239638456.05081,239.598054420325
USDC,2021-04-14,0.999615564603547,1.00099915148722,0.999070764016925,1.00003233926334,278074874.003674,278095484.637412,278.074874003674
USDC,2021-04-15,1.00003233926334,1.00170337918212,0.999188707610364,1.00027184865502,244947200.773874,244931462.503973,244.94720077387402
USDC,2021-04-16,1.00027184865502,1.0008121094403,0.998723821487355,0.999732261191866,440733082.727956,440775074.435701,440.733082727956
USDC,2021-04-17,0.999732261191866,1.00062680532903,0.998536443170229,0.999218392257079,268999280.32478,269074602.431236,268.99928032478
USDC,2021-04-18,0.999218392257079,1.04054367668991,0.995797855007131,0.999009335910761,433401356.903277,433430767.062202,433.40135690327696
USDC,2021-04-19,0.999009335910761,1.00062374714916,0.998856091189105,1.0003129901566,258118084.132279,258149774.151359,258.118084132279
USDC,2021-04-20,1.0003129901566,1.00201932310297,0.999555886031203,0.999985607496964,269688314.709084,269613454.775625,269.68831470908395
USDC,2021-04-21,0.999985607496964,1.00082996057537,0.999192696457545,0.999399617564893,236563170.205,236533309.58258,236.563170205
USDC,2021-04-22,0.999399617564893,1.00173991501851,0.99889605775467,1.00000451890854,303743820.501801,303758408.993375,303.743820501801
USDC,2021-04-23,1.00000451890854,1.00195945067336,0.999201078026065,1.00015827958621,440405165.589641,440267949.818198,440.405165589641
USDC,2021-04-24,1.00015827958621,1.00113692642963,0.999504056383557,0.99978409337101,142669058.87799,142668788.419137,142.66905887799
USDC,2021-04-25,0.99978409337101,1.00137562507329,0.999556302501241,1.00007780979855,141841953.466045,141827518.778543,141.841953466045
USDC,2021-04-26,1.00007780979855,1.00124391037111,0.999401532783052,1.00005106649246,193646158.399062,193636495.865047,193.64615839906202
USDC,2021-04-27,1.00005106649246,1.00044987749372,0.999388839604624,0.999917007858649,179221571.954961,179228226.380552,179.221571954961
USDC,2021-04-28,0.999917007858649,1.00122903614603,0.999248927780229,1.00012956270084,185675499.657514,185666056.513821,185.675499657514
USDC,2021-04-29,1.00012956270084,1.0007700095709,0.996968141048768,0.999664921424626,175140758.083752,175125671.598308,175.14075808375202
USDC,2021-04-30,0.999664921424626,1.00067467523618,0.99870097402293,0.998892762736722,172946902.525311,172954002.824199,172.946902525311
USDC,2021-05-01,0.998892762736722,1.00005286278863,0.998620113006182,0.999149044155923,133017236.31079,133126266.487098,133.01723631079
USDC,2021-05-02,0.999149044155923,1.00049192679087,0.998899461193811,0.999502517898941,106882169.58038,106932074.589995,106.88216958038
USDC,2021-05-03,0.999502517898941,1.00093272141517,0.998976806953535,0.999179921656541,229349027.159341,229429010.509557,229.349027159341
USDC,2021-05-04,0.999179921656541,1.00065574466369,0.999076423690611,1.00041187082028,256891252.701703,256953017.082359,256.891252701703
USDC,2021-05-05,1.00041187082028,1.00075118404707,0.999170071549089,0.99973195142716,242801646.187231,242783011.170939,242.801646187231
USDC,2021-05-06,0.99973195142716,1.00063764998639,0.998876828296371,1.00016335479058,268390255.27426,268427653.540478,268.39025527426
USDC,2021-05-07,1.00016335479058,1.00052433834841,0.999217408114768,1.00010759643536,265243954.618357,265253000.416947,265.243954618357
USDC,2021-05-08,1.00010759643536,1.00025135540575,0.999265975822662,0.999671252017732,233931235.250748,233972376.814468,233.93123525074802
USDC,2021-05-09,0.999671252017732,1.00078259067872,0.999054301634692,0.999803251056297,416163332.582674,416238313.455516,416.163332582674
USDC,2021-05-10,0.999803251056297,1.00075704601067,0.99922807736754,0.999926662063687,358324626.340491,358361633.098964,358.324626340491
USDC,2021-05-11,0.999926662063687,1.00048850408467,0.998990119562096,0.99993518017929,245792646.249163,245826576.911265,245.792646249163
USDC,2021-05-12,0.99993518017929,1.00063142721335,0.998985379067693,0.99985750388971,369585122.898403,369620019.73531,369.585122898403
USDC,2021-05-13,0.99985750388971,1.00147856058798,0.99944004108089,0.999866709524371,484898556.625064,484788504.715656,484.89855662506403
USDC,2021-05-14,0.999866709524371,1.00544317980869,0.995306269455835,1.00128516386547,418675020.664302,418130237.097776,418.675020664302
USDC,2021-05-15,1.00128516386547,1.00165743318768,0.997325079536883,1.00060482390931,311721699.029825,311773471.120032,311.72169902982495
USDC,2021-05-16,1.00060482390931,1.00223422437689,0.999388786263853,1.00149925330885,405108385.11431,404790084.040466,405.10838511431
USDC,2021-05-17,1.00149925330885,1.00446927855645,0.998703259311458,0.99992464842077,523273616.266753,522743305.704147,523.273616266753
USDC,2021-05-18,0.99992464842077,1.00075104415927,0.998578301232029,1.00025721523762,429237218.364777,429216398.066592,429.23721836477705
USDC,2021-05-19,1.00025721523762,1.00680808352366,0.994851463998953,1.00026372081433,1190781002.23568,1189566343.85278,1190.78100223568
USDC,2021-05-20,1.00026372081433,1.00184446640824,0.999184069775254,0.999996032474785,667972638.647768,667616836.228318,667.972638647768
USDC,2021-05-21,0.999996032474785,1.00209399783149,0.999472948714704,1.00063099217544,688555037.021329,688153652.120752,688.5550370213291
USDC,2021-05-22,1.00063099217544,1.0026254617714,0.999865169369212,1.001527138836,464450318.537343,463910450.11402,464.45031853734304
USDC,2021-05-23,1.001527138836,1.00254755267341,0.99981219055843,1.00115444603678,655157581.988485,654341046.510642,655.1575819884849
USDC,2021-05-24,1.00115444603678,1.00121483173327,0.999387433311662,0.999841450874491,484594856.375669,484540272.463981,484.594856375669
USDC,2021-05-25,0.999841450874491,1.00106661835909,0.999232955696126,1.00005297669988,362210356.064896,362210154.651908,362.21035606489596
USDC,2021-05-26,1.00005297669988,1.00110257709908,0.999078988363928,1.00012270408114,313959598.953161,313975104.908939,313.959598953161
USDC,2021-05-27,1.00012270408114,1.00132603894821,0.999239817038237,1.00017514849156,255813901.973036,255798761.735625,255.813901973036
USDC,2021-05-28,1.00017514849156,1.00081630528664,0.99907997088629,0.999952167235137,389899387.214855,389830315.755279,389.89938721485504
USDC,2021-05-29,0.999952167235137,1.0010296841867,0.999316845724895,0.999447643424208,274011754.856945,273993405.346918,274.011754856945
USDC,2021-05-30,0.999447643424208,1.00004729319329,0.998749800468906,0.999190637809357,318556351.149115,318710279.951391,318.556351149115
USDC,2021-05-31,0.999190637809357,1.00107043488475,0.999143567232851,1.00006991517391,276864555.927949,276872170.999999,276.864555927949
USDC,2021-06-01,1.00006991517391,1.00024112886792,0.99949261227418,0.999643497438199,218647437.440188,218682210.66253,218.64743744018799
USDC,2021-06-02,0.999643497438199,1.00025931384603,0.999492047818155,1.00010802595905,180914361.20194,180922302.003525,180.91436120194
USDC,2021-06-03,1.00010802595905,1.00085178608892,0.999443918731651,1.00001597219942,193986413.143112,194014422.879046,193.986413143112
USDC,2021-06-04,1.00001597219942,1.00090570018526,0.999353536181971,1.00061384107989,271752655.058071,271781265.262534,271.752655058071
USDC,2021-06-05,1.00061384107989,1.00097660171043,0.999253426271605,0.999458399100489,126179612.098014,126194403.458804,126.17961209801399
USDC,2021-06-06,0.999458399100489,1.00117264618754,0.999270243854002,1.00012703445142,49653154.5301223,49654908.9411532,49.6531545301223
USDC,2021-06-07,1.00012703445142,1.0010714511651,0.999160965350213,1.00007144295875,87684419.2682668,87695222.3992959,87.6844192682668
USDC,2021-06-08,1.00007144295875,1.00129536084478,0.999257250199611,1.00094239925921,107728984.789404,107669254.95501,107.72898478940401
USDC,2021-06-09,1.00094239925921,1.0010946144341,0.999174485824765,0.99937168564036,79632610.084807,79605771.5423017,79.632610084807
USDC,2021-06-10,0.99937168564036,1.00152899626831,0.999182082889922,0.999920643609891,64964064.4740166,64962251.7155533,64.9640644740166
USDC,2021-06-11,0.999920643609891,1.00037351643272,0.999226614757688,1.00026027684945,53166424.1077333,53174947.040446,53.1664241077333
USDC,2021-06-12,1.00026027684945,1.00115047740779,0.99930701222543,1.00008893171483,59071636.5380867,59068319.4564139,59.0716365380867
USDC,2021-06-13,1.00008893171483,1.00118573213388,0.999304919419379,1.00046596974629,75397523.0173682,75387895.2501253,75.3975230173682
USDC,2021-06-14,1.00046596974629,1.00048940097695,0.999413776641661,0.999674137955395,82368149.4628876,82367123.5925955,82.3681494628876
USDC,2021-06-15,0.999674137955395,1.00047973454504,0.99922116480175,1.00038558707628,78915533.4112586,78907332.6063222,78.9155334112586
USDC,2021-06-16,1.00038558707628,1.00051382125588,0.999298644195637,0.99954230906521,55455796.5265209,55470658.2612591,55.4557965265209
USDC,2021-06-17,0.99954230906521,1.00048437407511,0.999279812017957,1.00032864714575,46473558.8727518,46475946.5403544,46.4735588727518
USDC,2021-06-18,1.00032864714575,1.00116989427011,0.999352961605797,1.00099273728874,57078557.9890892,57075710.8780717,57.0785579890892
USDC,2021-06-19,1.00099273728874,1.00135958308821,0.999342904151068,1.00050201446769,35867078.2758523,35841917.9737548,35.8670782758523
USDC,2021-06-20,1.00050201446769,1.00137140833824,1.00021606526415,1.00132756061698,46268974.9023781,46231775.5831866,46.2689749023781
USDC,2021-06-21,1.00132756061698,1.00229247766504,0.999415114597244,1.00064159691861,105802260.075257,105696563.341423,105.80226007525701
USDC,2021-06-22,1.00064159691861,1.0025384393279,1.00036047682033,1.00124752489981,80796590.3708612,80669882.4685485,80.7965903708612
USDC,2021-06-23,1.00124752489981,1.00223988977007,0.999027020995209,1.00021203011195,69592455.9162864,69575088.327047,69.5924559162864
USDC,2021-06-24,1.00021203011195,1.00101588205852,0.999618529204336,0.999969026683843,121911121.495524,121861142.606212,121.911121495524
USDC,2021-06-25,0.999969026683843,1.00080441932887,0.998188937698095,0.999818542661822,55391959.3021399,55408527.2764176,55.3919593021399
USDC,2021-06-26,0.999818542661822,1.00161490503287,0.999450230670689,1.00071238638075,39861911.223242,39833713.6792599,39.861911223242
USDC,2021-06-27,1.00071238638075,1.00343763088237,0.999667628145713,1.00135168250382,46424340.0954531,46354116.1756691,46.4243400954531
USDC,2021-06-28,1.00135168250382,1.0014781128002,0.999691427246456,0.999816692078185,54334521.5988493,54308299.7014448,54.3345215988493
USDC,2021-06-29,0.999816692078185,1.00148312959481,0.999483712252064,1.00016928696199,38364917.3466704,38361743.7791058,38.364917346670396
USDC,2021-06-30,1.00016928696199,1.00048651468247,0.999607841013115,1.00025749875818,45066310.7048131,45063818.6646881,45.0663107048131
USDC,2021-07-01,1.00025749875818,1.00068377259479,0.999511504334516,1.00028370294897,43222432.8770289,43215562.8118502,43.2224328770289
USDC,2021-07-02,1.00028370294897,1.00093450765448,0.999584647015921,1.00045857489417,35471087.4934261,35462955.4125675,35.4710874934261
USDC,2021-07-03,1.00045857489417,1.00059965194961,0.999640983808406,1.0002793827639,39660233.6505882,39655375.3767288,39.6602336505882
USDC,2021-07-04,1.0002793827639,1.00062693744785,0.991722073789146,1.00037047038469,45848460.2202814,45851753.0288235,45.8484602202814
USDC,2021-07-05,1.00037047038469,1.00076257309575,0.999098762764154,1.00020599651243,44705589.7349129,44711923.6791061,44.705589734912905
USDC,2021-07-06,1.00020599651243,1.00121891178293,0.999493335348494,0.999858197861242,59617186.0030447,59599344.8116396,59.6171860030447
USDC,2021-07-07,0.999858197861242,1.00126821744437,0.999501780079104,1.00031783010388,48220113.6615547,48223076.9274123,48.2201136615547
USDC,2021-07-08,1.00031783010388,1.0003945042252,0.998567575587004,0.999345865357707,59545908.9802404,59572315.9580669,59.5459089802404
USDC,2021-07-09,0.999345865357707,1.0003701145706,0.998908236123489,0.999893735647252,52080189.1163031,52085023.6519343,52.0801891163031
USDC,2021-07-10,0.999893735647252,1.00063200118473,0.998983606312818,0.999701426755974,50314513.1423594,50326721.1538822,50.314513142359395
USDC,2021-07-11,0.999701426755974,1.00061265262793,0.999580266171291,1.00036466828199,24794822.4420355,24793643.1599369,24.7948224420355
USDC,2021-07-12,1.00036466828199,1.00053528033275,0.999089981390241,0.999562684347698,36354972.1018554,36375832.0818595,36.354972101855395
USDC,2021-07-13,0.999562684347698,1.0007703185804,0.999481808529976,1.00065298347838,33966993.1747484,33959835.47883,33.966993174748396
USDC,2021-07-14,1.00065298347838,1.00096526337596,0.999339793706264,0.999679241527072,43954221.573233,43948676.6447709,43.954221573233
USDC,2021-07-15,0.999679241527072,1.00092630934379,0.999516580945497,0.999679333672431,35131240.4766307,35124490.4540687,35.1312404766307
USDC,2021-07-16,0.999679333672431,1.00097877582379,0.999188247502673,1.00097877582379,33195028.5827607,33193968.5631815,33.1950285827607
USDC,2021-07-17,1.00097877582379,1.00160340659769,0.999403534214043,1.00078253567965,28441004.9929104,28414843.015889,28.4410049929104
USDC,2021-07-18,1.00078253567965,1.0016320105451,0.999165347477645,1.00069267880635,23016827.5745148,23007824.8499647,23.0168275745148
USDC,2021-07-19,1.00069267880635,1.00177447256822,0.999380259745793,0.999805226628679,27550580.5416205,27538679.6603292,27.5505805416205
USDC,2021-07-20,0.999805226628679,1.00163324817304,0.999402930172679,0.999951578404252,40239131.6914585,40218879.6216336,40.2391316914585
USDC,2021-07-21,0.999951578404252,1.00084597111466,0.999560885408436,0.99981470994502,70963826.8130458,70941570.6727542,70.9638268130458
USDC,2021-07-22,0.99981470994502,1.00076307141582,0.999646353971429,1.00049647547735,42598909.5711301,42598493.8623421,42.5989095711301
USDC,2021-07-23,1.00049647547735,1.0011047129225,0.999573009721894,0.9997701225624,37691965.8286448,37689407.4151424,37.6919658286448
USDC,2021-07-24,0.9997701225624,1.00118481537605,0.999528329444549,1.00060677236825,46058944.1987375,46041282.8199337,46.0589441987375
USDC,2021-07-25,1.00060677236825,1.00134532542023,1.0001235349357,1.00029568082975,27610847.7882914,27594067.551354,27.610847788291398
USDC,2021-07-26,1.00029568082975,1.00138659970624,0.999404994187999,1.00044533120119,89878961.3157202,89830211.7077379,89.8789613157202
USDC,2021-07-27,1.00044533120119,1.00157284427364,0.999577738838863,1.00034427699625,48209602.6128781,48194889.6798294,48.2096026128781
USDC,2021-07-28,1.00034427699625,1.00105546542223,0.999446598259613,0.999726678987873,57851792.7554769,57840948.8163796,57.8517927554769
USDC,2021-07-29,0.999726678987873,1.00062874541625,0.999426676306482,1.00000172769266,47029391.9280907,47022326.2055495,47.029391928090696
USDC,2021-07-30,1.00000172769266,1.00156700971472,0.999282365479528,1.00004944340295,45249474.2836754,45252383.7127063,45.249474283675404
USDC,2021-07-31,1.00004944340295,1.00106633835261,0.999218937637954,0.999917353083033,41004980.4968492,41015458.9743264,41.0049804968492
USDC,2021-08-01,0.999917353083033,1.00124378596719,0.999187278653274,1.00065751111941,49692444.9071415,49704723.1642385,49.6924449071415
USDC,2021-08-02,1.00065751111941,1.00132393209117,0.999401256937018,1.00007404270818,39643882.745055,39634362.3405353,39.643882745054995
USDC,2021-08-03,1.00007404270818,1.00111817397643,0.999492285187334,1.00044426297215,61899326.7277462,61892698.6335536,61.89932672774621
USDC,2021-08-04,1.00044426297215,1.00078108183328,0.99960933028096,0.999853798760568,49078138.0436338,49069869.3246608,49.07813804363381
USDC,2021-08-05,0.999853798760568,1.00070036189443,0.999413337953586,0.999500134485418,49278324.5927816,49281706.3676433,49.2783245927816
USDC,2021-08-06,0.999500134485418,1.00036310252857,0.999144355282452,0.999738632553757,80486942.9271529,80520009.9100924,80.4869429271529
USDC,2021-08-07,0.999738632553757,1.00120332915412,0.999222283517003,0.999922345290673,81316938.847556,81310520.7899403,81.31693884755599
USDC,2021-08-08,0.999922345290673,1.00003936893899,0.999091144479002,0.999245299605622,48322759.3422006,48350268.8248376,48.3227593422006
USDC,2021-08-09,0.999245299605622,1.00013862056508,0.998733077711131,0.999296511807102,142631287.559112,142710582.829232,142.63128755911202
USDC,2021-08-10,0.999296511807102,1.00019110578427,0.999149550932507,0.999974277822918,55385288.0314064,55404760.4015514,55.385288031406404
USDC,2021-08-11,0.999974277822918,1.00101163867843,0.998816785892218,0.999126258098211,59641564.0888278,59677232.3504429,59.6415640888278
USDC,2021-08-12,0.999126258098211,1.00068651666087,0.998739073477473,0.999864043677752,85133624.2315812,85188275.6516667,85.1336242315812
USDC,2021-08-13,0.999864043677752,1.00098357315724,0.998847080479989,0.999035718523263,62860308.1281848,62872048.5723728,62.860308128184805
USDC,2021-08-14,0.999035718523263,1.00094860201564,0.998926751230735,1.00035934392871,38081280.3153894,38080082.1891564,38.0812803153894
USDC,2021-08-15,1.00035934392871,1.00079131249232,0.999657674622956,1.00007295691141,41793112.1536064,41778887.8389825,41.7931121536064
USDC,2021-08-16,1.00007295691141,1.00076818207145,0.998974186868572,0.999838395837402,68689729.8842521,68722919.0948105,68.6897298842521
USDC,2021-08-17,0.999838395837402,1.00022855363708,0.998987098232189,0.999995952992869,105182032.725375,105221372.160853,105.182032725375
USDC,2021-08-18,0.999995952992869,1.0002126550743,0.999050616403699,1.00009554989295,51330820.0866931,51341354.4715461,51.3308200866931
USDC,2021-08-19,1.00009554989295,1.00105848766155,0.998700667890915,0.999668280500429,47773289.1316098,47770157.8928082,47.7732891316098
USDC,2021-08-20,0.999668280500429,1.00082228458254,0.998615139692175,0.999305263325492,68492539.8233424,68495861.9186712,68.4925398233424
USDC,2021-08-21,0.999305263325492,1.00126287458568,0.999268728127392,1.0004426094569,51870671.0867312,51848674.7703235,51.8706710867312
USDC,2021-08-22,1.0004426094569,1.00106100181787,1.00003870382887,1.0001589165644,48330579.6909274,48306011.6801302,48.3305796909274
USDC,2021-08-23,1.0001589165644,1.0011830570285,0.999175258090491,1.00029858498609,47914878.9554831,47906640.5458295,47.914878955483104
USDC,2021-08-24,1.00029858498609,1.0007493432325,0.999122367443753,0.999307965761794,64241290.071659,64243630.202092,64.241290071659
USDC,2021-08-25,0.999307965761794,1.00070049902662,0.999014986584452,1.00036453144922,51653533.1483043,51637657.9366218,51.6535331483043
USDC,2021-08-26,1.00036453144922,1.00059143215522,0.999172910393413,1.00002504819767,54298054.9670409,54302573.3252479,54.2980549670409
USDC,2021-08-27,1.00002504819767,1.00125857898925,0.999167233443738,1.00043617108421,55645963.0484222,55648784.2352039,55.6459630484222
USDC,2021-08-28,1.00043617108421,1.00133222554992,0.999035789162638,1.00048041331446,38936524.0487208,38920730.8713039,38.9365240487208
USDC,2021-08-29,1.00048041331446,1.0012564655353,0.999656617779959,1.00070609592998,36165396.2535499,36141789.1958424,36.1653962535499
USDC,2021-08-30,1.00070609592998,1.00132200429284,0.999032914552223,0.999255124817578,57685787.7078009,57659133.7206355,57.685787707800905
USDC,2021-08-31,0.999255124817578,1.00070021337973,0.998976913189441,1.0004553215503,71082662.6129045,71090697.5576016,71.0826626129045
USDC,2021-09-01,1.0004553215503,1.0005284038428,0.99912072282031,0.999545027398959,69428833.6904162,69439553.6493068,69.4288336904162
USDC,2021-09-02,0.999545027398959,1.00125264409533,0.999243292061744,1.00000001311989,100831718.078816,100843759.786714,100.831718078816
USDC,2021-09-03,1.00000001311989,1.00086891059884,0.998779219688648,1.00014669811679,64250772.3398775,64335110.7984331,64.2507723398775
USDC,2021-09-04,1.00014669811679,1.00193421280439,0.998002632708643,0.999356468119213,39377609.0676628,39396599.6058444,39.377609067662796
USDC,2021-09-05,0.999356468119213,1.00044317113701,0.995308721335783,0.999733791769551,46499403.0659719,46520439.8355535,46.499403065971904
USDC,2021-09-06,0.999733791769551,1.00108230843154,0.999061921270816,0.999684163018135,44719167.3428802,44732382.0644631,44.7191673428802
USDC,2021-09-07,0.999684163018135,1.00170897091577,0.99900997821555,0.999254558052481,136256539.944381,136219882.794268,136.256539944381
USDC,2021-09-08,0.999254558052481,1.00090261990895,0.999092906877786,1.00024070707426,95461605.8551853,95491200.9464602,95.4616058551853
USDC,2021-09-09,1.00024070707426,1.00047869567792,0.999256520869271,1.00007323613708,76386397.9328124,76395770.1018302,76.38639793281239
USDC,2021-09-10,1.00007323613708,1.00080256829965,0.999302315555525,0.999765604910643,78158520.271448,78157334.5360106,78.158520271448
USDC,2021-09-11,0.999765604910643,1.00048879994296,0.999347922322584,0.999883307856191,51049762.3984879,51051740.5430042,51.0497623984879
USDC,2021-09-12,0.999883307856191,1.00047520720676,0.999214816821686,1.00029727343272,46979948.5105631,46985166.1258775,46.9799485105631
USDC,2021-09-13,1.00029727343272,1.00055181910471,0.999161301860609,0.999528925676241,58635948.5663241,58641772.7162507,58.6359485663241
USDC,2021-09-14,0.999528925676241,1.00064036687607,0.999333750451218,1.00010963007778,53389592.6891069,53387291.100333,53.3895926891069
USDC,2021-09-15,1.00010963007778,1.00115234039286,0.999293023748626,0.999532147658757,75053456.8359725,75053728.752576,75.0534568359725
USDC,2021-09-16,0.999532147658757,1.00055407035355,0.999342567523446,1.0000425620731,59480349.8923962,59487594.1164348,59.4803498923962
USDC,2021-09-17,1.0000425620731,1.00056125062469,0.99949841417303,0.999851967326379,53489567.1871503,53486324.8221253,53.4895671871503
USDC,2021-09-18,0.999851967326379,1.00056020370084,0.999347912472178,0.999977859879765,34541248.69369,34546165.5289589,34.54124869369
USDC,2021-09-19,0.999977859879765,1.00065808374018,0.995182001206602,0.997843283428372,36630665.3519382,36640258.6144862,36.630665351938205
USDC,2021-09-20,0.997843283428372,1.00102796950013,0.997843283428372,1.00074724044436,99432148.0663757,99407843.9323917,99.4321480663757
USDC,2021-09-21,1.00074724044436,1.00095563496998,0.999650395939814,1.00068912788473,111766923.92195,111727228.868912,111.76692392195
USDC,2021-09-22,1.00068912788473,1.00108457909454,0.999519161275165,0.999711981839944,76114753.920508,76128644.7528896,76.114753920508
USDC,2021-09-23,0.999711981839944,1.00140538927113,0.999532884858857,1.00101610914533,87407875.0776059,87353212.932951,87.40787507760591
USDC,2021-09-24,1.00101610914533,1.00144015711254,0.998352067082616,1.00136444842065,72881356.9123236,72930698.2431542,72.8813569123236
USDC,2021-09-25,1.00136444842065,1.00147061826392,0.998138335528259,1.00046167669491,48685683.1341252,48659687.0825258,48.685683134125206
USDC,2021-09-26,1.00046167669491,1.00161760560665,1.00037087096892,1.00066318818839,77528313.4845868,77458275.5281122,77.5283134845868
USDC,2021-09-27,1.00066318818839,1.00142050075973,0.99953746311574,0.999608463491756,55411156.5976981,55381800.7820817,55.4111565976981
USDC,2021-09-28,0.999608463491756,1.00121354219588,0.999490306273692,0.999744016032784,48846503.9640142,48843420.5479643,48.846503964014204
USDC,2021-09-29,0.999744016032784,1.00062700640033,0.99948392971717,1.00025816438973,49913327.1547937,49908817.2751191,49.9133271547937
USDC,2021-09-30,1.00025816438973,1.00061510757246,0.999527213695512,0.99976482788221,48645317.6342708,48642896.6942911,48.6453176342708
USDC,2021-10-01,0.99976482788221,1.00119283372188,0.999372926356039,1.00060790069993,54469234.6013552,54466537.5361004,54.469234601355204
USDC,2021-10-02,1.00060790069993,1.00159551077186,0.999133511794548,0.999775090036371,34156454.3919058,34142225.013582,34.1564543919058
USDC,2021-10-03,0.999775090036371,1.00137636398568,0.999030193110252,1.00046223872716,38451923.6279788,38435555.1237598,38.4519236279788
USDC,2021-10-04,1.00046223872716,1.00194618428605,0.999138510775302,0.999940162388036,47809011.7378571,47792023.0106902,47.809011737857105
USDC,2021-10-05,0.999940162388036,1.00102704617188,0.999049265954106,1.00055993135761,54615402.889165,54620649.8216566,54.615402889165
USDC,2021-10-06,1.00055993135761,1.00106551743353,0.996138332175661,0.999737412799214,62369629.5924068,62382412.0184818,62.3696295924068
USDC,2021-10-07,0.999737412799214,1.00042194337838,0.999168958243458,0.999837813424126,72656462.9250146,72672227.8105486,72.6564629250146
USDC,2021-10-08,0.999837813424126,1.00068897206501,0.999418469158061,1.00004394367606,69395650.326699,69397693.6975214,69.395650326699
USDC,2021-10-09,1.00004394367606,1.0005289749153,0.994376916285251,0.999615523645479,44359980.5687188,44554531.7884116,44.3599805687188
USDC,2021-10-10,0.999615523645479,1.0014466545026,0.998505400479671,0.999919197125364,45603214.5602961,45610811.5880644,45.6032145602961
USDC,2021-10-11,0.999919197125364,1.00074687484777,0.998006627602539,0.999134900774511,44566402.6993139,44590698.4912126,44.566402699313905
USDC,2021-10-12,0.999134900774511,1.00076123476196,0.998719186096673,0.999689668737799,39836447.4283459,39845028.0677693,39.8364474283459
USDC,2021-10-13,0.999689668737799,1.00096806757624,0.998920068360296,0.999840205387254,56683200.5597815,56686488.0456178,56.6832005597815
USDC,2021-10-14,0.999840205387254,1.00072616608924,0.998976218700649,1.00001928970647,56037952.4017088,56047693.6155449,56.03795240170879
USDC,2021-10-15,1.00001928970647,1.00073114317348,0.999112259896214,1.00043381751064,72872951.5924097,72874000.4523113,72.8729515924097
USDC,2021-10-16,1.00043381751064,1.00066436253007,0.999320505740919,1.00055797086544,76033624.539827,76021204.3565785,76.033624539827
USDC,2021-10-17,1.00055797086544,1.00074033036241,0.99954351945715,1.00025406939496,47468330.9069456,47460996.3620448,47.4683309069456
USDC,2021-10-18,1.00025406939496,1.00084460745406,0.999561533187455,1.0002168095646,40789497.9589341,40782833.1440687,40.7894979589341
USDC,2021-10-19,1.0002168095646,1.00086398466372,0.995475280004494,0.99986974592327,79007227.7705245,78999434.5866822,79.00722777052451
USDC,2021-10-20,0.99986974592327,1.00082596188047,0.998965957473483,0.999676061636102,64351092.8552568,64396695.2441726,64.35109285525681
USDC,2021-10-21,0.999676061636102,1.00114717399562,0.998072517284143,0.999765970073417,60325937.4662922,60300313.245292,60.3259374662922
USDC,2021-10-22,0.999765970073417,1.00124935513163,0.995388262526295,0.999898665544865,49262755.3571936,49284199.3790467,49.2627553571936
USDC,2021-10-23,0.999898665544865,1.00102953769489,0.999279990000477,1.00019394350948,30234197.1165339,30234875.8363339,30.234197116533903
USDC,2021-10-24,1.00019394350948,1.00099009858512,0.999500183863903,0.999862792586428,31015879.9302531,31011166.7564255,31.0158799302531
USDC,2021-10-25,0.999862792586428,1.00120352649969,0.999361762288407,1.00005593117216,48504756.9523393,48497393.4217709,48.5047569523393
USDC,2021-10-26,1.00005593117216,1.00119469473576,0.999341370936687,0.999729215411613,71379485.9294881,71371127.7809941,71.3794859294881
USDC,2021-10-27,0.999729215411613,1.00152517935063,0.999378141525653,1.0006448583381,110546114.066388,110519839.683244,110.546114066388
USDC,2021-10-28,1.0006448583381,1.00143352954819,0.99734847020815,0.999692918267553,60388077.8588967,60387564.7705054,60.3880778588967
USDC,2021-10-29,0.999692918267553,1.00082427722146,0.999299700043438,1.00056950645143,56191359.9307809,56199882.8664659,56.191359930780905
USDC,2021-10-30,1.00056950645143,1.0007256703068,0.998992907996646,0.999236312566939,52940703.7947198,52946840.0450581,52.9407037947198
USDC,2021-10-31,0.999236312566939,1.00164011733303,0.998222564852125,1.00027358160405,40700274.4361394,40746807.514221,40.700274436139395
USDC,2021-11-01,1.00027358160405,1.00177523697344,0.995331755549764,1.00043146863604,50537081.9538491,50619672.1908993,50.537081953849096
USDC,2021-11-02,1.00043146863604,1.00203641314415,0.99934561305386,1.00122778382154,87095518.0883934,87073145.9793023,87.0955180883934
USDC,2021-11-03,1.00122778382154,1.0016816960954,0.999197678248223,0.999626376044693,64837684.7222007,64817021.3770776,64.8376847222007
USDC,2021-11-04,0.999626376044693,1.00197882016642,0.999029325790835,1.0002087362043,84771236.1677868,84747638.7960441,84.77123616778681
USDC,2021-11-05,1.0002087362043,1.0210210635097,0.995975939365759,1.00038934279788,64784678.527832,64759593.8387331,64.784678527832
USDC,2021-11-06,1.00038934279788,1.00186511856988,0.998585671333257,1.00062703344465,46016452.5640248,46013153.1667522,46.016452564024796
USDC,2021-11-07,1.00062703344465,1.00177958488889,0.998759433805879,1.00038619261645,53851241.6535482,53866655.1193049,53.8512416535482
USDC,2021-11-08,1.00038619261645,1.00181339538002,0.997688064430357,0.999310556453673,95330196.050863,95361752.0740894,95.330196050863
USDC,2021-11-09,0.999310556453673,1.00446427137414,0.995163225600306,1.00021151546004,91066642.5983841,91174467.1425633,91.06664259838409
USDC,2021-11-10,1.00021151546004,1.00309336207597,0.995872033196519,0.999744585320907,109303137.680129,109360913.43707,109.30313768012901
USDC,2021-11-11,0.999744585320907,1.00341023911004,0.995387517361864,1.00012101351545,71552108.2980818,71570098.3467405,71.5521082980818
USDC,2021-11-12,1.00012101351545,1.00127708061102,0.996378937695391,1.0005104241673,69582148.3162299,69624567.3716305,69.58214831622989
USDC,2021-11-13,1.0005104241673,1.00114831043064,0.998537974158915,1.00025632174165,48122351.6904122,48126085.3446057,48.1223516904122
USDC,2021-11-14,1.00025632174165,1.00085601627012,0.998844738948808,1.00012526015414,49243386.9950045,49257337.1624733,49.2433869950045
USDC,2021-11-15,1.00012526015414,1.00046836789659,0.999364210505586,0.999947552892026,137353344.111299,137344872.550985,137.353344111299
USDC,2021-11-16,0.999947552892026,1.0012098030103,0.999446883102237,1.00000494992523,204019927.234143,203987289.190031,204.01992723414298
USDC,2021-11-17,1.00000494992523,1.00112953197186,0.999558161962823,1.00075102424671,197466101.39529,197339514.174901,197.46610139529
USDC,2021-11-18,1.00075102424671,1.00117720734589,0.999619816587312,1.00060761792229,199135528.758786,198998314.734605,199.135528758786
USDC,2021-11-19,1.00060761792229,1.00103331895993,1.00017621507162,1.00055198846425,208428942.858171,208292915.918866,208.42894285817098
USDC,2021-11-20,1.00055198846425,1.00082623370522,1.00023049240225,1.00046219261429,106359373.109594,106298644.3938,106.359373109594
USDC,2021-11-21,1.00046219261429,1.00099603285641,1.00021621719228,1.00037567022538,108755304.729921,108690214.631078,108.755304729921
USDC,2021-11-22,1.00037567022538,1.000743211179,1.00012139657474,1.00058147629201,168491282.743433,168416323.229676,168.491282743433
USDC,2021-11-23,1.00058147629201,1.00059341693224,0.999396352875084,0.999830785948499,147927397.610298,147949749.53785,147.92739761029802
USDC,2021-11-24,0.999830785948499,1.00013321473418,0.999517484571348,0.999884181000671,152875908.384131,152903494.158875,152.875908384131
USDC,2021-11-25,0.999884181000671,1.00095847085019,0.999597653919872,1.00065506460585,190719427.994602,190663167.882414,190.719427994602
USDC,2021-11-26,1.00065506460585,1.00080209413928,0.999939661042229,1.0003003731162,167280782.521273,167208815.818151,167.28078252127298
USDC,2021-11-27,1.0003003731162,1.00106349548674,1.00017397905231,1.00061778926597,101322915.73927,101262844.939834,101.32291573927
USDC,2021-11-28,1.00061778926597,1.00094555773256,1.00021835621313,1.00074673250125,121007489.676035,120941723.705998,121.00748967603501
USDC,2021-11-29,1.00074673250125,1.00077038205569,1.00006589541239,1.0001485945945,120977177.868825,120928268.903667,120.97717786882501
USDC,2021-11-30,1.0001485945945,1.00064132367357,0.999949610171392,1.00038394899524,164615807.490567,164559449.730499,164.615807490567
USDC,2021-12-01,1.00038394899524,1.00057951257617,0.999906602380693,1.00023184034505,156201926.176522,156159979.660211,156.201926176522
USDC,2021-12-02,1.00023184034505,1.00069966144355,0.999959846464296,1.00009581241747,133025660.621065,132977066.141424,133.02566062106501
USDC,2021-12-03,1.00009581241747,1.00097199372529,0.99900639848702,1.00050956490168,171100237.754084,171097867.351226,171.100237754084
USDC,2021-12-04,1.00050956490168,1.00534460574901,0.999284269742675,1.00039270711131,320982725.560242,320780874.127165,320.982725560242
USDC,2021-12-05,1.00039270711131,1.00100046313665,0.999321573111554,1.00004366184186,119189720.995652,119183365.199352,119.18972099565201
USDC,2021-12-06,1.00004366184186,1.00063603654446,0.99772373776523,1.00005818816979,197987646.272505,198013821.861308,197.98764627250497
USDC,2021-12-07,1.00005818816979,1.00044844450974,0.999584617386324,1.00010283040611,153617214.015128,153613691.662173,153.61721401512798
USDC,2021-12-08,1.00010283040611,1.00035482064331,0.999902419192271,1.00025288277072,118195014.881314,118178555.445243,118.195014881314
USDC,2021-12-09,1.00025288277072,1.00057142769732,0.999762219886298,1.00057142769732,178830065.807273,178808304.616676,178.830065807273
USDC,2021-12-10,1.00057142769732,1.00090423197333,0.999324548430419,0.999674708725641,148975001.034241,148951333.061674,148.975001034241
USDC,2021-12-11,0.999674708725641,1.00080754780112,0.999455100527224,1.00045045095461,85043085.2374974,85006758.5968357,85.04308523749741
USDC,2021-12-12,1.00045045095461,1.00082634422221,1.00043986336482,1.00058197448245,95550288.962364,95489247.4288399,95.55028896236401
USDC,2021-12-13,1.00058197448245,1.00081854977291,1.00043476330518,1.00075345186385,173384699.080312,173278410.613579,173.384699080312
USDC,2021-12-14,1.00075345186385,1.00080766887032,0.999314716268379,0.999659192390712,152051535.376744,152032102.905657,152.051535376744
USDC,2021-12-15,0.999659192390712,1.0008638343971,0.999552512009149,1.00007659654805,151000984.66434,151005626.382605,151.00098466434
USDC,2021-12-16,1.00007659654805,1.00086264412548,0.99934279985268,0.99962743742942,128496814.936461,128534841.731244,128.496814936461
USDC,2021-12-17,0.99962743742942,1.00001593120233,0.998801531581869,0.999827729787749,152005576.163253,152096225.285955,152.005576163253
USDC,2021-12-18,0.999827729787749,1.00094153756635,0.999521003916507,0.999988069922981,98107226.8394017,98119458.069106,98.1072268394017
USDC,2021-12-19,0.999988069922981,1.00088448178655,0.999553821992174,0.999810012973072,80898566.3111672,80910654.1682243,80.8985663111672
USDC,2021-12-20,0.999810012973072,1.00082381439372,0.999529677241323,0.999629707972804,101300395.476224,101323211.999039,101.30039547622401
USDC,2021-12-21,0.999629707972804,0.999910444957933,0.99945738298472,0.999704161027329,115341244.302797,115383338.982777,115.34124430279701
USDC,2021-12-22,0.999704161027329,0.999845788726489,0.999251773193054,0.99956158724711,122248195.141934,122303539.15468,122.248195141934
USDC,2021-12-23,0.99956158724711,0.999875273459558,0.999280338030777,0.999504346306735,119435305.516973,119486716.973169,119.435305516973
USDC,2021-12-24,0.999504346306735,1.00066181385145,0.999436692474792,0.99956264197789,105988297.189652,106139518.315369,105.988297189652
USDC,2021-12-25,0.99956264197789,1.00263621937074,0.996357917559165,0.999633180820564,65361692.3554057,65353966.0085988,65.36169235540571
USDC,2021-12-26,0.999633180820564,1.00322709595783,0.994722576445783,0.99808508019936,75363843.041055,75426010.318363,75.36384304105499
USDC,2021-12-27,0.99808508019936,1.0007882194456,0.99725067220562,0.99945944286446,67776128.7781133,67843503.1366838,67.7761287781133
USDC,2021-12-28,0.99945944286446,1.00016705428955,0.999279453978749,0.999757518254805,116896595.804534,116938893.753894,116.896595804534
USDC,2021-12-29,0.999757518254805,1.00003877733977,0.999329016117495,0.999792542044412,145028800.811875,145063017.954678,145.028800811875
USDC,2021-12-30,0.999792542044412,1.00012815587006,0.999113486101683,0.999465784937505,88269447.5517678,88285537.30393,88.2694475517678
USDC,2021-12-31,0.999465784937505,1.00008784219853,0.988568056488742,0.999432750869213,81140187.2430738,81252978.675811,81.14018724307381
USDC,2022-01-01,0.999432750869213,1.00014186324042,0.991977835482239,0.995363489440256,55401528.1804891,55430046.47796,55.4015281804891
USDC,2022-01-02,0.995363489440256,0.999876931918833,0.993754227810807,0.999166642802388,63792916.4294577,63847926.3620122,63.792916429457705
USDC,2022-01-03,0.999166642802388,0.999925450686892,0.998547586976451,0.999347401158369,69658842.8237856,69683381.9800613,69.6588428237856
USDC,2022-01-04,0.999347401158369,1.00044619730806,0.999070572027739,0.999759073880248,124150617.258234,124148809.574601,124.15061725823399
USDC,2022-01-05,0.999759073880248,1.00027228866556,0.999225263048645,1.00022601908004,120344625.216611,120370960.888844,120.34462521661099
USDC,2022-01-06,1.00022601908004,1.00028170156629,0.999402579376875,1.0000112830436,175653525.05711,175672221.994857,175.65352505711002
USDC,2022-01-07,1.0000112830436,1.00139616276022,0.999540339294049,0.999966551970672,157214827.898619,157227989.985053,157.214827898619
USDC,2022-01-08,0.999966551970672,1.00027930323257,0.999760808024846,1.00009993730588,121807818.282401,121818212.934423,121.807818282401
USDC,2022-01-09,1.00009993730588,1.00028464299643,0.999425531648996,1.00023155553331,60795535.7044541,60792582.3209985,60.7955357044541
USDC,2022-01-10,1.00023155553331,1.00839438698193,0.998319959154996,1.00004246924011,118607743.712213,118589419.58963,118.607743712213
USDC,2022-01-11,1.00004246924011,1.00026616851074,0.999732464496633,1.00003480922921,157054428.299262,157049174.370722,157.05442829926199
USDC,2022-01-12,1.00003480922921,1.00010663294698,0.999384868375453,0.999917504318271,105197509.850075,105209891.438066,105.19750985007501
USDC,2022-01-13,0.999917504318271,1.00002019548837,0.999312606117281,0.999728770212123,87492680.1132842,87517137.8930454,87.4926801132842
USDC,2022-01-14,0.999728770212123,1.00003979193871,0.999424731061526,0.999775773355386,71360007.2845839,71374533.2192656,71.3600072845839
USDC,2022-01-15,0.999775773355386,1.00004169458751,0.999283945686627,0.999589391642314,86087594.8760832,86126146.1657609,86.0875948760832
USDC,2022-01-16,0.999589391642314,1.00067371054667,0.999201570864628,0.999677324332447,66176597.7101342,66193161.8666588,66.1765977101342
USDC,2022-01-17,0.999677324332447,0.999962189450621,0.99931382566346,0.99987591411588,92079484.3800227,92098323.5060482,92.0794843800227
USDC,2022-01-18,0.99987591411588,1.00003100827534,0.999599433415716,0.999821946177891,128851270.848754,128870219.625477,128.851270848754
USDC,2022-01-19,0.999821946177891,1.00003819103474,0.999680825253334,0.999757265368477,127918755.682835,127918937.134832,127.918755682835
USDC,2022-01-20,0.999757265368477,1.00010219658168,0.999493084319452,0.999818000105276,139175465.898128,139196732.07509,139.175465898128
USDC,2022-01-21,0.999818000105276,1.0002085743874,0.999634867420846,0.99986355306327,393560743.169804,393629150.092378,393.56074316980397
USDC,2022-01-22,0.99986355306327,1.00029434488886,0.958074347422592,1.00025991104958,434357771.165967,434348986.498749,434.357771165967
USDC,2022-01-23,1.00025991104958,1.00109092940989,0.999688405842188,0.999952058762705,210355342.191057,210340171.975968,210.355342191057
USDC,2022-01-24,0.999952058762705,1.00108966066813,0.999528413613633,0.999988022873462,385626359.251745,385523610.707115,385.626359251745
USDC,2022-01-25,0.999988022873462,1.00088683006256,0.999681976627835,1.00079715069022,158517868.83761,158484706.286505,158.51786883761
USDC,2022-01-26,1.00079715069022,1.00088926351905,0.999699305443318,1.00058874169677,290948486.217828,290736947.864086,290.94848621782796
USDC,2022-01-27,1.00058874169677,1.00086983392054,0.999679883290211,1.00005020924476,207872372.614033,207797520.867406,207.87237261403303
USDC,2022-01-28,1.00005020924476,1.00017036126098,0.999605168458979,0.999887645384292,220336378.145218,220346307.755901,220.33637814521802
USDC,2022-01-29,0.999887645384292,1.00098819131461,0.999658363185076,0.999719202761509,142977261.372673,142983523.397371,142.977261372673
USDC,2022-01-30,0.999719202761509,0.999958522412025,0.999036758978116,0.999828733547554,106604652.331675,106634192.101203,106.604652331675
USDC,2022-01-31,0.999828733547554,1.00077465730084,0.999399993584585,1.00050739069626,190184905.581513,190231377.198321,190.184905581513
USDC,2022-02-01,1.00050739069626,1.00085963452225,0.999347177183245,1.00068886789174,135866957.713527,135791514.882345,135.866957713527
USDC,2022-02-02,1.00068886789174,1.00084252483014,0.999315353601311,1.00076822900475,121072740.923748,121019405.633608,121.072740923748
USDC,2022-02-03,1.00076822900475,1.00088806859955,0.999393650696428,1.00031311782459,114463364.109392,114454081.531203,114.463364109392
USDC,2022-02-04,1.00031311782459,1.00085044554804,0.999613216711099,1.00063404745684,158596183.21945,158531718.718872,158.59618321944998
USDC,2022-02-05,1.00063404745684,1.00074080076058,0.999718402971797,1.00039108852642,121442151.865515,121386048.823241,121.44215186551499
USDC,2022-02-06,1.00039108852642,1.00103205363624,0.99966489411752,1.00036243959671,79482992.8258327,79427753.2405763,79.4829928258327
USDC,2022-02-07,1.00036243959671,1.00068736886045,0.999882774000902,1.00043805022824,133947963.897894,133900283.971016,133.947963897894
USDC,2022-02-08,1.00043805022824,1.00058230792209,0.999986928838302,1.00026060944701,122956405.232127,122949703.891443,122.956405232127
USDC,2022-02-09,1.00026060944701,1.00038012823756,0.999756299399572,1.0002010147474,113759177.778889,113747683.14948,113.759177778889
USDC,2022-02-10,1.0002010147474,1.00042751061782,0.999908261298777,1.00025526393374,115098475.384296,115082903.126352,115.098475384296
USDC,2022-02-11,1.00025526393374,1.00051308137661,0.999743912098726,1.00041400418692,134419877.08624,134398899.672424,134.41987708624
USDC,2022-02-12,1.00041400418692,1.0006654893649,0.99637356343408,1.00058161838362,91941163.1387284,91903718.5800156,91.9411631387284
USDC,2022-02-13,1.00058161838362,1.00072417250154,0.992337884417017,1.00049271320955,70283715.5230316,70260918.1896447,70.2837155230316
USDC,2022-02-14,1.00049271320955,1.00081172494283,0.995830146111028,0.999734478998544,89421169.0240067,89395263.3930347,89.4211690240067
USDC,2022-02-15,0.999734478998544,1.00068576451126,0.998824274767666,1.00041267684161,119934919.438711,119913527.816174,119.934919438711
USDC,2022-02-16,1.00041267684161,1.00083564750274,1.00020434734005,1.00034608002186,152334480.616662,152271060.406158,152.334480616662
USDC,2022-02-17,1.00034608002186,1.00052294804215,0.999556649912023,1.00032241197101,139286217.746637,139232859.601755,139.286217746637
USDC,2022-02-18,1.00032241197101,1.00051810178506,0.999880816566436,1.00043859832689,148640128.988948,148586454.672928,148.640128988948
USDC,2022-02-19,1.00043859832689,1.00054644894638,0.995566162115489,0.999418716225383,81856050.4138318,81836850.6967587,81.8560504138318
USDC,2022-02-20,0.999418716225383,1.00074269217822,0.996429356956323,1.00066606979176,112090225.371229,112052038.845894,112.090225371229
USDC,2022-02-21,1.00066606979176,1.00090907195605,0.996999460916163,1.00046517153717,146791139.882248,146733016.0983,146.79113988224802
USDC,2022-02-22,1.00046517153717,1.00062805354443,0.999441515737406,1.00056145478924,150354350.405004,150278123.506292,150.354350405004
USDC,2022-02-23,1.00056145478924,1.00060006188521,1.00033122043976,1.00049242507803,127567881.389638,127514027.484594,127.567881389638
USDC,2022-02-24,1.00049242507803,1.00076170736707,0.997697352501683,1.00044000032922,401874003.575381,401651705.278377,401.874003575381
USDC,2022-02-25,1.00044000032922,1.00086968502697,0.999755389178172,1.00065640009225,277661752.388942,277491750.905229,277.661752388942
USDC,2022-02-26,1.00065640009225,1.00070651257507,0.999526701416233,1.00044891669034,104313260.75583,104274438.037124,104.31326075583
USDC,2022-02-27,1.00044891669034,1.00067642705369,0.999233097965041,0.999947563832616,116279350.927968,116295489.984552,116.279350927968
USDC,2022-02-28,0.999947563832616,1.00067579897797,0.998027412347665,0.999683501913022,161505850.950505,161543004.118406,161.505850950505
USDC,2022-03-01,0.999683501913022,1.00067915147498,0.999255376128623,0.999694348001458,228102118.915117,228207262.840777,228.102118915117
USDC,2022-03-02,0.999694348001458,0.999841749137317,0.998947827198102,0.999639635683345,193644592.763293,193709727.473045,193.644592763293
USDC,2022-03-03,0.999639635683345,0.999992691641353,0.999491063010282,0.99995729639678,160115335.044698,160156349.303177,160.115335044698
USDC,2022-03-04,0.99995729639678,1.00002218752527,0.999265346721798,0.999842738147644,168502900.206928,168545402.921217,168.50290020692802
USDC,2022-03-05,0.999842738147644,1.00055393378394,0.999342483586712,0.999952211612084,68403910.5051537,68460016.8574143,68.4039105051537
USDC,2022-03-06,0.999952211612084,1.0006634319945,0.999432008718235,0.999722731469383,80994075.5829496,81041688.2683208,80.99407558294959
USDC,2022-03-07,0.999722731469383,0.999988163935327,0.999503223910908,0.999791951501285,132946554.999938,132966564.344189,132.946554999938
USDC,2022-03-08,0.999791951501285,1.00010178076141,0.999213969565703,0.999905222176565,145245597.521989,145276304.81115,145.245597521989
USDC,2022-03-09,0.999905222176565,1.00016723340544,0.999039674095675,0.999936565390772,127611900.967787,127636919.457882,127.611900967787
USDC,2022-03-10,0.999936565390772,1.00088701817582,0.998881541642373,0.999690273848758,114158707.336967,114132633.871417,114.15870733696701
USDC,2022-03-11,0.999690273848758,1.00075900895164,0.998872879354563,0.999859854376011,155266421.721937,155307562.61551,155.266421721937
USDC,2022-03-12,0.999859854376011,1.00023441013599,0.999329449304384,1.00001476470561,121148764.665282,121139165.578331,121.148764665282
USDC,2022-03-13,1.00001476470561,1.00020840929268,0.999716473949787,0.999892365641621,129535076.59718,129544937.493547,129.53507659718
USDC,2022-03-14,0.999892365641621,0.99999050843773,0.998709525124319,0.999888899728607,116962276.854455,116983474.970452,116.962276854455
USDC,2022-03-15,0.999888899728607,1.00090248300418,0.998341887396597,0.999773207119163,119833406.166535,119850453.593012,119.833406166535
USDC,2022-03-16,0.999773207119163,0.999945175579969,0.998726936987004,0.999810024086241,147426288.207478,147461092.261107,147.426288207478
USDC,2022-03-17,0.999810024086241,1.00075570747926,0.998786548682271,1.00057900311856,148706443.863743,148770744.150693,148.706443863743
USDC,2022-03-18,1.00057900311856,1.00082509858219,0.999063374783681,0.999628867308265,198134430.359358,198086184.713867,198.13443035935802
USDC,2022-03-19,0.999628867308265,1.00044531387696,0.998576338452418,0.999518206158869,108205239.259331,108261579.685824,108.20523925933101
USDC,2022-03-20,0.999518206158869,1.00052044984868,0.998278968039971,0.99943469020967,98425768.0216992,98468840.1770485,98.4257680216992
USDC,2022-03-21,0.99943469020967,1.0007125043083,0.998293893931746,0.999477701397424,155426861.596593,155506208.406605,155.426861596593
USDC,2022-03-22,0.999477701397424,0.999627479932567,0.998359420348376,0.999581008184365,189454785.889708,189572218.273395,189.454785889708
USDC,2022-03-23,0.999581008184365,0.999788811869472,0.998747760522767,0.999667972581876,163904996.096132,163977420.357284,163.904996096132
USDC,2022-03-24,0.999667972581876,0.999765181027306,0.998832774687845,0.99926793366655,394478240.326656,394697797.949258,394.47824032665596
USDC,2022-03-25,0.99926793366655,1.00055853933716,0.999109580105023,0.999256060095824,236583905.560422,236674373.400208,236.583905560422
USDC,2022-03-26,0.999256060095824,1.00055462409256,0.998881001659896,0.998970379464781,87529459.5668517,87573156.2712438,87.5294595668517
USDC,2022-03-27,0.998970379464781,1.00052669467106,0.998868155305474,0.9995686130858,106905525.426743,106952776.773519,106.905525426743
USDC,2022-03-28,0.9995686130858,0.999819865631663,0.999078745467483,0.999625914449032,224464509.22093,224560429.536065,224.46450922093
USDC,2022-03-29,0.999625914449032,1.0004800121736,0.999057612344092,0.999573424941656,211863811.217803,211977470.353472,211.863811217803
USDC,2022-03-30,0.999573424941656,0.999712673695265,0.999436331162019,0.999526823245613,187247789.226109,187329780.644688,187.247789226109
USDC,2022-03-31,0.999526823245613,0.999769675283835,0.999474787592821,0.999721512762898,184040240.92908,184109700.591197,184.04024092908
USDC,2022-04-01,0.999721512762898,1.00045009126607,0.999371740141865,0.999620838344192,190712901.604035,190790709.648199,190.71290160403498
USDC,2022-04-02,0.999620838344192,0.999838268055966,0.999470924359856,0.999648189557239,104508920.748026,104540696.137199,104.508920748026
USDC,2022-04-03,0.999648189557239,0.99985891480637,0.999599723656403,0.999816323122345,97544282.8767226,97571132.7094708,97.5442828767226
USDC,2022-04-04,0.999816323122345,1.00007443663558,0.99964776558698,0.999955848130701,127548478.25159,127582063.117978,127.54847825159
USDC,2022-04-05,0.999955848130701,1.00008134821498,0.999671321477447,0.999898119484557,103695663.913205,103710547.418299,103.695663913205
USDC,2022-04-06,0.999898119484557,0.9999677041802,0.999539732592128,0.99986985653061,163416224.379624,163460991.183373,163.416224379624
USDC,2022-04-07,0.99986985653061,0.999981130648642,0.999661276192643,0.999805888339433,109837676.812844,109857524.56241,109.837676812844
USDC,2022-04-08,0.999805888339433,0.999955587043804,0.999477104422146,0.999676565900757,150674551.946201,150721449.272525,150.674551946201
USDC,2022-04-09,0.999676565900757,0.999830024542392,0.999150028277578,0.999665503983422,75185223.8657331,75209790.1680334,75.18522386573311
USDC,2022-04-10,0.999665503983422,0.999888899645231,0.999239643114344,0.999789553567085,67662825.0388645,67704144.6581388,67.6628250388645
USDC,2022-04-11,0.999789553567085,0.999927246012192,0.999506406914952,0.999781094663912,186249256.916448,186302324.411407,186.249256916448
USDC,2022-04-12,0.999781094663912,1.00040042338661,0.999658060975406,0.999979918212401,210282392.126934,210241201.348363,210.28239212693398
USDC,2022-04-13,0.999979918212401,1.00007490479742,0.999726564203583,0.999791451383986,140109071.46113,140129935.006074,140.10907146113
USDC,2022-04-14,0.999791451383986,1.00008411875085,0.999635212030896,0.999866886545304,125930824.120481,125952809.268494,125.930824120481
USDC,2022-04-15,0.999866886545304,0.999953434348246,0.999704589712337,0.999878425375366,167056632.149047,167080963.006707,167.05663214904698
USDC,2022-04-16,0.999878425375366,1.00023543084931,0.999568330978824,1.00008512927567,93037573.396418,93069057.890286,93.03757339641801
USDC,2022-04-17,1.00008512927567,1.0001896148675,0.999503423521725,0.999639679771465,127602371.928928,127625343.657061,127.60237192892801
USDC,2022-04-18,0.999639679771465,0.999988410842465,0.999458486055508,0.999923621311247,167968223.725113,168012982.190312,167.968223725113
USDC,2022-04-19,0.999923621311247,1.00002155307754,0.999402075545435,0.999851601051413,235706698.423803,235760294.977902,235.706698423803
USDC,2022-04-20,0.999851601051413,1.0065127871508,0.999566588239408,0.999842326654102,213046285.337976,213072288.897049,213.046285337976
USDC,2022-04-21,0.999842326654102,1.00002817432726,0.999628849862007,0.999823348064802,225217405.187841,225257720.3254,225.217405187841
USDC,2022-04-22,0.999823348064802,1.0000784488619,0.999564373722076,0.999916314600441,136978289.322697,137022249.702108,136.978289322697
USDC,2022-04-23,0.999916314600441,1.00047162062849,0.999705527873686,0.999793148592453,85831704.305357,85845462.2393999,85.831704305357
USDC,2022-04-24,0.999793148592453,1.00083306161633,0.999627637332322,0.999939079811339,97576276.7959879,97591970.1882456,97.57627679598791
USDC,2022-04-25,0.999939079811339,1.00049996958583,0.999723612313704,0.999845686114284,210492545.114052,210514832.337106,210.492545114052
USDC,2022-04-26,0.999845686114284,1.00004344996649,0.999770332356391,0.999967308703707,189463692.684464,189487578.703859,189.463692684464
USDC,2022-04-27,0.999967308703707,1.00005809280431,0.999605270801435,0.999893895663985,167362430.923646,167380770.598722,167.362430923646
USDC,2022-04-28,0.999893895663985,1.00008408347677,0.999755566285128,0.999922473309083,167109520.126856,167129446.136367,167.109520126856
USDC,2022-04-29,0.999922473309083,1.0001308705085,0.999768747934684,1.0000646742269,205696930.780241,205704255.684381,205.69693078024102
USDC,2022-04-30,1.0000646742269,1.0002654241321,0.999850974080112,0.999966879344248,193168574.992564,193163853.594907,193.168574992564
USDC,2022-05-01,0.999966879344248,1.00011211489557,0.999720301840395,1.00008377533821,187795404.248787,187800878.419808,187.79540424878698
USDC,2022-05-02,1.00008377533821,1.00021367675063,0.999917004643607,1.00009033409609,156218591.272783,156211417.547043,156.21859127278302
USDC,2022-05-03,1.00009033409609,1.00233701225372,0.99990640607914,1.00008879186303,161430089.931728,161414822.689397,161.430089931728
USDC,2022-05-04,1.00008879186303,1.00019204855318,0.999807905661945,0.99994305926938,149336701.829643,149371811.243659,149.336701829643
USDC,2022-05-05,0.99994305926938,1.00010188393706,0.99943054133772,0.999962091721192,430168353.594728,430203641.084831,430.168353594728
USDC,2022-05-06,0.999962091721192,1.00023211141618,0.999753751611537,1.00001062393721,499152760.145242,499156609.590885,499.152760145242
USDC,2022-05-07,1.00001062393721,1.00028615275996,0.999909121493448,1.00019220669656,292240837.884783,292206413.002658,292.24083788478305
USDC,2022-05-08,1.00019220669656,1.00033710283362,0.999862734172834,1.00012148689761,584576244.240453,584501511.832183,584.576244240453
USDC,2022-05-09,1.00012148689761,1.00046491671673,0.999780997678475,1.00015160627815,1144123865.72276,1144003327.15014,1144.12386572276
USDC,2022-05-10,1.00015160627815,1.00054163573898,0.999681238168708,1.00029346942387,1061474485.56307,1061250250.68497,1061.47448556307
USDC,2022-05-11,1.00029346942387,1.01695677565371,0.998192507182359,1.00167706315628,3137681878.37772,3132059828.15984,3137.68187837772
USDC,2022-05-12,1.00167706315628,1.04893073037674,0.986669603813283,1.00026786432656,4262989571.70795,4237036056.00488,4262.98957170795
USDC,2022-05-13,1.00026786432656,1.00065663177254,0.994660455686168,1.00029819433287,1226146726.07173,1225647458.19949,1226.14672607173
USDC,2022-05-14,1.00029819433287,1.00143796439838,0.998531761794358,1.00021221701892,921201795.098572,920886036.12475,921.201795098572
USDC,2022-05-15,1.00021221701892,1.00156072826894,0.996734909738959,1.00014700847293,481699528.360784,481537205.088893,481.699528360784
USDC,2022-05-16,1.00014700847293,1.00040154117868,0.999841824093847,1.00014175493268,660875371.282368,660777480.596821,660.875371282368
USDC,2022-05-17,1.00014175493268,1.00043717992271,0.999993326420652,1.00016363097995,566901192.594993,566756053.830337,566.901192594993
USDC,2022-05-18,1.00016363097995,1.00049786293106,0.999954483311565,1.00020228048362,669795421.744709,669627166.962673,669.795421744709
USDC,2022-05-19,1.00020228048362,1.00173400577648,0.999946697499152,1.00024143555628,960002914.897406,959783436.659383,960.002914897406
USDC,2022-05-20,1.00024143555628,1.00182828901843,0.999947293116995,1.00015871136644,734602486.494312,734344347.072625,734.6024864943121
USDC,2022-05-21,1.00015871136644,1.0024395709368,0.999966846436746,1.00021826574713,339533160.867922,339470575.468588,339.533160867922
USDC,2022-05-22,1.00021826574713,1.00284513953559,0.999951604383663,1.00014800455176,384215682.096138,384107962.37273,384.215682096138
USDC,2022-05-23,1.00014800455176,1.00093668743408,0.999930183973237,1.00010405803377,640280132.820826,640200695.417214,640.280132820826
USDC,2022-05-24,1.00010405803377,1.00040359186469,0.999852581975096,1.00002170671399,412329682.212781,412278189.877394,412.329682212781
USDC,2022-05-25,1.00002170671399,1.00192969761849,0.999834556647504,1.00007630814805,394747128.903714,394694239.076186,394.747128903714
USDC,2022-05-26,1.00007630814805,1.00267139984863,0.999898411119071,1.00031530404503,744979558.869905,744584784.971424,744.979558869905
USDC,2022-05-27,1.00031530404503,1.00162134476899,0.997816106114208,1.00024568831496,553857939.626935,553783130.6815,553.857939626935
USDC,2022-05-28,1.00024568831496,1.0005329200508,0.999608712539483,1.00048773046923,359766933.868462,359678077.568834,359.76693386846205
USDC,2022-05-29,1.00048773046923,1.00115216078166,0.9994400968251,1.00039569075902,265145884.914858,265018434.004887,265.145884914858
USDC,2022-05-30,1.00039569075902,1.00071711983858,0.999217395819802,1.00013128754346,619425680.043436,619292035.661074,619.425680043436
USDC,2022-05-31,1.00013128754346,1.00293228232362,0.997294647495602,0.999083776577743,529269508.55807,529573929.640195,529.26950855807
USDC,2022-06-01,0.999083776577743,1.0019537363287,0.998473485338358,1.00047175992066,578923501.553826,579058288.113741,578.923501553826
USDC,2022-06-02,1.00047175992066,1.00109121907582,0.99943842613058,1.00027631242811,381267286.432786,381169582.764337,381.26728643278597
USDC,2022-06-03,1.00027631242811,1.00097442129601,0.999941854760641,1.00024998973146,353803826.903645,353736708.641867,353.80382690364496
USDC,2022-06-04,1.00024998973146,1.00083973273114,0.999985507350177,1.00035122362288,226560317.948496,226492222.634535,226.56031794849602
USDC,2022-06-05,1.00035122362288,1.00103507307628,1.00013535533137,1.0003261342492,240053813.821771,239960168.243659,240.053813821771
USDC,2022-06-06,1.0003261342492,1.00055721047809,0.999001532538611,1.00010326410378,372019658.67699,371949187.728466,372.01965867699
USDC,2022-06-07,1.00010326410378,1.00144844855341,0.999408435040924,1.00010913093257,629806483.307667,629740144.25502,629.806483307667
USDC,2022-06-08,1.00010913093257,1.00056073157289,0.999578216502594,1.00011593052147,433535280.659828,433432850.109098,433.535280659828
USDC,2022-06-09,1.00011593052147,1.00054281836913,0.998922309431491,1.00015840591948,319385946.810167,319345409.294573,319.385946810167
USDC,2022-06-10,1.00015840591948,1.00121783994426,0.999646084503436,1.00019321474311,392680379.221741,392574676.254996,392.680379221741
USDC,2022-06-11,1.00019321474311,1.00086536785208,0.999826875261584,1.00057321676707,427189328.318963,427074623.717206,427.18932831896296
USDC,2022-06-12,1.00057321676707,1.00117183554358,1.00045508069197,1.00070725954014,641401650.707149,640958007.260517,641.401650707149
USDC,2022-06-13,1.00070725954014,1.00138174384036,1.00020872824508,1.00043077748934,2084497081.20891,2082845175.61558,2084.49708120891
USDC,2022-06-14,1.00043077748934,1.00050936682813,0.999909011522553,1.00024765275003,1116725009.46403,1116488051.15091,1116.72500946403
USDC,2022-06-15,1.00024765275003,1.00057505562476,0.999941829587296,1.00030141189672,1660536509.54482,1660057223.2339,1660.53650954482
USDC,2022-06-16,1.00030141189672,1.00051139693891,1.00005583079979,1.00024262422938,796994390.698286,796725130.0218,796.9943906982861
USDC,2022-06-17,1.00024262422938,1.00040531711689,0.994264347444275,0.999930867839828,809177373.157063,809007546.195897,809.177373157063
USDC,2022-06-18,0.999930867839828,1.00051387188943,0.99942677687576,1.00040018717439,1007221128.41001,1007105127.97619,1007.22112841001
USDC,2022-06-19,1.00040018717439,1.00085004203286,0.997430955846621,1.00019452281862,691174654.830488,691008256.536619,691.174654830488
USDC,2022-06-20,1.00019452281862,1.00069423302118,0.996818203548547,1.00005580894543,664733474.605934,664599678.571982,664.733474605934
USDC,2022-06-21,1.00005580894543,1.00037607732829,0.999826421496342,1.00023390520647,630238478.45644,630146399.741809,630.23847845644
USDC,2022-06-22,1.00023390520647,1.00027207719103,0.999604764218384,0.99998769919113,424271913.120102,424266473.790062,424.271913120102
USDC,2022-06-23,0.99998769919113,1.00025510903035,0.999677277215982,0.999915577436739,540086515.671004,540118349.908195,540.086515671004
USDC,2022-06-24,0.999915577436739,1.00019661947174,0.998642361672471,1.00009514232672,744957333.994363,745027510.953466,744.9573339943629
USDC,2022-06-25,1.00009514232672,1.00020627699989,0.999396177435288,1.00006604658009,294948908.238101,294976105.481551,294.948908238101
USDC,2022-06-26,1.00006604658009,1.00047154905696,0.999394211071423,1.00030044824018,285762554.14216,285689972.117677,285.76255414216
USDC,2022-06-27,1.00030044824018,1.0005036386609,0.999871416312793,1.00013926628521,710546374.649753,710402544.957838,710.5463746497529
USDC,2022-06-28,1.00013926628521,1.00081126138949,1.00002191923885,1.0002029890455,722801245.43071,722600608.011254,722.80124543071
USDC,2022-06-29,1.0002029890455,1.0007854903816,0.999965551943773,1.00011288688817,774438011.663132,774286489.308358,774.438011663132
USDC,2022-06-30,1.00011288688817,1.00035281698697,0.999944944802438,1.00022849730852,633283668.882826,633207491.596426,633.283668882826
USDC,2022-07-01,1.00022849730852,1.00039049716132,0.999929162432133,1.0002612863195,481293923.912464,481228736.070689,481.29392391246404
USDC,2022-07-02,1.0002612863195,1.00064045415079,0.998599574599383,1.00028232985815,325745030.882976,325657796.678082,325.745030882976
USDC,2022-07-03,1.00028232985815,1.0010752451371,0.99952512536431,1.00014146972975,234947943.734675,234910175.828342,234.947943734675
USDC,2022-07-04,1.00014146972975,1.00029115946635,0.998714712776406,0.999966164841841,471630141.869854,471686826.433119,471.63014186985396
USDC,2022-07-05,0.999966164841841,1.00027812478231,0.999740602186702,1.0000914929191,479700869.811301,479703412.365179,479.700869811301
USDC,2022-07-06,1.0000914929191,1.0002926399688,0.997020933008327,1.00007768124664,399601158.485403,399571743.315346,399.601158485403
USDC,2022-07-07,1.00007768124664,1.00061898897137,0.999524844796995,1.0000115055793,432734978.085764,432730250.054021,432.734978085764
USDC,2022-07-08,1.0000115055793,1.00018342542113,0.998797288502505,0.999724374125939,443129686.711189,443228367.832816,443.129686711189
USDC,2022-07-09,0.999724374125939,1.00061673591374,0.99965807967615,1.00057101924962,200753752.746202,200732682.855678,200.753752746202
USDC,2022-07-10,1.00057101924962,1.0006645696428,0.999569505164055,1.00017056178316,341173917.328364,341131860.775251,341.17391732836404
USDC,2022-07-11,1.00017056178316,1.00040102723834,0.999800024043063,1.00001283025889,515533068.901181,515443339.790168,515.533068901181
USDC,2022-07-12,1.00001283025889,1.00025697254897,0.999711967243304,0.999940040427448,453907878.824655,453956853.108177,453.907878824655
USDC,2022-07-13,0.999940040427448,1.00058063253288,0.996691326179859,1.00020116345514,392081636.526301,392023406.928906,392.08163652630105
USDC,2022-07-14,1.00020116345514,1.00031751000951,0.999560782724771,1.0001498294734,473861385.901557,473827247.307244,473.861385901557
USDC,2022-07-15,1.0001498294734,1.00026267606704,0.999822623554718,1.00013887067629,456385924.935364,456390834.080705,456.385924935364
USDC,2022-07-16,1.00013887067629,1.00027421095356,0.999714438524147,0.999967665338677,449766528.647713,449741978.377357,449.766528647713
USDC,2022-07-17,0.999967665338677,1.00038147190976,0.999878725500171,1.00009114842272,753185848.860986,753080006.891972,753.185848860986
USDC,2022-07-18,1.00009114842272,1.00110558225605,0.999784230541821,1.00007187455452,1415555670.10217,1415468224.39073,1415.55567010217
USDC,2022-07-19,1.00007187455452,1.00028846587846,0.999801899581421,0.999922474601479,929258974.095776,929226381.121346,929.258974095776
USDC,2022-07-20,0.999922474601479,1.00006189780485,0.999833235313382,1.00001678595467,672204858.24943,672227391.467303,672.2048582494299
USDC,2022-07-21,1.00001678595467,1.00012955058084,0.999557572058315,0.999929729131436,576877596.216367,576869253.178659,576.877596216367
USDC,2022-07-22,0.999929729131436,1.00006758687075,0.997990594032428,0.999967793322721,473736401.655324,473758662.374953,473.73640165532396
USDC,2022-07-23,0.999967793322721,1.00010169395881,0.999472787006395,1.00000752415239,307231827.054952,307242631.346712,307.231827054952
USDC,2022-07-24,1.00000752415239,1.00013886841817,0.998983852989053,0.99998993354675,239067281.940021,239081936.645445,239.06728194002102
USDC,2022-07-25,0.99998993354675,1.00006484151443,0.999771128251961,0.999921114811726,390856123.817807,390890152.590457,390.85612381780703
USDC,2022-07-26,0.999921114811726,1.00010412031411,0.999879731081243,0.999994350704924,586570450.507046,586565383.298227,586.570450507046
USDC,2022-07-27,0.999994350704924,1.00082910008738,0.999665531522782,0.99966810302665,603057855.007967,603093969.581547,603.057855007967
USDC,2022-07-28,0.99966810302665,0.999936760712438,0.999665502230154,0.999815090991617,711045876.772949,711178349.451419,711.045876772949
USDC,2022-07-29,0.999815090991617,0.99992827666162,0.999681714195974,0.999709209136106,582586172.939183,582709967.351548,582.586172939183
USDC,2022-07-30,0.999709209136106,0.999875757625879,0.999657329893751,0.999763662925578,401675514.322725,401775794.488676,401.675514322725
USDC,2022-07-31,0.999763662925578,1.00068779882589,0.99963365840039,0.999661545523008,629764818.680449,629913190.022724,629.764818680449
USDC,2022-08-01,0.999661545523008,1.00060529984623,0.99962922463533,0.999743697799463,659785109.19819,659926278.996221,659.78510919819
USDC,2022-08-02,0.999743697799463,0.999951186410364,0.999647223222083,0.999879061497366,510739105.787055,510843183.205846,510.739105787055
USDC,2022-08-03,0.999879061497366,0.99997682335026,0.999694804213217,0.99987592001362,397524476.102797,397571705.135193,397.524476102797
USDC,2022-08-04,0.99987592001362,1.00010299259169,0.999702262994014,0.999954313938377,564820932.637586,564864238.332052,564.820932637586
USDC,2022-08-05,0.999954313938377,1.00005563817992,0.999756498713578,1.0000233120012,564795818.140687,564835958.822631,564.795818140687
USDC,2022-08-06,1.0000233120012,1.00008106949655,0.998914923057692,0.999927224052486,286459464.718298,286510121.230453,286.459464718298
USDC,2022-08-07,0.999927224052486,1.00006140165012,0.999486479094832,0.999989687540006,180237676.693592,180243051.637153,180.23767669359202
USDC,2022-08-08,0.999989687540006,1.00086704986288,0.999499615443621,0.999854035553864,448662928.342503,448660320.942538,448.662928342503
USDC,2022-08-09,0.999854035553864,1.00088560696636,0.99936024437763,1.00044723236907,544537855.147696,544540272.931467,544.5378551476961
USDC,2022-08-10,1.00044723236907,1.00083833343011,0.999495635268371,0.999768415014146,828870660.15757,829013872.041519,828.87066015757
USDC,2022-08-11,0.999768415014146,1.00106351395612,0.999434566507726,0.99969047534741,994563804.762053,994873105.143885,994.563804762053
USDC,2022-08-12,0.99969047534741,1.00072711115832,0.999379157342429,0.999681908809889,679893128.729229,680050344.903492,679.8931287292289
USDC,2022-08-13,0.999681908809889,1.00115249768019,0.999502561464533,0.999693690369876,750204758.577416,750418442.387175,750.204758577416
USDC,2022-08-14,0.999693690369876,1.00007599480958,0.999508800241561,0.999750209257441,429410821.056974,429495814.012558,429.410821056974
USDC,2022-08-15,0.999750209257441,0.999992504421902,0.999674446170169,0.999824911584149,802888502.517363,803010709.512999,802.888502517363
USDC,2022-08-16,0.999824911584149,1.00003778912536,0.999704455304623,0.999913564585197,696480384.462156,696533261.958847,696.480384462156
USDC,2022-08-17,0.999913564585197,1.00009542724229,0.999865206716806,0.999976035317319,778741115.457668,778758607.22258,778.741115457668
USDC,2022-08-18,0.999976035317319,1.00022338865431,0.999793514713544,1.00007248008889,685800504.651083,685783507.27878,685.800504651083
USDC,2022-08-19,1.00007248008889,1.00017429677977,0.999851627273652,1.00009347941305,971934591.320857,971922628.892216,971.9345913208571
USDC,2022-08-20,1.00009347941305,1.00020058912614,0.999873669697796,0.999965970818073,565942916.208711,565908285.337061,565.942916208711
USDC,2022-08-21,0.999965970818073,1.00019833066505,0.999775571599345,0.999964841888147,764239570.83423,764168909.16171,764.23957083423
USDC,2022-08-22,0.999964841888147,1.00023456557213,0.999843277148522,1.00005338858599,542939308.870339,542916526.91204,542.939308870339
USDC,2022-08-23,1.00005338858599,1.00111529678864,0.999030562978916,1.00007021055747,472671772.454211,472639861.487576,472.671772454211
USDC,2022-08-24,1.00007021055747,1.00017805336591,0.99926677913795,0.999995558469315,600658339.505293,600636356.720481,600.658339505293
USDC,2022-08-25,0.999995558469315,1.0001862895599,0.999942672677944,1.00006950134959,469999183.510354,469965942.921297,469.999183510354
USDC,2022-08-26,1.00006950134959,1.00017697753831,0.999722622807573,1.0000832030897,540370695.468988,540343543.283512,540.370695468988
USDC,2022-08-27,1.0000832030897,1.00018891059482,0.999830821160063,1.00010362316791,443663521.042245,443636978.209744,443.66352104224495
USDC,2022-08-28,1.00010362316791,1.00108476649476,0.999953963937617,1.00009299498508,389061962.353904,389014326.570364,389.061962353904
USDC,2022-08-29,1.00009299498508,1.00102657186276,0.999822505547888,1.00006424460032,604862548.887401,604795425.737518,604.862548887401
USDC,2022-08-30,1.00006424460032,1.00017236879441,0.999879784963148,1.00001308532745,593006838.870878,592978196.184527,593.006838870878
USDC,2022-08-31,1.00001308532745,1.00031931570594,0.999878350901431,0.999981268562455,467575997.555768,467543348.729303,467.575997555768
USDC,2022-09-01,0.999981268562455,1.00021936725863,0.999719230860633,1.0000823551316,495794833.479519,495763629.715666,495.794833479519
USDC,2022-09-02,1.0000823551316,1.00019060235319,0.999926977542625,1.00001147940706,512953359.72143,512929405.536713,512.95335972143
USDC,2022-09-03,1.00001147940706,1.00021777951681,0.999652890960782,1.00000167487701,227504795.093587,227494024.363692,227.504795093587
USDC,2022-09-04,1.00000167487701,1.00039146415693,0.999782383654114,1.00000299828281,392294584.22024,392286829.261092,392.29458422024
USDC,2022-09-05,1.00000299828281,1.00017166376449,0.99988388854042,1.0000595987963,463657822.463076,463653083.122087,463.657822463076
USDC,2022-09-06,1.0000595987963,1.00016674433481,0.999626933874692,1.00004933848973,805104397.093525,805145891.829794,805.1043970935251
USDC,2022-09-07,1.00004933848973,1.00026249175851,0.999630599064208,0.999935967996046,714470732.655994,714454196.510101,714.4707326559941
USDC,2022-09-08,0.999935967996046,1.00074694228519,0.999218229020131,0.999838587335363,620929042.75571,620945361.81264,620.92904275571
USDC,2022-09-09,0.999838587335363,1.0000932572487,0.999369217267691,0.999802980151407,781943344.708143,782045824.39198,781.943344708143
USDC,2022-09-10,0.999802980151407,0.999966162005147,0.999599853336628,0.999815742022312,689801216.766312,689953519.040344,689.801216766312
USDC,2022-09-11,0.999815742022312,0.999922574489396,0.998926664397507,0.999740831241305,467594537.719003,467686618.473559,467.59453771900303
USDC,2022-09-12,0.999740831241305,1.00000096272269,0.999409467542453,0.999853684912574,669985855.037373,670068106.375796,669.985855037373
USDC,2022-09-13,0.999853684912574,1.00087382663761,0.998664176689387,1.00004699207439,964756322.926768,964805046.902281,964.7563229267679
USDC,2022-09-14,1.00004699207439,1.00014864931077,0.999500496867472,0.999878893423972,718837551.223256,718823477.056172,718.837551223256
USDC,2022-09-15,0.999878893423972,1.00018673885972,0.999738102943042,1.00005722369687,1254673270.08002,1254735273.65204,1254.6732700800198
USDC,2022-09-16,1.00005722369687,1.00021273222345,0.999821770711211,1.00007118824126,1216729581.22292,1216647965.48376,1216.72958122292
USDC,2022-09-17,1.00007118824126,1.00091189584236,0.999535248201185,0.999943406881263,428846549.123335,428850345.287162,428.846549123335
USDC,2022-09-18,0.999943406881263,1.0002157321939,0.999199201996167,1.00007554093934,403937692.332939,403945044.384141,403.93769233293904
USDC,2022-09-19,1.00007554093934,1.00015631192766,0.999293374038269,0.999988334912287,693469107.318643,693482907.066118,693.469107318643
USDC,2022-09-20,0.999988334912287,1.00010721436257,0.999533208642784,0.999920018417705,643762965.065924,656458911.132679,643.762965065924
USDC,2022-09-21,0.999920018417705,1.00065807754607,0.999564946491668,1.00003079413534,595287292.729495,595323406.557731,595.287292729495
USDC,2022-09-22,1.00003079413534,1.00022479477471,0.9998447138873,1.00006175645014,604429444.272863,604393454.136941,604.4294442728631
USDC,2022-09-23,1.00006175645014,1.00019332851384,0.999819179872683,0.999974031762794,509984869.589486,509958510.660458,509.984869589486
USDC,2022-09-24,0.999974031762794,1.00149457835908,0.999677462079079,0.999892504995399,467788096.496257,467783214.567436,467.788096496257
USDC,2022-09-25,0.999892504995399,1.00056146166728,0.998500094107559,0.999803313710163,490685762.962769,490736040.181702,490.685762962769
USDC,2022-09-26,0.999803313710163,1.00146260339733,0.999647844130772,1.00008097294183,481045117.868938,481042960.843622,481.045117868938
USDC,2022-09-27,1.00008097294183,1.00025035084204,0.99978200193578,1.00002333517508,502435457.44391,503571882.132648,502.43545744391
USDC,2022-09-28,1.00002333517508,1.00029331573212,0.999796940790705,1.00010805994811,389095027.470895,389054811.584892,389.095027470895
USDC,2022-09-29,1.00010805994811,1.00016634073014,0.999683743463677,0.999810277348602,349990075.648973,349990022.402959,349.990075648973
USDC,2022-09-30,0.999810277348602,1.00024698986287,0.999548211882717,0.99990145647797,420908521.450645,420931669.252236,420.908521450645
USDC,2022-10-01,0.99990145647797,1.00016323433188,0.999130283903582,1.00005515845125,404334167.920825,404350583.592414,404.334167920825
USDC,2022-10-02,1.00005515845125,1.0001994402865,0.999649585987159,1.00003287574338,269272307.151916,269275721.516816,269.27230715191604
USDC,2022-10-03,1.00003287574338,1.00018846192557,0.999701252338505,1.00005627474325,491198999.658025,491177946.811041,491.198999658025
USDC,2022-10-04,1.00005627474325,1.000789814472,0.999533513483403,0.999746252550105,408159841.524286,408217545.236801,408.159841524286
USDC,2022-10-05,0.999746252550105,1.00004211893651,0.999168249882649,0.999851457286249,418163821.629922,418227404.753638,418.163821629922
USDC,2022-10-06,0.999851457286249,1.00008545717557,0.999660332076762,0.999826758671917,690520210.851869,690600717.203558,690.520210851869
USDC,2022-10-07,0.999826758671917,1.00009720853945,0.999637380412832,0.999939312301667,652743808.988437,652811836.516045,652.7438089884371
USDC,2022-10-08,0.999939312301667,1.00015109888614,0.999607936984864,0.999930418740187,387463101.915451,387501758.509163,387.463101915451
USDC,2022-10-09,0.999930418740187,1.00084210712277,0.99973101991466,0.999828592715086,238484266.828189,238498553.41534,238.484266828189
USDC,2022-10-10,0.999828592715086,1.00074714156933,0.999421898007924,0.999956137037282,374286334.556524,374320314.103631,374.28633455652397
USDC,2022-10-11,0.999956137037282,1.00023599802036,0.999117791666541,1.00001976608215,496116547.020988,496122350.376836,496.116547020988
USDC,2022-10-12,1.00001976608215,1.0004659319885,0.99954929930368,1.00006906196195,353546569.001728,353537150.02998,353.546569001728
USDC,2022-10-13,1.00006906196195,1.00020023681361,0.999555084555465,1.00002865043709,510756339.161977,510769948.897236,510.756339161977
USDC,2022-10-14,1.00002865043709,1.00083325817381,0.999709173445502,0.999908962578493,488690585.004316,488710401.868462,488.69058500431595
USDC,2022-10-15,0.999908962578493,1.00025628595899,0.998971010444832,0.999829591310135,334614148.074349,334621541.645024,334.614148074349
USDC,2022-10-16,0.999829591310135,1.00037736496545,0.999695452367273,0.999935223610113,217314930.659505,217329058.085146,217.31493065950502
USDC,2022-10-17,0.999935223610113,1.00021543227281,0.999820114704235,0.999985199680263,413937123.972564,413914354.200528,413.937123972564
USDC,2022-10-18,0.999985199680263,1.00036221767258,0.999890674676658,1.00019856686945,366446121.16898,366403804.463459,366.44612116898
USDC,2022-10-19,1.00019856686945,1.00028785282211,0.999930067397296,1.00027220940164,325809662.844172,325755271.243489,325.809662844172
USDC,2022-10-20,1.00027220940164,1.00040459406135,0.996117780706282,1.00030476256368,355660634.244726,355558610.380488,355.660634244726
USDC,2022-10-21,1.00030476256368,1.00061674794625,1.00001817632787,1.00023236197832,456188067.98488,456075877.958934,456.18806798488
USDC,2022-10-22,1.00023236197832,1.00028602175841,0.999905486316457,1.00012866534602,320669681.391021,320613656.72017,320.669681391021
USDC,2022-10-23,1.00012866534602,1.00032686508974,0.999797566580626,0.999916497531923,326653505.889339,326640656.852534,326.65350588933904
USDC,2022-10-24,0.999916497531923,1.00020155259139,0.999778401336864,1.00003784620961,446134167.133009,446111381.015296,446.13416713300904
USDC,2022-10-25,1.00003784620961,1.00030001792883,0.999795231688141,0.999971011370565,556038055.461959,555997538.909403,556.0380554619591
USDC,2022-10-26,0.999971011370565,1.00010248479756,0.999538431649957,0.999843801971314,556601670.556085,556688005.25032,556.601670556085
USDC,2022-10-27,0.999843801971314,1.00009895217975,0.998420481653184,1.00001999388673,568486399.110857,568590347.568279,568.4863991108571
USDC,2022-10-28,1.00001999388673,1.00009706164064,0.999224067700297,0.999781396413075,595082082.013848,595194320.449916,595.082082013848
USDC,2022-10-29,0.999781396413075,0.999956575321626,0.995504968426708,0.999315492796145,576284093.019498,576516436.000065,576.284093019498
USDC,2022-10-30,0.999315492796145,0.999717772859887,0.993567821033827,0.999165730458349,529758555.701496,530096105.410083,529.758555701496
USDC,2022-10-31,0.999165730458349,0.999974269567248,0.998962026689445,0.999802895228606,586184184.146367,586341640.820122,586.184184146367
USDC,2022-11-01,0.999802895228606,1.00011997984258,0.999626055162568,0.999886243415539,498188725.165899,498286762.657927,498.188725165899
USDC,2022-11-02,0.999886243415539,1.00057720271827,0.998865383026245,0.99997633241211,538106786.70437,538091443.043727,538.10678670437
USDC,2022-11-03,0.99997633241211,1.00080175377024,0.999358273620554,0.999815521392362,496943011.225844,496984096.308383,496.94301122584403
USDC,2022-11-04,0.999815521392362,1.00061256784566,0.998904989505911,0.999808662172364,529521681.929242,529569789.661776,529.521681929242
USDC,2022-11-05,0.999808662172364,1.000202282423,0.99866278101332,0.999952172531677,440076585.228791,440212877.737332,440.076585228791
USDC,2022-11-06,0.999952172531677,1.00056784942123,0.999418374001603,0.999803737687047,331553639.377947,331599042.531647,331.553639377947
USDC,2022-11-07,0.999803737687047,1.00024144765582,0.995840305577444,0.999143375603731,595068199.454998,595144722.292197,595.068199454998
USDC,2022-11-08,0.999143375603731,1.00285926432225,0.997050523591861,1.00089689248215,1349249163.44891,1347491160.5012,1349.24916344891
USDC,2022-11-09,1.00089689248215,1.0061324635486,0.998370313754429,1.00353810169414,2207759797.19096,2203575465.74713,2207.75979719096
USDC,2022-11-10,1.00353810169414,1.02247147791045,0.998644528088424,1.00076526401114,2800608600.38259,2788160881.72179,2800.60860038259
USDC,2022-11-11,1.00076526401114,1.00453646279301,0.99999779166137,1.00034358564418,1325091796.77846,1323888935.82211,1325.09179677846
USDC,2022-11-12,1.00034358564418,1.00095789106204,0.999067368372574,1.00018245089289,644006150.44339,643665398.430921,644.00615044339
USDC,2022-11-13,1.00018245089289,1.00120322339213,0.999889281109714,1.00037301072144,610868389.587986,610713627.451829,610.868389587986
USDC,2022-11-14,1.00037301072144,1.0005687435846,0.999687759413696,1.00019838980201,722083929.620044,721986135.259821,722.083929620044
USDC,2022-11-15,1.00019838980201,1.00067577383741,0.999406916653486,1.00023747968165,569498605.570932,569354424.582207,569.498605570932
USDC,2022-11-16,1.00023747968165,1.00098708871059,0.999696184275482,1.00014172273033,835919410.548002,835800784.292063,835.919410548002
USDC,2022-11-17,1.00014172273033,1.000271129658,0.999654405275552,0.999887441151164,532702234.64604,532709614.469642,532.70223464604
USDC,2022-11-18,0.999887441151164,1.00016437132711,0.997947574442594,0.999728103979181,569683872.351187,569722666.663945,569.683872351187
USDC,2022-11-19,0.999728103979181,1.00030333114928,0.999682160835671,0.999906740236106,435875056.120744,435901204.197259,435.875056120744
USDC,2022-11-20,0.999906740236106,1.00019473200792,0.999659420719855,0.999990006465216,579906012.4154,579929473.111055,579.9060124154
USDC,2022-11-21,0.999990006465216,1.00045780908562,0.999766622453691,1.00006410641722,860464297.776853,860456001.859619,860.464297776853
USDC,2022-11-22,1.00006410641722,1.0003082927061,0.999667315681899,0.999985005979272,905401028.105662,905426520.29336,905.401028105662
USDC,2022-11-23,0.999985005979272,1.00025628556184,0.994332070987089,0.999946425640611,855424223.616418,855455813.27377,855.424223616418
USDC,2022-11-24,0.999946425640611,1.00028686384554,0.999705478427897,0.999925899894281,930490231.139486,930585056.765859,930.4902311394859
USDC,2022-11-25,0.999925899894281,1.00030338647217,0.999792693840356,0.999918803362537,590956229.19548,590970996.750568,590.95622919548
USDC,2022-11-26,0.999918803362537,1.00023173972657,0.999711034969855,0.999923601417918,560780867.669806,560817205.800097,560.780867669806
USDC,2022-11-27,0.999923601417918,1.00030317112339,0.999742679105709,1.00003159477273,525668390.152243,525672104.940355,525.668390152243
USDC,2022-11-28,1.00003159477273,1.00022140406216,0.999785269342415,0.999918070655108,826882764.419659,826938631.532279,826.882764419659
USDC,2022-11-29,0.999918070655108,1.0002327757939,0.996447138838968,1.00004349679888,860679058.786941,860759303.300543,860.679058786941
USDC,2022-11-30,1.00004349679888,1.00040033791943,0.999733619518508,0.999959744342867,691883207.873561,691877756.889486,691.883207873561
USDC,2022-12-01,0.999959744342867,1.00014456763768,0.999710688413801,0.9998977690762,492293524.021554,492328354.948865,492.293524021554
USDC,2022-12-02,0.9998977690762,1.00030605459485,0.999656354138349,1.00010196865101,658031448.147736,658078299.65608,658.031448147736
USDC,2022-12-03,1.00010196865101,1.00041086975308,0.996440221833401,1.0000321883075,431672884.931351,431642226.062972,431.672884931351
USDC,2022-12-04,1.0000321883075,1.00026402809516,0.999803285401819,0.999894370742284,425869072.762005,425886033.260715,425.869072762005
USDC,2022-12-05,0.999894370742284,1.00025075434208,0.999626442232664,0.999762229740743,599189119.2935,599248589.607964,599.1891192935
USDC,2022-12-06,0.999762229740743,1.00021731847505,0.999526457804915,1.00002904600132,620080024.7663,620166869.901067,620.0800247663
USDC,2022-12-07,1.00002904600132,1.0006079495172,0.999363877794672,0.9999868390726,587753303.186245,587766145.460892,587.7533031862449
USDC,2022-12-08,0.9999868390726,1.00067834838212,0.999370088843396,0.999643744575915,646002159.97644,646121299.64626,646.00215997644
USDC,2022-12-09,0.999643744575915,1.00038310428838,0.99935606277384,1.00006609903066,713689793.891351,713800562.21819,713.689793891351
USDC,2022-12-10,1.00006609903066,1.00041044209953,0.99954263664706,0.999841257081174,383371454.911733,383361722.349432,383.371454911733
USDC,2022-12-11,0.999841257081174,1.00028920033457,0.999644952268034,0.999988140533822,312362836.765747,312350805.470045,312.36283676574703
USDC,2022-12-12,0.999988140533822,1.00059650901876,0.999660834767048,0.999885185217848,773806649.870464,773793800.60561,773.806649870464
USDC,2022-12-13,0.999885185217848,1.00092489896318,0.999196733343233,0.999659090063512,1200301168.6424,1200352403.03254,1200.3011686424
USDC,2022-12-14,0.999659090063512,1.00090212840583,0.999210537748443,0.999967113470267,821055076.47472,821072684.901179,821.05507647472
USDC,2022-12-15,0.999967113470267,1.00058184470741,0.999338509480116,0.999884841750234,673631815.505146,673710641.118291,673.631815505146
USDC,2022-12-16,0.999884841750234,1.00040828919672,0.996761410523876,0.999921496477786,738217044.504821,738247959.912037,738.2170445048209
USDC,2022-12-17,0.999921496477786,1.00029012485344,0.999354049663207,0.999902196570042,548806779.624594,548921113.947999,548.806779624594
USDC,2022-12-18,0.999902196570042,1.00417871098707,0.999467588744247,0.999637847763211,260017338.374154,260040147.715373,260.017338374154
USDC,2022-12-19,0.999637847763211,1.00270011364713,0.993427670790221,0.999799664437861,580472339.686065,580907806.942743,580.472339686065
USDC,2022-12-20,0.999799664437861,1.00080349874856,0.999117993540086,1.00005325192922,618898230.558848,618936609.184011,618.898230558848
USDC,2022-12-21,1.00005325192922,1.00033076672218,0.994719070951094,0.999905996847904,513458045.215327,513446463.967052,513.458045215327
USDC,2022-12-22,0.999905996847904,1.00042312760232,0.99966620026642,1.00016987721052,500590517.631165,500551103.261952,500.590517631165
USDC,2022-12-23,1.00016987721052,1.00046246020959,0.999562455186257,1.00006471279275,533537395.02508,533505192.892115,533.5373950250801
USDC,2022-12-24,1.00006471279275,1.00053425909509,0.999289357506568,0.999714439187849,191331732.516544,191330506.214501,191.331732516544
USDC,2022-12-25,0.999714439187849,1.002136130235,0.999277771540068,1.00021834784026,301610234.497321,301563380.322065,301.610234497321
USDC,2022-12-26,1.00021834784026,1.00040666478226,0.999776141775272,1.00004427901701,380584286.818171,380525393.833032,380.58428681817105
USDC,2022-12-27,1.00004427901701,1.00048855733674,0.99941003905461,1.0000568974587,445830568.485532,445785283.377202,445.830568485532
USDC,2022-12-28,1.0000568974587,1.00060796066223,0.99926131865136,1.00026426427542,574249663.741316,574227061.661159,574.249663741316
USDC,2022-12-29,1.00026426427542,1.00084428814869,0.999537155837977,1.00034556203131,501759770.102781,501693376.230642,501.759770102781
USDC,2022-12-30,1.00034556203131,1.00058843830461,0.999322213336593,1.00001310296612,431812678.780648,431769117.244793,431.812678780648
USDC,2022-12-31,1.00001310296612,1.00645175600426,0.999438160608703,1.00034546824492,257626148.856343,257588112.586516,257.626148856343
USDC,2023-01-01,1.00034546824492,1.00221574475467,0.999861592277716,1.00001168306703,268478635.88896,268408914.199175,268.47863588896
USDC,2023-01-02,1.00001168306703,1.00077795642308,0.999475261616764,1.00021449381431,370723525.878118,370652623.303615,370.723525878118
USDC,2023-01-03,1.00021449381431,1.00114470531496,0.999203201797936,1.00024892990988,568528335.069733,568401033.714015,568.528335069733
USDC,2023-01-04,1.00024892990988,1.00119740808226,0.999194583777878,1.00012039920309,534835545.835826,534776230.084287,534.835545835826
USDC,2023-01-05,1.00012039920309,1.00856550310539,0.9996577358966,1.00001510328753,520558089.141502,520529449.909704,520.558089141502
USDC,2023-01-06,1.00001510328753,1.00035517369627,0.999712381082451,1.00017337825003,619515139.874775,619454625.291785,619.5151398747751
USDC,2023-01-07,1.00017337825003,1.00036485370408,0.99938095769976,1.0003134736122,359454740.251436,359407402.620834,359.454740251436
USDC,2023-01-08,1.0003134736122,1.00064277925263,0.999813065752645,1.00027174346741,316054247.571097,315948803.853387,316.054247571097
USDC,2023-01-09,1.00027174346741,1.00041382928225,0.999587302740539,0.999903586500545,701226413.650794,701223894.536493,701.226413650794
USDC,2023-01-10,0.999903586500545,1.00035995606768,0.999251647398104,1.00004989423436,710627117.41366,710667433.861221,710.62711741366
USDC,2023-01-11,1.00004989423436,1.00028588873083,0.999686556982335,0.999851055209188,611532154.314576,611540440.324723,611.532154314576
USDC,2023-01-12,0.999851055209188,1.00036713990826,0.99940082223097,1.00002701835304,683763332.687263,683811946.091383,683.763332687263
USDC,2023-01-13,1.00002701835304,1.00027765253962,0.999391189911974,0.999999118572638,852221824.538377,852218478.465886,852.2218245383771
USDC,2023-01-14,0.999999118572638,1.00252044477776,0.999272970063385,1.00007941804426,760570583.951827,760588162.383713,760.5705839518271
USDC,2023-01-15,1.00007941804426,1.00029443500855,0.999455096960386,0.999736581347742,488784981.270729,488759838.890308,488.784981270729
USDC,2023-01-16,0.999736581347742,1.00029252458882,0.999476812551887,1.0000804238407,532163001.396406,532208563.157278,532.163001396406
USDC,2023-01-17,1.0000804238407,1.0002599278694,0.999488511625171,1.00005028946996,647625237.281005,647652725.247963,647.6252372810051
USDC,2023-01-18,1.00005028946996,1.0004708172777,0.998903047961522,1.00022816408712,696241648.116576,696255136.608562,696.2416481165759
USDC,2023-01-19,1.00022816408712,1.00062972642321,0.999731932637598,1.00007829146932,523733981.753317,523689372.446222,523.733981753317
USDC,2023-01-20,1.00007829146932,1.00020691855789,0.999656546095201,0.999968251662963,563668284.901401,563653850.859515,563.6682849014011
USDC,2023-01-21,0.999968251662963,1.00038913084822,0.999543900883378,0.999768062905587,494445189.417519,494510612.435911,494.445189417519
USDC,2023-01-22,0.999768062905587,1.00002560544339,0.999622696626924,0.999869103783456,435555055.167909,435641867.432679,435.555055167909
USDC,2023-01-23,0.999869103783456,1.00009148942765,0.9996274552098,0.999944345617002,467769353.414167,467863091.5795,467.76935341416697
USDC,2023-01-24,0.999944345617002,1.00009485982426,0.999392137177744,0.999779282824207,661453880.033473,661579845.404054,661.4538800334731
USDC,2023-01-25,0.999779282824207,1.00017472060712,0.999569872783872,0.999829160186621,709134857.463493,709286148.089604,709.134857463493
USDC,2023-01-26,0.999829160186621,1.00015846330368,0.999568448886201,0.999926179593339,522916026.323577,522959314.191944,522.916026323577
USDC,2023-01-27,0.999926179593339,1.00017994251024,0.987754171798976,0.999756062986356,748282055.981912,748613304.906383,748.282055981912
USDC,2023-01-28,0.999756062986356,0.999900283878445,0.99952890709214,0.999793877053302,440070390.736005,440164616.049492,440.070390736005
USDC,2023-01-29,0.999793877053302,0.999948336331094,0.99858478205877,0.999814980024854,408076289.848106,408187827.943513,408.076289848106
USDC,2023-01-30,0.999814980024854,1.00034847135475,0.999593648670017,1.00015350675157,592436803.475153,592496814.613352,592.4368034751529
USDC,2023-01-31,1.00015350675157,1.00147450076143,0.999500538429154,0.999810936961328,496110006.570218,496141371.546742,496.11000657021805
USDC,2023-02-01,0.999810936961328,1.00055833087564,0.999593852058039,0.999975759225453,475034519.609129,475092776.403839,475.034519609129
USDC,2023-02-02,0.999975759225453,1.00007204195188,0.999658425631752,0.99975869915159,576623303.144185,576726991.46362,576.623303144185
USDC,2023-02-03,0.99975869915159,1.00028837135337,0.999595883676136,0.999975155925411,493451747.872807,493523320.443124,493.451747872807
USDC,2023-02-04,0.999975155925411,1.00013944459917,0.999699825003744,0.999839816398435,319386157.291959,319412321.188919,319.38615729195897
USDC,2023-02-05,0.999839816398435,1.0000591671044,0.996372804159385,0.999641587364098,394320807.685242,394418986.400385,394.320807685242
USDC,2023-02-06,0.999641587364098,1.00002593236886,0.999196061442919,0.999905523647617,569367307.930965,569495100.055642,569.3673079309649
USDC,2023-02-07,0.999905523647617,1.0000736214869,0.998296607256888,0.999970368464806,668377880.165762,668455903.025063,668.3778801657619
USDC,2023-02-08,0.999970368464806,1.00010992351931,0.999785529191419,0.999938958712921,657388337.368318,657402819.138186,657.3883373683179
USDC,2023-02-09,0.999938958712921,1.0001089994496,0.999781849014704,0.999952070148144,602722587.136204,602750019.393619,602.722587136204
USDC,2023-02-10,0.999952070148144,1.00002089369335,0.999677112174525,0.999943124730523,579242527.770183,579330494.681986,579.242527770183
USDC,2023-02-11,0.999943124730523,1.00000276252399,0.997245307781593,0.999855576515469,416211799.412134,416250138.155725,416.211799412134
USDC,2023-02-12,0.999855576515469,0.999993130108878,0.998028364861392,0.999857036024223,357917380.816618,357967226.35763,357.91738081661805
USDC,2023-02-13,0.999857036024223,1.0006749816463,0.998708454296793,1.00032570202604,1269815228.62536,1270030832.23907,1269.81522862536
USDC,2023-02-14,1.00032570202604,1.00035914201785,0.999222150259986,0.999620534059642,1002769694.2576,1003068535.92545,1002.7696942575999
USDC,2023-02-15,0.999620534059642,0.999909433881028,0.999405090287507,0.999777372648273,935512469.980942,935839088.237525,935.512469980942
USDC,2023-02-16,0.999777372648273,0.999961487744672,0.999641622277007,0.999845325351478,1004883130.3934,1005085288.43159,1004.8831303933999
USDC,2023-02-17,0.999845325351478,1.00001383381521,0.99971835849378,0.999892376350289,829267995.464514,829363730.136581,829.267995464514
USDC,2023-02-18,0.999892376350289,0.999949336106514,0.999678684702696,0.999764557181052,478765202.048127,478849580.098782,478.765202048127
USDC,2023-02-19,0.999764557181052,0.999907818795553,0.999539613723593,0.999726617790082,453720868.874117,453800013.277139,453.720868874117
USDC,2023-02-20,0.999726617790082,0.999974153405052,0.999646165153641,0.999774845194541,481696089.40488,481776690.007226,481.69608940488
USDC,2023-02-21,0.999774845194541,1.00006799440212,0.999687182347366,0.999869499372768,613517664.353599,613601096.884529,613.517664353599
USDC,2023-02-22,0.999869499372768,1.00006103894354,0.999723271945009,0.999979843541155,796006830.603403,796081051.096001,796.0068306034029
USDC,2023-02-23,0.999979843541155,1.00002833819375,0.999811783413236,0.999904955653007,567945021.705415,567984593.623983,567.945021705415
USDC,2023-02-24,0.999904955653007,1.00004477238698,0.999806062585934,0.999968582333239,757224738.112111,757301058.347373,757.224738112111
USDC,2023-02-25,0.999968582333239,1.00074990345909,0.99981329902185,0.999973109858981,396963648.090485,396929424.674458,396.963648090485
USDC,2023-02-26,0.999973109858981,1.00072757808591,0.999824347499295,0.999964114809223,344047079.171095,344014355.166812,344.047079171095
USDC,2023-02-27,0.999964114809223,1.00074098154003,0.999748421981307,0.999913241983077,453200672.704843,453082523.049183,453.200672704843
USDC,2023-02-28,0.999913241983077,1.00076351288662,0.999830033730931,1.00016874285411,438610103.749888,438569893.140505,438.610103749888
USDC,2023-03-01,1.00016874285411,1.00021119366117,0.999767733560152,0.999990790634494,474179081.710952,474187765.229314,474.179081710952
USDC,2023-03-02,0.999990790634494,1.00042572465161,0.99965873419587,1.00002244945057,585115171.157337,585166602.999662,585.1151711573369
USDC,2023-03-03,1.00002244945057,1.00021561927303,0.999691083263364,0.999938274519672,734027305.870397,734047420.254933,734.027305870397
USDC,2023-03-04,0.999938274519672,1.00007445336734,0.999805792938808,0.999982866427844,312312600.499075,312320706.412497,312.312600499075
USDC,2023-03-05,0.999982866427844,1.00012241461908,0.999847762324286,0.999888852288548,216563021.509141,216565235.068382,216.563021509141
USDC,2023-03-06,0.999888852288548,1.00008153584969,0.999743069162887,1.00000356293575,468267532.833769,468300805.58644,468.267532833769
USDC,2023-03-07,1.00000356293575,1.00012136518089,0.99974364633032,0.999917552492132,785665563.480609,785685683.208894,785.6655634806091
USDC,2023-03-08,0.999917552492132,1.00012676468376,0.999716504065273,0.999996155418995,393272504.061261,393305420.339603,393.272504061261
USDC,2023-03-09,0.999996155418995,1.00053295729877,0.999738433157976,1.00017055143374,451701441.33245,451647139.58304,451.70144133245
USDC,2023-03-10,1.00017055143374,1.00082238231017,0.996353761274616,0.996567581656397,1554245237.99016,1555716517.63815,1554.24523799016
USDC,2023-03-11,0.996567581656397,0.996794442665337,0.87981306214789,0.967467232252137,11487968610.03,12222455189.0864,11487.96861003
USDC,2023-03-12,0.967467232252137,0.995550213813528,0.946507071545629,0.991890249740942,4958199049.7008,5113195313.77399,4958.1990497008
USDC,2023-03-13,0.991890249740942,0.999743452505915,0.986877190739575,0.999125203848361,4100856229.91962,4120525750.47775,4100.85622991962
USDC,2023-03-14,0.999125203848361,1.00025075957149,0.996896863580419,0.999115393546585,2421335713.11546,2424146334.16046,2421.33571311546
USDC,2023-03-15,0.999115393546585,1.00006177488158,0.993457474112877,0.999804912024915,2276050265.89889,2278087210.82536,2276.05026589889
USDC,2023-03-16,0.999804912024915,1.00051145287485,0.997940756170543,0.999617914786273,1688930077.75456,1689287659.75234,1688.93007775456
USDC,2023-03-17,0.999617914786273,1.00045492189777,0.999161529001859,0.999698893293508,1900537955.67491,1900852229.23712,1900.53795567491
USDC,2023-03-18,0.999698893293508,0.999783195380889,0.9989304323987,0.999270704343678,915981014.779149,916576778.703575,915.9810147791491
USDC,2023-03-19,0.999270704343678,0.999768363294076,0.999081699770275,0.999308130789428,627464876.401316,627829931.159845,627.464876401316
USDC,2023-03-20,0.999308130789428,0.999936439464947,0.997526317503065,0.998589681688184,2129970416.73637,2131990219.56291,2129.97041673637
USDC,2023-03-21,0.998589681688184,0.999575143874928,0.998155906738317,0.999149695361473,1393672539.65573,1395234289.51774,1393.67253965573
USDC,2023-03-22,0.999149695361473,0.99963812118959,0.998729687857714,0.999285465460857,1346709235.25695,1347833656.88587,1346.7092352569498
USDC,2023-03-23,0.999285465460857,0.999716331829101,0.999060615612624,0.999354851964795,1471578880.49995,1472488626.10875,1471.57888049995
USDC,2023-03-24,0.999354851964795,1.0000924823032,0.999143854249916,0.999966296211552,1057551051.59822,1057941569.11878,1057.55105159822
USDC,2023-03-25,0.999966296211552,1.00009486015275,0.999631005275561,0.999802518012087,611125014.517617,611179353.344216,611.1250145176169
USDC,2023-03-26,0.999802518012087,1.00305918367023,0.999125912074274,0.999772540985156,436842299.780275,436786533.963954,436.84229978027497
USDC,2023-03-27,0.999772540985156,1.00000628891587,0.999427335106111,0.999817273482535,878647548.823836,878864665.84103,878.647548823836
USDC,2023-03-28,0.999817273482535,1.00022160799359,0.999559760109975,0.99986915248731,761782673.280908,761893108.268711,761.7826732809079
USDC,2023-03-29,0.99986915248731,1.00013045924865,0.999678238984973,0.999785510464599,669095298.728078,669178840.634723,669.095298728078
USDC,2023-03-30,0.999785510464599,0.999978054925311,0.999531051397575,0.999900181985374,807976775.0765,808103544.422651,807.9767750765001
USDC,2023-03-31,0.999900181985374,1.00026212393751,0.999597416771183,0.999912529797085,725680952.902974,725778661.42642,725.680952902974
USDC,2023-04-01,0.999912529797085,1.00008283837111,0.999725080757017,0.99992422380613,315107433.917633,315128626.489101,315.107433917633
USDC,2023-04-02,0.99992422380613,0.999974768490254,0.999451616603694,0.999731666039073,333685343.920262,333792615.838386,333.68534392026197
USDC,2023-04-03,0.999731666039073,0.999990771029557,0.999565792138369,0.99980924095495,829173314.492006,829328234.725873,829.1733144920059
USDC,2023-04-04,0.99980924095495,0.999983523163943,0.999660302826205,0.999864423686366,615677607.950019,615769038.588963,615.677607950019
USDC,2023-04-05,0.999864423686366,1.00010636957694,0.998478007736378,0.999689871222974,511837755.24225,511950147.694474,511.83775524225
USDC,2023-04-06,0.999689871222974,0.999975335333451,0.999412771234061,0.999412771234061,553091545.113427,553273740.21017,553.0915451134271
USDC,2023-04-07,0.999412771234061,1.00005213131321,0.998315693460869,0.998697225896075,357476058.18428,357667271.140561,357.47605818427996
USDC,2023-04-08,0.998697225896075,0.999788764963256,0.99868105096518,0.999548252450367,333026187.120568,333232951.003969,333.02618712056795
USDC,2023-04-09,0.999548252450367,0.999763546059502,0.999402020491893,0.99962961935088,224679462.747408,224770451.216774,224.679462747408
USDC,2023-04-10,0.99962961935088,0.999785536056055,0.999177135648244,0.999383667128464,579404764.571808,579683407.131508,579.404764571808
USDC,2023-04-11,0.999383667128464,0.999835252013385,0.999251826914422,0.999251826914422,776854255.098793,777218319.610208,776.854255098793
USDC,2023-04-12,0.999251826914422,0.999853989762969,0.999244786230127,0.999722943591456,720651836.127882,720969637.338842,720.651836127882
USDC,2023-04-13,0.999722943591456,1.00001121271936,0.99937454482066,0.999800883015004,751669522.289263,751863016.009689,751.669522289263
USDC,2023-04-14,0.999800883015004,1.00203001017358,0.999268440015169,0.999797598552814,930809162.099555,931110910.396832,930.809162099555
USDC,2023-04-15,0.999797598552814,0.999967493448679,0.999706272918647,0.999828288738687,429591476.801605,429657053.542179,429.591476801605
USDC,2023-04-16,0.999828288738687,0.999922544857002,0.999371092170108,0.99958764798775,403951287.291034,404107164.357673,403.95128729103396
USDC,2023-04-17,0.99958764798775,0.999962000806388,0.998580469888066,0.999867385069654,760131763.918105,760348090.263514,760.131763918105
USDC,2023-04-18,0.999867385069654,1.00018555529199,0.999679974704322,0.999993777781765,779797199.339602,779859386.445075,779.797199339602
USDC,2023-04-19,0.999993777781765,1.00027408876834,0.999799020807393,0.999940912562444,768754665.676055,768761891.690335,768.754665676055
USDC,2023-04-20,0.999940912562444,1.00017544848858,0.998959432951312,0.999975893623825,688778834.019652,688803971.304875,688.778834019652
USDC,2023-04-21,0.999975893623825,1.00052837770779,0.999783405845212,1.00018549002283,713323795.473435,713273260.485657,713.3237954734351
USDC,2023-04-22,1.00018549002283,1.00032332220559,0.999994429039615,1.00016107251915,321020073.218476,320955867.029155,321.020073218476
USDC,2023-04-23,1.00016107251915,1.00043556357963,0.999557324700045,1.00003863498479,283530798.710178,283505056.277856,283.53079871017803
USDC,2023-04-24,1.00003863498479,1.00018481876867,0.999890558341851,1.00009267775579,481166107.514517,481148666.95606,481.166107514517
USDC,2023-04-25,1.00009267775579,1.00048023472334,0.999170687335373,1.00001144921824,548344488.133155,548346481.141025,548.344488133155
USDC,2023-04-26,1.00001144921824,1.0002323543718,0.999612239176281,1.00007421588904,748015193.066323,747990941.774758,748.015193066323
USDC,2023-04-27,1.00007421588904,1.00053806955528,0.999754754210605,1.00030681523435,674339703.485449,674346411.716347,674.3397034854489
USDC,2023-04-28,1.00030681523435,1.00195975223484,0.999849978404977,0.999995498002282,543133856.478989,542753702.583995,543.1338564789891
USDC,2023-04-29,0.999995498002282,1.00181323927612,0.999841417119462,1.00158037077302,288871068.260449,288732978.266483,288.87106826044896
USDC,2023-04-30,1.00158037077302,1.00197879513819,0.999801125316987,1.00081030452735,321309822.755201,321183262.790747,321.30982275520097
USDC,2023-05-01,1.00081030452735,1.00087420779533,0.999849888745932,1.00046830088715,680767167.815522,680571521.9241,680.7671678155219
USDC,2023-05-02,1.00046830088715,1.00094087802815,0.999906488624818,1.00000920330357,556177549.411027,555988231.341602,556.1775494110269
USDC,2023-05-03,1.00000920330357,1.00015717326593,0.999850642903212,1.00008211877255,585468122.045666,585450351.692269,585.468122045666
USDC,2023-05-04,1.00008211877255,1.00021058290041,0.999942098703247,1.00010568468277,498729424.953733,498691585.918457,498.72942495373303
USDC,2023-05-05,1.00010568468277,1.00060430074006,0.999948156311139,1.00020091398452,676610641.469991,676457027.534109,676.6106414699909
USDC,2023-05-06,1.00020091398452,1.00088429609841,0.999470319296355,1.00077052023362,504101292.394568,503947125.709281,504.101292394568
USDC,2023-05-07,1.00077052023362,1.0010702775314,0.99978614117442,1.00102164637591,291986027.219631,291796210.725829,291.986027219631
USDC,2023-05-08,1.00102164637591,1.01243862886738,1.00015855453468,1.00166285528077,711143102.579401,710419512.056076,711.143102579401
USDC,2023-05-09,1.00166285528077,1.00235897001358,1.00006469098615,1.00047523944608,512278134.812851,511353625.899954,512.278134812851
USDC,2023-05-10,1.00047523944608,1.00057323713242,0.999614505835166,1.00019537193164,596836234.391102,596767947.709924,596.8362343911019
USDC,2023-05-11,1.00019537193164,1.00023717180792,0.994890673748065,0.999949875465232,548325212.543728,548289411.489087,548.325212543728
USDC,2023-05-12,0.999949875465232,1.00034862128705,0.999223340371684,1.00006932867215,550723803.284996,550684570.094349,550.723803284996
USDC,2023-05-13,1.00006932867215,1.00021013147641,0.999934820835951,1.00013571194926,209801177.846222,209784712.220135,209.801177846222
USDC,2023-05-14,1.00013571194926,1.00042843851719,0.998896619132324,0.999969339780012,140101772.089281,140102623.636679,140.10177208928098
USDC,2023-05-15,0.999969339780012,1.00013817937734,0.998512803559692,0.999940800010724,490127009.319496,490138461.065107,490.127009319496
USDC,2023-05-16,0.999940800010724,1.00004084229251,0.999728230569501,0.999848963503866,419535960.776773,419593189.842667,419.535960776773
USDC,2023-05-17,0.999848963503866,1.00016581553204,0.999219006697949,0.999876117167798,549042978.68432,549052430.533626,549.04297868432
USDC,2023-05-18,0.999876117167798,1.00022362861096,0.999808651373588,0.999927252661913,431766841.595192,431778689.004069,431.76684159519203
USDC,2023-05-19,0.999927252661913,1.00022651488316,0.999259125140205,1.00001323416586,298501779.482697,298496748.699549,298.50177948269703
USDC,2023-05-20,1.00001323416586,1.00029037982051,0.999684181860488,1.00002392888988,157675667.418407,157680859.72962,157.675667418407
USDC,2023-05-21,1.00002392888988,1.00013559331528,0.999800284303436,1.00000417954996,225884531.60483,225892462.424368,225.88453160483
USDC,2023-05-22,1.00000417954996,1.00008096350782,0.999742924221504,0.999936188645252,525955988.551161,525994591.155262,525.955988551161
USDC,2023-05-23,0.999936188645252,1.00003281871182,0.999661133516263,0.999906190438795,529173531.928394,529214287.549764,529.173531928394
USDC,2023-05-24,0.999906190438795,1.00019312678673,0.999790516145088,1.00001184980031,583585412.63215,583583820.574246,583.5854126321501
USDC,2023-05-25,1.00001184980031,1.00022253239608,0.999778230499774,1.00003629182443,420346440.749605,420359198.622695,420.346440749605
USDC,2023-05-26,1.00003629182443,1.00014944824995,0.999867671742377,1.00009304870696,427223484.056619,427219204.641425,427.223484056619
USDC,2023-05-27,1.00009304870696,1.00023957145116,0.99998060634824,1.00016833997625,205702374.348144,205688354.394881,205.702374348144
USDC,2023-05-28,1.00016833997625,1.00034909569892,1.00005380835839,1.00013692647912,376424397.644029,376360695.684704,376.424397644029
USDC,2023-05-29,1.00013692647912,1.00030795413048,0.999660950847613,0.999931707604306,466462583.615297,466469774.220704,466.46258361529704
USDC,2023-05-30,0.999931707604306,1.00024798190548,0.999663791315712,0.999954621888235,623956825.714147,623993116.081107,623.9568257141469
USDC,2023-05-31,0.999954621888235,1.00018495216495,0.999711676095798,0.999972627893586,561718663.682886,561785315.270595,561.718663682886
USDC,2023-06-01,0.999972627893586,1.00197754154852,0.999729059412104,0.999962459013514,528188063.06509,528269631.085552,528.18806306509
USDC,2023-06-02,0.999962459013514,1.00011639740155,0.999723728764967,1.00011639740155,475334408.234419,475393239.425175,475.334408234419
USDC,2023-06-03,1.00011639740155,1.00013374565296,0.999881246431795,0.999933529061227,272409286.338268,272415931.365256,272.409286338268
USDC,2023-06-04,0.999933529061227,0.999986359045605,0.999750471961788,0.999849534999562,325074690.944022,325117550.193194,325.074690944022
USDC,2023-06-05,0.999849534999562,1.00013397580827,0.999609105570321,1.00008654505136,766848249.292059,766939705.820957,766.848249292059
USDC,2023-06-06,1.00008654505136,1.04299523361221,0.999768597836988,1.00064191801677,811053051.45778,811020192.971174,811.05305145778
USDC,2023-06-07,1.00064191801677,1.0438277701258,0.99999674810205,1.00011725538636,705917241.189385,704916358.615076,705.9172411893851
USDC,2023-06-08,1.00011725538636,1.00050584971872,0.999901421110192,1.0003907208487,554726248.824963,554605411.182262,554.726248824963
USDC,2023-06-09,1.0003907208487,1.00054328048887,0.999971079700491,1.00015024827916,577098901.033843,576951611.642088,577.098901033843
USDC,2023-06-10,1.00015024827916,1.00071426847317,0.997371049727656,1.00005246627866,898746444.382126,898559265.418968,898.746444382126
USDC,2023-06-11,1.00005246627866,1.00015539007673,0.999802925294153,0.999938753544258,347277295.32107,347277559.994311,347.27729532107
USDC,2023-06-12,0.999938753544258,1.00011084226672,0.999733739964203,0.999966849962094,809676611.810851,809735735.932889,809.676611810851
USDC,2023-06-13,0.999966849962094,1.00018834518534,0.999870153493048,0.999991301069207,671176696.682885,671149740.826689,671.176696682885
USDC,2023-06-14,0.999991301069207,1.0001694968336,0.999866497200718,1.00001901701474,571704584.915391,571682107.772264,571.704584915391
USDC,2023-06-15,1.00001901701474,1.00263392738054,0.999915323058524,1.00010720587614,1873032341.61131,1872494208.41981,1873.03234161131
USDC,2023-06-16,1.00010720587614,1.00217546461595,1.00002696792749,1.00015088833161,790997789.371212,790801668.705161,790.997789371212
USDC,2023-06-17,1.00015088833161,1.0002755032604,0.99998949798384,1.000088297448,385544304.299073,385496613.927927,385.54430429907296
USDC,2023-06-18,1.000088297448,1.00033553334097,1.00005288028103,1.00013365660692,237063755.673328,237019868.201455,237.06375567332802
USDC,2023-06-19,1.00013365660692,1.00030048157532,0.999975965493327,1.00008745608441,484737335.655378,484661741.274054,484.737335655378
USDC,2023-06-20,1.00008745608441,1.00041609026688,0.999952400208181,1.00015465900857,833394124.463032,833247903.517457,833.394124463032
USDC,2023-06-21,1.00015465900857,1.00040002259374,0.999739457507212,0.999934659268472,1016988329.57632,1016934100.79983,1016.9883295763201
USDC,2023-06-22,0.999934659268472,1.0003777127193,0.999400275881264,0.99982512684112,872531810.353012,872554739.07833,872.531810353012
USDC,2023-06-23,0.99982512684112,1.00020403215493,0.999811334971548,0.999977553643004,808446367.611376,808440868.283748,808.4463676113761
USDC,2023-06-24,0.999977553643004,1.00015832234744,0.999763841892531,0.99989776533795,287967189.885393,287991415.555885,287.967189885393
USDC,2023-06-25,0.99989776533795,1.00007886730299,0.999598466037559,0.999776900364423,353850242.74724,353920756.276023,353.85024274724003
USDC,2023-06-26,0.999776900364423,1.00001728451577,0.999591101786943,0.999890066899863,643026054.356942,643128883.734297,643.026054356942
USDC,2023-06-27,0.999890066899863,1.00016738887169,0.997388308267538,1.00006496711652,646065254.710721,646089844.464855,646.065254710721
USDC,2023-06-28,1.00006496711652,1.00027706487875,0.99921180299629,1.00005197843098,576204800.87023,576193273.08998,576.20480087023
USDC,2023-06-29,1.00005197843098,1.0001933325188,0.999881640301719,1.00007461216046,518054774.514283,518026017.571261,518.054774514283
USDC,2023-06-30,1.00007461216046,1.00027611609901,0.999343318412055,1.00010236042705,1278716278.10888,1278575809.25731,1278.71627810888
USDC,2023-07-01,1.00010236042705,1.00026097565327,0.999955237144022,1.00013366954684,588667028.905695,588611268.796087,588.6670289056949
USDC,2023-07-02,1.00013366954684,1.00020634290496,0.999918095100993,0.999970257017873,274993559.668212,274985793.412383,274.993559668212
USDC,2023-07-03,0.999970257017873,1.00040728491836,0.999900447322549,1.00000988622007,546187834.02603,546144583.463646,546.1878340260299
USDC,2023-07-04,1.00000988622007,1.00016002635356,0.999781239303711,0.99991976623228,413551007.507723,413557947.622754,413.551007507723
USDC,2023-07-05,0.99991976623228,1.00007889178008,0.999796219595522,0.999936061038138,535216202.786782,535243278.569045,535.216202786782
USDC,2023-07-06,0.999936061038138,1.0001661852988,0.999767204167278,1.0000469597081,678293240.339301,678314556.458463,678.293240339301
USDC,2023-07-07,1.0000469597081,1.00018620083232,0.999863780103944,1.000116844593,506041340.172139,506026360.970319,506.041340172139
USDC,2023-07-08,1.000116844593,1.0004146450887,0.999955888952782,1.00028892824288,233113505.703204,233075740.710865,233.113505703204
USDC,2023-07-09,1.00028892824288,1.00167377089084,0.999712038968799,1.00007412663461,188648610.71374,188605241.599233,188.64861071374
USDC,2023-07-10,1.00007412663461,1.00029853277829,0.999888652929665,1.00011440815071,649706966.940431,649647799.722801,649.706966940431
USDC,2023-07-11,1.00011440815071,1.0002532678308,0.999965909138478,1.00009524233105,547098704.578861,547031897.130741,547.098704578861
USDC,2023-07-12,1.00009524233105,1.00202743481807,0.999950766156132,1.00013404542527,524801396.758402,524738500.462045,524.801396758402
USDC,2023-07-13,1.00013404542527,1.00049823308438,0.999938903034548,1.00004535140159,1101087157.54779,1100911737.2952,1101.08715754779
USDC,2023-07-14,1.00004535140159,1.00031342630121,0.999924894498274,1.0000216433293,912345479.059274,912261093.248406,912.345479059274
USDC,2023-07-15,1.0000216433293,1.00021046122021,0.999900932025435,0.999975712546655,360118815.961771,360111814.388795,360.118815961771
USDC,2023-07-16,0.999975712546655,1.00013027213818,0.999842613894352,0.999897037959543,295690463.605385,295694493.322933,295.690463605385
USDC,2023-07-17,0.999897037959543,1.0000981502976,0.999796407258348,1.0000096021688,497677408.995853,497693368.569514,497.677408995853
USDC,2023-07-18,1.0000096021688,1.00017045283197,0.996230328757107,0.999988887106657,473591510.693177,473589401.791797,473.591510693177
USDC,2023-07-19,0.999988887106657,1.00014124031602,0.995992336590426,1.00006140261416,329929282.694854,329916141.945205,329.929282694854
USDC,2023-07-20,1.00006140261416,1.00111127597054,0.994363482247852,1.00007863171782,153940092.316317,153926183.475753,153.940092316317
USDC,2023-07-21,1.00007863171782,1.00034042308785,1.00000130684987,1.00021127619535,157673430.7895,157651062.808579,157.6734307895
USDC,2023-07-22,1.00021127619535,1.00075130003261,1.00006591725198,1.00017284601798,138103427.734939,138075943.662574,138.103427734939
USDC,2023-07-23,1.00017284601798,1.00027825264161,0.999844785372702,1.00007228188101,72990150.8101601,72981310.8508648,72.9901508101601
USDC,2023-07-24,1.00007228188101,1.00053816739268,0.999874649181245,1.00019115774962,218168948.010724,218146454.176979,218.168948010724
USDC,2023-07-25,1.00019115774962,1.0003275394733,0.997899667189269,1.00020323315945,147372771.433506,144386573.898921,147.37277143350602
USDC,2023-07-26,1.00020323315945,1.00030046207057,0.999984748680669,1.00009565337546,191017572.114763,190987353.644875,191.017572114763
USDC,2023-07-27,1.00009565337546,1.00022614149236,0.999865137487779,0.999956713272049,199518953.329196,199512685.90351,199.518953329196
USDC,2023-07-28,0.999956713272049,1.00294840495939,0.999713669786675,1.00016602420942,163159327.880087,163143388.232736,163.15932788008698
USDC,2023-07-29,1.00016602420942,1.00370580252944,0.999776976171747,1.0001760338388,61096175.0366407,61087663.8143657,61.0961750366407
USDC,2023-07-30,1.0001760338388,1.00053421892756,0.99994623118775,1.00018138472402,96081672.4883768,96059363.978294,96.0816724883768
USDC,2023-07-31,1.00018138472402,1.00029192974213,0.999547029843556,1.00004991901418,337376932.204808,337379412.078957,337.376932204808
USDC,2023-08-01,1.00004991901418,1.0003879635568,0.999888435343455,1.00023758481763,620405458.083616,620330058.379881,620.405458083616
USDC,2023-08-02,1.00023758481763,1.00035491296395,0.99999585401802,1.00013440665541,533866715.089574,533759586.802147,533.866715089574
USDC,2023-08-03,1.00013440665541,1.00020921276127,0.999876371359333,1.00011360730782,471085151.624242,471056136.061573,471.08515162424203
USDC,2023-08-04,1.00011360730782,1.00025400602606,0.99665592770533,1.00013284100689,544237426.566378,544187998.9343,544.237426566378
USDC,2023-08-05,1.00013284100689,1.00041456234025,1.00005691635279,1.00024273593097,215385518.896,215338208.54551,215.385518896
USDC,2023-08-06,1.00024273593097,1.00048456803526,1.00014420285973,1.0003123047109,226146287.648597,226085957.303627,226.146287648597
USDC,2023-08-07,1.0003123047109,1.00082220601612,1.00010894439142,1.00018485193319,637678655.412145,637459738.857943,637.678655412145
USDC,2023-08-08,1.00018485193319,1.00033953373084,1.0000582508648,1.0001108521951,637502233.008894,637363787.596395,637.502233008894
USDC,2023-08-09,1.0001108521951,1.00024353150676,0.999921408133346,1.00012930600064,428286687.093434,428238031.016598,428.28668709343395
USDC,2023-08-10,1.00012930600064,1.00029799751619,0.999921963700388,1.00012330067966,363913102.437303,363873153.105694,363.913102437303
USDC,2023-08-11,1.00012330067966,1.00037614094053,0.999834507445966,1.00023667421128,420731034.21197,420643479.172836,420.73103421197
USDC,2023-08-12,1.00023667421128,1.00050645331389,1.00003142790588,1.00024072646464,190184872.597929,190125925.059023,190.184872597929
USDC,2023-08-13,1.00024072646464,1.00041347593272,1.000049726659,1.00021613676184,159443553.159193,159409901.810501,159.44355315919302
USDC,2023-08-14,1.00021613676184,1.00033119712025,0.999920157193343,1.00017488266909,608436901.201238,608335660.922516,608.436901201238
USDC,2023-08-15,1.00017488266909,1.00035831839676,1.00003013395839,1.00004859769848,551807080.808845,551703054.91664,551.8070808088451
USDC,2023-08-16,1.00004859769848,1.00032744593432,0.999984453330613,1.0001279982304,542713331.404169,542640202.38395,542.7133314041689
USDC,2023-08-17,1.0001279982304,1.00077678670768,0.999673682053446,1.00043709577056,982392524.223603,982171579.352764,982.392524223603
USDC,2023-08-18,1.00043709577056,1.00043709577056,0.999880756779634,1.00012554864042,842926086.268603,842835156.781386,842.926086268603
USDC,2023-08-19,1.00012554864042,1.0002420995087,0.999988490937169,1.00013337969588,336364536.498164,336319315.473743,336.364536498164
USDC,2023-08-20,1.00013337969588,1.00024479850022,1.00001295585324,1.0000637670628,241900957.042567,241871252.54661,241.900957042567
USDC,2023-08-21,1.0000637670628,1.00026169233099,0.999888046563039,1.00007664547593,472829702.217179,472769569.824228,472.829702217179
USDC,2023-08-22,1.00007664547593,1.00021955024805,0.999843123799415,0.999994073803463,520198114.390461,520171452.809421,520.198114390461
USDC,2023-08-23,0.999994073803463,1.00041342678869,0.999897162718438,1.00011743580379,496656693.11989,496608253.512711,496.65669311988995
USDC,2023-08-24,1.00011743580379,1.00027289007587,0.999921331990493,1.00004859510927,409993884.020948,409946104.829281,409.993884020948
USDC,2023-08-25,1.00004859510927,1.00020666524507,0.999979349200508,1.00010200000432,404984970.228068,404938862.625603,404.984970228068
USDC,2023-08-26,1.00010200000432,1.00029284922466,0.999967502906119,1.00014262497668,257208978.920909,257169797.736669,257.208978920909
USDC,2023-08-27,1.00014262497668,1.0002668576782,0.999909032801225,1.00011443463621,192114407.867394,192105269.632949,192.114407867394
USDC,2023-08-28,1.00011443463621,1.00023423217162,0.99989809748019,1.00008610993018,526630664.601452,526572405.53628,526.6306646014519
USDC,2023-08-29,1.00008610993018,1.00071817078881,0.999978293556545,0.999978293556545,802643051.4115,802453875.452963,802.6430514115
USDC,2023-08-30,0.999978293556545,1.00046749872421,0.999906079061073,1.0000928751316,562824321.126508,562803768.996592,562.824321126508
USDC,2023-08-31,1.0000928751316,1.00029488578698,0.999861200821758,1.00017250762779,491916162.01244,491881411.957749,491.91616201244
USDC,2023-09-01,1.00017250762779,1.00024254381435,0.999952495110635,1.00007958370049,563879318.568645,563803858.609059,563.879318568645
USDC,2023-09-02,1.00007958370049,1.0002678838175,0.999970956474121,1.00010209205215,272671176.04133,272646528.499278,272.67117604133
USDC,2023-09-03,1.00010209205215,1.00026913907419,0.999978501704695,1.00004623626671,248040099.928569,248012216.316968,248.040099928569
USDC,2023-09-04,1.00004623626671,1.00016427508103,0.999835348443981,0.999950559949718,352071784.695531,352066803.400484,352.071784695531
USDC,2023-09-05,0.999950559949718,1.00019176044875,0.999906950308596,1.00001174822926,494992182.980115,494971963.694526,494.992182980115
USDC,2023-09-06,1.00001174822926,1.00037645662317,0.999969259302835,1.00027360046888,454625236.62809,454551617.846477,454.62523662809
USDC,2023-09-07,1.00027360046888,1.0004070412926,0.995677227602965,1.00029714342104,357346414.039692,357276156.781381,357.346414039692
USDC,2023-09-08,1.00029714342104,1.00030375428849,0.999957554114297,1.00015207232504,421951457.424939,421868689.110101,421.95145742493895
USDC,2023-09-09,1.00015207232504,1.00037699598318,1.00004498630056,1.00031541153314,185355236.247234,185312759.371265,185.355236247234
USDC,2023-09-10,1.00031541153314,1.00037901072284,0.999974571586891,1.00017920646584,215154526.986499,215111578.258903,215.154526986499
USDC,2023-09-11,1.00017920646584,1.00022337726435,0.99996486184937,1.0001352188647,478511778.458781,478468462.919052,478.511778458781
USDC,2023-09-12,1.0001352188647,1.00028934393868,0.999988145459386,1.00007161180258,600944774.471402,600862371.605449,600.9447744714021
USDC,2023-09-13,1.00007161180258,1.00032429370152,0.999996008250652,1.00013018039917,506729324.948307,506649342.580997,506.72932494830695
USDC,2023-09-14,1.00013018039917,1.00030861845829,0.99994892510881,1.00011351022506,488332001.899609,488268124.162056,488.33200189960905
USDC,2023-09-15,1.00011351022506,1.00020953476155,0.999927567964959,1.00005243908586,454647360.369205,454603847.625986,454.647360369205
USDC,2023-09-16,1.00005243908586,1.00030945908989,1.00004090968582,1.00015214680283,193207571.049612,193172171.730607,193.207571049612
USDC,2023-09-17,1.00015214680283,1.0003576960754,1.0000937517224,1.00016147327901,143586156.145968,143555420.826698,143.58615614596798
USDC,2023-09-18,1.00016147327901,1.00033702344996,1.00004081253343,1.00017227223805,533596520.636599,533487516.084427,533.596520636599
USDC,2023-09-19,1.00017227223805,1.00022486182585,0.999956258335789,1.00008281809285,408503334.510143,408445974.876705,408.50333451014296
USDC,2023-09-20,1.00008281809285,1.00027998733998,0.999354245951811,0.999965234555116,425618638.140908,425565224.009304,425.618638140908
USDC,2023-09-21,0.999965234555116,1.00020111552508,0.999861894317489,1.00013785387533,353849498.986636,353839107.053158,353.849498986636
USDC,2023-09-22,1.00013785387533,1.00037553130133,1.00000229679509,1.00028681962253,340847321.213741,340777894.160947,340.847321213741
USDC,2023-09-23,1.00028681962253,1.00067968899153,1.00020816450385,1.0005543529489,194277073.596272,194182837.51053,194.277073596272
USDC,2023-09-24,1.0005543529489,1.0009222364852,1.000175696872,1.00084203320852,121534664.184124,121473521.077313,121.534664184124
USDC,2023-09-25,1.00084203320852,1.00084203320852,1.00006252944472,1.00008281512501,441694328.200012,441566465.246005,441.694328200012
USDC,2023-09-26,1.00008281512501,1.00034755103235,0.99997567709324,1.00024696953006,394839677.526991,394760815.25874,394.839677526991
USDC,2023-09-27,1.00024696953006,1.0003173300162,1.00000418267577,1.00018800152506,437058311.310513,436985887.690805,437.05831131051303
USDC,2023-09-28,1.00018800152506,1.00037663074596,0.999172383900252,1.00021383089865,565518702.874823,565406975.004216,565.518702874823
USDC,2023-09-29,1.00021383089865,1.00022311073431,0.999966566147828,1.00010858649709,402882912.68375,402835540.751394,402.88291268374996
USDC,2023-09-30,1.00010858649709,1.00031088343411,0.999990734220551,1.00005506599278,269886433.77916,269858378.524536,269.88643377916003
USDC,2023-10-01,1.00005506599278,1.00041174080571,0.999927355627061,1.00014387656801,257711669.42938,257675591.360471,257.71166942938
USDC,2023-10-02,1.00014387656801,1.00034558577513,0.999867662067115,1.0000136718061,811068990.235443,810999031.312155,811.068990235443
USDC,2023-10-03,1.0000136718061,1.00009660073063,0.999808179489177,1.00001678264723,453910022.026616,453928492.248264,453.910022026616
USDC,2023-10-04,1.00001678264723,1.000158721466,0.999908435984798,1.00015329960857,395443731.975229,395444715.969352,395.443731975229
USDC,2023-10-05,1.00015329960857,1.00021996473241,0.999844891210652,1.00001447328838,477248396.308695,477233323.529343,477.248396308695
USDC,2023-10-06,1.00001447328838,1.00017514029958,0.999855529717923,1.00002892722227,424328789.666156,424306247.538793,424.328789666156
USDC,2023-10-07,1.00002892722227,1.0001689468569,0.999898703464279,1.00005536474127,179193383.296138,179191632.974926,179.193383296138
USDC,2023-10-08,1.00005536474127,1.00023810615352,0.999838416509456,1.0000287764477,321913894.918445,321892343.797255,321.913894918445
USDC,2023-10-09,1.0000287764477,1.00030836476263,0.999825638331759,1.00004884862608,505670100.931556,505643799.747081,505.67010093155596
USDC,2023-10-10,1.00004884862608,1.00022769784623,0.999915659609354,1.00003352801372,543270573.621273,543251893.659423,543.270573621273
USDC,2023-10-11,1.00003352801372,1.00025970066222,0.996743154742774,1.00011066649903,632137065.793158,632099766.45772,632.1370657931581
USDC,2023-10-12,1.00011066649903,1.00037044458705,1.00000968903502,1.00022288094574,434227779.124396,434144704.595733,434.227779124396
USDC,2023-10-13,1.00022288094574,1.00031856268301,1.00006966399872,1.00015362696195,418028571.861308,417946000.697254,418.02857186130797
USDC,2023-10-14,1.00015362696195,1.00032801628483,1.00003967362141,1.00028100945719,153449586.564493,153418287.504531,153.449586564493
USDC,2023-10-15,1.00028100945719,1.0003549171519,1.00004402970164,1.00012558199027,267075144.9688,267036436.978005,267.07514496880003
USDC,2023-10-16,1.00012558199027,1.000272643343,0.999914544675515,1.00016117727301,945026375.577469,944917457.84625,945.026375577469
USDC,2023-10-17,1.00016117727301,1.00018179364408,0.999914478798594,1.00003901241885,679276771.877703,679228892.823958,679.2767718777029
USDC,2023-10-18,1.00003901241885,1.00121253700623,0.999901651783173,1.00012318865948,568624441.982913,568592540.996688,568.624441982913
USDC,2023-10-19,1.00012318865948,1.00022177423263,0.999898183933353,1.00015433947004,609448312.091233,609394496.294729,609.448312091233
USDC,2023-10-20,1.00015433947004,1.0001676384645,0.99985037393202,1.00002176572822,789160469.517004,789125469.5965,789.160469517004
USDC,2023-10-21,1.00002176572822,1.00012795216442,0.999883696443216,1.00001425055515,264678823.119551,264678054.364008,264.678823119551
USDC,2023-10-22,1.00001425055515,1.00018038306273,0.999897528863994,1.00015056066803,364199229.900913,364190079.987478,364.199229900913
USDC,2023-10-23,1.00015056066803,1.00028288716958,0.999556915612067,0.99998738125093,1026899909.27124,1026873685.60021,1026.89990927124
USDC,2023-10-24,0.99998738125093,1.00061322036021,0.999399942175597,1.00014897222346,1137351308.39877,1137393189.82733,1137.35130839877
USDC,2023-10-25,1.00014897222346,1.00028201746716,0.99999302571382,1.00013691753776,720457790.666977,720359191.822361,720.4577906669771
USDC,2023-10-26,1.00013691753776,1.00022921991083,0.999887273085533,1.00010728961552,635190391.130017,635161056.536362,635.190391130017
USDC,2023-10-27,1.00010728961552,1.00014715726464,0.999898260186949,1.00013511069462,529116473.457676,529082093.707237,529.116473457676
USDC,2023-10-28,1.00013511069462,1.00023859931771,0.999991307791159,1.00019498050863,219426682.42735,219398543.289807,219.42668242735002
USDC,2023-10-29,1.00019498050863,1.00025599678787,1.00001318347637,1.00014220917065,271907966.610772,271868276.984304,271.907966610772
USDC,2023-10-30,1.00014220917065,1.0002295370289,0.999943344195547,1.00007197682319,578619501.269302,578579966.229005,578.619501269302
USDC,2023-10-31,1.00007197682319,1.00015811919359,0.99990988318737,1.00001649165413,552684360.744389,552663434.893773,552.6843607443891
USDC,2023-11-01,1.00001649165413,1.00018189524871,0.999860706345636,1.00010836720848,682063968.16424,682053722.886096,682.06396816424
USDC,2023-11-02,1.00010836720848,1.00017253417642,0.99988010119708,1.00000237975386,849196588.13119,849176710.770177,849.19658813119
USDC,2023-11-03,1.00000237975386,1.0002257291355,0.99992201090395,1.00020017075983,638410382.674385,638354470.924505,638.410382674385
USDC,2023-11-04,1.00020017075983,1.00029814537322,1.00007866263718,1.00021189637729,308127385.273191,308064153.335958,308.12738527319095
USDC,2023-11-05,1.00021189637729,1.00035253852747,0.999954328169337,1.00013840697743,442704716.120539,442672154.925399,442.704716120539
USDC,2023-11-06,1.00013840697743,1.00013840697743,0.999857256125427,1.00002927161217,707822631.849393,707792349.79713,707.822631849393
USDC,2023-11-07,1.00002927161217,1.00022796485363,0.999934446603578,1.00004237543433,760992911.56532,760934554.208905,760.99291156532
USDC,2023-11-08,1.00004237543433,1.00017986216608,0.999840513650992,1.00004843826091,614128953.863896,614123044.617975,614.128953863896
USDC,2023-11-09,1.00004843826091,1.00012800044179,0.999699018913243,0.999873096371952,1104972047.52383,1105019159.99825,1104.97204752383
USDC,2023-11-10,0.999873096371952,1.00018275660548,0.999784010080633,0.999784010080633,900651873.755857,900657183.514603,900.651873755857
USDC,2023-11-11,0.999784010080633,1.00009159451391,0.999761831558764,0.999875280421219,484922200.988211,484961670.206982,484.922200988211
USDC,2023-11-12,0.999875280421219,1.00013630995803,0.99970531686644,0.999793885401456,394949981.570639,394969895.472211,394.949981570639
USDC,2023-11-13,0.999793885401456,1.00015075412173,0.999704298134596,0.999963717271147,945870472.080989,945873522.782452,945.870472080989
USDC,2023-11-14,0.999963717271147,1.00012828505595,0.999730034790234,1.00000327348458,810936032.706946,810966527.428632,810.936032706946
USDC,2023-11-15,1.00000327348458,1.00027666642829,0.999891988029118,1.00013451118556,964097546.690704,964015371.066625,964.097546690704
USDC,2023-11-16,1.00013451118556,1.00022036886312,0.999745098612623,0.999943513295469,528556310.763437,528577804.986622,528.556310763437
USDC,2023-11-17,0.999943513295469,1.00014998220091,0.999834796294071,0.999972287172217,622372646.804058,622377304.841146,622.3726468040579
USDC,2023-11-18,0.999972287172217,1.00018434538917,0.999839889552355,1.00011695923519,507921658.963105,507919696.257099,507.921658963105
USDC,2023-11-19,1.00011695923519,1.00015381374339,0.999796270737995,1.000040672005,421148595.766199,421142271.940012,421.148595766199
USDC,2023-11-20,1.000040672005,1.00019501072097,0.999637588770792,0.999980286873707,892403418.79406,892408083.591234,892.40341879406
USDC,2023-11-21,0.999980286873707,1.00020795025261,0.999774754596303,0.999957878353872,877389691.535809,877415217.134447,877.389691535809
USDC,2023-11-22,0.999957878353872,1.00022757417136,0.999838052525956,1.00004542834772,746890969.410699,746886954.10796,746.890969410699
USDC,2023-11-23,1.00004542834772,1.00019615008015,0.999828622381216,1.00004359496742,576335768.91863,576341809.672555,576.33576891863
USDC,2023-11-24,1.00004359496742,1.00018488648982,0.999731790408433,0.999818300215727,793070567.95597,793092584.555358,793.0705679559701
USDC,2023-11-25,0.999818300215727,1.00002810581192,0.999242630874231,0.999563900425425,415312895.179692,415441886.510079,415.31289517969196
USDC,2023-11-26,0.999563900425425,0.999835383767461,0.99836309007843,0.999735199736025,385420184.876653,385574290.705003,385.420184876653
USDC,2023-11-27,0.999735199736025,1.00019379242938,0.999680047880905,0.999979485003925,695133063.973762,695158146.497923,695.1330639737621
USDC,2023-11-28,0.999979485003925,1.00021722101785,0.999802794558254,0.999900494854352,688885293.180361,688886634.161734,688.885293180361
USDC,2023-11-29,0.999900494854352,1.00011872383586,0.999715749759975,1.00010108202558,860435910.339975,860510396.88828,860.435910339975
USDC,2023-11-30,1.00010108202558,1.00014706993637,0.999845764881671,1.00001907922361,634268396.079701,634275981.483621,634.2683960797009
USDC,2023-12-01,1.00001907922361,1.00011257811048,0.999725023011637,0.999876836975568,783474237.274819,783539717.382684,783.474237274819
USDC,2023-12-02,0.999876836975568,1.00012977767651,0.999695052413396,0.999787298902595,426805982.953501,426878715.427628,426.805982953501
USDC,2023-12-03,0.999787298902595,0.999891715156939,0.999362953355098,0.99980199853299,413149246.05513,413287663.712389,413.14924605513
USDC,2023-12-04,0.99980199853299,1.00004982589477,0.999226659195084,0.999894104885356,1027217327.74514,1027433717.20034,1027.21732774514
USDC,2023-12-05,0.999894104885356,1.00024919190502,0.999695508585998,1.00022106947723,830783830.165048,830834582.643476,830.783830165048
USDC,2023-12-06,1.00022106947723,1.00033844787448,0.999927683810726,1.00018729384518,748263016.641525,748169101.79161,748.263016641525
USDC,2023-12-07,1.00018729384518,1.00035871119744,0.999990243300282,1.00009825852835,782087237.465709,781943449.375367,782.087237465709
USDC,2023-12-08,1.00009825852835,1.00026471921399,0.999928119289351,0.999928215573555,840037112.36731,839934579.811419,840.0371123673101
USDC,2023-12-09,0.999928215573555,1.00029494532576,0.999916217367937,1.00012691138807,520991856.395259,520946110.530711,520.991856395259
USDC,2023-12-10,1.00012691138807,1.00029643377258,0.999965280079082,1.00011891798832,442608174.505516,442557923.473256,442.608174505516
USDC,2023-12-11,1.00011891798832,1.00034431606962,0.999903301999529,1.00019982940156,1219439687.84668,1219277272.63899,1219.4396878466798
USDC,2023-12-12,1.00019982940156,1.00040101616247,0.999985246638982,1.00028369940046,868862286.781729,868724449.325804,868.8622867817289
USDC,2023-12-13,1.00028369940046,1.00041798558293,0.999981676633871,1.00008342679842,945681081.916402,945475703.506843,945.681081916402
USDC,2023-12-14,1.00008342679842,1.00031683669548,0.999874059258716,1.00005638606438,813472028.721785,813397056.541795,813.4720287217849
USDC,2023-12-15,1.00005638606438,1.00044577200011,0.999853427701313,1.00016360518876,866380502.588441,866222409.89118,866.380502588441
USDC,2023-12-16,1.00016360518876,1.00041169234015,1.00005135739562,1.00026665005371,454116471.8823,454016510.507021,454.1164718823
USDC,2023-12-17,1.00026665005371,1.00053936819683,1.00007966284009,1.00032322007753,432352613.08216,432235208.663421,432.35261308216
USDC,2023-12-18,1.00032322007753,1.0006590824023,1.00000864816855,1.00020626518968,739639534.080971,739425440.912253,739.639534080971
USDC,2023-12-19,1.00020626518968,1.00095238188049,0.999914040359444,1.000226934702,793053045.626078,792891322.885542,793.053045626078
USDC,2023-12-20,1.000226934702,1.00047942189551,0.999792971818729,1.00003258656773,766509987.41467,766399492.693024,766.50998741467
USDC,2023-12-21,1.00003258656773,1.00030826012369,0.999917869851388,1.00011615116215,682027372.709245,681959412.413459,682.027372709245
USDC,2023-12-22,1.00011615116215,1.0003075593722,0.999892417180522,1.00012485519526,845025305.187129,844905351.991345,845.025305187129
USDC,2023-12-23,1.00012485519526,1.00025359134013,0.999779810427453,1.00020596918036,482421740.926446,482376100.95946,482.42174092644603
USDC,2023-12-24,1.00020596918036,1.00032744707213,0.99996279060728,1.00019184588121,576407384.209469,576319098.919484,576.407384209469
USDC,2023-12-25,1.00019184588121,1.00028452539097,0.999995050511305,1.00025660723951,586714644.102481,586624175.2865,586.714644102481
USDC,2023-12-26,1.00025660723951,1.00033924025435,0.999976533114847,1.00022498022376,834195279.62259,834077538.691674,834.19527962259
USDC,2023-12-27,1.00022498022376,1.00058568129559,0.999972001202335,1.00007549553621,1088217024.21219,1088008438.81383,1088.21702421219
USDC,2023-12-28,1.00007549553621,1.00033892914176,0.999823352237436,1.0002848471429,1082084037.79211,1081967924.55288,1082.08403779211
USDC,2023-12-29,1.0002848471429,1.00037104402588,0.999874678441539,1.00018715692346,1013342743.67353,1013187292.98689,1013.34274367353
USDC,2023-12-30,1.00018715692346,1.0003142848082,1.00002807058689,1.0002300194251,505401294.344105,505308856.617614,505.401294344105
USDC,2023-12-31,1.0002300194251,1.00025867472652,0.999927182106476,1.00011299431437,501854645.856107,501798379.499292,501.85464585610697
USDC,2024-01-01,1.00011299431437,1.00038209500534,0.99996184402387,1.00022472708614,470133585.950168,470068385.144336,470.133585950168
USDC,2024-01-02,1.00022472708614,1.00036252917711,0.999832643817131,1.00003404701054,1078914761.47326,1078841281.19294,1078.91476147326
USDC,2024-01-03,1.00003404701054,1.01060607412387,0.98518141267187,0.999987960324126,1637288507.61697,1637340645.14555,1637.28850761697
USDC,2024-01-04,0.999987960324126,1.00019831846262,0.999756299480967,0.99999965425381,1079201687.11215,1079137643.17973,1079.20168711215
USDC,2024-01-05,0.99999965425381,1.00021545073201,0.999558090792601,1.00008791041117,1110982449.07932,1110986560.08524,1110.9824490793198
USDC,2024-01-06,1.00008791041117,1.0001160419609,0.999830625095618,1.00002004673055,434622854.517457,434621147.489999,434.62285451745703
USDC,2024-01-07,1.00002004673055,1.00013951260704,0.999732190460085,1.00000373859347,387501930.665168,387510007.010084,387.501930665168
USDC,2024-01-08,1.00000373859347,1.00023212401733,0.999760268391747,1.00005162893216,1063124602.7123,1063073846.09228,1063.1246027123
USDC,2024-01-09,1.00005162893216,1.0003095034215,0.999812896003543,1.00000084497887,1113843795.49425,1113783083.24601,1113.8437954942501
USDC,2024-01-10,1.00000084497887,1.00033682794176,0.999846873212423,1.00000459831415,1242486933.81318,1242364618.22743,1242.48693381318
USDC,2024-01-11,1.00000459831415,1.00020399823111,0.999694731886134,1.00005952099073,1782534783.82026,1782532565.92017,1782.5347838202601
USDC,2024-01-12,1.00005952099073,1.00038888146308,0.999852526114364,1.00011397043496,1450649564.61418,1450550394.60586,1450.64956461418
USDC,2024-01-13,1.00011397043496,1.00023321020848,0.999383634313692,1.00012343747132,561818153.212396,561739683.936182,561.818153212396
USDC,2024-01-14,1.00012343747132,1.00019200540444,0.999718276499524,0.999999792562894,470104447.924636,470071132.89735,470.104447924636
USDC,2024-01-15,0.999999792562894,1.00029349050868,0.99974424961278,1.00007924731459,812569850.262057,812476395.554574,812.569850262057
USDC,2024-01-16,1.00007924731459,1.00029349724235,0.999949033636413,1.00010576254678,1091664755.0074,1091520571.61993,1091.6647550074001
USDC,2024-01-17,1.00010576254678,1.00029366765637,0.999822028769904,1.00012244166004,1004521185.15587,1004452638.88723,1004.52118515587
USDC,2024-01-18,1.00012244166004,1.00132806495362,0.999801295153462,1.00024360648376,1067861824.81508,1066984852.91682,1067.8618248150801
USDC,2024-01-19,1.00024360648376,1.0005184404551,1.00000050741479,1.00024723715336,1015587313.58225,1015411473.35122,1015.58731358225
USDC,2024-01-20,1.00024723715336,1.00061229539315,1.00006015253797,1.00039904349668,390595181.750982,390498001.962197,390.59518175098196
USDC,2024-01-21,1.00039904349668,1.00105181303042,1.0000968004072,1.00042880302826,366696707.303466,366539347.544583,366.69670730346604
USDC,2024-01-22,1.00042880302826,1.00056486341343,1.00005110621523,1.00016543783189,1034796853.04481,1034489341.22719,1034.79685304481
USDC,2024-01-23,1.00016543783189,1.00038366354881,0.999981816291416,1.00021184270672,995758029.561238,995563002.81069,995.758029561238
USDC,2024-01-24,1.00021184270672,1.00041076372733,1.00002413720765,1.00025300442374,858118960.434272,857912685.12798,858.118960434272
USDC,2024-01-25,1.00025300442374,1.00032976373677,0.99995694583047,1.0001804211408,725454043.258041,725351788.897379,725.454043258041
USDC,2024-01-26,1.0001804211408,1.00047832165559,1.00002304645498,1.00017388231716,945649136.920767,945428480.949325,945.649136920767
USDC,2024-01-27,1.00017388231716,1.000266111556,1.00000665677542,1.00017065339663,305025204.934044,304979670.627585,305.025204934044
USDC,2024-01-28,1.00017065339663,1.0002436712217,0.999953492936554,1.00010669712201,329835565.413826,329798044.506394,329.835565413826
USDC,2024-01-29,1.00010669712201,1.00040687903417,0.999963882827737,1.00008992259185,798703745.923702,798580691.23309,798.703745923702
USDC,2024-01-30,1.00008992259185,1.00023623811201,0.998828424222815,1.00012906026898,1193564869.5388,1193434873.20213,1193.5648695388
USDC,2024-01-31,1.00012906026898,1.00033934549642,0.999915724292362,0.999950617049236,1712786412.75987,1712514149.37527,1712.78641275987
USDC,2024-02-01,0.999950617049236,1.00037461617581,0.999822974594448,1.00010092163802,1132498968.84555,1132402470.43431,1132.49896884555
USDC,2024-02-02,1.00010092163802,1.0002539890466,0.999927087191884,1.00020148652561,947742850.212408,947642874.42497,947.7428502124079
USDC,2024-02-03,1.00020148652561,1.00030170047942,1.00003226627599,1.00020933948265,378125814.426666,378063606.761118,378.125814426666
USDC,2024-02-04,1.00020933948265,1.00036433585004,1.00008903603267,1.00018471174716,436165245.864719,436055703.624158,436.165245864719
USDC,2024-02-05,1.00018471174716,1.00038864079728,0.999993590748158,1.0001557191052,986388294.794581,986227139.932894,986.388294794581
USDC,2024-02-06,1.0001557191052,1.00030949873022,0.9999928296266,1.00011083102439,1008785054.69371,1008603411.37077,1008.78505469371
USDC,2024-02-07,1.00011083102439,1.00035851651267,0.999939139401877,1.0000120741351,1511522250.20983,1511262524.53599,1511.52225020983
USDC,2024-02-08,1.0000120741351,1.00020062009819,0.999832959358161,0.999991251979641,1787844274.08867,1787860737.18062,1787.84427408867
USDC,2024-02-09,0.999991251979641,1.00027746091637,0.999784230026448,1.00002865744273,1721905729.27377,1721822049.87292,1721.90572927377
USDC,2024-02-10,1.00002865744273,1.00021862107555,0.999907762605515,1.00012248741817,767763516.022206,767698230.973861,767.763516022206
USDC,2024-02-11,1.00012248741817,1.00022882749356,0.999894332407418,1.00009439742146,586678372.113348,586611836.735609,586.678372113348
USDC,2024-02-12,1.00009439742146,1.00032904797462,0.999917377692298,1.00002091103256,1083347611.14666,1083259012.65611,1083.34761114666
USDC,2024-02-13,1.00002091103256,1.00033215189813,0.999893338199215,1.00013521840226,1059927533.65418,1059883916.08733,1059.92753365418
USDC,2024-02-14,1.00013521840226,1.00025347254111,0.99987053654171,0.999978886063644,1069203572.04995,1069157176.27202,1069.20357204995
USDC,2024-02-15,0.999978886063644,1.00008882973518,0.999616338018536,0.999872318883153,1202464577.27121,1202625176.7798,1202.46457727121
USDC,2024-02-16,0.999872318883153,1.00014105491086,0.999550277418185,0.999953765649897,931430522.9994,931532735.473923,931.4305229994001
USDC,2024-02-17,0.999953765649897,1.00084395712272,0.998443450448542,1.0000000599656,459807228.821717,459840780.040471,459.80722882171705
USDC,2024-02-18,1.0000000599656,1.00014579742454,0.998831434541326,1.00004917091394,423457764.306785,423465677.509189,423.457764306785
USDC,2024-02-19,1.00004917091394,1.00008426795677,0.99943793297595,0.99980066925214,759943895.287857,760034579.852144,759.943895287857
USDC,2024-02-20,0.99980066925214,1.00012058950225,0.999172403215531,0.999822716091426,1177910366.03978,1178038525.68421,1177.91036603978
USDC,2024-02-21,0.999822716091426,1.00016170070133,0.999219950325643,1.00004125267957,1002341578.34009,1002486358.18129,1002.34157834009
USDC,2024-02-22,1.00004125267957,1.00034177319423,0.999007383753724,0.999896255998517,1260348297.37406,1260257115.32158,1260.34829737406
USDC,2024-02-23,0.999896255998517,1.00018319738529,0.999239750060849,1.00006522893501,1056105170.06821,1056377032.60696,1056.10517006821
USDC,2024-02-24,1.00006522893501,1.00037751222867,0.999777427277404,1.00029102117529,547582787.102269,547530408.584122,547.5827871022691
USDC,2024-02-25,1.00029102117529,1.00053745347441,0.999822710324162,1.00005113420934,470314894.279325,470247737.07832,470.314894279325
USDC,2024-02-26,1.00005113420934,1.00053997675904,0.999584935086937,0.999785877648313,1574070375.42832,1574123275.22987,1574.07037542832
USDC,2024-02-27,0.999785877648313,1.0000171064025,0.999326377431607,0.999924627959454,1749129216.02335,1749519189.34883,1749.12921602335
USDC,2024-02-28,0.999924627959454,1.00006848574187,0.998981750949172,0.99979078016899,2068329224.35184,2068647303.32504,2068.32922435184
USDC,2024-02-29,0.99979078016899,1.00019858743876,0.999642244900546,0.999909356646034,2083566844.78101,2083859585.45926,2083.56684478101
USDC,2024-03-01,0.999909356646034,1.00012595357359,0.999712712778384,0.99995871619183,1604371049.09287,1604485954.23838,1604.37104909287
USDC,2024-03-02,0.99995871619183,1.00002275861894,0.99955861939478,0.999834525967586,1085324888.9105,1085492176.68846,1085.3248889105
USDC,2024-03-03,0.999834525967586,1.00019242512962,0.999683946910435,0.999899526998839,855574312.810643,855640720.034595,855.5743128106429
USDC,2024-03-04,0.999899526998839,1.00025729943789,0.999544581523601,0.999670830134272,2060777382.92254,2060916753.10347,2060.77738292254
USDC,2024-03-05,0.999670830134272,1.00053432730602,0.999407442338578,1.00000948930998,3044741441.46177,3045498076.38819,3044.74144146177
USDC,2024-03-06,1.00000948930998,1.0002029490242,0.999094055650572,0.999755899861876,2458303081.20339,2458479800.07438,2458.3030812033903
USDC,2024-03-07,0.999755899861876,1.00021117115286,0.999321197695929,0.999724543429607,2226682934.71609,2226988493.06907,2226.68293471609
USDC,2024-03-08,0.999724543429607,1.00005932467717,0.99859727804627,0.99963540825849,2367174471.42975,2367897150.16721,2367.17447142975
USDC,2024-03-09,0.99963540825849,0.999908615895658,0.998894377869957,0.999470161898292,1050029709.87334,1050476244.26917,1050.02970987334
USDC,2024-03-10,0.999470161898292,0.999744460682967,0.998765310551122,0.999655165617437,1330461519.68043,1331178081.7432,1330.46151968043
USDC,2024-03-11,0.999655165617437,0.999949547468384,0.999427108686756,0.999776064698523,2488647376.53774,2489666853.15802,2488.6473765377405
USDC,2024-03-12,0.999776064698523,1.00003625239859,0.999099446883125,0.999653311670794,2378532788.0106,2379291456.36351,2378.5327880106
USDC,2024-03-13,0.999653311670794,1.00037601606183,0.999332767427225,0.999750029014482,1952589820.1189,1953372528.79772,1952.5898201189
USDC,2024-03-14,0.999750029014482,1.00168692156876,0.999572670614029,0.999913005614484,2639815152.16482,2640659977.18341,2639.81515216482
USDC,2024-03-15,0.999913005614484,1.00035019438393,0.99975945218934,1.0000321628598,3198186316.40406,3198228399.93202,3198.18631640406
USDC,2024-03-16,1.0000321628598,1.00025033771259,0.999822958763713,1.00015150931463,1591923827.07575,1591905037.92107,1591.92382707575
USDC,2024-03-17,1.00015150931463,1.0004889511625,1.0000363185343,1.00019553084175,1623414574.60837,1623014291.89193,1623.41457460837
USDC,2024-03-18,1.00019553084175,1.00034092566704,0.999046052835979,0.999959281882486,2142105036.74321,2141929216.94343,2142.10503674321
USDC,2024-03-19,0.999959281882486,1.00056693295571,0.998196559084425,1.00039718507132,3182517717.95699,3182043288.37102,3182.5177179569896
USDC,2024-03-20,1.00039718507132,1.00045921507347,0.999911248599901,1.00011447336912,2780764800.85898,2780143232.6644,2780.7648008589804
USDC,2024-03-21,1.00011447336912,1.00041973634455,0.999840606869345,1.00035877534366,2198517866.98097,2198037238.86558,2198.5178669809698
USDC,2024-03-22,1.00035877534366,1.00041185027002,0.999824675065481,1.00017138921082,1916280834.80056,1916170554.16909,1916.28083480056
USDC,2024-03-23,1.00017138921082,1.00023142990983,0.999803161629427,1.00011796475988,1392594129.66266,1392259596.60367,1392.59412966266
USDC,2024-03-24,1.00011796475988,1.00031979904187,0.999816498967102,1.0001689393083,1293367609.14308,1293266349.53926,1293.36760914308
USDC,2024-03-25,1.0001689393083,1.00048616649418,0.999673349318918,0.99984773167235,2192607985.21107,2192482560.01563,2192.60798521107
USDC,2024-03-26,0.99984773167235,1.00016219968778,0.998482087262392,1.00006306549773,1879968176.14229,1880146965.01705,1879.96817614229
USDC,2024-03-27,1.00006306549773,1.00016638925743,0.998772721600033,1.00006159256786,2187274657.93815,2187332705.0679,2187.27465793815
USDC,2024-03-28,1.00006159256786,1.00033007897068,0.999750819361523,1.00004639654309,1809206093.86384,1809091920.20082,1809.2060938638401
USDC,2024-03-29,1.00004639654309,1.00018549120226,0.999756641785324,1.00005937096393,1816758527.0661,1816862596.64207,1816.7585270661
USDC,2024-03-30,1.00005937096393,1.00017805440243,0.999854521186996,1.00011603984398,1223083851.04262,1223042393.22718,1223.08385104262
USDC,2024-03-31,1.00011603984398,1.00063165636966,0.999947170957727,1.00033707733296,1068129194.43232,1067928870.58256,1068.12919443232
USDC,2024-04-01,1.00033707733296,1.00115195862419,0.999941871160369,1.0000760871694,2003389948.8945,2003065850.9058,2003.3899488945
USDC,2024-04-02,1.0000760871694,1.00024711802063,0.999745768246587,1.00002233985377,3220577047.47484,3220746407.28698,3220.57704747484
USDC,2024-04-03,1.00002233985377,1.00012128283106,0.999677994585398,0.999966669363752,1881173609.51004,1881238374.2089,1881.17360951004
USDC,2024-04-04,0.999966669363752,1.00021088894845,0.999813941480123,1.00010562372354,2797449635.37197,2797368471.80366,2797.44963537197
USDC,2024-04-05,1.00010562372354,1.00015445201787,0.999709087410534,1.00006114202331,1729270432.064,1729343872.24155,1729.2704320639998
USDC,2024-04-06,1.00006114202331,1.00018071942823,0.999677798188597,1.00011775275497,591214149.239632,591192882.564201,591.214149239632
USDC,2024-04-07,1.00011775275497,1.000182059228,0.999944688944819,1.0000629767501,841192873.537254,841150526.551199,841.192873537254
USDC,2024-04-08,1.0000629767501,1.00046820617006,0.999926324883437,1.00018471971611,1768324079.51012,1767959985.74835,1768.3240795101199
USDC,2024-04-09,1.00018471971611,1.00026366117841,0.999915933777214,1.00019505946273,1825569929.30517,1825444476.41522,1825.56992930517
USDC,2024-04-10,1.00019505946273,1.00030993648457,0.999953899964182,1.00013851962368,1294455860.54263,1294299590.34511,1294.45586054263
USDC,2024-04-11,1.00013851962368,1.00026860193561,0.999979673790196,1.0001267240597,1315416134.67186,1315248592.23562,1315.41613467186
USDC,2024-04-12,1.0001267240597,1.00032118368455,0.999876714445163,1.00000505112804,2304165659.66495,2304011814.85914,2304.16565966495
USDC,2024-04-13,1.00000505112804,1.00188589374557,0.995954859261306,0.999937408681302,1703443258.85323,1703134147.57031,1703.44325885323
USDC,2024-04-14,0.999937408681302,1.0002199862843,0.999401762641833,1.00014366715769,1564637416.66399,1564894117.14992,1564.63741666399
USDC,2024-04-15,1.00014366715769,1.00021778840062,0.99919834164335,0.999852067928049,2070413051.34584,2070508666.45827,2070.41305134584
USDC,2024-04-16,0.999852067928049,1.00021514144088,0.999758393712959,1.00011434506156,1849429333.28535,1849416084.77346,1849.4293332853501
USDC,2024-04-17,1.00011434506156,1.0002276514873,0.99923162085358,1.00007523755394,1990562203.20995,1990508420.91478,1990.56220320995
USDC,2024-04-18,1.00007523755394,1.00024893614308,0.999762326899382,1.00003011805344,2311360545.44513,2311201115.78236,2311.36054544513
USDC,2024-04-19,1.00003011805344,1.00031304841589,0.999850626393839,1.00006704561989,2547368739.43025,2547287284.37538,2547.36873943025
USDC,2024-04-20,1.00006704561989,1.00025169922283,0.999744013419557,1.00007306537655,1182741033.09974,1182661038.02434,1182.74103309974
USDC,2024-04-21,1.00007306537655,1.00024798848803,0.999967745156896,1.00010677260069,959506464.180283,959411593.170604,959.5064641802829
USDC,2024-04-22,1.00010677260069,1.00025724819972,0.9999244686718,1.00013989989667,1939669741.04025,1939526727.52939,1939.66974104025
USDC,2024-04-23,1.00013989989667,1.00029587338381,0.999905497041424,1.00001926284796,1611146237.09358,1611047330.30841,1611.14623709358
USDC,2024-04-24,1.00001926284796,1.0002286809647,0.99990541722074,1.00010938089447,1836984054.45895,1836899351.48074,1836.9840544589501
USDC,2024-04-25,1.00010938089447,1.00025825352845,0.999987741727883,1.00011561062941,1417398378.5383,1417229176.2751,1417.3983785383
USDC,2024-04-26,1.00011561062941,1.0003732753183,0.999963933600876,1.00033921712838,1452120630.45349,1451904218.69176,1452.12063045349
USDC,2024-04-27,1.00033921712838,1.00067027752922,1.00019768967861,1.00032864305606,755504004.384707,755144428.074588,755.504004384707
USDC,2024-04-28,1.00032864305606,1.00117128276646,0.999401774734773,1.00026987539781,543748567.768063,543582707.309671,543.7485677680629
USDC,2024-04-29,1.00026987539781,1.00034303041397,1.00003083842798,1.00010384085124,1422963730.74222,1422684983.63812,1422.96373074222
USDC,2024-04-30,1.00010384085124,1.00044265772131,0.999823897554343,1.00018706049344,1936351343.24044,1936021261.39313,1936.35134324044
USDC,2024-05-01,1.00018706049344,1.00081289986536,1.00013464976036,1.00070575111632,1632332785.96598,1631650192.08769,1632.33278596598
USDC,2024-05-02,1.00070575111632,1.00084830999176,1.00003102810324,1.00041868292739,1765261150.13781,1764490409.94852,1765.26115013781
USDC,2024-05-03,1.00041868292739,1.0006597987423,1.00018335905921,1.00043477430972,1624864974.38282,1624153577.71903,1624.8649743828198
USDC,2024-05-04,1.00043477430972,1.00054151066856,0.99996605588098,1.00007194661845,740570289.973549,740395791.792214,740.570289973549
USDC,2024-05-05,1.00007194661845,1.00047876266059,0.999995115427407,1.00041387349156,474925881.695053,474829554.545652,474.92588169505296
USDC,2024-05-06,1.00041387349156,1.00048965170788,0.999976066632022,1.00015957649214,1181062469.28749,1180808610.64213,1181.0624692874899
USDC,2024-05-07,1.00015957649214,1.00026902608792,0.999491039442305,1.0000316465903,1176297396.48153,1176151975.7213,1176.2973964815299
USDC,2024-05-08,1.0000316465903,1.00070011128919,0.999369763553183,1.00035253351753,1111321229.29509,1111108816.14008,1111.32122929509
USDC,2024-05-09,1.00035253351753,1.00054885053309,0.999982598174254,1.00039688343126,1219171902.78562,1218706190.50881,1219.17190278562
USDC,2024-05-10,1.00039688343126,1.00066309246627,1.00014481464143,1.00024948877265,1645716035.40218,1645245220.31135,1645.71603540218
USDC,2024-05-11,1.00024948877265,1.0008188719872,1.00008964106859,1.00044488942582,903568173.504575,903103183.719297,903.568173504575
USDC,2024-05-12,1.00044488942582,1.00067870827533,1.00018744364391,1.00059848098131,649554313.913794,649299117.904255,649.5543139137941
USDC,2024-05-13,1.00059848098131,1.00068807735958,1.00002015481753,1.00016017812251,1426386890.1842,1425851945.36702,1426.3868901842
USDC,2024-05-14,1.00016017812251,1.00046129824917,0.999985323444965,1.0001904123001,1343380265.38676,1343125232.12909,1343.38026538676
USDC,2024-05-15,1.0001904123001,1.00038843134173,0.999982278943641,1.00012535875664,1937694690.55238,1937273102.06072,1937.69469055238
USDC,2024-05-16,1.00012535875664,1.00039283104546,0.999740643338551,1.00009343503045,1464296193.32161,1464231678.47927,1464.29619332161
USDC,2024-05-17,1.00009343503045,1.00058135320086,0.999942348207002,1.00010582979277,1349000094.26927,1348802957.37831,1349.00009426927
USDC,2024-05-18,1.00010582979277,1.00025507036154,0.99990553842552,1.00002979482388,642158920.362821,642129812.796893,642.1589203628209
USDC,2024-05-19,1.00002979482388,1.00023322119266,0.999977183367824,1.00009277505554,487817096.238401,487770245.696133,487.817096238401
USDC,2024-05-20,1.00009277505554,1.00024480608952,0.999831976655425,0.99993373825784,1961956494.58368,1961875475.89045,1961.9564945836798
USDC,2024-05-21,0.99993373825784,1.00015827815283,0.99972775928922,0.999948642615415,2523671028.2016,2523776158.56403,2523.6710282016
USDC,2024-05-22,0.999948642615415,1.00016423773221,0.999781816405322,0.999998833928833,1729063483.25635,1729037661.59742,1729.06348325635
USDC,2024-05-23,0.999998833928833,1.00213852936932,0.999858717867611,1.00012680651823,2450888288.5308,2450660445.82483,2450.8882885308
USDC,2024-05-24,1.00012680651823,1.00069699225519,0.998363416285611,1.00011893052699,1887346420.19228,1888460057.88454,1887.34642019228
USDC,2024-05-25,1.00011893052699,1.00034049504541,1.00001718441957,1.00018407299579,482865976.544363,482782992.23103,482.86597654436304
USDC,2024-05-26,1.00018407299579,1.00038468020749,1.00003631968074,1.00015640305363,767886846.839694,767760447.566371,767.886846839694
USDC,2024-05-27,1.00015640305363,1.00085021891546,0.999231564112478,1.00024331807619,1289855499.08382,1289549044.83696,1289.8554990838202
USDC,2024-05-28,1.00024331807619,1.00052745967469,0.999979005962699,1.00013772690368,1628122615.93092,1627829201.64271,1628.12261593092
USDC,2024-05-29,1.00013772690368,1.00027981728596,0.999864453942546,1.00004469604317,1490495351.15324,1490365682.23089,1490.4953511532399
USDC,2024-05-30,1.00004469604317,1.00029140109677,0.99995532892118,1.00018333382238,1457512974.56647,1457324878.87707,1457.51297456647
USDC,2024-05-31,1.00018333382238,1.00043651000166,0.999913412528271,1.00016478288525,1649529797.02735,1649308485.31363,1649.52979702735
USDC,2024-06-01,1.00016478288525,1.0004424670041,1.00002496570607,1.00030299754648,424399666.99488,424323560.48989,424.39966699488
USDC,2024-06-02,1.00030299754648,1.00048840580065,1.00005378217836,1.00026630646981,477835979.462089,477686102.247686,477.835979462089
USDC,2024-06-03,1.00026630646981,1.00042330428228,0.999919343916606,1.00009246293679,1027698477.65894,1027555657.36429,1027.69847765894
USDC,2024-06-04,1.00009246293679,1.0002746127584,0.999910092970629,1.00004717972787,1343101805.61085,1342995322.6746,1343.10180561085
USDC,2024-06-05,1.00004717972787,1.00030468510626,0.999829836060921,0.999994075030796,1354483645.7278,1354427970.25111,1354.4836457278
USDC,2024-06-06,0.999994075030796,1.00021220965495,0.999854892317546,1.00007631135024,1214223138.50265,1214202380.59065,1214.22313850265
USDC,2024-06-07,1.00007631135024,1.00029332259216,0.99983148818764,1.00004338866298,1484816570.94085,1484753455.73797,1484.81657094085
USDC,2024-06-08,1.00004338866298,1.00027460994905,0.999928355790165,1.00014883015775,529810242.232965,529788458.539665,529.810242232965
USDC,2024-06-09,1.00014883015775,1.00025381702717,0.999976350866154,1.00008480483807,393076565.433857,393034018.112146,393.076565433857
USDC,2024-06-10,1.00008480483807,1.00018801155293,0.999630273630832,0.999993786512249,1024777767.15227,1024756768.80338,1024.77776715227
USDC,2024-06-11,0.999993786512249,1.00026257316924,0.999782887806602,1.00000332615323,1576541323.3146,1576497377.55781,1576.5413233146
USDC,2024-06-12,1.00000332615323,1.0002064172395,0.999727254092709,1.00000703280854,1666644686.93728,1666620481.50353,1666.6446869372799
USDC,2024-06-13,1.00000703280854,1.00024048795829,0.999855025517682,1.00003379028696,1557886638.21096,1557776513.64606,1557.88663821096
USDC,2024-06-14,1.00003379028696,1.00029936265682,0.99987183116671,1.00007066552077,1739166011.61218,1739116088.75494,1739.16601161218
USDC,2024-06-15,1.00007066552077,1.00039606230498,0.999991595938553,1.00036327913612,504408538.272715,504342648.724114,504.40853827271496
USDC,2024-06-16,1.00036327913612,1.0005878460763,1.00016003884573,1.00032312802212,519338975.079621,519138338.746918,519.338975079621
USDC,2024-06-17,1.00032312802212,1.00043796099974,0.999998654620267,1.00015075247894,1614346652.17909,1614037857.72992,1614.34665217909
USDC,2024-06-18,1.00015075247894,1.00137631383751,0.999994818819691,1.00017725856677,1850683884.25931,1850337328.98307,1850.68388425931
USDC,2024-06-19,1.00017725856677,1.0003233047606,1.0000094131536,1.00014524397856,1116607847.72874,1116412457.68603,1116.60784772874
USDC,2024-06-20,1.00014524397856,1.00038486176189,1.00005658226843,1.00019527014064,1331331075.49526,1331076634.01273,1331.33107549526
USDC,2024-06-21,1.00019527014064,1.00036444559321,1.00005911112152,1.00022813135043,1696819533.46488,1696531949.98151,1696.81953346488
USDC,2024-06-22,1.00022813135043,1.00041893113824,1.00010186754411,1.00029401208015,537198963.288956,537078470.542424,537.1989632889561
USDC,2024-06-23,1.00029401208015,1.00050326234014,0.999921211160841,1.00023816891382,524215606.016493,524074178.102664,524.215606016493
USDC,2024-06-24,1.00023816891382,1.00141627129037,0.999990140152008,1.00028533735154,2074903948.46251,2074426821.9038,2074.90394846251
USDC,2024-06-25,1.00028533735154,1.00038264018496,0.999884407105555,1.00007109926509,1867967589.44995,1867628709.99507,1867.96758944995
USDC,2024-06-26,1.00007109926509,1.00015179793264,0.999606081746873,0.999864675145207,1720749322.27662,1720842811.8325,1720.74932227662
USDC,2024-06-27,0.999864675145207,1.00062866294153,0.999624515009079,0.999906795916634,1849584168.59859,1849733795.16606,1849.58416859859
USDC,2024-06-28,0.999906795916634,1.00022440165167,0.999785151436529,1.00009441203157,2056673264.36049,2056594714.87418,2056.67326436049
USDC,2024-06-29,1.00009441203157,1.00022394695839,0.999781461724977,1.00008158289263,841136223.160757,841089119.891324,841.1362231607569
USDC,2024-06-30,1.00008158289263,1.00052016083523,0.999783397199972,0.999981210179666,1080721143.88821,1080667984.41294,1080.72114388821
USDC,2024-07-01,0.999981210179666,1.00032833952158,0.999866404791019,1.00000825310449,1408399849.24184,1408309519.73287,1408.3998492418398
USDC,2024-07-02,1.00000825310449,1.00194193784547,0.999852093967496,1.00008007576853,1281934323.95736,1281801631.29435,1281.93432395736
USDC,2024-07-03,1.00008007576853,1.00247534563612,0.999869480258843,1.00012042893005,1515663700.21842,1515406477.81943,1515.66370021842
USDC,2024-07-04,1.00012042893005,1.00041628732494,0.999996263909436,1.00032679173649,1577835642.00125,1577485498.04021,1577.83564200125
USDC,2024-07-05,1.00032679173649,1.00056488535695,0.999993032057714,1.00019622869068,2992777447.65245,2992125569.87479,2992.77744765245
USDC,2024-07-06,1.00019622869068,1.0004002086862,1.00012257722217,1.0002842381323,662481844.02751,662308594.731715,662.4818440275101
USDC,2024-07-07,1.0002842381323,1.00072831797444,1.00017557892655,1.00061838615251,614755679.804099,614521427.124698,614.7556798040989
USDC,2024-07-08,1.00061838615251,1.00100830218963,1.00020790426382,1.0004395324741,1873308872.58989,1872372598.99862,1873.30887258989
USDC,2024-07-09,1.0004395324741,1.0006505529958,1.00027910919235,1.00047620853329,1321455041.78882,1320898075.80326,1321.45504178882
USDC,2024-07-10,1.00047620853329,1.00061481864769,1.00017852737685,1.0003126443594,1383320930.14242,1382798003.52749,1383.3209301424201
USDC,2024-07-11,1.0003126443594,1.00041887898835,1.00013673510271,1.00031175956075,1371428837.03434,1371041260.61211,1371.42883703434
USDC,2024-07-12,1.00031175956075,1.0005814620697,0.999983041068963,1.00027875408166,1173048486.73058,1172660239.81382,1173.0484867305802
USDC,2024-07-13,1.00027875408166,1.00045002652465,1.00005156871132,1.00032360300858,561149343.422413,561007367.441557,561.149343422413
USDC,2024-07-14,1.00032360300858,1.0004802709974,1.00021134530886,1.00027016270981,758824063.648278,758555885.133467,758.824063648278
USDC,2024-07-15,1.00027016270981,1.00048051641584,0.999837153073815,1.00007551782607,2385353953.80552,2384876349.03465,2385.35395380552
USDC,2024-07-16,1.00007551782607,1.00011696722451,0.99980616043366,1.00004108233296,1851389370.47052,1851442399.72638,1851.38937047052
USDC,2024-07-17,1.00004108233296,1.00016203025236,0.9998045531127,1.00000189126544,1908123279.69229,1908178671.65404,1908.12327969229
USDC,2024-07-18,1.00000189126544,1.00017576025668,0.999887023133848,1.00012558163302,1569854421.86386,1569815534.05907,1569.85442186386
USDC,2024-07-19,1.00012558163302,1.00023567959834,0.999884920269687,1.00001022133868,2031579225.29735,2031383951.34387,2031.57922529735
USDC,2024-07-20,1.00001022133868,1.00019155976504,0.999863355438479,1.00001182979268,988840780.577661,988808322.937717,988.840780577661
USDC,2024-07-21,1.00001182979268,1.0001868556193,0.99987976886624,1.00002884966354,1120670121.56789,1120609268.83972,1120.67012156789
USDC,2024-07-22,1.00002884966354,1.00039877011899,0.999849247647057,0.999888750341174,1424949350.64417,1424918790.18744,1424.94935064417
USDC,2024-07-23,0.999888750341174,1.00022941828352,0.998669728643149,0.999990493291704,2239053803.03119,2239180255.64351,2239.05380303119
USDC,2024-07-24,0.999990493291704,1.00023301975399,0.999868958526205,1.00001619633651,1278225328.36237,1278194340.33122,1278.22532836237
USDC,2024-07-25,1.00001619633651,1.0002619579733,0.999869424791036,0.999973889202201,1579687531.465,1579638233.00436,1579.687531465
USDC,2024-07-26,0.999973889202201,1.00024378833428,0.999932763104788,1.0001490734277,1447120556.2975,1447015803.25805,1447.1205562975
USDC,2024-07-27,1.0001490734277,1.00025525253753,0.99995063193451,1.00016371553231,833330809.80275,833252324.133859,833.33080980275
USDC,2024-07-28,1.00016371553231,1.00026437510385,1.00002506205334,1.00004735763557,424752663.925667,424701288.392796,424.752663925667
USDC,2024-07-29,1.00004735763557,1.00016861350172,0.999848086865663,0.999959367781121,1458971807.68451,1458966944.11394,1458.97180768451
USDC,2024-07-30,0.999959367781121,1.00025032255662,0.999916017554598,1.0001549367998,1267333897.68504,1267287655.56068,1267.33389768504
USDC,2024-07-31,1.0001549367998,1.0009113810272,0.999981188760866,1.00013625187883,1398719949.04559,1398573815.52823,1398.7199490455898
USDC,2024-08-01,1.00013625187883,1.00035195456658,0.999939358111438,1.00017503584429,1845613711.6756,1845303161.28257,1845.6137116756001
USDC,2024-08-02,1.00017503584429,1.00131165294253,1.00004778709229,1.00013842943255,1904391435.44683,1903945584.98296,1904.39143544683
USDC,2024-08-03,1.00013842943255,1.00030716675904,1.00003485759113,1.0002223207287,1074144645.18956,1073951173.57599,1074.14464518956
USDC,2024-08-04,1.0002223207287,1.0005205883211,1.00000049043052,1.00006887060243,1426531584.39557,1426284071.66691,1426.53158439557
USDC,2024-08-05,1.00006887060243,1.00363119306601,0.999922138921551,1.0001229911812,5385504834.75228,5384639160.47945,5385.504834752281
USDC,2024-08-06,1.0001229911812,1.00039909327283,0.999847333475397,1.00006788267889,2626190033.26118,2625922957.34862,2626.19003326118
USDC,2024-08-07,1.00006788267889,1.00016697998494,0.999864988999162,0.99999627152911,2272002580.64814,2271981408.34713,2272.00258064814
USDC,2024-08-08,0.99999627152911,1.0001608062816,0.999811576762691,0.999936858578805,1777275460.92153,1777294537.54282,1777.27546092153
USDC,2024-08-09,0.999936858578805,1.00019318267678,0.999902907189861,1.00002791226695,1217886914.56072,1217875518.29231,1217.88691456072
USDC,2024-08-10,1.00002791226695,1.00016865765752,0.999961124146401,1.00012032913095,423207591.862428,423206868.922559,423.207591862428
USDC,2024-08-11,1.00012032913095,1.00033698603628,1.0000591705078,1.00012625068379,710143515.191518,710027859.534395,710.143515191518
USDC,2024-08-12,1.00012625068379,1.00027097151279,0.999934830364636,1.00004564803513,1748380447.40033,1748294669.95509,1748.38044740033
USDC,2024-08-13,1.00004564803513,1.00014795260525,0.999793197349412,1.00003517411969,1510474992.93166,1510491120.40143,1510.47499293166
USDC,2024-08-14,1.00003517411969,1.00012007139178,0.999788253623647,1.00004484059423,1803845836.52547,1803909614.88385,1803.84583652547
USDC,2024-08-15,1.00004484059423,1.00020966146446,0.999778249893607,1.00000914902086,1814824863.37086,1814723965.45396,1814.8248633708602
USDC,2024-08-16,1.00000914902086,1.00021596517415,0.999901504215053,1.00012167886707,1435685366.47468,1435613612.69311,1435.68536647468
USDC,2024-08-17,1.00012167886707,1.00035260791142,0.999998997068087,1.00010251723269,432473894.324796,432408357.68782,432.47389432479605
USDC,2024-08-18,1.00010251723269,1.00023283920683,0.999993042911239,1.00017015287039,709325143.850258,709261221.893746,709.325143850258
USDC,2024-08-19,1.00017015287039,1.00079551687709,0.999964724311038,1.00007777377664,1394831202.70964,1394682748.53839,1394.8312027096401
USDC,2024-08-20,1.00007777377664,1.0001801154778,0.999872111887125,1.00009415383532,1518338028.97586,1518303360.60789,1518.3380289758602
USDC,2024-08-21,1.00009415383532,1.00015183912564,0.999823569568634,1.00001378855771,1518986344.53317,1518987898.50448,1518.98634453317
USDC,2024-08-22,1.00001378855771,1.00005926767575,0.999799328729089,1.00001449259344,1179467723.26992,1179540503.37893,1179.46772326992
USDC,2024-08-23,1.00001449259344,1.00015902136246,0.999763736928896,0.999964771738105,1939739213.91424,1939808729.20845,1939.7392139142398
USDC,2024-08-24,0.999964771738105,1.00005545311352,0.999812504539313,0.999940183739574,797514562.789942,797488405.596233,797.514562789942
USDC,2024-08-25,0.999940183739574,1.00009516681384,0.999819390201044,1.00001798717833,563261643.472549,563276159.310399,563.2616434725489
USDC,2024-08-26,1.00001798717833,1.00013690883235,0.999879049739213,1.0000147719003,1039682527.4697,1039670897.60587,1039.6825274697
USDC,2024-08-27,1.0000147719003,1.00018128277528,0.999794275755948,1.00012000780822,1447625418.23165,1447617690.60568,1447.6254182316502
USDC,2024-08-28,1.00012000780822,1.00019980959357,0.999968849186408,1.00010283613759,1502192906.41867,1502047757.41396,1502.19290641867
USDC,2024-08-29,1.00010283613759,1.00052490269213,1.00002316296939,1.00018868438563,1387665607.89027,1387417199.84324,1387.66560789027
USDC,2024-08-30,1.00018868438563,1.00055678894702,1.00000556062163,1.00052279440793,1275606911.46973,1275310468.99731,1275.60691146973
USDC,2024-08-31,1.00052279440793,1.00095364250699,1.00041066493917,1.00080969972393,377042723.825963,376792377.550763,377.04272382596304
USDC,2024-09-01,1.00080969972393,1.00090350651871,1.00046894238173,1.00076954741157,541086389.545061,540678641.942739,541.086389545061
USDC,2024-09-02,1.00076954741157,1.00096435443876,1.00042987644112,1.00066537275987,968571474.856503,967946442.555966,968.571474856503
USDC,2024-09-03,1.00066537275987,1.00073224090486,1.00010293485927,1.00036829910296,972611595.176937,972288803.630197,972.6115951769369
USDC,2024-09-04,1.00036829910296,1.00060401349793,0.999462885418287,1.0004015769934,1336494353.68604,1335904236.52781,1336.4943536860399
USDC,2024-09-05,1.0004015769934,1.00062606806706,1.00018198780523,1.00052389671001,1028265918.90184,1027816333.7123,1028.26591890184
USDC,2024-09-06,1.00052389671001,1.00076805639349,1.00023048707323,1.00061747181764,2095399610.87568,2094506345.63646,2095.39961087568
USDC,2024-09-07,1.00061747181764,1.00101705852105,1.0004791103662,1.00083967712864,431406907.291241,431101316.803576,431.406907291241
USDC,2024-09-08,1.00083967712864,1.00098482661162,1.00059596053182,1.00071541523209,505432152.386538,505027252.204782,505.432152386538
USDC,2024-09-09,1.00071541523209,1.0007491932217,1.00009767248914,1.00012744056809,1429951604.2964,1429358565.29427,1429.9516042964
USDC,2024-09-10,1.00012744056809,1.00022760445497,0.999932474692359,1.00001381211021,1007009007.37085,1006915545.79943,1007.00900737085
USDC,2024-09-11,1.00001381211021,1.0003084214163,0.999932799658054,1.00013193145954,1138560201.96463,1138414192.82423,1138.5602019646299
USDC,2024-09-12,1.00013193145954,1.00024369415485,0.999938574973959,1.00014344563358,1258366288.23199,1258238564.99185,1258.3662882319902
USDC,2024-09-13,1.00014344563358,1.00028296624313,0.999888732652161,1.00003147238026,1660236976.92426,1660047206.75312,1660.2369769242598
USDC,2024-09-14,1.00003147238026,1.00018772043628,0.999871990370422,0.9999827745196,849640104.20139,849625006.099824,849.64010420139
USDC,2024-09-15,0.9999827745196,1.00082911514439,0.999963279059013,1.0005956649148,519618782.392455,519452633.986179,519.6187823924549
USDC,2024-09-16,1.0005956649148,1.00069998165145,1.00003941638558,1.00007737118153,1262549328.96549,1262083487.91028,1262.54932896549
USDC,2024-09-17,1.00007737118153,1.00024906385148,0.999928330289214,1.0000438164029,1523296731.26624,1523167494.4897,1523.29673126624
USDC,2024-09-18,1.0000438164029,1.00027689159195,0.999960117950071,1.00006703086154,1212061802.51813,1211959090.76148,1212.06180251813
USDC,2024-09-19,1.00006703086154,1.00020163100232,0.999892502569894,0.999937302571985,1535702433.10612,1535589627.6952,1535.70243310612
USDC,2024-09-20,0.999937302571985,1.00019223532502,0.999900647469177,1.00010592213225,1274609420.68773,1274584576.87873,1274.60942068773
USDC,2024-09-21,1.00010592213225,1.00044046745577,0.999986635340031,1.00025306766571,421849451.110249,421761948.099583,421.849451110249
USDC,2024-09-22,1.00025306766571,1.0004335779847,1.00013612251615,1.00023454213191,654035534.712713,653848586.265835,654.035534712713
USDC,2024-09-23,1.00023454213191,1.0003351786179,1.00007246186716,1.00023265945728,1138407363.09221,1138195230.08035,1138.40736309221
USDC,2024-09-24,1.00023265945728,1.00067010555314,1.00012307527064,1.00049438991544,1333291525.52303,1332744285.63748,1333.29152552303
USDC,2024-09-25,1.00049438991544,1.00064485875095,0.999953202758983,1.00003122060087,1005470341.51643,1005132053.69134,1005.47034151643
USDC,2024-09-26,1.00003122060087,1.00020051629341,0.99991455372438,1.00003548794491,1463745990.72042,1463679292.8256,1463.74599072042
USDC,2024-09-27,1.00003548794491,1.00022672027155,0.999822030605517,0.999975254207706,1396814072.62968,1396837857.55855,1396.81407262968
USDC,2024-09-28,0.999975254207706,1.00026056387418,0.999922762288956,1.00018101158685,411952186.06948,411937238.00487,411.95218606948
USDC,2024-09-29,1.00018101158685,1.00031326326856,1.00003773510367,1.00005747264393,448390750.733268,448307763.107246,448.390750733268
USDC,2024-09-30,1.00005747264393,1.00029369038358,0.99999047340067,1.00014955953346,1500359028.48169,1500168522.85469,1500.3590284816898
USDC,2024-10-01,1.00014955953346,1.0002145724169,0.999865048053408,1.00002318183686,2327287577.81663,2327216920.73616,2327.28757781663
USDC,2024-10-02,1.00002318183686,1.00019876413952,0.99994419693103,1.00005679385539,1407148976.47711,1407037137.33822,1407.14897647711
USDC,2024-10-03,1.00005679385539,1.00019864442271,0.999903472046848,1.00003951467792,1378835595.81411,1378732181.4862,1378.83559581411
USDC,2024-10-04,1.00003951467792,1.00015080917792,0.999877083188704,1.0000219275499,1401558105.44483,1401499617.19563,1401.5581054448298
USDC,2024-10-05,1.0000219275499,1.00027428598278,0.999940358779497,1.00020670693075,427632645.755707,427594312.254831,427.632645755707
USDC,2024-10-06,1.00020670693075,1.00031832247816,1.00005021606507,1.00017445195549,416146461.849648,416038182.081216,416.146461849648
USDC,2024-10-07,1.00017445195549,1.00025826078801,0.999900150714137,1.00000833990692,1459162923.89474,1459049047.50933,1459.16292389474
USDC,2024-10-08,1.00000833990692,1.00009123764345,0.999806396686285,0.999962255896258,1622346613.30833,1622398307.03498,1622.34661330833
USDC,2024-10-09,0.999962255896258,1.00049692478249,0.999782161905755,0.999905577360986,1547435840.89657,1547509329.37592,1547.43584089657
USDC,2024-10-10,0.999905577360986,1.00052227844733,0.999826066064912,0.999969993179416,1444220621.51265,1444234881.32739,1444.22062151265
USDC,2024-10-11,0.999969993179416,1.00017809811912,0.999816073044004,0.999879718098812,1440789549.42099,1440794153.78098,1440.78954942099
USDC,2024-10-12,0.999879718098812,1.00050838528178,0.999838862395497,1.00046861340226,545612120.960823,545537948.729062,545.6121209608231
USDC,2024-10-13,1.00046861340226,1.00056536408213,1.00004739825712,1.00023760106045,583584696.391257,583419594.010948,583.584696391257
USDC,2024-10-14,1.00023760106045,1.00032270015391,0.99938308629975,0.999952746118405,1735457784.61701,1735479331.0371,1735.45778461701
USDC,2024-10-15,0.999952746118405,1.0001040837708,0.999691264644913,0.999982153996138,1997041999.27741,1997175702.35121,1997.04199927741
USDC,2024-10-16,0.999982153996138,1.00019254305391,0.999789950123827,0.999938812240514,1785110041.26224,1784945685.38563,1785.11004126224
USDC,2024-10-17,0.999938812240514,1.00007028265931,0.999760759732705,0.999919545386809,1268623494.0944,1268741896.85972,1268.6234940944
USDC,2024-10-18,0.999919545386809,1.00001301093337,0.999802636390849,0.999885164836857,1488561766.48136,1488687378.63293,1488.5617664813599
USDC,2024-10-19,0.999885164836857,1.00007130229147,0.999780626992871,0.99999904116713,503097900.83368,503138340.692929,503.09790083368
USDC,2024-10-20,0.99999904116713,1.00009857618841,0.999876403068647,0.999984261086707,600613465.462337,600601627.978691,600.613465462337
USDC,2024-10-21,0.999984261086707,1.00008178725405,0.999771660334144,0.999960359730861,1907168751.75847,1907124118.98872,1907.16875175847
USDC,2024-10-22,0.999960359730861,1.00008513076249,0.999751256884041,0.999899837534444,1753084439.52224,1753304351.96441,1753.08443952224
USDC,2024-10-23,0.999899837534444,1.00025218826976,0.999732205802622,0.999846622223276,2027632308.4475,2027860685.54849,2027.6323084475
USDC,2024-10-24,0.999846622223276,1.00000368182349,0.999770463607486,0.999906571691022,1963335168.40194,1963528046.93135,1963.33516840194
USDC,2024-10-25,0.999906571691022,1.0004992477218,0.99966626188157,0.999940376698376,3292928746.32398,3293205021.46666,3292.92874632398
USDC,2024-10-26,0.999940376698376,1.00042589202459,0.999783839485022,1.00010697235844,1089574258.37304,1089604079.38891,1089.57425837304
USDC,2024-10-27,1.00010697235844,1.00034389116378,0.999911792395945,1.0000638155701,694124940.518365,694042184.172813,694.1249405183651
USDC,2024-10-28,1.0000638155701,1.00014598488287,0.999815502474414,0.999949696176463,1927402177.33358,1927411627.41037,1927.40217733358
USDC,2024-10-29,0.999949696176463,1.00023308444236,0.999642809853402,0.999782917020403,2182233332.40701,2182229658.2983,2182.23333240701
USDC,2024-10-30,0.999782917020403,1.00013903930369,0.999377331369232,1.00009974947923,1449453463.66901,1449572332.14423,1449.45346366901
USDC,2024-10-31,1.00009974947923,1.00016162537286,0.999798535873656,1.0000450458756,2188704724.04222,2188713646.86012,2188.7047240422203
USDC,2024-11-01,1.0000450458756,1.00030656759748,0.999761094321849,1.0000118069743,2075625804.91851,2075646409.17052,2075.62580491851
USDC,2024-11-02,1.0000118069743,1.00019887150927,0.999929920340879,1.00005626775093,626532636.144738,626511693.233465,626.5326361447379
USDC,2024-11-03,1.00005626775093,1.00034951811403,0.99999253409319,1.00020652144767,796771921.793598,796616161.586987,796.771921793598
USDC,2024-11-04,1.00020652144767,1.00026175717994,0.999876350728216,1.0001275697614,1856717827.48625,1856551112.91172,1856.71782748625
USDC,2024-11-05,1.0001275697614,1.00021017586797,0.999948665932707,1.00011650196525,1581757203.23833,1581610162.63775,1581.7572032383298
USDC,2024-11-06,1.00011650196525,1.00018521052155,0.999563915872609,0.99987782856712,4275499064.06402,4275696720.72102,4275.49906406402
USDC,2024-11-07,0.99987782856712,1.00005358171614,0.999513103614743,0.9999628804279,3474296088.55407,3474761382.1621,3474.29608855407
USDC,2024-11-08,0.9999628804279,1.00010700596621,0.99938028441609,0.99982619915699,3030600010.86611,3031049325.96856,3030.6000108661096
USDC,2024-11-09,0.99982619915699,0.999988324216129,0.999731143422086,0.999885675362335,1462214924.48053,1462428832.70157,1462.21492448053
USDC,2024-11-10,0.999885675362335,1.00005620032164,0.999596960862022,0.999834109694986,2682506284.70771,2682916790.02233,2682.5062847077097
USDC,2024-11-11,0.999834109694986,1.00010648727963,0.999131587093144,0.999765346241553,3843287285.09826,3843671091.00914,3843.28728509826
USDC,2024-11-12,0.999765346241553,1.00009687070559,0.999311102470709,0.999885095289288,4612034771.29136,4612713019.88327,4612.03477129136
USDC,2024-11-13,0.999885095289288,1.00005747406835,0.999461822786852,0.999937797986358,4645258834.39335,4645979573.10982,4645.258834393349
USDC,2024-11-14,0.999937797986358,1.00005791162916,0.999612444059139,1.00001788574008,3760949423.04992,3761431350.62993,3760.94942304992
USDC,2024-11-15,1.00001788574008,1.00009746232673,0.999789291230366,0.999973403538421,2795105736.76466,2795254099.4481,2795.10573676466
USDC,2024-11-16,0.999973403538421,1.00006689516262,0.999654897469992,0.999870965553839,1170684097.73818,1170953217.97989,1170.6840977381798
USDC,2024-11-17,0.999870965553839,1.00008989141653,0.999812901084278,0.99999159755298,1707055762.48051,1707124105.70862,1707.0557624805099
USDC,2024-11-18,0.99999159755298,1.00011859235591,0.998885797258269,0.999940663556226,2210912951.68899,2211036114.22915,2210.9129516889902
USDC,2024-11-19,0.999940663556226,1.00008777540069,0.999650882088501,0.999851737368408,2554855811.89568,2555113604.18609,2554.85581189568
USDC,2024-11-20,0.999851737368408,1.00005913307209,0.999580712855728,0.999857166727954,2847298609.71582,2847885124.85915,2847.29860971582
USDC,2024-11-21,0.999857166727954,1.00003123716915,0.998158403716555,0.999699593705964,3203492181.87728,3204238072.90655,3203.49218187728
USDC,2024-11-22,0.999699593705964,0.999918316840959,0.999277945329163,0.999587110498371,3435262343.36088,3436349323.81209,3435.26234336088
USDC,2024-11-23,0.999587110498371,0.999946100536269,0.999009749240038,0.999495708329695,2337610379.30211,2338785995.83043,2337.6103793021102
USDC,2024-11-24,0.999495708329695,0.999896825091511,0.997925293985013,0.999812364812716,1811132305.65219,1811781510.49233,1811.1323056521899
USDC,2024-11-25,0.999812364812716,1.00013108085554,0.999567960640605,0.999977485048797,3029502752.40549,3029937086.44535,3029.50275240549
USDC,2024-11-26,0.999977485048797,1.00040941871666,0.999786532809573,1.0000615809544,3257697097.06554,3257663609.48187,3257.6970970655398
USDC,2024-11-27,1.0000615809544,1.00024717071139,0.999658808905209,0.999851351468569,2903924507.44885,2903775890.02918,2903.9245074488504
USDC,2024-11-28,0.999851351468569,1.00013610313634,0.999803085298802,1.00008937388482,1974409308.64519,1974408240.81316,1974.40930864519
USDC,2024-11-29,1.00008937388482,1.00019173695067,0.999800900603782,0.999979266002636,2492327499.01384,2492275788.46482,2492.32749901384
USDC,2024-11-30,0.999979266002636,1.00020998904063,0.999887576882121,1.00015899729511,1143296263.73524,1143251518.53894,1143.29626373524
USDC,2024-12-01,1.00015899729511,1.00023588056165,0.999926498531304,1.00000107110217,1483083685.13247,1482971896.64132,1483.0836851324698
USDC,2024-12-02,1.00000107110217,1.00017888894472,0.999842339948047,1.00011080921603,3397412605.90088,3397324816.1435,3397.41260590088
USDC,2024-12-03,1.00011080921603,1.00034483080119,0.999725682611929,1.00012136349765,2829672363.65563,2829314830.78202,2829.6723636556303
USDC,2024-12-04,1.00012136349765,1.00021104839113,0.999777564706605,0.999979960258634,3349913479.99734,3349892653.11666,3349.9134799973403
USDC,2024-12-05,0.999979960258634,1.00066049368226,0.99901787417456,0.999760155415689,4783918160.34017,4784284663.09527,4783.91816034017
USDC,2024-12-06,0.999760155415689,1.00009553367278,0.99867163135483,0.999848942818638,3632678118.45252,3633106186.32456,3632.67811845252
USDC,2024-12-07,0.999848942818638,1.00001436595957,0.999716152004751,0.999944277835268,1567176070.64709,1567398653.75329,1567.17607064709
USDC,2024-12-08,0.999944277835268,1.00007878172936,0.99975499249877,0.999876689311093,1504469058.86802,1504613668.46005,1504.46905886802
USDC,2024-12-09,0.999876689311093,1.00083491725752,0.999824609102226,1.00003164052784,4508562287.69444,4508456273.32881,4508.56228769444
USDC,2024-12-10,1.00003164052784,1.00020240183704,0.99985628874613,1.00003513219217,3500133485.00879,3500048695.14845,3500.13348500879
USDC,2024-12-11,1.00003513219217,1.00013161817253,0.999701062268671,0.999871308762468,3448111711.87941,3448227073.3392,3448.11171187941
USDC,2024-12-12,0.999871308762468,1.00005497503592,0.99971185457639,0.999965286612419,2426650175.48712,2426939318.79627,2426.65017548712
USDC,2024-12-13,0.999965286612419,1.0000627337761,0.999779924722049,0.999952498503548,2256546636.04565,2256697416.74954,2256.54663604565
USDC,2024-12-14,0.999952498503548,1.00000646634835,0.999777256563766,0.999947440932419,1279605363.89171,1279737793.28847,1279.60536389171
USDC,2024-12-15,0.999947440932419,1.00017411989226,0.999823947749482,0.999966738356778,1586365922.27657,1586373851.49105,1586.36592227657
USDC,2024-12-16,0.999966738356778,1.00046501622035,0.999691770990767,0.999791062668335,3180434504.63605,3180689319.76394,3180.4345046360504
USDC,2024-12-17,0.999791062668335,0.999981246811891,0.999702371426912,0.999876009725393,2611922280.55559,2612364255.92587,2611.92228055559
USDC,2024-12-18,0.999876009725393,1.00018479973801,0.99976461483915,0.999951082730547,3394362102.03096,3394559070.64515,3394.36210203096
USDC,2024-12-19,0.999951082730547,1.00112990860196,0.999778578539938,1.00004038018757,4197614991.79963,4197359054.5714,4197.61499179963
USDC,2024-12-20,1.00004038018757,1.00138926297799,0.999868785067769,1.00011456541389,4654703131.64106,4654062235.58636,4654.70313164106
USDC,2024-12-21,1.00011456541389,1.00023359300074,0.999928406294216,1.00004983876607,1867300165.85577,1867155191.00049,1867.30016585577
USDC,2024-12-22,1.00004983876607,1.00031195129076,0.999941039693494,1.00007037171982,1460985062.86462,1460910599.37418,1460.98506286462
USDC,2024-12-23,1.00007037171982,1.00055765271185,0.999944970381882,1.00012896642099,2854408015.487,2854079608.49356,2854.408015487
USDC,2024-12-24,1.00012896642099,1.0002048073713,0.999920930611001,1.00004548474215,2513466138.59618,2513293205.98939,2513.46613859618
USDC,2024-12-25,1.00004548474215,1.0002039779506,0.999948918214505,1.00011174857116,1375679549.6837,1375545569.66198,1375.6795496837
USDC,2024-12-26,1.00011174857116,1.00033187085069,0.999950571998904,1.00010827811086,2068879151.35577,2068603620.31963,2068.8791513557703
USDC,2024-12-27,1.00010827811086,1.00046188686899,0.999958275930293,1.00011634033987,2662494130.34707,2662096309.50764,2662.49413034707
USDC,2024-12-28,1.00011634033987,1.00138829584723,0.999995016495214,1.00026144990226,1307502771.92777,1306949117.57878,1307.5027719277698
USDC,2024-12-29,1.00026144990226,1.00155835639874,0.998977325734114,1.00037601765462,1588411687.68635,1587554781.22751,1588.4116876863502
USDC,2024-12-30,1.00037601765462,1.00184510625733,0.999997525447806,1.00022053349795,3159784031.41379,3159039320.63338,3159.78403141379
USDC,2024-12-31,1.00022053349795,1.00071937620533,1.00012326832318,1.00019689997096,2103444818.76995,2102804170.44545,2103.44481876995
USDC,2025-01-01,1.00019689997096,1.0023192211625,0.999890717471426,1.00034015772547,1535559458.72857,1535045921.73943,1535.55945872857
USDC,2025-01-02,1.00034015772547,1.00062063625353,0.999973320530303,1.00009328346991,1983076738.87423,1982574293.31466,1983.07673887423
USDC,2025-01-03,1.00009328346991,1.00018824568001,0.999910033640609,1.00000466254522,2384564214.77066,2384483673.69416,2384.56421477066
USDC,2025-01-04,1.00000466254522,1.00011308900609,0.999894212453796,0.999977421629034,1421591371.05375,1421586222.01359,1421.59137105375
USDC,2025-01-05,0.999977421629034,1.0008959700147,0.999875338727753,1.00004333997828,834283391.191228,834261194.430373,834.283391191228
USDC,2025-01-06,1.00004333997828,1.00010071939484,0.999880229559386,0.999948496284992,2520072464.24578,2520059944.8137,2520.07246424578
USDC,2025-01-07,0.999948496284992,1.00010294889798,0.998802083102087,0.999949589792101,3159176938.51384,3159275537.499,3159.17693851384
USDC,2025-01-08,0.999949589792101,1.00013635435588,0.999888367411963,1.00001291740272,2704540906.58606,2704553143.7723,2704.54090658606
USDC,2025-01-09,1.00001291740272,1.00016329023162,0.999916907076919,1.00005153608494,2723627218.11896,2723521491.49865,2723.6272181189597
USDC,2025-01-10,1.00005153608494,1.00016991440472,0.999950044388625,0.99995676390202,2149608979.87724,2149473277.2636,2149.60897987724
USDC,2025-01-11,0.99995676390202,1.00015688181064,0.999927408046687,1.00008866494379,971908840.130599,971867759.603512,971.9088401305991
USDC,2025-01-12,1.00008866494379,1.00015105605865,0.999914843698162,0.99999712383477,779634280.616258,779611351.702317,779.634280616258
USDC,2025-01-13,0.99999712383477,1.00032049773551,0.999874648065964,1.00015302532209,3164996015.33289,3164544424.37335,3164.9960153328902
USDC,2025-01-14,1.00015302532209,1.00026409716922,0.999952621272855,1.000023309413,2020203383.69793,2020004465.65111,2020.2033836979301
USDC,2025-01-15,1.000023309413,1.00011757282748,0.999845837011236,0.999936905934362,2786408202.28655,2786413002.62335,2786.40820228655
USDC,2025-01-16,0.999936905934362,1.00011921539992,0.99977523921304,1.00001447090327,2236180159.83483,2236266119.82128,2236.1801598348297
USDC,2025-01-17,1.00001447090327,1.00037255033788,0.999783528810863,0.9999121335294,3061253640.50146,3061410111.15146,3061.2536405014603
USDC,2025-01-18,0.9999121335294,1.00101436922276,0.999817899423415,0.999987941981263,3688515602.734,3688444641.58176,3688.5156027340004
USDC,2025-01-19,0.999987941981263,1.0011399449426,0.999932257402694,1.00027912922357,6655739042.36985,6654791828.39143,6655.73904236985
USDC,2025-01-20,1.00027912922357,1.00046815380146,1.00002029411825,1.00015048511869,6591025739.77772,6589833039.95848,6591.02573977772
USDC,2025-01-21,1.00015048511869,1.00037280989208,0.999895436074297,0.999999735852795,4408132557.81277,4407711475.67087,4408.13255781277
USDC,2025-01-22,0.999999735852795,1.00022719157086,0.999739750330622,0.999990995105764,3067963803.20918,3067950863.96179,3067.96380320918
USDC,2025-01-23,0.999990995105764,1.00014834280051,0.999864432678876,1.00003176478023,4522224346.54603,4522183014.19368,4522.22434654603
USDC,2025-01-24,1.00003176478023,1.00019400962881,0.999845422854299,0.999980235983351,2964506799.18061,2964522867.37768,2964.50679918061
USDC,2025-01-25,0.999980235983351,1.0001079099897,0.99988795800305,1.00004043322482,1704702956.94912,1704674267.69028,1704.70295694912
USDC,2025-01-26,1.00004043322482,1.00014095248298,0.999896687500216,1.00005352646381,1939301164.13923,1939247358.13021,1939.30116413923
USDC,2025-01-27,1.00005352646381,1.00060192811709,0.999900776786125,1.00011174477992,4026940044.19537,4026795658.11727,4026.9400441953703
USDC,2025-01-28,1.00011174477992,1.00021695697912,0.999950863060807,1.00005639672048,2072155352.43444,2072022437.53323,2072.15535243444
USDC,2025-01-29,1.00005639672048,1.00068042217419,0.999918154763637,0.999987660312954,2305416778.42322,2305340132.06009,2305.41677842322
USDC,2025-01-30,0.999987660312954,1.0001736868363,0.999913034135194,1.00005350760612,2086172591.85341,2086105783.79982,2086.17259185341
USDC,2025-01-31,1.00005350760612,1.00013077388893,0.999911868438136,1.00003327053504,2645209706.35843,2645192616.63852,2645.2097063584297
USDC,2025-02-01,1.00003327053504,1.00012281390296,0.999918407439776,1.00007660511246,1496078325.35493,1496056934.09063,1496.07832535493
USDC,2025-02-02,1.00007660511246,1.00015764551482,0.999827122660055,0.999896618374161,3351742562.75263,3351745652.51023,3351.7425627526304
USDC,2025-02-03,0.999896618374161,1.00100807430748,0.99959938397603,0.999884208337073,8156970904.00815,8156753551.6743,8156.97090400815
USDC,2025-02-04,0.999884208337073,1.00008388198417,0.999273161662367,0.999988394505303,4328976482.45847,4329238746.57051,4328.97648245847
USDC,2025-02-05,0.999988394505303,1.00011704040535,0.999858503815673,1.00001029715657,2853352116.13349,2853423650.21734,2853.35211613349
USDC,2025-02-06,1.00001029715657,1.00263173306071,0.999861907085294,1.00009942161662,3022144797.34056,3022105510.63066,3022.1447973405598
USDC,2025-02-07,1.00009942161662,1.00017617816624,0.99984572496974,0.999995512890347,3164469942.05595,3164517533.86986,3164.46994205595
USDC,2025-02-08,0.999995512890347,1.00011560885368,0.999864719128039,1.00008099778527,1477670287.19995,1477701958.52148,1477.67028719995
USDC,2025-02-09,1.00008099778527,1.00021977411097,0.999926476915504,1.00014989007351,1358160460.85195,1358105176.98313,1358.16046085195
USDC,2025-02-10,1.00014989007351,1.00018763042907,0.999932953981882,1.00007670091503,2076662823.81142,2076553250.54187,2076.66282381142
USDC,2025-02-11,1.00007670091503,1.00020373669949,0.999912288094817,1.0000880302709,2352307962.27245,2352133939.8824,2352.30796227245
USDC,2025-02-12,1.0000880302709,1.00021877412093,0.999892697089771,0.999988000396819,2462484037.63747,2462256899.06463,2462.4840376374696
USDC,2025-02-13,0.999988000396819,1.0001635367658,0.999798828371874,1.00012493302262,2167734878.54509,2167729545.43525,2167.7348785450904
USDC,2025-02-14,1.00012493302262,1.00019005042718,0.999814878573181,0.999923295414107,2145609656.48403,2145643430.8595,2145.60965648403
USDC,2025-02-15,0.999923295414107,1.00004139140993,0.999873769894741,0.99993998174655,894735447.064594,894768512.624548,894.735447064594
USDC,2025-02-16,0.99993998174655,1.00000294233134,0.999825231135638,0.999987992635522,897298648.181067,897368098.530857,897.2986481810669
USDC,2025-02-17,0.999987992635522,1.00012472153926,0.999893419939603,1.00003749688957,1642049571.06568,1642045997.69466,1642.04957106568
USDC,2025-02-18,1.00003749688957,1.00029271322212,0.999964510702197,1.00017952998607,2882669536.4203,2882336460.02349,2882.6695364203
USDC,2025-02-19,1.00017952998607,1.00026022423054,1.00004019327499,1.00016623729978,1842666799.9833,1842380642.28459,1842.6667999833
USDC,2025-02-20,1.00016623729978,1.00021107712253,0.999714815515149,0.999830223649809,3056146395.86346,3056197923.40255,3056.14639586346
USDC,2025-02-21,0.999830223649809,1.00055701160289,0.999720333849816,1.00003429524396,3768601213.51439,3768875623.78556,3768.60121351439
USDC,2025-02-22,1.00003429524396,1.00023148430774,0.999905494160357,1.00000055278691,2080208844.04795,2080118414.30137,2080.20884404795
USDC,2025-02-23,1.00000055278691,1.00005523113039,0.999846366198464,0.999977088320266,1602782993.3921,1602856979.98087,1602.7829933921
USDC,2025-02-24,0.999977088320266,1.00065821801317,0.996494640859753,1.00053714602267,3729583041.66621,3729200986.493,3729.58304166621
USDC,2025-02-25,1.00053714602267,1.00099384314808,1.00028274297516,1.00078575690928,5806967269.45718,5802928516.58088,5806.96726945718
USDC,2025-02-26,1.00078575690928,1.00105649208277,1.0002349966627,1.0007580706726,3923881711.19616,3921572490.33618,3923.88171119616
USDC,2025-02-27,1.0007580706726,1.00135158424924,1.00042909846728,1.00060082771331,3434729729.99343,3432510031.22039,3434.7297299934303
USDC,2025-02-28,1.00060082771331,1.00145540871344,1.00033410473747,1.00064678748563,4749773430.1181,4746659868.66249,4749.7734301181
USDC,2025-03-01,1.00064678748563,1.00071827487232,0.997966909837959,1.00062049826922,1492564500.72277,1491720692.49149,1492.56450072277
USDC,2025-03-02,1.00062049826922,1.00092800226517,1.00013941357331,1.00031650516972,3534004061.95505,3532115224.51166,3534.00406195505
USDC,2025-03-03,1.00031650516972,1.00034782692754,0.999986877451383,1.00024548114304,4122433917.77528,4121841750.43036,4122.43391777528
USDC,2025-03-04,1.00024548114304,1.0005780904095,1.00015774645155,1.00034504605329,4032739477.93953,4031461137.67236,4032.73947793953
USDC,2025-03-05,1.00034504605329,1.00055043457089,0.999940728967442,1.00021853135123,2908472330.2436,2907577872.61791,2908.4723302436
USDC,2025-03-06,1.00021853135123,1.00039779423686,0.999927982543576,1.00012072709535,3166614087.23802,3166004273.53449,3166.61408723802
USDC,2025-03-07,1.00012072709535,1.0016256261783,0.999922225325233,1.0000716044823,3354257655.18499,3354135949.37867,3354.2576551849897
USDC,2025-03-08,1.0000716044823,1.00059235210709,0.999983456700002,1.00050722677566,1042364751.47449,1042187261.46286,1042.36475147449
USDC,2025-03-09,1.00050722677566,1.00119413822134,1.00039934406719,1.00054990741536,1242167597.95955,1241205623.68437,1242.16759795955
USDC,2025-03-10,1.00054990741536,1.00059878335825,0.999980344786952,1.00037922233941,3489062626.22524,3488039718.3602,3489.0626262252404
USDC,2025-03-11,1.00037922233941,1.00057308621966,1.00002763723413,1.00016868769163,2738528751.59709,2737931753.11075,2738.52875159709
USDC,2025-03-12,1.00016868769163,1.00025838577398,0.998213515588788,1.00006776682602,2379244809.94023,2381156427.30481,2379.24480994023
USDC,2025-03-13,1.00006776682602,1.00036668700839,1.00000417979904,1.00015584833209,2489394736.30986,2488950954.4616,2489.39473630986
USDC,2025-03-14,1.00015584833209,1.00023356039162,0.999938619221464,1.00008715748218,1946683775.42986,1946515942.77037,1946.6837754298601
USDC,2025-03-15,1.00008715748218,1.00028752900885,0.999958706570751,1.00011390439612,928010503.505247,927927868.082928,928.010503505247
USDC,2025-03-16,1.00011390439612,1.00017501277213,0.99805007383598,0.999929199253988,859681355.77935,859663791.356059,859.68135577935
USDC,2025-03-17,0.999929199253988,1.00055618414825,0.999579416404269,1.00011306687827,1571088378.74085,1571058559.67522,1571.08837874085
USDC,2025-03-18,1.00011306687827,1.00034634296884,0.999990225833179,1.00028110307688,1962727799.12675,1962401636.47529,1962.72779912675
USDC,2025-03-19,1.00028110307688,1.00040454968774,0.99994362274602,1.00005119594216,2846361057.19229,2845941609.82618,2846.36105719229
USDC,2025-03-20,1.00005119594216,1.00031508766032,0.999847557360055,1.00016933584127,2884969938.60127,2884648265.58025,2884.9699386012703
USDC,2025-03-21,1.00016933584127,1.00029495532739,0.99989097607515,1.00003963365344,2054287356.38185,2054083937.31094,2054.28735638185
USDC,2025-03-22,1.00003963365344,1.00059053250974,0.999901476076102,1.00007643178786,739036596.926501,739013175.840476,739.036596926501
USDC,2025-03-23,1.00007643178786,1.00041410545374,1.00000155688838,1.0002596667952,678585438.766832,678462244.003152,678.585438766832
USDC,2025-03-24,1.0002596667952,1.00147949662235,0.999900441800462,1.00006991112988,2594960342.10656,2594671084.38082,2594.9603421065603
USDC,2025-03-25,1.00006991112988,1.00015457683809,0.999809124768904,1.00001417665744,1880134336.87519,1880181450.45671,1880.13433687519
USDC,2025-03-26,1.00001417665744,1.00026556445168,0.999976473851928,1.0001044349455,1663442676.68057,1663275491.14805,1663.4426766805698
USDC,2025-03-27,1.0001044349455,1.00013671077208,0.999903231545454,1.00006552867255,2748316392.79719,2748197733.20891,2748.31639279719
USDC,2025-03-28,1.00006552867255,1.00041454899964,0.999961454512422,1.00021390382309,3493710347.45728,3493019696.48042,3493.71034745728
USDC,2025-03-29,1.00021390382309,1.00070335872565,1.00013291365708,1.00064647666683,1179827055.41444,1179460562.00007,1179.8270554144399
USDC,2025-03-30,1.00064647666683,1.00073134231298,0.999122776254738,1.00062904658644,1200603087.70772,1199951690.3239,1200.60308770772
USDC,2025-03-31,1.00062904658644,1.000669582229,0.999985931728293,1.0000614723781,2638001764.28769,2637301644.92877,2638.00176428769
USDC,2025-04-01,1.0000614723781,1.00051914678173,0.999888216360324,0.999992933977862,1727328411.817,1727269910.19033,1727.328411817
USDC,2025-04-02,0.999992933977862,1.00012204699804,0.999372131662422,0.99997023464346,2561950549.40074,2562029449.26081,2561.9505494007403
USDC,2025-04-03,0.99997023464346,1.00017047365733,0.999862263375442,1.00004720524778,2443362622.55031,2443255266.87203,2443.3626225503103
USDC,2025-04-04,1.00004720524778,1.00017009607616,0.99974736648418,1.00001185578742,2381409703.09745,2381557577.83781,2381.40970309745
USDC,2025-04-05,1.00001185578742,1.00036756108976,0.999913583050351,1.00016565607712,735516999.853013,735427582.040903,735.5169998530131
USDC,2025-04-06,1.00016565607712,1.00036213502204,0.999711208051607,1.0002177190323,1886305091.19968,1886197287.71383,1886.3050911996802
USDC,2025-04-07,1.0002177190323,1.00029577519822,0.999803854446344,1.00005027535112,4074043130.93728,4073970848.42416,4074.0431309372802
USDC,2025-04-08,1.00005027535112,1.00017762504843,0.999885284182725,1.00004469027709,2503434564.33247,2503398659.94156,2503.43456433247
USDC,2025-04-09,1.00004469027709,1.00019130609704,0.999793880469457,0.999896111577319,3704958105.43411,3704900417.43873,3704.95810543411
USDC,2025-04-10,0.999896111577319,1.00009094340125,0.999835272764329,0.999983217251344,3039802440.7022,3039909569.42641,3039.8024407022
USDC,2025-04-11,0.999983217251344,1.00010291733037,0.999860971298875,0.999919430425972,2305895008.38459,2305952412.28003,2305.8950083845903
USDC,2025-04-12,0.999919430425972,1.00007523019163,0.999858396688106,0.99998710190374,1066404441.37522,1066420301.56775,1066.40444137522
USDC,2025-04-13,0.99998710190374,1.00007953797421,0.999696258762451,0.999953298116638,1228276261.1041,1228296731.13402,1228.2762611041
USDC,2025-04-14,0.999953298116638,1.00007020423481,0.999869423289303,0.99994531253493,2004413212.55767,2004482872.81727,2004.41321255767
USDC,2025-04-15,0.99994531253493,1.00017259586573,0.99979902054,0.999900616143353,1935872155.18479,1935958721.74931,1935.8721551847898
USDC,2025-04-16,0.999900616143353,1.00009912208611,0.999805174056604,1.00001619027403,1744038075.56881,1744144015.21352,1744.03807556881
USDC,2025-04-17,1.00001619027403,1.00004554460082,0.999679879952244,0.999801737037095,2124080511.68397,2124261197.86746,2124.08051168397
USDC,2025-04-18,0.999801737037095,0.99989785075872,0.999559307191563,0.999710183458425,1036783707.92421,1037068515.97907,1036.78370792421
USDC,2025-04-19,0.999710183458425,0.999995067486969,0.999699797362924,0.999819135852729,601003603.771962,601107911.761208,601.003603771962
USDC,2025-04-20,0.999819135852729,0.999899592438032,0.999658454177867,0.999800269612729,644692854.664415,644872334.670224,644.692854664415
USDC,2025-04-21,0.999800269612729,0.999968050493736,0.999629210319739,0.99990108109606,2245745460.90073,2246148152.66153,2245.74546090073
USDC,2025-04-22,0.99990108109606,1.00004632083852,0.999707715973462,0.999891328672566,4116199991.28199,4116618011.51466,4116.19999128199
USDC,2025-04-23,0.999891328672566,1.00021935547654,0.999734032035024,0.99990432763246,2867509663.85923,2867854688.21335,2867.50966385923
USDC,2025-04-24,0.99990432763246,1.00005398639654,0.99980522652181,0.999941562382468,2522367057.88261,2522504396.9475,2522.36705788261
USDC,2025-04-25,0.999941562382468,1.00020762306039,0.999810929269671,0.999932255609309,3341618263.20343,3341731252.70223,3341.61826320343
USDC,2025-04-26,0.999932255609309,1.00009722263178,0.999785985406282,0.999967571796833,1410726949.2439,1410812067.3536,1410.7269492439
USDC,2025-04-27,0.999967571796833,1.00007610751017,0.999852877915399,0.999931546832285,881557781.881968,881581491.72073,881.557781881968
USDC,2025-04-28,0.999931546832285,1.00036476727177,0.999889517538222,1.00006963298146,2355357510.78569,2355162329.16407,2355.35751078569
USDC,2025-04-29,1.00006963298146,1.00093882485645,0.999891792005284,1.00006103572383,1908705150.71304,1908700551.68629,1908.7051507130402
USDC,2025-04-30,1.00006103572383,1.00028206402649,0.999796457897089,1.00011852646983,2122782391.72402,2122620964.97742,2122.78239172402
USDC,2025-05-01,1.00011852646983,1.00019524524,0.999878391007699,0.999963945436153,2355022170.54402,2354914888.17906,2355.0221705440204
USDC,2025-05-02,0.999963945436153,1.00010149561189,0.999856348100452,0.999952221607766,1720717811.65222,1720753487.27566,1720.71781165222
USDC,2025-05-03,0.999952221607766,1.000423399351,0.999880570993116,1.00038220087164,835722220.004916,835690097.376001,835.7222200049159
USDC,2025-05-04,1.00038220087164,1.00181998731609,1.00028306441256,1.00167168791924,1097913923.41301,1097053031.33524,1097.9139234130098
USDC,2025-05-05,1.00167168791924,1.00267050084774,1.00091744431082,1.00107052743865,2003486606.25529,2000231527.77219,2003.48660625529
USDC,2025-05-06,1.00107052743865,1.00113797476618,1.00010781293076,1.00022499370915,2304622036.02238,2303472706.40031,2304.6220360223797
USDC,2025-05-07,1.00022499370915,1.00026141712209,0.999977876848696,1.00014272994371,1910849059.69583,1910620116.85668,1910.8490596958302
USDC,2025-05-08,1.00014272994371,1.00018262582081,0.999900708079789,1.00004728073455,3555940659.9221,3555773344.40867,3555.9406599221
USDC,2025-05-09,1.00004728073455,1.00012997190459,0.999872191905914,0.999983500260126,4274939627.78736,4274837878.94502,4274.93962778736
USDC,2025-05-10,0.999983500260126,1.00008782103452,0.999571532858187,0.999810471950859,1633089868.29035,1633292283.07168,1633.08986829035
USDC,2025-05-11,0.999810471950859,1.00010900311409,0.999656793419188,0.999992278595868,1543599552.69794,1543833115.82414,1543.59955269794
USDC,2025-05-12,0.999992278595868,1.00016521561835,0.999627626127752,0.999984849788092,2978571575.84211,2978742313.70154,2978.57157584211
USDC,2025-05-13,0.999984849788092,1.0001864387868,0.99971988240514,1.00002360113189,2541658988.99711,2541588250.5025,2541.65898899711
USDC,2025-05-14,1.00002360113189,1.00012795647161,0.999788473761055,0.999936700139232,2176214761.3924,2176390412.55077,2176.2147613924
USDC,2025-05-15,0.999936700139232,1.00000225463745,0.999785014001777,0.999846436659672,2509807272.85547,2510063501.61883,2509.8072728554703
USDC,2025-05-16,0.999846436659672,1.00007718893326,0.999739176866621,0.99981231579743,1991563615.21279,1991785986.61257,1991.56361521279
USDC,2025-05-17,0.99981231579743,0.999940359978109,0.999727892587201,0.999857654488898,1000122679.29932,1000293126.40537,1000.12267929932
USDC,2025-05-18,0.999857654488898,0.999944912574392,0.999352352994237,0.999849323538139,1259046723.56027,1259292702.74169,1259.04672356027
USDC,2025-05-19,0.999849323538139,0.999984111019998,0.998934218734786,0.999112985442279,2271334302.30305,2272050038.40281,2271.33430230305
USDC,2025-05-20,0.999112985442279,0.999904910198761,0.999024656785245,0.999790436393917,2463500183.4908,2464322548.78467,2463.5001834908
USDC,2025-05-21,0.999790436393917,1.00000695393777,0.999615693229378,0.999808545393928,3032934228.53286,3033703099.33019,3032.93422853286
USDC,2025-05-22,0.999808545393928,0.999929002319772,0.999571568941215,0.99966314286236,3280567336.10148,3281336416.55623,3280.56733610148
USDC,2025-05-23,0.99966314286236,0.999817094089909,0.999577969087844,0.999708101939926,3494061151.14785,3495104901.25755,3494.06115114785
USDC,2025-05-24,0.999708101939926,0.999880730061868,0.998666672907039,0.998890907907323,1144835783.3803,1145447601.98939,1144.8357833803
USDC,2025-05-25,0.998890907907323,0.999804552022685,0.998657069395747,0.999416686022281,1082141822.39894,1083046242.88345,1082.1418223989401
USDC,2025-05-26,0.999416686022281,0.999854574697513,0.999053779468352,0.999789183163994,1584124519.24163,1584982907.60313,1584.12451924163
USDC,2025-05-27,0.999789183163994,0.999942739043633,0.999552014598155,0.999595444712883,2430122825.51101,2430831915.01013,2430.12282551101
USDC,2025-05-28,0.999595444712883,0.999860105608496,0.999428229405276,0.999757164603133,1976239567.06935,1976882633.73239,1976.23956706935
USDC,2025-05-29,0.999757164603133,0.999996838856957,0.999593216217297,0.999849465720277,2285299306.78636,2285740261.75979,2285.29930678636
USDC,2025-05-30,0.999849465720277,1.00006900796011,0.999691748273695,0.999743250309582,3021270937.82004,3021672392.84819,3021.27093782004
USDC,2025-05-31,0.999743250309582,0.999971700404306,0.999684524776513,0.999816813091008,1082304246.91794,1082502763.8839,1082.30424691794
USDC,2025-06-01,0.999816813091008,0.999907271526729,0.999630283179627,0.999741231800703,859230615.440401,859400193.360312,859.2306154404009
USDC,2025-06-02,0.999741231800703,0.999891086785292,0.999641479117189,0.999873581824721,1848250017.7961,1848663090.17177,1848.2500177960999
USDC,2025-06-03,0.999873581824721,0.999881647576858,0.999580185532318,0.999752466537614,2255551940.09969,2256291121.54854,2255.55194009969
USDC,2025-06-04,0.999752466537614,0.999804727033969,0.999365308742471,0.999479951003649,1529366120.93023,1529991919.36681,1529.36612093023
USDC,2025-06-05,0.999479951003649,1.00041617609549,0.999348644626023,1.00012478268991,2771956232.25579,2772633592.36847,2771.9562322557904
USDC,2025-06-06,1.00012478268991,1.00047702916696,0.999574440472017,0.99988769394033,2826379892.30139,2826345713.67854,2826.37989230139
USDC,2025-06-07,0.99988769394033,0.999948423536812,0.999700755325318,0.999778042511587,1396903526.25726,1397176062.24748,1396.9035262572602
USDC,2025-06-08,0.999778042511587,0.999967042700956,0.999640964873652,0.99987592672761,986688403.802384,986860743.262926,986.6884038023841
USDC,2025-06-09,0.99987592672761,1.00001958745634,0.999670484338514,0.999821190653188,2287030291.80754,2287413803.0379,2287.03029180754
USDC,2025-06-10,0.999821190653188,0.999910983098448,0.999529292700156,0.999576420235922,2471899174.64848,2472502631.6941,2471.89917464848
USDC,2025-06-11,0.999576420235922,0.999837730107623,0.999518302373414,0.999724798729249,2237173240.99316,2237891059.61984,2237.1732409931597
USDC,2025-06-12,0.999724798729249,0.999897416465973,0.99962960803878,0.999716707260505,2662320220.8027,2662931515.92335,2662.3202208027
USDC,2025-06-13,0.999716707260505,1.00014050386523,0.998557776282282,0.999776642832061,3081757616.9736,3083001750.62133,3081.7576169736
USDC,2025-06-14,0.999776642832061,0.999994118489011,0.999702284234762,0.999877230553648,797040864.335979,797157893.718779,797.040864335979
USDC,2025-06-15,0.999877230553648,1.00008552938281,0.999740656346005,0.999951447767409,984459250.369489,984545183.121928,984.4592503694889
USDC,2025-06-16,0.999951447767409,1.0001654373569,0.999795754727883,0.99982680930769,2573245712.07146,2573260692.90261,2573.24571207146
USDC,2025-06-17,0.99982680930769,1.00008213800102,0.99973150408981,1.00004838757573,2106241182.85442,2106521967.54917,2106.24118285442
USDC,2025-06-18,1.00004838757573,1.00033620733645,0.999197263853836,1.00013346259137,1955012627.11029,1954928534.7884,1955.01262711029
USDC,2025-06-19,1.00013346259137,1.00034566349557,0.999903519640698,1.00005670167066,1472383788.11857,1472238906.81913,1472.38378811857
USDC,2025-06-20,1.00005670167066,1.00022492936813,0.999817336653113,0.999948467366741,1860440902.69325,1860511105.9443,1860.4409026932499
USDC,2025-06-21,0.999948467366741,1.00023199233859,0.999845821497835,1.00007817508928,1443968539.73316,1443884656.84747,1443.96853973316
USDC,2025-06-22,1.00007817508928,1.00069614936547,0.999974835388176,1.00061936796474,2284048701.98102,2283426398.06256,2284.04870198102
USDC,2025-06-23,1.00061936796474,1.00069428502476,0.999906160003092,1.00003945480979,3450405907.03054,3449637298.73709,3450.4059070305398
USDC,2025-06-24,1.00003945480979,1.00008487110192,0.999761380437174,0.999920611976151,3065904844.60817,3066158276.99628,3065.90484460817
USDC,2025-06-25,0.999920611976151,0.999999458603613,0.99979190477106,0.999960965732925,2172465488.68034,2172695622.26127,2172.4654886803396
USDC,2025-06-26,0.999960965732925,1.00002162151879,0.999773506013316,0.999840998368038,2061948000.2489,2062153229.49622,2061.9480002489
USDC,2025-06-27,0.999840998368038,1.0000003942605,0.999760275239193,0.999911256774527,2142268293.10982,2142497692.1253,2142.2682931098198
USDC,2025-06-28,0.999911256774527,0.999973513471169,0.999650277983313,0.999832377416805,548013026.130331,548103792.510952,548.013026130331
USDC,2025-06-29,0.999832377416805,1.00257700815035,0.999457472749907,0.999852396386383,704878972.315795,703478402.037164,704.878972315795
USDC,2025-06-30,0.999852396386383,1.00018226593785,0.999752904974741,1.00001862311186,1832504718.71854,1832538140.9199,1832.50471871854
USDC,2025-07-01,1.00001862311186,1.00041747823602,0.999967036368655,1.00006128596749,1527698375.13653,1527465283.67235,1527.6983751365299
USDC,2025-07-02,1.00006128596749,1.00022054132892,0.99977062099261,0.999906405438104,2972155066.79903,2972189655.77954,2972.15506679903
USDC,2025-07-03,0.999906405438104,1.00002156767086,0.999794625109491,0.999895111545983,2124182243.20459,2124381036.87666,2124.18224320459
USDC,2025-07-04,0.999895111545983,1.000026737358,0.999802495593197,0.999998631793299,1725710005.33547,1725844461.09109,1725.71000533547
USDC,2025-07-05,0.999998631793299,1.00004833415935,0.999833925198211,0.999928586358221,526477543.953067,526514275.713728,526.477543953067
USDC,2025-07-06,0.999928586358221,1.0000116460802,0.999776318637027,0.999969654550949,785512874.489768,785587686.34796,785.512874489768
USDC,2025-07-07,0.999969654550949,1.00002842761886,0.999765754334644,0.999882712102566,2045221377.63802,2045366777.58466,2045.22137763802
USDC,2025-07-08,0.999882712102566,1.00006929728438,0.999838190052715,0.999884735530847,1760255390.23805,1760303962.08644,1760.25539023805
USDC,2025-07-09,0.999884735530847,1.00004739886718,0.999772297875243,0.999991284819812,2055464221.50977,2055602399.26999,2055.46422150977
USDC,2025-07-10,0.999991284819812,1.00010741978625,0.999640653468488,0.99991982797185,4069359455.27243,4069709023.17585,4069.35945527243
USDC,2025-07-11,0.99991982797185,1.00004148745066,0.999704520918437,0.999803648482623,3958240485.47447,3958623824.60654,3958.24048547447
USDC,2025-07-12,0.999803648482623,1.00035008557396,0.999591755420534,0.99981942874385,1767170167.45741,1767611859.89805,1767.1701674574101
USDC,2025-07-13,0.99981942874385,0.999885390132102,0.999604134749224,0.99972547412278,1305404993.0032,1305756659.87708,1305.4049930032002
USDC,2025-07-14,0.99972547412278,1.00003377884044,0.999645446694071,0.99992620349837,3800748359.26492,3801591119.20709,3800.74835926492
USDC,2025-07-15,0.99992620349837,1.00025486592685,0.999771838856626,0.999964306902421,3940750270.86518,3941006502.3725,3940.75027086518
USDC,2025-07-16,0.999964306902421,1.00003928770216,0.999721361419429,0.999885054620608,4378168383.06275,4378675847.43996,4378.16838306275
USDC,2025-07-17,0.999885054620608,0.999989025336737,0.999486800810022,0.999873953057295,3607893559.67706,3608461139.61052,3607.8935596770602
USDC,2025-07-18,0.999873953057295,1.00001110378547,0.999504251689107,0.999843233183666,4842664878.82152,4843340778.3999,4842.66487882152
USDC,2025-07-19,0.999843233183666,0.999993598025665,0.999727366247256,0.999886313824999,1528076842.46855,1528302400.38558,1528.07684246855
USDC,2025-07-20,0.999886313824999,1.00002047367739,0.999740213731015,0.999828113769715,1491710444.87841,1491972908.20514,1491.71044487841
USDC,2025-07-21,0.999828113769715,1.00002475806331,0.999715541480912,0.999901426959817,3178890828.6611,3179366965.38766,3178.8908286611
USDC,2025-07-22,0.999901426959817,1.0000169889639,0.999754202790906,0.999953749754235,2753404546.59572,2753764259.48246,2753.4045465957197
USDC,2025-07-23,0.999953749754235,1.00001769843193,0.999748368083251,0.999881496006726,3391924324.48139,3392296958.41992,3391.92432448139
USDC,2025-07-24,0.999881496006726,1.00009158785593,0.999744578116976,0.999876095483617,2774908894.71964,2775159069.76845,2774.9088947196396
USDC,2025-07-25,0.999876095483617,1.00003721225616,0.999472219230595,0.999820543242873,3904567316.62941,3905240098.75043,3904.56731662941
USDC,2025-07-26,0.999820543242873,1.00003287711795,0.999755504353611,0.999939451268209,1651568876.81703,1651769827.6842,1651.56887681703
USDC,2025-07-27,0.999939451268209,1.00000390663688,0.999423951932116,0.999812645195597,1732833886.27539,1733042870.79587,1732.83388627539
USDC,2025-07-28,0.999812645195597,1.0000304729338,0.999656356558471,0.999910313965846,3115268227.64225,3115542969.1996,3115.26822764225
USDC,2025-07-29,0.999910313965846,1.00018765071193,0.999757970524519,0.999946694004549,3062066424.15236,3062315457.84184,3062.06642415236
USDC,2025-07-30,0.999946694004549,1.00004143946764,0.999765815151832,0.999972721229493,3126877393.95798,3127054543.71833,3126.87739395798
USDC,2025-07-31,0.999972721229493,1.00018867027019,0.999793729218587,0.999961291183372,3030871574.8585,3031054582.84132,3030.8715748585
USDC,2025-08-01,0.999961291183372,1.00059352444669,0.999737772925927,0.99994504089861,3822260783.65796,3822519989.06343,3822.26078365796
USDC,2025-08-02,0.99994504089861,1.00097588345565,0.999867904033317,1.00010004763526,1335765419.95911,1335662455.23284,1335.76541995911
USDC,2025-08-03,1.00010004763526,1.00067606138371,0.999958171950609,1.00021329180585,1587918345.69243,1587590438.53977,1587.91834569243
USDC,2025-08-04,1.00021329180585,1.00038641448075,0.999728475427007,1.00020301338706,665395338.364122,665248965.852175,665.395338364122
