symbol,date,open,high,low,close,usd_volume,crypto_volume,usd_volume_mil
WBT,2022-09-22,3.6017,4.0801,3.5428,3.8434,962191.070136,249150.939755682,0.962191070136
WBT,2022-09-23,3.8434,4.114,3.8371,3.9422,888628.774208641,225780.796856266,0.8886287742086411
WBT,2022-09-24,3.9422,3.945,3.81671829,3.82871709,661984.393700105,170431.824780736,0.661984393700105
WBT,2022-09-25,3.82871709,3.8436156,3.62057574,3.63297326,588786.30540573,156816.186719959,0.5887863054057301
WBT,2022-09-26,3.63297326,3.961,3.5956404,3.7329,984934.817019399,264836.909009071,0.984934817019399
WBT,2022-09-27,3.7329,4.1028,3.7233,4.04899506,1536018.55578789,387739.057052088,1.53601855578789
WBT,2022-09-28,4.04899506,5.94260568,3.9699,5.85591435,3368988.13238714,775698.222211201,3.36898813238714
WBT,2022-09-29,5.85591435,6.0163,5.7734226,5.8924,3201152.17040295,544193.604891725,3.20115217040295
WBT,2022-09-30,5.8924,13.4102,5.8361,10.3943,8806214.35128786,1111309.0220016,8.80621435128786
WBT,2022-10-01,10.3943,10.8692,10.3003,10.75752414,6608986.57561476,625436.979078605,6.60898657561476
WBT,2022-10-02,10.75752414,11.1718,10.56344355,11.1718,4245763.90096703,393013.197977928,4.24576390096703
WBT,2022-10-03,11.1718,11.6036,11.03809608,11.6036,9806746.87842024,866104.407819571,9.80674687842024
WBT,2022-10-04,11.6036,11.987,11.2533,11.6879,5781328.53611987,495363.100907713,5.78132853611987
WBT,2022-10-05,11.6879,12.1793,11.5649,11.8881,4561673.61322391,377522.586402075,4.561673613223911
WBT,2022-10-06,11.8881,11.9362,11.0085,11.1603,6070679.76518172,524048.931833156,6.07067976518172
WBT,2022-10-07,11.1603,11.172,11.013,11.0512,5676721.80584162,511855.743059955,5.67672180584162
WBT,2022-10-08,11.0512,11.0969,10.8868,11.0306,4683898.01211154,424508.398142408,4.68389801211154
WBT,2022-10-09,11.0306,11.1267,10.8995,11.0928906,6011874.63350715,543757.180468157,6.0118746335071505
WBT,2022-10-10,11.0928906,11.172,11.0443,11.0811,3671407.41389588,330338.917828864,3.6714074138958797
WBT,2022-10-11,11.0811,11.0964,11.05699419,11.08709118,4348373.9122629,392326.971709001,4.3483739122628995
WBT,2022-10-12,11.08709118,11.185,11.05259463,11.1786,5102763.03745736,458951.836091961,5.10276303745736
WBT,2022-10-13,11.1786,11.1787,10.26407349,11.06,5445819.67283674,492635.429362028,5.445819672836739
WBT,2022-10-14,11.06,11.1655,11.0069,11.1653,7398440.90335758,666015.25920213,7.398440903357581
WBT,2022-10-15,11.1653,13.1774,11.1651,13.15078479,9512080.00450396,801737.672925029,9.512080004503959
WBT,2022-10-16,13.15078479,13.874,13.1392,13.688,3584027.99608528,266721.793903092,3.58402799608528
WBT,2022-10-17,13.688,13.78,13.3326,13.4181,9182868.45919346,681995.174606564,9.182868459193461
WBT,2022-10-18,13.4181,13.5615,13.2803,13.2883,11756072.5069449,874802.21183798,11.7560725069449
WBT,2022-10-19,13.2883,13.4429,13.28587128,13.4405,10831053.6351892,809949.609000725,10.8310536351892
WBT,2022-10-20,13.4405,13.7202,13.377,13.5748,9477986.28731328,698209.458135399,9.47798628731328
WBT,2022-10-21,13.5748,13.6204,12.1551,12.6877,7293139.64712052,554661.122529027,7.29313964712052
WBT,2022-10-22,12.6877,12.7739,12.2497,12.3356,10529744.0770368,837173.473956842,10.5297440770368
WBT,2022-10-23,12.3356,12.336,12.1567,12.1575,9422198.07179266,768274.949426305,9.42219807179266
WBT,2022-10-24,12.1575,12.188,12.1156,12.1782,9233637.47820649,759866.851831584,9.23363747820649
WBT,2022-10-25,12.1782,12.1808,12.11628825,12.14,9050072.7066042,744802.392753466,9.0500727066042
WBT,2022-10-26,12.14,13.3642,12.128,13.351,9236605.11278787,749482.915493877,9.23660511278787
WBT,2022-10-27,13.351,14.5774,13.2798,14.5166,10174082.6014154,725160.383359183,10.1740826014154
WBT,2022-10-28,14.5166,14.5598,14.5024,14.5285,10918358.9323047,751520.03782302,10.9183589323047
WBT,2022-10-29,14.5285,14.541,14.4155,14.4167,9971450.38298076,688254.607792216,9.97145038298076
WBT,2022-10-30,14.4167,14.4871,14.3129,14.372,10291139.4114459,714566.776242272,10.2911394114459
WBT,2022-10-31,14.372,14.5317,12.3787,12.3816,7959037.34774055,573288.326735637,7.95903734774055
WBT,2022-11-01,12.3816,12.3965202,10.63653624,10.6369362,8095819.90338826,678665.252522067,8.09581990338826
WBT,2022-11-02,10.6369362,10.6371,10.1614,10.2291,1894463.4110243,179853.105237489,1.8944634110243
WBT,2022-11-03,10.2291,10.2331,9.6353,9.6664,2147934.82928639,217738.9328271,2.14793482928639
WBT,2022-11-04,9.6664,9.7992,9.1787,9.1801,7949184.9626704,833052.926410979,7.9491849626704
WBT,2022-11-05,9.1801,9.1801,8.615,8.6537,7183053.65136209,792889.997273147,7.183053651362091
WBT,2022-11-06,8.6537,8.8729,8.6031,8.7579,7529881.46240997,861844.697432751,7.52988146240997
WBT,2022-11-07,8.7579,8.7586,8.2763,8.2929,6994325.17786949,823764.628611542,6.994325177869491
WBT,2022-11-08,8.2929,8.2929,6.551545,6.6492426,3409695.50470927,441888.137834325,3.4096955047092696
WBT,2022-11-09,6.6492426,7.2004367,6.2095,6.9763248,4106044.55433358,629628.649719813,4.106044554333581
WBT,2022-11-10,6.9763248,7.0508368,6.587997,6.69184548,4524894.76001031,672672.304746781,4.52489476001031
WBT,2022-11-11,6.69184548,6.69184548,6.3127492,6.31457946,7198197.51370765,1107363.08771666,7.19819751370765
WBT,2022-11-12,6.31457946,6.31521212,6.1211904,6.1218035,7782722.32846787,1246560.95938957,7.78272232846787
WBT,2022-11-13,6.1218035,6.12581184,5.37136954,5.49504714,2941260.80046367,502321.114933595,2.9412608004636698
WBT,2022-11-14,5.49504714,5.51631945,5.42939904,5.46717948,4370569.1792227,796600.981640532,4.3705691792227
WBT,2022-11-15,5.46717948,5.49589976,5.4658851,5.47481664,7366378.38411463,1345035.43400882,7.36637838411463
WBT,2022-11-16,5.47481664,5.4751164,5.39528032,5.4016752,7204016.4344697,1319629.08187089,7.2040164344696995
WBT,2022-11-17,5.4016752,5.46107457,5.39973586,5.41336584,7276567.37485884,1344482.46219468,7.27656737485884
WBT,2022-11-18,5.41336584,5.41370775,5.33848612,5.33848612,6784043.81981804,1259094.80861625,6.784043819818041
WBT,2022-11-19,5.33848612,5.33902061,5.30731911,5.3134812,568296.513658041,106772.345998303,0.568296513658041
WBT,2022-11-20,5.3134812,5.3300962,5.21848388,5.22799476,3141238.65358795,593181.469217155,3.14123865358795
WBT,2022-11-21,5.22799476,5.22799476,4.98669388257411,4.98669388257411,1990613.64824456,391376.777800063,1.99061364824456
WBT,2022-11-22,4.98669388257411,5.01357174300526,4.91949041446709,4.93380900655214,3585526.57283748,723846.206861095,3.58552657283748
WBT,2022-11-23,4.93380900655214,4.95687562085589,4.90219800610551,4.91592945844137,10882474.6516918,2209853.42840456,10.8824746516918
WBT,2022-11-24,4.91592945844137,4.94705771871786,4.9148191351713,4.93260196609824,9688953.09785757,1969136.2716572,9.68895309785757
WBT,2022-11-25,4.93260196609824,4.9444452484671,4.90971229960697,4.9340935936649,10031881.0722492,2039071.39832464,10.0318810722492
WBT,2022-11-26,4.9340935936649,4.9439386953672,4.91227225266784,4.92384219331269,11201422.9611864,2274488.60836276,11.201422961186399
WBT,2022-11-27,4.92384219331269,4.95053146066232,4.91618411547031,4.94051185185634,10617225.3624063,2149595.16386831,10.6172253624063
WBT,2022-11-28,4.94051185185634,4.94352885879546,4.89437508026293,4.89592329353761,10358135.1770582,2108071.63706216,10.3581351770582
WBT,2022-11-29,4.89592329353761,4.90346714875678,4.84677041629845,4.85152155719136,10538833.0815618,2156770.12402099,10.5388330815618
WBT,2022-11-30,4.85152155719136,4.87532929556575,4.84445580834593,4.86341675430989,10219119.344206,2101498.98574581,10.219119344206
WBT,2022-12-01,4.86341675430989,4.863984642519,4.85130819466624,4.85340587211752,9748308.03633861,2006553.79634689,9.74830803633861
WBT,2022-12-02,4.85340587211752,4.85662045829086,4.84810115066363,4.85250183932132,9940396.13488004,2048770.58850069,9.94039613488004
WBT,2022-12-03,4.85250183932132,4.85264354954629,4.83723235291415,4.84406541963833,10193062.6555628,2102898.65492647,10.1930626555628
WBT,2022-12-04,4.84406541963833,4.86456385648583,4.8290777757131,4.83960580425435,4172859.10508253,862458.6456,4.17285910508253
WBT,2022-12-05,4.83960580425435,4.8580323366222,4.82960062765156,4.83293895362888,6291573.32444865,1299214.1531,6.29157332444865
WBT,2022-12-06,4.83293895362888,4.83679061183108,4.80865241171562,4.81594123703811,5780705.33648184,1197784.16451567,5.78070533648184
WBT,2022-12-07,4.81594123703811,4.8172973752799,4.79374072060318,4.79552844908767,6396706.38568371,1330734.77123616,6.39670638568371
WBT,2022-12-08,4.79552844908767,4.80185391081328,4.77138129372747,4.7738010952475,5842358.53643506,1220833.52390222,5.84235853643506
WBT,2022-12-09,4.7738010952475,4.7981155083293,4.75508324045849,4.77471567698666,2818264.37006704,588694.798128277,2.81826437006704
WBT,2022-12-10,4.77471567698666,4.79363625958197,4.71336383084016,4.74942182346558,2913401.90634649,612969.122434971,2.91340190634649
WBT,2022-12-11,4.74942182346558,4.77671024052109,4.71105414208927,4.73287588920292,3075145.42505434,648741.764079722,3.07514542505434
WBT,2022-12-12,4.73287588920292,4.73525610890966,4.5212736055379,4.59883933688066,6723150.96865987,1432079.81006432,6.72315096865987
WBT,2022-12-13,4.59883933688066,4.99462051354557,4.18976559765368,4.77157661800998,7760632.02340441,1721450.39857759,7.76063202340441
WBT,2022-12-14,4.77157661800998,4.8584709451778,4.62327680712688,4.80040954527845,6124883.01385327,1286048.16194532,6.124883013853269
WBT,2022-12-15,4.80040954527845,4.82223998451803,4.64012514874652,4.69526867436337,4861529.23264928,1020393.84398695,4.861529232649279
WBT,2022-12-16,4.69526867436337,4.73633582953198,4.58149816655357,4.59160755583718,4595643.55028817,989103.063,4.59564355028817
WBT,2022-12-17,4.59160755583718,4.61586671210443,4.3947737248816,4.43740045114075,4772060.62231833,1051282.15791697,4.77206062231833
WBT,2022-12-18,4.43740045114075,4.62093823582186,4.42581430163312,4.60264432580602,4247096.15066717,940647.615263771,4.24709615066717
WBT,2022-12-19,4.60264432580602,4.62479453614948,4.3602297581663,4.40378334807873,2846429.11745792,631437.83440666,2.8464291174579204
WBT,2022-12-20,4.40378334807873,4.42834932135583,4.24115386994859,4.24115386994859,7141027.86232387,1660078.56192953,7.14102786232387
WBT,2022-12-21,4.24115386994859,4.25312400625974,4.16459339448595,4.17935148674709,4341416.40464537,1026245.50058218,4.34141640464537
WBT,2022-12-22,4.17935148674709,4.20525357970263,4.13081411580727,4.13687270827286,4574004.72956994,1101699.8903148,4.57400472956994
WBT,2022-12-23,4.13687270827286,4.13835593904715,4.10371551100281,4.1086537843606,6510248.36923894,1581934.50510918,6.51024836923894
WBT,2022-12-24,4.1086537843606,4.11905598904267,4.09592323179689,4.10189519494416,3673315.01193845,893660.703864742,3.67331501193845
WBT,2022-12-25,4.10189519494416,4.15138533174684,4.08559731948354,4.12977702908874,3092826.79447345,750322.638431295,3.09282679447345
WBT,2022-12-26,4.12977702908874,4.18896108036185,4.10271510671751,4.14896913609771,1696059.38622652,409283.39328927,1.6960593862265199
WBT,2022-12-27,4.14896913609771,4.15519671010196,4.10190004153477,4.11280861002303,1708800.01593674,414536.412344199,1.70880001593674
WBT,2022-12-28,4.11280861002303,4.13394367376457,4.07773959213068,4.13394367376457,1932879.41375139,469153.981136631,1.93287941375139
WBT,2022-12-29,4.13394367376457,4.13394367376457,4.07400368991472,4.08653120163669,1472873.72042885,359716.194020061,1.47287372042885
WBT,2022-12-30,4.08653120163669,4.12726540738132,4.07310777396165,4.08388071319221,3486688.19810173,852470.588182285,3.48668819810173
WBT,2022-12-31,4.08388071319221,4.09403430021571,4.06676860724069,4.0753274476992,7332391.47892093,1799357.53192449,7.33239147892093
WBT,2023-01-01,4.0753274476992,4.08164456049751,4.06651452676634,4.07612555643572,7226962.13207855,1773961.06362632,7.22696213207855
WBT,2023-01-02,4.07612555643572,4.10211112100504,4.07324194294004,4.09271046797565,7244938.25942604,1770659.84163765,7.24493825942604
WBT,2023-01-03,4.09271046797565,4.10000434457941,4.07821584731903,4.08637439663754,7400538.73691198,1808017.54413977,7.40053873691198
WBT,2023-01-04,4.08637439663754,4.10653772081779,4.07772400958962,4.09170413699137,7357949.17191556,1796861.73837995,7.35794917191556
WBT,2023-01-05,4.09170413699137,4.1043502993412,4.08216048359442,4.08532956501183,6110564.96336738,1493052.17507982,6.110564963367381
WBT,2023-01-06,4.08532956501183,4.1059855452317,4.07464584462224,4.08925919673223,4688885.85310788,1147021.33117453,4.68888585310788
WBT,2023-01-07,4.08925919673223,4.09400315475374,4.06599816937892,4.06782827233299,4823779.02346381,1183171.20863658,4.82377902346381
WBT,2023-01-08,4.06782827233299,4.08306454379783,4.06160073148641,4.07083448717905,6381378.41041935,1564410.80077297,6.38137841041935
WBT,2023-01-09,4.07083448717905,4.12988932366024,4.05181530815441,4.07874035703709,8712063.30146708,2136169.67908479,8.71206330146708
WBT,2023-01-10,4.07874035703709,4.08475861429178,4.0446744672828,4.04739524580042,7355534.03232446,1811378.22232352,7.35553403232446
WBT,2023-01-11,4.04739524580042,4.07561586952914,4.04468473285916,4.04981793662884,8186906.64169663,2013817.59267592,8.18690664169663
WBT,2023-01-12,4.04981793662884,4.05356317406156,3.9899174653132,3.99376850062621,8036190.08756276,1994071.79153691,8.03619008756276
WBT,2023-01-13,3.99376850062621,3.99672159109663,3.70492689180758,3.7230148222431,12366194.1970991,3265727.15476881,12.366194197099102
WBT,2023-01-14,3.7230148222431,3.74826174290095,3.66803711123206,3.67393219164657,10329459.9154847,2781365.83889033,10.3294599154847
WBT,2023-01-15,3.67393219164657,3.67585684867171,3.63711574105728,3.64176836770726,9773020.2533185,2677213.93772443,9.7730202533185
WBT,2023-01-16,3.64176836770726,3.64860327887361,3.52754379771389,3.53779752468155,8982909.56079532,2492354.02593225,8.98290956079532
WBT,2023-01-17,3.53779752468155,3.53781361258544,3.4420901044278,3.44814611672431,7384386.96052706,2106264.51020476,7.38438696052706
WBT,2023-01-18,3.44814611672431,3.44840952672175,3.31837889895751,3.32645574877249,5467398.98795951,1610826.68838836,5.46739898795951
WBT,2023-01-19,3.32645574877249,3.42439267450544,3.31025901568691,3.41561271350282,5505272.76307786,1642628.80872978,5.50527276307786
WBT,2023-01-20,3.41561271350282,3.56833822783162,3.39678735892575,3.5471536137723,9347522.69218503,2718452.05764167,9.347522692185029
WBT,2023-01-21,3.5471536137723,3.60513914143043,3.5282058503476,3.56166627867747,6779793.19158408,1902931.36138264,6.779793191584081
WBT,2023-01-22,3.56166627867747,3.56522815048305,3.50293870939179,3.50553904748633,6401332.85200034,1812043.67120797,6.40133285200034
WBT,2023-01-23,3.50553904748633,3.51259766213543,3.48191257204604,3.48826169862928,7957376.08915015,2275902.38134202,7.95737608915015
WBT,2023-01-24,3.48826169862928,3.49396725547247,3.45817067480784,3.46092819485472,8964449.98278874,2573956.63887166,8.96444998278874
WBT,2023-01-25,3.46092819485472,3.55402396732544,3.41047398027564,3.48995309310946,9797074.95385435,2844870.67866109,9.79707495385435
WBT,2023-01-26,3.48995309310946,3.48997445839482,3.43027067815598,3.44001136981836,9733015.88667408,2826361.8221238,9.73301588667408
WBT,2023-01-27,3.44001136981836,3.44065605580724,3.41780000435542,3.41780000435542,7437669.57707135,2168365.43729144,7.43766957707135
WBT,2023-01-28,3.41780000435542,3.42512749198854,3.39948026492277,3.40044870207581,6352723.61168222,1862003.17159198,6.3527236116822206
WBT,2023-01-29,3.40044870207581,3.41267859546716,3.39158679596353,3.40060736696047,7205847.58432848,2118003.41186518,7.20584758432848
WBT,2023-01-30,3.40060736696047,3.40271227355896,3.35156528142384,3.3572658826231,9130404.02515831,2701242.36837866,9.13040402515831
WBT,2023-01-31,3.3572658826231,3.36337248924291,3.33754206306315,3.34981659707181,7665810.73078414,2287953.43622019,7.665810730784139
WBT,2023-02-01,3.34981659707181,3.3543810443382,3.30358446579628,3.30974675868851,9616396.51737625,2884252.71955798,9.61639651737625
WBT,2023-02-02,3.30974675868851,3.34005806609351,3.30249103197037,3.30383272672192,7186544.06310418,2161917.57362746,7.186544063104179
WBT,2023-02-03,3.30383272672192,3.36738966709174,3.27177495093587,3.36188654091597,4086222.15338404,1233284.42595421,4.08622215338404
WBT,2023-02-04,3.36188654091597,3.38928798328038,3.35118849885515,3.37422484871382,2191165.62503032,650991.852828267,2.19116562503032
WBT,2023-02-05,3.37422484871382,3.37938559262144,3.34441129944401,3.34722119433431,2351431.05681766,699662.096787318,2.35143105681766
WBT,2023-02-06,3.34722119433431,3.35809120676349,3.3333219990287,3.3341520402933,2563176.52282796,764754.731691944,2.56317652282796
WBT,2023-02-07,3.3341520402933,3.35702638971096,3.32274038443833,3.34648376965867,2487632.75759927,744048.027244013,2.48763275759927
WBT,2023-02-08,3.34648376965867,3.35408665659111,3.31850914220131,3.32294222810086,2117289.69664552,635020.156529581,2.1172896966455204
WBT,2023-02-09,3.32294222810086,3.32711977426324,3.28701279101882,3.29142745755004,2160205.71290711,652465.812930302,2.1602057129071097
WBT,2023-02-10,3.29142745755004,3.29881558521562,3.26029258623441,3.26050208924127,1800607.06044794,548815.601500309,1.8006070604479398
WBT,2023-02-11,3.26050208924127,3.27824908965557,3.24268625300349,3.26983768327127,2086406.47935856,638499.18768423,2.08640647935856
WBT,2023-02-12,3.26983768327127,3.30089472236237,3.25966789899533,3.28774304167947,2797171.27446695,850238.856718353,2.79717127446695
WBT,2023-02-13,3.28774304167947,3.28887644412823,3.0787322732534,3.1120206112903,4551234.40388978,1436132.6140561,4.55123440388978
WBT,2023-02-14,3.1120206112903,4.08942791834973,3.10332355747844,4.05800430749005,7964220.2541685,2242730.54721755,7.9642202541685005
WBT,2023-02-15,4.05800430749005,4.14362139180028,4.00989347293716,4.13452120734564,3135988.88989606,771918.636876701,3.1359888898960597
WBT,2023-02-16,4.13452120734564,4.16109126746966,4.07509878204304,4.07853540494954,2847518.44833611,689004.9730087,2.84751844833611
WBT,2023-02-17,4.07853540494954,4.08007872191416,3.88008575282106,3.98326815170157,3741944.28835917,939676.749760425,3.74194428835917
WBT,2023-02-18,3.98326815170157,4.02467768049455,3.91954965657514,4.0107507636816,2202276.05977275,553613.5149257,2.2022760597727498
WBT,2023-02-19,4.0107507636816,4.02471833482829,3.9802545477592,4.00986395724234,1590019.91714987,397393.320763183,1.59001991714987
WBT,2023-02-20,4.00986395724234,4.05969036671443,3.98280950682229,4.02409336066469,3113479.41374017,774361.260208169,3.11347941374017
WBT,2023-02-21,4.02409336066469,4.07240973601925,3.95072989979041,3.97632314315922,3241355.49647954,807935.889623878,3.24135549647954
WBT,2023-02-22,3.97632314315922,3.98173790504631,3.87378086551189,3.90281142031329,2880955.90487958,734842.9958078,2.88095590487958
WBT,2023-02-23,3.90281142031329,3.93587417884298,3.87166366734146,3.8939065921227,2853475.01943078,730231.049507357,2.8534750194307796
WBT,2023-02-24,3.8939065921227,3.89989714984749,3.80096906783827,3.80177472177469,3005891.15364433,780046.798103642,3.00589115364433
WBT,2023-02-25,3.80177472177469,3.80630043730061,3.75743473083086,3.76282197008388,2248706.91786401,594412.881349765,2.24870691786401
WBT,2023-02-26,3.76282197008388,3.81931852458298,3.7489617065157,3.79543888073643,2038598.11886535,538327.99597493,2.03859811886535
WBT,2023-02-27,3.79543888073643,3.90607220953523,3.79472411274558,3.87632688656448,2985733.56451832,775297.353876658,2.98573356451832
WBT,2023-02-28,3.87632688656448,3.88493995049561,3.81904402064558,3.81904402064558,2340998.18338461,608172.81779976,2.34099818338461
WBT,2023-03-01,3.81904402064558,3.88522183116143,3.81710537603387,3.86415376854629,2723769.84496894,706615.06518101,2.72376984496894
WBT,2023-03-02,3.86415376854629,3.87070018464189,3.84726986236797,3.85858008166696,2210195.74207003,572426.17744956,2.21019574207003
WBT,2023-03-03,3.85858008166696,3.8598915261708,3.8039129675069,3.81588341904931,2599293.79604291,679128.834827386,2.5992937960429097
WBT,2023-03-04,3.81588341904931,3.82232935538046,3.78797631049434,3.79691721611581,2508431.99207334,658209.665021563,2.50843199207334
WBT,2023-03-05,3.79691721611581,3.80584065311875,3.78557197337276,3.79229320182753,2400668.41864569,631927.466589,2.40066841864569
WBT,2023-03-06,3.79229320182753,3.79966899659452,3.778991758837,3.79023337415248,2152640.87176489,567704.32952418,2.15264087176489
WBT,2023-03-07,3.79023337415248,3.7906801475177,3.75382582287535,3.76499151026142,2350123.6947073,622156.574466677,2.3501236947073
WBT,2023-03-08,3.76499151026142,3.76857259587053,3.70773272259105,3.71252566073199,2451447.22221927,655187.021117067,2.45144722221927
WBT,2023-03-09,3.71252566073199,3.71558497413647,3.62634480487603,3.63295155121882,9902474.85473265,2683302.93168286,9.902474854732649
WBT,2023-03-10,3.63295155121882,3.63380391982514,3.56569594532065,3.58722098323998,11086351.1805501,3082053.10882217,11.0863511805501
WBT,2023-03-11,3.58722098323998,3.64286588953556,3.58430476778587,3.5964915860777,11305383.4241726,3139721.01476235,11.3053834241726
WBT,2023-03-12,3.5964915860777,3.76116689543908,3.58770753688485,3.74719098442671,10716240.0034841,2941384.4381712,10.7162400034841
WBT,2023-03-13,3.74719098442671,4.52048564570578,3.60903010231848,4.46690173525611,20342649.5491211,5075468.79295977,20.342649549121102
WBT,2023-03-14,4.46690173525611,4.56489294795497,4.26842170307114,4.35627103372632,17108614.9537877,3852283.27633,17.1086149537877
WBT,2023-03-15,4.35627103372632,4.38570076090495,4.29510426776764,4.32975640263689,16818054.7137657,3874537.67178905,16.8180547137657
WBT,2023-03-16,4.32975640263689,4.33143853632371,4.24454209778949,4.27202178519201,15532930.2921239,3617228.81180008,15.5329302921239
WBT,2023-03-17,4.27202178519201,5.20716204134808,4.26335798698955,5.18876405907712,19425792.2561212,4195426.9074692,19.4257922561212
WBT,2023-03-18,5.18876405907712,5.19145917656581,5.05038682832092,5.05989572581701,9170671.88921196,1787912.77707557,9.17067188921196
WBT,2023-03-19,5.05989572581701,5.07975125050352,5.008970212268,5.05602262602849,11727166.5318869,2322504.4901295,11.7271665318869
WBT,2023-03-20,5.05602262602849,5.05888734786362,4.77252165931224,4.77793989767547,12871180.1810327,2595086.18334668,12.8711801810327
WBT,2023-03-21,4.77793989767547,4.8662095456277,4.72245321313884,4.78597707623321,12601848.8116325,2628648.92113987,12.601848811632498
WBT,2023-03-22,4.78597707623321,5.02979781971514,4.72988772951116,4.82209047294154,13555515.830695,2805926.27985087,13.555515830694999
WBT,2023-03-23,4.82209047294154,5.05085403933679,4.74968205972673,4.94572142858906,13325318.0045847,2741395.67738132,13.3253180045847
WBT,2023-03-24,4.94572142858906,5.20925302507721,4.87903434433507,5.19396395457262,15160356.3884938,3032721.38659589,15.1603563884938
WBT,2023-03-25,5.19396395457262,5.19400557042226,5.06996207081687,5.0864084774849,10711551.1871592,2094954.23995459,10.711551187159198
WBT,2023-03-26,5.0864084774849,5.10653996957194,5.0191706888857,5.0399143878967,11476670.4242886,2269007.10115086,11.476670424288601
WBT,2023-03-27,5.0399143878967,5.13303469612782,4.81250768217784,5.08149310406932,11076980.3080383,2200570.33153078,11.0769803080383
WBT,2023-03-28,5.08149310406932,5.08149310406932,4.96790606394923,5.06526514705414,11385160.2412351,2259511.31529224,11.3851602412351
WBT,2023-03-29,5.06526514705414,5.34445288439176,5.06241270335231,5.33669140962169,14394723.5404477,2748035.7936448,14.394723540447702
WBT,2023-03-30,5.33669140962169,5.36086990705355,5.26705962693925,5.28365833261816,12038068.730619,2262329.4272457,12.038068730619
WBT,2023-03-31,5.28365833261816,5.37067855603778,5.22021998402253,5.33822898541108,12626323.3740351,2381924.44088716,12.626323374035099
WBT,2023-04-01,5.33822898541108,5.35974142687822,5.32261774737684,5.32687366625848,11243333.3026658,2105448.11763213,11.2433333026658
WBT,2023-04-02,5.32687366625848,5.34137193205673,5.30810888561865,5.32012911384113,11736564.8032496,2203127.66074876,11.7365648032496
WBT,2023-04-03,5.32012911384113,5.32135667701819,5.17961340975529,5.22328363612515,12385895.6882248,2348630.03231397,12.3858956882248
WBT,2023-04-04,5.22328363612515,5.22781264784608,5.17473233563585,5.18281151215806,12362027.0652985,2377535.03395094,12.3620270652985
WBT,2023-04-05,5.18281151215806,5.19018710141789,5.11731284599524,5.1178768759023,14390703.3859505,2787316.35257527,14.3907033859505
WBT,2023-04-06,5.1178768759023,5.11838392044137,4.93759612824141,4.94079852274994,9943029.96013222,1963638.74090448,9.94302996013222
WBT,2023-04-07,4.94079852274994,4.94608050822211,4.9066984565029,4.91075271378061,8571670.84539209,1740885.26644856,8.57167084539209
WBT,2023-04-08,4.91075271378061,4.92071722872964,4.87178963179494,4.91661091572953,9245259.38104441,1883126.81456843,9.245259381044411
WBT,2023-04-09,4.91661091572953,4.93165778328869,4.84943259276108,4.85890094454015,8805259.1514202,1804917.02731483,8.8052591514202
WBT,2023-04-10,4.85890094454015,4.90206783323829,4.84522695330147,4.90206783323829,9399009.14846484,1932979.60036538,9.39900914846484
WBT,2023-04-11,4.90206783323829,4.91139788810453,4.86563801431908,4.8812539895118,5980009.62064164,1221095.52174122,5.98000962064164
WBT,2023-04-12,4.8812539895118,4.88777479710142,4.80348310481227,4.81502806539907,2506606.99301608,516803.296294325,2.50660699301608
WBT,2023-04-13,4.81502806539907,4.82289321300641,4.80044167070908,4.81842656279372,1788010.28853042,371394.158426106,1.78801028853042
WBT,2023-04-14,4.81842656279372,4.95584989474146,4.8075090318304,4.90530353789423,3154683.04495021,645699.985281117,3.15468304495021
WBT,2023-04-15,4.90530353789423,4.90530353789423,4.83117098227961,4.83618454537246,2054319.10376667,423123.567600281,2.05431910376667
WBT,2023-04-16,4.83618454537246,4.86238446657166,4.8236461424154,4.82622076125972,1644730.56918848,339001.120891593,1.64473056918848
WBT,2023-04-17,4.82622076125972,4.8634414324575,4.79037530614425,4.79509730798449,2144785.99392365,444728.131949891,2.14478599392365
WBT,2023-04-18,4.79509730798449,4.91722814244426,4.77036560541293,4.86133026821948,2827137.45621288,583856.18250365,2.82713745621288
WBT,2023-04-19,4.86133026821948,4.87034659215873,4.78996995541777,4.79621839616634,2388156.89796816,493801.618682985,2.3881568979681598
WBT,2023-04-20,4.79621839616634,4.81343859987872,4.7227436033385,4.74527887974384,2467079.55814327,516362.789326932,2.4670795581432703
WBT,2023-04-21,4.74527887974384,4.77669141480989,4.66029905604406,4.68024884456421,2499882.83467982,528643.35278149,2.4998828346798203
WBT,2023-04-22,4.68024884456421,4.73476909362434,4.63948197477057,4.71689668419623,2356824.14672113,503308.047154806,2.35682414672113
WBT,2023-04-23,4.71689668419623,4.7265028048348,4.68290733488635,4.70757469410692,1929585.18467549,409382.337934141,1.9295851846754901
WBT,2023-04-24,4.70757469410692,4.72093551631992,4.62993380857332,4.65712952155714,2507336.95929712,535292.103576053,2.50733695929712
WBT,2023-04-25,4.65712952155714,4.81829653491814,4.64142898274655,4.74425703398497,2496466.40781062,529784.28804437,2.4964664078106202
WBT,2023-04-26,4.74425703398497,4.87906619257704,4.6777187261004,4.75574932661198,3589647.12526703,748157.771016747,3.5896471252670303
WBT,2023-04-27,4.75574932661198,4.89641623829635,4.72035652759075,4.84449820699958,2921025.3785275,608093.021400278,2.9210253785275
WBT,2023-04-28,4.84449820699958,4.84903116651214,4.78496770487869,4.80205560421616,7489056.20340053,1559869.75949591,7.48905620340053
WBT,2023-04-29,4.80205560421616,4.81635477754173,4.79155373524573,4.80483542468666,12265849.3537042,2555256.3774,12.2658493537042
WBT,2023-04-30,4.80483542468666,4.84949663024383,4.74888275864703,4.78702179421568,12739663.9172152,2655028.06899798,12.7396639172152
WBT,2023-05-01,4.78702179421568,4.78702179421568,4.70757710404584,4.71552135632051,12407082.6350593,2615711.75376891,12.4070826350593
WBT,2023-05-02,4.71552135632051,4.77675395202648,4.6994320745926,4.75074291909171,10904928.6103864,2310504.73213203,10.9049286103864
WBT,2023-05-03,4.75074291909171,4.82398592678188,4.71114489895823,4.7908460031592,10913573.3209227,2301176.27892544,10.913573320922701
WBT,2023-05-04,4.7908460031592,4.81129826362251,4.76300972050563,4.76413679293602,10435985.9336086,2184728.16022584,10.4359859336086
WBT,2023-05-05,4.76413679293602,4.89266189207389,4.76274302356214,4.88551820752401,12595991.2137621,2613045.48547192,12.595991213762101
WBT,2023-05-06,4.88551820752401,4.89016713794733,4.7941808213806,4.79624903527924,9110447.12320462,1881186.10464005,9.11044712320462
WBT,2023-05-07,4.79624903527924,4.80019348099049,4.76205037670662,4.77131700825488,11572188.8595494,2419804.72803838,11.5721888595494
WBT,2023-05-08,4.77131700825488,4.81659605499027,4.67490133540746,4.7179640487884,11432112.6602669,2416868.58087392,11.4321126602669
WBT,2023-05-09,4.7179640487884,4.71968918609378,4.68272739765422,4.68740960076247,10252482.8801043,2180558.92799472,10.2524828801043
WBT,2023-05-10,4.68740960076247,4.71925212394774,4.67484646742099,4.7076165004351,11091159.2635507,2361040.88079832,11.0911592635507
WBT,2023-05-11,4.7076165004351,4.72366300785425,4.64831729023925,4.66841989377928,12512658.5583291,2674365.30982534,12.5126585583291
WBT,2023-05-12,4.66841989377928,4.67953112531097,4.62920540311934,4.64553776865302,12808247.4962356,2745889.74966532,12.8082474962356
WBT,2023-05-13,4.64553776865302,4.67862142583978,4.6293169789481,4.6479529730763,11447288.1841574,2462618.35591927,11.447288184157399
WBT,2023-05-14,4.6479529730763,4.68127279659548,4.62987047634319,4.67430064347289,11493879.1018796,2471144.42620245,11.4938791018796
WBT,2023-05-15,4.67430064347289,4.7175505117164,4.66159897341736,4.68974822072602,10315875.6015344,2200333.92802479,10.3158756015344
WBT,2023-05-16,4.68974822072602,4.70397672414706,4.6519999434814,4.65897915590176,11668237.3413728,2496212.84295268,11.6682373413728
WBT,2023-05-17,4.65897915590176,4.67724720652155,4.64462267767238,4.65835295858497,11422790.8968894,2453030.45231771,11.4227908968894
WBT,2023-05-18,4.65835295858497,4.70890393253207,4.64904785232446,4.66181660120924,9165317.22628857,1963334.29163024,9.16531722628857
WBT,2023-05-19,4.66181660120924,4.69625625980483,4.65833275166734,4.66776488926365,9524454.63666386,2042565.59387196,9.52445463666386
WBT,2023-05-20,4.66776488926365,4.6902728858257,4.66076478759018,4.67264732091395,7042531.98611911,1507801.8775669,7.04253198611911
WBT,2023-05-21,4.67264732091395,4.71013755719381,4.66039243148053,4.67443734745661,4841296.10881254,1033512.39413827,4.84129610881254
WBT,2023-05-22,4.67443734745661,4.67443734745661,4.60953112789652,4.61316158279224,11217073.5900751,2417693.63335093,11.217073590075099
WBT,2023-05-23,4.61316158279224,4.65026816177509,4.6086199527773,4.61401634980293,11013925.9276445,2381331.35493835,11.0139259276445
WBT,2023-05-24,4.61401634980293,4.61705612743945,4.56894593435429,4.57243469778783,11278553.1653418,2454311.69468409,11.2785531653418
WBT,2023-05-25,4.57243469778783,4.57689982023799,4.53596874404039,4.57506187256552,13099805.0109301,2866911.29201196,13.099805010930101
WBT,2023-05-26,4.57506187256552,4.73290498302744,4.56895269851842,4.69281079568923,12945370.6296883,2795399.04580405,12.9453706296883
WBT,2023-05-27,4.69281079568923,4.70991841741789,4.68279604274383,4.70903662305558,13746956.5221737,2924198.91999455,13.7469565221737
WBT,2023-05-28,4.70903662305558,4.806015873837,4.70222991339288,4.79779123885381,14182729.1316331,2989052.54566016,14.1827291316331
WBT,2023-05-29,4.79779123885381,4.81057236718504,4.7836672100705,4.78475699951303,13387644.7655911,2792402.45374044,13.3876447655911
WBT,2023-05-30,4.78475699951303,4.90156826615909,4.78298442666473,4.89750918773082,13722415.385947,2831156.68840776,13.722415385947
WBT,2023-05-31,4.89750918773082,4.90092991547289,4.83372801172792,4.85059741495047,14040598.5345011,2887453.21305696,14.0405985345011
WBT,2023-06-01,4.85059741495047,4.96836841573285,4.84845526608497,4.90343673637804,13247563.2961421,2703871.62621237,13.247563296142099
WBT,2023-06-02,4.90343673637804,4.93714181359126,4.89861414348604,4.91221686167592,14072815.7365448,2867169.80100319,14.0728157365448
WBT,2023-06-03,4.91221686167592,4.93025846132864,4.89998768645192,4.91211121690504,12477561.4770486,2539972.91561013,12.4775614770486
WBT,2023-06-04,4.91211121690504,4.91800440829643,4.90044620366551,4.90911314025971,14366163.5134976,2926597.6168377,14.3661635134976
WBT,2023-06-05,4.90911314025971,4.91557344712017,4.78734932163232,4.7887191785627,13514941.0797852,2778647.74603417,13.5149410797852
WBT,2023-06-06,4.7887191785627,5.07979373639124,4.77583618313688,4.83836418640638,14547325.3939953,3028458.19739463,14.5473253939953
WBT,2023-06-07,4.83836418640638,5.0269820968717,4.82207703804131,4.82596763189404,10829703.2725485,2238252.3666537,10.8297032725485
WBT,2023-06-08,4.82596763189404,4.84636875070339,4.81890661548595,4.8370888549135,8722185.32601844,1805032.37768581,8.72218532601844
WBT,2023-06-09,4.8370888549135,4.84515877231399,4.81530411245186,4.8254440880561,8844004.54479227,1829634.82016211,8.84400454479227
WBT,2023-06-10,4.8254440880561,4.83115513010162,4.67252489509318,4.67341694074678,8945286.85297065,1886810.57374074,8.94528685297065
WBT,2023-06-11,4.67341694074678,4.68362717427463,4.66189787899855,4.67585906092825,8179362.02933232,1750301.1655329,8.17936202933232
WBT,2023-06-12,4.67585906092825,4.68847792353305,4.66242445628219,4.67094006729829,8318140.54294221,1779308.52141534,8.31814054294221
WBT,2023-06-13,4.67094006729829,4.72551187390025,4.66200603510595,4.71680019387783,8440235.76439961,1795717.19261858,8.44023576439961
WBT,2023-06-14,4.71680019387783,4.74852684249451,4.68717311607113,4.73595004935162,6598241.06745765,1396433.61538624,6.59824106745765
WBT,2023-06-15,4.73595004935162,4.74558505344013,4.68583434120809,4.71908631750463,5777422.48268284,1224767.98996944,5.77742248268284
WBT,2023-06-16,4.71908631750463,4.82194057425281,4.71788544499727,4.81957378914802,4623579.79259706,971052.3641602,4.62357979259706
WBT,2023-06-17,4.81957378914802,4.84413766327113,4.81140625081863,4.82463949269947,4310961.25764695,893082.790326867,4.31096125764695
WBT,2023-06-18,4.82463949269947,4.84602420200039,4.80001732062034,4.82254277090098,4203552.7421461,871982.92837204,4.2035527421461
WBT,2023-06-19,4.82254277090098,4.88247442239333,4.79791199366382,4.85102409256256,4110915.97613087,851359.35469168,4.11091597613087
WBT,2023-06-20,4.85102409256256,4.90921648889471,4.8167413556527,4.8855266816395,4293464.0981812,883436.42598586,4.2934640981812
WBT,2023-06-21,4.8855266816395,4.96996894705467,4.86303573735794,4.92986291828772,5551920.11868754,1130445.01066376,5.551920118687541
WBT,2023-06-22,4.92986291828772,4.96249738888795,4.89212275214824,4.90615887556218,3939487.50784959,799939.72669766,3.93948750784959
WBT,2023-06-23,4.90615887556218,5.10722689822477,4.89170121540226,5.03778143734361,5269176.71091519,1059471.02999174,5.269176710915191
WBT,2023-06-24,5.03778143734361,5.05556882434378,5.01466174950419,5.03089722319466,4499870.86314208,892421.00551242,4.49987086314208
WBT,2023-06-25,5.03089722319466,5.06329784576358,5.00695202818274,5.04275087163637,3960051.97064654,785203.099803886,3.96005197064654
WBT,2023-06-26,5.04275087163637,5.05437982147073,5.00706204277346,5.03827530566371,4479125.38234299,889354.00706626,4.47912538234299
WBT,2023-06-27,5.03827530566371,5.0844257812353,5.00892914487935,5.08336476694742,4495145.22173068,891872.805085283,4.49514522173068
WBT,2023-06-28,5.08336476694742,5.09470258341629,5.0188631541294,5.05921267937832,4339527.22958672,855664.3021767,4.33952722958672
WBT,2023-06-29,5.05921267937832,5.164184131105,5.05094351671668,5.15095280179641,4332245.89678407,846982.768635148,4.33224589678407
WBT,2023-06-30,5.15095280179641,5.27738788220957,5.1469990067161,5.27578692578741,4240941.9082015,811235.679779962,4.2409419082015
WBT,2023-07-01,5.27578692578741,5.33714043364593,5.25584028990397,5.33630261492716,2982770.01369272,563725.993039096,2.9827700136927198
WBT,2023-07-02,5.33630261492716,5.38725201222523,5.31819197523743,5.38358937818792,3654948.81919837,682535.743266764,3.65494881919837
WBT,2023-07-03,5.38358937818792,5.39417856406083,5.32984553569501,5.39417856406083,4118878.71930757,766949.524538003,4.1188787193075695
WBT,2023-07-04,5.39417856406083,5.39940018621264,5.33174637896312,5.3573041865388,4353755.25344409,811234.471980553,4.353755253444089
WBT,2023-07-05,5.3573041865388,5.38249637838999,5.29254866146964,5.33604955624805,4491603.14485923,841220.15133357,4.49160314485923
WBT,2023-07-06,5.33604955624805,5.4204653138708,5.32868086568763,5.39995187165295,4880979.78334554,907842.756485177,4.88097978334554
WBT,2023-07-07,5.39995187165295,5.43771067651088,5.38331063066801,5.42606619809366,4203096.41322272,777509.350072727,4.2030964132227195
WBT,2023-07-08,5.42606619809366,5.45195695518067,5.39900952574593,5.43311727223082,3620435.02039134,667112.249770105,3.62043502039134
WBT,2023-07-09,5.43311727223082,5.4462306530386,5.39522302711343,5.42766788879404,3816374.78200451,702797.43333126,3.81637478200451
WBT,2023-07-10,5.42766788879404,5.43332035378988,5.37636551649329,5.40935810964953,7488470.8040737,1385757.218863,7.4884708040737
WBT,2023-07-11,5.40935810964953,5.46129249279716,5.38098377816794,5.4540558640327,14453930.5435931,2671538.16489314,14.4539305435931
WBT,2023-07-12,5.4540558640327,5.48471216858804,5.43407291619704,5.47332292245671,13026987.680184,2383000.66748161,13.026987680184
WBT,2023-07-13,5.47332292245671,5.54059066583684,5.45836433398119,5.5127531457836,12295289.292508,2240942.62408042,12.295289292508
WBT,2023-07-14,5.5127531457836,5.55311121478841,5.50909281806803,5.5282711504508,12424214.691086,2247649.09762658,12.424214691086
WBT,2023-07-15,5.5282711504508,5.53728379693715,5.51557954988308,5.52655359108273,12777205.6281234,2310667.67729854,12.7772056281234
WBT,2023-07-16,5.52655359108273,5.56564425697663,5.51531305464838,5.52727839887967,13139189.573508,2374651.92759471,13.139189573508
WBT,2023-07-17,5.52727839887967,5.55152835228846,5.50975269563049,5.52004137407518,13020868.6591082,2353213.08431153,13.0208686591082
WBT,2023-07-18,5.52004137407518,5.52377006516886,5.48880926433152,5.50266353405292,12104446.1507749,2195213.36733681,12.1044461507749
WBT,2023-07-19,5.50266353405292,5.5345253276962,5.49840915563186,5.51024545398143,11406355.763726,2067830.23531611,11.406355763726
WBT,2023-07-20,5.51024545398143,5.52290933789654,5.49616838854515,5.51433682552298,10257553.9416765,1860019.67744234,10.2575539416765
WBT,2023-07-21,5.51433682552298,5.55257898912877,5.50724655380543,5.5305813296578,10151906.60619,1836747.10081572,10.15190660619
WBT,2023-07-22,5.5305813296578,5.54953854474776,5.51676105852155,5.53495378733913,9321718.41870193,1685609.571199,9.32171841870193
WBT,2023-07-23,5.53495378733913,5.58631816324913,5.5285824670983,5.57992666951832,10220417.6254261,1841291.01958261,10.220417625426101
WBT,2023-07-24,5.57992666951832,5.5858572263472,5.5496906391935,5.56195884672429,10449187.9481073,1876342.41984058,10.4491879481073
WBT,2023-07-25,5.56195884672429,5.57382489926708,5.54725756784797,5.55066290922242,10104465.1461486,1817267.42335013,10.1044651461486
WBT,2023-07-26,5.55066290922242,5.56482580045361,5.52315599026824,5.5524976211179,11026169.4322856,1986939.99030854,11.026169432285599
WBT,2023-07-27,5.5524976211179,5.59119623214924,5.55043379295029,5.55191873049321,13329324.1179915,2391376.96782309,13.329324117991499
WBT,2023-07-28,5.55191873049321,5.56844899689917,5.52791415906847,5.53951843068591,11374452.6585663,2050546.0717,11.3744526585663
WBT,2023-07-29,5.53951843068591,5.54638104188541,5.50947471685717,5.51182269908197,12474231.8476527,2254688.14106719,12.4742318476527
WBT,2023-07-30,5.51182269908197,5.53542282766641,5.49771595290405,5.53161202855952,12444689.9476349,2256402.47662014,12.4446899476349
WBT,2023-07-31,5.53161202855952,5.58691024779344,5.52870140356616,5.55834520705258,12166931.2337417,2191167.84805288,12.166931233741701
WBT,2023-08-01,5.55834520705258,5.57607764709364,5.536973807115,5.57490060308577,12624557.1073044,2272169.86159871,12.6245571073044
WBT,2023-08-02,5.57490060308577,5.85816117011585,5.54656612801489,5.83060057988541,14413151.0348107,2568040.18879137,14.4131510348107
WBT,2023-08-03,5.83060057988541,5.85619613369461,5.63805626741921,5.6527457270645,12353831.9394968,2137896.28170877,12.3538319394968
WBT,2023-08-04,5.6527457270645,5.68022966464911,5.62974646637239,5.63635065536994,10273098.9401986,1817702.34786482,10.2730989401986
WBT,2023-08-05,5.63635065536994,5.64001170482932,5.61656381221092,5.63142732512962,10549100.2868971,1874720.80615429,10.5491002868971
WBT,2023-08-06,5.63142732512962,5.63433128071201,5.60230245283766,5.61495114651734,10157195.5605268,1806375.8194596,10.1571955605268
WBT,2023-08-07,5.61495114651734,5.61495114651734,5.54891507464466,5.56398251936177,10184005.635323,1824891.64360707,10.184005635322999
WBT,2023-08-08,5.56398251936177,5.61400504457894,5.54875162635304,5.60667878804831,10669824.4556502,1915767.44571796,10.669824455650199
WBT,2023-08-09,5.60667878804831,5.60744544574397,5.57184073094685,5.57726571883236,10956043.3253387,1959559.66917077,10.956043325338701
WBT,2023-08-10,5.57726571883236,5.58385027788512,5.55323382482592,5.5589506164675,11033969.3835736,1982104.18266783,11.033969383573599
WBT,2023-08-11,5.5589506164675,5.56101001477597,5.53425503562355,5.54764251689498,11264997.6284973,2030395.90199844,11.264997628497301
WBT,2023-08-12,5.54764251689498,5.55588846376183,5.53240835726244,5.53988660462745,11460938.3113839,2067938.69215445,11.460938311383899
WBT,2023-08-13,5.53988660462745,5.54645918602175,5.52973661001192,5.53720906333061,11050381.9742492,1995268.71424981,11.0503819742492
WBT,2023-08-14,5.53720906333061,5.6308565986095,5.51190459383658,5.62742415923622,11334812.2135685,2038800.73801916,11.3348122135685
WBT,2023-08-15,5.62742415923622,5.74563426492979,5.61888794428412,5.7449687098144,9881562.71624486,1744585.17835546,9.88156271624486
WBT,2023-08-16,5.7449687098144,5.82027701215729,5.64798431273383,5.65198254631122,11327221.7294267,1980143.4923083,11.3272217294267
WBT,2023-08-17,5.65198254631122,5.67514964901947,5.4435759678354,5.54336493114445,15465713.781868,2752436.0636076,15.465713781867999
WBT,2023-08-18,5.54336493114445,5.5442707427605,5.45085680008704,5.45372137134425,14434539.3581985,2629532.15618155,14.4345393581985
WBT,2023-08-19,5.45372137134425,5.47786941127956,5.42152234209826,5.43726931091348,14513884.2755816,2664970.2880289,14.5138842755816
WBT,2023-08-20,5.43726931091348,5.45043960936549,5.41884061026935,5.44308745768948,14626441.4064647,2690643.99711659,14.6264414064647
WBT,2023-08-21,5.44308745768948,5.47399400546746,5.27817343982634,5.34926496024475,14875987.5564228,2763845.12743316,14.8759875564228
WBT,2023-08-22,5.34926496024475,5.4108303841946,5.32977429674128,5.39847054995349,11797637.2612659,2196386.03120387,11.7976372612659
WBT,2023-08-23,5.39847054995349,5.46412636772323,5.39349350011858,5.43670267339999,12454556.6953719,2300497.41971579,12.454556695371899
WBT,2023-08-24,5.43670267339999,5.45967678295268,5.40029310018094,5.45312130676375,9265412.89945289,1703447.44237218,9.265412899452889
WBT,2023-08-25,5.45312130676375,5.50155738332919,5.44134215745413,5.44821871267662,7409669.98063879,1357004.87996265,7.40966998063879
WBT,2023-08-26,5.44821871267662,5.46541965623111,5.41604407710332,5.4230910095346,7050812.58333242,1298685.68266663,7.05081258333242
WBT,2023-08-27,5.4230910095346,5.42925337818968,5.34957775414434,5.38384909209848,7596203.40812368,1407454.27878624,7.596203408123681
WBT,2023-08-28,5.38384909209848,5.46258055846307,5.34679146502633,5.41460348090135,7243741.63338741,1339615.881353,7.24374163338741
WBT,2023-08-29,5.41460348090135,5.50224827846928,5.36612584437449,5.46972778106552,8483954.02747436,1562595.64768193,8.483954027474361
WBT,2023-08-30,5.46972778106552,5.55478669336924,5.41605868561444,5.43982445561219,7456748.24667882,1367999.04526,7.45674824667882
WBT,2023-08-31,5.43982445561219,5.44300025541798,5.34799880506472,5.39010236685268,8368008.88166738,1545341.91567786,8.36800888166738
WBT,2023-09-01,5.39010236685268,5.39297349619831,5.3132152480294,5.35359763390547,8593554.65321753,1603714.84270024,8.593554653217529
WBT,2023-09-02,5.35359763390547,5.39248546764224,5.34073016670935,5.36584286225167,7901721.052178,1473614.68806879,7.901721052178
WBT,2023-09-03,5.36584286225167,5.39776911087105,5.33543655716312,5.35712955552838,7016297.7505837,1307414.60700284,7.0162977505837
WBT,2023-09-04,5.35712955552838,5.36922588638433,5.32799562563051,5.34047316297677,8039876.81563779,1502392.07311551,8.03987681563779
WBT,2023-09-05,5.34047316297677,5.35810246504756,5.30762760365631,5.32497695293064,8015349.4433963,1502591.12479456,8.0153494433963
WBT,2023-09-06,5.32497695293064,5.35646525715563,5.29160859993897,5.35228016514151,6155099.11900052,1154456.46424788,6.1550991190005195
WBT,2023-09-07,5.35228016514151,5.39451034400218,5.33524255250827,5.35592942321906,7037635.66487663,1314049.28151345,7.037635664876629
WBT,2023-09-08,5.35592942321906,5.37036495121599,5.30484198338093,5.31605398745884,8360755.57432793,1567771.61531667,8.36075557432793
WBT,2023-09-09,5.31605398745884,5.33450889931714,5.2997847451462,5.31483526412508,8233747.33032702,1549352.81125565,8.23374733032702
WBT,2023-09-10,5.31483526412508,5.36320425187052,5.30451947979501,5.34150365030998,9001230.05341131,1687475.00692456,9.00123005341131
WBT,2023-09-11,5.34150365030998,5.38532097032857,5.31200734946469,5.32238635995731,8687590.92191353,1627856.70556657,8.68759092191353
WBT,2023-09-12,5.32238635995731,5.36938557970918,5.31435915964913,5.31569454423124,9174547.68083872,1722116.54226422,9.174547680838721
WBT,2023-09-13,5.31569454423124,5.33859929132651,5.29705399966286,5.33548155371588,8069526.70650219,1516990.64536429,8.06952670650219
WBT,2023-09-14,5.33548155371588,5.35766406076678,5.31277913943094,5.33245053653583,7713293.34800809,1448420.6182,7.71329334800809
WBT,2023-09-15,5.33245053653583,5.35823534840108,5.28708775303332,5.31707446243572,8550714.82774982,1608071.9992759,8.55071482774982
WBT,2023-09-16,5.31707446243572,5.35877618245963,5.27517408558063,5.32959121794162,7479951.11172853,1405705.1981,7.47995111172853
WBT,2023-09-17,5.32959121794162,5.35029566546377,5.28242717665386,5.31404908159835,7030021.13430276,1322093.9713,7.03002113430276
WBT,2023-09-18,5.31404908159835,5.36485977432898,5.28850911446858,5.30231304345202,8446291.98757271,1589710.07819142,8.446291987572708
WBT,2023-09-19,5.30231304345202,5.36639296199001,5.296986539774,5.33854998540547,6995199.21077973,1313227.45272641,6.99519921077973
WBT,2023-09-20,5.33854998540547,5.37798869428717,5.31190504378858,5.35753012442899,7671711.95614318,1432972.71195323,7.67171195614318
WBT,2023-09-21,5.35753012442899,5.39276103791834,5.29730930211833,5.34436353105289,8328481.18666039,1558365.65145514,8.32848118666039
WBT,2023-09-22,5.34436353105289,5.35664884158969,5.31372576182588,5.32958823209714,6564078.32522255,1230144.4830181,6.56407832522255
WBT,2023-09-23,5.32958823209714,5.33684892336727,5.28500125125124,5.31608902264548,7972455.49005203,1500652.662351,7.97245549005203
WBT,2023-09-24,5.31608902264548,5.33479722154887,5.28441650020676,5.29978823112444,7076024.22989483,1332389.52739382,7.07602422989483
WBT,2023-09-25,5.29978823112444,5.31387590150067,5.25960716817843,5.265535817578,8390111.06827464,1586010.699801,8.39011106827464
WBT,2023-09-26,5.265535817578,5.28599478378883,5.20699915569018,5.23707499267438,7674464.40934922,1463230.22529744,7.67446440934922
WBT,2023-09-27,5.23707499267438,5.26411258204165,5.21301564131624,5.22997819984273,7021216.81769459,1339914.45925081,7.02121681769459
WBT,2023-09-28,5.22997819984273,5.26129537751839,5.21450713079539,5.22547394705183,8040692.37386754,1537348.85660292,8.04069237386754
WBT,2023-09-29,5.22547394705183,5.27457847876977,5.21794812886392,5.22806417639499,7717535.02921568,1476702.58508375,7.71753502921568
WBT,2023-09-30,5.22806417639499,5.28480175277095,5.1605913606557,5.16222826275644,7008236.21189071,1345798.01371554,7.0082362118907096
WBT,2023-10-01,5.16222826275644,5.23330988484373,5.15761187289438,5.22421289377187,7598411.447058,1460582.31265805,7.598411447058
WBT,2023-10-02,5.22421289377187,5.24438598981667,5.19097221385365,5.20386170154774,8447820.37632131,1618004.50530714,8.44782037632131
WBT,2023-10-03,5.20386170154774,5.22950675689502,5.1829281882911,5.20845972258812,7644323.16803735,1468860.51832677,7.64432316803735
WBT,2023-10-04,5.20845972258812,5.24157396900469,5.18850877048738,5.22426012086162,6650083.67220365,1275908.15016974,6.65008367220365
WBT,2023-10-05,5.22426012086162,5.2705024887479,5.19750662542225,5.2365060415164,7526930.61564464,1439243.76286938,7.52693061564464
WBT,2023-10-06,5.2365060415164,5.27608507232403,5.23114664500811,5.23682889245729,7111398.5866574,1355750.48684387,7.1113985866574
WBT,2023-10-07,5.23682889245729,5.29239240528201,5.21969029291009,5.24606585420287,6855302.00015039,1306170.73841795,6.85530200015039
WBT,2023-10-08,5.24606585420287,5.30784743331324,5.1720706038462,5.2198336083626,7118799.69013338,1363014.8379001,7.11879969013338
WBT,2023-10-09,5.2198336083626,5.2198336083626,5.16249286809563,5.20255719500359,6370018.08261741,1222548.98475598,6.370018082617411
WBT,2023-10-10,5.20255719500359,5.22565632424717,5.01533471169866,5.01623450773468,7592748.51891805,1475337.66533689,7.59274851891805
WBT,2023-10-11,5.01623450773468,5.09123541680116,4.98957110385919,5.08607757820657,7927211.60883598,1566483.03671827,7.9272116088359805
WBT,2023-10-12,5.08607757820657,5.12012616094409,5.05970479397219,5.06762391924228,8362451.99946892,1645395.67054444,8.36245199946892
WBT,2023-10-13,5.06762391924228,5.08633651952959,4.99946608112909,5.01040405477314,8365883.40343472,1658890.89280701,8.36588340343472
WBT,2023-10-14,5.01040405477314,5.11466087841004,5.00736356172145,5.09107867220597,7222481.39906047,1429355.5019,7.22248139906047
WBT,2023-10-15,5.09107867220597,5.12435847885742,5.07537979772784,5.09496985540026,9341649.00970147,1835282.11666201,9.34164900970147
WBT,2023-10-16,5.09496985540026,5.26652723860311,5.07739763427035,5.25513718201204,8575208.60371045,1658119.89140931,8.57520860371045
WBT,2023-10-17,5.25513718201204,5.34971439652944,5.22718341219997,5.30695488387861,8586755.21448248,1625190.88316364,8.58675521448248
WBT,2023-10-18,5.30695488387861,5.35097919985757,5.29096266191942,5.31448527351048,8118922.64863711,1531149.03292796,8.11892264863711
WBT,2023-10-19,5.31448527351048,5.3391462736298,5.30815015033322,5.31568289560171,8806535.61906557,1655629.0624,8.80653561906557
WBT,2023-10-20,5.31568289560171,5.38781699007303,5.30166082481621,5.38060926207382,9069625.95212084,1700296.81075244,9.069625952120841
WBT,2023-10-21,5.38060926207382,5.41023624954651,5.30412850255126,5.39461310914124,7738431.63639389,1438389.5114204,7.73843163639389
WBT,2023-10-22,5.39461310914124,5.42684855152259,5.34738266856225,5.42423939805584,7693192.322175,1425110.54854488,7.693192322175
WBT,2023-10-23,5.42423939805584,5.58909080725715,5.35196671181286,5.57039121462523,10058304.4363026,1850400.37634165,10.0583044363026
WBT,2023-10-24,5.57039121462523,5.63836819238079,5.54528770294555,5.61476239477743,13172174.8215933,2354799.90170658,13.1721748215933
WBT,2023-10-25,5.61476239477743,5.64648360447607,5.56328162085669,5.61640188845125,14685509.1609328,2617548.85530251,14.6855091609328
WBT,2023-10-26,5.61640188845125,5.64445865728514,5.53333338835386,5.6129944372181,13074274.0723352,2332182.13719281,13.0742740723352
WBT,2023-10-27,5.6129944372181,5.6394879674188,5.51535639970161,5.53789824301634,10165705.4586054,1826868.16463042,10.1657054586054
WBT,2023-10-28,5.53789824301634,5.56403335127107,5.48369672493529,5.53337536228131,8541444.70438098,1545450.77411293,8.54144470438098
WBT,2023-10-29,5.53337536228131,5.55363839381696,5.48593555876135,5.48898495719495,8967149.5901508,1623643.40342662,8.9671495901508
WBT,2023-10-30,5.48898495719495,5.51649455450036,5.43188567693733,5.44709010271166,9970447.90321003,1820426.09416853,9.970447903210031
WBT,2023-10-31,5.44709010271166,5.47493564493552,5.40373876002929,5.43392914211734,8388255.87629903,1542839.71993063,8.38825587629903
WBT,2023-11-01,5.43392914211734,5.46065956331399,5.37416333531895,5.43600300621347,8525176.83670149,1572456.30132084,8.52517683670149
WBT,2023-11-02,5.43600300621347,5.47967428442974,5.37646260329602,5.4007193819652,7796500.68673068,1437712.07886761,7.79650068673068
WBT,2023-11-03,5.4007193819652,5.44046669681986,5.3191523553279,5.43316366886392,6260620.45910075,1166110.3108743,6.260620459100751
WBT,2023-11-04,5.43316366886392,5.45772880325376,5.40617716767541,5.42549975522599,5475677.31508574,1008958.71936196,5.47567731508574
WBT,2023-11-05,5.42549975522599,5.43933717302043,5.3920350476227,5.3927336722416,5040165.2116798,929805.826356387,5.040165211679801
WBT,2023-11-06,5.3927336722416,5.40518719630831,5.32712510247055,5.39095336380074,4667693.76881446,868474.85705262,4.66769376881446
WBT,2023-11-07,5.39095336380074,5.40558947438764,5.35140325204607,5.39005486494113,4671480.56848829,867715.78796963,4.671480568488289
WBT,2023-11-08,5.39005486494113,5.39848122415903,5.32783853637397,5.33628101349182,4644612.47208372,865210.52826107,4.64461247208372
WBT,2023-11-09,5.33628101349182,5.41736244881324,5.33237377897559,5.37696480651988,5100074.87316539,949688.71392495,5.100074873165391
WBT,2023-11-10,5.37696480651988,5.42639560048004,5.36358015134956,5.39323141776745,4749927.15737823,880613.70786662,4.74992715737823
WBT,2023-11-11,5.39323141776745,5.43738947696296,5.36402226316912,5.42960931969218,4719890.7604727,873899.81716051,4.7198907604727
WBT,2023-11-12,5.42960931969218,5.43860790429153,5.37989661945008,5.38890048435338,4469509.84847816,824884.02573345,4.46950984847816
WBT,2023-11-13,5.38890048435338,5.41954686984706,5.37891137489687,5.3941916200092,5282376.29296085,979129.07746233,5.2823762929608495
WBT,2023-11-14,5.3941916200092,5.40394831366936,5.3168811710324,5.37668584059031,4469835.65896032,831262.218117727,4.46983565896032
WBT,2023-11-15,5.37668584059031,5.48553064341779,5.34571231587683,5.47149008612519,5269779.82933756,976219.68886687,5.269779829337559
WBT,2023-11-16,5.47149008612519,5.60426546675806,5.47149008612519,5.55692312169775,2979455.43872597,537159.31372279,2.9794554387259704
WBT,2023-11-17,5.55692312169775,5.6483772936435,5.50466704003231,5.5412216879899,4958564.96261142,896345.0904942,4.95856496261142
WBT,2023-11-18,5.5412216879899,5.71309102110745,5.52372640387483,5.58008808448289,5435799.01965206,977080.34521891,5.43579901965206
WBT,2023-11-19,5.58008808448289,5.72470156734047,5.45214517646711,5.62992582143405,3956627.82840918,708450.95969786,3.95662782840918
WBT,2023-11-20,5.62992582143405,5.66001823446861,5.55715226429341,5.57999657184154,3172551.18652581,569621.22012791,3.1725511865258103
WBT,2023-11-21,5.57999657184154,5.66479816053399,5.41663057125605,5.46571188027696,4069198.03464268,734206.14769298,4.06919803464268
WBT,2023-11-22,5.46571188027696,5.5452001722303,5.42040499028023,5.52462399725335,4290283.4440375,781612.53079355,4.2902834440375
WBT,2023-11-23,5.52462399725335,5.59716441887984,5.51704140089534,5.58895221790261,4266012.11761777,766908.52339808,4.26601211761777
WBT,2023-11-24,5.58895221790261,5.65827360190535,5.46022801597802,5.57173852798945,3705618.42930266,666789.20517514,3.70561842930266
WBT,2023-11-25,5.57173852798945,5.64769824440599,5.44183575534347,5.57528342800125,3791175.15809182,682155.004608395,3.79117515809182
WBT,2023-11-26,5.57528342800125,5.57999478550993,5.50647255968588,5.53061369892967,3811304.38531654,689570.43939995,3.81130438531654
WBT,2023-11-27,5.53061369892967,5.60031491813413,5.50062518567351,5.54316305454878,3614045.39624517,654080.76715461,3.61404539624517
WBT,2023-11-28,5.54316305454878,5.55887698487666,5.39243855955366,5.47540084277432,3835736.53378488,698236.10640451,3.8357365337848797
WBT,2023-11-29,5.47540084277432,5.54143596378486,5.40571218872989,5.48928137060311,3900855.86804562,713103.11853124,3.9008558680456202
WBT,2023-11-30,5.48928137060311,5.55232032931855,5.36378790133824,5.44914277671881,4121031.83576939,755337.47864214,4.12103183576939
WBT,2023-12-01,5.44914277671881,5.5420153728713,5.36849280720543,5.43573849392879,4189329.71872489,761946.95322371,4.18932971872489
WBT,2023-12-02,5.43573849392879,5.56911742021501,5.43450863976415,5.53025713573428,5426382.01803728,988242.168502915,5.42638201803728
WBT,2023-12-03,5.53025713573428,5.53610182043456,5.42300102271158,5.4409989938717,5057929.00054515,925445.636314271,5.057929000545149
WBT,2023-12-04,5.4409989938717,5.62077965537616,5.42997045594924,5.56926451707588,5926725.42886971,1074913.82188389,5.926725428869711
WBT,2023-12-05,5.56926451707588,5.68059922354203,5.47613284352389,5.63694270304681,6022756.98476894,1076286.95550747,6.02275698476894
WBT,2023-12-06,5.63694270304681,5.77458764241656,5.61147079199968,5.7317960554816,6907345.5310488,1212289.88973862,6.9073455310488
WBT,2023-12-07,5.7317960554816,5.73707567377773,5.66904250397717,5.70206440890563,8267140.90743007,1448381.34686369,8.26714090743007
WBT,2023-12-08,5.70206440890563,5.77166255680764,5.69130557165247,5.74953509163144,7970809.13624528,1390211.15089109,7.97080913624528
WBT,2023-12-09,5.74953509163144,5.8419123580302,5.74665307031646,5.7983206299249,8321000.45486009,1439349.10381992,8.32100045486009
WBT,2023-12-10,5.7983206299249,5.81355867834458,5.70499508482139,5.78385566124936,6988510.54067078,1217572.14456899,6.988510540670781
WBT,2023-12-11,5.78385566124936,5.7910141046018,5.6814478390923,5.77953912977939,8171737.57677309,1425979.15536315,8.17173757677309
WBT,2023-12-12,5.77953912977939,5.78752458729344,5.70018874609726,5.7511584777184,7596521.71912187,1327190.40699692,7.59652171912187
WBT,2023-12-13,5.7511584777184,5.79085666547329,5.7022562153939,5.74714977876753,7438855.35321325,1297113.72714648,7.43885535321325
WBT,2023-12-14,5.74714977876753,5.80149527535813,5.73468836086045,5.75454060019712,7766814.40082963,1348602.43381198,7.76681440082963
WBT,2023-12-15,5.75454060019712,5.80938431693062,5.66377453643451,5.73961681825985,7676519.96885039,1335579.30978202,7.67651996885039
WBT,2023-12-16,5.73961681825985,5.75105468082387,5.6423506706776,5.65463460884749,7540406.45398625,1318255.04420026,7.540406453986249
WBT,2023-12-17,5.65463460884749,5.79591392904105,5.6356351437185,5.74521079468445,6881547.14180369,1204451.17897059,6.88154714180369
WBT,2023-12-18,5.74521079468445,5.78669062757455,5.71286163157254,5.77377377695403,7069610.80526782,1230985.30501849,7.06961080526782
WBT,2023-12-19,5.77377377695403,5.83257824937312,5.75165960084953,5.76073508118511,7795539.18351096,1352390.90595386,7.79553918351096
WBT,2023-12-20,5.76073508118511,5.85608203320756,5.73638913701111,5.80414546763283,7482487.12149703,1295360.18405479,7.48248712149703
WBT,2023-12-21,5.80414546763283,5.88272864486792,5.7627859932449,5.80523708754662,8902707.18325346,1523490.87365408,8.90270718325346
WBT,2023-12-22,5.80523708754662,5.86913786583629,5.76240069551693,5.83435475049405,8653088.96771889,1486597.07370605,8.65308896771889
WBT,2023-12-23,5.83435475049405,5.93733383651333,5.8201715352531,5.91491047119234,7956557.31151603,1357535.62629268,7.95655731151603
WBT,2023-12-24,5.91491047119234,5.96317612055132,5.79835591354526,5.93657633662141,7074564.78726394,1204902.01301785,7.07456478726394
WBT,2023-12-25,5.93657633662141,5.95643693971346,5.84980887245489,5.88832734780797,8497765.1689988,1446976.97794233,8.4977651689988
WBT,2023-12-26,5.88832734780797,5.89238815309825,5.7488889163541,5.7931072971852,7729547.87236082,1334916.55109916,7.72954787236082
WBT,2023-12-27,5.7931072971852,5.86234417926062,5.76943489480072,5.8423618704794,7949619.28623719,1371775.34214722,7.94961928623719
WBT,2023-12-28,5.8423618704794,5.89746900238359,5.81367463982115,5.84067328646382,8105037.93527208,1383097.97085221,8.10503793527208
WBT,2023-12-29,5.84067328646382,5.86650800018353,5.81210643284933,5.83613246751276,8461896.24104639,1447324.6292448,8.46189624104639
WBT,2023-12-30,5.83613246751276,5.87878980260405,5.73429634399304,5.82540593910449,8296451.18083002,1427441.83652503,8.29645118083002
WBT,2023-12-31,5.82540593910449,5.90456590822821,5.76294471044627,5.76792471934466,7677836.82880178,1315639.15775293,7.67783682880178
WBT,2024-01-01,5.76792471934466,5.91249220366285,5.76791690175737,5.87047325867562,8477901.15841574,1449872.51123039,8.47790115841574
WBT,2024-01-02,5.87047325867562,6.16246849634974,5.8480021288711,6.06852335993811,8392390.29732993,1393126.10006231,8.39239029732993
WBT,2024-01-03,6.06852335993811,6.10903870632862,5.92323404914187,5.98666857534799,10724466.6600305,1778696.94014855,10.7244666600305
WBT,2024-01-04,5.98666857534799,6.12555562614409,5.96617113813953,6.05601028432462,10491762.9824634,1737833.57648524,10.491762982463401
WBT,2024-01-05,6.05601028432462,6.13921307008669,6.04819770874448,6.09554300103518,12133759.7921518,1992684.70883947,12.1337597921518
WBT,2024-01-06,6.09554300103518,6.11478088554091,6.00930730066483,6.02334389260352,10743669.3924199,1773889.11153832,10.743669392419902
WBT,2024-01-07,6.02334389260352,6.16308361067843,5.99871231313178,6.13975649962377,8561824.5902054,1408217.6958532,8.561824590205399
WBT,2024-01-08,6.13975649962377,6.33025878635728,6.12336940379252,6.28033793788739,8792029.95347351,1419828.34116929,8.79202995347351
WBT,2024-01-09,6.28033793788739,6.34234273327223,6.24436727852821,6.33627541862586,9164719.36827528,1459783.14238772,9.164719368275279
WBT,2024-01-10,6.33627541862586,6.4247197507773,6.24867398258807,6.2955223718733,8115029.84721323,1288033.32206966,8.115029847213231
WBT,2024-01-11,6.2955223718733,6.47094307380334,6.28326623988666,6.43802272334239,10413976.8378547,1637819.07309351,10.4139768378547
WBT,2024-01-12,6.43802272334239,6.46679210952472,6.26959949441689,6.35309137046001,10460417.8513945,1635311.13085922,10.460417851394501
WBT,2024-01-13,6.35309137046001,6.36183174558084,6.25147810959979,6.27407065382465,9689550.68424164,1535866.99754816,9.68955068424164
WBT,2024-01-14,6.27407065382465,6.31507716808781,6.2054498786527,6.24612870123374,9215850.59693493,1473568.77841643,9.21585059693493
WBT,2024-01-15,6.24612870123374,6.46585426200041,6.24027069381516,6.45315697239112,8420621.63470988,1321691.92844567,8.42062163470988
WBT,2024-01-16,6.45315697239112,6.54388366999453,6.20971628602356,6.20971628602356,8282237.54597928,1302318.13873617,8.28223754597928
WBT,2024-01-17,6.20971628602356,6.35027264603723,6.19316827551733,6.29953366972882,8386744.70492966,1335273.45123046,8.38674470492966
WBT,2024-01-18,6.29953366972882,6.39426206647803,6.2913033473815,6.35145045661486,8802129.8300527,1393249.77159424,8.8021298300527
WBT,2024-01-19,6.35145045661486,6.42583693928676,6.26277129875267,6.38604597896422,8322269.6421049,1308683.43617984,8.322269642104901
WBT,2024-01-20,6.38604597896422,6.39917862603656,6.27337418329741,6.35774480069148,6878631.93808324,1087402.959852,6.87863193808324
WBT,2024-01-21,6.35774480069148,6.74444090631824,6.34686282080058,6.70063516172843,4669643.89450847,732716.18232565,4.66964389450847
WBT,2024-01-22,6.70063516172843,6.73402545438318,6.28836226759726,6.33158074074177,7453269.18882369,1166259.64193808,7.45326918882369
WBT,2024-01-23,6.33158074074177,6.38759970818527,6.18141400788222,6.315417809559,8757692.02452293,1390785.34724703,8.75769202452293
WBT,2024-01-24,6.315417809559,6.34415933682707,6.2725148495347,6.31594642542619,9201315.48506563,1461452.51675861,9.20131548506563
WBT,2024-01-25,6.31594642542619,6.32698302895792,6.24064521632107,6.28890757432931,8545260.18984601,1359288.15563228,8.545260189846012
WBT,2024-01-26,6.28890757432931,6.47603503504733,6.2857488935127,6.39912577672775,8130025.99495641,1277044.7894608,8.13002599495641
WBT,2024-01-27,6.39912577672775,6.46498445567968,6.29039867347726,6.39876747213653,8645175.24542186,1358148.39799856,8.64517524542186
WBT,2024-01-28,6.39876747213653,6.43256885044314,6.32741848582747,6.41670709265535,7948335.70280015,1242681.19351109,7.94833570280015
WBT,2024-01-29,6.41670709265535,6.44013164369284,6.32160850348496,6.43822156001578,9350936.69467581,1457324.39930051,9.350936694675811
WBT,2024-01-30,6.43822156001578,6.49217694670222,6.40003138513708,6.43548356796653,8698413.60836978,1350709.33959226,8.69841360836978
WBT,2024-01-31,6.43548356796653,6.61349856633645,6.42359349601431,6.54474178587227,8557266.91407595,1313045.38104366,8.55726691407595
WBT,2024-02-01,6.54474178587227,6.58132950175169,6.39865398996509,6.45893100008359,7797032.65191605,1197611.31607261,7.797032651916051
WBT,2024-02-02,6.45893100008359,6.63082840287645,6.4585861951894,6.56065482530853,8575294.59684668,1309390.54258976,8.57529459684668
WBT,2024-02-03,6.56065482530853,6.61872602699126,6.50758315132451,6.53208450643569,8628444.5028776,1321260.7237233,8.628444502877601
WBT,2024-02-04,6.53208450643569,6.5806305424476,6.43878968803595,6.54143738857572,7408764.91064226,1139902.27614791,7.40876491064226
WBT,2024-02-05,6.54143738857572,6.64957013140805,6.52456161589929,6.55621162042629,8173105.19626665,1247234.42671152,8.17310519626665
WBT,2024-02-06,6.55621162042629,6.68668133016699,6.54825990952663,6.63449325233462,8198547.27034654,1245872.43153343,8.19854727034654
WBT,2024-02-07,6.63449325233462,6.66876476757253,6.55115875649519,6.62702788611092,8495927.25613539,1287741.65282049,8.495927256135388
WBT,2024-02-08,6.62702788611092,6.69930702530548,6.60404720598902,6.69174502804552,8822691.10006722,1323611.61994038,8.822691100067221
WBT,2024-02-09,6.69174502804552,6.79057722560071,6.59943596724365,6.69232360687478,8780199.98172788,1309818.76182651,8.780199981727879
WBT,2024-02-10,6.69232360687478,6.72774859319849,6.59739477486106,6.63079042130501,9273979.3016136,1392651.22314341,9.2739793016136
WBT,2024-02-11,6.63079042130501,6.66043177453605,6.5508018835404,6.58540628175583,8189324.83926825,1242466.33064313,8.18932483926825
WBT,2024-02-12,6.58540628175583,6.75884730422031,6.55198289289025,6.70304607802554,8527395.22204532,1275676.20405478,8.52739522204532
WBT,2024-02-13,6.70304607802554,6.71238409605294,6.63408619077584,6.67330361832244,10104247.518799,1515984.32465355,10.104247518799
WBT,2024-02-14,6.67330361832244,7.18858309166685,6.62295490743861,7.09907535137192,10157160.1926694,1465099.62183789,10.1571601926694
WBT,2024-02-15,7.09907535137192,7.25322468885953,7.05567635606312,7.14809959815374,9555635.40600364,1343332.80481915,9.555635406003638
WBT,2024-02-16,7.14809959815374,7.31143439394381,7.06714454238398,7.1645581064324,8800181.11703804,1227904.47519182,8.80018111703804
WBT,2024-02-17,7.1645581064324,7.21734561349821,6.97448117683232,7.14829095742494,8720932.88081348,1231809.24249724,8.72093288081348
WBT,2024-02-18,7.14829095742494,7.23928154969588,7.05231226450095,7.07155054380816,6491773.46681716,911437.85376527,6.49177346681716
WBT,2024-02-19,7.07155054380816,7.28486678834946,7.06763790567337,7.25535174775471,7804451.54818761,1084170.99228184,7.804451548187609
WBT,2024-02-20,7.25535174775471,7.29916043610515,7.11634758963622,7.18016797778264,9422095.58018774,1305972.52915183,9.42209558018774
WBT,2024-02-21,7.18016797778264,7.26958277956842,7.059972871033,7.11286080452962,8728823.9904839,1223388.84751921,8.728823990483901
WBT,2024-02-22,7.11286080452962,7.19714173111489,6.97336842728658,7.06276716241536,7814828.92880572,1099099.50275955,7.81482892880572
WBT,2024-02-23,7.06276716241536,7.18709919787046,6.97047085051804,7.10151354901562,9233840.20683733,1299976.82715251,9.23384020683733
WBT,2024-02-24,7.10151354901562,7.3390915700153,7.10090361703253,7.16269502063634,8312654.53567049,1161339.99365721,8.31265453567049
WBT,2024-02-25,7.16269502063634,7.20362923961413,7.00238291001553,7.09704588453891,7500704.95660484,1055665.01100471,7.5007049566048405
WBT,2024-02-26,7.09704588453891,7.38986022504735,7.08745677400195,7.31734279365035,9528960.91061304,1314859.25381998,9.528960910613039
WBT,2024-02-27,7.31734279365035,7.61924140581397,7.31002557822528,7.60719143800032,10558103.2155186,1409119.88259827,10.5581032155186
WBT,2024-02-28,7.60719143800032,7.91823665860843,7.54004463896555,7.83159299196535,11306303.4751078,1465454.77465568,11.3063034751078
WBT,2024-02-29,7.83159299196535,7.9118469373374,7.74578874252639,7.80239592757218,16624472.5309977,2136789.70314977,16.6244725309977
WBT,2024-03-01,7.80239592757218,7.88795022623777,7.71486743204767,7.83050027014888,10175878.8078714,1305690.83996221,10.175878807871399
WBT,2024-03-02,7.83050027014888,8.41099017899488,7.70960871348081,8.35512612145697,11120577.087843,1393824.7766824,11.120577087843001
WBT,2024-03-03,8.35512612145697,8.44404255376008,8.20964941505668,8.27889888065875,13523440.2241337,1632646.40475048,13.5234402241337
WBT,2024-03-04,8.27889888065875,8.5072247354825,8.19475481706783,8.43848145750698,18885439.8213239,2257477.36961822,18.885439821323903
WBT,2024-03-05,8.43848145750698,8.69765936487671,8.33658558638986,8.47627982859182,18256999.4078459,2137140.19749375,18.2569994078459
WBT,2024-03-06,8.47627982859182,8.56918597675837,8.34412565243735,8.41260729279578,17875470.396754,2100934.43004973,17.875470396754
WBT,2024-03-07,8.41260729279578,8.50372378925862,8.38849949248282,8.47601864996825,15067682.7854541,1785078.44504005,15.0676827854541
WBT,2024-03-08,8.47601864996825,8.66078898692837,8.44307371967199,8.52772645269314,10968328.1223464,1285388.740354,10.9683281223464
WBT,2024-03-09,8.52772645269314,8.57371682205009,8.47155834830131,8.47964639116871,9851600.89428783,1154655.23885636,9.85160089428783
WBT,2024-03-10,8.47964639116871,8.52020529851994,8.45968008514793,8.49999156380784,9079789.38810016,1068665.27285178,9.07978938810016
WBT,2024-03-11,8.49999156380784,8.69135465870213,8.46755630282237,8.63944040107989,11110506.7095103,1290736.14071102,11.1105067095103
WBT,2024-03-12,8.63944040107989,8.7502816172268,8.52239269022592,8.62923471178438,11561046.2508978,1336846.41584155,11.561046250897801
WBT,2024-03-13,8.62923471178438,8.88584167183239,8.62679255857981,8.80613038585981,13629653.4986441,1554776.03014028,13.629653498644101
WBT,2024-03-14,8.80613038585981,8.8508808727228,8.54957351840839,8.64663943285639,17317692.1512793,1978142.64559777,17.3176921512793
WBT,2024-03-15,8.64663943285639,8.70098282288012,8.4115511463957,8.60509020392305,16999937.9802336,1983016.41306703,16.9999379802336
WBT,2024-03-16,8.60509020392305,8.68312169763398,7.84059699732249,8.04835706576744,16257451.8922576,1931463.86721617,16.2574518922576
WBT,2024-03-17,8.04835706576744,8.18526038912202,7.85392475024364,8.14282958819807,14270477.0245053,1774337.41634783,14.2704770245053
WBT,2024-03-18,8.14282958819807,8.3415249211713,8.0692911121604,8.28212465643622,15933495.0914395,1943152.73661818,15.9334950914395
WBT,2024-03-19,8.28212465643622,8.29473679937911,8.01934791684995,8.03604035051989,17528237.0730977,2153802.81913394,17.5282370730977
WBT,2024-03-20,8.03604035051989,8.16936668846221,7.96891952736588,8.16312496817926,15456936.685098,1909657.5963907,15.456936685098
WBT,2024-03-21,8.16312496817926,8.36735474275827,8.12529647242976,8.22262895783183,14860307.6375976,1808593.49958695,14.8603076375976
WBT,2024-03-22,8.22262895783183,8.28663593615472,8.1008281580632,8.17596975235358,14004507.8310829,1710252.31325278,14.004507831082899
WBT,2024-03-23,8.17596975235358,8.23637080626369,8.14208238002492,8.19170882612919,16293439.1960185,1986411.43897561,16.2934391960185
WBT,2024-03-24,8.19170882612919,8.25205099796187,8.00699125577778,8.15243832398377,14392911.0839826,1769550.1665258,14.3929110839826
WBT,2024-03-25,8.15243832398377,8.6465739381194,8.13416414997762,8.57742602193983,17244114.0055261,2055761.38158791,17.2441140055261
WBT,2024-03-26,8.57742602193983,8.64178898197028,8.50757528599002,8.56092216228928,15104318.1506348,1757758.74372726,15.1043181506348
WBT,2024-03-27,8.56092216228928,8.60481808566398,8.4693470379558,8.52597193775818,16011957.6501468,1876273.03416491,16.011957650146798
WBT,2024-03-28,8.52597193775818,8.58984214784957,8.38251698798202,8.39709953097677,15256824.8237683,1798016.50911095,15.2568248237683
WBT,2024-03-29,8.39709953097677,8.62079617366066,8.36624479743694,8.57257463063278,13938789.5048932,1638873.12790501,13.938789504893201
WBT,2024-03-30,8.57257463063278,9.01460862564036,8.53232293796298,8.68497799014812,13302379.7276214,1545677.56323911,13.302379727621402
WBT,2024-03-31,8.68497799014812,8.70688288869924,8.52216573181064,8.57127139357187,11360403.5394798,1323792.27482865,11.3604035394798
WBT,2024-04-01,8.57127139357187,8.57587486691391,8.45981425533471,8.54077130564234,13719167.2316465,1609011.13329916,13.7191672316465
WBT,2024-04-02,8.54077130564234,8.55694955132666,8.34385151832791,8.34660388110803,14553685.3333224,1729986.5768081,14.5536853333224
WBT,2024-04-03,8.34660388110803,8.49178812672925,8.33095275439278,8.43883777734744,15320213.483517,1819799.43214102,15.320213483517
WBT,2024-04-04,8.43883777734744,8.67019756632261,8.40459456141476,8.60756019427139,17836733.5889339,2087753.05657233,17.8367335889339
WBT,2024-04-05,8.60756019427139,8.67889523622449,8.44017791810692,8.50612202825302,16626787.1939042,1944343.03363727,16.6267871939042
WBT,2024-04-06,8.50612202825302,8.54517885477292,8.47527416669079,8.51569557715331,14082648.4922465,1655031.31542197,14.082648492246499
WBT,2024-04-07,8.51569557715331,8.67052967648273,8.50957862800708,8.63698066580469,13445522.7483987,1567422.58746818,13.4455227483987
WBT,2024-04-08,8.63698066580469,8.7207609760267,8.6244460925468,8.67373803740966,14657057.9467123,1690017.13361446,14.6570579467123
WBT,2024-04-09,8.67373803740966,8.86589607133896,8.62792073904369,8.7820723847849,16171696.5809513,1850303.24496595,16.1716965809513
WBT,2024-04-10,8.7820723847849,9.18295749552899,8.5205132279195,9.16349597473578,19201789.4539927,2185177.33797415,19.2017894539927
WBT,2024-04-11,9.16349597473578,9.32318429876807,9.14415853079672,9.25038275739279,15286254.8633293,1659253.92701045,15.286254863329301
WBT,2024-04-12,9.25038275739279,9.33682266482869,8.93494231514102,9.09984493409287,14493151.2466464,1573736.15094001,14.4931512466464
WBT,2024-04-13,9.09984493409287,9.23172472576315,8.77702754715223,8.95571573445933,17151872.9865172,1888312.00062308,17.151872986517198
WBT,2024-04-14,8.95571573445933,9.13327103692207,8.87316930583238,9.12788481048065,14735138.2488412,1640982.84864696,14.7351382488412
WBT,2024-04-15,9.12788481048065,9.23333335316762,8.91871445950225,8.93385871556168,14620290.1602062,1608167.74262234,14.620290160206201
WBT,2024-04-16,8.93385871556168,9.31278507341591,8.90613259990365,9.28134354850443,17186570.1495122,1892604.5407662,17.186570149512203
WBT,2024-04-17,9.28134354850443,9.32226121430761,9.09121768966571,9.22751097554463,15805709.0182085,1706369.36857141,15.8057090182085
WBT,2024-04-18,9.22751097554463,9.64558277813164,9.20996496869352,9.58920557709986,16532475.5850761,1756530.08036937,16.5324755850761
WBT,2024-04-19,9.58920557709986,9.73078510733155,9.36893164866565,9.6630275903922,18281962.8946972,1912552.020187,18.2819628946972
WBT,2024-04-20,9.6630275903922,9.80174009066359,9.60639960118588,9.74696438477743,14644636.3596066,1507068.0664676,14.644636359606599
WBT,2024-04-21,9.74696438477743,9.87522131009412,9.72860282416084,9.86864881261145,12477278.8673731,1272266.13523093,12.4772788673731
WBT,2024-04-22,9.86864881261145,10.0004802891831,9.82805917941987,9.95831500754243,13388282.1889207,1351168.90697166,13.388282188920702
WBT,2024-04-23,9.95831500754243,9.99488032622128,9.91159248962971,9.95285281144448,14507572.8142472,1457818.00725897,14.507572814247201
WBT,2024-04-24,9.95285281144448,10.1752009261383,9.91354577705784,10.0958445631641,18080038.494455,1801489.32787332,18.080038494455
WBT,2024-04-25,10.0958445631641,10.1767860165281,9.83571336031163,9.85405739913864,18760611.1319423,1878280.51229587,18.760611131942298
WBT,2024-04-26,9.85405739913864,10.2638371255003,9.83227156293743,10.1935223828272,21032858.7960654,2090746.99222297,21.0328587960654
WBT,2024-04-27,10.1935223828272,10.3231683642006,10.0174296948765,10.0705714661917,21985212.7661352,2148410.32689005,21.985212766135202
WBT,2024-04-28,10.0705714661917,10.2513689136233,10.0622614007253,10.20291360106,16409860.9413113,1618808.34812991,16.4098609413113
WBT,2024-04-29,10.20291360106,10.2182799694823,10.14484664453,10.1984484993059,17312784.8210419,1699058.20346302,17.3127848210419
WBT,2024-04-30,10.1984484993059,10.628787917419,10.1276461097996,10.5516013679208,12569456.9245648,1211249.76815829,12.569456924564799
WBT,2024-05-01,10.5516013679208,10.5767505276174,10.2386810266006,10.3267117511813,10668955.5217828,1028061.89716332,10.6689555217828
WBT,2024-05-02,10.3267117511813,10.3731035373427,10.1755534795558,10.2202017236531,10397690.2449599,1012715.65584611,10.3976902449599
WBT,2024-05-03,10.2202017236531,10.4333960907941,9.94119321234098,9.99698841869835,8404701.96987068,829339.90297717,8.404701969870679
WBT,2024-05-04,9.99698841869835,10.5804658960786,9.97989217548506,10.3720491227212,9400024.08594415,918912.44513282,9.40002408594415
WBT,2024-05-05,10.3720491227212,10.6517750400409,10.0154398248335,10.4286712589101,8110460.85346697,780247.14423754,8.11046085346697
WBT,2024-05-06,10.4286712589101,10.5958695546479,10.3567205522722,10.3754593137262,10778785.1223379,1036930.7289768,10.7787851223379
WBT,2024-05-07,10.3754593137262,10.3809408555316,9.95398382936472,9.95662453003897,7638013.46773859,760620.98224982,7.63801346773859
WBT,2024-05-08,9.95662453003897,9.99536324347735,9.87478461766477,9.88582998298271,8361326.68839608,840137.7400964,8.36132668839608
WBT,2024-05-09,9.88582998298271,10.2673595253494,9.86207245738684,10.2253010253585,9259499.75942687,919396.08838116,9.25949975942687
WBT,2024-05-10,10.2253010253585,10.3496645888987,9.93950579557602,10.1226728459457,10467598.3488717,1029509.35409926,10.4675983488717
WBT,2024-05-11,10.1226728459457,10.1501029068077,9.82403340032304,9.86149177766332,8827315.0566575,886096.02374846,8.8273150566575
WBT,2024-05-12,9.86149177766332,10.2132315110249,9.81727961987925,10.1715323402403,9068234.89752591,903236.92809486,9.06823489752591
WBT,2024-05-13,10.1715323402403,10.3241585135112,9.8704029434299,10.1641641250226,8874627.8258497,873441.22919444,8.8746278258497
WBT,2024-05-14,10.1641641250226,10.1984424144945,9.81364316773186,9.85188987119402,8207591.88865165,823848.64427683,8.20759188865165
WBT,2024-05-15,9.85188987119402,10.2671338412254,9.81928406519375,10.2029385813371,9834951.9836808,976807.88795371,9.8349519836808
WBT,2024-05-16,10.2029385813371,10.2214293213786,9.76174283205204,9.81674227695142,10991284.565617,1096679.8969701,10.991284565617
WBT,2024-05-17,9.81674227695142,10.1557945124772,9.79775224592295,10.1226653003801,10976238.7076883,1086637.05926766,10.9762387076883
WBT,2024-05-18,10.1226653003801,10.1713993384051,9.85285611783202,9.88965538693694,9683360.87208547,966169.58051408,9.683360872085471
WBT,2024-05-19,9.88965538693694,10.277459949086,9.86619356207311,10.1202821878221,8237522.31708005,816310.92772513,8.23752231708005
WBT,2024-05-20,10.1202821878221,10.3508201799892,10.0777058916622,10.3363146492061,11318623.4546955,1114150.71340466,11.3186234546955
WBT,2024-05-21,10.3363146492061,10.3631651316205,10.0093868065283,10.033862646882,10170160.212587,999511.89226922,10.170160212587001
WBT,2024-05-22,10.033862646882,10.073846349603,9.97416287456464,9.98594002041803,8987210.76815538,896808.00935624,8.987210768155379
WBT,2024-05-23,9.98594002041803,10.3357681897427,9.97290586880418,10.1402513599547,9468729.18774455,934923.05430458,9.46872918774455
WBT,2024-05-24,10.1402513599547,10.4619499701999,10.0488256921353,10.2099697786398,11688771.7858527,1147747.70035363,11.688771785852701
WBT,2024-05-25,10.2099697786398,10.2652132094546,10.1534409394091,10.1996636703199,12031281.54584,1180920.44566809,12.03128154584
WBT,2024-05-26,10.1996636703199,10.3043982560868,9.87444177387265,9.88533155015267,9329244.27687571,928482.82126632,9.329244276875711
WBT,2024-05-27,9.88533155015267,10.3218952641393,9.87318778543463,10.2172133426714,8901433.18141957,873689.48804909,8.90143318141957
WBT,2024-05-28,10.2172133426714,10.2248744178745,10.0685044514836,10.0834119737124,6792182.96025129,672622.54303881,6.79218296025129
WBT,2024-05-29,10.0834119737124,10.1308406618323,10.0139893132819,10.0387778012298,6123802.30255382,610785.46394642,6.123802302553821
WBT,2024-05-30,10.0387778012298,10.0455582256795,9.95256485902616,10.0057022423105,4663297.40292172,466523.49350675,4.66329740292172
WBT,2024-05-31,10.0057022423105,10.0798029890326,9.90856142714039,9.95467968333097,5657988.72241898,565079.93311931,5.657988722418979
WBT,2024-06-01,9.95467968333097,9.99251302377757,9.81715457476678,9.9194715925356,6421305.02871191,647374.85381306,6.4213050287119104
WBT,2024-06-02,9.9194715925356,9.94024013313145,9.8767883387698,9.89616103835052,6163931.36329849,621718.36237295,6.16393136329849
WBT,2024-06-03,9.89616103835052,10.1275619042971,9.88338649598308,10.1029483036395,5920814.28390025,587409.881059989,5.92081428390025
WBT,2024-06-04,10.1029483036395,10.1104247574243,9.9680001472843,9.98741162621625,7199014.50720854,720306.715282831,7.19901450720854
WBT,2024-06-05,9.98741162621625,10.0027349848264,9.85962084847148,9.93471277171749,13129128.6495759,1318846.20311912,13.1291286495759
WBT,2024-06-06,9.93471277171749,10.0343003639867,9.87590973333825,9.97313289205838,4872241.98220534,490837.59509378,4.87224198220534
WBT,2024-06-07,9.97313289205838,9.99682030575927,9.89188732297915,9.93723521808013,4837476.85599639,486645.11104969,4.83747685599639
WBT,2024-06-08,9.93723521808013,9.95519165558873,9.88356913073714,9.92806577298102,4807734.32269362,484199.68259174,4.80773432269362
WBT,2024-06-09,9.92806577298102,9.94809010956915,9.83365292919383,9.91634987168182,4261915.26761873,430978.45736516,4.26191526761873
WBT,2024-06-10,9.91634987168182,10.0056360163025,9.86160657427933,9.94930704361208,7198526.69684524,722953.27173366,7.19852669684524
WBT,2024-06-11,9.94930704361208,9.98418107079273,9.79704287909969,9.84215838894618,5906356.73792908,596962.38819564,5.906356737929079
WBT,2024-06-12,9.84215838894618,9.89239753285576,9.71601241507595,9.75121027825456,4312688.04903994,439114.31966846,4.312688049039941
WBT,2024-06-13,9.75121027825456,9.78198409975867,9.61444328932143,9.62717352966003,7065986.92197853,728960.18352854,7.06598692197853
WBT,2024-06-14,9.62717352966003,9.65505689923721,9.53489923174533,9.55417867894334,6183940.71098482,643396.26051785,6.183940710984819
WBT,2024-06-15,9.55417867894334,9.65343506933905,9.50049500330261,9.62391375197382,4552499.33219953,475220.234926738,4.55249933219953
WBT,2024-06-16,9.62391375197382,9.72454794181393,9.60312796615306,9.71884828702186,3674801.34784318,381620.83168696,3.67480134784318
WBT,2024-06-17,9.71884828702186,9.74764838791731,9.57471706541624,9.60469548350305,4623082.73461883,478360.94568403,4.62308273461883
WBT,2024-06-18,9.60469548350305,9.67658411315273,9.45934284815099,9.50142320916062,4907467.22672128,514308.54909044,4.90746722672128
WBT,2024-06-19,9.50142320916062,9.55329075556268,9.46334856026646,9.51762043508162,4563061.7637437,479927.734460807,4.5630617637437005
WBT,2024-06-20,9.51762043508162,9.63762875066185,9.49728850991657,9.63539874278268,4247196.62431176,444042.19235816,4.24719662431176
WBT,2024-06-21,9.63539874278268,9.63556763068195,9.4576909426172,9.50944592509517,3994192.92664821,419232.53003886,3.9941929266482097
WBT,2024-06-22,9.50944592509517,9.54640413750129,9.42421672312152,9.46292045005618,4453457.91155878,469465.21502419,4.45345791155878
WBT,2024-06-23,9.46292045005618,9.55937478614401,9.44578974804184,9.51504202559011,3962196.44612348,416145.022265146,3.96219644612348
WBT,2024-06-24,9.51504202559011,9.51810283106394,9.17456814343939,9.24206614482707,7202644.76971653,772846.40265115,7.20264476971653
WBT,2024-06-25,9.24206614482707,9.40256387757608,9.2363109015021,9.38386174496123,6378538.81401277,682562.284134115,6.37853881401277
WBT,2024-06-26,9.38386174496123,9.47262715358356,9.35304616407196,9.4358752199361,3871087.92224982,411209.37150926,3.8710879222498202
WBT,2024-06-27,9.4358752199361,9.45228481273439,9.37350070041548,9.43220682206254,4686459.20738184,496962.24920351,4.68645920738184
WBT,2024-06-28,9.43220682206254,9.57792356283763,9.41402452026644,9.50588199077211,5515681.96155185,581856.166479157,5.5156819615518495
WBT,2024-06-29,9.50588199077211,9.52559759050357,9.44875679885644,9.5205592710375,3968809.54084906,418061.56873872,3.96880954084906
WBT,2024-06-30,9.5205592710375,9.63592893319918,9.50953555416863,9.62337881134737,3884461.52083179,406529.53085377,3.8844615208317896
WBT,2024-07-01,9.62337881134737,9.74144719102672,9.61310291899418,9.71749884208765,4882243.20324308,504533.12558092,4.88224320324308
WBT,2024-07-02,9.71749884208765,9.77112205921754,9.698107224017,9.75247237444098,4115859.50618124,423079.0484396,4.11585950618124
WBT,2024-07-03,9.75247237444098,9.75499224343137,9.4610793813162,9.49552359506069,7685724.8828375,801176.63091411,7.6857248828375
WBT,2024-07-04,9.49552359506069,9.49942752207635,9.30097785115619,9.40274913892305,4854974.55818577,516455.95665674,4.85497455818577
WBT,2024-07-05,9.40274913892305,9.41014910681137,9.1642855940124,9.24426360144929,4945979.59246304,534146.08598911,4.94597959246304
WBT,2024-07-06,9.24426360144929,9.37613483982987,9.24167001250597,9.35764918078798,4212758.45535059,452239.82650926,4.21275845535059
WBT,2024-07-07,9.35764918078798,9.4753247395962,9.33845876463836,9.37225905873315,4786405.61444867,508852.76725962,4.78640561444867
WBT,2024-07-08,9.37225905873315,9.41554280015979,9.27769287844032,9.39723504015807,4454075.38726336,475735.6083476,4.4540753872633605
WBT,2024-07-09,9.39723504015807,9.55412518871301,9.37903900845812,9.51445143448057,4940287.73445014,521142.24833625,4.94028773445014
WBT,2024-07-10,9.51445143448057,9.64143118005806,9.49837265770793,9.57396263278095,4361180.70003555,455835.23160774,4.36118070003555
WBT,2024-07-11,9.57396263278095,9.62076543080334,9.54267928345329,9.60143384068504,6050701.46095631,630099.70424527,6.05070146095631
WBT,2024-07-12,9.60143384068504,9.62982220822783,9.5392426470558,9.60142986132774,4425961.84188627,461067.95367039,4.42596184188627
WBT,2024-07-13,9.60142986132774,9.64796453350401,9.52319508583394,9.53542984154607,3812932.45119635,397805.90761528,3.81293245119635
WBT,2024-07-14,9.53542984154607,9.63658273895254,9.53229340529613,9.58719918746808,7076091.20037269,737291.591135693,7.07609120037269
WBT,2024-07-15,9.58719918746808,9.7056465555809,9.55547296498433,9.68019723610568,5199409.60746281,539695.90349706,5.19940960746281
WBT,2024-07-16,9.68019723610568,9.75497919221533,9.62836691557268,9.74656368792262,4208819.58182388,434979.87937984,4.20881958182388
WBT,2024-07-17,9.74656368792262,9.86351527234203,9.69487634033821,9.80090661781361,4123940.37708682,421841.01486356,4.12394037708682
WBT,2024-07-18,9.80090661781361,9.94777800902287,9.75878916710339,9.77270829492358,5547129.70616574,563137.92273751,5.54712970616574
WBT,2024-07-19,9.77270829492358,10.0955267014091,9.7595732611872,10.0653072718628,9150135.69144236,918413.37887585,9.15013569144236
WBT,2024-07-20,10.0653072718628,10.1909171626566,10.0339593562894,10.1820515056639,4427250.94753882,438325.38102185,4.42725094753882
WBT,2024-07-21,10.1820515056639,10.2555720290879,10.0726402989368,10.2420880408855,3825075.21545196,375690.48169428,3.82507521545196
WBT,2024-07-22,10.2420880408855,10.3019929538239,10.1836934581627,10.2608405694292,4322910.70347279,422281.46947668,4.3229107034727905
WBT,2024-07-23,10.2608405694292,10.2784664137994,10.1450958482193,10.1601668481564,4146958.78036473,406509.649883777,4.14695878036473
WBT,2024-07-24,10.1601668481564,10.2229319140545,10.1317858301351,10.1636755575706,4140345.28043018,406523.11989091,4.14034528043018
WBT,2024-07-25,10.1636755575706,10.2124299424908,10.0737327316896,10.1587110765871,4496975.01945185,444082.38729106,4.49697501945185
WBT,2024-07-26,10.1587110765871,10.1865522947624,10.0935088781746,10.1601899486656,4160174.512662,410340.156610608,4.1601745126620004
WBT,2024-07-27,10.1601899486656,10.234399212584,10.1155920847121,10.2111497655335,5531149.79366342,541402.822,5.5311497936634195
WBT,2024-07-28,10.2111497655335,10.3393049941454,10.1979537893881,10.2849029209982,5322208.23382215,519559.23828258,5.32220823382215
WBT,2024-07-29,10.2849029209982,10.4232272474939,10.0741325705752,10.1714563393463,5024314.75475871,489071.59948038,5.02431475475871
WBT,2024-07-30,10.1714563393463,10.2813973239519,10.1286939617177,10.2273437557994,4586233.20846415,449630.81389607,4.58623320846415
WBT,2024-07-31,10.2273437557994,10.4230211213686,10.1992528068834,10.3886144175821,4143770.32583942,401024.07972285,4.14377032583942
WBT,2024-08-01,10.3886144175821,10.4590113320842,10.307810081386,10.4415886683557,4352910.21478966,418613.74664524,4.3529102147896594
WBT,2024-08-02,10.4415886683557,10.5101045568098,10.3990978979664,10.428441150007,4333387.40446645,414332.65271832,4.333387404466451
WBT,2024-08-03,10.428441150007,10.4962920203438,10.2268466176909,10.2691541800984,3511106.98730924,340378.7186,3.51110698730924
WBT,2024-08-04,10.2691541800984,10.3716086168634,10.2167368971547,10.3287239648838,3251279.18113155,315866.34873319,3.25127918113155
WBT,2024-08-05,10.3287239648838,10.3626405863592,9.94675868369963,10.0998184440444,5429234.56897225,534051.44538539,5.429234568972251
WBT,2024-08-06,10.0998184440444,10.2359025524487,10.0388082464325,10.1650929866323,4191596.03568045,413995.2957,4.19159603568045
WBT,2024-08-07,10.1650929866323,10.3064871647936,10.1229076523533,10.1673665826984,4167666.75817906,408804.174414973,4.1676667581790605
WBT,2024-08-08,10.1673665826984,10.3419278461235,10.1261491162511,10.2202889359952,3662724.90332288,357508.40986804,3.6627249033228804
WBT,2024-08-09,10.2202889359952,10.3425817216119,10.185491191426,10.3070729661556,3393602.532142,329433.6178,3.393602532142
WBT,2024-08-10,10.3070729661556,10.3438290332366,10.2347776184528,10.3401701859792,4025190.6327428,390470.15545709,4.0251906327428
WBT,2024-08-11,10.3401701859792,10.4088625822185,10.2447754066038,10.2734086905935,5753874.17977896,556295.154,5.753874179778959
WBT,2024-08-12,10.2734086905935,10.3256726062529,10.2218200079602,10.2745922155485,3876363.82300541,377415.9539,3.87636382300541
WBT,2024-08-13,10.2745922155485,10.4793815087114,10.2652059719699,10.4540956320329,5437860.83612324,524568.55727603,5.437860836123241
WBT,2024-08-14,10.4540956320329,10.7093061168297,10.44502970817,10.6524241889054,7484267.02216735,707226.2681592,7.48426702216735
WBT,2024-08-15,10.6524241889054,10.7444904212514,10.5632183658321,10.6475441684038,4198462.01094962,393696.773569,4.19846201094962
WBT,2024-08-16,10.6475441684038,10.8046960002013,10.6326963555555,10.750266445896,3330210.91852941,310440.347176757,3.33021091852941
WBT,2024-08-17,10.750266445896,10.8178119726209,10.6460256983476,10.6890981783672,3503049.10642136,326370.840312,3.50304910642136
WBT,2024-08-18,10.6890981783672,10.716621709273,10.6244319788151,10.6244319788151,2963673.67814671,277512.829,2.9636736781467103
WBT,2024-08-19,10.6244319788151,10.6640254640208,10.5786267025331,10.6183451573833,3847724.08359855,361899.7124,3.84772408359855
WBT,2024-08-20,10.6183451573833,10.7355637266683,10.5896907830552,10.6395240708247,4243773.58636815,397950.1812,4.2437735863681505
WBT,2024-08-21,10.6395240708247,10.7377128247813,10.6035196660182,10.7154069394961,5835707.78976972,546130.3311,5.83570778976972
WBT,2024-08-22,10.7154069394961,10.7870357135216,10.6589505720885,10.7514522235055,4036943.37020785,375752.90517224,4.03694337020785
WBT,2024-08-23,10.7514522235055,10.9912306458474,10.6936932738133,10.9725277721804,6405311.41755539,591036.52911318,6.40531141755539
WBT,2024-08-24,10.9725277721804,11.0619232490588,10.9447146105797,10.9706329498621,4265180.49558029,387134.78461325,4.2651804955802906
WBT,2024-08-25,10.9706329498621,11.0801079691149,10.9504228028703,11.0421571991869,4177240.3637463,378447.7279,4.1772403637463
WBT,2024-08-26,11.0421571991869,11.1365896205706,10.9985252768707,11.0293629711228,4334528.49868734,391820.65142422,4.33452849868734
WBT,2024-08-27,11.0293629711228,11.0582497094046,10.6671919713983,10.7062261400685,4773990.02616066,437089.27049119,4.77399002616066
WBT,2024-08-28,10.7062261400685,10.8162948117708,10.6711753076672,10.7844431250148,5906902.95328211,548949.69243095,5.906902953282111
WBT,2024-08-29,10.7844431250148,10.8979236456077,10.7582367520659,10.8877538814687,4292779.8413028,396117.24605176,4.2927798413028
WBT,2024-08-30,10.8877538814687,10.9374060563922,10.8159716562449,10.8703769577569,4640765.07868226,426850.9376,4.64076507868226
WBT,2024-08-31,10.8703769577569,10.9469085281355,10.8194452977173,10.9215264087476,3918031.12125267,360091.3517,3.91803112125267
WBT,2024-09-01,10.9215264087476,10.9461032724313,10.7722648967519,10.8080083736477,4271441.15042174,393187.58047126,4.271441150421739
WBT,2024-09-02,10.8080083736477,10.9422013931154,10.7789653991541,10.9038425091267,3671488.64770722,337858.9446,3.6714886477072204
WBT,2024-09-03,10.9038425091267,10.94321602947,10.874839584059,10.8822049943303,2415026.6645493,221416.4552,2.4150266645493
WBT,2024-09-04,10.8822049943303,10.8900222997423,10.7530343353697,10.8688666394857,3067242.40693727,283210.8785,3.06724240693727
WBT,2024-09-05,10.8688666394857,10.891927453194,10.8038603491252,10.8372544582693,2554070.72921506,235352.38052624,2.5540707292150597
WBT,2024-09-06,10.8372544582693,10.8964880190429,10.5905287443065,10.6450600686286,3161444.26899159,294329.080087415,3.16144426899159
WBT,2024-09-07,10.6450600686286,10.7547036145221,10.6450600686286,10.7318864116132,2342208.53417925,218607.959687725,2.3422085341792496
WBT,2024-09-08,10.7318864116132,10.8075363917242,10.6880696904953,10.7808216323014,2753628.90445596,256185.689654309,2.75362890445596
WBT,2024-09-09,10.7808216323014,10.8896649073003,10.7747923337263,10.8777699502856,2700239.57783238,249049.580325746,2.70023957783238
WBT,2024-09-10,10.8777699502856,11.006590411094,10.8363796926787,10.9949588869342,3955586.65270788,360580.538600624,3.95558665270788
WBT,2024-09-11,10.9949588869342,11.0428693699337,10.9374577996511,11.018651701148,4503405.72620764,409267.13969502,4.50340572620764
WBT,2024-09-12,11.018651701148,11.1218816938103,10.889184469205,11.0709059591204,4123325.0101908,372985.553746933,4.1233250101908
WBT,2024-09-13,11.0709059591204,11.1005971402064,10.9898239064913,11.0499726140553,4394063.99476716,397705.85467513,4.39406399476716
WBT,2024-09-14,11.0499726140553,11.0990204208456,11.0052952757035,11.0482026243755,4216364.8483268,381710.864128,4.2163648483268
WBT,2024-09-15,11.0482026243755,11.1145602420861,10.9357768618631,11.0458120490258,2314677.29051058,210362.87609499,2.31467729051058
WBT,2024-09-16,11.0458120490258,11.0545834608708,10.8836399014654,10.9313088235268,3988828.52747804,364107.82514637,3.98882852747804
WBT,2024-09-17,10.9313088235268,11.063326430348,10.9189124933271,11.0310971821791,4020252.87573755,365480.7273,4.02025287573755
WBT,2024-09-18,11.0310971821791,11.0437158660911,10.8972616588752,10.9706813927629,3675597.249373,334975.2517,3.6755972493730003
WBT,2024-09-19,10.9706813927629,11.3115638004542,10.9456425296336,11.2843973648208,6799294.28973521,610420.66409824,6.79929428973521
WBT,2024-09-20,11.2843973648208,11.4572505908771,11.2252395118078,11.3245049019535,4193941.6917031,369265.328748216,4.1939416917031
WBT,2024-09-21,11.3245049019535,11.4280455150072,11.1549536890605,11.4027606588793,4580418.72069447,404128.07198088,4.58041872069447
WBT,2024-09-22,11.4027606588793,11.48870241051,11.2917921517308,11.3512244832636,3440513.84524137,302312.6964259,3.44051384524137
WBT,2024-09-23,11.3512244832636,11.4164656710063,11.20652589262,11.238147736207,3362791.43155417,297596.75867,3.36279143155417
WBT,2024-09-24,11.238147736207,11.3318818837076,11.2094640515118,11.2688154010751,2870180.86696162,254624.1735,2.87018086696162
WBT,2024-09-25,11.2688154010751,11.373833533946,11.192302558058,11.240642702755,3550982.67715691,315174.911471663,3.55098267715691
WBT,2024-09-26,11.240642702755,11.3148141240327,11.1870106840217,11.2586351977651,3892453.5623101,346102.15285867,3.8924535623101
WBT,2024-09-27,11.2586351977651,11.6414524402764,11.1484791379713,11.5706931189059,4727494.50645432,412573.25430464,4.7274945064543195
WBT,2024-09-28,11.5706931189059,11.6570768963298,11.5073139412047,11.5932072457258,2719321.20106984,234763.814809076,2.71932120106984
WBT,2024-09-29,11.5932072457258,11.6693871163014,11.523833913729,11.6468922426875,2678978.34896273,230649.896326953,2.6789783489627297
WBT,2024-09-30,11.6468922426875,11.6745913932721,11.4641081733747,11.4916160786932,3573574.70027733,308988.23123369,3.5735747002773297
WBT,2024-10-01,11.4916160786932,11.5836217684208,11.3866808301104,11.4095742933787,6767365.27738541,588792.352955046,6.76736527738541
WBT,2024-10-02,11.4095742933787,11.5093824656834,11.3307666836451,11.3620620825134,6109423.42643487,534277.7941,6.10942342643487
WBT,2024-10-03,11.3620620825134,11.4205837095783,11.3096805804372,11.3878461385432,5894853.78388578,518183.01931888,5.89485378388578
WBT,2024-10-04,11.3878461385432,11.531152679143,11.3711844198518,11.4700151042152,7053985.0132121,616714.4357265,7.0539850132121
WBT,2024-10-05,11.4700151042152,11.5583020139603,11.4575865945674,11.4806860506746,3140395.30838839,272648.089001971,3.14039530838839
WBT,2024-10-06,11.4806860506746,11.5187402870163,11.4598008350717,11.4923376715927,2839280.7665905,246970.7422149,2.8392807665905
WBT,2024-10-07,11.4923376715927,11.726196812786,11.4751005184364,11.6579722981466,5581941.72696494,480228.10559824,5.58194172696494
WBT,2024-10-08,11.6579722981466,11.7480028866187,11.6405323423693,11.7221583936155,4478965.49046632,382890.389171409,4.47896549046632
WBT,2024-10-09,11.7221583936155,11.7581106139211,11.6231889458447,11.6405174200225,4881545.23072211,417989.596178147,4.88154523072211
WBT,2024-10-10,11.6405174200225,11.7171136276544,11.5918178167685,11.705289897361,4925503.24021125,422282.72488124,4.92550324021125
WBT,2024-10-11,11.705289897361,15.2100275826556,11.6818816485052,15.2100275826556,18279002.625339,1422719.80559473,18.279002625339
WBT,2024-10-12,15.2100275826556,15.2353036112179,14.9270972835452,15.2079414451085,5066393.77685011,335485.846804274,5.06639377685011
WBT,2024-10-13,15.2079414451085,15.3584904774091,15.1443099357575,15.3097175564719,3780926.31075997,248157.73209216,3.7809263107599698
WBT,2024-10-14,15.3097175564719,16.2288733958201,15.2804155932513,16.1884063676132,7020457.24199119,444098.894494404,7.02045724199119
WBT,2024-10-15,16.1884063676132,16.4776080443872,16.0837839991414,16.4629965956884,7073138.20420062,435033.59875812,7.07313820420062
WBT,2024-10-16,16.4629965956884,16.5508964525357,16.3877414897042,16.4265994809334,6560880.2288712,398282.978056624,6.5608802288712
WBT,2024-10-17,16.4265994809334,17.1455307329859,16.2756363576949,17.1108666027327,7224403.79156475,432526.002213471,7.224403791564749
WBT,2024-10-18,17.1108666027327,17.7824663787732,17.0661284542299,17.7483059994606,8704303.55725284,499648.827708582,8.704303557252839
WBT,2024-10-19,17.7483059994606,17.7678538481396,17.6480464245734,17.6646544050298,2351975.70692272,132727.686130418,2.3519757069227203
WBT,2024-10-20,17.6646544050298,17.9518195704118,17.6492900401356,17.9186421378538,2853181.96504448,160523.2317,2.8531819650444796
WBT,2024-10-21,17.9186421378538,17.9754816496659,17.8575738049352,17.9022073888847,5469951.39127094,305453.20893606,5.46995139127094
WBT,2024-10-22,17.9022073888847,18.3135586934329,17.850599221483,18.2667256577827,5880476.29136173,326254.340493038,5.880476291361729
WBT,2024-10-23,18.2667256577827,18.3844112917872,18.1934398527509,18.377356391002,6073806.87813332,332447.65727279,6.07380687813332
WBT,2024-10-24,18.377356391002,18.7262883624122,18.3608621111675,18.7083730762493,6180846.17653574,333685.540214749,6.18084617653574
WBT,2024-10-25,18.7083730762493,18.7128777607744,18.4741886804969,18.5089543513238,7974711.05949664,429161.163754401,7.974711059496641
WBT,2024-10-26,18.5089543513238,18.6777641460312,18.488411481588,18.571285893476,3865480.3184641,207691.853453392,3.8654803184641
WBT,2024-10-27,18.571285893476,18.6105971925253,18.5318680928406,18.5426630195323,3255347.92607265,175180.059347082,3.25534792607265
WBT,2024-10-28,18.5426630195323,18.9354077864633,18.513937530339,18.9146073649209,6367244.94945419,341107.311776931,6.36724494945419
WBT,2024-10-29,18.9146073649209,19.1959756637328,18.8949627257686,19.106819444941,7967548.02696668,418066.762028255,7.967548026966679
WBT,2024-10-30,19.106819444941,19.1436830301445,18.9112774474694,18.9127283943939,6138387.30552305,321805.6569876,6.13838730552305
WBT,2024-10-31,18.9127283943939,18.9204551528479,18.7841005398406,18.8788223545101,6024055.12429915,319473.652504805,6.02405512429915
WBT,2024-11-01,18.8788223545101,19.1481792656075,18.8250213492845,19.0756784773532,8262855.39952965,435030.259352941,8.26285539952965
WBT,2024-11-02,19.0756784773532,19.1172361097777,18.9183029545828,19.0541515288481,3339357.66958593,175133.460240727,3.3393576695859304
WBT,2024-11-03,19.0541515288481,19.0599516166152,18.8237100362268,18.9334574305802,5642571.24649197,297831.8992361,5.642571246491969
WBT,2024-11-04,18.9334574305802,19.0802381309476,18.8812832604121,18.9704103712606,7272382.57824509,383670.767618487,7.27238257824509
WBT,2024-11-05,18.9704103712606,19.1438812667711,18.9409591106182,19.1005700635022,7736748.78682646,406188.5576391,7.7367487868264595
WBT,2024-11-06,19.1005700635022,19.4364838569757,19.0981215881762,19.3738034721044,15643970.1191581,810056.370081061,15.6439701191581
WBT,2024-11-07,19.3738034721044,19.7558814332842,19.2714436100889,19.7035966854746,11405506.2324493,587146.382016796,11.4055062324493
WBT,2024-11-08,19.7035966854746,19.9961228016759,19.6090727928664,19.9904409138102,8946441.30098125,452855.187109367,8.946441300981249
WBT,2024-11-09,19.9904409138102,20.0895831145507,19.9655822073,20.0617182399761,7457834.4381156,372256.5966926,7.4578344381156
WBT,2024-11-10,20.0617182399761,20.8293746842941,19.8996480947839,20.7731548611234,24790260.7199771,1224618.21288127,24.7902607199771
WBT,2024-11-11,20.7731548611234,21.8174206524396,20.6846424406404,21.7068370612001,29890926.0072062,1417003.81681994,29.8909260072062
WBT,2024-11-12,21.7068370612001,21.927061874585,21.5415138011999,21.8264796239873,35744918.0267867,1640606.10084529,35.7449180267867
WBT,2024-11-13,21.8264796239873,22.5411369665381,21.7321586959299,22.3977471674066,37773791.6028537,1707740.31778874,37.7737916028537
WBT,2024-11-14,22.3977471674066,22.4679589001064,22.0939973506754,22.131782786573,32494227.0322846,1456475.41693995,32.4942270322846
WBT,2024-11-15,22.131782786573,22.3614274908177,22.1246724577775,22.2980797822102,30378094.5927493,1365092.63093888,30.378094592749303
WBT,2024-11-16,22.2980797822102,22.3513361389809,22.1833651172686,22.239160424955,19232930.6273076,863556.43826299,19.232930627307603
WBT,2024-11-17,22.239160424955,22.274708331838,21.9303194605644,22.0164998838931,18976252.4164714,859378.799699997,18.9762524164714
WBT,2024-11-18,22.0164998838931,22.2078135820294,21.9907266798722,22.0893619215853,11555831.2022208,522500.593365776,11.5558312022208
WBT,2024-11-19,22.0893619215853,23.9171193597423,22.0047916490497,23.8933155392696,12735568.081084,570207.739062455,12.735568081084
WBT,2024-11-20,23.8933155392696,24.0849406865399,23.7726818492058,24.0646744184573,14682936.6346762,612600.627812442,14.6829366346762
WBT,2024-11-21,24.0646744184573,24.8515036835238,23.9348839598991,24.8246207201274,11790668.9426474,484681.772466097,11.790668942647399
WBT,2024-11-22,24.8246207201274,25.3395387306492,24.4447863845646,24.5252769355248,13782375.364056,553804.583307596,13.782375364056
WBT,2024-11-23,24.5252769355248,24.6351887548534,24.4208689349571,24.5547346500778,1564857.75787757,63714.2416397577,1.5648577578775702
WBT,2024-11-24,24.5547346500778,24.6580277532434,24.1794148554146,24.3029991942016,1269519.59564331,51924.7464153525,1.26951959564331
WBT,2024-11-25,24.3029991942016,24.3150957694698,23.863531509102,23.8901605967098,1465934.43401882,60834.4284833224,1.46593443401882
WBT,2024-11-26,23.8901605967098,23.9982735784409,23.5486783407179,23.7097977763335,15484696.8728011,652555.306120105,15.4846968728011
WBT,2024-11-27,23.7097977763335,23.9369156630941,23.6029053312956,23.7281466788949,37666537.1303469,1585659.07653831,37.6665371303469
WBT,2024-11-28,23.7281466788949,23.8551052781338,23.3419473190267,23.4431214112381,29337727.8587509,1240806.2543216,29.3377278587509
WBT,2024-11-29,23.4431214112381,23.7224781067511,23.4140170884373,23.6777988340992,31285139.8416603,1324967.97000545,31.2851398416603
WBT,2024-11-30,23.6777988340992,23.6900518693898,23.564571589778,23.6362539643316,18807932.0555417,795243.54443707,18.807932055541702
WBT,2024-12-01,23.6362539643316,23.656586238784,23.4123915196816,23.4144981452415,14522314.2591543,616974.4841,14.5223142591543
WBT,2024-12-02,23.4144981452415,23.6443340842444,23.3695327766016,23.3992148333292,34119639.9341439,1453347.5936137,34.1196399341439
WBT,2024-12-03,23.3992148333292,23.5551354612757,23.3527007182842,23.5380286162387,31155623.8705204,1328421.68623484,31.1556238705204
WBT,2024-12-04,23.5380286162387,23.670274346109,23.4894799168475,23.6161516886149,40080905.5178456,1699091.74736263,40.0809055178456
WBT,2024-12-05,23.6161516886149,25.3228748757613,23.5045513365487,25.0354137398064,61413584.3759201,2505374.57427536,61.4135843759201
WBT,2024-12-06,25.0354137398064,25.3770431179459,24.9766759932655,25.2000163381117,35211539.2927335,1398404.83262592,35.2115392927335
WBT,2024-12-07,25.2000163381117,25.3119426052604,25.1086418099631,25.2790613639332,18857861.9350421,747340.247967607,18.8578619350421
WBT,2024-12-08,25.2790613639332,25.3083652990052,24.9932620530906,25.0958409409075,17214702.7671769,685131.716842029,17.2147027671769
WBT,2024-12-09,25.0958409409075,25.1996001265647,24.6426945873939,24.8943731575567,51957134.3473543,2080439.85942416,51.9571343473543
WBT,2024-12-10,24.8943731575567,25.0343478814108,24.7090413053493,24.8727640543749,54501636.1786554,2189002.90158539,54.5016361786554
WBT,2024-12-11,24.8727640543749,25.1984808153056,24.7491119207847,25.1667033094032,38546994.1501959,1542802.68211984,38.5469941501959
WBT,2024-12-12,25.1667033094032,25.211549133676,24.9173890792602,25.0300254750203,33134483.4918327,1320344.17461213,33.1344834918327
WBT,2024-12-13,25.0300254750203,25.2734038445019,24.9511492537204,25.2515563735916,24898990.8819126,991224.763498417,24.8989908819126
WBT,2024-12-14,25.2515563735916,25.2976396986246,25.1751026608592,25.2903262710045,19602653.9495435,775962.932083335,19.602653949543498
WBT,2024-12-15,25.2903262710045,25.3464137887824,25.049920006407,25.1379770539338,23398887.6891635,929379.909815774,23.398887689163498
WBT,2024-12-16,25.1379770539338,25.3935192111658,25.0830734425035,25.2224215482953,36158094.8185369,1432022.70922178,36.1580948185369
WBT,2024-12-17,25.2224215482953,25.4536523349345,25.1868556912388,25.3275275066172,35285441.4532504,1392824.03329533,35.2854414532504
WBT,2024-12-18,25.3275275066172,25.3318883850104,24.8448241972703,24.8670356597179,48805680.9856083,1948927.74478426,48.805680985608305
WBT,2024-12-19,24.8670356597179,25.3048674507553,24.8591021221654,24.9585630241873,57398542.8125561,2291895.03107304,57.3985428125561
WBT,2024-12-20,24.9585630241873,25.0016290763218,24.3905726061164,24.5346380634267,79031886.9523322,3206204.74077116,79.0318869523322
WBT,2024-12-21,24.5346380634267,24.6507941489764,24.4277969581731,24.46979181556,38582586.9834399,1571007.66707003,38.5825869834399
WBT,2024-12-22,24.46979181556,24.5210497572587,24.265384939137,24.3623518204814,30086806.1396859,1233070.70401548,30.086806139685898
WBT,2024-12-23,24.3623518204814,24.6278319090542,24.2625076143779,24.4434083770308,50439020.7683593,2063183.18380569,50.439020768359306
WBT,2024-12-24,24.4434083770308,25.0520051715034,24.3675675266144,25.0222666332319,38233169.4687342,1549856.95833802,38.2331694687342
WBT,2024-12-25,25.0222666332319,25.0913115816333,24.9097414854629,25.0624911068648,39922749.7834188,1596503.39830693,39.922749783418794
WBT,2024-12-26,25.0624911068648,25.0887935675079,24.5244309998749,24.6523768383412,36549222.296162,1477063.94967458,36.549222296162
WBT,2024-12-27,24.6523768383412,24.768690419016,24.561244063095,24.6893478182962,41548750.3374129,1685311.47702774,41.5487503374129
WBT,2024-12-28,24.6893478182962,24.9399449741458,24.6595921147421,24.9025254263402,22265620.3775832,896923.92339622,22.265620377583197
WBT,2024-12-29,24.9025254263402,24.9791621193694,24.6821539602849,24.8387221488099,19880021.2513831,800429.899999804,19.8800212513831
WBT,2024-12-30,24.8387221488099,24.8529614579746,24.5274894695927,24.6628409925242,39229644.282758,1587592.08882425,39.229644282757995
WBT,2024-12-31,24.6628409925242,24.8373639988981,24.567946213044,24.7003929026862,34745397.9047929,1405513.77833567,34.745397904792895
WBT,2025-01-01,24.7003929026862,24.7776644721659,24.5270431024408,24.6555246892445,21606884.0238952,876717.0334,21.6068840238952
WBT,2025-01-02,24.6555246892445,24.8542185720256,24.6305772952657,24.7477187886077,33900289.5913202,1369219.06918659,33.9002895913202
WBT,2025-01-03,24.7477187886077,24.9709462374774,24.680027369139,24.9321770278772,23781998.9827578,958268.2107,23.7819989827578
WBT,2025-01-04,24.9321770278772,25.1476454611791,24.9020408548472,25.12331612417,15327444.2792854,612411.88544496,15.3274442792854
WBT,2025-01-05,25.12331612417,25.6826661409237,24.8104666559817,25.6389797234558,17234683.4010041,686394.121321892,17.234683401004098
WBT,2025-01-06,25.6389797234558,27.2340044002177,25.6272477079619,27.2286017446022,34547603.3791801,1309255.02151187,34.5476033791801
WBT,2025-01-07,27.2286017446022,27.2722456719532,26.9060294268796,27.0883174500493,32937478.178245,1214978.92882547,32.937478178245
WBT,2025-01-08,27.0883174500493,27.1344149964098,26.5215852790875,26.6648207585703,45308834.2044004,1692309.82821688,45.3088342044004
WBT,2025-01-09,26.6648207585703,26.7275175878566,26.2165143157253,26.3156538643095,45070538.0933499,1700551.23232707,45.070538093349896
WBT,2025-01-10,26.3156538643095,26.7934996865054,26.2868839263284,26.7563138664625,41755275.418891,1572096.84435353,41.755275418890996
WBT,2025-01-11,26.7563138664625,26.8117812416923,26.656736231227,26.7476971692008,19413477.0996777,725934.675869746,19.4134770996777
WBT,2025-01-12,26.7476971692008,26.8161096886893,26.5862443945354,26.7569728635009,14478750.5070991,541716.8751196,14.4787505070991
WBT,2025-01-13,26.7569728635009,26.9692035072447,26.5237781227176,26.922277858699,64067756.8252218,2397451.9152298,64.06775682522179
WBT,2025-01-14,26.922277858699,27.1388661791111,26.862186721347,27.0433497492447,34577275.0684738,1279410.39037781,34.5772750684738
WBT,2025-01-15,27.0433497492447,27.1979406756759,26.9706401641998,27.19055359079,31710532.5427974,1171305.11851561,31.710532542797402
WBT,2025-01-16,27.19055359079,27.2152266945253,26.9945963988281,27.179996957505,32439486.1712393,1196847.03562455,32.4394861712393
WBT,2025-01-17,27.179996957505,28.1176117663907,27.1720794477179,28.052670486792,34682544.5979277,1252889.20800727,34.682544597927695
WBT,2025-01-18,28.052670486792,28.1226980088316,27.7921135344497,27.9070162426722,28112816.9166786,1004489.28922179,28.1128169166786
WBT,2025-01-19,27.9070162426722,28.6689403683698,27.8839227923406,28.3848800203961,34682200.7925284,1223223.16297584,34.6822007925284
WBT,2025-01-20,28.3848800203961,28.6750450524359,28.2127681036589,28.4532043844542,89145901.0145407,3132943.33826549,89.1459010145407
WBT,2025-01-21,28.4532043844542,28.7701133374836,28.2877249304715,28.6469870037419,61040928.7416584,2139972.40179015,61.0409287416584
WBT,2025-01-22,28.6469870037419,28.6659595947743,28.47217058746,28.5592835512897,37672044.1214191,1317785.78628011,37.6720441214191
WBT,2025-01-23,28.5592835512897,28.8724536973366,28.1787477222368,28.2422679303223,65796046.7097063,2308495.31500107,65.7960467097063
WBT,2025-01-24,28.2422679303223,28.6593521910538,28.1368408032842,28.6397550143842,37650203.6656421,1324183.21514467,37.650203665642096
WBT,2025-01-25,28.6397550143842,28.6603105123255,28.3655774516966,28.3684443924643,15518724.3900063,543368.036029721,15.5187243900063
WBT,2025-01-26,28.3684443924643,28.7217325076342,28.3538246060122,28.4161191037196,12738881.9307049,446207.712912928,12.738881930704899
WBT,2025-01-27,28.4161191037196,28.4469457547511,28.0343239889365,28.2528646300159,57399074.7550711,2034251.02968592,57.399074755071105
WBT,2025-01-28,28.2528646300159,28.533758620953,28.1977760658937,28.4034177173503,31887486.0570535,1122618.37033285,31.8874860570535
WBT,2025-01-29,28.4034177173503,28.6491844034367,28.401398891718,28.5207038277408,30798325.6299888,1079612.50707611,30.7983256299888
WBT,2025-01-30,28.5207038277408,28.7515452379798,28.4576273094394,28.6959888308089,26950146.6174153,940663.471422709,26.950146617415303
WBT,2025-01-31,28.6959888308089,28.7691651258937,28.3186716272297,28.4155705925905,29012242.9015944,1016476.7458,29.0122429015944
WBT,2025-02-01,28.4155705925905,28.4994429392608,28.2374932016936,28.4159343638546,16312703.5205818,574242.82310719,16.3127035205818
WBT,2025-02-02,28.4159343638546,28.5266515067581,27.9205355184071,28.0020109926998,41056643.2899701,1458159.78397487,41.0566432899701
WBT,2025-02-03,28.0020109926998,28.4795975076793,27.71126685524,28.3481415259256,89106961.584254,3164594.5977089,89.106961584254
WBT,2025-02-04,28.3481415259256,28.4078841369666,27.745418879171,27.857603351269,61132416.5200152,2178008.52814232,61.132416520015205
WBT,2025-02-05,27.857603351269,27.9395792143335,27.5033522612717,27.5641102997717,37285173.717195,1345096.82860097,37.28517371719499
WBT,2025-02-06,27.5641102997717,27.9477993699197,27.5574304026328,27.7904348767047,41089410.3721701,1479684.52348253,41.0894103721701
WBT,2025-02-07,27.7904348767047,28.0628920014554,27.5396830929309,27.6582522209046,45727850.254773,1643515.57402613,45.727850254772996
WBT,2025-02-08,27.6582522209046,27.6585254254825,27.3351698335973,27.4307365242573,17832992.7983064,647131.435420965,17.832992798306403
WBT,2025-02-09,27.4307365242573,27.6685606729616,27.1249726707142,27.2938083098042,15919290.1896981,583003.2562,15.919290189698101
WBT,2025-02-10,27.2938083098042,28.368021202986,27.248288182382,27.8274973035723,30168514.3737956,1091158.96923898,30.1685143737956
WBT,2025-02-11,27.8274973035723,27.9710019778053,27.4740614734056,27.5393512543238,28615077.532233,1030151.1736,28.615077532233
WBT,2025-02-12,27.5393512543238,27.6759932803559,27.3625284399162,27.538825569958,42206115.5885605,1532958.1509,42.2061155885605
WBT,2025-02-13,27.538825569958,27.572681310255,27.2178918624453,27.3142004022656,40552405.8894959,1480936.8816,40.5524058894959
WBT,2025-02-14,27.3142004022656,27.4314530870744,27.1217438486732,27.275011458937,30615398.4956995,1121036.70253748,30.6153984956995
WBT,2025-02-15,27.275011458937,27.5310163728351,27.2212267998373,27.4818484667471,17932600.711831,653747.975,17.932600711831
WBT,2025-02-16,27.4818484667471,27.5441318125414,27.1091353140507,27.2726523177871,14473910.1930079,529820.5959,14.4739101930079
WBT,2025-02-17,27.2726523177871,27.5899626769847,27.2659024653402,27.4649054072144,26582800.193111,968146.3479,26.582800193110998
WBT,2025-02-18,27.4649054072144,27.4928214802768,27.1199507920887,27.40938070406,35777979.1541728,1310780.7767,35.7779791541728
WBT,2025-02-19,27.40938070406,27.4675102232528,27.2748353767204,27.4039426723665,28881624.4070389,1054452.81803982,28.881624407038903
WBT,2025-02-20,27.4039426723665,27.7093403009487,27.3608325147777,27.6773525057748,25256298.1468585,918084.525,25.256298146858498
WBT,2025-02-21,27.6773525057748,27.8222777249743,27.3570073206184,27.4772568912453,38747984.7283791,1404651.59701456,38.7479847283791
WBT,2025-02-22,27.4772568912453,27.7845326978329,27.4521294820929,27.7746132171543,15121428.7272958,546690.1872,15.121428727295799
WBT,2025-02-23,27.7746132171543,27.7963795171829,27.4365079194366,27.5366430877338,11825107.7889054,429096.96043524,11.8251077889054
WBT,2025-02-24,27.5366430877338,27.8173300714167,27.2807217378099,27.3118849549694,42911185.2564451,1558786.6477,42.9111852564451
WBT,2025-02-25,27.3118849549694,27.4752889632745,26.8685982824254,27.002951796633,89485876.8477234,3297328.05188147,89.48587684772339
WBT,2025-02-26,27.002951796633,27.0330600140055,26.0762251413444,26.3905057764435,81198582.2526495,3055656.94811351,81.1985822526495
WBT,2025-02-27,26.3905057764435,26.6055456513648,26.1317549080058,26.2966412016344,66354955.5540285,2510477.7987,66.3549555540285
WBT,2025-02-28,26.2966412016344,26.760180573976,25.5700914679151,26.7475426258481,128466995.2996,4926627.21317817,128.4669952996
WBT,2025-03-01,26.7475426258481,26.7680729587636,26.4054674964643,26.5098856627379,28513452.0267426,1070479.91554526,28.5134520267426
WBT,2025-03-02,26.5098856627379,31.2906612746876,26.4832887560524,31.0868001884597,83574010.0212558,2966005.46992992,83.5740100212558
WBT,2025-03-03,31.0868001884597,31.0902335885965,29.9404839438603,30.0324714805412,118647664.609964,3888879.38484919,118.647664609964
WBT,2025-03-04,30.0324714805412,30.083896980836,29.2152753960855,29.5872105593212,133988041.374806,4528410.38027298,133.988041374806
WBT,2025-03-05,29.5872105593212,30.6155329544458,29.5141250845018,30.6092535564373,64677170.5115575,2151011.67935007,64.67717051155749
WBT,2025-03-06,30.6092535564373,30.6651017668249,29.6799180691437,29.7450906897369,56673963.3990551,1874576.10342081,56.673963399055104
WBT,2025-03-07,29.7450906897369,29.8311856491494,28.8867680651098,29.0743392918063,83391644.237391,2848332.10057059,83.39164423739099
WBT,2025-03-08,29.0743392918063,29.2436918316257,28.8895292160246,29.1701494840872,21649243.7427843,743662.3432,21.6492437427843
WBT,2025-03-09,29.1701494840872,29.2425128967777,28.4896005734979,28.5430012517856,27433877.1083131,954247.908420968,27.433877108313098
WBT,2025-03-10,28.5430012517856,29.0301235234438,27.9750284015018,28.4987386059318,124822113.589709,4380219.84804906,124.822113589709
WBT,2025-03-11,28.4987386059318,29.3141680851795,28.3081456886126,29.1918213191008,118000527.755574,4097116.60921397,118.000527755574
WBT,2025-03-12,29.1918213191008,29.2912611852076,28.7280249095622,28.8525365568624,86414808.6975695,2981408.01594823,86.4148086975695
WBT,2025-03-13,28.8525365568624,28.8724835479733,28.0589840556762,28.1190421063727,114313092.844028,4022287.58480222,114.31309284402799
WBT,2025-03-14,28.1190421063727,28.6026253653989,28.0906345144705,28.5290950690908,60465471.9125108,2137587.4925163,60.4654719125108
WBT,2025-03-15,28.5290950690908,29.2042486099261,28.5261072446897,29.1614927182248,16482026.9605994,571375.20909728,16.4820269605994
WBT,2025-03-16,29.1614927182248,29.1734250966822,28.2713513797558,28.3222028166292,28899228.1416437,1007009.15194451,28.8992281416437
WBT,2025-03-17,28.3222028166292,28.7183594609241,28.3091127625032,28.6117608511149,40263150.3816013,1410742.16064,40.2631503816013
WBT,2025-03-18,28.6117608511149,28.6252537153253,28.2078223625776,28.2857146643001,37682374.1856874,1327696.7859,37.6823741856874
WBT,2025-03-19,28.2857146643001,28.9288559873679,28.1492655447665,28.8864296136518,49120327.5403946,1725869.6978,49.1203275403946
WBT,2025-03-20,28.8864296136518,28.9217623345188,28.6249147281843,28.6755990417892,35047873.611758,1218462.50932382,35.047873611758
WBT,2025-03-21,28.6755990417892,28.7921227593479,28.5195718228844,28.674362518093,26786235.5413757,934257.492635465,26.7862355413757
WBT,2025-03-22,28.674362518093,29.0643653483109,28.6506793382089,29.0048923376512,12105708.7419135,418689.4191,12.1057087419135
WBT,2025-03-23,29.0048923376512,29.0661364382403,28.8114412029806,29.0030152493522,14814926.3276045,511968.59530988,14.8149263276045
WBT,2025-03-24,29.0030152493522,29.4928357635112,28.9158730896899,29.3493176049404,24481485.3442418,836573.610322,24.4814853442418
WBT,2025-03-25,29.3493176049404,29.4815480028436,29.2108999356586,29.2837684374789,26728833.4209211,910769.6265,26.7288334209211
WBT,2025-03-26,29.2837684374789,29.4029545583107,29.0527514941577,29.1496338223841,23696179.3222223,810337.956672056,23.6961793222223
WBT,2025-03-27,29.1496338223841,29.3753775170329,29.1119539519702,29.2554385059992,22008730.562043,752082.108202087,22.008730562043
WBT,2025-03-28,29.2554385059992,29.2910641814492,28.8780064416583,28.9201911471812,26944613.5361226,928982.4201,26.944613536122603
WBT,2025-03-29,28.9201911471812,28.9474665440499,28.2340154886511,28.2916275007555,17715984.0460946,619766.7066524,17.7159840460946
WBT,2025-03-30,28.2916275007555,28.6108915539583,28.2853491481875,28.5074545943439,13509332.554973,474369.47952617,13.509332554973001
WBT,2025-03-31,28.5074545943439,28.5302335066139,28.2815607266187,28.3072383844529,33732699.9686582,1189183.90543286,33.7326999686582
WBT,2025-04-01,28.3072383844529,28.513886873826,28.1829556284906,28.2519726052856,30846805.0996094,1089695.83449872,30.8468050996094
WBT,2025-04-02,28.2519726052856,28.2867701561995,27.6510267760968,27.6845567926355,53496843.0168497,1907903.87300318,53.496843016849695
WBT,2025-04-03,27.6845567926355,27.9972998243681,27.5774814392874,27.749040889522,43276133.6166347,1556788.74377983,43.276133616634695
WBT,2025-04-04,27.749040889522,27.9785829521888,27.4689259738033,27.5538923469592,50757975.6197755,1834314.48489073,50.75797561977549
WBT,2025-04-05,27.5538923469592,28.1743177477963,27.3589596506571,28.1411322616907,17401324.8231876,626713.59811332,17.4013248231876
WBT,2025-04-06,28.1411322616907,28.1836563558085,27.4949662545602,27.5962166017662,37915166.3862525,1364400.81730373,37.9151663862525
WBT,2025-04-07,27.5962166017662,28.3332936016388,27.2257296227647,27.9972728782254,116423804.743502,4183072.42558078,116.423804743502
WBT,2025-04-08,27.9972728782254,28.1172439881657,27.5636330563525,27.5885478238894,50026329.5635912,1793976.19496885,50.0263295635912
WBT,2025-04-09,27.5885478238894,28.2982482348572,27.4410174313195,28.1442617564277,88434022.368824,3173980.90031203,88.434022368824
WBT,2025-04-10,28.1442617564277,28.1805328163775,27.7294119588447,27.9329427147155,45998551.6281316,1643243.04581974,45.9985516281316
WBT,2025-04-11,27.9329427147155,28.2378684656003,27.8062738631973,28.0327424040907,39779785.2924757,1419084.51088243,39.7797852924757
WBT,2025-04-12,28.0327424040907,28.0980635056815,27.7494027032418,27.8787720124306,21889899.2186245,782968.4511,21.8898992186245
WBT,2025-04-13,27.8787720124306,27.9775485183125,27.635097875735,27.7641139426517,22368840.4182555,805282.61694296,22.368840418255502
WBT,2025-04-14,27.7641139426517,27.9927396994633,27.7423814174097,27.8792810807383,28286727.5284709,1015153.3837,28.2867275284709
WBT,2025-04-15,27.8792810807383,28.0478454306675,27.7182548583372,27.7539573549244,27062443.2662508,970873.9475,27.0624432662508
WBT,2025-04-16,27.7539573549244,27.9566151859457,27.6947628763673,27.8254705707065,29384641.2528248,1056283.48182687,29.3846412528248
WBT,2025-04-17,27.8254705707065,27.939629610514,27.7104621508255,27.8694941372995,17711659.3518564,636041.6237,17.7116593518564
WBT,2025-04-18,27.8694941372995,27.9116901054107,27.8086839208264,27.8967206844385,8642842.90382446,310282.30710371,8.64284290382446
WBT,2025-04-19,27.8967206844385,28.0975066894045,27.8737596319271,27.9697864456841,9016313.21809742,321878.673681185,9.016313218097421
WBT,2025-04-20,27.9697864456841,28.1984838312619,27.9034987581719,28.1572349051785,9431626.76116687,336765.6776,9.431626761166871
WBT,2025-04-21,28.1572349051785,28.367628860709,28.1466234528048,28.3102297040662,27525920.9225265,974687.23774492,27.525920922526502
WBT,2025-04-22,28.3102297040662,28.6768269087285,28.2845703454726,28.5489967651018,33764666.0490102,1184851.88754945,33.7646660490102
WBT,2025-04-23,28.5489967651018,28.7402029087948,28.3762669316543,28.6895359771295,30161942.0823669,1056049.04567613,30.1619420823669
WBT,2025-04-24,28.6895359771295,28.8328601682805,28.5636623688121,28.8204498898575,20022642.9622742,697991.85205985,20.0226429622742
WBT,2025-04-25,28.8204498898575,29.1687360456436,28.7989881013436,29.0918442253293,23097327.2932475,796271.389320727,23.0973272932475
WBT,2025-04-26,29.0918442253293,29.3596252906271,29.0869230333283,29.3202904359929,10567280.9524272,361148.075117302,10.567280952427199
WBT,2025-04-27,29.3202904359929,29.3872927362794,29.1191365143043,29.1491868428969,9150235.564114,313025.00030006,9.150235564114
WBT,2025-04-28,29.1491868428969,29.4398730141259,29.1074532972833,29.4325503913199,23714429.3013897,810114.93391497,23.714429301389703
WBT,2025-04-29,29.4325503913199,29.5276313010661,29.0268444187462,29.0957344672003,20870197.0470658,712404.030691457,20.870197047065798
WBT,2025-04-30,29.0957344672003,29.1980736978704,28.8759256597603,28.8918822879296,15751407.6049359,542647.837262,15.751407604935899
WBT,2025-05-01,28.8918822879296,29.4788446281475,28.8846678646819,29.3088649149326,20670503.8942913,706063.51701425,20.6705038942913
WBT,2025-05-02,29.3088649149326,29.3720816495928,28.9488107067057,28.9767854596515,18432478.0134203,630548.747085059,18.432478013420297
WBT,2025-05-03,28.9767854596515,28.9871148843475,28.8051041395457,28.8351291791367,8717564.45792064,301710.550816763,8.717564457920641
WBT,2025-05-04,28.8351291791367,28.8509863800259,28.4894648634813,28.5059334791136,8629503.72629059,301249.66625119,8.62950372629059
WBT,2025-05-05,28.5059334791136,28.6551252394969,28.4651116804386,28.599686483228,16156552.3170819,565631.4366,16.1565523170819
WBT,2025-05-06,28.599686483228,28.6361946986952,28.2247444280362,28.3302725208076,18976230.0761869,668822.77362456,18.976230076186898
WBT,2025-05-07,28.3302725208076,28.8180135653138,28.0922118200889,28.5752192875097,27320314.5642999,957829.27674804,27.3203145642999
WBT,2025-05-08,28.5752192875097,30.4722722077375,28.5204331122046,30.3754090650435,48076307.3958055,1631443.26206022,48.0763073958055
WBT,2025-05-09,30.3754090650435,30.4537346325789,30.116420048839,30.2787996143377,34111374.8211988,1125773.0952,34.1113748211988
WBT,2025-05-10,30.2787996143377,30.4134532062133,30.1163690551902,30.2442933680716,17800235.995381,588188.710380568,17.800235995381
WBT,2025-05-11,30.2442933680716,30.3771749381676,30.0707916150862,30.1569691782225,20636827.8760044,684010.2456,20.6368278760044
WBT,2025-05-12,30.1569691782225,30.4054884210783,30.0757757894868,30.2285254551527,37291093.8622646,1233385.45992687,37.2910938622646
WBT,2025-05-13,30.2285254551527,30.3006892890677,30.1065753246585,30.1840787886544,33564955.7147405,1111698.453,33.5649557147405
WBT,2025-05-14,30.1840787886544,30.361448488684,30.0577200824119,30.3408547808922,21919204.6872563,726176.7488,21.9192046872563
WBT,2025-05-15,30.3408547808922,30.4253924019004,30.1678557513406,30.2596487230319,30340750.138376,1002169.731,30.340750138376002
WBT,2025-05-16,30.2596487230319,30.3576729511938,30.1090812782968,30.1285664228789,26536809.52901,877888.9137,26.53680952901
WBT,2025-05-17,30.1285664228789,30.2102145988062,30.0689365404309,30.1390541278187,16480040.8967167,546899.5702,16.4800408967167
WBT,2025-05-18,30.1390541278187,30.5590362785221,30.1254504735023,30.3211227242753,24340448.8791418,803128.7919,24.3404488791418
WBT,2025-05-19,30.3211227242753,30.3861645265638,29.9911023011814,30.2239048231107,42390095.6329158,1404916.6491,42.3900956329158
WBT,2025-05-20,30.2239048231107,30.323966106845,30.0887453736153,30.228552727743,35448453.9427685,1173241.3771,35.4484539427685
WBT,2025-05-21,30.228552727743,30.5747162017779,30.0804214945608,30.1380608919936,60792287.7273068,2007603.185,60.7922877273068
WBT,2025-05-22,30.1380608919936,32.0362559465237,30.0800184531283,31.838309485397,73523871.1665328,2371273.54179846,73.5238711665328
WBT,2025-05-23,31.838309485397,32.0624804130403,31.68311543551,31.7525329072798,60139666.1909111,1886749.26931122,60.1396661909111
WBT,2025-05-24,31.7525329072798,31.9357430423049,31.6614280976602,31.7045609036244,29700251.1062474,931671.860028873,29.7002511062474
WBT,2025-05-25,31.7045609036244,32.3392810058508,31.5982076287973,32.2983097443496,24016646.1664193,751373.264115079,24.016646166419303
WBT,2025-05-26,32.2983097443496,32.4180429299533,32.0259043036338,32.0713076205743,24577141.0517485,762334.7662,24.577141051748498
WBT,2025-05-27,32.0713076205743,32.1011038304805,31.7362252950149,31.7750300767417,28545332.2873503,893502.314357824,28.545332287350302
WBT,2025-05-28,31.7750300767417,31.8279138631458,31.3319307544683,31.5240695679618,26506470.6168043,838943.92758818,26.5064706168043
WBT,2025-05-29,31.5240695679618,31.5518077661609,31.0259513517069,31.0528789990013,32352487.1465085,1031773.01706394,32.3524871465085
WBT,2025-05-30,31.0528789990013,31.5608283757157,30.9368241208081,31.1980682526336,48879544.0703138,1563984.9476553,48.8795440703138
WBT,2025-05-31,31.1980682526336,31.2448378034875,30.9944104740224,31.1636574191997,18723638.1061833,601390.425602598,18.7236381061833
WBT,2025-06-01,31.1636574191997,31.192063817545,30.97175428868,31.1490446696505,11335312.0797812,364630.5291,11.3353120797812
WBT,2025-06-02,31.1490446696505,31.3178310177594,30.8971647807751,31.317445693255,26639039.1584927,855768.001868381,26.6390391584927
WBT,2025-06-03,31.317445693255,31.4891930138692,31.2061902722824,31.2924700877636,25521289.1828106,813754.940922686,25.5212891828106
WBT,2025-06-04,31.2924700877636,31.347122687506,31.1752480253328,31.2029702436588,22571396.864145,721972.695696967,22.571396864145
WBT,2025-06-05,31.2029702436588,31.472027072162,30.8390883831709,30.9243355639687,35923781.1649221,1152295.7186,35.923781164922104
WBT,2025-06-06,30.9243355639687,31.5449232999168,30.8846228772246,31.3402966658853,24215182.1773927,774206.91667508,24.2151821773927
WBT,2025-06-07,31.3402966658853,31.5248933488645,31.2877465039823,31.3626746800697,17046002.6396031,542281.0305,17.0460026396031
WBT,2025-06-08,31.3626746800697,31.3781374669245,31.2033906952932,31.2231633417884,8991560.48128583,287214.037998022,8.991560481285829
WBT,2025-06-09,31.2231633417884,31.756224601081,31.1968106331283,31.6600408162436,24945830.3514612,792972.717926957,24.945830351461197
WBT,2025-06-10,31.6600408162436,31.6622847920513,31.2685163689714,31.348495977263,92390664.280177,2937568.25236285,92.39066428017699
WBT,2025-06-11,31.348495977263,32.035478586925,31.1825863356284,31.9841916346638,97362219.5009837,3088107.11722392,97.3622195009837
WBT,2025-06-12,31.9841916346638,34.2816863813623,31.9223270199488,34.0077356461887,89242770.8992652,2713584.87910974,89.2427708992652
WBT,2025-06-13,34.0077356461887,37.5331024724772,33.519021950664,37.5019317697303,124098689.074869,3573084.60528318,124.098689074869
WBT,2025-06-14,37.5019317697303,39.7199246389935,37.4777745144732,39.6554160213581,53141907.5432988,1371816.5540586,53.14190754329881
WBT,2025-06-15,39.6554160213581,40.0791592127456,38.8269080703055,39.5761483700931,52013234.2884556,1317278.71562487,52.0132342884556
WBT,2025-06-16,39.5761483700931,51.874960994846,39.4985476888354,51.5042536467755,96106138.7042769,2010283.53138173,96.1061387042769
WBT,2025-06-17,51.5042536467755,51.5995088194266,47.3912349077263,48.0747363419792,137140730.488702,2767798.71176735,137.140730488702
WBT,2025-06-18,48.0747363419792,49.3035984185242,47.3335582369217,49.2565694306115,85438347.7557705,1764632.08808883,85.43834775577051
WBT,2025-06-19,49.2565694306115,49.5533731473114,49.1233484603803,49.2272598698838,38807881.8883162,787423.807299163,38.807881888316196
WBT,2025-06-20,49.2272598698838,49.5638793376351,48.8143910585446,48.9160604455917,48245246.070093,980993.19699739,48.245246070092996
WBT,2025-06-21,48.9160604455917,49.1005387487643,48.3254709711109,48.4742930007667,32958836.2071483,676164.452889142,32.9588362071483
WBT,2025-06-22,48.4742930007667,48.5796159771427,47.8724951451873,48.1977187300017,68864679.0356525,1428667.14277254,68.8646790356525
WBT,2025-06-23,48.1977187300017,48.2814586233472,47.3815403639161,47.8555235117438,80415721.3780878,1681560.55970072,80.41572137808781
WBT,2025-06-24,47.8555235117438,48.4601192933127,47.7187722468125,48.0134866425321,55501142.4082709,1156461.13638825,55.5011424082709
WBT,2025-06-25,48.0134866425321,48.0612862795672,47.8283090689153,47.8884395299117,45690423.3477815,952726.973530475,45.690423347781504
WBT,2025-06-26,47.8884395299117,47.9891015826871,47.2745872422446,47.551177789084,37622987.9291334,789874.244731663,37.6229879291334
WBT,2025-06-27,47.551177789084,47.7588307838452,45.1625438917033,46.0606012561812,46149115.0078268,991582.093651654,46.1491150078268
WBT,2025-06-28,46.0606012561812,47.3499377647584,45.9820295278866,47.1372084507812,23249422.0071905,498707.68792061,23.2494220071905
WBT,2025-06-29,47.1372084507812,47.4166681835796,46.4951222798567,46.8899293864139,24811727.7460405,527948.449636103,24.8117277460405
WBT,2025-06-30,46.8899293864139,46.9743483641685,43.4865516540459,44.3254134103549,73969660.7595157,1632974.32033068,73.9696607595157
WBT,2025-07-01,44.3254134103549,44.75638760747,41.8019768476835,43.8997154435689,91191863.4915226,2079539.53937605,91.1918634915226
WBT,2025-07-02,43.8997154435689,44.2002063132446,43.4145594411963,43.5867400818874,68094017.231486,1557193.27442126,68.09401723148599
WBT,2025-07-03,43.5867400818874,44.1231370601966,43.5289437217281,43.7036764633215,54598807.3706844,1249870.9197,54.5988073706844
WBT,2025-07-04,43.7036764633215,45.0301724821073,43.4253918240959,44.8127151334699,34403594.4717719,775093.95919035,34.4035944717719
WBT,2025-07-05,44.8127151334699,45.7636540728396,44.7163526019063,45.137539445174,20904300.25379,463353.89365594,20.904300253789998
WBT,2025-07-06,45.137539445174,45.2260913659012,44.8508749422292,44.964603169702,23338084.1206173,518567.8080108,23.3380841206173
WBT,2025-07-07,44.964603169702,45.0433447162908,44.4766025397308,44.9056260649451,51833064.1966529,1156287.867628,51.8330641966529
WBT,2025-07-08,44.9056260649451,44.95821728335,44.667549827015,44.7642428326449,35141963.1756158,784459.460005414,35.1419631756158
WBT,2025-07-09,44.7642428326449,46.8502330607874,44.6339463020608,46.4783753670413,47770805.9076822,1044976.50927101,47.7708059076822
WBT,2025-07-10,46.4783753670413,46.7150827448985,46.2083039068385,46.4693123713027,40576905.7556491,873399.7391,40.5769057556491
WBT,2025-07-11,46.4693123713027,46.7505230178069,46.3650868445248,46.4680996648571,47301301.4270948,1016028.97664467,47.3013014270948
WBT,2025-07-12,46.4680996648571,46.7960688601968,45.7366055846141,46.0041306463844,24016557.0799882,519345.20445506,24.0165570799882
WBT,2025-07-13,46.0041306463844,46.1770430337038,45.9508444996122,46.1478822531037,18291765.8604767,396907.5598,18.291765860476698
WBT,2025-07-14,46.1478822531037,46.4614812171334,45.5907653933349,45.624035328934,45375517.7186483,985584.719176,45.3755177186483
WBT,2025-07-15,45.624035328934,45.8125324217554,43.5594132049421,44.1525264673346,132154993.151298,2954858.19035157,132.15499315129802
WBT,2025-07-16,44.1525264673346,45.2062917999987,43.8924596845356,44.8556695335528,125347778.17337,2814511.75341273,125.34777817337
WBT,2025-07-17,44.8556695335528,45.6402458538449,44.5508333460731,45.1557480582946,124537590.613029,2767823.66727324,124.537590613029
WBT,2025-07-18,45.1557480582946,45.90109845027,43.6091981698737,43.9762140875338,136743722.265975,3046675.38180315,136.743722265975
WBT,2025-07-19,43.9762140875338,44.2583231689449,43.8185193207447,44.0878964210964,67631845.8274635,1535341.72871559,67.6318458274635
WBT,2025-07-20,44.0878964210964,44.8357988261171,44.0110016730732,44.3666581498671,63416017.6350981,1427689.59730009,63.4160176350981
WBT,2025-07-21,44.3666581498671,44.8954960438213,43.9100497902261,44.2070117259723,88329927.4741107,1988295.18472766,88.32992747411069
WBT,2025-07-22,44.2070117259723,44.8116303352744,43.7136651627119,44.7720471241758,94778272.0600407,2140496.27751722,94.77827206004069
WBT,2025-07-23,44.7720471241758,44.8202277998447,43.4703432323632,44.0411959815875,74754736.3452528,1698095.54286099,74.7547363452528
WBT,2025-07-24,44.0411959815875,44.4793727795015,43.3659314886547,44.025724966932,76714538.8257397,1742430.38912869,76.7145388257397
WBT,2025-07-25,44.025724966932,44.0590890426669,42.8512333970185,43.8255831235748,94509505.0825944,2182239.43666968,94.5095050825944
WBT,2025-07-26,43.8255831235748,44.204032456019,43.6320244967579,44.0225659647296,35073266.3083967,798682.271257355,35.0732663083967
WBT,2025-07-27,44.0225659647296,44.6813528947382,43.9792840413032,44.5883683827974,39224776.0074342,884136.08421311,39.224776007434194
WBT,2025-07-28,44.5883683827974,44.7479832865426,43.6302589449589,43.8685086180929,73815481.3385238,1670171.06836799,73.81548133852381
WBT,2025-07-29,43.8685086180929,44.4218228103751,43.4232378472059,43.7924606994397,65390040.2405816,1489502.28414618,65.3900402405816
WBT,2025-07-30,43.7924606994397,44.0146992183497,43.0874243216129,43.86924901815,65216772.8475312,1492669.12264108,65.2167728475312
WBT,2025-07-31,43.86924901815,44.2892273860495,42.9445164740893,43.0212017253944,62659343.0447394,1431494.17638495,62.6593430447394
WBT,2025-08-01,43.0212017253944,43.1842628319925,41.8765032355171,42.0992298954469,107996073.003309,2533416.26744333,107.996073003309
WBT,2025-08-02,42.0992298954469,42.4259666270946,41.5859165095545,41.6960805495878,68499420.5006567,1630973.41963291,68.4994205006567
WBT,2025-08-03,41.6960805495878,42.5460510636859,41.5247642194416,42.3762734458279,41891843.6386574,994683.3319,41.8918436386574
WBT,2025-08-04,42.3762734458279,42.6923008006718,42.3410095543509,42.5576321133118,18680987.0282812,439169.15969584,18.6809870282812
