symbol,date,open,high,low,close,usd_volume,crypto_volume,usd_volume_mil
XMR,2020-02-13,94.6998450469152,95.2352417888143,90.1585230252948,92.3173330386956,37080540.5410066,400795.34185353,37.080540541006606
XMR,2020-02-14,92.3173330386956,95.1413106334151,90.8327186867479,95.1043676727637,26262224.9770886,281751.27723583,26.2622249770886
XMR,2020-02-15,95.1043676727637,96.6449688057657,86.7241991226691,89.1041613732546,29830614.4279585,321182.76151007,29.8306144279585
XMR,2020-02-16,89.1041613732546,91.9724191428526,79.9419843448038,87.9529341197646,31385933.7331696,359075.07357065,31.3859337331696
XMR,2020-02-17,87.9529341197646,88.9312631823731,79.6156711812304,82.488579630961,33030414.5993127,394515.23191237,33.0304145993127
XMR,2020-02-18,82.488579630961,87.2859462829045,81.3118020515881,86.3497385940008,28817221.9494735,342387.30056346,28.8172219494735
XMR,2020-02-19,86.3497385940008,87.275482696066,76.7805074198411,77.814451261958,23462836.134747,278371.05091293,23.462836134746997
XMR,2020-02-20,77.814451261958,78.9931804244419,75.1123104293228,76.5384973566499,26180534.5670639,338412.11662289,26.1805345670639
XMR,2020-02-21,76.5384973566499,81.9951417185191,75.8329250608269,80.2676872503096,29211965.8558634,367705.56584664,29.2119658558634
XMR,2020-02-22,80.2676872503096,82.8873727290833,78.2931569279771,79.1080789463683,24065718.5619602,299274.58380882,24.065718561960203
XMR,2020-02-23,79.1080789463683,85.7013957644945,79.0813159374566,85.4174841572376,20627382.4501447,248360.8590454,20.6273824501447
XMR,2020-02-24,85.4174841572376,86.4711680555576,77.1143086665894,79.1811790611092,26162942.4696319,321838.19870938,26.1629424696319
XMR,2020-02-25,79.1811790611092,82.150415446724,75.6364969354889,76.5595476647675,23235238.4757745,296368.07036009,23.2352384757745
XMR,2020-02-26,76.5595476647675,77.9262132217651,68.6457118103869,70.6810381138427,24723914.3158039,339833.78303786,24.7239143158039
XMR,2020-02-27,70.6810381138427,72.6351358030804,66.8534025616019,70.2668383463742,23377258.6336292,333588.67368749,23.3772586336292
XMR,2020-02-28,70.2668383463742,71.5424582582559,66.1468942955486,68.5998657828911,18388996.3623743,267531.02699171,18.3889963623743
XMR,2020-02-29,68.5998657828911,69.3125329052435,66.0789405434375,66.0789405434375,17407709.9899007,255990.23318205,17.407709989900702
XMR,2020-03-01,66.0789405434375,67.8278236015855,63.4903997488602,64.6591181983871,18799051.7697669,285774.18283026,18.7990517697669
XMR,2020-03-02,64.6591181983871,69.3284878910256,64.4772527096725,68.8864201834973,20515906.1649541,304622.96492947,20.5159061649541
XMR,2020-03-03,68.8864201834973,68.9936300723329,65.2367680629021,66.0111624330126,18577787.9023298,277125.76080607,18.5777879023298
XMR,2020-03-04,66.0111624330126,68.0645066545297,64.9887086120579,65.8222831797929,16024416.3118535,241074.35625655,16.0244163118535
XMR,2020-03-05,65.8222831797929,70.135666895331,65.8222831797929,68.5842255116038,14817280.2029007,215478.43720846,14.817280202900701
XMR,2020-03-06,68.5842255116038,69.807166233017,67.7911793837422,69.2628232417835,18609900.3308474,271269.84333896,18.609900330847402
XMR,2020-03-07,69.2628232417835,69.369119636772,65.3881200138091,65.6895483716861,16622288.0859757,245586.59537666,16.6222880859757
XMR,2020-03-08,65.6895483716861,65.6895483716861,55.8554073727685,56.4777629247825,19313647.6236717,314860.06663795,19.3136476236717
XMR,2020-03-09,56.4777629247825,57.5168744976519,52.3295242804568,55.6214344971497,21613700.3463103,391524.03229258,21.6137003463103
XMR,2020-03-10,55.6214344971497,56.8834444681918,53.8767338044761,54.9107231504391,18344768.0823046,331558.73942971,18.3447680823046
XMR,2020-03-11,54.9107231504391,56.0005405994824,51.1733969097133,54.2172449574616,16080444.5205379,296534.34448615,16.0804445205379
XMR,2020-03-12,54.2172449574616,54.3855164711298,31.7560867744467,32.4655762199725,27162092.4801754,643299.86552778,27.1620924801754
XMR,2020-03-13,32.4655762199725,40.7219241600427,26.0762420211031,37.1924692160905,20723970.079936,596159.8831553,20.723970079936002
XMR,2020-03-14,37.1924692160905,40.1518215860474,35.4367372143118,36.1753041836841,13638187.3000422,360897.99495016,13.638187300042201
XMR,2020-03-15,36.1753041836841,41.1928546088473,35.7815156232632,38.0032301092597,10371664.7907963,276931.46070531,10.3716647907963
XMR,2020-03-16,38.0032301092597,38.4555464245647,29.2976798837549,34.0925790173819,17787245.4511166,536867.32726539,17.7872454511166
XMR,2020-03-17,34.0925790173819,37.4048134639266,33.6736358054317,36.1307263362604,13969093.8978173,387703.5036952,13.9690938978173
XMR,2020-03-18,36.1307263362604,37.0330647567466,33.8076878189454,36.9152138149564,14525807.1801178,406819.22656531,14.5258071801178
XMR,2020-03-19,36.9152138149564,42.6700652799033,36.1583995031035,40.9253815909864,17282046.7320833,442650.23908657,17.2820467320833
XMR,2020-03-20,40.9253815909864,45.1577394623561,36.7119432344716,40.1777318277675,16388640.4151999,393475.05461226,16.3886404151999
XMR,2020-03-21,40.1777318277675,42.4839048256057,38.4442332661788,41.0115731484091,14380556.0522066,355153.15990934,14.3805560522066
XMR,2020-03-22,41.0115731484091,42.3226648792179,37.9247768831949,38.2016364235337,16051128.4600578,394735.86966641,16.0511284600578
XMR,2020-03-23,38.2016364235337,44.2867666332512,37.7564608827618,44.222673683278,16999841.6495375,415519.9846666,16.9998416495375
XMR,2020-03-24,44.222673683278,47.476130375287,43.3248567283719,47.1204309535322,21032317.8752649,462396.17706351,21.0323178752649
XMR,2020-03-25,47.1204309535322,47.9755173913616,45.2340795561047,46.7868787338436,20739122.5779821,448176.0862221,20.7391225779821
XMR,2020-03-26,46.7868787338436,50.6986303186977,46.7868787338436,49.7743116471471,27911230.0645962,568416.66125521,27.9112300645962
XMR,2020-03-27,49.7743116471471,51.0202611819671,47.5162058302655,47.6571863290443,24928982.1881032,503027.4665791,24.9289821881032
XMR,2020-03-28,47.6571863290443,47.8862671588198,44.8945976063987,46.8262517538903,20730967.6190942,446098.25523745,20.7309676190942
XMR,2020-03-29,46.8262517538903,47.0789580209276,43.329934088462,43.6742565285268,17585969.3755644,386128.28700679,17.5859693755644
XMR,2020-03-30,43.6742565285268,47.360732588194,43.5529486449818,46.1115107858648,20692707.6246312,449525.7178887,20.6927076246312
XMR,2020-03-31,46.1115107858648,47.791431545548,46.0607238166539,47.3812282987229,22895948.2743488,488356.94463784,22.8959482743488
XMR,2020-04-01,47.3812282987229,48.642650835967,45.9705636501887,48.2538850293938,17888644.4613541,382393.89043185,17.8886444613541
XMR,2020-04-02,48.2538850293938,52.2823724057209,47.6755277147623,50.2507365711892,18901490.7827484,383756.16393427,18.9014907827484
XMR,2020-04-03,50.2507365711892,54.2572563607664,49.9989720426819,52.829571067645,24086262.502054,458016.142409885,24.086262502053998
XMR,2020-04-04,52.829571067645,55.1433453080555,52.002610656239,54.0100769245849,24707138.5121362,459885.146012443,24.707138512136197
XMR,2020-04-05,54.0100769245849,54.2089820288985,52.3341160242236,52.9993703097018,22161455.3639048,415104.912043928,22.1614553639048
XMR,2020-04-06,52.9993703097018,58.8107989403872,52.9796046922564,58.6979164489859,25769599.5471288,457071.688220858,25.7695995471288
XMR,2020-04-07,58.6979164489859,59.9795222458876,54.6413243217224,55.5844076610107,28862943.13257,502501.441617804,28.86294313257
XMR,2020-04-08,55.5844076610107,58.0052489348544,55.1900910569773,57.2754380813734,22124605.5463611,389964.39125488,22.1246055463611
XMR,2020-04-09,57.2754380813734,58.6337385238172,55.879535683723,57.9862545286949,18644581.1342962,324382.2330825,18.6445811342962
XMR,2020-04-10,57.9862545286949,58.0311661486394,52.1878065900339,53.253769506436,20977352.4219298,384043.96454433,20.977352421929798
XMR,2020-04-11,53.253769506436,54.4762476284982,52.0630853365476,53.3358846839083,17469529.4641068,327439.488663125,17.4695294641068
XMR,2020-04-12,53.3358846839083,55.2725112646647,52.5496513641522,53.4824530505351,18467968.1596634,343538.949177532,18.4679681596634
XMR,2020-04-13,53.4824530505351,53.4824530505351,51.0516676291014,52.8939043546479,20663555.5628413,396721.438291355,20.6635555628413
XMR,2020-04-14,52.8939043546479,54.888017356101,52.4472331834829,53.9698876532176,20348796.3119651,379143.065678506,20.3487963119651
XMR,2020-04-15,53.9698876532176,54.750788680582,52.7829951842278,52.8356432936617,21827915.904426,403978.20744053,21.827915904426
XMR,2020-04-16,52.8356432936617,57.2178288996214,51.5929700716644,56.7044816150963,21654849.1601424,392753.56088632,21.6548491601424
XMR,2020-04-17,56.7044816150963,57.0460878688741,55.6454230657569,55.833110030175,20459826.7829724,363463.98168926,20.4598267829724
XMR,2020-04-18,55.833110030175,58.3308341526788,55.6311724770972,57.5533309206597,19065777.8518653,334232.718661604,19.0657778518653
XMR,2020-04-19,57.5533309206597,58.0575614087358,56.2599948792522,56.7270795766616,20907087.0835211,364738.14952792,20.907087083521102
XMR,2020-04-20,56.7270795766616,57.8910409873641,54.0707081820312,54.6237803424031,23000807.8377994,406195.492733226,23.0008078377994
XMR,2020-04-21,54.6237803424031,55.4522466091199,53.9318020541854,54.957195315018,24010576.8269335,438170.10113987,24.010576826933498
XMR,2020-04-22,54.957195315018,56.9755604376484,54.6126147888266,56.734811270163,19707673.3708129,352816.67057334,19.707673370812902
XMR,2020-04-23,56.734811270163,60.3059401106021,55.926256730643,58.6374374126541,17846508.581312,307109.187597383,17.846508581312
XMR,2020-04-24,58.6374374126541,61.6917389865334,58.3557099150271,60.2781390985684,23473424.720226,389881.09711303,23.473424720226
XMR,2020-04-25,60.2781390985684,61.7142654516974,59.5915203646683,60.2893267469115,19396358.1049106,319851.965860533,19.3963581049106
XMR,2020-04-26,60.2893267469115,61.4804162701089,59.7682643931724,60.9243129617004,19430183.57457,320103.831755195,19.430183574570002
XMR,2020-04-27,60.9243129617004,62.040219288033,60.7492663160336,62.040219288033,18456023.2072213,300641.361279564,18.4560232072213
XMR,2020-04-28,62.040219288033,63.5152851781584,61.1469766254212,62.0441199916619,21624210.6064654,347624.23097991,21.6242106064654
XMR,2020-04-29,62.0441199916619,66.7032980722289,61.5340239106272,66.1368179973154,27093472.7270631,420092.01820735,27.0934727270631
XMR,2020-04-30,66.1368179973154,68.1594446486069,61.2000788115096,62.16533952696,27826900.9662238,431759.37851361,27.8269009662238
XMR,2020-05-01,62.16533952696,64.8931057383558,62.16533952696,63.403258139899,22822149.1266488,357550.92374196,22.8221491266488
XMR,2020-05-02,63.403258139899,64.8824013653163,63.3355755747202,64.4872957034784,16108316.023903,251283.02110402,16.108316023903
XMR,2020-05-03,64.4872957034784,64.9189920664112,61.8944086599537,62.3599042648224,15884521.9852276,250288.35692569,15.8845219852276
XMR,2020-05-04,62.3599042648224,62.5675149740088,58.5988413754349,60.935117503999,19001218.4070012,316363.90141924,19.0012184070012
XMR,2020-05-05,60.935117503999,61.9015287128149,59.7112330813852,60.3349340274453,19508474.8429046,321209.038645462,19.5084748429046
XMR,2020-05-06,60.3349340274453,61.8313267374168,57.7435366626758,57.8148486171533,23405815.251283,387809.64646875,23.405815251283002
XMR,2020-05-07,57.8148486171533,64.7168749507555,57.4105468199993,64.4399380215037,27726066.9045159,455882.18132609,27.7260669045159
XMR,2020-05-08,64.4399380215037,65.6261882780585,63.0390081772383,63.2746456845771,26099067.7647617,404839.69835494,26.099067764761703
XMR,2020-05-09,63.2746456845771,64.5860417753102,62.5294806608393,62.7620033706586,20364350.5686082,318820.401710332,20.3643505686082
XMR,2020-05-10,62.7620033706586,62.8127819754277,54.1929696247351,58.7367187621644,20955183.7502662,363464.682678966,20.9551837502662
XMR,2020-05-11,58.7367187621644,61.6663562495073,56.061966707696,59.2566888362338,24495903.5888621,414265.756046597,24.4959035888621
XMR,2020-05-12,59.2566888362338,62.016508571809,59.047834949236,61.3522487764489,20663798.1905293,339867.317245386,20.663798190529302
XMR,2020-05-13,61.3522487764489,66.0831844477227,61.2515762169002,64.9164937065721,23126618.2877678,362402.664639413,23.1266182877678
XMR,2020-05-14,64.9164937065721,67.4107991982201,62.9225039962989,66.1526183873679,26335786.9207192,409159.460236715,26.335786920719197
XMR,2020-05-15,66.1526183873679,67.5915432041838,62.4708600837004,62.6893705383489,20759527.2739834,321649.027784646,20.7595272739834
XMR,2020-05-16,62.6893705383489,65.9609157723742,62.0887821572002,65.5144031334951,19107503.3147667,297859.656065419,19.107503314766703
XMR,2020-05-17,65.5144031334951,67.2014041808296,64.8202321941719,65.1713167139748,19508016.6437923,297234.212943015,19.508016643792303
XMR,2020-05-18,65.1713167139748,67.7262160024438,65.1372703175672,67.3819074428863,22879872.7551746,343324.553689364,22.8798727551746
XMR,2020-05-19,67.3819074428863,67.7254371200778,65.3543165877514,66.7387393480818,23900890.1623431,359711.308444129,23.9008901623431
XMR,2020-05-20,66.7387393480818,67.0600914675484,63.7117665308181,64.8116285802846,21816515.5020514,331339.772527409,21.8165155020514
XMR,2020-05-21,64.8116285802846,65.1583991717908,60.1832392234012,61.7822129673008,21654821.2749565,343764.822404,21.654821274956497
XMR,2020-05-22,61.7822129673008,63.7712843307479,61.2213049923021,63.1520770896738,21422580.3810313,342458.364180004,21.422580381031302
XMR,2020-05-23,63.1520770896738,65.0686916196496,62.8238176000339,63.5892698351912,19395103.1088707,304426.03672037,19.3951031088707
XMR,2020-05-24,63.5892698351912,63.7819110044344,61.0362311698787,61.0362311698787,20610114.3444767,327536.789061236,20.6101143444767
XMR,2020-05-25,61.0362311698787,62.3739771141249,60.2296223590369,61.5247626337964,21295856.8086251,346705.238619314,21.2958568086251
XMR,2020-05-26,61.5247626337964,62.3518621677367,60.8792733535585,61.9139149415339,21538284.5386651,348515.318805629,21.5382845386651
XMR,2020-05-27,61.9139149415339,65.4515194201039,61.4125451382852,64.4897874340161,23831399.0501823,375175.330018025,23.831399050182302
XMR,2020-05-28,64.4897874340161,67.3493483570743,63.1917154253514,67.0815194096948,25745148.1828833,395883.164164014,25.745148182883298
XMR,2020-05-29,67.0815194096948,67.750777322428,65.8191271016582,66.0048339727849,27857657.3579831,418286.472536587,27.8576573579831
XMR,2020-05-30,66.0048339727849,68.4767720655394,65.3516154703799,68.1775901798313,24315978.5231191,362581.851710311,24.3159785231191
XMR,2020-05-31,68.1775901798313,68.5453362631143,64.3444426456629,64.9607578398563,27810866.6504726,414441.24350965,27.8108666504726
XMR,2020-06-01,64.9607578398563,68.2014571349244,63.4060830589151,67.6401886365247,28286151.5332823,430617.524458446,28.2861515332823
XMR,2020-06-02,67.6401886365247,70.127746277837,64.6793820658553,66.7070034732318,27583629.9035366,407360.38982249,27.5836299035366
XMR,2020-06-03,66.7070034732318,68.0876394157322,66.2860419333244,67.0862608798089,22255054.1160811,331258.538118678,22.2550541160811
XMR,2020-06-04,67.0862608798089,68.6118263780875,65.9608443297096,68.1245376358365,17542413.9628148,259484.260580642,17.542413962814802
XMR,2020-06-05,68.1245376358365,69.0493313209033,67.3068882886615,67.4768984497178,13387395.1615439,196207.266971734,13.3873951615439
XMR,2020-06-06,67.4768984497178,68.0474830750475,66.9868496281083,67.6990972026429,11119333.0965882,164344.865133108,11.1193330965882
XMR,2020-06-07,67.6990972026429,68.0803972506431,64.7529532077298,66.4540677393694,11333522.4577123,170183.27093927,11.3335224577123
XMR,2020-06-08,66.4540677393694,68.3218585277296,66.3250085022591,68.2739734716957,12418739.0315434,184628.38816119,12.4187390315434
XMR,2020-06-09,68.2739734716957,68.7782654975796,67.3489514208713,68.0838178667071,10428040.9994058,153306.175017261,10.4280409994058
XMR,2020-06-10,68.0838178667071,69.6735750461626,67.4907775138127,69.6401600488397,10815098.8594435,157934.210489208,10.8150988594435
XMR,2020-06-11,69.6401600488397,70.066098601514,63.4767178331957,63.7064577600836,12862111.1654524,192410.40923857,12.8621111654524
XMR,2020-06-12,63.7064577600836,66.5021473034324,63.1162071417759,65.6803483454443,11552539.5232078,177235.15792937,11.5525395232078
XMR,2020-06-13,65.6803483454443,66.5262747882597,65.0469491652862,66.5262747882597,10295981.014706,156039.79962499,10.295981014706001
XMR,2020-06-14,66.5262747882597,66.5381173942646,64.6271449191272,65.3894854978308,9488413.2389777,144324.1168463,9.488413238977701
XMR,2020-06-15,65.3894854978308,65.6183492386912,61.9299475253572,64.5622901391072,12241320.6410286,192508.795688092,12.241320641028599
XMR,2020-06-16,64.5622901391072,65.9744317208967,64.322341692136,65.9616480095756,11510398.1115735,176184.53888375,11.510398111573501
XMR,2020-06-17,65.9616480095756,66.7065782180838,64.8142959560485,65.0807213607626,13185279.8333979,200496.40758417,13.185279833397901
XMR,2020-06-18,65.0807213607626,65.7867497861255,64.2386783533205,64.841256430249,12798588.4836615,196609.98001164,12.7985884836615
XMR,2020-06-19,64.841256430249,65.2369161309418,63.4500135066006,64.1164218849693,14234474.469576,220904.61930568,14.234474469576
XMR,2020-06-20,64.1164218849693,64.5025380240907,63.4973328622597,64.1082306268822,10920438.1559585,170657.49355811,10.9204381559585
XMR,2020-06-21,64.1082306268822,65.0435528871923,63.9260169325397,64.529332450638,10656456.5109381,165326.17192115,10.656456510938101
XMR,2020-06-22,64.529332450638,66.8787809872622,64.4531672508237,66.1333576793619,17812094.7572202,272433.341311883,17.8120947572202
XMR,2020-06-23,66.1333576793619,67.2849850452364,65.4420980323253,66.8571222127867,21624538.7918751,324905.73605252,21.6245387918751
XMR,2020-06-24,66.8571222127867,67.3565660022239,64.0060222200475,64.8481446980889,16740148.649399,254994.006076,16.740148649399
XMR,2020-06-25,64.8481446980889,65.0677207042749,63.261707795468,64.295460305469,16398458.7158499,254344.30702802,16.398458715849902
XMR,2020-06-26,64.295460305469,64.5064403518339,63.014264218171,63.9990888699776,14614770.1786224,228192.98957277,14.6147701786224
XMR,2020-06-27,63.9990888699776,64.3081762613326,60.3539270414977,62.1046927028097,13794310.6878567,218639.12973856,13.7943106878567
XMR,2020-06-28,62.1046927028097,63.5849494099421,61.8118811649424,63.3059773042655,11639511.8446836,185574.16836892,11.6395118446836
XMR,2020-06-29,63.3059773042655,64.796473592082,62.5112302115156,64.1917051435102,13621763.1631214,214089.00432633,13.6217631631214
XMR,2020-06-30,64.1917051435102,64.5869297949503,63.2804109137214,63.5750804408331,13425668.4673823,210187.15572124,13.4256684673823
XMR,2020-07-01,63.5750804408331,64.6851531847417,63.3349372009882,64.4228862193144,13505972.2471578,211174.501810042,13.5059722471578
XMR,2020-07-02,64.4228862193144,66.627329566102,62.586801302673,65.2427945080823,24768929.9804646,383299.028571961,24.7689299804646
XMR,2020-07-03,65.2427945080823,65.7086066188265,62.5580772845108,62.7214108155919,22793952.901002,354934.776148353,22.793952901002
XMR,2020-07-04,62.7214108155919,64.8215973671413,62.5846585809422,64.2530119443855,16461608.4880417,259325.55726145,16.4616084880417
XMR,2020-07-05,64.2530119443855,64.6530402383926,61.5315967506575,63.3870295713376,18167903.070634,286757.41268218,18.167903070634
XMR,2020-07-06,63.3870295713376,65.0191330797058,62.86830217705,64.9997816049749,20595517.8545713,321605.66538894,20.595517854571302
XMR,2020-07-07,64.9997816049749,65.0875631274824,63.7622924424967,64.698193207251,15921679.6502531,247115.69860229,15.9216796502531
XMR,2020-07-08,64.698193207251,67.3187314086739,64.1998247650858,66.2676497130348,24047709.3637005,363857.60751418,24.047709363700502
XMR,2020-07-09,66.2676497130348,69.2222711073661,65.1264568184803,67.3282551982907,26640335.6031846,397009.673721263,26.6403356031846
XMR,2020-07-10,67.3282551982907,68.3472836080692,65.2369937068236,67.35169931484,30596555.8872106,458059.359108909,30.5965558872106
XMR,2020-07-11,67.35169931484,69.795698642739,67.1945373418207,68.7513767604783,28767132.0376811,420973.38229213,28.767132037681098
XMR,2020-07-12,68.7513767604783,70.2573892523525,68.1918369970638,69.3084641318029,28563088.2035842,411882.8163522,28.5630882035842
XMR,2020-07-13,69.3084641318029,70.052472073192,67.8131354025602,69.1989999522727,25203140.6584938,363263.918417604,25.203140658493798
XMR,2020-07-14,69.1989999522727,69.1989999522727,66.8540556221462,67.8945255108819,22193518.903883,326447.59632774,22.193518903883
XMR,2020-07-15,67.8945255108819,72.4624308450483,67.4707822560814,70.5760971496358,36762336.3159029,528449.59063061,36.76233631590291
XMR,2020-07-16,70.5760971496358,71.4926410262917,66.631602803403,67.7157288723622,33694239.605473,489739.53930807,33.694239605472994
XMR,2020-07-17,67.7157288723622,68.3197207151063,67.0348485167708,67.6271764036077,19335340.1270276,285668.1153179,19.3353401270276
XMR,2020-07-18,67.6271764036077,69.1747895795973,67.1047823364121,68.4334590565181,19729140.6186665,289900.75286769,19.7291406186665
XMR,2020-07-19,68.4334590565181,69.1056301145254,67.7450958520871,68.9501369758488,18353211.3748862,267753.19117904,18.3532113748862
XMR,2020-07-20,68.9501369758488,70.3254426953437,68.8251511918804,69.3510743857578,21001439.6427801,302561.87090496,21.0014396427801
XMR,2020-07-21,69.3510743857578,71.6829623266214,69.1599951008151,69.7306046713968,27582965.081105,390182.61340669,27.582965081105
XMR,2020-07-22,69.7306046713968,71.628039722968,69.3627354972652,71.6104282289746,24460653.9002974,348316.3099678,24.460653900297398
XMR,2020-07-23,71.6104282289746,74.1113873491521,70.9088095735689,73.0772278227426,35704374.0867608,493308.81442723,35.704374086760794
XMR,2020-07-24,73.0772278227426,73.0772278227426,71.4257329983149,71.688628654176,32443582.6556201,449561.44790851,32.443582655620105
XMR,2020-07-25,71.688628654176,74.0058964061147,71.5983718278573,73.6890632880291,22584174.9916797,308967.52777315,22.5841749916797
XMR,2020-07-26,73.6890632880291,78.2367820565777,73.1592067275715,78.1557256531457,31557401.7279192,414543.34652548,31.5574017279192
XMR,2020-07-27,78.1557256531457,79.5964101383369,75.2022616512226,78.5848954673947,46052588.9181629,594774.05687484,46.0525889181629
XMR,2020-07-28,78.5848954673947,83.2984148160409,78.5848954673947,81.3718854456686,51816100.3674836,636552.47397906,51.8161003674836
XMR,2020-07-29,81.3718854456686,82.8561441319834,79.0672487386474,79.1806807195627,40898660.0369054,501500.76241619,40.8986600369054
XMR,2020-07-30,79.1806807195627,82.6084573556063,78.5487092019455,81.0989417761225,29232103.9136699,361311.466632427,29.2321039136699
XMR,2020-07-31,81.0989417761225,84.7399446887897,80.488734145085,84.6942082115924,30686538.5784905,372814.052159921,30.6865385784905
XMR,2020-08-01,84.6942082115924,90.0747975902929,83.5354175786231,89.686723317424,40067183.4969051,463297.61982457,40.0671834969051
XMR,2020-08-02,89.686723317424,90.9967927773958,78.8269916130248,84.9329783671194,45571955.3862224,532908.69277904,45.5719553862224
XMR,2020-08-03,84.9329783671194,89.7003184519071,84.1288513626336,89.0782649159561,36227383.9314896,415233.866848214,36.227383931489605
XMR,2020-08-04,89.0782649159561,89.9279519002996,85.4882904358978,87.2820113676605,35277116.7712485,402827.60100182,35.277116771248494
XMR,2020-08-05,87.2820113676605,90.636910559762,86.1576468984764,90.431992829818,33363349.1343675,377718.900831022,33.363349134367496
XMR,2020-08-06,90.431992829818,96.5287577314856,88.6152072996806,95.5047109965117,46180680.2938238,500358.64024361,46.1806802938238
XMR,2020-08-07,95.5047109965117,95.5155493950042,89.3185159538433,94.0657114930184,154303965.972191,1642789.8140485,154.303965972191
XMR,2020-08-08,94.0657114930184,95.2263282198571,91.8798760627427,94.889299742963,25481096.0247979,271506.40585043,25.481096024797903
XMR,2020-08-09,94.889299742963,94.9917655964412,92.475520775988,92.9523226018194,25004896.1671157,267930.718770029,25.0048961671157
XMR,2020-08-10,92.9523226018194,94.6615785582634,90.0143105341591,93.8138021443783,37430366.2451883,401853.05693797,37.4303662451883
XMR,2020-08-11,93.8138021443783,95.8742976333315,84.4455334215513,87.3218604203642,116748567.634947,1241211.83535968,116.74856763494701
XMR,2020-08-12,87.3218604203642,89.8912410508758,84.421732940163,89.5970964581863,23359823.8789929,266335.93846074,23.359823878992902
XMR,2020-08-13,89.5970964581863,92.2584411523936,85.9323257318967,92.081243471984,27598223.334437,309962.3632056,27.598223334437
XMR,2020-08-14,92.081243471984,93.5325283463031,89.9876904598985,91.5374287593046,33507215.248001,365710.85763899,33.507215248001
XMR,2020-08-15,91.5374287593046,91.7910881779521,89.5135243335645,89.867333758546,27027191.8145014,297806.89866471,27.0271918145014
XMR,2020-08-16,89.867333758546,91.4634447790315,88.1831402962435,91.2891311324397,20784155.4402541,230429.4084918,20.7841554402541
XMR,2020-08-17,91.2891311324397,95.1947480009784,89.4680866455925,93.5953257298721,30065716.831617,325899.483582734,30.065716831617003
XMR,2020-08-18,93.5953257298721,97.1221145417533,91.5853461431529,93.5696774885907,38937631.136424,415649.244728302,38.937631136423995
XMR,2020-08-19,93.5696774885907,94.4866906924821,89.0529882585035,91.2524163859471,34559637.0505785,375935.595388753,34.559637050578495
XMR,2020-08-20,91.2524163859471,101.630309344035,91.2524163859471,101.630309344035,48134668.3451225,499660.13700622,48.1346683451225
XMR,2020-08-21,101.630309344035,105.934642466201,92.159267936963,92.1758091786045,60234284.6416278,601301.435458913,60.2342846416278
XMR,2020-08-22,92.1758091786045,94.9625032024021,88.7751125541308,94.5882802881048,29496630.068437,320491.890825626,29.496630068437
XMR,2020-08-23,94.5882802881048,94.9547775552384,90.6300483925641,91.3899956517606,20371103.3159336,221644.68368492,20.3711033159336
XMR,2020-08-24,91.3899956517606,94.3505189611505,90.3638378631485,93.7679904324681,25209382.3733998,271233.60012635,25.2093823733998
XMR,2020-08-25,93.7679904324681,94.0304005410756,86.2249677360954,88.809950366719,40562028.942106,451407.53933506,40.562028942106004
XMR,2020-08-26,88.809950366719,89.7804877282882,87.2980313512659,88.8983549241084,34229309.753813,385420.016795134,34.229309753813
XMR,2020-08-27,88.8983549241084,90.5925980519837,85.9096079779356,89.6152048057806,42535587.5188772,482080.93421009,42.5355875188772
XMR,2020-08-28,89.6152048057806,95.2652868267933,88.7374683293528,94.3958607679082,42538019.1010518,464093.00867993,42.5380191010518
XMR,2020-08-29,94.3958607679082,95.6797091147092,92.3868606858477,92.6979969819897,36880881.873169,390805.7500783,36.880881873168995
XMR,2020-08-30,92.6979969819897,96.1695148052503,92.6598882697615,96.1490329315416,38019579.1965941,402396.276784169,38.019579196594094
XMR,2020-08-31,96.1490329315416,96.49743906889,93.1533864198018,93.2051037420749,38735137.7964364,408856.472600165,38.7351377964364
XMR,2020-09-01,93.2051037420749,97.6051477561074,91.7173708527166,96.9124859181484,40396528.9264041,422931.65867999,40.3965289264041
XMR,2020-09-02,96.9124859181484,97.3209581349537,87.3683389464876,91.0986856792204,44343213.2636806,482687.99660058,44.3432132636806
XMR,2020-09-03,91.0986856792204,91.494755227993,75.7369822118626,77.242235190667,39239143.2309911,461771.69964838,39.239143230991104
XMR,2020-09-04,77.242235190667,83.4681230045096,76.7742444348291,82.2302940253414,39659711.7181722,490806.95322292,39.6597117181722
XMR,2020-09-05,82.2302940253414,83.2976447726018,74.0757389377257,77.541037483043,38426935.2191612,488889.09689793,38.426935219161194
XMR,2020-09-06,77.541037483043,81.0493537833775,75.2278740629041,80.0984020284257,27349102.0281273,346165.09959725,27.3491020281273
XMR,2020-09-07,80.0984020284257,82.6762024902208,76.6422652279288,82.3994389231848,26237584.4384813,330356.777577134,26.237584438481303
XMR,2020-09-08,82.3994389231848,84.6193187482299,78.7831224719768,83.8713758075702,32871515.1710683,402389.168813293,32.871515171068296
XMR,2020-09-09,83.8713758075702,85.5675523884002,82.1258301813724,84.1759405342246,25834128.9755977,307130.97188789,25.834128975597697
XMR,2020-09-10,84.1759405342246,86.2162799507101,83.7381217946829,85.372192988825,21065228.3217322,247959.65029119,21.0652283217322
XMR,2020-09-11,85.372192988825,85.5513133627669,82.7461486345843,83.8449725884854,21974087.021192,262366.54771938,21.974087021192
XMR,2020-09-12,83.8449725884854,86.7039402807407,82.8496215735771,86.3879155701103,19345917.8351863,229103.476280269,19.3459178351863
XMR,2020-09-13,86.3879155701103,89.5855122746189,84.9032328573227,85.7649590456478,30322236.1003101,348926.025190476,30.3222361003101
XMR,2020-09-14,85.7649590456478,91.66165511519,84.1962126313997,91.177503465291,29899044.9349434,341412.70106245,29.8990449349434
XMR,2020-09-15,91.177503465291,92.0689673960186,87.6808925309391,90.7753550472052,34693423.0095616,385256.31714783,34.6934230095616
XMR,2020-09-16,90.7753550472052,92.3310145059886,87.0917774607691,88.0310334334105,28908332.1718389,321482.520222406,28.908332171838897
XMR,2020-09-17,88.0310334334105,93.4694693226368,87.2281276683226,92.2743869053403,33182813.20986,365155.2296573,33.18281320986
XMR,2020-09-18,92.2743869053403,94.4733296466883,90.9754643279803,92.0667958420393,23721620.7666793,256068.15473701,23.7216207666793
XMR,2020-09-19,92.0667958420393,94.7234046019502,91.1496176160009,94.109257473486,16760204.0624028,179779.65918979,16.7602040624028
XMR,2020-09-20,94.109257473486,94.249419582986,90.2812309898061,92.1988000018991,14354539.6731978,155377.30006631,14.3545396731978
XMR,2020-09-21,92.1988000018991,93.8511759974981,85.2022603704306,88.6550837623912,30374554.2581919,340366.29059271,30.3745542581919
XMR,2020-09-22,88.6550837623912,95.7253759005352,86.6738944503782,92.1475482923593,34873100.5596572,382973.73888498,34.8731005596572
XMR,2020-09-23,92.1475482923593,93.6474228964227,86.3474657231723,86.8856277211873,24101831.4175246,267442.31230519,24.101831417524597
XMR,2020-09-24,86.8856277211873,91.9591605150185,86.4868108540521,91.6890361937762,25713345.8414635,286424.31287413,25.7133458414635
XMR,2020-09-25,91.6890361937762,93.6827322261859,90.2036009646366,92.6086660317964,25810377.4332323,280386.32290474,25.8103774332323
XMR,2020-09-26,92.6086660317964,95.3175430221424,92.023139970746,94.3977192490412,18159868.5556044,193866.67425453,18.159868555604397
XMR,2020-09-27,94.3977192490412,99.5153113166987,93.4271901630346,96.8407113672311,31966765.10214,330575.68515665,31.96676510214
XMR,2020-09-28,96.8407113672311,98.3573970429166,94.4050561870317,94.6793682778019,29813067.1059691,308208.01385932,29.8130671059691
XMR,2020-09-29,94.6793682778019,100.910621648073,94.0476593049558,100.122509013004,37681473.9301099,389419.68155143,37.6814739301099
XMR,2020-09-30,100.122509013004,109.69562880269,97.5325868467897,108.256831029556,62011725.9458988,603351.08142628,62.0117259458988
XMR,2020-10-01,108.256831029556,112.847212768035,101.305074153179,103.349793120652,87803485.2113825,817640.91179245,87.8034852113825
XMR,2020-10-02,103.349793120652,104.72113923811,93.5541476291311,101.396245560102,74957021.2359644,757062.47349568,74.9570212359644
XMR,2020-10-03,101.396245560102,103.708323517828,100.460038859321,103.336477308693,43032093.4971329,420999.31672472,43.0320934971329
XMR,2020-10-04,103.336477308693,108.737629705967,101.165817326353,105.211193702496,44968810.4431091,426901.56826163,44.9688104431091
XMR,2020-10-05,105.211193702496,113.633540649426,103.946965414765,112.385108405817,70032512.0779631,651896.76574483,70.0325120779631
XMR,2020-10-06,112.385108405817,113.567939253638,104.812166040653,105.963519975528,69976931.4294892,635119.38826197,69.9769314294892
XMR,2020-10-07,105.963519975528,111.924609385339,101.537638791765,109.596092174659,66638147.248147,621501.89377462,66.638147248147
XMR,2020-10-08,109.596092174659,111.994904200405,106.964377565573,110.863966412949,69572105.1079914,633366.47533125,69.57210510799139
XMR,2020-10-09,110.863966412949,117.482051452632,108.06146422312,115.406252334724,73075011.9259658,650047.07558334,73.0750119259658
XMR,2020-10-10,115.406252334724,117.851123052587,114.704455347434,115.353418425093,40825484.0132122,350241.756222398,40.8254840132122
XMR,2020-10-11,115.353418425093,125.14099347225,114.862609792732,125.018763250095,58620071.0282715,484642.29309411,58.6200710282715
XMR,2020-10-12,125.018763250095,134.146188959595,124.216919149831,128.22742717763,94700049.766818,728143.08130527,94.700049766818
XMR,2020-10-13,128.22742717763,130.249755334062,123.077885750611,127.377761366847,69950249.46346,552078.06501791,69.95024946346
XMR,2020-10-14,127.377761366847,132.823592619848,124.326578886849,127.492258833678,59729949.8801214,464115.02316988,59.7299498801214
XMR,2020-10-15,127.492258833678,130.817004381897,122.651179443781,128.999998527194,50993940.3127717,402540.11940228,50.9939403127717
XMR,2020-10-16,128.999998527194,130.248609003915,116.506276399654,118.860072595296,57470563.0864243,471684.09932272,57.4705630864243
XMR,2020-10-17,118.860072595296,120.492737586912,117.245263197159,118.498514130163,33646387.4112019,282993.795341484,33.6463874112019
XMR,2020-10-18,118.498514130163,122.236684865854,117.913985435227,122.216895891425,23848792.0823612,199817.31979641,23.8487920823612
XMR,2020-10-19,122.216895891425,127.340492047583,120.204956794898,123.546225672193,46459006.0842398,374516.51380587,46.4590060842398
XMR,2020-10-20,123.546225672193,125.430397343981,115.735347349336,116.528694415554,56780756.8365124,470404.57147784,56.7807568365124
XMR,2020-10-21,116.528694415554,125.311942263278,115.3468524845,120.182781078541,55692052.7358607,459271.51998823,55.6920527358607
XMR,2020-10-22,120.182781078541,127.755598485205,118.11351726257,126.043106529171,55331434.349405,446244.53599732,55.331434349405
XMR,2020-10-23,126.043106529171,126.043106529171,120.732270505699,125.47551220072,35940503.4106908,291398.21896665,35.9405034106908
XMR,2020-10-24,125.47551220072,128.390518899781,123.895460783717,127.917003937963,40067873.7412162,317511.90428521,40.0678737412162
XMR,2020-10-25,127.917003937963,132.329026290117,125.916000801647,128.924065698599,39521100.1465451,306519.581807535,39.521100146545095
XMR,2020-10-26,128.924065698599,137.065103292231,127.591131480221,129.669671523744,61699223.4551145,463875.741643585,61.6992234551145
XMR,2020-10-27,129.669671523744,136.22449865569,129.533030369161,131.882529422863,52064866.2882124,389653.48751604,52.06486628821241
XMR,2020-10-28,131.882529422863,133.459215338341,122.103151394863,124.456353563663,51233579.1225423,399672.532421841,51.2335791225423
XMR,2020-10-29,124.456353563663,125.949767486547,120.139975005902,122.018817189048,49923117.1844348,404298.284456748,49.9231171844348
XMR,2020-10-30,122.018817189048,122.845757174282,116.121790037529,121.443445084464,42994397.8490478,358896.284511278,42.9943978490478
XMR,2020-10-31,121.443445084464,126.546729678043,119.840208208516,124.97168090908,44321567.2857277,361971.55562227,44.3215672857277
XMR,2020-11-01,124.97168090908,125.439917466717,121.755621805546,124.75826770971,28324160.8199231,229328.85481106,28.324160819923097
XMR,2020-11-02,124.75826770971,125.992931458837,114.558807214124,116.584382506098,42982982.4007664,360267.62602713,42.9829824007664
XMR,2020-11-03,116.584382506098,118.941980983427,113.63423215152,118.576762464913,36649436.1351232,316494.94287853,36.6494361351232
XMR,2020-11-04,118.576762464913,119.045845247892,112.164331301668,113.898750642448,41996248.1809059,362274.15469061,41.9962481809059
XMR,2020-11-05,113.898750642448,116.875193814859,107.83702207607,115.924965897964,56687987.4072736,502673.76229406,56.687987407273596
XMR,2020-11-06,115.924965897964,120.023450885621,114.458149065173,116.648862420627,63137780.7307133,537301.289191442,63.1377807307133
XMR,2020-11-07,116.648862420627,122.898701130213,107.448120242539,108.834156228909,68703708.4482561,592232.080496312,68.70370844825611
XMR,2020-11-08,108.834156228909,117.697102177934,107.559585127655,117.085482782498,39815472.3879183,351938.57043255,39.8154723879183
XMR,2020-11-09,117.085482782498,118.737309548286,111.420691079053,114.259605727316,51695165.1688798,450970.854814873,51.6951651688798
XMR,2020-11-10,114.259605727316,116.412516864756,112.75893127976,114.187508956122,30473432.34922,265781.93536132,30.47343234922
XMR,2020-11-11,114.187508956122,116.278146244307,111.81135737472,111.81135737472,46029116.7038516,402225.73077268,46.02911670385161
XMR,2020-11-12,111.81135737472,113.453667919699,108.723143716601,110.436542608786,52757265.557321,475784.61942621,52.757265557321
XMR,2020-11-13,110.436542608786,113.387923471904,110.033783815508,112.5295309386,42311979.4777415,378348.025371668,42.3119794777415
XMR,2020-11-14,112.5295309386,116.324223637792,111.942972280794,115.670140180062,63453494.0033167,556099.30292336,63.4534940033167
XMR,2020-11-15,115.670140180062,116.638785875854,111.829085881545,113.529965015278,38848631.522023,338296.94378832,38.848631522023
XMR,2020-11-16,113.529965015278,118.276309220895,112.449525443839,116.766169793,45183012.3594692,388147.38862641,45.183012359469195
XMR,2020-11-17,116.766169793,124.049396319507,116.319727526051,124.01278535896,55025272.6398355,460657.79990964,55.0252726398355
XMR,2020-11-18,124.01278535896,124.946735978963,117.801177164904,121.932098149145,66376318.5663513,547216.08614696,66.3763185663513
XMR,2020-11-19,121.932098149145,122.011694636966,115.70844545713,117.957764404827,60688130.9359758,509807.95399446,60.6881309359758
XMR,2020-11-20,117.957764404827,122.375043962353,117.621036349461,120.36576078178,59125862.3230015,490016.802161853,59.1258623230015
XMR,2020-11-21,120.36576078178,129.029693780494,119.244307082299,128.006617143286,67181358.6274061,540508.72884498,67.18135862740611
XMR,2020-11-22,128.006617143286,129.008890744361,118.95340948251,123.054018125272,68767975.4796975,555225.77215764,68.7679754796975
XMR,2020-11-23,123.054018125272,130.482788884025,121.871294599809,129.324930804028,80847412.1320843,642967.056672294,80.8474121320843
XMR,2020-11-24,129.324930804028,141.644458421157,126.664856766574,134.545825259957,149276097.32622,1123194.31786613,149.27609732622
XMR,2020-11-25,134.545825259957,137.974635336662,125.686242508636,128.687215611891,101164918.112801,756143.60753172,101.164918112801
XMR,2020-11-26,128.687215611891,131.517481266087,107.772634292714,119.344402526985,114046836.528582,975676.016852709,114.046836528582
XMR,2020-11-27,119.344402526985,121.541437833009,111.392054364872,116.902088155313,60525645.6905413,523762.76401447,60.525645690541296
XMR,2020-11-28,116.902088155313,124.448345463572,113.885017801635,121.776024501413,54938093.964963,458922.21275512,54.938093964962995
XMR,2020-11-29,121.776024501413,125.574571994586,119.211014339559,123.743445391878,50871246.0220819,415562.837878587,50.8712460220819
XMR,2020-11-30,123.743445391878,130.604910004134,121.693503060999,130.604910004134,57812086.4735015,459383.14703184,57.8120864735015
XMR,2020-12-01,130.604910004134,132.699545728009,121.271853466779,125.855727353224,67322323.5637715,526707.2664257,67.3223235637715
XMR,2020-12-02,125.855727353224,129.255037223054,124.495316505646,128.022843462375,50368132.5786399,395637.875539429,50.3681325786399
XMR,2020-12-03,128.022843462375,133.688475202386,126.509762875586,133.469155370143,45852038.9639592,354043.10508581,45.8520389639592
XMR,2020-12-04,133.469155370143,135.60169291131,126.591154293428,126.705591334029,61347448.7789417,464575.57913271,61.3474487789417
XMR,2020-12-05,126.705591334029,133.567940124246,124.436634438443,133.563075658233,37601638.1366395,289649.89877875,37.6016381366395
XMR,2020-12-06,133.563075658233,134.854747048755,128.480274561319,134.785071923015,48151731.0166649,365530.435856159,48.1517310166649
XMR,2020-12-07,134.785071923015,144.110842261165,134.383072815078,138.766597564187,98034909.8894109,702876.080504492,98.0349098894109
XMR,2020-12-08,138.766597564187,143.013380635779,133.243461017572,135.827126453766,73666302.7661986,534583.7168321,73.66630276619861
XMR,2020-12-09,135.827126453766,135.840726300776,127.437209448157,132.519711019148,57232550.7850594,434255.07776798,57.2325507850594
XMR,2020-12-10,132.519711019148,134.99626718613,129.571413689619,133.64544024004,50786800.9361189,383486.30212228,50.7868009361189
XMR,2020-12-11,133.64544024004,142.241257039212,129.989241562077,141.470165045984,73781294.7958433,547860.399684507,73.78129479584331
XMR,2020-12-12,141.470165045984,149.602451210263,141.470165045984,146.920210158963,104059147.171349,714363.05939929,104.05914717134901
XMR,2020-12-13,146.920210158963,152.098131352234,143.936835183071,152.098131352234,69637035.0674301,471765.24287285,69.63703506743009
XMR,2020-12-14,152.098131352234,157.477848568508,150.838072468267,152.535127207681,114435643.441846,743170.294742445,114.435643441846
XMR,2020-12-15,152.535127207681,155.518028104417,150.770382956923,150.770382956923,78940280.6822045,515275.3086679,78.9402806822045
XMR,2020-12-16,150.770382956923,159.155654287784,147.484299581561,158.895740785323,111302721.038283,728354.23359772,111.30272103828301
XMR,2020-12-17,158.895740785323,163.355843644961,154.541663495873,160.27830504858,152220736.168545,961384.07126631,152.22073616854502
XMR,2020-12-18,160.27830504858,160.336322879112,153.238562881795,154.7362346058,93888724.4156351,600126.5420701,93.8887244156351
XMR,2020-12-19,154.7362346058,158.170076248205,153.953514674883,154.67766833626,77117693.6319164,493346.693673631,77.11769363191641
XMR,2020-12-20,154.67766833626,156.718214189078,151.293462065028,152.304173625128,74398893.2359415,482970.65378402,74.3988932359415
XMR,2020-12-21,152.304173625128,153.493879457981,142.674987942081,145.778170203863,74719920.1583554,505123.47181434,74.7199201583554
XMR,2020-12-22,145.778170203863,157.443694396434,143.718708000587,156.602368556962,71223972.1140771,473955.14398154,71.2239721140771
XMR,2020-12-23,156.602368556962,168.83647803744,148.283635301378,150.723355995209,163763749.841284,1023153.03485155,163.763749841284
XMR,2020-12-24,150.723355995209,158.48319381676,146.426494032213,156.810329456633,97215484.331261,638615.84306784,97.215484331261
XMR,2020-12-25,156.810329456633,160.873046642181,152.662988137809,159.192393287137,77313588.4536114,494252.999441948,77.3135884536114
XMR,2020-12-26,159.192393287137,167.843221981613,159.023274613118,167.834790541479,107862708.99761,657158.792798894,107.86270899761
XMR,2020-12-27,167.834790541479,170.734399462146,156.042229119796,156.801505023151,136748563.80055,834154.09784299,136.74856380055002
XMR,2020-12-28,156.801505023151,168.255790477848,156.516251513573,166.305510317949,86014634.6537217,526476.246607344,86.0146346537217
XMR,2020-12-29,166.305510317949,167.038869860758,154.938254919819,161.358616150169,76406381.9996397,476641.63332639,76.4063819996397
XMR,2020-12-30,161.358616150169,163.98809745088,157.746468273712,159.709112743864,68208088.7941609,425026.9930521,68.2080887941609
XMR,2020-12-31,159.709112743864,161.354555752911,155.494098296547,156.484829908605,68214739.7307426,431197.200692434,68.21473973074261
XMR,2021-01-01,156.484829908605,169.224957320811,130.679859144111,136.054812697191,218596963.60027,1485050.98919847,218.59696360027002
XMR,2021-01-02,136.054812697191,145.570806370005,128.976827977499,143.457628496248,212824231.617919,1546784.49166655,212.824231617919
XMR,2021-01-03,143.457628496248,145.012631556032,131.854810606802,138.3240913583,153004902.601749,1106580.36170037,153.004902601749
XMR,2021-01-04,138.3240913583,144.323381075039,129.377700260679,133.700479736166,128816188.455973,939428.80952639,128.816188455973
XMR,2021-01-05,133.700479736166,139.866759631665,129.492383286001,136.236623878959,116993928.326201,876412.367355962,116.993928326201
XMR,2021-01-06,136.236623878959,142.490441076156,132.839406384829,142.490441076156,107459690.709189,782087.749436168,107.459690709189
XMR,2021-01-07,142.490441076156,153.165113932124,139.856322355404,142.798372947382,172631346.862245,1181921.46736059,172.63134686224498
XMR,2021-01-08,142.798372947382,150.268477861595,135.838525334473,142.121606433872,142192159.780519,988613.988265762,142.192159780519
XMR,2021-01-09,142.121606433872,148.961023648115,139.342508649305,147.721413704343,113484704.034439,783660.76667968,113.48470403443899
XMR,2021-01-10,147.721413704343,189.71981104395,147.721413704343,184.74874939228,321628345.249352,1959047.6877322,321.628345249352
XMR,2021-01-11,184.74874939228,185.863972459862,142.2140629546,158.071127078303,404887745.508836,2563261.40330335,404.88774550883596
XMR,2021-01-12,158.071127078303,173.979029389458,154.760996573988,159.043837019533,219476392.364023,1339967.10736845,219.476392364023
XMR,2021-01-13,159.043837019533,173.181876280392,152.295125534658,171.455083217818,155101066.18313,953485.060344256,155.10106618313
XMR,2021-01-14,171.455083217818,171.767891948948,160.71683134049,163.623578160147,126997000.123782,763006.44929898,126.99700012378199
XMR,2021-01-15,163.623578160147,167.525082596124,147.676281540782,157.073593657057,108211743.849103,677356.50937648,108.211743849103
XMR,2021-01-16,157.073593657057,161.932655825438,153.019692752991,155.647755729956,95218959.5173623,601423.074790484,95.2189595173623
XMR,2021-01-17,155.647755729956,164.201316897722,150.076738913973,159.666459061346,108803251.211796,696490.7995896,108.803251211796
XMR,2021-01-18,159.666459061346,160.738111233628,150.595356841112,156.975888120463,105207439.482161,680808.303149966,105.207439482161
XMR,2021-01-19,156.975888120463,164.970224161692,152.917088923077,157.241238427565,135546470.719992,858918.941985904,135.54647071999202
XMR,2021-01-20,157.241238427565,160.710940629728,146.562378726351,152.971504628709,95748061.2630485,628193.26100264,95.7480612630485
XMR,2021-01-21,152.971504628709,153.10937900277,129.436251748612,130.404577141866,125878011.526505,897092.16343447,125.87801152650499
XMR,2021-01-22,130.404577141866,140.743830279013,122.203078858946,136.000907554139,96300885.4450894,727279.64958127,96.3008854450894
XMR,2021-01-23,136.000907554139,141.467157095524,134.085663999094,139.040154817535,67893629.144749,491518.45329117,67.893629144749
XMR,2021-01-24,139.040154817535,142.896260739517,134.588776060173,138.291629747034,68778529.3255051,493459.349489489,68.77852932550509
XMR,2021-01-25,138.291629747034,145.211082173938,136.91473133959,137.185380061422,80531543.1654802,572328.7799971,80.5315431654802
XMR,2021-01-26,137.185380061422,140.548262577556,133.46979447365,137.986789013651,85119626.7222198,618805.018383967,85.11962672221979
XMR,2021-01-27,137.986789013651,138.10102504214,125.346296658048,125.710478051826,101158492.76626,768050.61991135,101.15849276626
XMR,2021-01-28,125.710478051826,139.985251077044,124.035920547142,135.716715659268,126568576.124735,946770.419898282,126.568576124735
XMR,2021-01-29,135.716715659268,150.365722611125,132.450429251222,140.326509947539,131659189.457281,939897.397902348,131.659189457281
XMR,2021-01-30,140.326509947539,142.102833369817,136.255066842384,139.625736144951,72394354.3308945,521559.366407967,72.3943543308945
XMR,2021-01-31,139.625736144951,140.484112996627,132.439951921853,137.977754125681,69402130.0285541,509253.997613631,69.4021300285541
XMR,2021-02-01,137.977754125681,146.17350200761,135.929085494672,143.471067638795,109299037.001508,771125.798583411,109.299037001508
XMR,2021-02-02,143.471067638795,152.137527492562,143.025179366271,151.444551240909,94491642.7823945,644521.914553196,94.49164278239449
XMR,2021-02-03,151.444551240909,155.426546682359,151.321699410694,154.89446284792,93008943.3423218,605740.125778576,93.0089433423218
XMR,2021-02-04,154.89446284792,155.609713219187,147.958916696308,148.320463959474,91023830.3979,601081.8450932,91.0238303979
XMR,2021-02-05,148.320463959474,155.506829767297,147.725231077295,155.416710165923,90049538.607056,592732.55647428,90.04953860705601
XMR,2021-02-06,155.416710165923,158.115313928437,152.303540617889,152.355052156808,92228858.1283959,592659.555900417,92.2288581283959
XMR,2021-02-07,152.355052156808,156.16323322442,147.744265214104,150.681438674386,91716568.1081958,604810.100269446,91.7165681081958
XMR,2021-02-08,150.681438674386,163.900363012461,147.56986439076,163.330828732678,116946810.482385,750721.507163304,116.94681048238499
XMR,2021-02-09,163.330828732678,174.957121036476,159.192726442606,169.441441100063,146508633.451901,886290.240833418,146.50863345190098
XMR,2021-02-10,169.441441100063,182.429938899742,165.666676596575,175.78983301935,148285467.990235,853421.921638011,148.285467990235
XMR,2021-02-11,175.78983301935,191.823960181434,170.863962938268,190.326984523691,195654761.061009,1070646.10506299,195.654761061009
XMR,2021-02-12,190.326984523691,215.472490202008,190.326984523691,201.168771038452,262090394.197587,1290488.65773133,262.090394197587
XMR,2021-02-13,201.168771038452,254.343821521173,198.153865043959,241.348249858589,361956028.852312,1626320.81570982,361.95602885231204
XMR,2021-02-14,241.348249858589,243.087449327361,223.537090705937,230.339114329402,241159270.125497,1035972.77738164,241.15927012549702
XMR,2021-02-15,230.339114329402,234.099350038592,203.591759483599,228.302755447783,249090974.388741,1135122.96371847,249.090974388741
XMR,2021-02-16,228.302755447783,233.782733570635,211.097095925761,221.689696118293,180954109.924728,811331.075727332,180.95410992472802
XMR,2021-02-17,221.689696118293,273.936939568917,221.386291591226,272.235008598869,293291931.503598,1186320.68531179,293.291931503598
XMR,2021-02-18,272.235008598869,276.319862649797,252.21745404748,261.261373767011,216883948.569177,823536.629280996,216.883948569177
XMR,2021-02-19,261.261373767011,283.726399678279,252.731258795225,282.378709571265,218459705.020705,811624.210415582,218.459705020705
XMR,2021-02-20,282.378709571265,288.504735215189,246.588164815874,255.265085585922,260744209.537088,970809.471915696,260.744209537088
XMR,2021-02-21,255.265085585922,260.749372822548,243.931207082234,247.405339088498,195748192.694509,772162.084977611,195.748192694509
XMR,2021-02-22,247.405339088498,248.606371171148,191.196961021494,224.357492428804,255635605.498622,1133319.4049244,255.635605498622
XMR,2021-02-23,224.357492428804,225.134563438395,171.511163790043,220.855333923086,279696432.376264,1403407.07994175,279.696432376264
XMR,2021-02-24,220.855333923086,224.742969663276,198.259290469441,204.628225927528,198843260.8073,928575.553113982,198.8432608073
XMR,2021-02-25,204.628225927528,218.522256581312,196.580972212778,198.500350487136,143044979.915471,691161.495659777,143.04497991547098
XMR,2021-02-26,198.500350487136,217.488635191574,193.620198878672,204.325034185618,189382696.582921,925610.539393873,189.382696582921
XMR,2021-02-27,204.325034185618,222.924584801809,203.853848050311,209.511129920742,165277882.087992,767375.848437348,165.27788208799203
XMR,2021-02-28,209.511129920742,226.940690608538,199.410534629181,219.306082838748,204232118.256692,962106.42725546,204.232118256692
XMR,2021-03-01,219.306082838748,230.401831173066,210.407170126161,230.401831173066,151773541.762217,688746.564065338,151.77354176221698
XMR,2021-03-02,230.401831173066,232.363693424351,211.482322190046,220.726555130097,123780868.309957,556012.047491827,123.780868309957
XMR,2021-03-03,220.726555130097,228.980120752788,216.21225302904,218.997884049502,138969076.222074,625383.435322698,138.969076222074
XMR,2021-03-04,218.997884049502,223.786920558755,210.312298666771,217.420091700496,132256309.601021,612768.680857242,132.256309601021
XMR,2021-03-05,217.420091700496,217.420091700496,203.202572582453,205.965030044574,108511330.031998,522180.821536767,108.511330031998
XMR,2021-03-06,205.965030044574,208.097816416445,198.87662416948,204.46634482476,110314575.94779,543385.327104587,110.31457594778999
XMR,2021-03-07,204.46634482476,209.844738222299,202.574243682318,208.499815012273,92149666.4151529,445938.706201424,92.14966641515291
XMR,2021-03-08,208.499815012273,221.07960623942,204.25382276879,221.07960623942,125105544.709328,589913.589915614,125.105544709328
XMR,2021-03-09,221.07960623942,228.924733854029,218.552931820811,225.298105022279,126588817.745731,566144.790213406,126.58881774573099
XMR,2021-03-10,225.298105022279,227.354466079498,215.044754825908,220.361245247805,130626468.568736,590598.311661986,130.62646856873602
XMR,2021-03-11,220.361245247805,226.047977747586,212.895655875707,221.302160076026,123886934.784059,561980.546824439,123.88693478405901
XMR,2021-03-12,221.302160076026,225.713008235144,215.943310958135,222.84223485598,112438087.565808,508763.680542425,112.438087565808
XMR,2021-03-13,222.84223485598,239.113777980072,218.212303283309,239.113777980072,135964916.616863,590796.113088233,135.964916616863
XMR,2021-03-14,239.113777980072,240.470003615316,229.24988925378,232.21997753948,131038805.715471,557444.384931269,131.038805715471
XMR,2021-03-15,232.21997753948,237.671352284009,215.680102694892,222.117373865785,145461223.119914,649430.948181226,145.461223119914
XMR,2021-03-16,222.117373865785,230.03218716238,212.838422341075,229.722540775876,130705653.473549,589444.884572914,130.705653473549
XMR,2021-03-17,229.722540775876,236.933015466867,226.005936481898,235.967823204905,139109563.057837,599482.941469015,139.10956305783702
XMR,2021-03-18,235.967823204905,240.019001501226,228.035446727188,228.035446727188,127051944.883931,540680.807348526,127.051944883931
XMR,2021-03-19,228.035446727188,235.618037612489,224.024082008374,231.402070557253,113479974.703407,489778.339146918,113.47997470340701
XMR,2021-03-20,231.402070557253,237.362802187978,230.796344536867,231.902465216578,87222740.7132071,372236.755867231,87.2227407132071
XMR,2021-03-21,231.902465216578,236.924443620935,226.006389869756,231.7140348781,95541886.8936023,412191.177237023,95.5418868936023
XMR,2021-03-22,231.7140348781,233.096968869046,217.020909088975,217.020909088975,108113626.323937,473916.906326401,108.113626323937
XMR,2021-03-23,217.020909088975,224.934080757456,212.008252956853,218.010617899679,127986331.012533,581919.011974589,127.986331012533
XMR,2021-03-24,218.010617899679,229.085221492755,207.43098906768,210.617478752938,158710344.984394,719168.83479115,158.71034498439403
XMR,2021-03-25,210.617478752938,221.190001702163,204.854769084128,214.350445384611,103073789.843589,477305.217484143,103.073789843589
XMR,2021-03-26,214.350445384611,225.433951157338,214.350445384611,221.602697090029,93072291.0561658,420219.706885228,93.0722910561658
XMR,2021-03-27,221.602697090029,223.600523563499,214.193945164737,221.173907400344,128846565.686457,584875.053117747,128.84656568645698
XMR,2021-03-28,221.173907400344,232.778519346119,217.741497983056,232.472334368868,144281548.941865,642829.070849552,144.281548941865
XMR,2021-03-29,232.472334368868,241.762003285606,230.843829931088,234.021713156732,124501881.682986,528258.878707491,124.50188168298601
XMR,2021-03-30,234.021713156732,247.27226496716,232.407543565244,244.437599684504,121377608.369007,505098.01529998,121.377608369007
XMR,2021-03-31,244.437599684504,263.665914724266,242.447002239149,246.143621678204,246486951.561982,975799.250643441,246.486951561982
XMR,2021-04-01,246.143621678204,254.988780810144,244.731946359744,250.47898594359,201756957.137524,807212.903494875,201.756957137524
XMR,2021-04-02,250.47898594359,260.860478654422,249.109648655039,257.692853409124,144003349.003548,563120.553743703,144.003349003548
XMR,2021-04-03,257.692853409124,266.827016821123,253.61117725838,257.117559992703,148698461.401134,572302.700939392,148.698461401134
XMR,2021-04-04,257.117559992703,272.674206696072,247.298903336643,263.61475448649,172312140.647523,662121.998029701,172.312140647523
XMR,2021-04-05,263.61475448649,268.860215134661,260.048772041475,265.466107495658,151995020.37729,574855.744254838,151.99502037729002
XMR,2021-04-06,265.466107495658,277.223474821958,261.870540547568,270.575111894521,173668129.137447,644706.221201768,173.668129137447
XMR,2021-04-07,270.575111894521,279.682779660024,253.156631685835,257.318978241724,228797980.260044,852338.883602993,228.797980260044
XMR,2021-04-08,257.318978241724,271.735911072829,251.520447564748,269.550544266617,157414542.249196,597389.912147018,157.414542249196
XMR,2021-04-09,269.550544266617,290.004935615957,266.235827749137,273.210093334108,174127928.683101,626330.038276748,174.127928683101
XMR,2021-04-10,273.210093334108,298.517955709542,273.210093334108,291.903349685728,232056960.478941,802658.340356514,232.056960478941
XMR,2021-04-11,291.903349685728,328.865955462393,291.655515203226,328.748698933034,254129374.679634,826129.877408504,254.129374679634
XMR,2021-04-12,328.748698933034,343.493247752639,314.186299843799,314.186299843799,302362709.930133,920008.401605429,302.362709930133
XMR,2021-04-13,314.186299843799,330.707879466795,307.276359460088,327.440783343748,229387333.279152,723562.812203428,229.38733327915202
XMR,2021-04-14,327.440783343748,330.953343384545,308.870500361589,320.70162445084,193901999.748823,603033.118894578,193.901999748823
XMR,2021-04-15,320.70162445084,347.927853926929,318.615176244135,344.506622214434,205697746.663327,618675.675651617,205.697746663327
XMR,2021-04-16,344.506622214434,347.205005959925,314.442357068303,341.15322800262,232171603.04102,695789.397733781,232.17160304102
XMR,2021-04-17,341.15322800262,375.15625066833,341.15322800262,363.516989127596,297752901.499429,830898.749782723,297.752901499429
XMR,2021-04-18,363.516989127596,375.471216002489,292.853717508595,338.91534842093,307882676.728483,940587.996092011,307.88267672848303
XMR,2021-04-19,338.91534842093,365.667324338706,307.768376612235,357.940470710958,332673609.14703,974351.451917212,332.67360914703
XMR,2021-04-20,357.940470710958,413.375702930013,328.675502390055,404.986681342458,598016886.10363,1586491.270198,598.01688610363
XMR,2021-04-21,404.986681342458,425.196565844319,374.491905672443,375.512682115715,474815237.837069,1184649.54185686,474.815237837069
XMR,2021-04-22,375.512682115715,390.800126416448,345.292773203779,347.033768670789,286816632.988558,764411.268032029,286.816632988558
XMR,2021-04-23,347.033768670789,355.166977423491,303.246582305353,354.878205024092,279973713.815534,848666.482922361,279.973713815534
XMR,2021-04-24,354.878205024092,396.245968555303,339.173423630734,381.60320437229,300084337.739634,812251.812236348,300.08433773963395
XMR,2021-04-25,381.60320437229,405.202627385356,336.514979584212,356.164752295974,276726482.16735,735909.086927808,276.72648216735
XMR,2021-04-26,356.164752295974,405.726379425319,342.879725476215,405.726379425319,272379523.848351,720844.283960644,272.379523848351
XMR,2021-04-27,405.726379425319,412.692962839855,385.773385569259,402.38497238688,225975579.490587,564490.718574889,225.975579490587
XMR,2021-04-28,402.38497238688,439.84846866702,400.642303086092,413.913036330313,356470540.951791,844442.128971309,356.470540951791
XMR,2021-04-29,413.913036330313,425.710941242041,399.899999403542,407.90031745538,210769281.605296,511156.272188482,210.769281605296
XMR,2021-04-30,407.90031745538,423.3315799555,403.654423488352,422.250932635267,204724519.351557,496292.842002272,204.72451935155698
XMR,2021-05-01,422.250932635267,434.421962614221,416.148158870944,426.696323855716,198548631.31374,467695.719502862,198.54863131373997
XMR,2021-05-02,426.696323855716,427.353095956348,401.0312069131,404.974498398383,157239077.388978,381447.65371974,157.23907738897802
XMR,2021-05-03,404.974498398383,426.132076085796,401.558915487414,411.801633591097,214738919.174879,518510.891794827,214.73891917487902
XMR,2021-05-04,411.801633591097,412.203904101356,379.711951106428,379.959220026756,200257593.387012,506060.363506617,200.257593387012
XMR,2021-05-05,379.959220026756,418.183871311934,377.188114782277,417.91976073638,206606176.877588,513316.979047067,206.606176877588
XMR,2021-05-06,417.91976073638,436.125227869454,405.73286216692,422.941825069706,269099427.263095,641374.714300814,269.09942726309504
XMR,2021-05-07,422.941825069706,518.435885610327,422.941825069706,455.812867740829,570561197.601175,1185508.20250691,570.561197601175
XMR,2021-05-08,455.812867740829,487.004913429431,452.178207293027,476.905331071427,298111066.172685,632815.395361948,298.111066172685
XMR,2021-05-09,476.905331071427,487.010971165261,448.516057763534,484.259282539564,204018849.713261,436632.423993019,204.018849713261
XMR,2021-05-10,484.259282539564,497.746429531668,428.478483203126,441.87101218016,247114700.738097,524558.851843923,247.114700738097
XMR,2021-05-11,441.87101218016,455.009407861086,421.326310964463,453.950652273998,217780980.677051,495379.274833952,217.78098067705102
XMR,2021-05-12,453.950652273998,478.594531106899,392.262203322096,395.134905015328,285660778.534666,634499.93773154,285.660778534666
XMR,2021-05-13,395.134905015328,421.061811352577,370.843535718004,402.664042654281,199604401.347481,504733.320245421,199.604401347481
XMR,2021-05-14,402.664042654281,422.86503216974,398.579996721912,413.615441114512,146844168.99217,357362.111252808,146.84416899217
XMR,2021-05-15,413.615441114512,441.969647457127,383.138920272354,383.538683307896,276166346.760306,666559.034246352,276.166346760306
XMR,2021-05-16,383.538683307896,405.220687416367,373.209232866699,391.517427452558,197890251.185661,504884.009764038,197.890251185661
XMR,2021-05-17,391.517427452558,391.517427452558,333.15532100886,340.08198100527,183390898.415305,520104.290423029,183.390898415305
XMR,2021-05-18,340.08198100527,360.893547763713,327.504291821759,341.945908148123,159373284.351936,461797.630640457,159.373284351936
XMR,2021-05-19,341.945908148123,345.916483430021,160.685069867181,198.589675783876,254405899.02128,1024224.80379133,254.40589902128
XMR,2021-05-20,198.589675783876,290.052014371738,183.214072868109,282.023510140716,206742200.114007,843465.733931022,206.742200114007
XMR,2021-05-21,282.023510140716,329.639666273502,228.101288954646,256.644895771608,432614216.77812,1526023.73995796,432.61421677811995
XMR,2021-05-22,256.644895771608,262.607645748708,223.604321888808,231.672761489958,215957918.324668,897146.086504086,215.957918324668
XMR,2021-05-23,231.672761489958,261.318269990701,177.000364518688,226.082452503863,242336872.73591,1092305.21639879,242.33687273591
XMR,2021-05-24,226.082452503863,256.471351896835,215.6282411298,256.455170668894,146836619.225575,616371.534802769,146.836619225575
XMR,2021-05-25,256.455170668894,264.975533497682,227.829317307101,246.972131300011,154942906.705812,633950.520387411,154.94290670581202
XMR,2021-05-26,246.972131300011,269.982061667655,243.534516800998,268.823513082534,150108150.090273,578594.822252133,150.108150090273
XMR,2021-05-27,268.823513082534,269.263980395019,243.777899261422,252.578118276745,129666202.257195,506151.829824643,129.66620225719498
XMR,2021-05-28,252.578118276745,267.248016902109,219.527959772616,262.219134904218,180776029.267724,737753.302158377,180.776029267724
XMR,2021-05-29,262.219134904218,296.680081394503,229.691221319885,242.988460492382,274818318.752455,1024723.3983186,274.818318752455
XMR,2021-05-30,242.988460492382,267.630856097481,227.208177683675,261.898441754103,119942477.748746,471804.15378224,119.94247774874599
XMR,2021-05-31,261.898441754103,275.605083228791,242.814148164116,272.359625578891,108553852.783966,420415.021699131,108.55385278396601
XMR,2021-06-01,272.359625578891,275.570484561433,252.995999250984,266.198031190888,122485034.391359,466753.444119402,122.48503439135901
XMR,2021-06-02,266.198031190888,294.847641892197,262.837077628893,294.459973724663,130008336.617719,467595.328810078,130.00833661771898
XMR,2021-06-03,294.459973724663,315.554464855427,286.432187803769,309.382620012624,160034864.159522,528121.239965742,160.034864159522
XMR,2021-06-04,309.382620012624,310.431228895008,268.346915374265,287.589889603078,158041808.61487,550141.574681677,158.04180861487
XMR,2021-06-05,287.589889603078,295.119571625747,257.52106951519,264.000481634812,147242615.287028,528986.875168868,147.242615287028
XMR,2021-06-06,264.000481634812,276.695977218609,262.5894289093,272.363409400236,102097318.039882,378874.355842084,102.097318039882
XMR,2021-06-07,272.363409400236,281.097362910719,248.197943680673,249.406239436355,115265751.474812,424790.339038252,115.265751474812
XMR,2021-06-08,249.406239436355,255.741105153002,223.237149744176,253.676423094561,142157234.857974,584257.278831649,142.157234857974
XMR,2021-06-09,253.676423094561,275.068423636031,237.714498470464,274.604118067198,145534094.15345,564297.913293148,145.53409415345
XMR,2021-06-10,274.604118067198,282.258458451682,254.698272405388,255.530028835711,130538693.22629,483359.737007838,130.53869322629
XMR,2021-06-11,255.530028835711,258.308375244783,240.472492286768,242.89151340094,93117687.945453,369801.510183111,93.117687945453
XMR,2021-06-12,242.89151340094,251.666260623878,232.208283925441,242.987745570533,79544459.9182158,328106.012818591,79.5444599182158
XMR,2021-06-13,242.987745570533,261.325010923989,238.065053790823,260.720214883367,68966498.6316789,278221.634844723,68.96649863167889
XMR,2021-06-14,260.720214883367,275.499383876053,258.924829226117,275.499383876053,98160918.0497585,368763.08431757,98.1609180497585
XMR,2021-06-15,275.499383876053,285.216526166358,272.373367095125,278.287814123061,108762698.951522,390097.957541491,108.762698951522
XMR,2021-06-16,278.287814123061,288.279623272794,260.214773069277,262.782664405345,99145019.9493378,360416.97390043,99.1450199493378
XMR,2021-06-17,262.782664405345,281.288810004907,262.172143787154,277.139653218419,93348997.6113496,339742.150986339,93.3489976113496
XMR,2021-06-18,277.139653218419,279.878849205092,261.053505265446,265.72623264297,141689975.317484,521461.96909526,141.689975317484
XMR,2021-06-19,265.72623264297,282.072202374337,264.242035663039,268.331981058995,125470479.08846,456854.80138813,125.47047908846
XMR,2021-06-20,268.331981058995,271.351757110332,248.306910132402,264.72990267428,99368543.1193629,379522.75422263,99.36854311936291
XMR,2021-06-21,264.72990267428,265.589266926395,200.438922143905,203.33139125435,145584577.913379,626338.993032316,145.584577913379
XMR,2021-06-22,203.33139125435,226.026174660605,181.998519192721,201.914367893993,162254842.366516,795736.412017322,162.254842366516
XMR,2021-06-23,201.914367893993,223.777469780327,193.243074113203,218.544733576276,125414944.890676,587326.712781651,125.41494489067601
XMR,2021-06-24,218.544733576276,226.677970331198,204.495905159433,225.658008904254,100511151.06809,462825.705656956,100.51115106809
XMR,2021-06-25,225.658008904254,227.294829536454,193.038994543917,195.15373942656,121885744.862143,591718.041550006,121.885744862143
XMR,2021-06-26,195.15373942656,202.970926430877,185.589245094284,202.970926430877,89295183.9354947,460076.979185206,89.2951839354947
XMR,2021-06-27,202.970926430877,212.008126575597,195.834386235056,211.887423751742,63983856.9712022,316871.920075733,63.9838569712022
XMR,2021-06-28,211.887423751742,217.161102487221,206.014719470822,213.098137576852,82764766.0242192,389771.183500088,82.7647660242192
XMR,2021-06-29,213.098137576852,226.972204491569,212.422003586167,217.627491672154,108205603.726043,492612.839563557,108.205603726043
XMR,2021-06-30,217.627491672154,223.533349722111,209.099965577783,222.985371504741,93277359.9446578,429299.152658497,93.2773599446578
XMR,2021-07-01,222.985371504741,222.985371504741,203.459934767056,205.692608698524,88928318.9304277,422997.88845871,88.92831893042771
XMR,2021-07-02,205.692608698524,211.658586715682,199.582783872421,211.409578328273,68998188.30165,334734.70865665,68.99818830165
XMR,2021-07-03,211.409578328273,216.258496609288,206.984235944217,214.923812698505,62623956.2486455,294184.76104311,62.6239562486455
XMR,2021-07-04,214.923812698505,225.121294807615,213.102349991468,219.945192673559,78634465.1112563,356359.604061768,78.6344651112563
XMR,2021-07-05,219.945192673559,220.292894152779,205.852905871315,214.484189260063,76462300.7116577,359860.257659126,76.4623007116577
XMR,2021-07-06,214.484189260063,222.248392236439,212.205448352448,221.920167705662,74619400.479435,344465.31717953,74.619400479435
XMR,2021-07-07,221.920167705662,231.090016837605,214.414531293845,215.221679244595,87328729.9726522,390320.065895075,87.3287299726522
XMR,2021-07-08,215.221679244595,215.675532799067,201.883777499861,205.253981335087,77349445.1086699,372567.021860405,77.34944510866991
XMR,2021-07-09,205.253981335087,214.799292950057,199.850611140056,212.725750575913,70616571.0884689,340524.496081216,70.61657108846889
XMR,2021-07-10,212.725750575913,217.432458139057,207.135240795078,209.641973742847,72857524.7653039,342047.55742581,72.85752476530389
XMR,2021-07-11,209.641973742847,214.641801236576,207.960787228278,211.604721396944,80649667.1671436,381777.369682346,80.6496671671436
XMR,2021-07-12,211.604721396944,216.729154221702,203.172523560531,206.455457748782,68065673.4299026,324678.955669444,68.0656734299026
XMR,2021-07-13,206.455457748782,211.463448393015,200.487683848928,203.833038577202,68934056.4384618,335045.64661997,68.9340564384618
XMR,2021-07-14,203.833038577202,204.997374431511,192.609413449694,203.364201155272,68523581.3084794,342715.20576116,68.5235813084794
XMR,2021-07-15,203.364201155272,205.416266522517,190.210659001619,196.658677262498,79311876.3724871,404192.34202164,79.31187637248709
XMR,2021-07-16,196.658677262498,199.972862473139,191.501811537636,193.062094544005,65147434.3258547,333541.39550483,65.14743432585469
XMR,2021-07-17,193.062094544005,199.376699788572,191.325152540178,197.732745339926,58758758.9307261,301727.77338929,58.7587589307261
XMR,2021-07-18,197.732745339926,205.021749662368,197.324200916681,199.563301186294,57234423.3785758,284865.96316115,57.234423378575805
XMR,2021-07-19,199.563301186294,200.512237751891,187.896128812033,189.037934283709,72495076.8348455,373144.57206793,72.49507683484549
XMR,2021-07-20,189.037934283709,191.457161647924,179.039239070888,182.877883406221,89583267.2843705,487515.4848262,89.58326728437049
XMR,2021-07-21,182.877883406221,199.880235725573,179.130661115318,196.695881777974,82111673.9806412,428307.78987836,82.1116739806412
XMR,2021-07-22,196.695881777974,202.315516083445,190.348282091234,197.676602083712,65335491.8728753,333392.27340788,65.33549187287531
XMR,2021-07-23,197.676602083712,203.893048004404,194.812502671216,203.893048004404,55796422.9865277,281226.76657101,55.7964229865277
XMR,2021-07-24,203.893048004404,210.893680967538,201.962937215462,208.760985122639,64942381.8950105,315400.59675381,64.9423818950105
XMR,2021-07-25,208.760985122639,214.779116791837,204.332131212758,212.993350650367,66696161.2925859,318435.8293162,66.6961612925859
XMR,2021-07-26,212.993350650367,235.155519221766,212.993350650367,218.087524608218,123458937.211224,548575.815386553,123.45893721122401
XMR,2021-07-27,218.087524608218,226.556365534659,214.482252738125,225.802156783324,100339873.368506,455052.708387582,100.339873368506
XMR,2021-07-28,225.802156783324,235.3941879988,222.501364084112,235.3941879988,100229192.509659,438559.147860592,100.229192509659
XMR,2021-07-29,235.3941879988,248.12249151317,231.308037158117,241.525027982973,96562638.4445736,400166.838659033,96.5626384445736
XMR,2021-07-30,241.525027982973,245.31461828362,230.535939242288,242.197202218976,94581059.657498,398341.687564306,94.581059657498
XMR,2021-07-31,242.197202218976,248.902281918029,234.432063016366,239.909383297692,105683299.805165,438734.047546271,105.68329980516499
XMR,2021-08-01,239.909383297692,249.179894414822,232.692811553328,235.971861995589,99107219.0431047,406466.269612436,99.10721904310469
XMR,2021-08-02,235.971861995589,243.975886381373,228.661136615295,232.623706971983,96070392.3304744,406429.386394494,96.0703923304744
XMR,2021-08-03,232.623706971983,236.625784422777,223.791794337459,225.8384948395,90559200.8936526,393528.388059443,90.5592008936526
XMR,2021-08-04,225.8384948395,245.685876070812,223.05395306914,244.764995145883,102662344.486529,442837.168952151,102.662344486529
XMR,2021-08-05,244.764995145883,253.890405070216,237.393819061803,252.924996613652,136997990.795805,557367.553513149,136.997990795805
XMR,2021-08-06,252.924996613652,266.433881201388,250.834492389967,263.034669725864,137429162.584002,528192.038478753,137.429162584002
XMR,2021-08-07,263.034669725864,275.718683249778,259.70504170498,271.727561239181,129446089.17434,484143.39158992,129.44608917434
XMR,2021-08-08,271.727561239181,274.653354980558,256.28285308076,257.088154418579,151168749.027871,564410.27895453,151.168749027871
XMR,2021-08-09,257.088154418579,271.830001201937,253.877679366837,269.483290853608,119711345.943034,453311.72226644,119.71134594303399
XMR,2021-08-10,269.483290853608,270.753863497043,260.355045266787,266.4275786664,113643237.928989,428801.958573615,113.643237928989
XMR,2021-08-11,266.4275786664,279.374018152947,266.052404806841,268.285794172021,122655995.633022,448870.12070189,122.655995633022
XMR,2021-08-12,268.285794172021,276.349936339178,252.385383662563,257.354042893662,122058127.379423,464955.176310693,122.05812737942301
XMR,2021-08-13,257.354042893662,273.216741180496,255.140357081048,273.007509634183,113185060.275828,426367.783712228,113.18506027582801
XMR,2021-08-14,273.007509634183,279.450391160341,265.651691808977,271.606691324173,104537623.150164,385626.200013309,104.537623150164
XMR,2021-08-15,271.606691324173,275.00636861921,262.07306165483,272.127787396779,106007206.557167,395341.04663381,106.007206557167
XMR,2021-08-16,272.127787396779,284.211093233499,266.367683192999,266.729790401115,126541497.195457,458357.567835249,126.541497195457
XMR,2021-08-17,266.729790401115,277.908090802089,255.53202693498,256.211263937393,114122637.539447,426127.91874169,114.122637539447
XMR,2021-08-18,256.211263937393,261.942934546268,247.920665269716,252.593126348929,113845609.098587,445514.13960393,113.845609098587
XMR,2021-08-19,252.593126348929,264.256890227118,247.244810532702,264.256890227118,111942261.752315,435570.56106969,111.942261752315
XMR,2021-08-20,264.256890227118,283.300175264821,262.291515483136,282.098646855439,134846856.37359,494683.16514471,134.84685637359
XMR,2021-08-21,282.098646855439,293.439180380123,273.42466701633,288.191713818372,131867383.534788,467932.94066312,131.867383534788
XMR,2021-08-22,288.191713818372,306.602858513492,276.464493332264,306.5197977166,148366902.433184,511843.69070913,148.366902433184
XMR,2021-08-23,306.5197977166,334.124105856801,303.465057553905,318.31255606661,184396795.998663,573904.85255478,184.396795998663
XMR,2021-08-24,318.31255606661,339.536680946379,303.344303113766,307.721435728023,185093689.13809,579777.23001436,185.09368913809
XMR,2021-08-25,307.721435728023,324.495535018309,298.340555536525,314.251194464944,177533646.639844,570577.2214734,177.533646639844
XMR,2021-08-26,314.251194464944,317.502483521097,286.990456977633,291.59034234814,146206908.951415,489656.52954942,146.20690895141502
XMR,2021-08-27,291.59034234814,316.86364230458,286.380570393764,315.267988495597,129450836.872558,424563.49472489,129.450836872558
XMR,2021-08-28,315.267988495597,316.714741416013,298.823689814378,300.698388007546,98920715.6620377,323668.01362926,98.9207156620377
XMR,2021-08-29,300.698388007546,306.706013204623,287.81747846923,291.748489958336,123032535.346909,417531.39969226,123.032535346909
XMR,2021-08-30,291.748489958336,295.289340737924,281.233813109094,281.821284969389,130329061.489985,451451.22102383,130.329061489985
XMR,2021-08-31,281.821284969389,292.382237805851,279.541631802055,285.946691871915,106351067.795545,371647.63868224,106.35106779554499
XMR,2021-09-01,285.946691871915,303.316648067605,280.314225890903,302.926453507819,125899470.683787,426541.09549064,125.899470683787
XMR,2021-09-02,302.926453507819,309.371254817925,298.086404345667,302.673420531508,119220039.732339,391900.71344845,119.22003973233899
XMR,2021-09-03,302.673420531508,309.511551115839,296.945437366429,304.15440964923,129961051.432086,426422.76924672,129.961051432086
XMR,2021-09-04,304.15440964923,311.249407871504,300.062515884926,305.207224289294,105830029.21911,346087.32276402,105.83002921911
XMR,2021-09-05,305.207224289294,319.174083923412,299.959448365739,315.339291372917,138047436.753239,445931.13724429,138.047436753239
XMR,2021-09-06,315.339291372917,321.56818832204,301.73981138052,315.022204513338,166426644.30287,532282.46087989,166.42664430287002
XMR,2021-09-07,315.022204513338,316.007887267772,235.992222310283,262.675366464344,253759837.996848,917689.91244361,253.75983799684798
XMR,2021-09-08,262.675366464344,270.699150058659,246.189819178446,256.991573312724,190606940.940659,734761.65767918,190.60694094065897
XMR,2021-09-09,256.991573312724,266.501877263616,254.573370394531,261.534609813389,157474486.68041,602276.04196944,157.47448668041
XMR,2021-09-10,261.534609813389,268.231001165923,244.672522056523,249.175552918628,126448420.422413,489003.45218608,126.44842042241301
XMR,2021-09-11,249.175552918628,258.568263691634,247.675884124728,249.821013930248,87423162.4125225,344392.11366628,87.4231624125225
XMR,2021-09-12,249.821013930248,258.256734108992,246.405553859251,256.436712997688,98917074.8687683,391552.05310358,98.91707486876831
XMR,2021-09-13,256.436712997688,269.647551343044,245.080128119154,263.40495773476,207499621.834349,806719.20658623,207.499621834349
XMR,2021-09-14,263.40495773476,274.321490414683,256.377837302884,268.990948432426,182965977.225397,694961.79991999,182.96597722539698
XMR,2021-09-15,268.990948432426,274.1452730121,265.539628557923,269.302445374715,128247060.256993,475411.5710182,128.247060256993
XMR,2021-09-16,269.302445374715,273.334599420648,259.807785557984,264.11656697816,116752930.325519,437169.69378925,116.75293032551899
XMR,2021-09-17,264.11656697816,267.690418652685,257.333213639333,262.752043386092,91477246.9590926,348302.17145628,91.4772469590926
XMR,2021-09-18,262.752043386092,272.167396213391,260.248054926587,272.024967817913,86555071.3700277,322745.40997842,86.5550713700277
XMR,2021-09-19,272.024967817913,276.400860984489,258.840894741877,260.031528322127,101185637.755875,377548.30599964,101.185637755875
XMR,2021-09-20,260.031528322127,261.507563536227,227.263685945052,232.60393020186,180405945.069649,745422.68138211,180.40594506964902
XMR,2021-09-21,232.60393020186,237.374081505557,213.273954280836,217.764676389247,129622006.275795,572269.62182394,129.622006275795
XMR,2021-09-22,217.764676389247,245.323067474856,214.768624510146,245.085340557017,112722248.193672,488395.57804933,112.722248193672
XMR,2021-09-23,245.085340557017,251.097017026699,243.501789443159,249.351048519668,103606290.473776,417893.19356894,103.606290473776
XMR,2021-09-24,249.351048519668,254.290007457904,225.157772067434,233.784675311652,125113157.553614,525642.40048173,125.113157553614
XMR,2021-09-25,233.784675311652,242.598485489901,230.570862528309,236.265978309184,110893961.857164,466922.24583951,110.893961857164
XMR,2021-09-26,236.265978309184,237.135469306811,222.308550035449,234.575020354205,123869308.23839,532442.52950452,123.86930823839
XMR,2021-09-27,234.575020354205,248.125474639508,234.224859883583,234.480830235472,114891477.53897,475347.93621012,114.89147753897
XMR,2021-09-28,234.480830235472,243.852652653459,228.50326176549,229.851193915377,114659754.103295,487052.3881393,114.659754103295
XMR,2021-09-29,229.851193915377,240.678914536265,228.95918929312,233.992533616318,89758763.6341344,381036.94137458,89.7587636341344
XMR,2021-09-30,233.992533616318,254.285398909708,233.099615053238,251.226478517961,113714443.390313,461145.35078034,113.714443390313
XMR,2021-10-01,251.226478517961,261.290394776037,243.558946555592,257.725364423285,145762315.156276,573675.64319831,145.76231515627597
XMR,2021-10-02,257.725364423285,262.737318624713,252.148665180636,252.978499637747,111803648.736286,435338.16521366,111.803648736286
XMR,2021-10-03,252.978499637747,263.336688207949,250.646285779913,259.58630489799,108393961.964364,420423.83465036,108.39396196436401
XMR,2021-10-04,259.58630489799,267.239741874871,251.922684409869,264.960774335917,113502284.402608,438460.16662712,113.50228440260801
XMR,2021-10-05,264.960774335917,275.943863192394,261.208854710741,271.18288824154,159018147.217689,590966.27918717,159.018147217689
XMR,2021-10-06,271.18288824154,294.428019413282,262.97169759448,286.89061727397,180189544.776659,644887.78052847,180.189544776659
XMR,2021-10-07,286.89061727397,296.694646803266,276.338767470017,278.250674891781,165363526.584881,579668.47749459,165.36352658488101
XMR,2021-10-08,278.250674891781,286.696629724344,276.752644132544,278.199316680977,134701278.712589,478876.65427965,134.701278712589
XMR,2021-10-09,278.199316680977,282.249235733379,274.284894625618,278.594824921197,118278400.850227,425461.90854217,118.278400850227
XMR,2021-10-10,278.594824921197,282.579079668027,269.894187748788,270.438722796613,98470721.0722913,354427.96972906,98.4707210722913
XMR,2021-10-11,270.438722796613,280.089979209696,265.800652222996,276.846791443962,136808213.09088,499767.16675895,136.80821309088
XMR,2021-10-12,276.846791443962,280.740143945397,268.784258776927,277.214634303401,140772364.312786,510933.88882019,140.772364312786
XMR,2021-10-13,277.214634303401,283.325169424838,269.34061287215,274.598619456461,111909042.093003,406981.71893371,111.90904209300301
XMR,2021-10-14,274.598619456461,274.759567192247,264.968536544012,266.798350464355,109341496.870262,403749.20872656,109.34149687026199
XMR,2021-10-15,266.798350464355,279.119361098887,261.193894436832,274.247303823505,156670135.161092,574375.94052579,156.67013516109202
XMR,2021-10-16,274.247303823505,274.555956978555,265.349201525941,267.924350518173,127399154.7389,472074.93625418,127.39915473890001
XMR,2021-10-17,267.924350518173,268.331341627556,253.768296093533,261.12265598762,128051784.758169,488675.81361313,128.051784758169
XMR,2021-10-18,261.12265598762,264.383686816176,253.186519119263,256.675430891361,98455941.0307701,381091.19728181,98.45594103077009
XMR,2021-10-19,256.675430891361,260.56268750352,251.876390577765,255.258017891346,103270749.932543,404668.72681965,103.270749932543
XMR,2021-10-20,255.258017891346,265.786804676307,253.545892861212,260.357660939543,116699916.683471,450316.54396741,116.69991668347099
XMR,2021-10-21,260.357660939543,275.054889657833,258.181009839607,271.020927837939,169909604.219341,638805.25009209,169.90960421934102
XMR,2021-10-22,271.020927837939,275.310404344038,264.372332508484,266.698778403612,126743239.86068,469126.17161282,126.74323986067999
XMR,2021-10-23,266.698778403612,269.696834589283,261.725157601455,267.594547218405,81200355.8138498,304715.6429326,81.20035581384981
XMR,2021-10-24,267.594547218405,294.884944873951,266.922389143022,289.36989590924,180581051.135014,643997.23957029,180.581051135014
XMR,2021-10-25,289.36989590924,296.968851948016,284.243776441144,287.040926223057,167887916.728289,579834.34299851,167.887916728289
XMR,2021-10-26,287.040926223057,294.046547015514,279.733896106234,280.197695752089,199458788.912474,692837.99024333,199.458788912474
XMR,2021-10-27,280.197695752089,283.637004790387,253.203368871294,255.84939407693,176814528.543678,663079.98222229,176.814528543678
XMR,2021-10-28,255.84939407693,271.062756642358,253.724908172352,267.30003508946,147102272.914728,557618.54489737,147.102272914728
XMR,2021-10-29,267.30003508946,270.986691686615,265.357975278485,268.816106337411,108115533.968478,403232.79068729,108.11553396847799
XMR,2021-10-30,268.816106337411,269.827670760502,261.311725866312,263.215897177416,90492742.788343,340982.1830497,90.492742788343
XMR,2021-10-31,263.215897177416,276.249818342029,262.781456440487,275.070677120264,94935660.8816929,352083.91660764,94.9356608816929
XMR,2021-11-01,275.070677120264,278.505495592551,267.39114550504,271.302929001571,110150370.858368,403573.09670451,110.15037085836799
XMR,2021-11-02,271.302929001571,277.440642013021,268.158099335751,275.17259390462,94093771.0485875,344590.1242129,94.0937710485875
XMR,2021-11-03,275.17259390462,275.434704620434,264.269341093048,266.086029949672,120159971.745695,444370.54519552,120.15997174569499
XMR,2021-11-04,266.086029949672,266.987121095543,256.406266773848,260.919710419587,104844844.373997,400399.10782359,104.844844373997
XMR,2021-11-05,260.919710419587,263.071335466128,253.808264310228,255.455851278257,130777950.89247,506205.22110784,130.77795089247
XMR,2021-11-06,255.455851278257,262.662002641294,249.720180709574,260.081348954232,106723188.66355,415213.03204785,106.72318866355
XMR,2021-11-07,260.081348954232,267.039938822295,259.152213105106,266.991729268111,106192271.945752,404144.91407175,106.192271945752
XMR,2021-11-08,266.991729268111,275.063419529858,262.018379087027,274.911572796125,172308441.264331,641426.5912527,172.308441264331
XMR,2021-11-09,274.911572796125,293.966640325423,269.759807258131,289.387712496886,206896370.580085,743886.59711259,206.896370580085
XMR,2021-11-10,289.387712496886,292.854750730755,261.09588198367,267.213407610209,197524611.606002,700514.46826681,197.524611606002
XMR,2021-11-11,267.213407610209,271.015357367263,261.25613264849,263.779955497416,155022265.13127,581723.4689215,155.02226513127
XMR,2021-11-12,263.779955497416,266.947534077759,252.367075732239,260.729727544882,119658286.333561,459733.92572296,119.65828633356101
XMR,2021-11-13,260.729727544882,274.917085370143,258.483862128696,270.646034145793,115004226.301645,432923.8434464,115.00422630164499
XMR,2021-11-14,270.646034145793,281.619414894363,266.711157642619,274.942685534755,114479167.57303,418246.359782154,114.47916757303
XMR,2021-11-15,274.942685534755,278.783931410025,266.024825938888,268.089113233192,122414750.132177,447443.99805732,122.41475013217699
XMR,2021-11-16,268.089113233192,268.089113233192,234.27589246654,240.884591560282,157802426.468985,637716.51600934,157.802426468985
XMR,2021-11-17,240.884591560282,244.696512313707,231.338654305243,241.96673377695,128228893.655933,536799.50732382,128.228893655933
XMR,2021-11-18,241.96673377695,244.053510720066,224.504372050768,226.713888013554,129164106.759116,550343.21737348,129.16410675911598
XMR,2021-11-19,226.713888013554,239.946112625307,224.940866164995,238.74161999598,103669901.129328,442831.44507405,103.669901129328
XMR,2021-11-20,238.74161999598,252.040541433629,237.666169040617,247.38689411377,99820773.7942065,406769.25248667,99.8207737942065
XMR,2021-11-21,247.38689411377,253.906182019601,242.632783259093,250.83298192098,79067394.4708042,319679.71612223,79.0673944708042
XMR,2021-11-22,250.83298192098,251.212491769118,229.363628540419,232.078087218195,105014908.415453,439917.46289528,105.01490841545301
XMR,2021-11-23,232.078087218195,239.252844076822,226.032800289743,237.441230125521,105866858.886426,455840.3613445,105.866858886426
XMR,2021-11-24,237.441230125521,246.749789930651,233.221406788346,243.906745889545,154284197.566074,638350.80376588,154.28419756607403
XMR,2021-11-25,243.906745889545,251.033361294372,241.961163606758,248.381236172062,123382367.025911,500039.02409293,123.38236702591101
XMR,2021-11-26,248.381236172062,249.478085804218,218.749176879525,226.870540740392,120510417.160551,524763.17151324,120.510417160551
XMR,2021-11-27,226.870540740392,233.800077244292,226.061370168018,228.093798346731,88331238.9257545,385338.47306247,88.3312389257545
XMR,2021-11-28,228.093798346731,239.502519321901,220.242260931596,239.495785158783,103356307.525685,449369.61602309,103.356307525685
XMR,2021-11-29,239.495785158783,240.25318762588,233.646631261349,235.986760986593,117187097.187059,494480.68166905,117.187097187059
XMR,2021-11-30,235.986760986593,250.392589585969,228.522892970954,238.204051623853,155103799.544067,644515.52357469,155.103799544067
XMR,2021-12-01,238.204051623853,242.972588400706,227.64190636521,230.896436555035,120545939.998035,509722.62854773,120.545939998035
XMR,2021-12-02,230.896436555035,241.82480826976,225.847438808171,239.495127707692,117710367.774503,500913.65694203,117.710367774503
XMR,2021-12-03,239.495127707692,243.990691078183,220.068104185919,223.856696475237,122888842.506051,525600.80279021,122.888842506051
XMR,2021-12-04,223.856696475237,225.575815817241,182.952617046056,205.045011272651,143751755.52535,713844.68528405,143.75175552535
XMR,2021-12-05,205.045011272651,206.51350223208,193.764907526145,201.449100729983,92093612.8379143,459031.27380588,92.0936128379143
XMR,2021-12-06,201.449100729983,203.874253670053,186.74693807234,201.319186908775,93133388.7200578,475010.09517289,93.1333887200578
XMR,2021-12-07,201.319186908775,208.319380145252,199.881908950784,207.098826072569,95476309.0666286,468958.828000729,95.4763090666286
XMR,2021-12-08,207.098826072569,214.092724759486,200.785552985055,209.876114598136,102930928.489261,492066.9416574,102.930928489261
XMR,2021-12-09,209.876114598136,210.598601094738,188.152656340553,189.386221140049,93755527.344664,471501.985454,93.755527344664
XMR,2021-12-10,189.386221140049,197.263387764376,186.705889330665,189.745741996054,101754978.385286,528444.08526473,101.75497838528601
XMR,2021-12-11,189.745741996054,199.810304421959,187.537187936639,198.625976822771,77136413.4335248,395289.58788632,77.13641343352481
XMR,2021-12-12,198.625976822771,201.806853765954,191.772821431835,197.938378515569,73595177.3733302,373263.45642861,73.5951773733302
XMR,2021-12-13,197.938378515569,198.964317428496,181.865848060588,184.037888089129,88306281.3592051,464262.55557589,88.3062813592051
XMR,2021-12-14,184.037888089129,188.389099506687,180.444644046813,186.875559882813,59818560.4394658,325622.93335099,59.8185604394658
XMR,2021-12-15,186.875559882813,190.420565590387,179.242693628048,188.334508076402,70236074.1228867,378083.21123851,70.2360741228867
XMR,2021-12-16,188.334508076402,198.138675648603,185.306725005333,187.046974798334,84244695.186181,440005.0186738,84.24469518618099
XMR,2021-12-17,187.046974798334,188.645573771083,177.021860709236,181.580544656707,67920177.2361752,370121.7462611,67.92017723617519
XMR,2021-12-18,181.580544656707,185.405953192113,178.117754942825,181.304582044856,56763308.9177501,311683.65739133,56.763308917750095
XMR,2021-12-19,181.304582044856,185.800021460199,178.235429215607,183.882611365319,63119029.1248042,346193.8384528,63.1190291248042
XMR,2021-12-20,183.882611365319,192.824194345176,179.575366864796,188.871946227415,107346721.981906,580165.75401829,107.346721981906
XMR,2021-12-21,188.871946227415,197.76334286503,187.469153951688,189.01875016118,90796456.42706,473309.91171534,90.79645642706
XMR,2021-12-22,189.01875016118,194.314422202277,186.421582761692,190.609466696773,89050591.9739632,467486.38868805,89.05059197396321
XMR,2021-12-23,190.609466696773,214.755460715403,187.698209746627,209.694143767742,146496818.282565,720399.78216878,146.496818282565
XMR,2021-12-24,209.694143767742,210.339967866761,200.577988530362,204.228810489314,80876124.8015049,392429.32089387,80.8761248015049
XMR,2021-12-25,204.228810489314,218.173668100358,203.23378299738,210.945127788343,77429992.37272,364719.79927517,77.42999237272001
XMR,2021-12-26,210.945127788343,217.219876268052,206.167766410596,216.907595185751,57317932.0568841,272180.92713539,57.3179320568841
XMR,2021-12-27,216.907595185751,236.34379107603,215.544922297595,220.760207587124,153527031.086084,673223.63966429,153.527031086084
XMR,2021-12-28,220.760207587124,220.934003214899,207.598817049641,208.616143317246,84683557.8211537,394232.51377245,84.6835578211537
XMR,2021-12-29,208.616143317246,218.500227092474,203.014054055392,214.44587968907,80597974.0905285,383561.32591092,80.59797409052851
XMR,2021-12-30,214.44587968907,228.137585716138,209.250403516815,225.058256738401,120645403.002266,545771.15821434,120.64540300226601
XMR,2021-12-31,225.058256738401,234.252903609177,222.920288012928,228.48568726827,103333186.057848,450528.99433655,103.33318605784801
XMR,2022-01-01,228.48568726827,252.161201219365,228.48568726827,249.881325695117,144348021.174494,591335.36796524,144.348021174494
XMR,2022-01-02,249.881325695117,250.623161278008,236.147987901259,239.301716225026,109530367.700137,446234.11804023,109.530367700137
XMR,2022-01-03,239.301716225026,239.311287724165,223.468789841346,231.178512967627,97306824.1108524,419226.52792102,97.3068241108524
XMR,2022-01-04,231.178512967627,232.927501410817,220.010398602029,221.788432713758,86739327.3680734,383277.46672077,86.7393273680734
XMR,2022-01-05,221.788432713758,224.837801312886,200.858082734167,206.451887023571,88067837.5741035,404586.11840042,88.0678375741035
XMR,2022-01-06,206.451887023571,207.0510097716,194.296276626448,204.33404708601,80225081.0756122,400889.05509067,80.22508107561221
XMR,2022-01-07,204.33404708601,208.660575390876,191.991533787852,194.595635605351,96889165.416532,486190.56624312,96.889165416532
XMR,2022-01-08,194.595635605351,197.543202859221,179.142653992897,184.068292316426,87757889.7834573,463846.52962634,87.75788978345729
XMR,2022-01-09,184.068292316426,194.669296189595,183.764473627208,190.799186715491,74193695.3170228,389035.375567444,74.1936953170228
XMR,2022-01-10,190.799186715491,194.264640498334,179.349026137886,182.460102003069,79934147.5084034,428740.50924237,79.9341475084034
XMR,2022-01-11,182.460102003069,193.212881134993,181.307655072742,192.644709404517,77998005.0448598,415976.02484163,77.9980050448598
XMR,2022-01-12,192.644709404517,200.771921109784,192.644709404517,198.884615581702,67167454.2883065,340750.34714178,67.1674542883065
XMR,2022-01-13,198.884615581702,229.362788612913,198.184987167872,223.229349609918,211156284.129835,972004.29796997,211.156284129835
XMR,2022-01-14,223.229349609918,230.386789177472,216.909060630372,229.537556746559,145798775.680222,652081.13533086,145.798775680222
XMR,2022-01-15,229.537556746559,230.621060507897,216.868982445909,217.361072179705,69903775.7191426,313794.44637711,69.9037757191426
XMR,2022-01-16,217.361072179705,227.932976467311,212.978900201496,223.834729240742,76507648.2014686,349597.71306485,76.5076482014686
XMR,2022-01-17,223.834729240742,230.097050451963,211.798981350939,214.230859445386,120056442.830548,540356.35926652,120.05644283054801
XMR,2022-01-18,214.230859445386,217.383841564043,199.564578655354,203.829354238109,95108295.5749942,461760.16544888,95.1082955749942
XMR,2022-01-19,203.829354238109,212.382061347489,198.995443255258,201.179883150896,98517611.4551243,479336.91839987,98.51761145512431
XMR,2022-01-20,201.179883150896,209.548571870467,187.84338036935,188.300898401359,79976872.8467912,396169.28596606,79.9768728467912
XMR,2022-01-21,188.300898401359,191.613179399569,167.651818784235,172.9017179477,105276822.693079,580954.58206288,105.276822693079
XMR,2022-01-22,172.9017179477,174.669154041213,141.914760081855,152.035823151161,119671349.570395,772935.02238869,119.671349570395
XMR,2022-01-23,152.035823151161,158.720856810344,148.213334091083,156.694022301737,77015962.6720065,504686.38500971,77.01596267200651
XMR,2022-01-24,156.694022301737,156.694022301737,135.265555648409,146.838441477101,96498755.7472184,670834.16908478,96.4987557472184
XMR,2022-01-25,146.838441477101,147.718647457656,139.665740816695,144.471261520323,138919319.642022,962485.91188283,138.919319642022
XMR,2022-01-26,144.471261520323,158.099499102665,142.847192636828,148.324606187152,108106024.853044,720743.66515163,108.106024853044
XMR,2022-01-27,148.324606187152,149.561157199018,139.362947830947,144.628631383748,76107647.9287586,527887.17993898,76.10764792875861
XMR,2022-01-28,144.628631383748,149.031758640634,140.727027353853,148.818991940862,59707402.1593797,413470.21982719,59.7074021593797
XMR,2022-01-29,148.818991940862,155.22586153815,148.620696484821,153.47727748383,50266129.4401832,330754.12691211,50.2661294401832
XMR,2022-01-30,153.47727748383,154.596778947068,145.849937764972,147.857032431728,57567749.9060677,380956.53131633,57.5677499060677
XMR,2022-01-31,147.857032431728,148.004901215782,140.690410191619,147.256585669057,74631816.5942425,518728.15120212,74.6318165942425
XMR,2022-02-01,147.256585669057,148.195516818309,143.47761452867,146.132088822696,86081561.4112279,591640.67930653,86.0815614112279
XMR,2022-02-02,146.132088822696,150.305232885845,144.01049637608,144.942906591119,70209857.3808129,477100.57637507,70.20985738081289
XMR,2022-02-03,144.942906591119,146.892031612731,140.906231810242,146.892031612731,60658803.0906378,421115.06475899,60.658803090637804
XMR,2022-02-04,146.892031612731,165.875688266669,146.778725219739,165.376728921765,104983826.597996,669490.37201804,104.983826597996
XMR,2022-02-05,165.376728921765,170.127564397304,162.04931747984,168.68203866406,80891653.1719892,485625.91255205,80.8916531719892
XMR,2022-02-06,168.68203866406,174.075035015964,167.127229355116,173.688424179337,57918934.8760985,340713.2044505,57.9189348760985
XMR,2022-02-07,173.688424179337,185.317237844712,171.128614109009,184.933000602475,88804398.6558408,496462.77336901,88.8043986558408
XMR,2022-02-08,184.933000602475,187.659379810428,174.768463005625,178.869781294512,88847180.5630721,490551.4679911,88.8471805630721
XMR,2022-02-09,178.869781294512,186.106818819682,175.808577530291,186.106818819682,71916121.2310277,395727.11633514,71.91612123102769
XMR,2022-02-10,186.106818819682,187.356704477394,178.305816268729,179.278596893313,84717789.9622382,461771.34342658,84.71778996223819
XMR,2022-02-11,179.278596893313,181.375345216185,166.478803198952,169.480970921896,78007395.6870144,441724.26203302,78.0073956870144
XMR,2022-02-12,169.480970921896,175.107830859525,164.3525275047,173.955311731544,66478300.6879582,390131.29587586,66.47830068795821
XMR,2022-02-13,173.955311731544,175.201486896218,170.906224948882,173.883223822277,46717526.0188907,269910.26057974,46.7175260188907
XMR,2022-02-14,173.883223822277,177.274075239251,168.117170773833,176.18584122446,52902106.8648719,305546.97796379,52.9021068648719
XMR,2022-02-15,176.18584122446,183.41669402851,174.720512065988,182.575438454787,81023124.7407598,452762.03333647,81.02312474075981
XMR,2022-02-16,182.575438454787,183.777378821648,178.21842160262,179.142509198142,67672822.7022898,373508.51936261,67.6728227022898
XMR,2022-02-17,179.142509198142,180.904915531448,163.169763331975,163.860343639352,77555139.2429258,449352.51488418,77.55513924292579
XMR,2022-02-18,163.860343639352,166.888448835717,159.186960933791,160.246370421634,67572544.2590217,414927.6093518,67.5725442590217
XMR,2022-02-19,160.246370421634,165.519737456393,158.442085367455,161.097750982671,73950166.3582462,456112.72776286,73.95016635824621
XMR,2022-02-20,161.097750982671,161.515214050986,151.085192465936,153.847843799686,59567735.866817,384848.211407584,59.567735866816996
XMR,2022-02-21,153.847843799686,161.705647572492,147.505449530263,147.965015631933,83564769.994661,534196.41072496,83.564769994661
XMR,2022-02-22,147.965015631933,151.378093038732,140.759734271018,150.981080478548,73147316.0854866,500544.23268665,73.14731608548661
XMR,2022-02-23,150.981080478548,156.194049660981,148.578692659768,148.886871428862,54883034.8199404,359832.37228538,54.883034819940406
XMR,2022-02-24,148.886871428862,150.338803090006,132.469164253801,147.148344040677,83528522.2416809,595235.53669218,83.5285222416809
XMR,2022-02-25,147.148344040677,156.093658309944,145.413256766133,154.000205935893,53668501.7133746,357247.93560389,53.6685017133746
XMR,2022-02-26,154.000205935893,159.971249346905,152.268063452647,157.872238342022,52485515.5265126,336364.78955587,52.4855155265126
XMR,2022-02-27,157.872238342022,159.611638194222,148.687417350859,150.741646704785,57559941.9549229,371228.148038118,57.5599419549229
XMR,2022-02-28,150.741646704785,170.420478135473,148.715220687266,170.318390900127,72088997.4749345,451556.05703513,72.0889974749345
XMR,2022-03-01,170.318390900127,179.739361857602,170.318390900127,177.770573413073,69030789.3999942,394547.13665809,69.03078939999419
XMR,2022-03-02,177.770573413073,181.08638784919,173.010956082939,177.848168608532,70577610.5599516,397464.129044,70.57761055995161
XMR,2022-03-03,177.848168608532,181.130317875874,171.047208549274,172.110779301442,71762423.3516152,406293.84154753,71.76242335161521
XMR,2022-03-04,172.110779301442,179.255298877087,156.814026507376,159.9645520577,100717920.833923,593982.24561366,100.717920833923
XMR,2022-03-05,159.9645520577,166.039958628655,156.01530758343,166.039958628655,47531676.1579825,297798.10721261,47.531676157982496
XMR,2022-03-06,166.039958628655,173.045014987335,158.777161902048,158.931780486204,74778448.1098157,447296.65482726,74.7784481098157
XMR,2022-03-07,158.931780486204,162.528226151825,153.958632912333,157.950807304219,56470956.4222899,357080.32804238,56.4709564222899
XMR,2022-03-08,157.950807304219,206.93144931761,157.338951230608,203.103991006869,178846659.943828,1005473.83543893,178.84665994382797
XMR,2022-03-09,203.103991006869,207.387250032229,186.094341833691,188.362127454297,292892600.592605,1480344.97153954,292.892600592605
XMR,2022-03-10,188.362127454297,192.325400482046,166.740700533908,178.610242515818,146905739.809639,835572.38449523,146.90573980963902
XMR,2022-03-11,178.610242515818,178.610242515818,167.527184206318,170.606291623918,105437573.843486,612849.59147185,105.43757384348599
XMR,2022-03-12,170.606291623918,186.558033561873,170.04564379109,185.369599291704,111167447.990554,617217.61941894,111.16744799055401
XMR,2022-03-13,185.369599291704,194.388516551737,175.322249176086,175.762452315609,119852320.082847,643886.66958745,119.852320082847
XMR,2022-03-14,175.762452315609,186.284024901919,174.666838853618,185.856466707553,79223186.2354079,436842.67374085,79.22318623540791
XMR,2022-03-15,185.856466707553,191.321688695571,177.159415869762,183.201925206417,103837792.566874,561267.85251109,103.837792566874
XMR,2022-03-16,183.201925206417,193.133080948322,182.54324662866,189.166120858622,99192559.7499247,524324.64458643,99.1925597499247
XMR,2022-03-17,189.166120858622,191.569880640776,185.743966084429,187.888995179391,61008934.1839283,323517.24666343,61.008934183928304
XMR,2022-03-18,187.888995179391,196.490091366355,186.476423565868,195.46342333728,46604557.2462943,244307.59920135,46.6045572462943
XMR,2022-03-19,195.46342333728,202.025248692374,191.274385284491,197.418674144173,80865636.0381645,410924.19427345,80.8656360381645
XMR,2022-03-20,197.418674144173,204.818516302859,194.315786944102,194.662796359514,73510867.0059498,370114.741221,73.51086700594979
XMR,2022-03-21,194.662796359514,195.33549202186,188.721313454129,191.588413426922,66846522.4765966,347836.64615919,66.8465224765966
XMR,2022-03-22,191.588413426922,198.019874554224,189.7067376298,193.741636700735,70859063.550163,362337.55071039,70.859063550163
XMR,2022-03-23,193.741636700735,197.551844027633,191.087408185663,197.291605524033,56255896.2161959,289917.18189987,56.2558962161959
XMR,2022-03-24,197.291605524033,204.389149105772,193.97525392042,203.887269246041,83567813.7221293,416930.35602371,83.5678137221293
XMR,2022-03-25,203.887269246041,204.769101223491,198.925134973323,199.703377205288,78998193.2730187,391440.807438941,78.9981932730187
XMR,2022-03-26,199.703377205288,209.722135138084,199.390544679932,206.92923766593,68710204.4964435,334556.77899391,68.7102044964435
XMR,2022-03-27,206.92923766593,215.781286346575,205.298933382673,215.683143803252,83308030.7360323,395657.39183179,83.30803073603231
XMR,2022-03-28,215.683143803252,221.51735280459,212.887624645684,214.722886083153,93083907.8036947,426062.83104073,93.0839078036947
XMR,2022-03-29,214.722886083153,225.511166215277,214.722886083153,222.099392421664,87559355.3179886,395124.37610069,87.5593553179886
XMR,2022-03-30,222.099392421664,223.217442506255,216.483407623696,221.340601164042,83223760.1601427,377927.54565113,83.2237601601427
XMR,2022-03-31,221.340601164042,223.333654019568,211.446942552733,212.698020482745,79960526.0226011,368202.67149401,79.9605260226011
XMR,2022-04-01,212.698020482745,221.909296447123,208.921586899056,218.335230757868,92711729.3142526,428023.40448039,92.7117293142526
XMR,2022-04-02,218.335230757868,222.74312669959,212.194386196222,212.604647652564,74879152.3648631,342057.29962339,74.8791523648631
XMR,2022-04-03,212.604647652564,218.847180530605,209.359340037594,217.335703643871,55674433.1491569,259671.24509215,55.6744331491569
XMR,2022-04-04,217.335703643871,223.975259575975,211.630958400341,222.142550039291,79224350.0207098,365771.84457239,79.22435002070979
XMR,2022-04-05,222.142550039291,228.38950866412,218.505490406824,222.328881531207,106228671.270418,473670.23778932,106.228671270418
XMR,2022-04-06,222.328881531207,224.388397594583,211.977088467925,213.263161291404,118924895.780949,545671.36950717,118.924895780949
XMR,2022-04-07,213.263161291404,228.195897253027,213.263161291404,226.140605723336,116524403.465677,527747.98920298,116.524403465677
XMR,2022-04-08,226.140605723336,227.241796965786,215.154161560957,217.180247546646,113893046.308797,510124.08703854,113.893046308797
XMR,2022-04-09,217.180247546646,244.414755273074,216.624752670351,239.799403682339,207802786.62901,890519.6544521,207.80278662901
XMR,2022-04-10,239.799403682339,244.548903031427,228.840798271498,235.691958815215,160818313.839997,677951.79054464,160.818313839997
XMR,2022-04-11,235.691958815215,243.508022937641,216.042256290465,226.112823872774,226453642.814976,1000552.60174759,226.453642814976
XMR,2022-04-12,226.112823872774,249.020790043079,224.678546560067,232.331276605841,320630595.316396,1341946.66471302,320.630595316396
XMR,2022-04-13,232.331276605841,238.707231087881,227.358817569799,236.969177285272,125002714.807121,536275.21301196,125.002714807121
XMR,2022-04-14,236.969177285272,240.288822324482,224.002598502596,229.52704488994,96772685.717308,416064.80465159,96.772685717308
XMR,2022-04-15,229.52704488994,239.908637101885,228.347681265218,239.344954379361,97521254.3153104,414733.70765153,97.5212543153104
XMR,2022-04-16,239.344954379361,239.546511993248,228.245139799638,236.315040648726,90572902.5260845,387922.03233206,90.57290252608449
XMR,2022-04-17,236.315040648726,243.380195021111,235.06603643843,241.329285607042,88881928.8149175,372997.66511084,88.8819288149175
XMR,2022-04-18,241.329285607042,269.189210968478,233.776306557683,266.111363356222,255384028.322897,1020331.34904491,255.384028322897
XMR,2022-04-19,266.111363356222,268.652110110185,250.23386106884,253.916715996071,185012293.803296,719452.51336231,185.012293803296
XMR,2022-04-20,253.916715996071,271.211878338395,251.176489166113,266.817241737952,211623898.503603,811774.64440175,211.62389850360302
XMR,2022-04-21,266.817241737952,289.020609720553,266.182925397211,278.433625086611,319040181.641381,1148033.87086186,319.040181641381
XMR,2022-04-22,278.433625086611,287.825211165927,261.356826667847,268.35687131115,198546421.13546,725476.12133431,198.54642113545998
XMR,2022-04-23,268.35687131115,278.882530374158,262.728886982021,266.642934070021,124447277.510057,458379.12047502,124.447277510057
XMR,2022-04-24,266.642934070021,268.934992999648,248.541788649547,252.611029571405,120077895.482608,466074.09162343,120.077895482608
XMR,2022-04-25,252.611029571405,259.867050147713,237.457907147421,254.390487159013,155387017.050802,628968.64893002,155.387017050802
XMR,2022-04-26,254.390487159013,264.313612868964,227.276008147835,230.080305163867,166995045.800929,668321.73623255,166.995045800929
XMR,2022-04-27,230.080305163867,235.788956727747,221.766929974815,229.473744923044,137097204.752766,601198.43666092,137.097204752766
XMR,2022-04-28,229.473744923044,237.816728744528,223.824595141471,227.356624123902,115600977.311994,500713.31254873,115.600977311994
XMR,2022-04-29,227.356624123902,235.573544859461,217.004206377381,220.56777584896,135607906.299444,595010.624195041,135.60790629944398
XMR,2022-04-30,220.56777584896,233.800153532848,212.98555917651,214.199329513631,134894357.963633,599327.32923519,134.894357963633
XMR,2022-05-01,214.199329513631,227.736892571231,208.407739629951,211.974220486818,123360775.639443,569342.18051665,123.36077563944299
XMR,2022-05-02,211.974220486818,216.269747383087,196.187026191927,199.277969885516,136120440.963309,656685.87343115,136.120440963309
XMR,2022-05-03,199.277969885516,215.564593873894,198.79957776243,207.137409158838,121834805.196224,587020.61760422,121.83480519622401
XMR,2022-05-04,207.137409158838,225.531508625295,206.296809896865,225.243973075394,119491220.62639,556630.57882239,119.49122062638999
XMR,2022-05-05,225.243973075394,229.532231941507,198.18043910855,206.568962447472,131675600.675501,615185.079443,131.67560067550102
XMR,2022-05-06,206.568962447472,218.584438404436,200.605648001996,218.584438404436,108166362.726716,519131.19797545,108.166362726716
XMR,2022-05-07,218.584438404436,223.284627071563,199.351657558114,204.679315446344,109996611.180256,514685.76585116,109.996611180256
XMR,2022-05-08,204.679315446344,222.068760935849,199.991914237968,216.97085389979,138487698.45287,657587.04755378,138.48769845287
XMR,2022-05-09,216.97085389979,220.753811807204,173.340361897876,173.459520225541,157321091.722558,792281.30472215,157.32109172255798
XMR,2022-05-10,173.459520225541,189.291501337534,152.007223743683,162.792855416024,153099161.247592,877110.20902488,153.099161247592
XMR,2022-05-11,162.792855416024,171.56280705794,137.838480709231,140.066612422349,184729882.43741,1173644.76184763,184.72988243741
XMR,2022-05-12,140.066612422349,155.220798059213,114.186575948008,137.301059910228,149385633.007602,1118813.51795807,149.385633007602
XMR,2022-05-13,137.301059910228,155.132270230911,135.018342876226,143.740617339277,76287192.1526799,518692.71080268,76.2871921526799
XMR,2022-05-14,143.740617339277,154.781878042887,135.574614466898,153.263125014371,60315875.1083864,416358.71129218,60.3158751083864
XMR,2022-05-15,153.263125014371,172.577539184829,150.841961005729,171.816067586116,70699541.7797013,440036.73176552,70.6995417797013
XMR,2022-05-16,171.816067586116,174.297824418961,159.996089066717,162.254632823804,75817099.8199065,452163.05912713,75.8170998199065
XMR,2022-05-17,162.254632823804,177.3630897316,161.990069484885,172.56162673288,62091789.6755823,362560.28308549,62.0917896755823
XMR,2022-05-18,172.56162673288,175.645119961136,154.565249937802,154.863822608253,59893937.0111003,360970.97204418,59.8939370111003
XMR,2022-05-19,154.863822608253,169.642592598998,150.982632246559,165.712760884445,58442512.795482,362635.109976728,58.442512795482
XMR,2022-05-20,165.712760884445,181.236560303636,163.309256733026,173.764719337946,99005557.006497,574423.40313943,99.005557006497
XMR,2022-05-21,173.764719337946,180.447926278739,170.278639926099,175.638061288244,58894653.9650891,336045.22767996,58.8946539650891
XMR,2022-05-22,175.638061288244,188.025052953489,172.382140404314,186.651148387631,51201209.6798506,285800.84974215,51.2012096798506
XMR,2022-05-23,186.651148387631,199.122816855097,181.538671285896,184.944098929676,120780140.488162,631157.13908895,120.78014048816199
XMR,2022-05-24,184.944098929676,195.865777501314,183.38496322746,192.739853864228,84354097.8441298,442695.0050589,84.3540978441298
XMR,2022-05-25,192.739853864228,205.115291030081,190.83585124648,203.885116706887,104210074.980573,522049.68192583,104.210074980573
XMR,2022-05-26,203.885116706887,205.951361876266,185.734838558835,189.003548752387,103406849.082211,532467.64910975,103.406849082211
XMR,2022-05-27,189.003548752387,190.44602383519,175.967896313671,180.499890993474,84064892.8389568,457565.81942728,84.06489283895681
XMR,2022-05-28,180.499890993474,184.003846122822,174.27929195874,175.784525455606,47150949.94151,264279.0343797,47.15094994151
XMR,2022-05-29,175.784525455606,187.842905098244,167.782246385725,185.763304967498,57078034.9280986,321572.56083304,57.078034928098596
XMR,2022-05-30,185.763304967498,208.901421262092,182.797346457669,204.093471204337,111065607.100634,565533.46090241,111.065607100634
XMR,2022-05-31,204.093471204337,208.285806063264,191.802193389618,198.465121345031,120913537.849854,607771.58650229,120.91353784985401
XMR,2022-06-01,198.465121345031,203.227568924537,193.046696636028,198.651037492713,90366682.5154244,458184.020373,90.3666825154244
XMR,2022-06-02,198.651037492713,203.824062154422,192.455092811548,201.375034737962,68952481.7841385,347588.93567653,68.9524817841385
XMR,2022-06-03,201.375034737962,202.724317987187,187.484456630318,193.576432717243,65549755.905639,336752.22224822,65.549755905639
XMR,2022-06-04,193.576432717243,195.550023940311,188.710178152836,189.064896174216,47431005.6521662,246227.4261117,47.4310056521662
XMR,2022-06-05,189.064896174216,191.700431140926,186.010742232919,187.85450920756,44832068.6526211,237675.9386008,44.832068652621096
XMR,2022-06-06,187.85450920756,195.373355286813,187.650177145124,189.197785236396,56856313.5643889,296778.17684397,56.8563135643889
XMR,2022-06-07,189.197785236396,195.073652127782,180.001990525637,187.401921593067,57403324.5187908,307030.32619537,57.4033245187908
XMR,2022-06-08,187.401921593067,189.465158651652,182.189128121676,186.288248101219,39303725.7818249,211811.41643978,39.3037257818249
XMR,2022-06-09,186.288248101219,189.433030479488,182.119349407151,185.37059030294,39525595.6969297,212785.37889392,39.5255956969297
XMR,2022-06-10,185.37059030294,186.201836244408,172.055745842673,174.034717064267,64356929.6131414,359930.54334277,64.3569296131414
XMR,2022-06-11,174.034717064267,177.951776178783,160.788138081387,166.241284959633,61920194.237061,365402.56506502,61.920194237061004
XMR,2022-06-12,166.241284959633,166.846936302932,152.377413550329,157.994618147161,78638836.895314,490244.30747424,78.63883689531399
XMR,2022-06-13,157.994618147161,159.638167279335,128.652915848825,132.514807787492,112697143.950454,788772.04963218,112.69714395045399
XMR,2022-06-14,132.514807787492,133.941073962774,115.953848092286,118.246561855799,108925242.89827,884238.38551804,108.92524289827
XMR,2022-06-15,118.246561855799,119.210551872054,103.988116909232,118.412062130854,99132338.6457408,882623.8934011,99.1323386457408
XMR,2022-06-16,118.412062130854,120.858934073623,104.259521305912,106.530765349087,56297025.2717772,511760.07117271,56.297025271777194
XMR,2022-06-17,106.530765349087,116.196608803572,106.04736560912,114.313513949735,52563075.5245549,466955.98827905,52.563075524554904
XMR,2022-06-18,114.313513949735,115.341855042825,96.9022798378904,104.252644116562,58856769.9201881,560517.01423095,58.8567699201881
XMR,2022-06-19,104.252644116562,115.064729373257,99.9182414290705,114.325950251991,44215744.9862641,410381.31267768,44.2157449862641
XMR,2022-06-20,114.325950251991,117.732649671867,108.472134826506,117.178351729541,41204587.9251184,362628.81933673,41.2045879251184
XMR,2022-06-21,117.178351729541,125.032661321605,115.834673357839,118.745283003883,45860563.0396265,378729.6982207,45.8605630396265
XMR,2022-06-22,118.745283003883,118.745283003883,110.823094366021,111.057568668084,31214697.4019185,271868.80356604,31.2146974019185
XMR,2022-06-23,111.057568668084,122.748140727632,110.959101914083,122.590535274502,27438188.7380754,233318.52224993,27.4381887380754
XMR,2022-06-24,122.590535274502,128.679496678553,122.517983048405,126.356128946235,36561174.3606159,290837.92205317,36.5611743606159
XMR,2022-06-25,126.356128946235,127.949483459895,121.066003761329,127.244059102799,29062494.3336462,232903.90243382,29.0624943336462
XMR,2022-06-26,127.244059102799,133.943027775457,125.126340203582,125.290402596549,36009422.6314002,277567.93492115,36.0094226314002
XMR,2022-06-27,125.290402596549,130.485737080219,120.11367365521,120.311255274258,38646166.2888589,309326.81813775,38.6461662888589
XMR,2022-06-28,120.311255274258,123.00066759668,115.968597901082,117.476216523232,36601443.3870821,306435.55422366,36.6014433870821
XMR,2022-06-29,117.476216523232,124.637196326367,116.877433379509,118.768712666536,45910565.4079212,382538.23488271,45.910565407921204
XMR,2022-06-30,118.768712666536,119.469697882091,108.073760890451,112.950371702193,37570976.3548907,334963.26138862,37.570976354890696
XMR,2022-07-01,112.950371702193,116.799169817273,110.863311703197,115.214466614687,35381937.4547689,311977.03116478,35.3819374547689
XMR,2022-07-02,115.214466614687,118.968772628177,113.338951499783,115.953308282183,38308979.121227,328224.51119216,38.308979121227004
XMR,2022-07-03,115.953308282183,117.441126475802,114.078598414502,116.42467991372,28222704.0308248,243695.11621838,28.2227040308248
XMR,2022-07-04,116.42467991372,124.133222766101,114.956305380155,123.837926070899,36938518.5952094,308078.6882894,36.938518595209395
XMR,2022-07-05,123.837926070899,125.119316609448,118.699118479707,122.413952976347,39143576.0488968,320313.88876997,39.1435760488968
XMR,2022-07-06,122.413952976347,126.68062138802,121.100548715514,125.503378161484,41117743.7342878,330664.42700694,41.1177437342878
XMR,2022-07-07,125.503378161484,131.391707396872,125.174034348653,130.38223493517,45604556.1256224,354335.35552786,45.6045561256224
XMR,2022-07-08,130.38223493517,133.618796808741,125.277788617085,125.277788617085,43930708.2396803,338325.00667427,43.9307082396803
XMR,2022-07-09,125.277788617085,128.86861992041,125.065903318412,127.16679842475,30562841.8185209,241240.05360717,30.5628418185209
XMR,2022-07-10,127.16679842475,129.662764437158,120.822617391179,129.662764437158,47698421.0044684,382042.82508916,47.69842100446839
XMR,2022-07-11,129.662764437158,132.803068752501,125.68267115764,126.92043485455,100025893.400122,770473.87351776,100.025893400122
XMR,2022-07-12,126.92043485455,129.242685746225,122.996572938611,123.055060683778,52318490.7178363,413949.39768459,52.3184907178363
XMR,2022-07-13,123.055060683778,125.536958770178,117.683581049394,124.175350126958,42264167.7615062,345629.14281504,42.2641677615062
XMR,2022-07-14,124.175350126958,134.773591227639,123.408808215254,133.917511415301,45816242.7129041,357222.69563784,45.816242712904106
XMR,2022-07-15,133.917511415301,141.260111513092,132.558951349795,138.800806936093,63551100.078156,467212.4763079,63.551100078156004
XMR,2022-07-16,138.800806936093,143.774753806071,135.656947392352,138.91982629189,64040819.9753624,459322.22586355,64.0408199753624
XMR,2022-07-17,138.91982629189,142.148856815248,134.773657778554,136.032413302493,42939529.6661913,310844.66843253,42.939529666191305
XMR,2022-07-18,136.032413302493,148.738605580333,135.986587527276,147.048512877463,64225542.1423264,445587.93347713,64.2255421423264
XMR,2022-07-19,147.048512877463,148.806985415624,139.986930329735,146.408445869883,83633815.5500798,576769.42421441,83.63381555007979
XMR,2022-07-20,146.408445869883,153.224950834722,143.195069727079,151.537520732885,90037558.0175125,606448.18144529,90.0375580175125
XMR,2022-07-21,151.537520732885,152.817729222951,146.6046600229,151.090168783067,93529532.0850859,623772.01469521,93.5295320850859
XMR,2022-07-22,151.090168783067,153.37372046477,148.345146898353,149.049111503501,72526530.0179255,480914.39185397,72.5265300179255
XMR,2022-07-23,149.049111503501,151.26111595091,142.576560334214,146.360549815146,47958499.7565466,326590.16913973,47.9584997565466
XMR,2022-07-24,146.360549815146,153.820824412062,146.360549815146,151.420493013861,45978708.4394903,305781.54006837,45.978708439490305
XMR,2022-07-25,151.420493013861,152.188398764337,143.352395041694,143.593431472444,52303249.8451727,355734.92991468,52.3032498451727
XMR,2022-07-26,143.593431472444,151.216708710914,138.078148247962,151.11693066516,76086851.2596321,527611.83627274,76.0868512596321
XMR,2022-07-27,151.11693066516,162.866612584055,150.298365462475,161.659255046938,89048877.4121905,573881.30072168,89.04887741219049
XMR,2022-07-28,161.659255046938,166.441473344683,157.039016200917,162.320675761146,85337578.1153542,529565.94100077,85.33757811535419
XMR,2022-07-29,162.320675761146,165.897147374666,158.939786058472,159.906652344714,72974567.7300735,449514.90155149,72.9745677300735
XMR,2022-07-30,159.906652344714,163.364419237773,154.809555105425,155.865506731919,55311178.2710331,344790.53641098,55.3111782710331
XMR,2022-07-31,155.865506731919,159.651175687895,153.874389104182,154.764300621255,43479056.8241809,276990.81272743,43.4790568241809
XMR,2022-08-01,154.764300621255,161.378153583797,152.260150608747,160.736386030801,54062532.6722802,346006.91609566,54.0625326722802
XMR,2022-08-02,160.736386030801,161.732323524447,154.049770609451,156.872761766554,68892705.2615582,437051.22106095,68.8927052615582
XMR,2022-08-03,156.872761766554,164.129684922291,155.16818223159,156.694062387844,64000000.9143242,401645.33185228,64.0000009143242
XMR,2022-08-04,156.694062387844,162.955793822625,156.297448959022,159.410228837732,59441121.5455952,373233.86155406,59.4411215455952
XMR,2022-08-05,159.410228837732,162.240145085854,156.711649916179,161.592783157229,48013093.0748294,300496.75409705,48.0130930748294
XMR,2022-08-06,161.592783157229,164.975882063125,160.25719819101,160.690891261492,42106678.8634695,259568.67289597,42.1066788634695
XMR,2022-08-07,160.690891261492,171.161364005478,158.434420805268,164.75930472022,85907599.5003324,514776.82065635,85.9075995003324
XMR,2022-08-08,164.75930472022,169.851989811803,162.412762175759,167.153680292941,73353053.2292008,440444.18490559,73.3530532292008
XMR,2022-08-09,167.153680292941,171.719634388189,155.73323597468,158.357557510096,70950868.2408627,437068.97762361,70.9508682408627
XMR,2022-08-10,158.357557510096,169.774722729746,155.009297891044,167.713626661016,85246215.7329527,519468.77054709,85.2462157329527
XMR,2022-08-11,167.713626661016,168.86164838473,156.72396682643,159.190284938547,94262413.0167481,572049.739798758,94.2624130167481
XMR,2022-08-12,159.190284938547,166.683774804,156.98448524036,166.126256300038,64248981.7541225,395064.16297307,64.2489817541225
XMR,2022-08-13,166.126256300038,168.239082668773,165.087733405596,166.266925169179,49914983.3910337,299781.96507654,49.9149833910337
XMR,2022-08-14,166.266925169179,169.636433419772,163.592223413334,165.344523162589,39107861.8287404,234607.844780791,39.107861828740404
XMR,2022-08-15,165.344523162589,169.321290067904,162.206398585635,163.690834012524,57571358.5559995,348090.06730675,57.5713585559995
XMR,2022-08-16,163.690834012524,174.375698742311,162.411013408185,169.653796137824,76126678.9155813,447825.24212754,76.1266789155813
XMR,2022-08-17,169.653796137824,170.765445384466,159.160037886499,168.973968909217,114020085.855017,690061.645500328,114.020085855017
XMR,2022-08-18,168.973968909217,170.915057582487,159.109195117741,161.0677932975,87035987.2840782,525754.816080859,87.03598728407819
XMR,2022-08-19,161.0677932975,161.0677932975,141.936654110793,142.363462260866,112852710.664592,743875.223123666,112.852710664592
XMR,2022-08-20,142.363462260866,149.845888813012,142.2187654528,148.963311076201,53561445.2761536,366399.882731165,53.5614452761536
XMR,2022-08-21,148.963311076201,157.471279008604,148.963311076201,154.382499486741,60487521.3751607,394141.959322281,60.4875213751607
XMR,2022-08-22,154.382499486741,154.746323880014,150.546500066951,153.878111896224,58035464.7787638,380182.192125222,58.0354647787638
XMR,2022-08-23,153.878111896224,155.7286238956,150.267752261803,154.435167199525,59255584.1986464,384406.808635506,59.255584198646396
XMR,2022-08-24,154.435167199525,154.810592798646,150.348232707115,150.628425630429,54462891.6751006,356683.980806799,54.4628916751006
XMR,2022-08-25,150.628425630429,155.319432055667,150.364144900582,154.046319270232,51125886.3112694,333557.574620354,51.125886311269404
XMR,2022-08-26,154.046319270232,155.324448649392,141.490254095074,142.671686098375,77815810.8861451,518635.055966097,77.8158108861451
XMR,2022-08-27,142.671686098375,145.799950485736,141.749374827919,145.067228605741,55335600.5516676,384487.588207637,55.3356005516676
XMR,2022-08-28,145.067228605741,149.276598739539,144.143620429268,146.390485902837,54289580.8390558,370881.477438084,54.2895808390558
XMR,2022-08-29,146.390485902837,152.978194992942,144.821309662625,152.638816431632,61920063.8781146,416609.821748427,61.920063878114604
XMR,2022-08-30,152.638816431632,152.879122361498,147.299640461168,148.80250909501,61773474.0343338,410732.945370177,61.7734740343338
XMR,2022-08-31,148.80250909501,152.465163346844,148.421045504591,149.203562371552,51333717.1393507,340653.163820629,51.333717139350696
XMR,2022-09-01,149.203562371552,154.726596465294,148.517057471761,154.55913906813,68627805.8006446,451240.703657508,68.62780580064461
XMR,2022-09-02,154.55913906813,154.662695143114,150.35432487815,153.350114672471,64208695.1325158,421023.766637189,64.2086951325158
XMR,2022-09-03,153.350114672471,154.833725120036,151.545498480551,154.328119753738,40664352.4715299,264864.533900557,40.6643524715299
XMR,2022-09-04,154.328119753738,156.205036060082,153.633658841506,155.570093444699,41601729.2860245,268375.95374445,41.6017292860245
XMR,2022-09-05,155.570093444699,157.901694959275,154.794125045522,157.462559013741,53091412.2165099,338962.56960793,53.0914122165099
XMR,2022-09-06,157.462559013741,159.76017703542,144.643864969581,144.969778175932,73947838.0462541,482997.49179667,73.9478380462541
XMR,2022-09-07,144.969778175932,152.075544520216,141.78792992394,149.284292872155,64794049.6171102,443248.100108039,64.7940496171102
XMR,2022-09-08,149.284292872155,152.434122344282,147.669847999248,152.133544853557,54354512.7528304,361669.726118311,54.3545127528304
XMR,2022-09-09,152.133544853557,161.372218098512,151.719622937781,161.32820643847,70180686.0489575,450814.338207168,70.1806860489575
XMR,2022-09-10,161.32820643847,161.777594141971,157.217588178116,157.696072364404,47844196.4021707,300772.015887803,47.8441964021707
XMR,2022-09-11,157.696072364404,159.315218484283,154.61029399858,159.056682775472,43941118.3219946,280045.116312364,43.9411183219946
XMR,2022-09-12,159.056682775472,165.80113750573,158.135051949565,164.440408442791,79924864.3717364,495907.164994739,79.9248643717364
XMR,2022-09-13,164.440408442791,165.537396982948,145.515013022724,145.515013022724,91789096.9011976,586665.829199232,91.7890969011976
XMR,2022-09-14,145.515013022724,151.705520628298,144.957916838088,149.912203312772,69020948.3770967,465354.615450252,69.0209483770967
XMR,2022-09-15,149.912203312772,151.726050791251,143.881186974846,145.73175533356,67756233.413869,459363.845973165,67.756233413869
XMR,2022-09-16,145.73175533356,149.458716794928,144.123759567097,149.182266672814,53091851.013263,361370.389489535,53.091851013263
XMR,2022-09-17,149.182266672814,151.923538074252,147.415558466322,147.619339290594,49034087.7539969,326212.155749959,49.0340877539969
XMR,2022-09-18,147.619339290594,149.109290019261,137.951972719103,140.651408731384,61655350.7889234,424084.517713778,61.6553507889234
XMR,2022-09-19,140.651408731384,141.77299440394,135.300347263985,140.543321847209,61543853.2062555,442882.704441181,61.543853206255505
XMR,2022-09-20,140.543321847209,143.292782636209,139.584150375865,142.381178985538,56149204.4823264,396731.65740887,56.149204482326404
XMR,2022-09-21,142.381178985538,145.086640553614,134.413893307249,135.182800616045,60536253.0579832,429923.811383582,60.536253057983195
XMR,2022-09-22,135.182800616045,144.185864989192,134.103042480779,144.169643504046,55281955.1648618,395919.64434448,55.2819551648618
XMR,2022-09-23,144.169643504046,146.187685038468,137.654979833446,141.489127399454,53618059.7224105,378296.25335483,53.6180597224105
XMR,2022-09-24,141.489127399454,143.950416213579,140.60083683852,141.75876421316,39578665.4761455,278238.16588913,39.578665476145495
XMR,2022-09-25,141.75876421316,144.547491369788,140.06026528144,141.02408024612,31847621.7444526,223782.85657637,31.8476217444526
XMR,2022-09-26,141.02408024612,146.072974752348,139.677177509614,145.708913646677,43534272.7540723,303164.83650466,43.5342727540723
XMR,2022-09-27,145.708913646677,152.952511648872,143.107854063672,144.329061454347,67279451.1713479,450919.421499756,67.2794511713479
XMR,2022-09-28,144.329061454347,147.975307760876,140.257577718498,147.171051550056,56543112.8699438,392454.003471,56.5431128699438
XMR,2022-09-29,147.171051550056,149.28872345932,146.273787456713,148.466867906112,55669696.9208827,376683.04656617,55.6696969208827
XMR,2022-09-30,148.466867906112,150.776152716785,146.324590039585,147.286894023886,48715991.6986388,327299.0471164,48.715991698638796
XMR,2022-10-01,147.286894023886,150.17604868038,140.712191786676,141.060553538512,46745753.5860538,318540.92492666,46.7457535860538
XMR,2022-10-02,141.060553538512,141.858165621323,136.427786341377,136.891078311371,55941479.8016816,398827.796804048,55.9414798016816
XMR,2022-10-03,136.891078311371,142.116951064986,136.661949226967,141.757631970112,58772252.2601283,420622.589011148,58.7722522601283
XMR,2022-10-04,141.757631970112,147.660326995903,141.757631970112,146.876454980865,59870442.2391848,411137.409834232,59.8704422391848
XMR,2022-10-05,146.876454980865,148.216192621979,143.790696480004,146.24330454185,53227405.079671,364564.923638208,53.227405079671
XMR,2022-10-06,146.24330454185,152.612079406081,143.532968047968,149.165138417443,93221905.0308626,632896.08111531,93.2219050308626
XMR,2022-10-07,149.165138417443,149.331737913026,143.836624699558,146.510692681353,61935546.5525994,422385.05815697,61.9355465525994
XMR,2022-10-08,146.510692681353,148.305226628766,145.218340147984,147.468910169949,37512437.0514726,254934.42291604,37.512437051472595
XMR,2022-10-09,147.468910169949,148.980658626085,145.202019176252,145.683337691951,38371681.6138627,260235.5041018,38.3716816138627
XMR,2022-10-10,145.683337691951,147.7554289672,142.007916034687,142.235487851542,52270977.636386,359388.740933548,52.270977636386
XMR,2022-10-11,142.235487851542,145.293123725958,140.190708501704,144.769221896962,53894605.6931872,376250.640606376,53.8946056931872
XMR,2022-10-12,144.769221896962,146.72192704527,142.800570137778,144.910265584438,75624723.898246,523310.60356106,75.624723898246
XMR,2022-10-13,144.910265584438,145.448178091393,135.112707779255,142.987104670673,136236424.406122,970042.598279018,136.236424406122
XMR,2022-10-14,142.987104670673,145.897954504465,139.69051732269,140.791795757322,94615408.841959,662575.04325465,94.615408841959
XMR,2022-10-15,140.791795757322,141.984748110249,139.075102999698,139.491833418399,80903948.9103829,576282.16588204,80.9039489103829
XMR,2022-10-16,139.491833418399,143.650639508513,139.491833418399,143.04333202805,75288120.0703252,530835.427873054,75.28812007032519
XMR,2022-10-17,143.04333202805,145.224146879867,142.444000649251,143.781121108349,104152054.377293,723102.598499672,104.15205437729301
XMR,2022-10-18,143.781121108349,148.259623949213,142.580030782454,146.219857541265,136627544.051184,938277.98718165,136.627544051184
XMR,2022-10-19,146.219857541265,148.631653442072,144.599225453857,145.127399498579,105031683.597388,714928.80517305,105.031683597388
XMR,2022-10-20,145.127399498579,148.582557208018,140.021828465193,141.056873192465,113631945.687507,789865.95096615,113.631945687507
XMR,2022-10-21,141.056873192465,143.71745214407,137.445148425257,140.873838538534,110929250.853052,788999.70544272,110.92925085305201
XMR,2022-10-22,140.873838538534,143.159188351159,139.651590773148,142.736387777938,79447219.0379631,561362.14191006,79.44721903796311
XMR,2022-10-23,142.736387777938,145.023627846289,142.008670994565,144.397763199459,83404649.024902,581355.469610429,83.404649024902
XMR,2022-10-24,144.397763199459,144.796723924421,141.489171349914,143.298619175795,87826463.0509512,614658.89634994,87.8264630509512
XMR,2022-10-25,143.298619175795,146.555520664456,143.028695100575,143.748686384084,95935198.0539411,663863.54603597,95.93519805394111
XMR,2022-10-26,143.748686384084,148.182239782051,143.748686384084,146.736168613288,104014850.252352,711247.320302254,104.014850252352
XMR,2022-10-27,146.736168613288,149.783393646504,144.993471842785,145.903358647226,119776344.586972,812922.772344248,119.776344586972
XMR,2022-10-28,145.903358647226,148.366059651396,143.992041858383,146.944646829656,105278116.174682,722398.98144468,105.27811617468201
XMR,2022-10-29,146.944646829656,149.452192909756,145.776629038743,149.113531361159,96703941.7664434,654110.31934361,96.7039417664434
XMR,2022-10-30,149.113531361159,150.479636232942,146.241651708238,147.260691078487,90411563.580857,608699.079995162,90.41156358085699
XMR,2022-10-31,147.260691078487,150.886466865244,146.138226035147,149.794035725784,128436204.170635,866017.310131468,128.436204170635
XMR,2022-11-01,149.794035725784,151.255241832069,148.068638562174,149.496182327791,113198871.68765,756303.37671312,113.19887168765
XMR,2022-11-02,149.496182327791,151.196622579378,144.79349290672,146.730916011258,130913113.819942,879666.270921132,130.913113819942
XMR,2022-11-03,146.730916011258,150.468517195286,146.397929968273,149.175393836708,102350696.113638,687228.62669145,102.350696113638
XMR,2022-11-04,149.175393836708,158.727494848402,149.175393836708,158.727494848402,118648065.974485,775340.61304325,118.648065974485
XMR,2022-11-05,158.727494848402,162.248530777729,156.742604154998,157.525044599481,126837167.171652,795127.17204989,126.837167171652
XMR,2022-11-06,157.525044599481,160.580123852193,154.387440123017,155.100499281802,112035930.454232,708988.6881287,112.035930454232
XMR,2022-11-07,155.100499281802,159.641565695151,153.12109583057,155.366589076128,127849814.527197,817682.806033716,127.849814527197
XMR,2022-11-08,155.366589076128,157.575926650352,129.68246955068,138.650896887163,228510092.770825,1592164.33100701,228.510092770825
XMR,2022-11-09,138.650896887163,140.148022890276,116.365462353134,119.255847916991,226234552.893536,1736559.68950941,226.234552893536
XMR,2022-11-10,119.255847916991,134.620200531409,118.672665768273,133.316343406341,135188100.991362,1036134.52591786,135.188100991362
XMR,2022-11-11,133.316343406341,134.914508349996,123.025874191707,128.332295527232,148801929.53565,1154592.02310731,148.80192953565
XMR,2022-11-12,128.332295527232,129.971672108397,124.641649445947,128.56119084481,99655843.2430732,785730.31904509,99.65584324307319
XMR,2022-11-13,128.56119084481,131.292405803674,125.850117854232,127.248750514354,111008780.135575,864134.500256748,111.008780135575
XMR,2022-11-14,127.248750514354,130.694287869056,121.667404184687,129.92598278382,128179891.876997,1008954.87311747,128.179891876997
XMR,2022-11-15,129.92598278382,132.570895914173,127.507835695162,129.149247414547,111711804.441524,858292.679908952,111.711804441524
XMR,2022-11-16,129.149247414547,132.478886669909,127.071294903483,132.049701633823,78666000.1330725,605849.870690154,78.6660001330725
XMR,2022-11-17,132.049701633823,133.326272612347,130.238191037777,133.032611079556,96569726.0207115,732068.73896432,96.5697260207115
XMR,2022-11-18,133.032611079556,134.536891387535,130.8069260252,133.338217161041,96770828.9341576,726547.260166804,96.77082893415759
XMR,2022-11-19,133.338217161041,134.749574159412,131.776503161451,134.225605801663,82023556.5585589,616073.055386809,82.0235565585589
XMR,2022-11-20,134.225605801663,134.521070038967,128.526068431101,129.848211459296,92513065.3094303,697635.636082068,92.5130653094303
XMR,2022-11-21,129.848211459296,135.582665569002,125.987334001699,125.987334001699,174060380.164315,1336527.40665424,174.06038016431498
XMR,2022-11-22,125.987334001699,134.245933439818,125.315757302529,134.245933439818,119506594.272799,925236.873467071,119.506594272799
XMR,2022-11-23,134.245933439818,136.800705163143,132.545588735832,134.953188832667,94976368.3069045,703736.63904879,94.97636830690449
XMR,2022-11-24,134.953188832667,137.242220231366,133.25797843859,136.591425066822,60684889.7316852,448618.359041459,60.684889731685196
XMR,2022-11-25,136.591425066822,137.64729227594,133.58048019886,135.827227756743,103576264.277451,763639.881715633,103.57626427745099
XMR,2022-11-26,135.827227756743,138.788517125669,135.114333622954,138.258147331642,103100248.409406,751054.01519605,103.100248409406
XMR,2022-11-27,138.258147331642,138.899245466493,135.507482874114,135.880571758868,94735906.7053323,689621.566038834,94.7359067053323
XMR,2022-11-28,135.880571758868,136.422846603029,132.403409720037,134.460687544468,95527084.3705031,710265.416191667,95.5270843705031
XMR,2022-11-29,134.460687544468,139.239746454754,133.744672405336,137.000585885937,102788455.465762,748336.129423228,102.788455465762
XMR,2022-11-30,137.000585885937,142.017876852444,137.000585885937,141.792784100956,95352704.7613585,680135.367329923,95.3527047613585
XMR,2022-12-01,141.792784100956,144.595848788227,141.090410162177,144.12524416048,116584987.257916,815987.654601245,116.584987257916
XMR,2022-12-02,144.12524416048,146.136970378335,142.616289387426,145.12346856404,95224605.0038278,660442.371162094,95.22460500382779
XMR,2022-12-03,145.12346856404,147.831251828904,143.221127850546,144.853520580531,104299353.664791,713169.284297512,104.299353664791
XMR,2022-12-04,144.853520580531,146.973012747822,141.784007621734,141.817345233226,110751453.309714,768231.890746806,110.75145330971401
XMR,2022-12-05,141.817345233226,145.463445751411,140.756432623494,144.665204611113,105306526.945948,732159.832010572,105.30652694594801
XMR,2022-12-06,144.665204611113,145.484001206411,141.549929578758,143.014226400557,106135172.122713,739089.622256528,106.135172122713
XMR,2022-12-07,143.014226400557,143.991430036782,141.106463826282,143.472914241006,84503600.5446662,592059.597752021,84.5036005446662
XMR,2022-12-08,143.472914241006,148.106644502498,142.675930406915,147.233298901689,95646129.5902375,656512.23995824,95.64612959023749
XMR,2022-12-09,147.233298901689,148.84605878005,145.860460105118,148.642597028764,97347367.6104232,661540.177582117,97.3473676104232
XMR,2022-12-10,148.642597028764,150.342262061233,148.415022300384,149.602666452141,64078633.8081335,428167.504505192,64.0786338081335
XMR,2022-12-11,149.602666452141,151.454687562681,148.767645687923,150.163361277624,95594068.1360347,637130.306639644,95.59406813603469
XMR,2022-12-12,150.163361277624,151.602846506774,147.592087207794,150.15081174751,134247256.242632,894771.808463417,134.247256242632
XMR,2022-12-13,150.15081174751,152.900332506074,148.185026369964,151.624150096345,94144748.8178362,625368.092200632,94.1447488178362
XMR,2022-12-14,151.624150096345,152.379169653776,146.764153527482,148.551363203898,96101242.767489,646387.201418101,96.101242767489
XMR,2022-12-15,148.551363203898,149.299409882049,146.041101968056,148.714261079061,106423769.643311,720674.282880029,106.42376964331099
XMR,2022-12-16,148.714261079061,149.69683344478,140.280575470654,141.635737898838,101355670.703735,693432.480748351,101.355670703735
XMR,2022-12-17,141.635737898838,144.292105962499,138.220963536137,142.948246460858,87308996.390981,616110.65342516,87.30899639098101
XMR,2022-12-18,142.948246460858,145.337916259214,142.28423588945,143.635829609083,90903529.7917694,632835.746413512,90.9035297917694
XMR,2022-12-19,143.635829609083,145.182570216355,142.517448018719,143.398154482245,97178326.2905116,672703.23711906,97.17832629051159
XMR,2022-12-20,143.398154482245,147.038035956638,143.398154482245,146.480741073818,107962312.571198,740380.284155294,107.962312571198
XMR,2022-12-21,146.480741073818,148.361014682479,146.048595061417,146.707671032423,101825969.762095,691378.917580478,101.825969762095
XMR,2022-12-22,146.707671032423,147.256696973634,143.172146674659,144.98259022346,135317096.815997,927154.594607213,135.31709681599702
XMR,2022-12-23,144.98259022346,146.220385921624,139.719481600272,142.603212408708,148016822.959254,1036752.71021816,148.016822959254
XMR,2022-12-24,142.603212408708,143.637808153577,141.238404322398,142.832557312157,100936001.290095,708615.975387001,100.936001290095
XMR,2022-12-25,142.832557312157,144.892290933956,142.601082314723,144.676536641131,139169591.461339,968343.15240766,139.169591461339
XMR,2022-12-26,144.676536641131,146.817502029048,143.879108306672,146.08201308569,155908297.538695,1071181.86461454,155.908297538695
XMR,2022-12-27,146.08201308569,146.675135037641,143.225097045257,144.940870748916,138115956.129022,950201.164300432,138.115956129022
XMR,2022-12-28,144.940870748916,146.480442755611,143.201474561145,146.297373895119,95026430.5850866,656389.335109452,95.0264305850866
XMR,2022-12-29,146.297373895119,146.665393268795,144.399390448605,145.078018782961,113005168.548188,774931.361320552,113.005168548188
XMR,2022-12-30,145.078018782961,146.120442423274,143.826520063771,145.550941411097,106702544.063304,734968.906972277,106.702544063304
XMR,2022-12-31,145.550941411097,147.896521491058,144.929839129273,146.716003956408,94401299.93896,645603.412583508,94.40129993896
XMR,2023-01-01,146.716003956408,148.3996342046,145.811856339594,147.838418817785,94043581.2398531,639446.559807283,94.0435812398531
XMR,2023-01-02,147.838418817785,149.515451436295,147.317841664064,147.346659899893,96771710.2044471,651883.945752343,96.7717102044471
XMR,2023-01-03,147.346659899893,148.53694934657,146.626028965521,147.764099799942,98458979.7257599,665915.701176085,98.45897972575989
XMR,2023-01-04,147.764099799942,152.161713917471,147.764099799942,150.288657956119,133389417.402663,883677.307824876,133.389417402663
XMR,2023-01-05,150.288657956119,155.627085774262,150.101491929043,155.568792377282,114258122.852266,751755.689669569,114.258122852266
XMR,2023-01-06,155.568792377282,158.28069829692,152.38096131663,154.427457886442,113633451.719645,732084.093977151,113.633451719645
XMR,2023-01-07,154.427457886442,155.71853519355,153.203110517682,155.445294981971,94984765.9842521,614213.275558227,94.98476598425209
XMR,2023-01-08,155.445294981971,158.872696767331,154.321351733704,155.064227581001,107768346.390953,689351.092527115,107.768346390953
XMR,2023-01-09,155.064227581001,160.666127664554,155.064227581001,158.326520951257,128685297.54829,812050.202923296,128.68529754829
XMR,2023-01-10,158.326520951257,162.801839603676,157.439256322731,161.227616846769,131530641.563499,825468.297524984,131.53064156349902
XMR,2023-01-11,161.227616846769,170.695338364764,159.807363518952,168.450547452921,133525391.166574,820226.978860884,133.525391166574
XMR,2023-01-12,168.450547452921,171.78036236776,163.805618548012,167.280825895323,194686121.837407,1158047.57566288,194.686121837407
XMR,2023-01-13,167.280825895323,171.295418746511,163.785795819169,170.129008519081,161997497.354485,973265.828291806,161.997497354485
XMR,2023-01-14,170.129008519081,188.137605358,169.700086059555,174.833579059928,256273706.845224,1435244.76532835,256.273706845224
XMR,2023-01-15,174.833579059928,177.89817935302,171.396892726796,174.051133916051,173732885.217007,993515.422554626,173.732885217007
XMR,2023-01-16,174.051133916051,177.149365922148,166.432142600731,167.504238601734,152747040.025729,894355.646293598,152.747040025729
XMR,2023-01-17,167.504238601734,175.441631685709,165.098220485463,171.014078871785,173461756.066943,1014059.36828431,173.461756066943
XMR,2023-01-18,171.014078871785,175.404528203453,160.86947774568,163.682791780737,183846225.63576,1084367.04078383,183.84622563576002
XMR,2023-01-19,163.682791780737,166.684651735653,156.41515770201,165.044971822926,187279548.015403,1164733.31669691,187.279548015403
XMR,2023-01-20,165.044971822926,174.23914848778,164.461387319034,172.749956532782,161890504.77902,963589.389714042,161.89050477902
XMR,2023-01-21,172.749956532782,182.65499675604,170.93957368551,172.237280894022,197325546.326925,1125937.12426472,197.325546326925
XMR,2023-01-22,172.237280894022,182.046416730702,172.036900574766,176.311868905984,147413881.978557,832910.612764774,147.413881978557
XMR,2023-01-23,176.311868905984,180.904770823753,174.614065070072,178.148384322723,178173058.845723,1002553.74835057,178.173058845723
XMR,2023-01-24,178.148384322723,180.865798647328,167.823684311691,171.464033547801,161608088.603946,915898.122278232,161.608088603946
XMR,2023-01-25,171.464033547801,176.590923047407,165.763887491573,172.636278671803,154503541.928664,905686.54251604,154.503541928664
XMR,2023-01-26,172.636278671803,179.291293866324,171.307627830166,172.838661404916,154411631.897534,884175.813082447,154.41163189753402
XMR,2023-01-27,172.838661404916,181.273142734483,167.170215657023,179.316993252851,184590068.424842,1057980.04123726,184.590068424842
XMR,2023-01-28,179.316993252851,186.072366074716,177.469979711842,183.898659242028,183533120.782057,1010082.9689359,183.53312078205698
XMR,2023-01-29,183.898659242028,187.845797820375,181.685002130068,187.296421583248,157219554.033632,852815.604705389,157.21955403363202
XMR,2023-01-30,187.296421583248,187.422230477304,173.859420531293,175.227810152061,149666727.227471,823251.427596215,149.666727227471
XMR,2023-01-31,175.227810152061,180.702057954505,171.359983045982,176.948507062706,162065182.622373,920746.987072164,162.06518262237302
XMR,2023-02-01,176.948507062706,179.723951374495,172.799353850904,177.269093236967,135610731.52823,767979.532613724,135.61073152823002
XMR,2023-02-02,177.269093236967,180.902539123036,172.220462579586,172.67069713525,154859062.451481,871118.096837493,154.859062451481
XMR,2023-02-03,172.67069713525,174.965668820565,169.999225371466,171.493837674228,162002341.990817,938846.426326546,162.002341990817
XMR,2023-02-04,171.493837674228,175.319711836993,170.567255978851,172.735726993635,131612981.434755,761866.350761705,131.612981434755
XMR,2023-02-05,172.735726993635,174.089660441701,164.872766659274,166.138641122648,148383321.45833,873152.335712326,148.38332145833002
XMR,2023-02-06,166.138641122648,168.955287300969,162.932463353492,165.057607850854,154122958.57245,928755.235145205,154.12295857245002
XMR,2023-02-07,165.057607850854,168.608252175458,163.230675639447,168.608252175458,162889631.24718,977344.536474422,162.88963124718
XMR,2023-02-08,168.608252175458,169.365712763662,162.674493337404,166.089373974038,188043031.62539,1130223.63028259,188.04303162539
XMR,2023-02-09,166.089373974038,168.83180639491,151.047869817157,151.905549724302,278327248.175377,1725087.71589872,278.327248175377
XMR,2023-02-10,151.905549724302,158.945530488534,151.02956288132,155.211528000761,278704132.458996,1802792.16079036,278.704132458996
XMR,2023-02-11,155.211528000761,162.117618737099,153.378891816503,161.931629491415,233902142.823333,1473668.46361323,233.902142823333
XMR,2023-02-12,161.931629491415,163.189226250849,157.540922502724,159.01493518016,228174615.101551,1415532.30359874,228.17461510155098
XMR,2023-02-13,159.01493518016,162.686054452884,153.699880895023,155.478421810498,261920865.788244,1654308.50888589,261.920865788244
XMR,2023-02-14,155.478421810498,159.726922406543,153.578830633294,158.055463973665,263713780.359693,1682222.46849024,263.713780359693
XMR,2023-02-15,158.055463973665,166.053271975435,156.022428794037,165.047149141191,249947364.151462,1555748.94721456,249.94736415146198
XMR,2023-02-16,165.047149141191,167.444883199077,154.953837324036,156.213953110216,264398577.763772,1618102.07620821,264.39857776377204
XMR,2023-02-17,156.213953110216,162.590872744597,154.591223721948,159.086360374458,247262229.547784,1555251.68769651,247.262229547784
XMR,2023-02-18,159.086360374458,164.400281826541,158.370387511455,161.169290816572,220296470.464832,1366712.00844975,220.296470464832
XMR,2023-02-19,161.169290816572,166.849554894104,159.320933906935,161.645616649168,241073021.184379,1481561.93847942,241.073021184379
XMR,2023-02-20,161.645616649168,169.387456969476,160.391084649069,161.168711631245,277874853.881926,1678907.7979186,277.874853881926
XMR,2023-02-21,161.168711631245,163.620816814703,156.197768551848,160.204336738285,255938439.078055,1591372.95628435,255.93843907805498
XMR,2023-02-22,160.204336738285,160.204336738285,155.091481162344,157.189521365324,244648612.439308,1555454.66516206,244.64861243930798
XMR,2023-02-23,157.189521365324,160.072907481578,149.727442025594,151.450835815615,261096135.551488,1687491.18388817,261.09613555148803
XMR,2023-02-24,151.450835815615,154.801666293994,148.345408774263,151.020518760238,287329503.63106,1895222.43840709,287.32950363106
XMR,2023-02-25,151.020518760238,152.035301616841,144.694559060292,148.456045418198,262665117.354753,1759364.98162731,262.66511735475297
XMR,2023-02-26,148.456045418198,152.799128784779,147.816740687562,150.920005697926,263751202.761057,1758643.30218292,263.751202761057
XMR,2023-02-27,150.920005697926,152.906354768876,145.942670565149,149.413150669257,279064956.121818,1854972.15382571,279.064956121818
XMR,2023-02-28,149.413150669257,152.597505342863,148.284405980319,149.85723822695,278441347.902957,1852857.46476584,278.44134790295703
XMR,2023-03-01,149.85723822695,154.283698554702,149.85723822695,153.412026018769,292170053.05494,1920807.66843878,292.17005305494
XMR,2023-03-02,153.412026018769,153.850522121008,148.339414360617,150.55557723947,294236912.927243,1942547.31594613,294.236912927243
XMR,2023-03-03,150.55557723947,152.099465664632,141.058118479737,144.431150414969,303925585.261359,2087893.00861693,303.925585261359
XMR,2023-03-04,144.431150414969,148.082235958833,143.701110996622,146.194850665001,266817606.712391,1826873.62571379,266.817606712391
XMR,2023-03-05,146.194850665001,150.543074405623,145.571980268371,150.078042121305,264304366.962315,1782264.01842759,264.304366962315
XMR,2023-03-06,150.078042121305,154.448750132977,147.926270068517,153.669921033351,292704692.769368,1939122.61838913,292.70469276936797
XMR,2023-03-07,153.669921033351,154.717156955572,147.566501421269,149.810593831189,306795980.584348,2038056.4558829,306.795980584348
XMR,2023-03-08,149.810593831189,152.026912188597,143.005781039561,143.005781039561,167378065.752576,1122703.7675563,167.378065752576
XMR,2023-03-09,143.005781039561,152.205729452899,140.464258534536,142.513941260081,102122552.169851,694930.952245859,102.122552169851
XMR,2023-03-10,142.513941260081,142.785474298312,132.137279486366,135.615531848829,91120954.0770054,667963.149470676,91.12095407700541
XMR,2023-03-11,135.615531848829,143.240643950777,133.44608709346,141.018394428244,99041390.6479089,714445.850389746,99.0413906479089
XMR,2023-03-12,141.018394428244,151.102750650024,140.21067969799,150.812051736668,92208596.5481202,638407.243697102,92.2085965481202
XMR,2023-03-13,150.812051736668,155.668751150551,146.221552314692,152.811423556174,88475813.5648352,584976.830644863,88.4758135648352
XMR,2023-03-14,152.811423556174,157.75398129108,147.54408161134,150.029080709938,110276966.601173,719773.488094546,110.276966601173
XMR,2023-03-15,150.029080709938,152.330801306713,142.789365733749,146.704823049526,77920693.1089985,526247.405006208,77.9206931089985
XMR,2023-03-16,146.704823049526,149.775369013924,144.798764654558,149.292958610215,53454178.7283835,361427.039114771,53.454178728383496
XMR,2023-03-17,149.292958610215,154.53828858876,149.271708634969,153.943143099835,69005447.9242193,453843.296591343,69.0054479242193
XMR,2023-03-18,153.943143099835,154.598566608954,146.78637294824,149.507022182381,61294085.4237034,402091.498583289,61.2940854237034
XMR,2023-03-19,149.507022182381,158.852478240882,149.033566417585,153.614145285159,67392247.3695295,434706.509639515,67.3922473695295
XMR,2023-03-20,153.614145285159,155.950622095314,150.079195169776,152.080656013515,66690790.4693171,434684.770625152,66.69079046931711
XMR,2023-03-21,152.080656013515,157.238739201003,149.575206682682,153.471226620206,87180834.3403472,567835.675406729,87.1808343403472
XMR,2023-03-22,153.471226620206,155.012467898792,146.170147399543,148.907465501562,107176677.904187,705721.752156611,107.17667790418699
XMR,2023-03-23,148.907465501562,156.861592449082,148.788462866882,156.722610677489,100292275.224188,652549.48096973,100.292275224188
XMR,2023-03-24,156.722610677489,163.20026386686,155.394886963761,162.212047610066,96784238.8453267,606175.959970353,96.78423884532671
XMR,2023-03-25,162.212047610066,164.913890846577,159.827428128529,159.839530823316,67389338.3141785,415229.329629174,67.3893383141785
XMR,2023-03-26,159.839530823316,165.793712179733,158.947470089866,161.593954298901,58396825.4912696,358075.227164144,58.3968254912696
XMR,2023-03-27,161.593954298901,165.048854613526,151.610724690499,151.703541943883,90011088.3401759,565852.83124277,90.0110883401759
XMR,2023-03-28,151.703541943883,156.158227206525,149.82085418831,154.014221553412,65412108.3380822,425823.080689569,65.4121083380822
XMR,2023-03-29,154.014221553412,160.0736796343,153.762141806305,158.554113603639,77338220.0453845,491328.372652394,77.3382200453845
XMR,2023-03-30,158.554113603639,163.442255190224,154.308494427097,155.325044351875,84668168.7391123,533445.188295832,84.6681687391123
XMR,2023-03-31,155.325044351875,158.397462935071,154.537693046358,157.598359629526,61485700.3038681,392633.921066756,61.4857003038681
XMR,2023-04-01,157.598359629526,157.752222329272,154.006337614853,157.070957357342,39148419.6121585,250587.02226144,39.1484196121585
XMR,2023-04-02,157.070957357342,160.803536839456,156.362638074328,160.256572295386,55921052.3365388,351778.268657847,55.9210523365388
XMR,2023-04-03,160.256572295386,161.859644083588,155.532652336405,156.595342246399,66818046.3594344,419699.37650789,66.8180463594344
XMR,2023-04-04,156.595342246399,159.582503395637,156.061460976223,158.724076995345,57624668.4722311,364780.659951014,57.6246684722311
XMR,2023-04-05,158.724076995345,160.149010677061,156.050358084045,158.073542435924,53858092.7430029,340754.803135073,53.8580927430029
XMR,2023-04-06,158.073542435924,158.600970537707,156.128184720971,156.284400583691,49873131.9523084,316953.286196777,49.8731319523084
XMR,2023-04-07,156.284400583691,157.762140185717,154.936506402767,156.43243393237,53180931.4545958,339605.258372251,53.1809314545958
XMR,2023-04-08,156.43243393237,159.334355096301,156.43243393237,158.215934586808,54938209.5640883,347324.892735183,54.9382095640883
XMR,2023-04-09,158.215934586808,160.457127758445,157.372129435639,160.347053374047,48663795.3908551,306501.070386623,48.6637953908551
XMR,2023-04-10,160.347053374047,160.92869270028,155.425862005492,159.113427618438,86848599.7013986,547876.019454707,86.8485997013986
XMR,2023-04-11,159.113427618438,162.791770331932,158.734526677213,162.133534025581,75334963.2780431,468590.003497539,75.3349632780431
XMR,2023-04-12,162.133534025581,162.893520218605,159.21914497431,162.196650086423,71410646.4115632,443265.601350447,71.4106464115632
XMR,2023-04-13,162.196650086423,164.077424471236,161.547747324734,161.793013706336,56569651.8553296,347589.173500288,56.5696518553296
XMR,2023-04-14,161.793013706336,164.343392044664,159.128891515148,162.124378402452,63586052.1152539,391667.321838423,63.586052115253906
XMR,2023-04-15,162.124378402452,163.70823103026,161.293481548993,162.27572545181,54440229.0694214,334708.130769533,54.440229069421406
XMR,2023-04-16,162.27572545181,164.442612896128,160.739343139151,163.68480367889,46062407.6456634,282708.916715021,46.062407645663406
XMR,2023-04-17,163.68480367889,163.944358884333,159.346728925131,159.475616035266,70816500.1050489,438087.875856537,70.81650010504889
XMR,2023-04-18,159.475616035266,163.142921042685,158.150380802594,162.861475438738,72046428.8683588,446030.710707639,72.0464288683588
XMR,2023-04-19,162.861475438738,163.093892259711,152.185727798028,152.827546531371,102225191.712996,647240.884993567,102.22519171299601
XMR,2023-04-20,152.827546531371,156.419545541753,151.250808454739,153.274420435701,82524517.340896,536273.541226754,82.524517340896
XMR,2023-04-21,153.274420435701,155.720881001502,149.170102034109,150.736428936444,95433180.2573912,623928.407427514,95.4331802573912
XMR,2023-04-22,150.736428936444,157.626874113945,150.147422578744,157.241146167201,77561812.8715382,504073.013802703,77.56181287153821
XMR,2023-04-23,157.241146167201,159.568269415493,155.581088351596,157.327861226127,94559063.3015361,599517.511426937,94.5590633015361
XMR,2023-04-24,157.327861226127,158.973384831576,156.034551297,157.740709880615,92993804.0382987,590488.645176035,92.99380403829869
XMR,2023-04-25,157.740709880615,160.067572385434,154.093229444947,159.506152373042,97708067.0638391,622756.955097666,97.7080670638391
XMR,2023-04-26,159.506152373042,162.590103375248,152.039104270411,156.702060541953,119248230.975244,747125.869329524,119.248230975244
XMR,2023-04-27,156.702060541953,158.887570189791,153.546715444134,153.687708195609,107492416.6435,686121.281270823,107.4924166435
XMR,2023-04-28,153.687708195609,155.635925370672,152.504463429171,153.001498180567,100488277.328073,651874.5062934,100.488277328073
XMR,2023-04-29,153.001498180567,156.347790057999,152.428144350127,154.439943644767,74889414.1772546,484112.977825956,74.88941417725461
XMR,2023-04-30,154.439943644767,157.154498800664,153.593513996994,155.701333171959,73934231.5225099,477228.269780667,73.9342315225099
XMR,2023-05-01,155.701333171959,156.138909026204,150.904409761307,152.558317332413,96226363.349002,629367.361018692,96.226363349002
XMR,2023-05-02,152.558317332413,154.983881282028,152.304470951639,152.651821573812,87564587.416692,570048.520691516,87.564587416692
XMR,2023-05-03,152.651821573812,155.32498074991,151.088527281475,155.052976689213,106447208.928488,696589.09205627,106.447208928488
XMR,2023-05-04,155.052976689213,157.047016851861,154.566552054637,155.262677068211,101929369.522868,654163.449927483,101.929369522868
XMR,2023-05-05,155.262677068211,158.479915628943,154.574814650296,158.369021050484,162849404.525339,1039764.58833698,162.849404525339
XMR,2023-05-06,158.369021050484,159.221569703406,153.91764201799,156.077839359885,167685720.054581,1069777.8009195,167.685720054581
XMR,2023-05-07,156.077839359885,158.836528535665,155.745208009673,156.920125881656,157450039.070311,999091.017145766,157.45003907031102
XMR,2023-05-08,156.920125881656,157.960338890507,149.690104027478,153.464285726465,170722418.333063,1111152.34228545,170.72241833306302
XMR,2023-05-09,153.464285726465,156.814573163637,152.182823807947,155.167995285287,144781809.595849,940182.907646323,144.781809595849
XMR,2023-05-10,155.167995285287,156.325508413959,150.655499568487,153.575765783124,154727871.440051,1001647.3478094,154.727871440051
XMR,2023-05-11,153.575765783124,155.430682641377,151.145189325922,152.557142291244,84024491.4628922,546641.943523909,84.0244914628922
XMR,2023-05-12,152.557142291244,153.8370958768,150.195065288346,153.769506020274,53240094.5268305,350367.361549842,53.240094526830504
XMR,2023-05-13,153.769506020274,153.861371331378,152.47534999462,152.945839800139,33223172.0823854,216998.10733751,33.223172082385396
XMR,2023-05-14,152.945839800139,154.196504578523,152.541168631053,154.026298120936,34190308.1572202,222928.854580663,34.1903081572202
XMR,2023-05-15,154.026298120936,154.532814882462,152.046231742173,152.046231742173,38202972.6613306,248480.453792122,38.202972661330605
XMR,2023-05-16,152.046231742173,152.858207784706,150.601137047549,151.637284007096,41109585.7733451,271077.223727719,41.109585773345096
XMR,2023-05-17,151.637284007096,152.398331681382,150.943438131099,151.34290577525,43085146.028499,284172.973952848,43.085146028499
XMR,2023-05-18,151.34290577525,152.064048005553,149.213459089139,151.043894414367,48736338.030777,322851.219884853,48.736338030777
XMR,2023-05-19,151.043894414367,152.328106667218,149.69405853072,150.408614611791,42431666.1794117,280549.954640659,42.4316661794117
XMR,2023-05-20,150.408614611791,151.624316203743,149.734355841443,150.351875233438,34951169.9541773,232089.838111321,34.951169954177296
XMR,2023-05-21,150.351875233438,151.405129896071,149.208708171638,149.990802655359,31774834.4446861,211518.146015242,31.7748344446861
XMR,2023-05-22,149.990802655359,152.790200444304,149.241767599715,151.490109733436,47934085.5141068,316550.57431486,47.934085514106805
XMR,2023-05-23,151.490109733436,153.020112541311,151.039132754893,151.64366073258,50664391.7647099,333565.844097383,50.6643917647099
XMR,2023-05-24,151.64366073258,151.878031999032,148.12557878302,150.137448695171,48631440.5363234,324364.285846542,48.631440536323396
XMR,2023-05-25,150.137448695171,151.695113966945,149.075863660355,151.023799888719,58307289.0604979,386797.601076777,58.3072890604979
XMR,2023-05-26,151.023799888719,151.866584188791,150.414939862098,150.593873336696,42146744.6085714,278892.879262057,42.1467446085714
XMR,2023-05-27,150.593873336696,151.49119955763,150.398572726394,151.251563030296,30678166.6655283,203122.15126271,30.678166665528302
XMR,2023-05-28,151.251563030296,156.496955285938,151.080693798952,155.229054215186,54759452.4238382,356115.164788459,54.7594524238382
XMR,2023-05-29,155.229054215186,156.677524274557,152.946759178931,153.951962951269,66987104.0417529,432459.13763342,66.9871040417529
XMR,2023-05-30,153.951962951269,154.658305515664,152.39925132382,152.984388689932,57518765.6391827,374892.838798446,57.5187656391827
XMR,2023-05-31,152.984388689932,153.518364528862,144.817675756254,145.899947444214,63883807.1453807,428332.601437937,63.8838071453807
XMR,2023-06-01,145.899947444214,148.633438301941,145.109651851668,146.43284741714,52561493.7069796,356812.376260537,52.561493706979604
XMR,2023-06-02,146.43284741714,147.555879225262,144.839552118859,146.066353003879,54968322.0265124,376417.926254784,54.968322026512396
XMR,2023-06-03,146.066353003879,148.651603375639,145.678649035691,148.320154071988,42479001.4833874,288750.061567737,42.4790014833874
XMR,2023-06-04,148.320154071988,150.149441670412,148.026781193728,148.153530317029,44896134.3025107,300976.529465674,44.8961343025107
XMR,2023-06-05,148.153530317029,148.491019030208,137.707090620353,141.152999754963,63503696.438811,441175.546987094,63.503696438811
XMR,2023-06-06,141.152999754963,150.896704391598,138.852554340095,147.148031700107,62575133.6848501,437121.792163043,62.575133684850094
XMR,2023-06-07,147.148031700107,150.537154612869,143.559328509084,145.155988670522,45881535.4093401,314715.916114296,45.881535409340096
XMR,2023-06-08,145.155988670522,145.906829408454,142.376954183321,142.504741300538,43015692.7178595,298680.581275972,43.0156927178595
XMR,2023-06-09,142.504741300538,143.371583786359,140.950468298049,143.082193541573,40863432.5256555,286961.092159008,40.8634325256555
XMR,2023-06-10,143.082193541573,143.861251908295,126.957429007366,137.721615068146,65423562.2533174,481786.54186359,65.4235622533174
XMR,2023-06-11,137.721615068146,138.985762071321,135.570395043481,137.986359208905,28306813.4946218,206172.857827064,28.3068134946218
XMR,2023-06-12,137.986359208905,140.833762343454,135.757709717839,140.130030786878,57126294.1896187,410660.854844606,57.1262941896187
XMR,2023-06-13,140.130030786878,141.533379321669,136.511435926639,136.511435926639,60773922.9468072,436035.050505639,60.7739229468072
XMR,2023-06-14,136.511435926639,137.300115944615,131.633438220241,133.835778851145,52902597.3952823,392230.712782296,52.9025973952823
XMR,2023-06-15,133.835778851145,134.915329018863,131.455895482391,134.21517906177,52359515.5255661,392849.911662527,52.3595155255661
XMR,2023-06-16,134.21517906177,137.30799957691,132.43177561969,134.516831209868,38873737.6288685,287651.069986242,38.8737376288685
XMR,2023-06-17,134.516831209868,136.895517728946,134.266126150082,136.417364560288,24886054.1300029,183048.195815359,24.8860541300029
XMR,2023-06-18,136.417364560288,141.183178591944,136.074451294849,137.245413809924,36357690.6317935,261661.423805785,36.357690631793496
XMR,2023-06-19,137.245413809924,139.462245605022,136.201151659155,138.218706012447,37001076.306175,268562.169939965,37.001076306175
XMR,2023-06-20,138.218706012447,142.804506523369,137.222207384616,141.737798776142,51430382.6847629,365782.394767621,51.430382684762904
XMR,2023-06-21,141.737798776142,145.915498682962,141.123344335285,144.994152369286,57287017.7645114,398011.689472383,57.2870177645114
XMR,2023-06-22,144.994152369286,153.089561744018,144.994152369286,149.89304509942,62828961.3059347,423664.317956447,62.8289613059347
XMR,2023-06-23,149.89304509942,155.503644183849,148.97574481439,154.605314102156,64412161.5719982,422673.289747023,64.4121615719982
XMR,2023-06-24,154.605314102156,159.78862709494,153.360293484683,156.629536483702,77454850.8034314,495218.858461014,77.45485080343141
XMR,2023-06-25,156.629536483702,166.282533605974,156.050669572094,163.349655807688,72032897.7790796,444233.330215196,72.0328977790796
XMR,2023-06-26,163.349655807688,166.468190903939,158.58542264244,163.646625115245,81672559.0150512,499047.7137941,81.6725590150512
XMR,2023-06-27,163.646625115245,170.790259189531,163.41343971696,167.639670095224,72626841.627495,432766.356012759,72.62684162749501
XMR,2023-06-28,167.639670095224,170.507687816952,162.980218294778,164.658966457883,60825566.9573977,364861.591727998,60.8255669573977
XMR,2023-06-29,164.658966457883,167.597600592016,161.006966594352,163.764467925382,45534165.7936395,277163.127990403,45.5341657936395
XMR,2023-06-30,163.764467925382,169.545660170826,161.109887987457,168.300486518068,78892048.761424,472914.70995383,78.89204876142401
XMR,2023-07-01,168.300486518068,169.041116861682,166.58340254447,166.970397658009,39784394.3415014,236691.438037662,39.7843943415014
XMR,2023-07-02,166.970397658009,168.697277482238,162.971167823421,168.697277482238,39957523.5296563,241949.79139003,39.9575235296563
XMR,2023-07-03,168.697277482238,172.310691489575,167.371096809779,168.967396731358,61338151.2123888,361510.424599433,61.3381512123888
XMR,2023-07-04,168.967396731358,171.129846719297,166.021198225584,166.024394586929,48667550.7049624,288243.882915122,48.6675507049624
XMR,2023-07-05,166.024394586929,169.405057128336,161.761520937421,166.762668594682,52106279.0525289,314799.579000196,52.106279052528905
XMR,2023-07-06,166.762668594682,169.644225451652,163.815800036825,165.52109480629,45429606.3143988,271476.508054334,45.429606314398804
XMR,2023-07-07,165.52109480629,168.529823516739,163.740076191792,165.457628472994,42592255.9683011,257045.88591332,42.5922559683011
XMR,2023-07-08,165.457628472994,168.726947474895,165.144258946805,167.344173694206,46913049.5305898,280926.509633465,46.913049530589795
XMR,2023-07-09,167.344173694206,168.819408557302,165.128910750073,165.869907536169,39254825.4156868,234465.854437167,39.2548254156868
XMR,2023-07-10,165.869907536169,166.643865529538,163.091484916313,163.546514178016,44229452.2705566,267746.556176591,44.2294522705566
XMR,2023-07-11,163.546514178016,165.567633999998,162.929441780719,165.226284591483,37071377.8762922,226020.626408871,37.071377876292196
XMR,2023-07-12,165.226284591483,165.448636922708,163.050339062336,163.447739776641,35792064.0703002,218036.773792556,35.7920640703002
XMR,2023-07-13,163.447739776641,167.495108867924,161.757575763867,165.250383187478,48789676.3115792,297223.43311578,48.7896763115792
XMR,2023-07-14,165.250383187478,166.55506911245,155.747746979904,160.681262889307,63820099.4990274,391538.880187461,63.8200994990274
XMR,2023-07-15,160.681262889307,166.172997220551,158.768681713545,164.749531999365,39523587.5760364,242855.253688398,39.5235875760364
XMR,2023-07-16,164.749531999365,166.161672197596,163.064285879101,165.436838814565,40320456.0983121,244568.87151371,40.3204560983121
XMR,2023-07-17,165.436838814565,168.846783301884,163.369963506622,168.070450122681,49983080.1068585,301879.578879767,49.9830801068585
XMR,2023-07-18,168.070450122681,168.625580945066,164.205555330835,166.934511705819,66968113.3347256,402941.570810503,66.9681133347256
XMR,2023-07-19,166.934511705819,170.206754571665,165.390951810713,165.830226237991,91663505.4976113,544614.741826904,91.6635054976113
XMR,2023-07-20,165.830226237991,168.393328583483,163.168131663686,165.849650677614,86432187.8770493,521065.762907201,86.4321878770493
XMR,2023-07-21,165.849650677614,166.240035492862,160.817146900962,161.95512924128,91525313.1247012,561136.714353619,91.5253131247012
XMR,2023-07-22,161.95512924128,163.911069287915,161.220611094863,162.348614678252,79205147.7355149,487191.362674187,79.2051477355149
XMR,2023-07-23,162.348614678252,166.271443895189,161.586499036389,163.695772866308,80164312.0377965,486840.093102676,80.16431203779649
XMR,2023-07-24,163.695772866308,164.577611078605,159.923216299751,160.944638693486,90338601.29644,557195.195859665,90.33860129644
XMR,2023-07-25,160.944638693486,163.076415975049,159.842101343812,162.764069771879,67761858.571905,419298.81354412,67.76185857190501
XMR,2023-07-26,162.764069771879,163.582555606047,161.143136679186,163.077090316854,78295350.912596,481871.338178756,78.295350912596
XMR,2023-07-27,163.077090316854,164.165017480179,161.364112356475,162.183623751987,90116472.3625945,552907.962251196,90.11647236259451
XMR,2023-07-28,162.183623751987,164.386095064088,161.939234274242,162.963278118594,91580477.6070595,561141.890136404,91.58047760705949
XMR,2023-07-29,162.963278118594,164.13098485653,161.947262618799,162.994563791088,59641763.4906059,365904.694884556,59.641763490605896
XMR,2023-07-30,162.994563791088,163.682583173814,158.37007197079,160.279774221139,40756389.3032599,251965.631754131,40.7563893032599
XMR,2023-07-31,160.279774221139,161.81037544704,159.730969377339,161.185851134079,48369718.7550225,300697.894796391,48.369718755022504
XMR,2023-08-01,161.185851134079,163.480683624735,157.482656861582,160.227581300491,95601332.8050065,595718.634027007,95.6013328050065
XMR,2023-08-02,160.227581300491,160.86298983011,159.029848986402,159.947743709027,66993700.5306465,419125.709617274,66.9937005306465
XMR,2023-08-03,159.947743709027,161.705216130468,159.791441726473,160.323375972591,73784267.385721,459240.175594371,73.784267385721
XMR,2023-08-04,160.323375972591,161.779210552246,157.29602258082,158.356778524613,80421251.1766164,505098.504941938,80.4212511766164
XMR,2023-08-05,158.356778524613,161.151007946242,157.789767036163,159.60242113446,70135821.7313761,440705.069506585,70.1358217313761
XMR,2023-08-06,159.60242113446,160.937531605553,159.16330042677,159.590132368679,60121229.0753623,375828.257140435,60.1212290753623
XMR,2023-08-07,159.590132368679,160.674384242409,157.165174913288,158.229405627395,69316858.8379097,436491.867257813,69.31685883790969
XMR,2023-08-08,158.229405627395,160.068267253822,157.720483391196,158.833171159892,72698388.0987234,457851.509696519,72.6983880987234
XMR,2023-08-09,158.833171159892,159.543454390165,156.551899189852,157.143183702517,66372251.5838837,419611.208819386,66.37225158388371
XMR,2023-08-10,157.143183702517,157.485459264923,154.283705094716,155.98619810966,75738239.7814375,486903.710558974,75.7382397814375
XMR,2023-08-11,155.98619810966,158.850650971089,155.836334608837,156.730066140372,62463457.9336841,398120.22144532,62.463457933684104
XMR,2023-08-12,156.730066140372,158.187798154924,156.361718817667,157.862532852472,56518811.8058861,359378.405965688,56.518811805886095
XMR,2023-08-13,157.862532852472,159.539152959473,157.029474942723,158.113611063867,55195938.2480971,348171.373632274,55.1959382480971
XMR,2023-08-14,158.113611063867,159.822439323161,157.919926312803,158.32237349074,69127837.5021545,435167.407893143,69.1278375021545
XMR,2023-08-15,158.32237349074,158.55515460972,154.77307925105,155.292520490115,52291837.3553579,332729.50032326,52.2918373553579
XMR,2023-08-16,155.292520490115,156.2574572648,152.8457246905,153.883863448775,71077197.0302963,458354.707008344,71.07719703029629
XMR,2023-08-17,153.883863448775,154.511569930574,137.603885718336,141.601579944088,72655660.4257603,488419.520512157,72.6556604257603
XMR,2023-08-18,141.601579944088,145.085144345597,140.907549104861,143.462808514191,51974679.0163486,362291.916285333,51.9746790163486
XMR,2023-08-19,143.462808514191,145.08059794668,143.029354439746,144.253847782008,30621502.6572331,212538.905053992,30.6215026572331
XMR,2023-08-20,144.253847782008,149.159044354751,143.519183318788,147.242028865756,44672906.9128348,304218.428623964,44.6729069128348
XMR,2023-08-21,147.242028865756,149.623450088207,144.790189120791,149.536449741295,49067542.3108948,332149.865589324,49.0675423108948
XMR,2023-08-22,149.536449741295,149.73745676027,143.492999685408,145.391484955834,50340232.3214134,340658.681413676,50.340232321413396
XMR,2023-08-23,145.391484955834,146.255737444179,142.571624087889,143.004585555287,51102562.1545025,354661.702917352,51.1025621545025
XMR,2023-08-24,143.004585555287,143.096758498888,135.779223324327,138.474590959111,62466968.9010054,449776.791815945,62.4669689010054
XMR,2023-08-25,138.474590959111,140.109776671696,137.086456203637,140.049412415569,44879838.8598998,322881.584125851,44.8798388598998
XMR,2023-08-26,140.049412415569,145.038145720939,139.848361664966,142.988651156355,61173507.1732399,427963.766785334,61.173507173239905
XMR,2023-08-27,142.988651156355,145.797036058187,142.744006012844,145.301075289738,47364499.3363663,327503.460553236,47.3644993363663
XMR,2023-08-28,145.301075289738,149.953711027451,142.460124353629,145.190239604861,62915123.0390511,432957.500380579,62.9151230390511
XMR,2023-08-29,145.190239604861,148.312426024329,142.944135098846,146.755144866096,56878056.0299347,390920.185207843,56.8780560299347
XMR,2023-08-30,146.755144866096,148.225632942072,140.759922352432,142.033300469248,64870209.410684,450628.868761195,64.870209410684
XMR,2023-08-31,142.033300469248,144.712025098041,140.369792680793,143.124537961806,68711802.4089029,479078.816780181,68.7118024089029
XMR,2023-09-01,143.124537961806,144.736931179121,139.007027165995,140.761429084383,47164050.6559583,331631.954370664,47.1640506559583
XMR,2023-09-02,140.761429084383,141.729280824549,139.118960317443,140.06264156303,33984355.5365444,242050.043802097,33.9843555365444
XMR,2023-09-03,140.06264156303,141.384783341266,139.176023330985,140.70763001296,32432812.419153,230858.710955015,32.432812419153
XMR,2023-09-04,140.70763001296,143.883534650862,140.697232311957,141.09711193186,43837014.2246781,308423.039085212,43.8370142246781
XMR,2023-09-05,141.09711193186,141.255829113862,137.475250240711,137.585677194293,37121819.314825,265726.759876217,37.121819314825
XMR,2023-09-06,137.585677194293,142.646965448255,137.501992747866,142.067043872227,45665529.6413177,327187.477878262,45.665529641317704
XMR,2023-09-07,142.067043872227,143.303945000902,141.072994898003,143.292210557271,49691565.9088615,349070.641052365,49.691565908861506
XMR,2023-09-08,143.292210557271,144.208378829928,140.750622681239,143.851514855378,37595785.4214539,263307.028983953,37.595785421453904
XMR,2023-09-09,143.851514855378,144.046310152131,142.189896753035,143.370243924462,28031834.5633678,195645.448518011,28.0318345633678
XMR,2023-09-10,143.370243924462,143.759728135268,141.699135476725,142.866433652605,26105912.2264325,183021.401952145,26.105912226432498
XMR,2023-09-11,142.866433652605,143.643590682262,138.08270251908,139.855700310789,49417920.8520409,351780.342667892,49.4179208520409
XMR,2023-09-12,139.855700310789,142.863838197751,139.174885444867,140.757099100601,49747709.5461526,351803.091140782,49.7477095461526
XMR,2023-09-13,140.757099100601,144.719235042673,140.461744554512,143.112480358045,45787018.9773477,319150.349144951,45.7870189773477
XMR,2023-09-14,143.112480358045,147.076073109271,142.17982294018,146.491891560754,36813791.3207721,253996.654122145,36.8137913207721
XMR,2023-09-15,146.491891560754,149.155719598771,146.306341371333,147.740638472996,49540524.7063639,335741.342912538,49.540524706363904
XMR,2023-09-16,147.740638472996,148.045919860996,144.067083020933,144.371811486335,29200133.632193,200370.330856529,29.200133632192998
XMR,2023-09-17,144.371811486335,146.18434544431,143.177064770844,145.748971654431,26394256.830761,182238.870027115,26.394256830761
XMR,2023-09-18,145.748971654431,148.067042131483,144.981926664795,145.741736994488,35518071.7034072,242396.667253584,35.518071703407195
XMR,2023-09-19,145.741736994488,148.508579734403,145.679096245018,147.670256865088,31171365.7092643,211543.799677067,31.1713657092643
XMR,2023-09-20,147.670256865088,148.52197128971,145.867757225996,148.193802855779,38230945.5761578,259259.454200549,38.2309455761578
XMR,2023-09-21,148.193802855779,148.325301597759,145.090645806555,145.144124949223,33414349.4593561,227740.532627415,33.414349459356096
XMR,2023-09-22,145.144124949223,146.913408658351,144.567781460008,145.036870471833,31185437.5279231,214161.677433691,31.1854375279231
XMR,2023-09-23,145.036870471833,145.498686654684,141.640392220963,141.730507235785,27790090.5462638,193714.782171766,27.790090546263798
XMR,2023-09-24,141.730507235785,144.49017288254,141.727148022238,143.79560232386,26095726.9758704,182202.941155617,26.095726975870402
XMR,2023-09-25,143.79560232386,145.483897838598,143.095914598302,144.343644094345,33827462.9093567,234527.873008538,33.8274629093567
XMR,2023-09-26,144.343644094345,145.204741059826,143.234101033531,144.720350003708,33059385.4046263,229337.719389883,33.0593854046263
XMR,2023-09-27,144.720350003708,146.632398402623,144.166286346937,146.486476434765,35894676.4317588,247055.817758364,35.894676431758796
XMR,2023-09-28,146.486476434765,147.53545653869,145.366344229917,146.025389952029,34125943.6837615,233074.849077363,34.1259436837615
XMR,2023-09-29,146.025389952029,146.814532505122,144.836078032042,146.801194503433,27330755.3017357,187688.395441997,27.3307553017357
XMR,2023-09-30,146.801194503433,148.212973082491,145.197190680851,146.568864510131,30606796.5482717,208904.503928862,30.6067965482717
XMR,2023-10-01,146.568864510131,149.774872564115,145.620307779618,149.107341828175,53322167.1496974,361009.090141139,53.3221671496974
XMR,2023-10-02,149.107341828175,149.9822941255,145.486739123764,146.044844458812,49003287.8533364,330358.335439408,49.0032878533364
XMR,2023-10-03,146.044844458812,147.844941466049,145.054710923165,147.194931355061,38113723.3502808,260014.223032456,38.1137233502808
XMR,2023-10-04,147.194931355061,150.714828657033,145.707234670799,150.376537923721,45389390.9719704,305403.537495136,45.3893909719704
XMR,2023-10-05,150.376537923721,151.389358955058,148.445107032357,149.525427341747,42385348.1278872,282419.40153958,42.3853481278872
XMR,2023-10-06,149.525427341747,152.686833899005,148.483609156912,151.909391444325,37773551.5614213,251047.159839094,37.7735515614213
XMR,2023-10-07,151.909391444325,155.393035673888,150.98585083107,155.388472749468,48616292.6904851,317999.975310019,48.616292690485096
XMR,2023-10-08,155.388472749468,156.651093768385,153.700572718677,156.267147580184,45470246.0589039,293269.293391288,45.4702460589039
XMR,2023-10-09,156.267147580184,156.298049443948,151.921185331602,153.755409576257,48469544.390042,314813.871710212,48.469544390041996
XMR,2023-10-10,153.755409576257,156.751507167889,152.01713807255,152.191101091243,41034052.4995632,267934.178266909,41.0340524995632
XMR,2023-10-11,152.191101091243,153.956509330991,150.900563295336,153.90022501757,48579831.9904471,319276.859071933,48.5798319904471
XMR,2023-10-12,153.90022501757,154.439681196634,150.948931161759,152.391029019354,51553884.796329,337565.562430968,51.553884796329
XMR,2023-10-13,152.391029019354,154.495999963412,150.936874472778,153.539095529632,39101489.232523,256622.274120869,39.101489232523
XMR,2023-10-14,153.539095529632,154.322927864641,151.673681448178,152.793988238933,24727457.7869376,161438.335092108,24.7274577869376
XMR,2023-10-15,152.793988238933,153.416753590444,152.059413043128,152.32368920423,23587723.7372222,154542.335869188,23.5877237372222
XMR,2023-10-16,152.32368920423,153.798330966799,150.943324022697,152.494047677343,51366201.5310417,337746.112933795,51.366201531041696
XMR,2023-10-17,152.494047677343,152.494047677343,149.455230198509,150.509006738456,46983332.6914899,310857.870145539,46.9833326914899
XMR,2023-10-18,150.509006738456,152.426565000954,149.668741051175,149.696918906422,37942571.9763359,251132.704104408,37.9425719763359
XMR,2023-10-19,149.696918906422,152.578100791664,146.819771649375,152.578100791664,50588989.6306675,335804.413028244,50.5889896306675
XMR,2023-10-20,152.578100791664,157.333850884825,151.847718614417,154.850465671066,58765464.9723785,379232.730344827,58.7654649723785
XMR,2023-10-21,154.850465671066,158.174741718516,154.335448876705,157.809277124954,35355111.669887,226155.065101956,35.355111669887
XMR,2023-10-22,157.809277124954,160.283635197668,156.470848401912,159.005660611676,44818869.4141291,283062.563562564,44.818869414129104
XMR,2023-10-23,159.005660611676,161.887458224982,157.064978087554,160.899120658277,72842335.7771447,457723.882235339,72.8423357771447
XMR,2023-10-24,160.899120658277,163.580282279529,155.848472003181,157.961758284109,87966052.2155841,551270.301598807,87.9660522155841
XMR,2023-10-25,157.961758284109,160.572429837149,154.508835627493,160.090141933805,69495153.7174296,439874.200107641,69.49515371742959
XMR,2023-10-26,160.090141933805,162.47091867695,156.784315046153,159.605005921967,69746978.0812912,435981.542710932,69.7469780812912
XMR,2023-10-27,159.605005921967,161.094370752382,156.88504644694,160.759131411552,64581546.9240518,404450.318170042,64.58154692405179
XMR,2023-10-28,160.759131411552,162.665941492561,159.656225435418,161.998403874285,39750517.8240829,245958.655466255,39.750517824082905
XMR,2023-10-29,161.998403874285,174.947018617575,160.083303478929,174.570807614373,97834990.2697841,589650.604028707,97.83499026978409
XMR,2023-10-30,174.570807614373,175.571371294625,164.823572942916,172.763912622118,110831648.961001,646983.906124929,110.831648961001
XMR,2023-10-31,172.763912622118,173.822205872921,168.791275660198,172.226931109391,66476286.4755434,387766.872622243,66.4762864755434
XMR,2023-11-01,172.226931109391,172.804425653414,169.464115246763,171.606996273683,86370067.2319331,504984.61987515,86.3700672319331
XMR,2023-11-02,171.606996273683,172.464335894105,167.871588035013,171.038019343318,106467792.909248,623869.048549067,106.46779290924799
XMR,2023-11-03,171.038019343318,173.192776755026,168.709549295753,170.903765904045,84320638.8492604,492676.066523938,84.3206388492604
XMR,2023-11-04,170.903765904045,171.690802180764,165.414769657524,168.280726880299,39350786.3322003,232930.950159677,39.3507863322003
XMR,2023-11-05,168.280726880299,170.956828706352,167.53175784176,169.397115237448,38079821.7161854,225003.359989454,38.0798217161854
XMR,2023-11-06,169.397115237448,169.701396569549,164.491476138774,165.224274169899,56897527.4854436,341879.729124316,56.8975274854436
XMR,2023-11-07,165.224274169899,168.304131140583,161.938916096566,166.183964428496,96025686.0574871,580553.322950339,96.0256860574871
XMR,2023-11-08,166.183964428496,167.721075733994,164.298838568154,167.350526024628,93684534.068565,564181.301046017,93.684534068565
XMR,2023-11-09,167.350526024628,171.200645233492,159.239940026936,170.254778809172,112776209.068546,675554.685774952,112.776209068546
XMR,2023-11-10,170.254778809172,173.693171404895,167.244740695919,170.873078428113,94347776.2105305,551402.028635011,94.3477762105305
XMR,2023-11-11,170.873078428113,174.822387911763,168.060550529753,169.312833196209,90286253.9370738,529643.001277704,90.2862539370738
XMR,2023-11-12,169.312833196209,171.639345544406,166.743719149927,171.194224829889,71025001.5750456,419756.790574231,71.02500157504561
XMR,2023-11-13,171.194224829889,172.801412949962,162.693351984174,162.693351984174,66797317.6411218,396913.107416525,66.7973176411218
XMR,2023-11-14,162.693351984174,166.513414201249,159.302675056452,163.303875406911,68181570.3701687,416733.688650023,68.1815703701687
XMR,2023-11-15,163.303875406911,166.526281019815,158.246927112004,161.107293129519,93651805.4753084,572869.401917931,93.65180547530841
XMR,2023-11-16,161.107293129519,162.459729568998,157.642516843066,160.78892808485,47482448.8767377,296729.724127157,47.4824488767377
XMR,2023-11-17,160.78892808485,166.996898744164,160.412480897533,162.894826549224,100764900.087223,616656.214076494,100.764900087223
XMR,2023-11-18,162.894826549224,162.910645082833,159.001965178176,160.812058260206,56092152.4989319,348669.897782626,56.0921524989319
XMR,2023-11-19,160.812058260206,164.233650581084,159.478775256738,164.055498584185,47598613.8853426,294801.607879824,47.5986138853426
XMR,2023-11-20,164.055498584185,165.030361164345,161.917164343795,163.049813556267,59704513.9319808,364350.533012137,59.704513931980806
XMR,2023-11-21,163.049813556267,165.871116603703,158.496212599402,159.028673415693,73054569.1588356,446850.722922727,73.0545691588356
XMR,2023-11-22,159.028673415693,163.785703249671,158.583843230018,162.989911914622,77031393.1410747,474443.73130897,77.0313931410747
XMR,2023-11-23,162.989911914622,167.665164956791,162.963138688777,165.778398804683,74382038.8532843,448688.746867006,74.3820388532843
XMR,2023-11-24,165.778398804683,171.103116748081,165.734765388175,170.122685932858,75100425.2231232,445684.141814977,75.1004252231232
XMR,2023-11-25,170.122685932858,172.043977677329,168.969202783304,171.206636076245,59818928.4589416,350603.462342047,59.8189284589416
XMR,2023-11-26,171.206636076245,172.121557881056,167.916798457789,169.118431576427,52683594.1799283,309042.43109043,52.683594179928306
XMR,2023-11-27,169.118431576427,169.73255845332,164.708413431865,165.214335507872,79435430.14049,475744.406561204,79.43543014049
XMR,2023-11-28,165.214335507872,167.231075192415,163.332939253143,166.938406057424,68723667.2169225,415410.977333733,68.72366721692251
XMR,2023-11-29,166.938406057424,167.137218845091,164.525558687186,165.364354009398,75613527.3206194,455579.493144148,75.61352732061941
XMR,2023-11-30,165.364354009398,169.792526200708,165.332598449259,169.307058360408,72130127.4503373,429532.996444232,72.13012745033731
XMR,2023-12-01,169.307058360408,171.15244377488,168.653286153892,170.888368076543,78546449.1578576,461276.234909968,78.5464491578576
XMR,2023-12-02,170.888368076543,173.322740555829,169.53113071629,171.553988546476,77091346.4196121,450145.010042661,77.0913464196121
XMR,2023-12-03,171.553988546476,173.031379336858,169.336133792229,171.200614077434,60266720.1669479,351810.576377326,60.2667201669479
XMR,2023-12-04,171.200614077434,173.762321503113,166.413457968769,169.784788258796,101584154.849968,598890.541890272,101.584154849968
XMR,2023-12-05,169.784788258796,171.87565159301,167.525540854233,170.136193067172,92462964.4945824,545614.362432216,92.4629644945824
XMR,2023-12-06,170.136193067172,173.043806187085,169.609992456535,169.898862035227,96274227.3968749,562279.425380922,96.2742273968749
XMR,2023-12-07,169.898862035227,175.902540896219,169.511788289537,172.458551082051,93547546.6184578,539163.661874841,93.5475466184578
XMR,2023-12-08,172.458551082051,174.981441895334,171.657578784199,173.614260600904,105258538.407604,608020.083481086,105.258538407604
XMR,2023-12-09,173.614260600904,176.759264928467,173.538684883522,174.557513105972,80047689.9998684,457249.541222286,80.0476899998684
XMR,2023-12-10,174.557513105972,177.92804778497,174.256421862937,175.18995198843,74237702.3942889,421423.694033049,74.2377023942889
XMR,2023-12-11,175.18995198843,175.755931633534,165.225249457986,171.345393910488,109754439.455075,645382.311172993,109.754439455075
XMR,2023-12-12,171.345393910488,172.39522563463,167.663538756628,170.025730122373,94096314.5968736,552244.940989995,94.0963145968736
XMR,2023-12-13,170.025730122373,170.125379327225,166.336224105159,168.155555301956,90147614.5837454,536809.348519727,90.14761458374541
XMR,2023-12-14,168.155555301956,168.761419432546,165.89290773983,167.590732836532,85411522.7703217,509569.38753883,85.4115227703217
XMR,2023-12-15,167.590732836532,171.252536272717,167.376641945071,167.621694945358,95362570.400701,564040.116380764,95.362570400701
XMR,2023-12-16,167.621694945358,170.396394986935,166.401132752882,167.031059254378,79473372.9539049,472019.287233776,79.4733729539049
XMR,2023-12-17,167.031059254378,168.603718733511,166.249716681132,166.543420867834,69904202.4785312,417885.887743344,69.9042024785312
XMR,2023-12-18,166.543420867834,173.22401951552,165.786846468797,172.991640655914,100411249.180353,591645.367491768,100.411249180353
XMR,2023-12-19,172.991640655914,175.190432988804,167.674567180151,170.666778868135,95922439.7785319,558808.200838324,95.9224397785319
XMR,2023-12-20,170.666778868135,174.405667855392,170.299286051814,174.17864521946,82016407.8798384,474067.91871122,82.01640787983841
XMR,2023-12-21,174.17864521946,175.508168469345,172.151104600721,172.784552816109,82319130.2564299,473373.519795217,82.3191302564299
XMR,2023-12-22,172.784552816109,176.390448987706,170.950969869885,176.307021821772,100367369.404855,579486.460190221,100.367369404855
XMR,2023-12-23,176.307021821772,177.947158590673,174.563717660381,177.523724350075,76781673.7983765,436505.035871941,76.7816737983765
XMR,2023-12-24,177.523724350075,178.198262933087,170.768696174895,171.133342391592,74622640.5285445,425746.384337341,74.6226405285445
XMR,2023-12-25,171.133342391592,174.218928011223,170.369583639556,173.729535894862,65451067.3411681,378801.120851414,65.4510673411681
XMR,2023-12-26,173.729535894862,175.72669723067,170.828694706489,173.433737847616,78469721.8060153,451251.932030422,78.4697218060153
XMR,2023-12-27,173.433737847616,176.179834997558,172.109161237517,174.8248244971,80685443.0037235,463821.289548228,80.6854430037235
XMR,2023-12-28,174.8248244971,179.770030582191,172.313437770604,174.288008359445,128927338.238082,732766.786551433,128.927338238082
XMR,2023-12-29,174.288008359445,175.596583874573,162.274472691087,165.97992115941,135357557.298981,800688.457116243,135.35755729898102
XMR,2023-12-30,165.97992115941,168.767062161398,162.072189073536,165.614373632174,84810552.460302,515018.1401681,84.81055246030199
XMR,2023-12-31,165.614373632174,167.737888406249,163.510781300934,164.850775807689,68200894.8874925,412141.191818165,68.2008948874925
XMR,2024-01-01,164.850775807689,168.905821339789,163.286665225672,168.868338204568,63474922.9320116,382629.227388931,63.474922932011594
XMR,2024-01-02,168.868338204568,174.194352227953,167.213352754466,167.513928922532,119702715.802888,702109.202012993,119.70271580288801
XMR,2024-01-03,167.513928922532,169.353412171855,150.882959749626,154.233030126559,104547619.505691,648363.150719428,104.547619505691
XMR,2024-01-04,154.233030126559,164.998909648882,149.732942691538,164.738120995084,140261122.635257,889129.639016575,140.261122635257
XMR,2024-01-05,164.738120995084,164.77923088721,153.468620763764,155.328287648469,129592245.924739,814914.260989342,129.592245924739
XMR,2024-01-06,155.328287648469,158.200394508184,149.732298405892,152.454915152124,104404993.456582,679869.364272061,104.40499345658199
XMR,2024-01-07,152.454915152124,154.641049076485,144.646979704857,145.84280428906,66850476.3871044,442854.632140243,66.8504763871044
XMR,2024-01-08,145.84280428906,153.892345537057,143.737411112099,147.637810429174,120506978.620645,802236.014381984,120.506978620645
XMR,2024-01-09,147.637810429174,148.331965967348,142.691232373723,143.860481442523,97105411.3662686,664505.495710733,97.10541136626861
XMR,2024-01-10,143.860481442523,151.042234007618,143.12640309693,148.576428640867,101731523.52405,688576.46781529,101.73152352405
XMR,2024-01-11,148.576428640867,154.17962890882,148.175190984022,151.992763869375,128681016.609972,848914.991423288,128.681016609972
XMR,2024-01-12,151.992763869375,160.712518190104,149.02720744767,151.670219903608,116575098.568438,753481.22667263,116.575098568438
XMR,2024-01-13,151.670219903608,156.171395787301,148.162727785763,155.66094193593,74926984.4900017,489856.221475134,74.92698449000169
XMR,2024-01-14,155.66094193593,159.229360522397,152.661045413049,153.461797777559,70886155.4528348,452694.025168182,70.8861554528348
XMR,2024-01-15,153.461797777559,158.499303261503,152.74186967207,156.883725151341,98490979.10536,634063.821260865,98.49097910536
XMR,2024-01-16,156.883725151341,159.915685980606,153.380796971626,156.472914018467,85626710.9286299,547209.1603973,85.6267109286299
XMR,2024-01-17,156.472914018467,159.873619259017,155.090571140387,156.813657786964,93726051.2216627,596462.398897737,93.7260512216627
XMR,2024-01-18,156.813657786964,162.686970082144,151.177541459967,152.132079875035,92465942.5441612,591463.232837422,92.4659425441612
XMR,2024-01-19,152.132079875035,158.088803176939,149.114606677311,157.057454984653,78341395.9522284,514118.374808314,78.3413959522284
XMR,2024-01-20,157.057454984653,157.899338657383,154.964016922867,155.821326532832,71387462.414652,456849.698888307,71.387462414652
XMR,2024-01-21,155.821326532832,160.17832241648,154.597445485338,156.709466767239,70762000.8322132,448001.400268467,70.76200083221319
XMR,2024-01-22,156.709466767239,158.752175311476,149.190980299588,149.791929992531,90081653.1037267,584598.666643985,90.0816531037267
XMR,2024-01-23,149.791929992531,154.155873502577,146.106860398586,149.681596720051,64044870.8448888,428790.593467911,64.0448708448888
XMR,2024-01-24,149.681596720051,154.868203761437,148.400006174559,151.973733809799,57478012.4152732,377892.286144715,57.4780124152732
XMR,2024-01-25,151.973733809799,157.196292196894,151.397001371628,156.653826543255,56021120.2193473,361457.371393141,56.021120219347296
XMR,2024-01-26,156.653826543255,162.191126525329,155.626013449273,158.903417309089,66882158.4640788,422821.501059627,66.8821584640788
XMR,2024-01-27,158.903417309089,161.971176217433,157.141209960774,159.568897145899,40020617.4069858,251368.904213211,40.0206174069858
XMR,2024-01-28,159.568897145899,161.527292101794,158.465032120068,160.143559264653,47172974.7385831,294938.286686934,47.1729747385831
XMR,2024-01-29,160.143559264653,169.058818430681,159.241439926955,167.547615147182,69896668.5906834,423981.78203185,69.8966685906834
XMR,2024-01-30,167.547615147182,171.805070389515,159.446171459026,159.985583786692,78835519.6205245,477490.526654985,78.8355196205245
XMR,2024-01-31,159.985583786692,166.186328428815,158.075731491394,163.257036340319,81372221.6107635,499612.831679932,81.3722216107635
XMR,2024-02-01,163.257036340319,169.235569005411,163.257036340319,165.83727873663,76122743.4684625,457023.396178619,76.1227434684625
XMR,2024-02-02,165.83727873663,170.602452582964,164.913678998684,168.335113528809,68661427.2328315,409762.645938694,68.6614272328315
XMR,2024-02-03,168.335113528809,169.280416953951,162.146986781504,164.781209090045,54914716.6211071,330331.637600621,54.914716621107104
XMR,2024-02-04,164.781209090045,167.199308497518,164.305269975129,165.945709131852,43010471.2868764,259747.452803137,43.0104712868764
XMR,2024-02-05,165.945709131852,168.141805404744,162.951272953504,164.724166201748,54615837.5617441,330335.48853078,54.6158375617441
XMR,2024-02-06,164.724166201748,165.835371209424,101.430057632544,105.4250430525,282013969.707586,2313557.49067369,282.013969707586
XMR,2024-02-07,105.4250430525,134.769265940443,103.947909670344,131.070233490346,225211028.56375,1816220.87156301,225.21102856375
XMR,2024-02-08,131.070233490346,133.23703192114,118.281042241072,128.756849930066,112368826.806579,899221.260229479,112.368826806579
XMR,2024-02-09,128.756849930066,129.187918002895,120.127289304022,121.952472624878,99344582.7043196,803141.095493733,99.34458270431959
XMR,2024-02-10,121.952472624878,123.74558914084,115.601496516688,119.674877132679,70957568.0838924,591941.332480194,70.95756808389241
XMR,2024-02-11,119.674877132679,123.300729277762,117.520101518268,120.950461525667,74216197.4645096,615323.700992,74.2161974645096
XMR,2024-02-12,120.950461525667,128.551203492976,118.223153413687,126.792694814775,83460520.8607116,682026.110615427,83.46052086071161
XMR,2024-02-13,126.792694814775,128.619281828984,122.426896780645,127.607640303006,91631879.3224949,729827.877986881,91.6318793224949
XMR,2024-02-14,127.607640303006,131.915547643394,126.447857554285,128.229893611057,78730295.5200598,612254.716521391,78.7302955200598
XMR,2024-02-15,128.229893611057,129.10370151096,124.665686837464,125.882035582247,69600293.4473203,548110.290495156,69.6002934473203
XMR,2024-02-16,125.882035582247,128.492239442621,120.354857912728,122.655972741031,61217925.1307855,489780.505091476,61.2179251307855
XMR,2024-02-17,122.655972741031,122.745621380837,118.820746117415,121.02643245738,45185174.2712468,376087.537993651,45.1851742712468
XMR,2024-02-18,121.02643245738,123.308479573885,118.889598178792,122.32239959742,52437890.3786506,433129.161899533,52.4378903786506
XMR,2024-02-19,122.32239959742,123.27365749201,109.599621039529,113.046486046848,83952208.3526431,718192.203646966,83.9522083526431
XMR,2024-02-20,113.046486046848,124.418348816731,112.251347889446,123.687641737576,56872695.0896876,475417.465562265,56.8726950896876
XMR,2024-02-21,123.687641737576,125.018288622832,116.262625077575,123.161840605216,45088932.007312,375017.996154723,45.088932007312
XMR,2024-02-22,123.161840605216,124.889574459942,120.31574805742,124.000580774663,37845848.2158884,308728.991812385,37.8458482158884
XMR,2024-02-23,124.000580774663,124.017040715208,118.774687351065,119.441235794619,74200692.3859069,614018.020172953,74.2006923859069
XMR,2024-02-24,119.441235794619,127.636211673206,118.704647762807,127.63526684288,88685404.9700636,719407.477393646,88.6854049700636
XMR,2024-02-25,127.63526684288,129.464854053893,124.364228031337,129.349587123788,578406284.03102,4484437.04042565,578.40628403102
XMR,2024-02-26,129.349587123788,133.26858953005,127.459467912017,132.551935177369,58315581.8116199,448204.536726395,58.3155818116199
XMR,2024-02-27,132.551935177369,144.15850841228,132.50580911238,136.336473170747,65872252.5686787,484681.565671327,65.8722525686787
XMR,2024-02-28,136.336473170747,140.8104990811,133.118203952432,133.733376338947,62212468.7494729,454637.604014129,62.212468749472905
XMR,2024-02-29,133.733376338947,141.0000671369,133.168171885412,137.103224591841,63407339.9794865,463326.826702892,63.4073399794865
XMR,2024-03-01,137.103224591841,144.768883440356,136.561818576666,142.88420253768,66166452.6287978,472467.881986606,66.1664526287978
XMR,2024-03-02,142.88420253768,145.197317966678,139.715757499455,145.183168444958,53674782.1809288,377983.145775286,53.674782180928794
XMR,2024-03-03,145.183168444958,151.950799868388,143.588430820114,150.430951034843,64425831.5875214,435861.313386492,64.4258315875214
XMR,2024-03-04,150.430951034843,150.444643067473,143.09445745561,148.54573955385,77101547.9331597,524312.037063675,77.1015479331597
XMR,2024-03-05,148.54573955385,150.745929821112,134.928525329354,141.028264134724,83398876.3116999,572338.723918069,83.3988763116999
XMR,2024-03-06,141.028264134724,149.936831378107,138.313533179985,143.745704048296,84833872.7376599,588301.777203814,84.8338727376599
XMR,2024-03-07,143.745704048296,148.472705259485,137.790008467219,143.450691188047,75478793.5191642,525581.311168717,75.4787935191642
XMR,2024-03-08,143.450691188047,151.091869700869,142.37046752027,146.122903858854,59293855.7183653,403354.466326905,59.29385571836529
XMR,2024-03-09,146.122903858854,147.512944681088,142.449291472493,142.720361949787,49115849.20558,338389.170205513,49.115849205580005
XMR,2024-03-10,142.720361949787,148.632888618276,141.849059622527,146.559897424152,49313757.9857296,341172.141105707,49.313757985729595
XMR,2024-03-11,146.559897424152,147.066230521775,141.921798055752,144.203609266197,68621295.9958491,477020.62533701,68.62129599584911
XMR,2024-03-12,144.203609266197,148.173165943671,141.896717698686,144.763454140107,67960886.6546513,470350.30004577,67.9608866546513
XMR,2024-03-13,144.763454140107,150.256690315831,143.689453585971,149.865551341916,59311102.1325768,405811.962903529,59.3111021325768
XMR,2024-03-14,149.865551341916,151.340764837483,140.126085463651,146.802459128484,64091151.0861474,436674.33056054,64.09115108614739
XMR,2024-03-15,146.802459128484,147.74176748465,137.924535861938,141.061410089119,72113867.6422811,509334.488859599,72.1138676422811
XMR,2024-03-16,141.061410089119,148.897918417101,134.111893962001,139.484959591381,47042140.4365848,329532.77350892,47.0421404365848
XMR,2024-03-17,139.484959591381,144.846362962333,135.772264979007,139.732158101812,51724403.8279198,365450.97332909,51.7244038279198
XMR,2024-03-18,139.732158101812,141.758957108681,135.660305429576,140.750320287665,45031083.8442103,324710.190877182,45.03108384421029
XMR,2024-03-19,140.750320287665,141.316665426852,128.445748979253,134.060262709204,52140979.1019646,389863.501865915,52.140979101964604
XMR,2024-03-20,134.060262709204,142.724379590161,128.237247746167,138.216945291045,52628637.7449949,384478.14244174,52.628637744994904
XMR,2024-03-21,138.216945291045,144.341144392425,136.690180461337,137.269766794727,48333467.8037526,342454.911767809,48.333467803752605
XMR,2024-03-22,137.269766794727,140.835408012451,130.442511907681,134.983161712731,36213171.2569825,265136.731710212,36.2131712569825
XMR,2024-03-23,134.983161712731,139.726079210519,133.607160732569,138.106055367907,35931518.8074085,261841.356748574,35.931518807408494
XMR,2024-03-24,138.106055367907,143.56686854685,138.016770426645,141.318899149212,46921054.2843106,331926.10751707,46.9210542843106
XMR,2024-03-25,141.318899149212,143.486028239537,139.365962412644,142.602345719986,41227527.9814233,290651.5015656,41.2275279814233
XMR,2024-03-26,142.602345719986,143.589018316707,133.101428447769,134.443356722499,67860856.2985317,489960.324555111,67.8608562985317
XMR,2024-03-27,134.443356722499,141.695009441205,133.630137499944,137.892181535466,60336263.8403431,440013.995290354,60.3362638403431
XMR,2024-03-28,137.892181535466,139.827258753506,134.779892409228,134.828118545949,40005382.2207083,292777.762747076,40.005382220708306
XMR,2024-03-29,134.828118545949,137.090290404877,129.082063806072,132.502234110787,41325638.930409,309635.244032591,41.325638930409
XMR,2024-03-30,132.502234110787,133.582145018253,126.810724596991,129.061240342899,51948680.9018547,396831.512897084,51.9486809018547
XMR,2024-03-31,129.061240342899,129.780873677109,127.240236241672,128.304678421644,34932152.8577075,271911.818759928,34.9321528577075
XMR,2024-04-01,128.304678421644,129.17510590377,119.971495200486,122.946842514057,47564886.1913177,384144.696907894,47.5648861913177
XMR,2024-04-02,122.946842514057,123.509522351657,116.473932588449,122.092527563808,51962763.7879908,432835.876834597,51.9627637879908
XMR,2024-04-03,122.092527563808,129.771065687975,120.389682729861,128.811660190522,58325327.5862764,467311.783905659,58.325327586276394
XMR,2024-04-04,128.811660190522,131.987758512503,127.548476105951,131.77371557903,57494273.6803025,443053.03161871,57.4942736803025
XMR,2024-04-05,131.77371557903,132.211854125884,125.257664686792,126.685874049079,43580294.2694108,338342.490877752,43.5802942694108
XMR,2024-04-06,126.685874049079,132.621925266786,126.6650718228,131.921084429278,31461790.0087787,240594.041011258,31.4617900087787
XMR,2024-04-07,131.921084429278,135.26011186934,128.682708171203,131.332107902444,40334030.6189308,304390.269645762,40.334030618930804
XMR,2024-04-08,131.332107902444,136.935252902959,130.334827629791,136.572036681391,51032657.9047335,381767.768923505,51.032657904733504
XMR,2024-04-09,136.572036681391,139.765867571993,130.287172068537,133.516068667084,51944727.5286317,383873.75859117,51.9447275286317
XMR,2024-04-10,133.516068667084,136.700818231938,130.358741562328,133.409889528914,40862483.708166,306018.583485341,40.862483708166
XMR,2024-04-11,133.409889528914,135.669930786524,132.038861372833,133.237437320765,38226365.9071105,286771.149413845,38.2263659071105
XMR,2024-04-12,133.237437320765,134.913105288397,117.36735225037,122.668047287273,49520171.4061437,387706.800621314,49.5201714061437
XMR,2024-04-13,122.668047287273,128.601862681194,105.706666257759,115.213558519859,44719373.3982773,371721.078993191,44.7193733982773
XMR,2024-04-14,115.213558519859,123.523112175531,113.048287412242,121.397354396801,47135398.1601439,395824.521483003,47.1353981601439
XMR,2024-04-15,121.397354396801,127.226925137314,117.527814630243,123.298287200903,46820814.5477332,381313.990516224,46.8208145477332
XMR,2024-04-16,123.298287200903,123.886275813744,114.404338626042,121.75639795079,45617878.4614998,381556.379186545,45.6178784614998
XMR,2024-04-17,121.75639795079,125.221039291049,116.250930373843,117.212581291942,51042166.3258453,422623.379316894,51.0421663258453
XMR,2024-04-18,117.212581291942,119.173131482957,112.993021425756,116.5015797323,43019539.2418529,370633.131814302,43.019539241852904
XMR,2024-04-19,116.5015797323,121.724154777141,110.651099540485,116.987554265708,50014740.6968967,425025.312754134,50.0147406968967
XMR,2024-04-20,116.987554265708,122.240565155148,116.524625539853,122.18030883761,31905348.251105,269399.60053882,31.905348251105
XMR,2024-04-21,122.18030883761,125.282795016486,115.915153428635,118.778080155082,36763093.0040865,305267.921883292,36.7630930040865
XMR,2024-04-22,118.778080155082,124.016500121541,118.77781357145,121.110685806739,44391624.0796877,366168.517288867,44.3916240796877
XMR,2024-04-23,121.110685806739,124.183403424112,120.152368071819,121.437624486695,38058469.1114117,311327.344352827,38.058469111411696
XMR,2024-04-24,121.437624486695,122.272816213796,118.260433286332,118.752196573423,33991962.0628803,281775.261645345,33.9919620628803
XMR,2024-04-25,118.752196573423,121.722191730969,116.930610925123,119.982084555567,36195165.5070154,303982.951042263,36.195165507015396
XMR,2024-04-26,119.982084555567,122.428459625036,119.055961253651,120.230368414342,37431225.8362896,309743.327968365,37.4312258362896
XMR,2024-04-27,120.230368414342,123.01521332227,118.029081703008,122.745060998405,39994954.615652,332091.654460895,39.994954615652006
XMR,2024-04-28,122.745060998405,129.866734760357,121.384399601061,126.580899192034,46410586.0321203,370626.393940052,46.4105860321203
XMR,2024-04-29,126.580899192034,129.602600263236,122.035425764992,128.845921858819,51765272.4614243,413861.837190314,51.765272461424296
XMR,2024-04-30,128.845921858819,131.528337296361,117.529975676508,119.360203126245,50542422.8275041,412702.53283946,50.5424228275041
XMR,2024-05-01,119.360203126245,123.73162553615,116.191044196976,123.572438743212,40925239.9892772,341607.423667912,40.9252399892772
XMR,2024-05-02,123.572438743212,125.891250172604,120.163822105282,123.177346942376,43809107.5728051,355152.739463414,43.8091075728051
XMR,2024-05-03,123.177346942376,126.451119361439,121.75858025601,125.136593140171,48056220.668901,387724.502386205,48.056220668901
XMR,2024-05-04,125.136593140171,129.809946185653,122.302465185003,123.323385040636,52560554.3291728,419317.596675834,52.560554329172795
XMR,2024-05-05,123.323385040636,134.622379755369,122.930752684376,134.475826861908,63427772.1611657,493916.362081215,63.4277721611657
XMR,2024-05-06,134.475826861908,134.667827911711,129.062975693191,130.610689990375,43154028.4611316,327444.091854862,43.1540284611316
XMR,2024-05-07,130.610689990375,133.264540390667,126.330932560093,127.753531960328,39795494.477505,305527.73947113,39.795494477504995
XMR,2024-05-08,127.753531960328,131.838238112742,127.128874396615,131.774335222541,32072011.0395586,248649.435778158,32.0720110395586
XMR,2024-05-09,131.774335222541,135.048657505073,128.575512262308,132.494751308752,44699648.2947907,337516.259688936,44.6996482947907
XMR,2024-05-10,132.494751308752,134.1026535638,130.999156817095,132.735248431292,38229879.2711873,287445.848326646,38.2298792711873
XMR,2024-05-11,132.735248431292,133.397390569762,129.189112111548,131.885686453977,25791346.8731482,195927.552553202,25.7913468731482
XMR,2024-05-12,131.885686453977,134.749099275828,131.884037404364,133.106943593122,26040263.0516137,194786.088987794,26.0402630516137
XMR,2024-05-13,133.106943593122,136.834564867348,130.799759900005,135.51243479146,39969023.1999534,296613.238087281,39.9690231999534
XMR,2024-05-14,135.51243479146,136.040499159185,131.898510121778,131.974888045407,35494670.6090568,264805.415792708,35.4946706090568
XMR,2024-05-15,131.974888045407,136.108462308453,130.826124751108,134.590113032371,35868248.7038806,268096.723834254,35.8682487038806
XMR,2024-05-16,134.590113032371,135.475205988233,130.291665697486,134.066683486272,35001821.2193607,262706.790516675,35.0018212193607
XMR,2024-05-17,134.066683486272,135.607863743709,132.776972652592,134.748801509017,33615134.2302001,249923.243930344,33.6151342302001
XMR,2024-05-18,134.748801509017,137.584448696235,134.410573983812,136.172822931895,27702624.0345654,203941.39902679,27.7026240345654
XMR,2024-05-19,136.172822931895,136.314501709255,134.174884522708,134.396462975255,26734328.8510129,197442.61941641,26.7343288510129
XMR,2024-05-20,134.396462975255,136.937193314166,134.029981613707,135.010097723852,42529350.9117569,313729.95851813,42.5293509117569
XMR,2024-05-21,135.010097723852,142.108868986219,134.412695593937,136.356559367007,71692435.2401209,517876.67872056,71.6924352401209
XMR,2024-05-22,136.356559367007,139.842964432181,135.720416346393,138.5302777403,51056250.1410218,370423.625024016,51.056250141021806
XMR,2024-05-23,138.5302777403,141.505522500886,137.160719281037,138.750441458448,52608329.9286816,377045.745412841,52.6083299286816
XMR,2024-05-24,138.750441458448,143.887847938298,138.253443860072,140.919724948239,53984964.6153127,382118.549953252,53.984964615312705
XMR,2024-05-25,140.919724948239,142.294818917134,140.476043255884,141.181846342259,28958908.2744846,204854.318551236,28.9589082744846
XMR,2024-05-26,141.181846342259,143.831857097032,140.477023000922,142.319442966827,38611382.2259014,271206.702579922,38.6113822259014
XMR,2024-05-27,142.319442966827,144.140736064222,140.875983555888,141.403516639325,44840114.5170682,314264.779194632,44.8401145170682
XMR,2024-05-28,141.403516639325,144.513448307034,140.860707149265,141.352591985789,52596408.9678787,368819.514707789,52.5964089678787
XMR,2024-05-29,141.352591985789,143.527343285892,137.696774549015,139.932481769017,42237621.5395785,298609.077553428,42.2376215395785
XMR,2024-05-30,139.932481769017,147.104496721354,139.890960473559,146.169115958428,61698755.0062869,426839.528250735,61.698755006286895
XMR,2024-05-31,146.169115958428,148.946405047917,143.650214294712,148.203764833043,53818837.1408188,367816.958492978,53.8188371408188
XMR,2024-06-01,148.203764833043,150.890398676344,147.142256330988,148.781939545459,39794185.3830032,266605.323499561,39.794185383003196
XMR,2024-06-02,148.781939545459,152.981221059474,148.754171206443,152.911824324539,45257923.0345824,298225.603643586,45.2579230345824
XMR,2024-06-03,152.911824324539,158.045700342776,151.564572394029,154.909376907197,65994696.4369072,426337.810942906,65.9946964369072
XMR,2024-06-04,154.909376907197,160.446793372577,154.604376960044,160.014527394361,50729716.7275781,320093.59889639,50.7297167275781
XMR,2024-06-05,160.014527394361,165.282826900168,159.076561849711,163.13310546333,60554444.504793,371761.126586485,60.554444504793004
XMR,2024-06-06,163.13310546333,166.253054622354,162.466615824379,165.041740638648,54102662.2309747,329754.93986447,54.102662230974694
XMR,2024-06-07,165.041740638648,174.642592156255,153.802610995672,154.279816353946,75690959.806049,456712.628472671,75.69095980604901
XMR,2024-06-08,154.279816353946,169.545304799652,154.206491325652,169.334343505975,50550867.1475745,308463.253252899,50.5508671475745
XMR,2024-06-09,169.334343505975,175.68547984902,166.439482840063,173.997756876302,69177353.5037764,403966.430259247,69.1773535037764
XMR,2024-06-10,173.997756876302,181.453103746587,173.979321383037,178.433629924895,104750802.873802,587477.298568865,104.750802873802
XMR,2024-06-11,178.433629924895,180.561217532949,167.786200953632,174.509610113198,106224106.120336,608269.781977022,106.22410612033599
XMR,2024-06-12,174.509610113198,181.930433106264,173.937119178716,180.404688029854,87171022.0994208,490402.254990542,87.1710220994208
XMR,2024-06-13,180.404688029854,180.923991011105,171.566199950852,171.566199950852,84203502.3153635,477186.930207308,84.2035023153635
XMR,2024-06-14,171.566199950852,176.653584547444,164.329025583019,170.40484757225,68651214.6018735,400086.831336269,68.6512146018735
XMR,2024-06-15,170.40484757225,177.89693487605,169.269307577574,177.203714462524,46013628.2788995,266462.327044172,46.013628278899496
XMR,2024-06-16,177.203714462524,178.13808373127,172.459128934819,177.340164148895,38087348.6202696,217203.063563898,38.087348620269594
XMR,2024-06-17,177.340164148895,178.171766040122,171.365951450525,173.938606459694,58913444.4043566,336529.389384556,58.913444404356596
XMR,2024-06-18,173.938606459694,174.333591371564,166.642561912829,169.740241053273,54684705.4890103,320401.84273004,54.6847054890103
XMR,2024-06-19,169.740241053273,172.08128861388,166.871421142885,168.214525472447,46935352.5243926,276294.890695797,46.9353525243926
XMR,2024-06-20,168.214525472447,172.130540585551,167.246751726004,169.821869991855,39227745.5753184,231619.058707114,39.2277455753184
XMR,2024-06-21,169.821869991855,172.902728453101,158.214947573699,160.172154521553,50858040.1859272,306239.635897853,50.858040185927194
XMR,2024-06-22,160.172154521553,167.785338239027,160.155723260244,166.494306806883,28766492.8847211,175388.547674933,28.7664928847211
XMR,2024-06-23,166.494306806883,168.199078101719,161.511023290619,164.227397749693,21982729.0388665,133631.064037466,21.982729038866502
XMR,2024-06-24,164.227397749693,167.536474762714,155.912946549071,159.172406474427,57893455.7366374,357345.969804564,57.8934557366374
XMR,2024-06-25,159.172406474427,164.836446340242,158.699462408534,162.028072453935,39106358.0964059,240242.239481456,39.1063580964059
XMR,2024-06-26,162.028072453935,166.059381593288,161.620153767086,164.625016070061,33069598.5076034,199876.330644717,33.0695985076034
XMR,2024-06-27,164.625016070061,167.119252639579,163.994440336202,165.671798695609,30473923.8215912,183810.028940941,30.4739238215912
XMR,2024-06-28,165.671798695609,168.410931011979,165.658721622492,167.584375220969,38885097.3874371,232740.882693631,38.8850973874371
XMR,2024-06-29,167.584375220969,168.03946625407,164.944052293032,165.141651585726,33007223.6634871,198138.685752925,33.007223663487096
XMR,2024-06-30,165.141651585726,169.522022123827,165.036415643367,167.989787650167,33899359.1577725,202011.371682203,33.899359157772494
XMR,2024-07-01,167.989787650167,173.400260739092,167.222894952152,167.807705578892,55545515.3695752,326105.944307944,55.545515369575206
XMR,2024-07-02,167.807705578892,170.472087111902,167.332213368797,168.527077005332,37702627.8522606,222829.037054405,37.7026278522606
XMR,2024-07-03,168.527077005332,170.684120350984,165.018955687739,166.181447062774,47115878.1865367,281628.653193018,47.1158781865367
XMR,2024-07-04,166.181447062774,166.355589558203,154.918411456046,155.838823758137,55364363.5928013,345536.207257475,55.364363592801304
XMR,2024-07-05,155.838823758137,156.119802046356,134.027597030614,154.921735216221,60371327.2947021,409316.687654537,60.3713272947021
XMR,2024-07-06,154.921735216221,158.804555395409,153.306454630355,158.305220504549,38223508.9611643,244031.622440705,38.223508961164306
XMR,2024-07-07,158.305220504549,159.57589232923,148.824306235344,148.826487148237,38187713.3708922,245854.185203725,38.1877133708922
XMR,2024-07-08,148.826487148237,155.107719097883,144.455668442213,154.31263657895,67774295.8598583,444915.160108601,67.7742958598583
XMR,2024-07-09,154.31263657895,155.488628916848,152.291461328892,155.242691294801,78754783.5897535,509961.593911609,78.75478358975349
XMR,2024-07-10,155.242691294801,158.724238123455,152.744273441748,155.834455313757,60696389.2942569,390848.56989199,60.6963892942569
XMR,2024-07-11,155.834455313757,159.370070721765,155.256476927976,158.308280857348,67366904.9444574,425238.49502865,67.3669049444574
XMR,2024-07-12,158.308280857348,159.969214238635,157.070800892488,159.667356578413,64908143.9159101,408386.369145094,64.9081439159101
XMR,2024-07-13,159.667356578413,162.443789077068,156.608801897172,157.197744226446,51282223.8644109,321160.660914138,51.2822238644109
XMR,2024-07-14,157.197744226446,159.931124100976,154.934320497744,159.792400303995,58565101.9291754,372606.620732892,58.5651019291754
XMR,2024-07-15,159.792400303995,161.54343347829,157.276369689576,158.54158168718,72047371.9724785,451146.979779518,72.04737197247849
XMR,2024-07-16,158.54158168718,163.737026876385,157.366175816041,161.901853815901,85739802.1848674,533784.171790099,85.7398021848674
XMR,2024-07-17,161.901853815901,164.087571021312,159.036406224489,160.359874557958,75057436.7855968,464645.332512809,75.0574367855968
XMR,2024-07-18,160.359874557958,161.70266582982,159.883954576982,160.903069242101,63048829.6425305,392132.941126854,63.0488296425305
XMR,2024-07-19,160.903069242101,163.050837018173,158.192740835689,161.347599332587,67845360.5816547,423095.827902668,67.8453605816547
XMR,2024-07-20,161.347599332587,164.699669809498,161.06234010699,163.365475907729,72511816.7729986,445134.777349187,72.5118167729986
XMR,2024-07-21,163.365475907729,165.372435178275,161.36060472793,164.606093913984,86145525.3278158,526511.596607711,86.1455253278158
XMR,2024-07-22,164.606093913984,165.424176580601,160.269383550056,161.199179689674,203539892.163992,1250261.64902644,203.539892163992
XMR,2024-07-23,161.199179689674,162.251118072795,157.587597070344,160.890042628386,75073951.1726704,469020.207553561,75.07395117267039
XMR,2024-07-24,160.890042628386,164.091319552347,159.379806120418,160.069040103079,80183819.8104674,496811.951686787,80.18381981046741
XMR,2024-07-25,160.069040103079,162.846289963044,151.989664108592,162.613691117681,96156757.421061,615787.126014249,96.15675742106099
XMR,2024-07-26,162.613691117681,175.149089644602,161.000199129577,161.537143926823,127495875.864007,770361.967721062,127.49587586400699
XMR,2024-07-27,161.537143926823,165.396152348484,161.166938557931,162.454545253949,72727000.6056505,445445.797211749,72.7270006056505
XMR,2024-07-28,162.454545253949,164.898506240199,159.908800562656,164.352228238631,72383168.5962926,445177.906787613,72.3831685962926
XMR,2024-07-29,164.352228238631,165.632531574723,161.119642894577,161.281706902422,68807389.864224,420243.877322932,68.807389864224
XMR,2024-07-30,161.281706902422,164.859552248658,156.50611285079,157.931114486168,94371382.6775853,591036.757324373,94.3713826775853
XMR,2024-07-31,157.931114486168,160.956812634192,155.652821812369,157.543601953873,81797117.2097049,514323.590315477,81.79711720970491
XMR,2024-08-01,157.543601953873,158.586719831279,150.001978170722,156.517259633855,93137064.7603746,599648.844564872,93.1370647603746
XMR,2024-08-02,156.517259633855,165.299170332673,155.294815503416,157.947345781799,131756777.688805,820727.268493534,131.756777688805
XMR,2024-08-03,157.947345781799,161.290189916556,141.14113753246,149.384172591867,115974221.37163,747729.701664373,115.97422137163
XMR,2024-08-04,149.384172591867,154.125782985016,144.872959732386,150.439163595647,102596858.974043,680261.202428399,102.596858974043
XMR,2024-08-05,150.439163595647,154.087411055162,136.123825584223,145.671972138307,143891565.655277,992442.1856951,143.89156565527702
XMR,2024-08-06,145.671972138307,151.50548351133,145.667683116355,147.920256665125,79054244.6940538,530592.981290008,79.05424469405379
XMR,2024-08-07,147.920256665125,152.889823963814,143.900217927469,145.992285846239,72583122.7184953,485991.124929757,72.58312271849529
XMR,2024-08-08,145.992285846239,159.231263556934,145.508015945244,158.206085195825,63094373.0716861,412477.461389054,63.0943730716861
XMR,2024-08-09,158.206085195825,159.120579572265,152.441870850763,153.065168565716,59040069.6711754,379320.156551602,59.040069671175395
XMR,2024-08-10,153.065168565716,153.348862916969,147.800795864414,150.371316638786,40010636.4840401,265503.39790022,40.0106364840401
XMR,2024-08-11,150.371316638786,151.594163318478,148.392750443473,149.147778057751,38380285.3816291,255545.630254634,38.3802853816291
XMR,2024-08-12,149.147778057751,150.609442016369,147.604611632089,150.438365135319,50332388.9957837,336621.485656809,50.3323889957837
XMR,2024-08-13,150.438365135319,151.050086648093,147.16878700154,147.52226087659,40979719.1780633,273686.027309621,40.979719178063306
XMR,2024-08-14,147.52226087659,152.07684303448,147.327846694286,151.050222064338,41974927.3464484,279715.608774697,41.974927346448396
XMR,2024-08-15,151.050222064338,153.251389297119,147.721508910138,149.182735552115,42858790.1381747,285017.373477931,42.8587901381747
XMR,2024-08-16,149.182735552115,150.078149481729,148.051615124287,148.401685078253,33967255.2270064,227426.334725762,33.9672552270064
XMR,2024-08-17,148.401685078253,150.101039558889,148.174258279384,150.101039558889,26557954.6446055,177937.404748488,26.5579546446055
XMR,2024-08-18,150.101039558889,151.716598559182,149.573191598049,151.055217577846,40730783.8809131,270188.635624638,40.7307838809131
XMR,2024-08-19,151.055217577846,156.9558366052,150.031179121498,155.03381527667,75779691.5160662,492919.887408706,75.7796915160662
XMR,2024-08-20,155.03381527667,161.181154632105,154.248093660965,159.438520770872,72336152.5008786,453374.98935848,72.3361525008786
XMR,2024-08-21,159.438520770872,162.456292836599,156.88771763174,161.702776104459,50846170.6795776,318409.290069147,50.8461706795776
XMR,2024-08-22,161.702776104459,169.787943878023,160.148994904692,168.726289872645,64505042.0946526,392635.052191498,64.5050420946526
XMR,2024-08-23,168.726289872645,173.327353460527,163.161452007207,173.143469024272,75281114.1177254,446045.398074751,75.28111411772541
XMR,2024-08-24,173.143469024272,176.336236163673,167.891521277105,169.687520262633,70785872.6689132,403878.164650751,70.7858726689132
XMR,2024-08-25,169.687520262633,171.722980419133,165.931812910435,166.548403582101,59769899.5041693,349799.769733172,59.7698995041693
XMR,2024-08-26,166.548403582101,167.982835402807,162.837257842485,166.687454546132,61025423.5493617,368765.411052398,61.0254235493617
XMR,2024-08-27,166.687454546132,168.049132569543,155.536068372226,156.065558896451,72703409.2954315,444336.598225586,72.7034092954315
XMR,2024-08-28,156.065558896451,160.291947562923,153.703251857016,158.058971530746,60571314.4786456,381769.560750156,60.5713144786456
XMR,2024-08-29,158.058971530746,166.490823261387,156.122789372692,161.910767663406,57105389.6819016,355187.791906113,57.1053896819016
XMR,2024-08-30,161.910767663406,168.576850485188,160.74899470216,168.531542279022,68733091.135694,416939.263569554,68.733091135694
XMR,2024-08-31,168.531542279022,172.453420730589,161.627186131738,169.027750699404,68047042.2079656,403355.309171355,68.0470422079656
XMR,2024-09-01,169.027750699404,171.991780287562,164.379223886918,169.96887901696,52726131.0727938,314747.400575767,52.7261310727938
XMR,2024-09-02,169.96887901696,170.725117536888,167.202184020928,170.630119398094,57177170.6660501,338981.71819185,57.177170666050095
XMR,2024-09-03,170.630119398094,175.667879686613,169.98710959196,173.195834526955,81271628.1357238,469075.876786234,81.2716281357238
XMR,2024-09-04,173.195834526955,175.2173157825,170.689985526501,170.836913797364,52074041.7494719,300017.577517242,52.0740417494719
XMR,2024-09-05,170.836913797364,176.738982415883,169.969588230835,172.854845380496,65588369.7512471,377607.008658473,65.5883697512471
XMR,2024-09-06,172.854845380496,174.010874604656,164.487393456734,165.305949263901,53701307.8352928,314572.748703832,53.7013078352928
XMR,2024-09-07,165.305949263901,172.529401714775,162.558596179212,167.818415398031,45808457.5386797,274072.959179318,45.8084575386797
XMR,2024-09-08,167.818415398031,176.620680132583,167.729827910017,172.085840581124,50198689.7961416,287948.378571942,50.1986897961416
XMR,2024-09-09,172.085840581124,173.839673839734,170.140853111592,170.974724575809,51327828.4928588,298532.207172116,51.3278284928588
XMR,2024-09-10,170.974724575809,171.783451456893,166.041116258557,167.585488872223,52624007.8777419,311129.851188546,52.6240078777419
XMR,2024-09-11,167.585488872223,174.25787943832,166.768205362523,173.455070932611,55141038.2795432,325212.644370245,55.141038279543196
XMR,2024-09-12,173.455070932611,175.353736760952,169.593524869094,172.030172864323,48039380.3406578,280165.900272573,48.0393803406578
XMR,2024-09-13,172.030172864323,172.842013131589,169.85834472381,170.439405423205,60548514.3544591,354476.870810559,60.5485143544591
XMR,2024-09-14,170.439405423205,171.380716499459,168.098511885627,169.576021793555,47596265.6728559,280689.371550388,47.5962656728559
XMR,2024-09-15,169.576021793555,171.644461213249,169.465250888731,170.279483729359,39096366.9879698,228840.712999744,39.0963669879698
XMR,2024-09-16,170.279483729359,171.716878937271,168.108259688262,170.433067356564,56848319.9872984,330132.245252451,56.848319987298396
XMR,2024-09-17,170.433067356564,172.701799674053,169.125238680501,172.604966761679,48844413.0009813,285152.745357023,48.8444130009813
XMR,2024-09-18,172.604966761679,174.712045030187,170.295594484863,171.304086308737,60422167.4104565,347142.02415783,60.4221674104565
XMR,2024-09-19,171.304086308737,177.968763013137,170.554529324195,175.215993758018,76531684.9205547,440357.998120335,76.5316849205547
XMR,2024-09-20,175.215993758018,178.582764908976,175.115710423917,175.352133466395,56147997.480192,316970.227590321,56.147997480192
XMR,2024-09-21,175.352133466395,178.748105345006,174.178045149267,176.943870902822,42204683.8637055,238516.795318296,42.2046838637055
XMR,2024-09-22,176.943870902822,177.428206807801,174.494829034086,176.747557440662,35068549.862824,198895.646249302,35.068549862824
XMR,2024-09-23,176.747557440662,176.778463460514,171.64032792506,171.71167523237,54957309.1321676,315809.080546155,54.9573091321676
XMR,2024-09-24,171.71167523237,171.870916908728,165.750769214571,169.353555229403,64413858.4540355,382417.459086668,64.41385845403549
XMR,2024-09-25,169.353555229403,169.765766540024,164.855048266074,165.662285507533,46919602.7882232,279735.277586006,46.9196027882232
XMR,2024-09-26,165.662285507533,166.491946052343,163.236759409535,164.087326063521,53006292.7160138,321188.281728088,53.006292716013796
XMR,2024-09-27,164.087326063521,164.359556120565,161.335513019679,163.990060501504,46389065.407877,284601.789383371,46.389065407877
XMR,2024-09-28,163.990060501504,165.502687531836,157.390116622111,158.58383667961,40668788.4856029,254120.521031564,40.6687884856029
XMR,2024-09-29,158.58383667961,158.695847268721,152.301771397724,153.020261216146,65834460.605979,424521.352743359,65.834460605979
XMR,2024-09-30,153.020261216146,155.769523217449,149.992743320341,154.408698590166,68081298.7181859,442781.785248332,68.0812987181859
XMR,2024-10-01,154.408698590166,154.798636692369,140.395711658225,144.674818269654,83841309.7148201,552501.337988384,83.8413097148201
XMR,2024-10-02,144.674818269654,149.332924780398,135.508106751226,136.638066084767,94280294.416511,666091.005538735,94.280294416511
XMR,2024-10-03,136.638066084767,145.062806139459,135.498610644617,144.175113520635,63178966.9015841,452080.540658515,63.178966901584104
XMR,2024-10-04,144.175113520635,150.993849160556,143.126197583781,148.728123891713,53280377.568213,353693.906203676,53.280377568213
XMR,2024-10-05,148.728123891713,155.025843773976,148.652500484706,153.104168825645,40875888.2261122,268599.881576091,40.8758882261122
XMR,2024-10-06,153.104168825645,155.15952090027,146.722026830266,147.633907576066,49434001.2373333,328410.523650539,49.4340012373333
XMR,2024-10-07,147.633907576066,148.610055630584,143.949859747772,144.51022390154,48386167.1674401,330338.910601345,48.3861671674401
XMR,2024-10-08,144.51022390154,151.550245323622,143.931278885563,149.152433479878,55431851.8470746,375315.393380356,55.4318518470746
XMR,2024-10-09,149.152433479878,154.434920987239,146.088175673627,147.331673825429,54896154.1326587,359555.992263787,54.8961541326587
XMR,2024-10-10,147.331673825429,153.978536746311,146.730004161074,153.193373979568,62600601.4485905,413832.561641984,62.6006014485905
XMR,2024-10-11,153.193373979568,154.854391812381,150.561119279244,151.97199232716,54122145.6423384,350941.853314493,54.1221456423384
XMR,2024-10-12,151.97199232716,154.323057931971,150.220528297573,150.549688597565,49586287.131999,324205.571627744,49.586287131999
XMR,2024-10-13,150.549688597565,152.358515705501,148.524324257692,148.728969933777,37040207.3754467,245113.374041626,37.0402073754467
XMR,2024-10-14,148.728969933777,157.225854380494,148.505011543961,156.839258410072,58024721.9007124,375754.95688651,58.0247219007124
XMR,2024-10-15,156.839258410072,157.985562002429,151.806104756043,153.249544591789,67874129.1681489,436560.357328942,67.87412916814891
XMR,2024-10-16,153.249544591789,159.206694659534,153.040230580266,155.786559574809,57067049.4554339,366361.497344084,57.067049455433896
XMR,2024-10-17,155.786559574809,158.76233292361,154.228218286345,157.756214671273,50981170.9215541,325132.76309153,50.9811709215541
XMR,2024-10-18,157.756214671273,163.069935132807,156.880567864449,159.785858982252,51756199.0026735,324184.437192858,51.7561990026735
XMR,2024-10-19,159.785858982252,162.15188462239,158.981043292538,160.526746806538,25610017.9300338,159022.674511776,25.6100179300338
XMR,2024-10-20,160.526746806538,163.48811555617,159.115366080395,163.24752228347,27876150.8457789,173188.891310502,27.876150845778902
XMR,2024-10-21,163.24752228347,163.271920076504,153.334107753739,154.939415151707,47577121.6293701,300787.119445607,47.5771216293701
XMR,2024-10-22,154.939415151707,158.560349580496,154.606759655747,156.98327140857,40166311.5138904,256185.075386626,40.1663115138904
XMR,2024-10-23,156.98327140857,158.273151531603,154.527189316259,156.698901006139,33503048.588552,214352.100160072,33.503048588552
XMR,2024-10-24,156.698901006139,158.849530931862,154.546630436483,157.229529185193,43833294.5681666,280204.370546364,43.8332945681666
XMR,2024-10-25,157.229529185193,159.727930684827,155.187327183686,157.635387807823,51335604.9904937,325088.066204792,51.3356049904937
XMR,2024-10-26,157.635387807823,160.951178326531,156.563510829202,160.145903320316,38548365.778847,242943.398805838,38.548365778847
XMR,2024-10-27,160.145903320316,164.645246199229,159.857526931458,162.974412150576,38180551.4731224,235577.339280157,38.18055147312241
XMR,2024-10-28,162.974412150576,164.011405973084,159.964676114697,163.109695316149,48944546.7432284,301969.89359524,48.9445467432284
XMR,2024-10-29,163.109695316149,165.737767241112,162.086103800366,162.385447571375,57804091.0234182,351832.042525371,57.8040910234182
XMR,2024-10-30,162.385447571375,165.071886857827,161.43876343358,162.078854438594,73895712.3115481,452098.059224851,73.8957123115481
XMR,2024-10-31,162.078854438594,162.438678541037,154.792457368234,155.518767330867,50337664.9319243,316459.11577946,50.3376649319243
XMR,2024-11-01,155.518767330867,160.093015775559,151.359196774351,156.464578454296,59886576.4639673,385352.002336026,59.8865764639673
XMR,2024-11-02,156.464578454296,160.278803589162,152.961441449004,154.244972651247,41884869.1622551,267946.167609454,41.8848691622551
XMR,2024-11-03,154.244972651247,158.657917102635,153.632781629607,157.025342216367,46925439.303021,299555.465479768,46.925439303021
XMR,2024-11-04,157.025342216367,161.584941919162,156.241822505507,158.262009573784,48146807.6658308,302996.30518225,48.1468076658308
XMR,2024-11-05,158.262009573784,163.003343158467,157.151337634565,158.577444050206,61766914.2151264,386289.850547986,61.766914215126405
XMR,2024-11-06,158.577444050206,163.71646733147,157.689890406283,161.082570953811,60821685.0364124,376954.583859238,60.821685036412404
XMR,2024-11-07,161.082570953811,168.639006896956,160.672927227628,163.249029432755,61774427.308281,376417.089662892,61.774427308281
XMR,2024-11-08,163.249029432755,166.948196836323,163.169799191609,165.564624457556,52086798.3157673,316303.975088772,52.086798315767304
XMR,2024-11-09,165.564624457556,165.717666547278,161.642818640599,163.530884147848,40081607.1787646,245671.267422876,40.0816071787646
XMR,2024-11-10,163.530884147848,166.128961531102,161.89849463735,161.965654329268,52438830.1455717,319772.807899487,52.4388301455717
XMR,2024-11-11,161.965654329268,162.20256447554,156.085556736433,157.342930265571,70955113.1137028,445549.401811776,70.95511311370281
XMR,2024-11-12,157.342930265571,160.167750733274,150.723821843116,150.777490973683,76752254.4933656,492439.947350057,76.7522544933656
XMR,2024-11-13,150.777490973683,152.48031810388,145.394206761605,150.630068455127,71342173.6959738,476808.37345535,71.3421736959738
XMR,2024-11-14,150.630068455127,150.736268414321,143.817174212214,147.221979927135,51252367.4902737,349446.155878395,51.2523674902737
XMR,2024-11-15,147.221979927135,150.057425270508,140.584121423711,141.704250071092,51681673.9010752,354851.470349584,51.6816739010752
XMR,2024-11-16,141.704250071092,152.348612845585,141.628537537413,150.693092057018,45817413.7622438,310368.351078192,45.8174137622438
XMR,2024-11-17,150.693092057018,157.852869246191,147.05702543149,156.4730166184,48444705.0631437,319538.447623246,48.4447050631437
XMR,2024-11-18,156.4730166184,160.89165060206,152.790007787934,156.218000904218,62180610.326158,396704.328961584,62.180610326158
XMR,2024-11-19,156.218000904218,167.251102865381,154.751706635772,162.702134735135,78246258.4469229,489773.495400831,78.2462584469229
XMR,2024-11-20,162.702134735135,163.816091393496,158.366147340281,160.162273981826,58859999.0548088,366416.875676759,58.8599990548088
XMR,2024-11-21,160.162273981826,163.939764537523,159.228804909761,160.712205548873,76008211.1666061,471563.49069878,76.0082111666061
XMR,2024-11-22,160.712205548873,162.352102326452,157.191326911798,162.303898326625,61376053.3148899,384235.491839665,61.3760533148899
XMR,2024-11-23,162.303898326625,165.194949415141,159.577886969056,161.357437847975,68157312.2606502,419639.158481656,68.1573122606502
XMR,2024-11-24,161.357437847975,166.375141239363,157.807953011387,161.999211469758,58018181.9746041,357739.181671984,58.0181819746041
XMR,2024-11-25,161.999211469758,166.676564550867,155.72728745552,156.313697253232,93761373.0159914,575531.11552918,93.76137301599141
XMR,2024-11-26,156.313697253232,163.418481990045,151.609716927154,160.453627652813,89724781.7171167,576220.923443192,89.7247817171167
XMR,2024-11-27,160.453627652813,160.529051508675,149.741185604763,156.100440872378,86270796.8142492,553414.866322954,86.27079681424921
XMR,2024-11-28,156.100440872378,160.612530966408,155.46671482702,159.297286782364,64369028.1625052,406858.854680872,64.3690281625052
XMR,2024-11-29,159.297286782364,160.568527463158,155.440122426219,159.50857555597,79676026.1434748,505541.415512645,79.6760261434748
XMR,2024-11-30,159.50857555597,163.682634196812,158.080010425878,162.272508488429,52856328.5664208,330134.638580059,52.8563285664208
XMR,2024-12-01,162.272508488429,165.190601500774,161.248107597832,163.187574356944,69078542.4262658,422796.795876573,69.07854242626581
XMR,2024-12-02,163.187574356944,177.939143027928,160.574498126842,173.889521233705,121519880.795504,725674.47115676,121.51988079550401
XMR,2024-12-03,173.889521233705,214.389432959533,166.35685502487,203.169108726741,205963286.643582,1144624.04267208,205.963286643582
XMR,2024-12-04,203.169108726741,212.009353200759,187.904331144695,196.345132453612,186020167.055015,936065.452065647,186.020167055015
XMR,2024-12-05,196.345132453612,211.313146171347,185.396597152572,193.659966448133,151439544.113721,762359.75418409,151.439544113721
XMR,2024-12-06,193.659966448133,205.06798423371,193.596276520455,198.747476270918,88774759.8522595,444920.131728324,88.7747598522595
XMR,2024-12-07,198.747476270918,203.655126242393,193.881133469213,200.670701457592,73873987.0178306,369015.50786378,73.8739870178306
XMR,2024-12-08,200.670701457592,225.072691131058,196.385052640179,222.948326091287,99097834.3212325,479471.113870134,99.0978343212325
XMR,2024-12-09,222.948326091287,227.082047535583,160.546655968601,176.462921651405,138717854.367636,712271.061045647,138.717854367636
XMR,2024-12-10,176.462921651405,180.729362127115,166.042095082644,179.561872875422,120372745.110808,688881.818604841,120.372745110808
XMR,2024-12-11,179.561872875422,200.521123209058,175.6064121965,200.520872796588,97917308.1543261,517993.96278289,97.9173081543261
XMR,2024-12-12,200.520872796588,215.395388323678,194.783531212486,199.577374425205,113252477.243085,561732.743705437,113.252477243085
XMR,2024-12-13,199.577374425205,214.40730984974,198.649165270669,207.06336428074,124193022.340514,600653.398120387,124.193022340514
XMR,2024-12-14,207.06336428074,220.650886233193,203.016363971185,210.449029624755,95932396.7472214,454175.654716779,95.93239674722139
XMR,2024-12-15,210.449029624755,223.278832789756,206.449525351932,222.281633597866,95037099.9637814,442943.260273362,95.0370999637814
XMR,2024-12-16,222.281633597866,232.332628239522,207.665424977225,212.383447209828,128343122.895921,590257.907391183,128.343122895921
XMR,2024-12-17,212.383447209828,224.946158225582,208.711058464943,213.650350123782,108303035.193256,495527.965685874,108.30303519325601
XMR,2024-12-18,213.650350123782,224.464469213528,209.753659101414,212.661110968519,120426566.140336,552571.825128157,120.426566140336
XMR,2024-12-19,212.661110968519,215.694829650841,190.861133702005,194.305670694127,114664813.028743,557995.430241062,114.664813028743
XMR,2024-12-20,194.305670694127,202.088304931169,167.704408847868,197.084773325608,159676857.117672,865843.976885916,159.676857117672
XMR,2024-12-21,197.084773325608,197.522635568158,181.229972497106,183.907784609512,72252072.6086831,379709.635930739,72.2520726086831
XMR,2024-12-22,183.907784609512,199.127672870034,181.261772087484,190.083800148762,90011852.9342936,472052.135932681,90.0118529342936
XMR,2024-12-23,190.083800148762,193.824050116399,185.133173242337,190.989211421387,67858307.5644188,356766.187758638,67.8583075644188
XMR,2024-12-24,190.989211421387,193.475632235627,184.4770302617,190.464564189214,55599761.0359643,294194.994073499,55.599761035964306
XMR,2024-12-25,190.464564189214,199.670592222764,189.341123711638,190.844038418559,62498209.2076575,320850.830073599,62.4982092076575
XMR,2024-12-26,190.844038418559,194.291932809138,187.524032485009,189.084598228952,62750532.3878943,328527.521847331,62.7505323878943
XMR,2024-12-27,189.084598228952,196.034426644939,187.285535264779,192.829861760365,50900393.6239401,265354.844339099,50.900393623940104
XMR,2024-12-28,192.829861760365,200.932338517711,192.680181741359,196.862406793599,44773473.9202481,226682.971823916,44.7734739202481
XMR,2024-12-29,196.862406793599,198.504076900048,189.178598835604,192.835757154936,42836828.0123252,220702.388698123,42.8368280123252
XMR,2024-12-30,192.835757154936,196.931172483837,183.183562166686,190.70416405668,53859106.6161031,282147.710828584,53.8591066161031
XMR,2024-12-31,190.70416405668,197.28236581267,185.991769614357,193.36278472319,48510429.0164949,252678.734769691,48.5104290164949
XMR,2025-01-01,193.36278472319,196.720875116663,191.750852341619,195.528388068072,27740236.4492183,142734.033145828,27.740236449218298
XMR,2025-01-02,195.528388068072,197.466647370516,191.778327421978,197.131259495321,38484081.959417,197625.186892379,38.484081959417
XMR,2025-01-03,197.131259495321,206.558921568637,196.055097930053,200.953154647772,54571574.9615162,270826.48671916,54.5715749615162
XMR,2025-01-04,200.953154647772,202.091890576907,193.348373566034,194.392686321393,52119230.8897232,265346.792932044,52.1192308897232
XMR,2025-01-05,194.392686321393,198.810069475435,188.152298517654,196.720108579633,59111654.4617237,303042.066614948,59.1116544617237
XMR,2025-01-06,196.720108579633,206.055543390124,196.581243179303,203.962798516234,60177570.6445072,296565.499878152,60.1775706445072
XMR,2025-01-07,203.962798516234,205.665449322898,193.10686227179,194.009744527054,55317747.4380908,276120.692963851,55.3177474380908
XMR,2025-01-08,194.009744527054,201.732276909091,183.582992413901,201.063816120665,91483080.2186543,469641.468411647,91.48308021865431
XMR,2025-01-09,201.063816120665,201.063816120665,189.14113278256,190.742966961839,59064753.1927236,303865.629489685,59.0647531927236
XMR,2025-01-10,190.742966961839,200.500537587664,189.039625219568,199.534943387787,55563027.1432837,283631.780208072,55.563027143283705
XMR,2025-01-11,199.534943387787,199.645360586447,193.493140284465,198.374644891822,36235354.8101198,183998.525284481,36.2353548101198
XMR,2025-01-12,198.374644891822,208.696753217127,195.23695611044,199.898071899741,56541516.448874,281040.348635981,56.541516448874
XMR,2025-01-13,199.898071899741,204.19871605713,190.608924484085,202.223241812763,70202576.7178276,354119.722536155,70.2025767178276
XMR,2025-01-14,202.223241812763,209.776053837808,201.856190562212,205.625546315047,73635851.8915385,357477.773102417,73.63585189153851
XMR,2025-01-15,205.625546315047,210.240535976012,202.361182205139,208.393761606794,77862848.0599599,375744.668791384,77.8628480599599
XMR,2025-01-16,208.393761606794,221.925419301131,206.140402440294,221.533283151212,84824586.7080649,396331.362983138,84.8245867080649
XMR,2025-01-17,221.533283151212,235.687778509545,217.794152733689,230.176919320675,85722151.4432068,379951.930822322,85.7221514432068
XMR,2025-01-18,230.176919320675,232.536471713583,212.429600992297,217.61404341244,76836004.4459461,351013.441336259,76.8360044459461
XMR,2025-01-19,217.61404341244,223.813669539036,200.846305981856,204.45529600081,80383646.977402,377655.960116694,80.383646977402
XMR,2025-01-20,204.45529600081,214.12613828368,197.739144564908,207.745921347553,81888703.4410944,392868.82293961,81.88870344109439
XMR,2025-01-21,207.745921347553,219.430691530626,202.29720666144,215.767520085109,57283543.1608769,271934.177048829,57.2835431608769
XMR,2025-01-22,215.767520085109,223.798729740835,212.313890307043,223.118304404946,74022157.4854037,339355.707231131,74.0221574854037
XMR,2025-01-23,223.118304404946,226.827504547571,213.384046373647,221.530047694074,66548325.9155674,302695.969562793,66.5483259155674
XMR,2025-01-24,221.530047694074,222.665131152894,213.287038541301,220.414589802872,57680768.5197232,263980.916806851,57.6807685197232
XMR,2025-01-25,220.414589802872,222.95191015682,217.260792000495,220.910607420845,45380111.8719697,206349.849935617,45.3801118719697
XMR,2025-01-26,220.910607420845,226.032816411803,218.367775868813,219.204230987006,40701879.7437609,182923.483518805,40.7018797437609
XMR,2025-01-27,219.204230987006,224.30808215249,209.205063868262,214.374846530526,71438178.909799,331312.185736218,71.43817890979899
XMR,2025-01-28,214.374846530526,225.403064684567,212.29312897691,217.904983550077,53416304.2968542,242879.24912295,53.4163042968542
XMR,2025-01-29,217.904983550077,225.753519446951,216.356075085713,221.593760782471,65082762.0259632,293538.07849716,65.0827620259632
XMR,2025-01-30,221.593760782471,243.493470936291,221.46352370738,232.918312336124,94498862.470687,410283.867113393,94.498862470687
XMR,2025-01-31,232.918312336124,239.78262084477,230.924695021806,238.353134821921,66750367.4118705,283541.927130487,66.7503674118705
XMR,2025-02-01,238.353134821921,242.073310052722,232.006113259162,234.187995159946,69081249.3103384,291379.542975907,69.08124931033839
XMR,2025-02-02,234.187995159946,239.905894115779,216.830356684446,221.980342230147,82134763.6336978,361605.473242665,82.13476363369779
XMR,2025-02-03,221.980342230147,228.192718815817,194.299899480231,225.835485457975,99890763.3325353,474107.827573201,99.8907633325353
XMR,2025-02-04,225.835485457975,235.10232567484,215.716315246529,220.125216881732,83080776.5037906,366418.018005099,83.0807765037906
XMR,2025-02-05,220.125216881732,228.687868333214,217.45784501552,226.966395651486,57028536.1796566,255506.007618994,57.028536179656605
XMR,2025-02-06,226.966395651486,239.736199503397,220.92622240944,222.461042548394,70587263.1698623,308995.648272369,70.5872631698623
XMR,2025-02-07,222.461042548394,228.385336884671,194.444298648605,205.634351724719,72960064.9622659,340639.211371616,72.96006496226589
XMR,2025-02-08,205.634351724719,219.742747351283,204.879405888115,214.261976106519,49285696.0490079,232574.711531863,49.2856960490079
XMR,2025-02-09,214.261976106519,223.123850517278,213.620234061585,220.183823653936,47478844.9830368,217150.197914782,47.4788449830368
XMR,2025-02-10,220.183823653936,225.885014629881,219.120531250864,221.812201680909,67420660.2862411,302866.099350283,67.4206602862411
XMR,2025-02-11,221.812201680909,227.609492668838,218.92394365673,223.269987573285,62315731.9255333,279524.6742835,62.3157319255333
XMR,2025-02-12,223.269987573285,228.76131055154,219.473377711758,226.965614571872,61389791.4453988,274114.594386713,61.3897914453988
XMR,2025-02-13,226.965614571872,229.486058488057,221.986174798539,224.749146692894,55616062.7611748,245923.059462953,55.616062761174796
XMR,2025-02-14,224.749146692894,231.888755783204,224.72167678146,229.775461905482,43623308.6171366,191030.973376056,43.6233086171366
XMR,2025-02-15,229.775461905482,237.865515964801,228.823939317874,230.135393769878,54714889.6400494,233769.233867302,54.7148896400494
XMR,2025-02-16,230.135393769878,235.947130527781,227.512594894421,229.645004299062,72353487.9954914,312362.619994916,72.3534879954914
XMR,2025-02-17,229.645004299062,239.180968935541,229.187293557057,238.153965632265,67797383.8097762,288862.350884688,67.7973838097762
XMR,2025-02-18,238.153965632265,239.536154109256,229.235468635877,236.956942008854,60522957.0548443,258417.24121107,60.5229570548443
XMR,2025-02-19,236.956942008854,242.390518459604,233.382514504435,239.392129824249,64085304.6410845,268923.500605474,64.0853046410845
XMR,2025-02-20,239.392129824249,239.811617891839,227.751214272905,229.138117831843,76965782.6233142,331360.031152231,76.9657826233142
XMR,2025-02-21,229.138117831843,238.563118295788,227.217896600287,232.76905011583,89536938.1730629,382230.688215679,89.53693817306291
XMR,2025-02-22,232.76905011583,237.370963047441,230.325888307788,234.694372851519,47741426.6320568,204542.016343557,47.7414266320568
XMR,2025-02-23,234.694372851519,237.78622047141,231.949778911024,236.23378425262,47600777.4067176,202813.233667812,47.6007774067176
XMR,2025-02-24,236.23378425262,237.704932967449,226.902696319398,226.998330084724,56525165.6347034,241851.27800061,56.5251656347034
XMR,2025-02-25,226.998330084724,231.495357694561,212.912662863435,216.530820302972,62990584.2333845,285585.933777818,62.990584233384496
XMR,2025-02-26,216.530820302972,224.810529583842,210.638277579081,214.280258032062,49877501.9577673,229004.766978763,49.8775019577673
XMR,2025-02-27,214.280258032062,216.506669959166,206.917177618228,209.24455750341,43928594.9190535,206719.449572407,43.9285949190535
XMR,2025-02-28,209.24455750341,219.431488238705,205.789203585518,217.915615269632,83614543.7542665,394775.176525608,83.6145437542665
XMR,2025-03-01,217.915615269632,226.637713948505,216.498618369852,223.951794302512,56993348.2803885,257457.007309682,56.993348280388496
XMR,2025-03-02,223.951794302512,230.193333559492,222.330251106898,230.053695868743,56132740.8788026,247851.55979391,56.1327408788026
XMR,2025-03-03,230.053695868743,234.896379480749,215.010375368382,218.585943067907,77124865.4025118,335744.025950985,77.1248654025118
XMR,2025-03-04,218.585943067907,224.509040627223,211.363484500891,224.435077279104,65256070.130954,301180.564635233,65.256070130954
XMR,2025-03-05,224.435077279104,229.867298841501,222.921615116986,228.415374972866,68911771.3357388,303335.684199166,68.91177133573879
XMR,2025-03-06,228.415374972866,235.099188103676,224.424122839269,229.085017436849,66535875.0125469,289317.733909424,66.5358750125469
XMR,2025-03-07,229.085017436849,230.224955972388,215.708531047369,215.81928159513,75479271.2990797,339466.870675594,75.4792712990797
XMR,2025-03-08,215.81928159513,227.968038073341,213.809834295449,220.005807208088,39011377.0210764,177564.147490177,39.011377021076406
XMR,2025-03-09,220.005807208088,221.153313902588,209.77708014781,210.559119386987,37908879.5273731,175134.303226603,37.908879527373095
XMR,2025-03-10,210.559119386987,213.522535961746,197.195382220636,201.029106364567,70563420.1677347,342603.120401536,70.56342016773469
XMR,2025-03-11,201.029106364567,213.975653163118,196.694766030375,212.4560124966,62428864.555846,304172.497276274,62.428864555846
XMR,2025-03-12,212.4560124966,213.243017415217,204.506920083432,208.587892116684,60044871.8796228,288672.481891683,60.044871879622804
XMR,2025-03-13,208.587892116684,211.07761426077,205.051743145084,206.939585332145,46969318.2831876,225783.212028803,46.9693182831876
XMR,2025-03-14,206.939585332145,211.081240952262,205.80179347688,209.926076757345,56851403.8627659,273181.93789093,56.8514038627659
XMR,2025-03-15,209.926076757345,213.1020755731,207.896732347202,212.891370265018,32898860.3819219,156461.760106628,32.8988603819219
XMR,2025-03-16,212.891370265018,214.531384747699,208.145443391944,208.676723255356,41436320.183013,196146.980945742,41.436320183013
XMR,2025-03-17,208.676723255356,212.423219013191,208.4441905513,212.099581271903,49894021.9163584,236466.096565525,49.8940219163584
XMR,2025-03-18,212.099581271903,212.397594756768,205.102651565423,208.679148515023,51235184.7192601,245288.374340723,51.2351847192601
XMR,2025-03-19,208.679148515023,210.796530576416,204.512497593754,207.298564828584,59827610.5004301,287944.886518039,59.8276105004301
XMR,2025-03-20,207.298564828584,211.361864471198,206.975950736151,210.333594163885,76293185.9239313,363072.234648378,76.2931859239313
XMR,2025-03-21,210.333594163885,214.246753844915,206.455794941957,213.345455639302,47848472.6795761,227208.427999037,47.8484726795761
XMR,2025-03-22,213.345455639302,217.469956374544,213.07664794001,214.516635618869,39789316.7626543,185193.152864291,39.789316762654295
XMR,2025-03-23,214.516635618869,218.286824042521,214.516068790973,216.914934878836,35960829.7829365,166548.10665873,35.9608297829365
XMR,2025-03-24,216.914934878836,222.215614941859,216.61721547303,219.344231867452,48337741.4750895,220144.324060821,48.3377414750895
XMR,2025-03-25,219.344231867452,225.549664313309,218.547733037168,219.825250245046,77558408.5110488,349160.889657074,77.5584085110488
XMR,2025-03-26,219.825250245046,229.592212102702,219.800829248416,222.878136796444,66935620.1360979,298092.737199508,66.9356201360979
XMR,2025-03-27,222.878136796444,225.252512641288,220.713943330386,224.933883803946,55457416.2008113,248199.08303431,55.457416200811295
XMR,2025-03-28,224.933883803946,226.394862745285,215.272126517842,217.700907084743,58616064.9879308,266403.030817851,58.6160649879308
XMR,2025-03-29,217.700907084743,220.058437041496,213.039767546646,215.209630152981,39598039.9614185,183075.664388825,39.5980399614185
XMR,2025-03-30,215.209630152981,219.300995410347,215.204904885875,218.047148754913,40681004.8138138,187425.938167486,40.6810048138138
XMR,2025-03-31,218.047148754913,218.643006780716,213.82194188233,215.132014455679,61484309.9433022,284380.488216207,61.4843099433022
XMR,2025-04-01,215.132014455679,220.052354668337,214.934861601641,216.700962151253,62498328.6757848,285278.0456532,62.4983286757848
XMR,2025-04-02,216.700962151253,222.456542425265,213.149188994268,214.564779038196,88130642.4250118,404947.905330614,88.1306424250118
XMR,2025-04-03,214.564779038196,217.757877604275,207.267326418027,215.074999633881,76787245.4665599,360288.206764203,76.7872454665599
XMR,2025-04-04,215.074999633881,218.873437269749,212.67395899656,214.95517799064,75012845.524333,339755.12493742,75.012845524333
XMR,2025-04-05,214.95517799064,219.175468654585,210.739313570992,213.319981608901,51780363.7652567,239388.2678263,51.7803637652567
XMR,2025-04-06,213.319981608901,216.084265712752,196.168079982351,199.164557291901,63560977.0664027,306976.199377888,63.56097706640271
XMR,2025-04-07,199.164557291901,205.035238720726,185.615491023452,203.787130146269,105663802.21775,535971.797281492,105.66380221775
XMR,2025-04-08,203.787130146269,208.273869591399,194.535473312737,194.612052195093,74503789.1769936,367405.440337079,74.50378917699359
XMR,2025-04-09,194.612052195093,205.932034464751,192.368616005346,202.973208020126,84045236.0957709,424257.201145776,84.04523609577089
XMR,2025-04-10,202.973208020126,205.209694616386,198.40766271885,200.983390818956,56894699.9992468,281557.40564757,56.8946999992468
XMR,2025-04-11,200.983390818956,206.926355552552,200.141471798701,206.815225800549,61844483.916877,302318.647925804,61.844483916877
XMR,2025-04-12,206.815225800549,210.189268277628,204.694773961495,207.608545459422,55811816.4744063,268628.870534243,55.8118164744063
XMR,2025-04-13,207.608545459422,213.220447572681,200.949857545716,203.401821985378,59962985.7137531,289541.961232555,59.9629857137531
XMR,2025-04-14,203.401821985378,217.642308198081,203.394832032231,214.954679599053,67510848.6212933,319482.584187727,67.5108486212933
XMR,2025-04-15,214.954679599053,217.259372656746,210.718314170066,215.748264329791,66951766.2086041,311170.56288582,66.9517662086041
XMR,2025-04-16,215.748264329791,220.608834635633,215.026741935127,218.897946192268,93612522.6170831,429047.338441179,93.6125226170831
XMR,2025-04-17,218.897946192268,219.98246602903,215.294241706172,216.892863340682,87276285.0188909,400101.398809651,87.2762850188909
XMR,2025-04-18,216.892863340682,219.740244255572,214.741227853932,215.427471632164,59670533.7532144,274563.791624994,59.6705337532144
XMR,2025-04-19,215.427471632164,216.791904421231,210.30243138112,216.590338861446,59895546.7161179,279849.431714297,59.895546716117906
XMR,2025-04-20,216.590338861446,219.873240175824,213.005608661732,214.280375743883,55460772.498,255869.562125976,55.460772498000004
XMR,2025-04-21,214.280375743883,217.005823002361,212.864379523818,215.622838222025,79810840.8558842,370793.233621098,79.8108408558842
XMR,2025-04-22,215.622838222025,227.143747097542,214.805265602786,227.100635367031,76104071.4706337,346676.170083968,76.1040714706337
XMR,2025-04-23,227.100635367031,230.738816087511,224.980873517364,230.211168817963,92537113.4515072,405980.898169169,92.5371134515072
XMR,2025-04-24,230.211168817963,230.708506976223,221.534219367245,227.564680944062,70977306.2854744,307786.407652054,70.9773062854744
XMR,2025-04-25,227.564680944062,230.963983592978,226.837657552051,227.881282674891,65746561.3509506,284711.145020833,65.7465613509506
XMR,2025-04-26,227.881282674891,230.644691726328,227.194287059948,230.452775658667,55015142.7572845,237837.002371619,55.0151427572845
XMR,2025-04-27,230.452775658667,235.954112504988,227.401452928798,235.622624001283,54821729.4819501,237134.405434705,54.82172948195009
XMR,2025-04-28,235.622624001283,371.364966032282,234.313742558953,258.937067306645,447673944.564461,1599491.8922554,447.673944564461
XMR,2025-04-29,258.937067306645,279.920310278935,258.425819762036,270.120214219269,143487163.459361,526655.35963758,143.487163459361
XMR,2025-04-30,270.120214219269,282.165601561829,266.439948796882,279.442174151369,117990092.226145,429230.525095988,117.990092226145
XMR,2025-05-01,279.442174151369,289.213180332771,270.024495005556,271.127273165221,111514411.700713,400320.639630097,111.514411700713
XMR,2025-05-02,271.127273165221,292.35275480616,270.3509410869,282.03724990018,132046962.761838,463407.467489995,132.04696276183802
XMR,2025-05-03,282.03724990018,286.118626753349,270.502397348885,278.129630136858,104015416.743651,372496.922017813,104.015416743651
XMR,2025-05-04,278.129630136858,280.763826861922,265.257171695766,280.760462789819,106509188.48425,387156.527427573,106.50918848424999
XMR,2025-05-05,280.760462789819,282.926707672013,269.798412853549,282.689686421679,138765432.969273,502155.714098733,138.765432969273
XMR,2025-05-06,282.689686421679,290.48285222445,273.414639972209,287.070028502206,116600247.634304,410669.045183456,116.600247634304
XMR,2025-05-07,287.070028502206,290.58197757209,277.51785998607,282.973796691117,98359585.6895811,346282.564083467,98.3595856895811
XMR,2025-05-08,282.973796691117,300.228148711224,280.276864339553,299.067548785433,133624925.746049,455694.272525533,133.624925746049
XMR,2025-05-09,299.067548785433,317.302256813147,295.778863247383,317.198317590002,120728902.836252,393977.496203292,120.728902836252
XMR,2025-05-10,317.198317590002,332.635702187537,309.39838362159,324.98744526756,122751324.673741,383384.777923859,122.751324673741
XMR,2025-05-11,324.98744526756,341.765869394726,317.524373862211,331.816386887498,120202537.828098,361988.3625638,120.202537828098
XMR,2025-05-12,331.816386887498,351.33713232085,330.025770440682,337.060701091719,158673784.07833,468264.676908347,158.67378407833002
XMR,2025-05-13,337.060701091719,345.882243015471,331.764444134558,341.769240206603,161470435.73579,475673.634589602,161.47043573579
XMR,2025-05-14,341.769240206603,349.471338698468,336.956924654301,340.160131293279,120957339.873339,353188.668254943,120.957339873339
XMR,2025-05-15,340.160131293279,349.341016129089,331.962362120815,335.571663132435,124544705.653387,362142.237611463,124.544705653387
XMR,2025-05-16,335.571663132435,343.506950473923,331.809459006576,334.092352810715,105191754.439106,310003.490212109,105.191754439106
XMR,2025-05-17,334.092352810715,340.453733292455,332.430110932117,337.029518892346,73071272.6310479,217262.914197817,73.0712726310479
XMR,2025-05-18,337.029518892346,345.206915144489,335.550640971831,337.51745220838,78899362.5495904,231478.125386857,78.89936254959039
XMR,2025-05-19,337.51745220838,346.231505944918,336.142047952093,342.668528268213,98079387.0263603,285897.415589388,98.07938702636031
XMR,2025-05-20,342.668528268213,356.55218197424,342.509628217418,352.078067633785,94285457.3715286,270886.420401901,94.2854573715286
XMR,2025-05-21,352.078067633785,401.960556764829,349.400619338481,395.604556546866,183840568.544074,489617.616781444,183.840568544074
XMR,2025-05-22,395.604556546866,410.304030059073,384.074067352455,386.285122179126,177398827.590102,442878.862408195,177.39882759010197
XMR,2025-05-23,386.285122179126,402.780985786546,376.834756795912,391.503077797481,157800286.160794,400870.139212662,157.800286160794
XMR,2025-05-24,391.503077797481,406.717392343366,384.463684519162,402.900373853773,109100230.967017,273610.119618919,109.100230967017
XMR,2025-05-25,402.900373853773,418.150121066617,394.834041761014,418.027841916526,115366847.021239,283079.839318319,115.366847021239
XMR,2025-05-26,418.027841916526,420.463632978467,394.221827918874,402.437807588448,129853038.316705,315839.798627854,129.853038316705
XMR,2025-05-27,402.437807588448,404.526898770313,370.309771058926,371.743565566092,106752120.489516,275059.445808598,106.752120489516
XMR,2025-05-28,371.743565566092,371.743610549304,321.232744674414,347.092992236557,180158680.930948,523083.948516265,180.15868093094798
XMR,2025-05-29,347.092992236557,351.59136650693,333.305552285376,338.50664047348,107045956.110078,312269.939874882,107.04595611007801
XMR,2025-05-30,338.50664047348,341.724148795872,325.253392533356,325.331428825633,92756632.6802673,277497.601527699,92.7566326802673
XMR,2025-05-31,325.331428825633,330.538937511193,314.09761626811,325.160139749037,78840867.1575555,243242.855015218,78.84086715755551
XMR,2025-06-01,325.160139749037,349.579135938062,320.63753560737,347.93543576447,76946557.4838218,227514.369636747,76.94655748382179
XMR,2025-06-02,347.93543576447,368.882996205413,341.467057317221,358.304912997966,111184932.078317,312832.015531804,111.184932078317
XMR,2025-06-03,358.304912997966,371.202160088723,341.401330049761,344.072714656381,94111610.8751543,266165.044428807,94.1116108751543
XMR,2025-06-04,344.072714656381,352.92735084727,301.937687500691,313.778784175944,100695479.119196,303551.179236714,100.695479119196
XMR,2025-06-05,313.778784175944,338.816270681644,309.965663471003,317.082344229634,114637160.348047,354427.412097322,114.637160348047
XMR,2025-06-06,317.082344229634,339.682636725954,315.00545220394,323.154561955811,95624753.1919924,291469.732550688,95.6247531919924
XMR,2025-06-07,323.154561955811,330.535660695226,320.238190234945,327.883196254034,70774319.0837036,215626.429879899,70.7743190837036
XMR,2025-06-08,327.883196254034,336.861525311369,323.922009416608,327.217617511758,70007237.6462531,212204.919315727,70.00723764625309
XMR,2025-06-09,327.217617511758,335.556860637733,324.562962967533,333.292617177849,90853991.7120876,275590.263162867,90.8539917120876
XMR,2025-06-10,333.292617177849,342.240796124354,328.683431669239,338.242900906971,97057363.1976193,290643.317368588,97.05736319761931
XMR,2025-06-11,338.242900906971,345.048660948503,325.117674752363,330.64940721635,105377667.566391,314368.961734491,105.37766756639101
XMR,2025-06-12,330.64940721635,331.903533566763,314.824357709231,318.595418744347,93242499.5803722,287147.812873403,93.2424995803722
XMR,2025-06-13,318.595418744347,323.054406614995,300.465592093071,312.927851884945,103646378.616743,331036.735298729,103.646378616743
XMR,2025-06-14,312.927851884945,319.111490841191,307.001510650511,312.717386249492,66086324.1588452,210546.653724696,66.0863241588452
XMR,2025-06-15,312.717386249492,319.66206375549,311.051243465022,314.905454506522,63449652.8740043,199948.843169714,63.4496528740043
XMR,2025-06-16,314.905454506522,332.475854248448,313.985274023175,321.759858340951,112769261.016929,350747.757519133,112.769261016929
XMR,2025-06-17,321.759858340951,330.26784369031,316.651055095308,319.775827719646,105075052.631978,322442.133365171,105.07505263197801
XMR,2025-06-18,319.775827719646,332.006655761225,314.215227864131,315.938983207405,97617102.6119464,302806.386445606,97.61710261194641
XMR,2025-06-19,315.938983207405,323.586766332805,303.210956515438,310.808110172168,88858639.6620685,281498.761348904,88.8586396620685
XMR,2025-06-20,310.808110172168,319.312441610937,304.05448501097,310.572486630653,74292859.4154124,238089.121683635,74.2928594154124
XMR,2025-06-21,310.572486630653,317.823669321054,305.787411714486,309.092262773293,63551205.5420954,202413.738410039,63.5512055420954
XMR,2025-06-22,309.092262773293,314.043603014649,289.282450676232,298.819398593213,72555195.1077059,239094.455778029,72.55519510770591
XMR,2025-06-23,298.819398593213,312.935446506738,292.402088365446,312.096467428177,84273618.7842146,277975.013140006,84.2736187842146
XMR,2025-06-24,312.096467428177,319.548837753605,305.936245572258,314.47376182617,92043112.3715717,291740.149724076,92.04311237157171
XMR,2025-06-25,314.47376182617,322.035833433578,310.174919496484,311.623834480356,95083551.5489853,296418.358406378,95.0835515489853
XMR,2025-06-26,311.623834480356,319.756598300696,308.816797367186,311.661539743146,91375327.6113795,290428.791552599,91.3753276113795
XMR,2025-06-27,311.661539743146,312.721031586827,302.113634391574,307.942215970629,82949206.5521094,268941.173088442,82.9492065521094
XMR,2025-06-28,307.942215970629,316.209759349832,303.816987393459,310.666937708942,100645966.601369,325001.612248605,100.645966601369
XMR,2025-06-29,310.666937708942,323.521140353011,306.29471175489,313.758407556185,97966634.6582152,310985.449378808,97.9666346582152
XMR,2025-06-30,313.758407556185,327.27002555164,311.340743543746,325.510575953301,99698991.3722271,314448.503181464,99.6989913722271
XMR,2025-07-01,325.510575953301,325.849939668114,309.839945407724,310.750933417537,110021332.056851,346528.52848884,110.021332056851
XMR,2025-07-02,310.750933417537,326.772310840149,310.002325371591,321.72354825021,123795637.0075,386190.742890878,123.79563700749999
XMR,2025-07-03,321.72354825021,337.566766833595,315.236441531736,320.275627510214,134981020.679216,416285.658119669,134.981020679216
XMR,2025-07-04,320.275627510214,323.517886163267,312.049188525987,313.212083733695,81358289.897986,254953.192147739,81.358289897986
XMR,2025-07-05,313.212083733695,317.25725826407,311.33100007985,316.428364108467,55386126.940218,175981.454734477,55.386126940218
XMR,2025-07-06,316.428364108467,322.003206836999,312.558429150891,319.308958089651,71345366.2673916,225261.900199009,71.34536626739161
XMR,2025-07-07,319.308958089651,326.013495066278,313.61080453917,315.790366473831,112493985.038566,352465.483735333,112.493985038566
XMR,2025-07-08,315.790366473831,320.238725008408,309.714281961779,317.096288508392,121643651.116728,385682.304311837,121.643651116728
XMR,2025-07-09,317.096288508392,327.169905018865,314.049289728363,325.764934301641,124685257.997216,385619.761879275,124.685257997216
XMR,2025-07-10,325.764934301641,329.304406752508,320.849160472414,325.659453030048,137143266.604631,420942.553908561,137.143266604631
XMR,2025-07-11,325.659453030048,331.5751707585,322.867063597638,330.11703678382,153168297.859804,467092.338000395,153.168297859804
XMR,2025-07-12,330.11703678382,335.23881253627,325.334477590788,332.378762087746,102628385.607246,310225.303966007,102.628385607246
XMR,2025-07-13,332.378762087746,341.48443880694,329.711041201123,336.240618276596,98809925.6380021,292229.359795279,98.8099256380021
XMR,2025-07-14,336.240618276596,357.070775167864,336.07358353317,344.220557311318,165735817.437909,478094.914209055,165.73581743790902
XMR,2025-07-15,344.220557311318,345.330519106939,331.686459727918,334.059149999423,142914835.658575,425036.327806125,142.914835658575
XMR,2025-07-16,334.059149999423,338.007408722883,325.630965938177,331.208028790727,122843454.523127,369277.293607837,122.84345452312701
XMR,2025-07-17,331.208028790727,345.208933721965,329.999971921571,337.327449339661,139934274.444757,413547.577687516,139.93427444475702
XMR,2025-07-18,337.327449339661,340.585441810169,317.69166295294,321.682416597533,142562711.819586,427603.340734045,142.562711819586
XMR,2025-07-19,321.682416597533,328.446344406297,317.700112495677,322.770870112936,85530452.6395984,262586.219773312,85.5304526395984
XMR,2025-07-20,322.770870112936,329.334273126249,322.067664482643,325.220469892598,85403470.1338224,255547.540871661,85.4034701338224
XMR,2025-07-21,325.220469892598,332.506205113492,312.264733955514,319.843952457313,136602274.560119,411312.185634351,136.602274560119
XMR,2025-07-22,319.843952457313,326.40313922542,315.171817452249,325.627615523849,152548470.864944,474258.860969479,152.54847086494402
XMR,2025-07-23,325.627615523849,328.610956797438,308.177820151098,314.331913580084,146363860.094689,446448.118264494,146.36386009468902
XMR,2025-07-24,314.331913580084,328.448538454256,309.864577206424,326.696856648626,205467382.747452,630434.031801062,205.46738274745198
XMR,2025-07-25,326.696856648626,338.194101756435,318.390201759479,322.015445643206,231943694.207398,704387.918274314,231.943694207398
XMR,2025-07-26,322.015445643206,329.086243046615,319.652597869005,321.417103055152,125854179.637934,382600.714860446,125.854179637934
XMR,2025-07-27,321.417103055152,329.018742998636,321.176772293926,325.335658994746,157699974.176316,473699.108766917,157.699974176316
XMR,2025-07-28,325.335658994746,331.452726067746,314.763853746103,314.924801875375,172263224.427042,518901.41733686,172.26322442704202
XMR,2025-07-29,314.924801875375,324.77325902313,312.353041378816,314.000026867801,160176585.060019,492640.055043082,160.176585060019
XMR,2025-07-30,314.000026867801,317.861136572465,303.164639314094,308.832231751309,150774713.039872,471568.318488005,150.77471303987198
XMR,2025-07-31,308.832231751309,317.798269526862,302.77900963159,306.388383344685,148107280.521439,470337.688284799,148.10728052143898
XMR,2025-08-01,306.388383344685,308.170766035833,295.705131270867,296.979896525667,149173298.870354,486357.756123163,149.173298870354
XMR,2025-08-02,296.979896525667,298.850825279446,289.42701831105,295.28784237609,124073386.43688,415006.686521999,124.07338643688001
XMR,2025-08-03,295.28784237609,304.814480843563,293.808113437088,303.972770906276,106185059.301321,349320.317272007,106.185059301321
XMR,2025-08-04,303.972770906276,314.625950108491,303.917577302984,311.487785786917,47834968.1843881,151959.564652606,47.8349681843881
